Price,Close,High,Low,Open,Volume
Ticker,ONGC.NS,ONGC.NS,ONGC.NS,ONGC.NS,ONGC.NS
Date,,,,,
2005-01-03,37.63968276977539,37.7709803883002,37.00582683756382,37.352182829832316,11105019
2005-01-04,37.46990203857422,37.9407660123835,37.39519725456621,37.80493884974955,6251778
2005-01-05,36.10712814331055,37.39294629484075,35.774351302674944,37.39294629484075,15491043
2005-01-06,35.55929183959961,36.22031285067952,35.360082114779786,36.22031285067952,11789010
2005-01-07,35.83318328857422,36.444400644390804,35.58643375270325,35.58643375270325,9977913
2005-01-10,35.49363327026367,36.297270926489915,35.319325197448464,36.07542287526435,8410320
2005-01-11,35.319332122802734,36.03920915387793,35.22425214733891,35.42799139897367,8546634
2005-01-12,35.1608772277832,35.66569907684695,34.90733469451488,35.31481332172251,12030345
2005-01-13,35.60456085205078,36.12975453399201,35.13369680059668,35.2016088387056,14566563
2005-01-14,35.28763198852539,36.4421552618538,35.088422311863475,35.767552003272904,10067490
2005-01-17,35.409881591796875,36.165979397281255,34.5111638269998,35.31480161892174,9482427
2005-01-18,35.063514709472656,35.9939234398196,34.862038742083065,35.67699547574831,8148546
2005-01-19,34.868839263916016,35.260472131878025,34.77828883291677,35.260472131878025,4042800
2005-01-20,35.44156265258789,36.31085213240121,34.635661875673826,36.31085213240121,8660511
2005-01-24,35.28083419799805,35.722266996584466,35.088414214981114,35.49589255756122,6733377
2005-01-25,35.464202880859375,35.62266531993356,35.04314207864156,35.04314207864156,14369922
2005-01-27,35.72453308105469,36.16823223997394,35.54116905569525,35.722269864980944,19543752
2005-01-28,36.05052947998047,36.35613836704041,35.67700854317866,35.767558979105935,14494302
2005-01-31,37.06242752075195,37.37708920222985,36.446680346966,36.67305793866946,34809057
2005-02-01,37.225425720214844,37.62385137616324,36.95603762435891,37.35672649720439,22987359
2005-02-02,37.14392852783203,37.537824612208574,37.035266145432146,37.17109334622846,11241819
2005-02-03,37.755130767822266,37.85020759317595,37.171078085639444,37.216354836921234,11001348
2005-02-04,37.4427375793457,38.02679039119085,37.238998370972446,37.80494234357238,9357327
2005-02-07,37.22090148925781,37.80042494585828,37.14167024028419,37.57405039290717,7730334
2005-02-08,37.10996627807617,37.35218950523025,36.89943740760355,37.13034144371524,10386639
2005-02-09,37.302398681640625,37.63970198191119,37.150725823700924,37.150725823700924,13901094
2005-02-10,37.05789566040039,37.43368281217111,36.86321243594816,37.31596448221073,8723385
2005-02-11,37.164306640625,37.306923502913094,36.98999541515376,37.12582262671188,12456144
2005-02-14,37.288814544677734,37.72572425189916,37.080548831201924,37.12582560829563,11410983
2005-02-15,37.12128829956055,37.524240339664516,37.001309839465094,37.524240339664516,13729860
2005-02-16,36.48063278198242,37.37029429159278,36.265574411025185,37.30690869919289,5671701
2005-02-17,36.63683319091797,36.95602437936976,36.22935481342093,36.491953164470715,11487177
2005-02-18,36.498756408691406,37.12129339607805,36.40367953597171,36.808894848327455,10123812
2005-02-21,36.68890380859375,37.293331795979,36.4602629990217,37.293331795979,8166663
2005-02-22,36.67078399658203,36.845092017630996,36.54627604668082,36.7183239608739,7632414
2005-02-23,36.87000274658203,37.16429546795407,36.718333062250316,36.799827499396926,16458588
2005-02-24,36.949241638183594,37.25258415311216,36.82473364204843,36.89943843972953,16393329
2005-02-25,38.15131378173828,38.37995467940856,37.57857992895366,37.98605851024209,28384956
2005-02-28,38.606319427490234,38.753462694323765,37.45405934743743,38.25769704590709,20793096
2005-03-01,39.242435455322266,39.389578710014455,38.133189014787376,38.71044906100486,22848876
2005-03-02,38.79195022583008,39.389585539755096,38.64480694562479,39.095295870530414,17243163
2005-03-03,40.286048889160156,40.401500943710026,38.93684192676915,38.93684192676915,39474765
2005-03-04,40.40601348876953,40.92894393463959,40.2045374896497,40.401487056003226,22066380
2005-03-07,40.89497375488281,41.336406479616066,40.566726676318325,40.65727705854085,18105993
2005-03-08,40.89724349975586,41.24586268241125,40.385632359552794,40.97421149237379,16246413
2005-03-09,41.34321594238281,41.62618638978238,40.53278549708718,41.01949516402465,16816869
2005-03-10,42.162696838378906,42.55885606380969,40.906304020254794,41.38169757782262,21191535
2005-03-11,41.25040054321289,42.32795584723005,41.119102897972056,41.879730171395934,12971763
2005-03-14,41.225502014160156,42.015560487384796,41.177965137641465,41.494893191836624,10591047
2005-03-15,41.338687896728516,41.65335271194849,41.02855262334217,41.20060060148719,8474742
2005-03-16,41.16211700439453,45.27538901017095,40.86103768012318,45.27538901017095,13098681
2005-03-17,41.30926513671875,41.62619320889772,40.838401016454895,41.200605859865554,16032330
2005-03-18,41.24587631225586,41.743905212973104,41.09194027615129,41.26172193742802,15405408
2005-03-21,40.9832878112793,41.64883842643676,40.763702895939986,41.42698718511267,10408473
2005-03-22,40.526004791259766,41.18475946667906,40.38565114480011,41.01950421638876,8614755
2005-03-23,39.0092658996582,40.52146434935902,38.80779301509115,40.52146434935902,17664075
2005-03-24,38.52256774902344,39.163216707836085,38.316565261546735,39.00927753766248,17626446
2005-03-28,39.022850036621094,39.382791602846105,38.53161393876844,38.53161393876844,12833847
2005-03-29,37.72119140625,39.02738776173834,37.49255054133756,39.02738776173834,13853466
2005-03-30,38.92099380493164,39.276405951664835,37.850230930338206,37.850230930338206,21988467
2005-03-31,40.082298278808594,40.71162480371336,39.072655005032715,39.20848219328569,19876122
2005-04-01,39.885345458984375,40.22943828028933,38.5293493384315,40.22943828028933,11902122
2005-04-04,40.42863845825195,40.64596000877233,39.34655713691475,39.97814973897213,15940683
2005-04-05,41.297943115234375,41.42697755206656,40.38564608202019,40.435446174624026,23608917
2005-04-06,41.45187759399414,41.65335360873305,40.61654861096274,41.302471104172874,11842983
2005-04-07,40.553157806396484,41.78011947006454,40.34715227612587,41.46092825585682,8538210
2005-04-08,40.116249084472656,40.747841877093045,39.84233462524804,40.747841877093045,6271020
2005-04-11,39.65897750854492,40.349429644170506,39.43486618679021,40.349429644170506,4764105
2005-04-12,40.009857177734375,40.37658841425197,39.52541070135124,39.52541070135124,4577877
2005-04-13,39.794803619384766,40.24529257615107,39.54805391793833,40.027970911064166,5031990
2005-04-15,38.508995056152344,39.79481662343334,38.23508044566272,39.79481662343334,13416165
2005-04-18,37.623844146728516,39.38958200355761,37.3567193190978,39.38958200355761,8842905
2005-04-19,38.05622100830078,38.739877089850495,37.89096580579912,37.98151621841206,16500474
2005-04-20,38.7353515625,42.468306166202716,38.34824830637257,38.48407237405923,9659448
2005-04-21,38.5565185546875,39.3895843349865,36.50554379950731,38.257699352457614,6364485
2005-04-22,38.850807189941406,39.28545046461439,38.44332873133374,39.25375921547616,8188866
2005-04-25,38.9843635559082,39.29902833851923,38.441061079657494,38.84627627497697,8508222
2005-04-26,38.269020080566406,39.027384199566555,38.12866644901562,39.027384199566555,5628996
2005-04-27,37.64422607421875,38.47955834951404,37.510665179789925,38.25770711939837,5354577
2005-04-28,37.88643264770508,38.710445365278105,37.352183088120064,37.80493821677717,14896908
2005-04-29,36.72738265991211,38.11280972985181,36.50553463931732,38.11280972985181,8966412
2005-05-02,37.447265625,38.03131841351616,36.94923681429313,38.03131841351616,4462173
2005-05-03,37.37709426879883,37.71439748574583,37.17788457249981,37.53329663135979,6217749
2005-05-04,37.814002990722656,37.895497440617746,37.21636769838338,37.478962998365766,4880952
2005-05-05,38.807804107666016,38.93683856284951,38.03133105078493,38.07660471654018,10458801
2005-05-06,39.02963638305664,39.29902437775631,38.63574041762632,38.859854764941474,7666137
2005-05-09,39.459747314453125,40.643698252251056,38.98662020423923,39.61594650444443,5323338
2005-05-10,39.78573989868164,40.33810148440096,39.22206223103782,39.52540783814372,13642551
2005-05-11,39.627288818359375,39.88762095360837,39.30130473622492,39.751796843397855,6981858
2005-05-12,40.05060577392578,40.23170662743208,39.217539982508356,39.61596248198504,5602041
2005-05-13,39.8491325378418,40.06872052459756,39.29903718018865,39.75179245440733,8192034
2005-05-16,40.2769775390625,40.43091355304242,39.837804768909386,39.837804768909386,6800274
2005-05-17,39.591060638427734,40.52146960957993,39.29903419269553,40.295091989679705,7773192
2005-05-18,39.0341682434082,39.29902984284618,38.57462340463545,39.16320577299108,11666286
2005-05-19,38.721778869628906,39.163214972385035,38.48408202832724,38.98211098868097,4750668
2005-05-20,38.4070930480957,38.83268329160177,38.25768350885553,38.71043855789386,4176630
2005-05-23,39.32167053222656,39.84233778740347,38.438801591090346,38.66517609040798,3776832
2005-05-24,39.51408767700195,39.842334873907966,39.007002866688715,39.75178445903969,5771394
2005-05-25,39.98720932006836,40.154727719572584,39.299023776324226,39.38957417852075,7302951
2005-05-26,40.9923210144043,41.40885533315168,39.31486765985182,39.85364672600962,20716281
2005-05-27,40.82028579711914,42.07441237151941,40.56674337897931,41.20059942432888,17307468
2005-05-30,41.27304458618164,41.65335827505107,40.7478508243776,40.7478508243776,9937575
2005-05-31,41.77785110473633,42.058558281340886,41.12362002544679,41.2005911307866,8061687
2005-06-01,42.09931945800781,42.33248674090824,40.88820316462986,41.714479347740834,11107746
2005-06-02,41.84577178955078,42.092524559756306,41.56959098776277,41.97027978288258,12818340
2005-06-03,42.44341278076172,42.536226429773734,41.789184586521735,41.789184586521735,7501941
2005-06-06,42.377750396728516,42.51357755606603,41.78917122095467,41.9702720275292,5957001
2005-06-07,42.253257751464844,42.463789769356325,41.888792790086164,41.888792790086164,5945859
2005-06-08,41.73710250854492,42.368692080586314,41.47676739328009,42.33247129951192,5284971
2005-06-09,41.2322883605957,42.327952416639576,40.99685790484404,41.51752201060514,5967342
2005-06-10,40.9085807800293,45.27539245644301,40.779543221160466,45.27539245644301,9254664
2005-06-13,41.551475524902344,41.653345119790096,40.802167576690366,41.02175238796071,8565795
2005-06-14,42.07893371582031,42.332476103299356,41.57185204967565,41.69862324341517,8564355
2005-06-15,42.39134979248047,42.51359459576199,41.8254087678993,42.33249060778668,5686011
2005-06-16,41.96577453613281,42.51360687454872,41.698649574134464,42.16272109961908,7422651
2005-06-17,41.60808563232422,42.5000106951747,41.11231989455373,42.5000106951747,8291772
2005-06-20,41.75295639038086,42.06082842721194,41.2979379842218,41.65334999992052,7141653
2005-06-21,42.814674377441406,43.01162399481504,42.0608397065611,42.332491027998856,10879713
2005-06-22,43.407772064208984,43.858260932638565,42.83277520665118,43.02293201491601,12205440
2005-06-23,43.26288986206055,43.68621703441226,42.96633700682222,43.645469812204624,8546202
2005-06-24,43.84921646118164,44.324607018441036,42.86673787599696,42.86673787599696,17278677
2005-06-27,44.781883239746094,45.139558499431814,43.73602227676456,44.36534880602055,17642988
2005-06-28,44.25215530395508,45.0490032958088,43.47794569270006,43.47794569270006,12095838
2005-06-29,45.04899978637695,45.25273897826629,43.73601422851387,44.14349261229253,12614301
2005-06-30,46.51820755004883,46.80570764217548,44.86792114551805,44.86792114551805,25198974
2005-07-01,44.5147590637207,46.40726822145658,44.27932547288218,46.40726822145658,13703949
2005-07-04,44.74113082885742,45.24821251817387,44.46495004941584,44.910912464054555,7386840
2005-07-05,44.35629653930664,45.11692388826961,44.00767722543903,44.86791098088252,9074187
2005-07-06,44.14351272583008,44.76831299172028,43.862805405050636,44.47402325921375,10824363
2005-07-07,42.17174530029297,44.505689801020736,41.879718947113474,44.36986265036586,18635193
2005-07-08,41.662410736083984,43.00256140130795,41.24587628692006,42.721854146370404,20222532
2005-07-11,41.93178939819336,42.300783780329155,41.74842536958903,41.80275499157352,10270494
2005-07-12,42.69921112060547,42.87125908850943,41.87972782872072,42.513583854450545,11160252
2005-07-13,41.82765579223633,43.01160691691222,41.72578619854302,42.60412854213898,7935453
2005-07-14,41.74164962768555,42.013300957155245,41.021769407691124,41.789189620707496,12299949
2005-07-15,42.020084381103516,44.41515193058289,40.5916465612944,44.41515193058289,18447741
2005-07-18,41.52884292602539,42.19665653479459,41.09419967518851,42.01555569841485,14911209
2005-07-19,41.560546875,41.87973818315762,41.393028407242426,41.7439109701151,8912268
2005-07-20,41.653350830078125,41.82539880045013,41.551481221224996,41.82539880045013,6191991
2005-07-21,41.57186508178711,42.10611483590903,41.422455461868,41.608085878326385,7452261
2005-07-22,42.488677978515625,42.649403630732934,41.56958527934388,41.60807238910114,13196430
2005-07-25,43.70658874511719,43.91712072141069,42.649408648450084,42.649408648450084,15029658
2005-07-26,43.9827766418457,44.14350544773351,43.156500444617606,43.423625309628136,9752301
2005-07-27,43.88090896606445,44.14350740918534,43.28101037872816,43.871852989732176,7780734
2005-07-28,65.82131958007812,65.82131958007812,65.82131958007812,65.82131958007812,0
2005-07-29,42.49095153808594,42.95728609522513,40.295093515981236,40.7478487729312,51046182
2005-08-01,42.63584518432617,42.87127886339972,41.653369445673114,42.57245955251581,10214775
2005-08-02,43.33985900878906,43.419090233164795,42.47283264687189,42.64940704387781,15709932
2005-08-03,43.788089752197266,44.07558665330106,43.027462448414084,43.33986405847289,18975303
2005-08-04,43.326263427734375,44.18197040040006,42.81238908802477,43.9171088664232,12202128
2005-08-05,43.034244537353516,44.181974858243244,42.78522859768282,44.181974858243244,9092223
2005-08-08,43.2017707824707,43.61151244049647,42.51358510818746,43.37381564663462,8996427
2005-08-09,43.42588806152344,43.73149693494656,40.32452566575589,42.513590983577636,9599922
2005-08-10,43.29457473754883,43.4643563473074,42.80786517644466,43.41908270215123,6141762
2005-08-11,43.18818664550781,43.81524990667958,42.97086502595345,43.455311460044804,7282575
2005-08-12,43.0614128112793,43.44851604811033,42.94369448006739,43.32853760949888,5343309
2005-08-16,43.34892272949219,43.69075241864901,42.73996816160497,43.147446684793216,9625896
2005-08-17,45.41573715209961,45.63532199561818,43.260626612649155,43.66357861918297,20628504
2005-08-18,44.71171569824219,45.98621779868108,44.48533803105736,45.501771207489185,7846200
2005-08-19,45.2844352722168,46.06543766744101,44.872430410245016,45.062587217804385,9016074
2005-08-22,44.8724365234375,45.927353528630434,44.204622835220064,45.28444144153873,5493753
2005-08-23,43.73828125,45.3659317106044,43.554914096058084,45.00372694416969,9507789
2005-08-24,44.00766372680664,44.42646128362227,43.48020692993386,43.91711332382126,17044749
2005-08-25,45.09882354736328,45.54704935220784,43.763199001442274,45.23012123039482,20338002
2005-08-26,44.512489318847656,45.49722776143876,44.27931897877732,45.49722776143876,5672799
2005-08-29,43.85824203491211,44.70036334773844,43.464346181001424,44.70036334773844,5896395
2005-08-30,44.20914840698242,44.73207887484437,43.76771238522343,43.91712197855937,7105977
2005-08-31,44.45362091064453,44.727535303696406,43.962381845190464,44.36986016552205,5882940
2005-09-01,45.21159362792969,45.36179967069082,44.64543946907915,45.03365792232637,8675739
2005-09-02,45.21389389038086,46.156718085483256,44.97587835915345,45.47733197594899,8763084
2005-09-05,45.83089065551758,45.97416266659812,45.061381561605614,45.338681306887224,5171373
2005-09-06,45.52817153930664,46.216801937684046,45.3386813172413,45.97416267709732,2462616
2005-09-08,45.904842376708984,46.07815433537512,45.29709062316844,45.56976983962583,9276516
2005-09-09,45.835514068603516,46.20293680939353,45.454226498356675,45.70841715403589,3195441
2005-09-12,46.496429443359375,46.67898573304787,45.57671399128432,46.17060108868173,5083173
2005-09-13,46.53338623046875,46.67896851849437,45.992648390995434,46.66510368979935,4827393
2005-09-14,46.05275344848633,46.44328546144247,45.851708576106574,46.44328546144247,10102032
2005-09-15,46.20293426513672,46.5564953304564,45.7661874011129,46.5564953304564,5498046
2005-09-16,47.28671646118164,47.88060329228386,46.20293059263955,46.20293059263955,10962414
2005-09-19,47.21971130371094,47.64952738518672,47.04870961625793,47.13882942548667,3461499
2005-09-20,47.65645980834961,48.20412855113241,46.91005971116887,47.04871119073708,7498323
2005-09-21,48.13249969482422,48.29657057841901,46.510288937839505,47.37223150554961,14123178
2005-09-22,46.0550422668457,50.0065787886351,45.80085162204236,48.29655889896198,13849830
2005-09-23,45.73384475708008,46.77141274411315,45.4380595598664,46.03194340416574,8875404
2005-09-26,47.1480827331543,47.353748122092234,45.80086463400516,45.98573118701082,6872697
2005-09-27,48.1417236328125,48.758716339391,46.44787598052955,46.81761208814416,13061916
2005-09-28,49.45199203491211,49.86794338164859,48.162543494720396,48.29657444816137,9603180
2005-09-29,49.77317428588867,50.838471496124995,49.003665323960305,49.63683629921593,31259304
2005-09-30,49.0360221862793,49.91414277515588,48.30579732836822,49.45197337607226,6511203
2005-10-03,49.558292388916016,49.9141606688976,48.98982471282063,49.22090949520409,5805234
2005-10-04,49.85407257080078,49.96961495031367,49.3133377889518,49.867937402465806,6633522
2005-10-05,49.62760925292969,49.96037154448173,49.35955056398741,49.73621762488106,4388256
2005-10-06,48.0723991394043,49.267103592306164,47.30982412473263,49.267103592306164,13927122
2005-10-07,48.35202407836914,48.94359758635719,47.74196201401679,48.065480015829124,8545095
2005-10-10,47.566349029541016,48.82575770290521,47.3745516279561,48.43522572246504,5508945
2005-10-11,48.749473571777344,49.08223576157699,47.27977971816388,47.74194907361278,6840810
2005-10-13,47.668025970458984,48.749498888764,47.332953331091424,47.57097213254697,6164847
2005-10-14,45.87480163574219,47.6957435408546,45.338687452808685,47.668013879913104,18499572
2005-10-17,45.72227478027344,46.35544580390381,45.30863706427836,45.985712845362464,7797915
2005-10-18,45.382591247558594,46.40167371932269,44.98512855130893,45.754637733036944,8356131
2005-10-19,43.85049819946289,45.06138103875782,37.43560798416489,44.985122895662634,24922548
2005-10-20,43.38372039794922,44.82106134153351,42.669670478772424,44.14167508734122,19175472
2005-10-21,44.224857330322266,44.36812934756842,42.76671777544018,42.76671777544018,12691989
2005-10-24,42.80600357055664,44.46056424468796,42.519459525464306,43.73496302779397,9044352
2005-10-25,43.004737854003906,43.98453614499432,42.52639643641556,43.674882971397466,14871888
2005-10-26,43.023223876953125,43.7534488263404,42.7505446589643,43.212710942488336,19204164
2005-10-27,43.24046325683594,44.1370697416245,42.293017981936785,43.12029711287044,32294664
2005-10-28,42.457069396972656,43.43917797080677,42.011078190063245,43.240446614516735,15561558
2005-10-31,42.93772888183594,43.22427297926432,42.450143130297796,42.75055205995938,9530793
2005-11-02,42.98856735229492,43.397587833908865,42.5194669892497,43.397587833908865,10644732
2005-11-04,42.98856735229492,42.98856735229492,42.98856735229492,42.98856735229492,0
2005-11-07,43.700294494628906,43.9521748506587,42.84990355832593,43.21270571305183,11663145
2005-11-08,44.51139831542969,45.23238207763396,43.73264496447595,43.952175113944264,17329680
2005-11-09,44.07234191894531,45.00591867175741,43.77424334671169,44.73786320574975,12189429
2005-11-10,45.01055145263672,45.246256757460934,43.88286052748672,44.229487655822815,8335647
2005-11-11,45.320194244384766,45.73152170859976,44.83029518979445,45.08448582017022,8935011
2005-11-14,45.88405990600586,46.03195253394508,45.23471343166584,45.64373081546522,6222807
2005-11-16,45.69224548339844,46.21680828655883,45.39414686748362,45.89329028581964,9696618
2005-11-17,46.59346008300781,46.960885929640476,45.11221483896856,45.662193710946866,9384129
2005-11-18,47.06026840209961,47.46466833648754,46.494114206178565,46.91006552296003,6390675
2005-11-21,47.2220344543457,47.60332214753167,46.69285096799259,47.37455080100292,9201906
2005-11-22,45.9210319519043,47.279804736775134,45.80317927512381,46.69285162965047,9348723
2005-11-23,47.17119216918945,47.420762334804564,46.01115089164693,46.01115089164693,10625445
2005-11-24,47.38840103149414,47.71884984062835,46.96320551735449,47.141141200287734,5032116
2005-11-25,47.143463134765625,47.74197075432548,46.863849849580106,47.41845269328544,4038561
2005-11-28,48.3057975769043,48.62007124663936,47.46465408989709,48.019253563504,8332128
2005-11-29,48.49296951293945,48.66628142315221,47.423048604135666,48.29654850177693,6670359
2005-11-30,47.5871467590332,50.145248271895966,47.37223707422937,48.66630938960139,5553513
2005-12-01,48.15559768676758,48.52071013992224,46.910054310609276,47.84363427374638,9365571
2005-12-02,47.746578216552734,48.70788785622997,47.48776383868148,48.250342143013285,11659437
2005-12-05,47.23588943481445,48.051616883445924,46.91006114530577,47.93376423291965,7418799
2005-12-06,48.657047271728516,49.03602454702524,46.95626849793452,47.189663484486076,13262121
2005-12-07,49.96037292480469,50.51035197545449,48.52764934930287,48.65705655809771,19146024
2005-12-08,50.648983001708984,51.25442434480086,48.943583932762266,49.45196831565789,11972979
2005-12-09,52.11868667602539,52.539258428061935,50.1914437870997,50.89856273180602,11199096
2005-12-12,53.85645294189453,54.58205744990555,51.631110919311276,51.631110919311276,12236589
2005-12-13,54.60746383666992,54.99105848708955,52.73336995873498,53.47283912264536,12549042
2005-12-14,53.03376388549805,54.76689553987646,52.594703697137916,54.76689553987646,10867968
2005-12-15,53.01761245727539,53.60687570572836,52.80501309381787,53.47284794885429,10646829
2005-12-16,53.142398834228516,53.842583941821786,51.809045674590685,53.241766105908646,12530763
2005-12-19,53.165496826171875,53.8287110261878,52.97832005073338,53.14932172148892,6580287
2005-12-20,53.34343719482422,53.842577422245654,52.96445988534406,53.149326401170065,5784579
2005-12-21,53.650787353515625,54.42954090982897,53.05227661182814,53.79636650167745,5920245
2005-12-22,54.96795654296875,55.41395408750726,53.88879734985166,53.88879734985166,10849950
2005-12-23,55.03960418701172,55.67739919811586,54.545084405839866,54.99801286151574,13794975
2005-12-26,54.77153015136719,55.06269471924219,53.22095426929343,53.22095426929343,9846405
2005-12-27,55.7441291809082,56.23041879757734,54.17666502958095,55.427802978699546,5434650
2005-12-28,55.24603271484375,56.3673347975389,55.09731634825392,55.947146387128335,6404814
2005-12-29,56.322471618652344,57.127447277844354,54.86831681197737,55.475001875738954,12017745
2005-12-30,55.43959045410156,57.59721216241872,55.02883595344404,56.655314072073985,7360416
2006-01-02,56.261104583740234,56.53730322942534,55.05010069996063,55.85271649726478,7484517
2006-01-03,57.165245056152344,57.3635357342031,55.34282904351551,56.230426694272936,7469487
2006-01-04,55.987247467041016,57.39890791120533,55.49151135083773,57.080221797292985,7433424
2006-01-05,55.71342086791992,56.59629793567264,55.4749962748593,56.59629793567264,9862749
2006-01-06,56.80168533325195,57.03302978232162,55.56942813003637,56.04155727698726,12618468
2006-01-09,57.59721374511719,58.07170289610098,56.23040074546439,56.655315628890285,13599828
2006-01-10,57.05189514160156,57.78841589671906,56.655307541437196,57.78841589671906,9504657
2006-01-12,56.07932662963867,56.83944813973063,55.71106618463711,56.655317917229844,6731694
2006-01-13,57.455570220947266,58.02448777423639,55.75827725964448,56.11237082901265,11871216
2006-01-16,57.78135681152344,58.07171581202327,56.655328229789134,56.91735999733933,6379263
2006-01-17,57.774269104003906,58.35498709458504,57.033034452046614,57.78135577488019,8243586
2006-01-18,56.407466888427734,57.82148801397467,55.71107984914334,57.552376042087275,7873695
2006-01-19,56.737945556640625,57.254928865157886,56.23512910536615,56.56090198507481,5894019
2006-01-20,58.81532669067383,60.24350833615749,56.985830625679576,57.254942624778174,14088213
2006-01-23,59.18121337890625,59.960228525696174,58.30778276338928,59.01597009941322,12833613
2006-01-24,58.93334197998047,59.709990495156305,58.543834449411634,59.488092771873944,6785235
2006-01-25,60.31431579589844,61.28218122854148,49.573409754707185,59.02541057214679,15636996
2006-01-27,59.75247573852539,60.69200731367613,58.40218964945228,60.1962776030833,11666169
2006-01-30,58.385677337646484,60.66841538712944,58.16613965421774,60.66841538712944,12102462
2006-01-31,58.41635513305664,59.299232233905805,58.22513825213482,58.59103861351899,6260661
2006-02-01,57.79078674316406,59.00179680753048,57.509868042574034,59.00179680753048,5871969
2006-02-02,55.92118453979492,58.543849816306604,55.711087072736454,58.543849816306604,14390901
2006-02-03,54.86125183105469,56.0887826709115,54.247483169281956,56.0887826709115,15967719
2006-02-06,56.42631912231445,56.914968483431934,54.20023684318817,54.99341189484205,11442303
2006-02-07,55.26728057861328,56.41926997670392,54.76682409531275,56.183211836809825,15129585
2006-02-08,55.6685791015625,56.18320235795099,54.81402906890611,55.47500860668423,11465145
2006-02-10,55.52693557739258,55.85270193660334,55.28851096296583,55.64968473575135,8099442
2006-02-13,55.406558990478516,55.71108489614672,54.50715461766124,55.569442225919595,8487801
2006-02-14,55.34517288208008,56.51368900818925,54.51659001666747,54.51659001666747,18634869
2006-02-15,54.707801818847656,55.61664627663683,53.25837016275596,55.61664627663683,12813444
2006-02-16,54.4198112487793,55.0028893848401,53.739947847778566,54.76682475839912,8855253
2006-02-17,52.97037887573242,54.9037403029791,52.552547278817144,54.49299213603938,8710479
2006-02-20,54.072792053222656,54.2946930380911,52.42270638806909,52.991620846067704,7244928
2006-02-21,54.83527374267578,55.23894163480806,53.82255743535226,54.29468658245209,10744794
2006-02-22,55.46084976196289,55.74648866278096,54.77862956486885,55.002887385808485,9902421
2006-02-23,56.45466232299805,56.89137749543468,55.39709528804222,55.47499677858243,18689589
2006-02-24,55.69927215576172,55.94714356036869,54.9202634873829,55.763013295669936,3504294
2006-02-27,55.63316345214844,55.852701083595264,55.23893585011473,55.66385074126946,4807692
2006-02-28,53.652610778808594,55.99436392075533,53.35989163606525,55.71109151402938,17041689
2006-03-01,52.977439880371094,53.96418557211014,52.50059070832423,53.72812104779809,13059945
2006-03-02,54.24747848510742,54.521313810309884,52.46047678849265,52.500607576008555,9761364
2006-03-03,54.07514190673828,54.86123707622816,53.63370332466991,53.63370332466991,7303824
2006-03-06,55.205902099609375,55.71107867280046,53.817844933680774,54.294694272728606,7042311
2006-03-07,54.868324279785156,55.44196206966397,54.31121340997778,55.1917306246905,6957387
2006-03-08,53.55108642578125,54.991077757332405,53.13325166908767,54.530748912820414,10902609
2006-03-09,53.93113708496094,54.29467737428904,52.972718580083466,53.82254830726044,7279191
2006-03-10,54.3560676574707,54.76681902710306,53.93115267108165,54.153053656062,4705623
2006-03-13,55.47500228881836,56.041553335096545,54.38910792068666,54.76680861820545,5272101
2006-03-14,56.02505874633789,56.54439582408526,55.47502788057749,56.04157918821732,6241914
2006-03-16,56.45466232299805,56.702527165433466,55.47499677858243,56.09348209561288,7760394
2006-03-17,57.65152359008789,58.300696398806366,56.60812308083298,56.60812308083298,15156837
2006-03-20,57.50986862182617,58.44468660273932,57.17466200777977,57.693998846822375,7693569
2006-03-21,57.81440353393555,58.30777976822533,57.61138629695438,57.65388038775582,6300873
2006-03-22,57.76719284057617,58.06699210581472,56.65533106158663,57.81440705908149,6529644
2006-03-23,57.394203186035156,58.35262184645362,57.04954981888684,57.83564503757481,5020146
2006-03-24,57.64915084838867,57.88285534225497,56.711972810896384,57.363512022552094,6523254
2006-03-27,59.48574447631836,59.960233793681276,57.646808226461054,58.16614521959396,4975218
2006-03-28,60.20808029174805,60.668402607969426,59.2614620097316,59.96021542665759,7031997
2006-03-29,61.107486724853516,61.32938443262268,59.89175648896743,60.19628230530983,7861806
2006-03-30,63.13056564331055,63.97331546692535,60.998910427050454,60.998910427050454,17535627
2006-03-31,61.91246032714844,63.123470397982764,60.916274254199045,63.123470397982764,6829956
2006-04-03,62.068275451660156,62.7929896959374,61.28690674022574,61.84165758303141,4595166
2006-04-04,60.92335891723633,62.55692395042004,60.76519584750231,62.55692395042004,5187087
2006-04-05,61.14999771118164,61.80153064190787,60.526785533594214,61.80153064190787,5594553
2006-04-07,60.38750076293945,61.988012107375624,60.054647673277145,61.61267141040169,9122562
2006-04-10,61.36245346069336,61.84874308196101,59.41492194555178,60.62121223163543,5483637
2006-04-12,60.35917663574219,62.084803795851855,59.901214279317685,61.754310751608706,10859319
2006-04-13,59.74541091918945,60.89976029589816,59.270921643882936,60.43235769187571,10370583
2006-04-17,58.70907974243164,62.07534523491223,58.30777193092316,60.89974902921757,9736164
2006-04-18,61.71181869506836,62.13201353680527,59.02541285996501,59.62973146907083,8714646
2006-04-19,62.79534912109375,63.76084798314508,61.84873075682832,62.32085990784942,8247942
2006-04-20,63.73487854003906,64.16215352619258,62.792980333840376,63.07625911107912,6484491
2006-04-21,63.46578598022461,64.21174738695235,62.32087669499526,63.97332268499498,10699776
2006-04-24,63.70183181762695,65.0969657073325,62.57344330545597,63.963863554524,12784959
2006-04-25,62.561649322509766,63.87888184302782,62.22643617361158,63.50118108722204,15754329
2006-04-26,65.41094207763672,65.76031562060993,61.80152468161102,63.02905544892933,12570705
2006-04-27,61.53950119018555,66.09789775146002,60.72508499565525,65.67298269911755,292232466
2006-04-28,61.1027717590332,62.3208621598618,59.01596446697652,61.041390687948706,10505808
2006-05-02,62.502620697021484,62.745771931591314,61.381318878212475,61.61266331852728,6571287
2006-05-03,62.89921188354492,63.64281303389331,62.17921783933159,62.656067119147465,9573768
2006-05-04,62.72924041748047,63.48700832735067,62.20281693097647,62.93461767581258,9898821
2006-05-05,64.4430923461914,64.9175752068408,62.32559725192154,62.788279798194495,12434940
2006-05-08,65.12294006347656,66.18286743887798,64.56346911180162,64.83494112731495,14082822
2006-05-09,67.9816665649414,68.38061431497282,64.58706735468238,65.01198227148949,18962523
2006-05-10,70.07320404052734,71.4754182840433,67.34194397294758,67.4198454846638,23944905
2006-05-11,68.77721405029297,71.29129009265615,67.37263321995914,69.90087612108475,14419089
2006-05-12,67.06575012207031,68.6945953130783,65.96097498839801,67.5142722410661,12564801
2006-05-15,64.60597229003906,67.98640558348558,63.77974933148297,67.98640558348558,18985572
2006-05-16,64.26836395263672,65.62572996400928,62.60411214635376,64.82075449326422,26045271
2006-05-17,68.09968566894531,68.6898437486989,64.44542180777067,64.68148633640932,21443526
2006-05-18,63.69947814941406,67.27820156089948,62.339745055658604,66.85800671482143,21297114
2006-05-19,60.81242370605469,68.47505463897714,59.268566624877415,68.47505463897714,15081984
2006-05-22,56.98581314086914,62.46249285763535,53.11436467485999,62.46249285763535,18307350
2006-05-23,58.333744049072266,59.299242940740214,54.294688698883256,57.59958313187724,17598699
2006-05-24,54.91790008544922,59.25203150444181,54.29469124353502,59.25203150444181,21243474
2006-05-25,56.889034271240234,57.741224312116394,52.5006082733655,55.05009820849105,26095032
2006-05-26,55.69927215576172,58.40220511143428,54.53075591134932,57.12746011752984,10186020
2006-05-29,56.40275573730469,57.963139893689956,55.71108871314698,56.48537739208676,9261675
2006-05-30,55.67093276977539,57.269083788415344,55.14450926232101,56.660038658689174,10282932
2006-05-31,52.701271057128906,55.144529413103584,49.57814601089401,52.698910994231895,22323555
2006-06-01,50.269798278808594,54.20026143611003,48.86757769352033,54.20026143611003,25173306
2006-06-02,53.20408630371094,53.815491703484504,49.14850634437557,49.95112546165857,13059270
2006-06-05,51.25654220581055,54.658221624592514,50.817463671697226,53.82727876602783,11530368
2006-06-06,49.09183120727539,50.88119573404678,48.20423075034404,50.517655438423105,17014248
2006-06-07,46.912967681884766,49.101280159082805,46.554150711873895,49.101280159082805,27519291
2006-06-08,45.298274993896484,46.554135602253936,43.79454959158719,46.554135602253936,22306212
2006-06-09,46.813819885253906,47.58102810912856,44.476787797776005,44.476787797776005,12992040
2006-06-12,46.13396453857422,47.26471005573154,44.946564552892674,47.26471005573154,12870054
2006-06-13,46.12924575805664,46.6651096457966,43.43575621812444,45.28177580066245,14106888
2006-06-14,46.72649383544922,48.40490705641069,45.80348229777599,45.8436130932468,14325003
2006-06-15,48.65983963012695,49.56396712853767,45.784583668555904,47.684897299234656,14434029
2006-06-16,47.80999755859375,50.18716308866765,47.16554514223967,49.57339471453253,18465534
2006-06-19,48.1050910949707,49.2759671890743,46.4290352751371,49.2759671890743,13931757
2006-06-20,47.807655334472656,48.65748529375402,46.97671235846298,47.259987930942096,12439296
2006-06-21,48.466278076171875,48.97853485155323,47.11835166056432,47.20805673246667,10465119
2006-06-22,50.189537048339844,50.89536747011346,48.770792776286115,48.770792776286115,14256288
2006-06-23,51.952938079833984,53.1143741229732,48.638603079666936,49.20515748426002,11922705
2006-06-26,50.3453483581543,52.642250264700735,48.48752834805701,48.48752834805701,10776132
2006-06-27,50.17301559448242,51.08422339823441,48.308112378686154,50.47045802912506,17892720
2006-06-28,48.83925247192383,49.85668894614905,48.16883268590613,49.52619917774461,14960277
2006-06-29,49.80947494506836,50.51766545647185,49.24292059083927,49.464821559537604,18694575
2006-06-30,52.31412124633789,52.83110139854785,50.51767267909845,50.51767267909845,12301209
2006-07-03,53.31975555419922,53.633721717255696,50.98036270716607,52.3117655797515,17163837
2006-07-04,52.02611541748047,53.59121928533211,51.76408366105477,53.58649916065556,9664929
2006-07-05,52.34243392944336,53.48734279484262,51.03700194636259,52.17010725995075,11586231
2006-07-06,52.09930419921875,53.11437752895236,49.93695836975317,51.0370166486397,9450828
2006-07-07,51.36750030517578,53.31738851360751,50.442132102580835,52.878309900467805,11291022
2006-07-10,53.366943359375,53.77061116188902,51.461910000330214,51.461910000330214,6340347
2006-07-11,52.61863327026367,53.58649541592192,52.318830811844805,53.58649541592192,5888331
2006-07-12,53.003414154052734,53.350427560100506,50.28159805784524,52.406172578009915,11433159
2006-07-13,52.85234069824219,54.436331622455384,51.98126693489138,52.50060710547399,12688695
2006-07-14,52.351898193359375,53.58651259733235,51.934063315710226,52.453403592264415,8897589
2006-07-17,48.55597686767578,52.25037559946299,48.18063294853495,51.98126366040806,12884499
2006-07-18,49.18389892578125,49.76225674945708,48.39308365534178,48.865212755635795,11253141
2006-07-19,50.182456970214844,50.56488108900467,49.10600593626373,49.29013618760119,9431064
2006-07-20,51.053531646728516,51.3958249641125,50.446846518000534,50.98979375616456,8280369
2006-07-21,49.63713836669922,50.98978447031015,49.195699821374404,50.5176553955066,4336731
2006-07-24,51.0417366027832,51.509142475101356,48.666933271167345,49.19571698200982,10605051
2006-07-25,51.615386962890625,52.01433493029286,51.03703203424928,51.4619471825757,9258084
2006-07-26,53.72813415527344,54.18609970351119,50.864681604558164,51.98126338125359,33105069
2006-07-27,55.71107482910156,56.65532670821008,53.68092518440844,53.68092518440844,30228732
2006-07-28,55.826744079589844,56.372054648212576,54.92733986511737,55.616646657728474,12022524
2006-07-31,55.387672424316406,56.32248412050433,52.40618401735222,55.711078796991025,10869480
2006-08-01,55.873966217041016,56.0651766832378,55.14452529306409,55.475018361913875,5674086
2006-08-02,56.284698486328125,56.6081112756574,52.97272420553149,52.97272420553149,4180725
2006-08-03,56.00614929199219,57.644434432792806,55.475005627983506,56.605747726564886,6459840
2006-08-04,55.76065444946289,57.33991886730612,55.536390149149724,56.183209394098746,9484020
2006-08-07,54.84943771362305,56.07460832729137,54.41272243830714,55.588318775072665,8487783
2006-08-08,56.20444107055664,56.419258602809826,54.861241478417234,55.420712383904224,3409479
2006-08-09,56.79696273803711,57.221877655070585,55.56942571262822,56.18319746717621,5857119
2006-08-10,56.27764129638672,57.12747146106989,55.786631482151364,57.12747146106989,6992343
2006-08-11,56.355525970458984,57.127454373574,55.538743416032,56.891389789139524,6280146
2006-08-14,57.37766647338867,57.81202153146061,55.767709014068366,55.767709014068366,4964751
2006-08-16,58.633541107177734,59.24258628168408,57.59958099621057,58.07171014420868,6439824
2006-08-17,57.179405212402344,58.99237448230749,56.52787221764436,58.63828074531683,11020410
2006-08-18,57.13924026489258,57.5995624701064,56.896089098787975,57.5995624701064,5194728
2006-08-21,56.216251373291016,58.964031798023875,55.526944583810504,57.31630627139672,9571167
2006-08-22,56.92444610595703,57.358807862514034,54.778630431139064,54.778630431139064,5921838
2006-08-23,56.5821533203125,57.31630779816828,55.758290535053156,55.758290535053156,6852078
2006-08-24,56.140708923339844,57.36351946155813,55.36170032644916,56.18556307504556,12489921
2006-08-25,56.34607696533203,57.127445496276394,56.01086388111411,56.65531640077378,11570418
2006-08-28,56.52075958251953,56.74502381709457,56.10529143116118,56.51367939679124,4304259
2006-08-29,57.67512512207031,58.16613479058449,56.74503363972478,56.74503363972478,9441414
2006-08-30,57.668033599853516,58.05518104274389,57.22187812029074,57.83564339614162,7839216
2006-08-31,57.48625946044922,58.50133236731221,56.981083068707946,57.78841867734351,15010047
2006-09-01,56.81349182128906,57.5995871309408,56.65532873437492,56.90792025442088,9062127
2006-09-04,57.24075698852539,57.83564175049422,57.03774626622257,57.36351263367755,8653095
2006-09-05,58.05519485473633,58.30778639847903,57.1274632920403,57.32103381769455,4619907
2006-09-06,57.93758773803711,58.55190440405906,57.83200175211683,58.55190440405906,4552857
2006-09-07,57.62322998046875,57.8799977032703,55.51392248524129,57.06411196977258,5067297
2006-09-08,57.678428649902344,58.0239756023011,56.936927651720644,57.59443440329042,7123086
2006-09-11,56.51218795776367,58.355138100584526,55.91227232946737,58.071973864042874,7808193
2006-09-12,55.17559814453125,56.629798639091966,54.33091314791845,56.21944991044436,13335948
2006-09-13,55.62672805786133,56.248242158857046,55.386760434629345,55.576334131984986,8576604
2006-09-14,55.62430953979492,56.33461591326532,55.49713180383178,56.14264317718537,4355028
2006-09-15,56.00825881958008,56.344209443303846,54.90441069881025,55.9122691608672,8117262
2006-09-18,55.52114486694336,56.24344026558097,55.391561421075906,56.152255332282756,4159683
2006-09-19,55.29794692993164,56.29620896225397,54.80361737348979,55.677094180189954,8891172
2006-09-20,56.36821365356445,56.77615657050325,54.90441731792175,55.33635765243182,6419205
2006-09-21,57.49847412109375,57.58725997675076,56.680188980923006,57.05933641856869,8775639
2006-09-22,56.8985481262207,57.59204785521007,56.552994507730254,57.3520802476719,5773617
2006-09-25,55.91227722167969,57.11211517414174,55.72030446746309,57.11211517414174,6079509
2006-09-26,56.61539840698242,56.87216625172041,55.32197603101955,56.87216625172041,11334456
2006-09-27,56.96331787109375,57.25607838812829,56.5361758015295,56.872132978296236,6734151
2006-09-28,56.60818862915039,57.832017539749764,56.24824050035935,57.594449006575005,19031922
2006-09-29,56.145057678222656,57.01613577273604,56.056265237850965,57.01613577273604,6729723
2006-10-03,55.63631820678711,56.39221382914885,55.453941778857676,56.16664732018795,9315126
2006-10-04,54.42927932739258,55.86428005412601,54.28049995476694,55.67230730792064,10969587
2006-10-05,54.79643249511719,55.36755258154995,54.64045257560468,55.18997762247508,7372854
2006-10-06,54.9524040222168,55.192371585927745,54.714835540963236,55.12997896482116,4529232
2006-10-09,55.192386627197266,55.51393955930485,54.53007821176108,54.9524189980893,6851934
2006-10-10,55.00041961669922,55.840299815870246,54.81084589479782,55.38436852267235,14212719
2006-10-11,54.2037353515625,55.55714805863858,53.85818162848393,53.85818162848393,11264391
2006-10-12,54.38130187988281,54.65246419563638,53.7525871833876,54.35730445652812,13327029
2006-10-13,55.37956237792969,55.76351456972989,54.522882025786615,54.67646290250669,7761024
2006-10-16,56.305816650390625,57.34247067560961,54.17730993343937,54.17730993343937,9862002
2006-10-17,56.061058044433594,56.812148866531295,55.914674457715655,56.63217812277082,8729874
2006-10-18,56.00106430053711,56.29622398204456,55.206776765144056,56.05625638621568,14838912
2006-10-19,55.41315460205078,56.60578882786667,55.096396561837295,56.152250104995034,10024452
2006-10-20,55.30276870727539,55.840288498542066,54.712446024613556,55.19238123594893,10790469
2006-10-23,55.122779846191406,55.66270519849067,54.858814875981615,55.66270519849067,6770475
2006-10-26,55.37956237792969,55.849901341301866,54.86363424091264,55.3363722875878,16200216
2006-10-27,56.836151123046875,57.520061098402905,55.2379730825109,55.2379730825109,10222626
2006-10-30,57.980796813964844,58.448730012913344,56.159444757818456,57.228499798677156,9039888
2006-10-31,58.72586441040039,58.977833907756455,57.116891204434914,57.116891204434914,11519286
2006-11-01,57.887203216552734,58.8878645718877,57.520057879494054,57.73602805101795,6828222
2006-11-02,60.38525390625,60.61561854595335,57.95918839678085,58.167961294676346,11528784
2006-11-03,63.18568801879883,63.71121245824347,60.47165928240059,61.011584811707735,14310468
2006-11-06,61.96903610229492,64.43110124941042,61.490307071143675,63.20726592376369,9593772
2006-11-07,61.688289642333984,62.89412549417916,61.335538743880235,62.59536714743657,5621916
2006-11-08,61.54793167114258,62.127448851407124,60.478876140153574,62.127448851407124,9444264
2006-11-09,62.66734313964844,62.90491164864807,60.849596376530904,61.91144753248656,10421496
2006-11-10,63.25048065185547,63.41965557138439,62.1490311806495,62.775343518115406,5349378
2006-11-13,62.78974914550781,63.264879722687915,62.27861913412058,63.13530285038617,3473490
2006-11-14,63.39446258544922,63.977584868839045,62.65296783842517,62.99852154003067,5737266
2006-11-15,63.47724151611328,64.39511490124707,62.311003709650244,64.39511490124707,7440648
2006-11-16,62.67094421386719,63.6392114082518,62.444178159207894,63.2216721322906,3939216
2006-11-17,61.08717346191406,62.976912745130235,60.770415405443046,62.6313591008789,13776756
2006-11-20,60.68400192260742,61.19153299623717,60.26645619730917,60.47163043693119,14530236
2006-11-21,60.85681915283203,61.385948936158236,59.69777829626607,60.759636488534376,15697458
2006-11-22,61.6702880859375,62.095031237614215,61.19155897504994,61.19155897504994,6551160
2006-11-23,60.84959030151367,61.623485542830906,59.94611824175736,60.90358283949194,6033804
2006-11-24,61.6702880859375,62.206614962365734,61.01158161109308,61.77467456157923,7155798
2006-11-27,62.771728515625,63.05249369081387,61.11955803532101,61.767468544529365,6479736
2006-11-28,62.41180419921875,63.315276677621796,61.91147003969752,62.77535104765092,11167350
2006-11-29,61.62709426879883,62.99130243687181,61.27794202657882,62.631354321640835,12362316
2006-11-30,62.08064651489258,62.97692166947859,60.831613825955834,62.19942750745767,20559924
2006-12-01,62.31460189819336,62.55936769312339,60.83160603908189,62.05544160461973,5847504
2006-12-04,61.673885345458984,62.63135003460879,61.3607259589313,62.27140194401578,4838208
2006-12-05,61.72068786621094,62.24981754372182,61.33554272987869,62.05544566310757,3635214
2006-12-06,62.31460189819336,62.55936769312339,61.5551075498893,61.846668647186334,5487222
2006-12-07,62.023040771484375,62.307404619324764,61.62350116188687,62.307404619324764,4067856
2006-12-08,60.478851318359375,61.91145315989892,60.183691615056276,61.8394674894553,8677986
2006-12-11,60.05048370361328,61.162734991968456,59.67973986504595,60.54362026554899,9724788
2006-12-12,57.94841384887695,60.09011637953779,57.480473968243814,60.03972244833802,14304504
2006-12-13,56.86134719848633,58.272357209417706,54.377690125644726,58.272357209417706,12659064
2006-12-14,57.75402069091797,59.01744750199936,56.738964847732085,57.016124807978905,6732588
2006-12-15,59.05345153808594,60.03971857605412,58.329956604933635,58.635912206470124,7809858
2006-12-18,61.515506744384766,63.999163744836586,59.75174592984962,59.75174592984962,15470586
2006-12-19,60.8424072265625,61.90065989926732,59.05705443365489,61.19155949287876,12154218
2006-12-20,61.77106857299805,62.872517781872055,60.511240357265116,61.263537344401655,15763980
2006-12-21,61.72068786621094,62.63136405515782,59.39181074196,59.39181074196,6482886
2006-12-22,62.433380126953125,62.94810860332826,61.07996791253095,62.185009153628656,6478392
2006-12-26,63.90917205810547,64.0855507766855,62.48737280062178,62.48737280062178,10414224
2006-12-27,64.26188659667969,65.2061021194053,63.729159224646295,64.29495122729182,5909790
2006-12-28,64.42720794677734,65.02607122803471,63.57484022800457,64.30229564160562,8571474
2006-12-29,64.0230484008789,64.88276880970436,63.20007916261758,64.22144955816927,5581308
2007-01-02,64.43087768554688,64.6623435116908,63.74751296076624,64.6623435116908,2052042
2007-01-03,64.11124420166016,65.15833325371635,63.19274054833058,65.15833325371635,7268154
2007-01-04,64.24718475341797,64.7137827956557,63.626276154614395,63.626276154614395,10562220
2007-01-05,65.77922821044922,66.71977036342788,63.51237429416067,63.85772635742734,12994962
2007-01-08,66.95125579833984,67.8954713275111,65.3971508760601,65.76455509754089,11157894
2007-01-09,67.3406982421875,68.76988410654937,66.6463140893507,67.57951031207341,12485292
2007-01-10,65.43756103515625,67.60154165125672,64.82032551105769,67.34436410713444,7867962
2007-01-11,67.20475769042969,67.52071831238831,64.55213348783508,65.18406145904217,5988102
2007-01-12,67.86976623535156,68.33636444104262,66.74552147489548,67.30764721876923,11443848
2007-01-15,67.31497192382812,68.75517692053677,67.03207595532234,67.82198080717271,3622434
2007-01-16,67.5978775024414,68.52005444707842,67.25987153215878,67.58685820104576,4209756
2007-01-17,65.7682113647461,67.67501416430885,65.56981690320742,67.67501416430885,10254372
2007-01-18,67.2194595336914,68.83602078225204,65.83803727997028,65.83803727997028,12706578
2007-01-19,65.86009216308594,67.96897031177546,65.54780455222493,67.74853041533434,7936938
2007-01-22,65.72412109375,67.38109259434557,65.21343917551329,66.85938465039501,9040824
2007-01-23,65.53675079345703,66.11724182666921,65.25018174024315,65.76454352341796,6417780
2007-01-24,67.06881713867188,67.24149320862924,65.76455040908156,65.88946272273937,6995166
2007-01-25,67.68605041503906,68.15264852647118,66.30830141027691,67.45459127315505,14339154
2007-01-29,67.37008666992188,67.96159707590098,67.01370849533679,67.01370849533679,7187490
2007-01-31,66.9696273803711,68.26287501917386,66.24585162746189,67.96895968805326,10713342
2007-02-01,66.92920684814453,67.59419943848322,66.59854710307293,67.01370833451018,2562228
2007-02-02,66.53975677490234,67.60153825239556,66.21277016575442,67.60153825239556,4678788
2007-02-05,66.87040710449219,68.19671885402401,66.49932989528428,68.19671885402401,2850774
2007-02-06,66.7344970703125,67.4472535419173,66.37077263283958,67.38111754500983,3353580
2007-02-07,65.53675079345703,66.86674253930043,65.4008124663456,66.86674253930043,7501332
2007-02-08,65.69107055664062,66.86675191417824,65.32367307559943,66.86675191417824,5091540
2007-02-09,64.94893646240234,66.30464038451495,64.68808574273305,65.9115243908439,5350788
2007-02-12,63.69239807128906,65.43020463693136,63.43154746784537,65.2501756750034,4474368
2007-02-13,65.07381439208984,66.20540461681779,63.17435817070953,63.19272366431277,8473662
2007-02-14,66.19071197509766,66.69772746664043,63.960595923073505,65.02973011965072,8171538
2007-02-15,66.59117126464844,67.45455797230072,66.2347932495334,66.4993168914841,6731808
2007-02-19,66.5838394165039,67.01369972075986,65.98498288852869,66.59119234323951,4067616
2007-02-20,64.37944793701172,66.86674888560061,63.5638246242215,66.86674888560061,6767100
2007-02-21,64.14800262451172,65.12160981481308,63.38013617493231,64.66236456725314,8859684
2007-02-22,62.82535171508789,64.87543944855906,62.19342375227471,64.14431759835907,10035750
2007-02-23,60.98835372924805,63.76589706956079,60.2535587445698,63.19275213786292,10505904
2007-02-26,61.330039978027344,61.57619825065123,59.375472925939086,60.628302891477574,3975060
2007-02-27,60.091896057128906,62.01707137504211,59.44526899961209,61.36309811749607,7775784
2007-02-28,57.905860900878906,59.959628268344495,53.38317506355833,58.87580144587459,14759214
2007-03-01,58.486351013183594,60.620939752334316,55.19077359755049,57.90585331129829,12675696
2007-03-02,58.703128814697266,60.24253464976243,58.41655970329533,58.93092159091167,8710650
2007-03-05,56.803653717041016,58.008726298702854,55.73452281075785,57.681739730673385,7309896
2007-03-06,56.50239181518555,58.390822311397216,55.848418684725395,57.681739236848586,6799578
2007-03-07,56.20113754272461,57.2151588067148,55.282637071711356,57.027790321188085,6977760
2007-03-08,57.27760696411133,58.78394102549289,56.285624557820924,56.285624557820924,6298566
2007-03-09,57.56418228149414,58.04179963026287,56.74487918880224,57.7993212196396,3081060
2007-03-12,58.31367111206055,59.27625865110675,57.31801894971235,57.75522543361804,4916346
2007-03-13,59.30933380126953,59.88615180716573,57.60827803983236,58.63699500807034,3499056
2007-03-14,57.41355895996094,58.122635511220125,55.91824047712873,58.122635511220125,6203118
2007-03-15,57.05717849731445,58.3908367838952,56.66038276515647,58.041804809062576,6692100
2007-03-16,56.054176330566406,58.761917337699245,55.5508404825718,57.755238914419884,4269132
2007-03-19,58.28060531616211,58.552481950799155,56.2121457605191,56.50606771934345,2706282
2007-03-20,58.107940673828125,59.49670891526705,57.836063985866055,58.78395256623996,6147876
2007-03-21,59.6400032043457,60.400523434861576,57.483368303869995,58.11529636980107,4812948
2007-03-22,62.62696838378906,63.075194325306285,60.10660228338765,60.54748202318583,10139304
2007-03-23,61.950931549072266,64.22146558224223,61.35574811055723,64.22146558224223,6415032
2007-03-26,62.476318359375,63.552799059746945,60.367447614687904,61.72315119731384,8220882
2007-03-28,63.527069091796875,64.08184838269476,60.64298638091868,62.457941513169615,11680926
2007-03-29,64.28024291992188,64.74316781581294,63.045778773308506,63.19273638815948,11217894
2007-03-30,64.72113037109375,65.02974476349657,64.0487849058095,64.0745033324505,7749954
2007-04-02,60.7017822265625,64.29494879959518,60.180074175335506,64.29494879959518,7418640
2007-04-03,62.002376556396484,62.45795535378715,60.34173159702672,60.43725238591274,6821988
2007-04-04,62.28527069091797,62.895160045177434,61.517411120610234,62.3109891193292,4956420
2007-04-05,62.175071716308594,62.80332678295327,61.23085592928893,62.08322399950148,4226268
2007-04-09,64.02674102783203,64.29493784456419,62.17504137149569,62.31097969330839,3660876
2007-04-10,64.24718475341797,65.02974338115695,63.06783043477646,64.6623459434671,4787190
2007-04-11,64.70277404785156,65.30898368193797,64.03778134621979,64.24720191072963,6643878
2007-04-12,62.520389556884766,64.58517573017052,62.13461998196664,62.92085152772263,5799006
2007-04-13,64.10021209716797,64.25819573310827,62.61224358533785,62.61224358533785,5038248
2007-04-16,66.14664459228516,66.40014903777646,64.2949447374336,64.2949447374336,5180988
2007-04-17,65.66901397705078,66.57281848740374,65.17669753497343,66.27889651655296,5303004
2007-04-18,66.51403045654297,67.0871752294914,64.70642157123368,64.70642157123368,6829746
2007-04-19,65.8049545288086,66.77121522023559,64.4198595556528,65.54410390040091,7304742
2007-04-20,67.71542358398438,67.968934713952,66.13193429661656,67.60153059411196,5181318
2007-04-23,68.7809066772461,69.04543718961108,67.96895636470114,67.96895636470114,6654144
2007-04-24,69.69571685791016,70.2394701767274,68.00568057708436,68.33634028815608,8683968
2007-04-25,71.46289825439453,72.01032459518282,69.5230309162149,69.65896922658811,10068546
2007-04-26,70.43421936035156,72.74516515022748,69.11892619651915,72.01036325981481,17515062
2007-04-27,68.07916259765625,70.14762233697347,66.97696356330287,66.97696356330287,2694690
2007-04-30,67.1496353149414,67.88810996609249,66.3046138669921,66.57281740877461,6196524
2007-05-03,67.55378723144531,68.8507077566259,67.06514382419363,67.88444696977389,6981654
2007-05-04,68.22613525390625,69.20341547355297,67.68605491719983,68.17469839066844,4710726
2007-05-07,67.97259521484375,69.43117194386284,67.23412073994758,67.23412073994758,4934568
2007-05-08,67.4986801147461,68.89479458378642,66.86675213975788,67.60890003215927,4809540
2007-05-09,66.8189926147461,69.05645573452432,65.94825252110255,67.85506259498345,9619398
2007-05-10,65.28691864013672,68.29592729730948,64.75786446465528,67.52806109564115,6452436
2007-05-11,64.89013671875,65.39714562364985,63.7805913972132,64.95626597511448,6797814
2007-05-14,66.58751678466797,67.30761921336776,65.02973910401782,66.03641730073561,2260536
2007-05-15,65.35672760009766,67.12024600009205,64.66234357555763,66.64630177555132,5589780
2007-05-16,66.13928985595703,66.7087616132037,64.66969335047206,66.7087616132037,5754918
2007-05-17,66.80428314208984,67.94689976930346,66.2458374055592,66.6463062082616,9493524
2007-05-18,66.77857208251953,67.59420217766456,65.57350589610375,66.78592501049823,3648240
2007-05-21,68.52739715576172,68.83601157930498,67.16066748784027,67.23414967527052,6169008
2007-05-22,68.13426971435547,69.34301550203982,67.601535718392,68.35838261171027,5886336
2007-05-23,67.19373321533203,68.32899692501455,66.79326440923035,67.89546349189091,5537862
2007-05-24,66.1429443359375,67.21575156839492,65.82698383348358,67.16064163086214,4444266
2007-05-25,66.67568969726562,67.08717775018022,65.25017727369404,66.0584542542495,5912568
2007-05-28,66.99164581298828,67.54274524667079,66.35237181537417,67.08717330271352,4775268
2007-05-29,67.52070617675781,67.96158576453237,66.57281775395798,67.01369734173252,6622182
2007-05-30,67.13494110107422,67.38109933613397,66.64630445808645,66.94021971838983,7351404
2007-05-31,67.77054595947266,68.18938700200421,66.86674807347798,67.59052369319986,8787150
2007-06-01,66.96595764160156,67.86608936566404,66.80062773681199,67.74852322731351,2974656
2007-06-04,66.3450698852539,69.39816413047306,64.95996745105195,69.39816413047306,5161824
2007-06-05,65.7278060913086,67.08718950760957,65.58452154939839,66.24216792941893,3582108
2007-06-06,63.49399948120117,67.69705420368084,62.12727695384551,67.69705420368084,8386254
2007-06-07,62.75188064575195,64.00104439185274,60.745883213946094,60.745883213946094,5508750
2007-06-08,63.541786193847656,64.58887547197698,61.870115103877765,62.81065755848856,9623526
2007-06-11,62.6710090637207,65.05910824837675,62.09051825548045,64.66231944735198,7643574
2007-06-12,63.25519943237305,63.62626993361111,62.4579417559789,63.54176846393161,3277464
2007-06-13,63.29562759399414,64.05982085722285,63.04579621598325,63.47565660837196,5037588
2007-06-14,64.62559509277344,65.02973694332526,62.85105750438789,62.85105750438789,1843482
2007-06-15,64.8460464477539,65.51839195213354,64.08553308589151,65.02974854483018,3626394
2007-06-18,65.36407470703125,66.12459471850376,64.68438307183332,65.02974190269546,4330080
2007-06-19,67.2598648071289,67.52806838717542,65.1767057775803,65.1767057775803,3573474
2007-06-20,67.79624938964844,67.96893214490736,66.36339086737998,67.60152803895423,4803960
2007-06-21,67.19373321533203,67.83300733781729,63.10824368225803,63.10824368225803,6124824
2007-06-22,66.83736419677734,67.774233545062,66.27891165190462,66.94023119187027,5078934
2007-06-25,67.384765625,68.11589405659448,66.5177056038103,66.71977316575584,7437960
2007-06-26,69.2989273071289,69.80593616888497,66.6022127894252,67.74850246898976,7756872
2007-06-27,67.73746490478516,69.80592427901364,67.4545689965101,69.75816726263285,5548932
2007-06-28,66.61327362060547,68.55682225700552,66.13198288457124,68.26290009064303,12122526
2007-06-29,66.53975677490234,67.4545806241843,66.07683183692563,66.49933922258862,6841872
2007-07-02,65.59185791015625,67.23413706377707,65.39713654091646,66.57281768282189,4846230
2007-07-03,65.2281265258789,66.42585286278323,65.04443120260599,65.94822887678271,5480796
2007-07-04,64.07450866699219,66.85939808486755,63.765894248895584,66.85939808486755,9707706
2007-07-05,64.66236114501953,64.95627647335269,63.942258499667325,64.65500821634322,4380486
2007-07-06,64.40882873535156,65.73882038586375,63.92753833898233,64.44190008528868,4931520
2007-07-09,65.43388366699219,65.91150099700462,64.40883320276617,64.40883320276617,5974872
2007-07-10,66.025390625,66.26420264145034,65.28691597833945,65.83801545684904,5355810
2007-07-11,66.19440460205078,66.49934591583752,64.76154571908259,65.83802643139066,4968408
2007-07-12,65.0811538696289,66.64627721838029,64.88275946818973,65.7718645399678,5967504
2007-07-13,66.20909881591797,66.42219242792326,65.40816794824164,65.40816794824164,5524746
2007-07-16,67.22312927246094,67.45458840450165,66.13194941617809,66.49934689272693,6594618
2007-07-17,67.14228057861328,67.82196536829345,66.90346859107586,67.38108583886297,5466804
2007-07-18,65.60655975341797,67.08718222272078,65.10322399767385,66.71977806655653,4206456
2007-07-19,65.80862426757812,66.20541993049463,65.43020755709009,65.69105817217557,3317568
2007-07-20,65.23548889160156,68.19673412045512,64.62560627442919,66.55812783793864,5500452
2007-07-23,66.80428314208984,67.3737549057271,65.39714277365663,65.88578615676558,4972116
2007-07-24,67.381103515625,67.9689475272725,66.96594229831706,67.45458569890332,5242956
2007-07-25,68.63396453857422,69.07117123930327,66.52141324437753,66.86677222876479,7928862
2007-07-26,69.75450897216797,70.4672653389411,68.4281968557471,68.95357801644442,14797524
2007-07-27,66.41117858886719,68.7882532016136,66.13195567299769,68.33635419543096,4339008
2007-07-30,66.46995544433594,67.22680245423828,65.39714781513042,66.86675117768826,3041748
2007-07-31,67.20106506347656,67.52805161847155,65.94455568667422,66.86673231010988,2519880
2007-08-01,65.00033569335938,66.198055213343,64.7358052985313,66.13192597827967,7415538
2007-08-02,64.4051742553711,65.30897899035907,64.09288670873602,65.30897899035907,3739380
2007-08-03,64.98565673828125,65.39347175383418,64.52641159465551,65.39347175383418,2650902
2007-08-06,63.97897720336914,64.58885973736447,63.19273879754024,63.93121345398831,2570826
2007-08-07,63.86875915527344,65.32366318540029,63.453597979093686,65.25018100940154,3601824
2007-08-08,65.25755310058594,65.500038323031,64.01941528021285,64.64767030695505,2518566
2007-08-09,63.604248046875,66.49935786147614,63.23317740890203,65.96295732269235,4137738
2007-08-10,61.888492584228516,63.273587952899554,60.995713814891516,62.60492215109848,14000724
2007-08-13,61.9472541809082,63.19273765078775,61.64965911851151,62.604900452350115,3736470
2007-08-14,62.70042419433594,63.1192651976393,60.98834263862282,61.135306990665306,3147750
2007-08-16,60.1690559387207,61.67171723318923,59.5224288317747,61.67171723318923,7830786
2007-08-17,57.60460662841797,61.35575696317538,56.43259835393109,60.18007558837183,14921358
2007-08-20,60.15068054199219,60.789954687388786,58.7839509395943,58.857433123501686,6725616
2007-08-21,58.0197639465332,60.61360495979847,57.59357670200593,60.40051133753484,4024242
2007-08-22,59.437923431396484,60.3931649004779,57.351091326921456,59.03746134349566,5341470
2007-08-23,57.61562728881836,61.58354445420281,57.10126541383848,60.25355919826798,5242212
2007-08-24,59.166046142578125,59.59223338102543,57.78829727223451,59.07787156033401,2275206
2007-08-27,60.12495422363281,60.61359756427632,59.37178716475808,59.51874478599765,4956108
2007-08-28,59.463623046875,60.5474495841078,59.00804442042991,60.5474495841078,4287282
2007-08-29,61.24552917480469,61.429224530774256,57.69277380468668,57.75522995662477,6564246
2007-08-30,61.77458953857422,62.73717724910967,60.620953526016244,61.20879083292951,13472754
2007-08-31,63.170692443847656,63.62993747411391,61.32266611618349,62.09053220244387,5217234
2007-09-03,61.80030059814453,63.53810061018537,61.704773094879286,63.192741776725676,3385164
2007-09-04,61.17939758300781,62.45059967573232,60.91487382961813,62.45059967573232,4650114
2007-09-05,61.07653045654297,62.16403045031453,60.64667010825795,62.16403045031453,4368252
2007-09-06,61.51372146606445,61.723141960058655,60.84138278920068,61.208780201295305,2215794
2007-09-07,62.520389556884766,63.413167882208874,61.57984749024651,61.72680508588139,6652986
2007-09-10,62.09135437011719,62.59503979124931,61.725716519851176,62.59503979124931,3350766
2007-09-11,61.8301887512207,62.97560720737118,61.5615537838591,61.93465183259821,4467234
2007-09-12,61.76298141479492,62.456948879792485,61.35257591088904,62.08385110396913,4207692
2007-09-13,62.36743927001953,62.658454732882156,61.95702671704821,62.300277125895335,4700616
2007-09-14,62.26295852661133,63.65089394991418,61.9831333873703,62.606208875635396,8782572
2007-09-17,62.382354736328125,62.97931964497085,62.277891684234376,62.97931964497085,3567222
2007-09-18,63.4718132019043,63.710600551874066,62.30774451185195,62.45698233578952,5920650
2007-09-19,67.44160461425781,68.57583263527849,64.17324484783369,64.17324484783369,17349858
2007-09-20,67.61322784423828,69.39664892329293,67.40056479331398,67.75500548874443,8720418
2007-09-21,69.09443664550781,69.59066181928034,66.78494965083786,66.78494965083786,7871196
2007-09-24,69.34812927246094,70.44131235446794,68.65043147400122,69.40409429997553,4712004
2007-09-25,69.44888305664062,70.41894600636283,68.27734733357953,68.72506764396365,5801406
2007-09-26,69.90033721923828,70.27716531263839,68.8034237661191,70.1428546776333,7726854
2007-09-27,72.58663177490234,73.12762469723576,70.22491063640446,70.22491063640446,17735058
2007-09-28,71.49344635009766,73.4261045405894,70.69127880477426,72.53066424131393,7677864
2007-10-01,74.582763671875,75.81026483275227,71.49349525867817,71.78451082235902,11099640
2007-10-03,76.634765625,78.50026163890426,74.24692034306851,75.36622068407792,12316194
2007-10-04,73.62385559082031,76.85863677542652,73.05301506726303,75.10879380189446,10573884
2007-10-05,72.07176208496094,74.54541346269235,71.54941957326491,74.25066114227062,6737640
2007-10-08,70.1167221069336,73.78429660175281,68.657901242082,72.2844310715207,5718168
2007-10-09,73.5193862915039,74.24693162369887,69.02353379315485,70.10551973274293,8774862
2007-10-10,75.3662338256836,76.24675389103636,73.12763275332004,73.87383538799733,10751700
2007-10-11,79.52256774902344,80.51501097073366,75.38115603886442,76.11989161125267,18178290
2007-10-12,81.6194076538086,83.5744537692433,78.3920861109429,79.84344691604623,23342442
2007-10-15,88.83513641357422,89.54402432895616,81.63429990267606,81.63429990267606,16422768
2007-10-16,87.71587371826172,91.07004597859779,85.8242526605999,89.54406272160453,13709064
2007-10-17,84.28335571289062,86.79059240036455,75.51550115411173,82.08206171939425,14102718
2007-10-18,81.6119384765625,89.5440453013995,78.57489975197807,84.46988501154304,10299684
2007-10-19,82.62677001953125,83.57444541962441,76.48553720577857,80.56725422371179,7952802
2007-10-22,81.78730010986328,85.81305237079438,80.29116459293594,82.00743014925338,6737370
2007-10-23,85.35787200927734,85.97722434177034,82.77975020635056,83.42521317997998,11308440
2007-10-24,82.67155456542969,86.18616181902952,80.88814029612202,86.18616181902952,12050886
2007-10-25,83.6341552734375,85.41010931497257,79.37335214509511,82.08952157028801,14399184
2007-10-26,86.22343444824219,86.93232922241168,81.86563010740264,82.82822567309881,11607648
2007-10-29,92.2266845703125,93.64819839565578,86.55928656531052,87.30548960841845,17600490
2007-10-30,90.89092254638672,94.62565852362084,90.29023451999053,94.02123357511383,13978800
2007-10-31,93.00271606445312,94.390645104594,91.03647244077504,91.03647244077504,14281170
2007-11-01,99.07674407958984,101.33399536360957,94.39433278585008,94.68535499295022,16101552
2007-11-02,101.94963073730469,103.35248662471238,94.19287868965117,97.00605747860337,11564568
2007-11-05,96.9202651977539,101.93100164382248,95.61441190375484,98.62533398081703,12465486
2007-11-06,97.28215026855469,99.61775435482923,95.98748755225505,97.37915313337238,9337422
2007-11-07,96.50237274169922,100.14009983247303,95.68901472966824,98.125358674506,10017738
2007-11-08,92.28260803222656,96.18523309061389,91.15211028247055,96.18523309061389,7176792
2007-11-12,88.15237426757812,91.11106040132393,86.9360709163438,91.11106040132393,14464512
2007-11-13,88.07777404785156,90.73051121839093,86.30181330910983,88.7978524820168,9545484
2007-11-14,92.20425415039062,93.4765295060256,88.89858721112928,89.45450743316115,11429502
2007-11-15,92.4542236328125,93.61829891485178,91.80876078363733,92.5288459452514,14882484
2007-11-16,92.9242935180664,94.02120622435073,89.00301316936019,94.02120622435073,10797174
2007-11-19,94.57343292236328,97.22990658846021,92.45422213478378,93.05118012961778,12798036
2007-11-20,91.08870697021484,95.85693296051359,90.51413614486825,93.94665439166738,8871894
2007-11-21,89.06649780273438,92.52887016482325,88.26059984512128,92.52887016482325,8784462
2007-11-22,85.69367218017578,89.54406991937715,83.1267471857119,88.13001662712081,9118086
2007-11-23,85.22730255126953,88.72325278491905,84.46990940481926,88.0628625274459,5887110
2007-11-26,88.3053207397461,90.21559115415239,85.9062856213548,85.9062856213548,7277298
2007-11-27,87.50695037841797,88.9993562587757,87.09280764414363,88.04795041350788,8661552
2007-11-28,85.83170318603516,88.42475198779476,85.42875768179637,88.07777151645965,4797564
2007-11-29,84.86534118652344,87.88745167866949,83.87289138134982,86.5853292785105,11414208
2007-11-30,87.12262725830078,87.8427124887622,84.5594329025599,85.39890837900387,6807900
2007-12-03,87.32782745361328,89.0216985876193,86.55923745724228,86.55923745724228,7218324
2007-12-04,86.39881896972656,88.34266788937913,85.83916865079239,86.64879656762844,6217422
2007-12-05,90.04771423339844,90.66332943325386,86.55922582366193,87.30542834313336,10742358
2007-12-06,89.29034423828125,91.6334154188939,87.91733589746629,91.39462809230179,5668218
2007-12-07,88.92098236083984,90.21563837680958,86.46971104200317,89.54405794224276,6467724
2007-12-10,89.08888244628906,89.5440629444782,87.00697888382804,88.40983495906887,6844932
2007-12-11,92.55123901367188,93.42429900916999,88.79785164531435,89.17095642632576,8801832
2007-12-12,93.59964752197266,95.03608101310043,86.5107460073351,86.5107460073351,11071092
2007-12-13,91.81623077392578,94.01379423391464,91.03645041172551,94.01379423391464,9006372
2007-12-14,92.44303894042969,93.02880670768032,89.54404766462014,91.40955093485596,6858516
2007-12-17,87.0181884765625,91.78267768759065,85.93246519124098,91.78267768759065,11884974
2007-12-18,85.84661865234375,89.40226280151506,85.1414607004482,88.72322231685033,29812614
2007-12-19,88.08895874023438,89.17095161613025,86.93235037749659,86.93235037749659,7694982
2007-12-20,88.83513641357422,89.89474161235579,87.38004601822868,88.80528886090902,6800052
2007-12-24,93.19668579101562,94.76743644647527,89.54403228590813,94.76743644647527,7909014
2007-12-26,93.64717864990234,94.54057448901797,92.6023696558798,94.25287285893346,9397386
2007-12-27,94.44976043701172,95.77470232274943,93.60936302293759,94.6390338883628,17421942
2007-12-28,92.79540252685547,94.97210120449682,91.68623423145368,93.31402917921275,8964024
2007-12-31,93.65095520019531,94.26042701564594,93.04904572339672,93.16639713804273,6729042
2008-01-01,94.6314468383789,95.01000060154382,92.76516354667957,93.8819085851045,5552718
2008-01-02,96.0926513671875,97.5917274741737,93.85916881721717,94.26043722416331,18435882
2008-01-03,98.85990142822266,101.79370817789055,95.41504406806997,95.77466765440313,26169270
2008-01-04,101.68769836425781,102.66436990711942,99.18165298322899,100.16590072796386,21062022
2008-01-07,98.34126281738281,101.60441544498295,97.8642809521224,101.06308091907589,11894130
2008-01-08,100.00691223144531,101.15015633084188,97.70907705787626,98.42455337819854,9793542
2008-01-09,98.52300262451172,100.69591771803752,98.14823349859448,99.86308973647843,6039504
2008-01-10,97.98168182373047,100.52179713103766,96.96336491857268,98.42459526465193,9847722
2008-01-11,98.58356475830078,100.27571307555614,96.69078912808453,98.34886185556253,8617074
2008-01-14,97.58415222167969,99.33308348138472,96.81189947084145,97.6674349926926,6107808
2008-01-15,96.70213317871094,99.03025265042388,96.15322927232553,97.66745100844557,5997942
2008-01-16,94.94939422607422,98.04598119674768,92.36764238358535,94.74119078011357,6402444
2008-01-17,94.70335388183594,98.22770919069545,94.03330701334107,95.39610856425907,8456454
2008-01-18,91.75821685791016,95.3809946886773,90.70204669236536,93.48064947702004,11830056
2008-01-21,84.53533935546875,91.58784198046737,78.92514344640173,90.85344239688355,13236276
2008-01-22,72.62596130371094,83.28230932260995,62.840287376295684,81.76808778525704,24170850
2008-01-23,75.07523345947266,79.34534983237593,71.92564668352355,75.63549825794975,11866644
2008-01-24,71.71744537353516,79.11821863709368,68.5186443646414,77.60398978013279,9301080
2008-01-25,76.93771362304688,79.4929663327357,72.75845724418025,75.63548020678918,7466844
2008-01-28,75.72256469726562,77.21028717123299,71.28588972886723,75.63549726962036,6402276
2008-01-29,77.21027374267578,79.7731027870773,74.50360082085616,77.78568391018288,5768076
2008-01-30,73.30738830566406,80.25389500766109,72.61084185129624,77.98255842189303,6460254
2008-01-31,74.92000579833984,78.36107782976863,73.43985303020858,74.19696027225405,20851146
2008-02-01,79.18636322021484,79.95104699161425,74.61719070702698,75.33644497455352,7932636
2008-02-04,79.68605041503906,84.9025476733628,77.83112115878154,79.52326946597981,11881128
2008-02-05,81.36680603027344,82.44569034474391,77.92194965248605,77.92194965248605,7486458
2008-02-06,77.84626007080078,79.92831584871556,77.22542728022135,79.92831584871556,7879308
2008-02-07,74.65126037597656,78.58824611418521,74.01150426581457,78.58824611418521,5884356
2008-02-08,75.43106842041016,76.77115524698792,73.81841850671914,74.9540864837456,4492296
2008-02-11,71.30482482910156,75.71122344434548,68.51865281558614,75.71122344434548,8271120
2008-02-12,70.96031951904297,73.33386839927927,69.6656621647419,70.63854923124516,8533860
2008-02-13,71.48273468017578,73.43986975404849,70.9565385807715,72.30420170079807,5384604
2008-02-14,77.61154174804688,78.16423018683128,72.68274062667403,72.68274062667403,7867956
2008-02-15,78.17181396484375,79.87153137852683,71.92563978303482,77.21785697601712,8111538
2008-02-18,77.31629180908203,78.5882416145915,75.94213602168563,78.17561225577506,3149484
2008-02-19,76.57052612304688,79.87531738324734,76.08975951870973,78.07339397465029,3490026
2008-02-20,75.99512481689453,77.24057507134499,74.76481310670502,77.24057507134499,4215822
2008-02-21,75.82853698730469,77.50553923456275,74.59065636826408,77.22540693226634,7829850
2008-02-22,75.6089859008789,76.01403895361955,74.49981733457732,75.6960533147244,3530190
2008-02-25,76.74089050292969,77.60399560960893,76.08977357047081,76.42290477581466,5315874
2008-02-26,77.87654113769531,79.22419726911738,77.07400426244884,77.21785508100118,8922264
2008-02-27,78.6790771484375,79.80339123384451,78.15288800865244,78.73964518383957,7035870
2008-02-28,78.85321807861328,79.57247915063961,73.85627852442896,78.36109755425412,8565696
2008-02-29,77.00962829589844,79.41346070662752,74.34838525236081,79.41346070662752,8850000
2008-03-03,74.14777374267578,77.5585627119682,73.28844645550274,77.5585627119682,9619908
2008-03-04,72.20198059082031,75.63548374337739,71.79314291078018,74.95408298893254,6247620
2008-03-05,75.05628204345703,75.7868898568273,72.07704660953928,72.15275316948188,4942446
2008-03-07,72.2890396118164,75.55976146718342,70.48711661617713,74.27267361315536,12049050
2008-03-10,73.47772216796875,75.70362875313488,69.77165556371419,71.16853279778748,13274916
2008-03-11,75.27967071533203,76.77118514066738,72.75849236987376,73.28468170728462,14303514
2008-03-12,76.74464416503906,77.25569467678692,75.71118923613098,76.46829648434293,7383672
2008-03-13,74.68909454345703,76.01403580591618,73.08022937439462,75.78690222588698,8100462
2008-03-14,75.88531494140625,76.46828731398595,73.5155513779901,74.99949554692057,7627224
2008-03-17,74.54146575927734,75.25694221204625,72.68275885861432,73.96984706954628,6100410
2008-03-18,74.57930755615234,77.45254577102216,72.69788637191128,72.69788637191128,13956954
2008-03-19,75.27967071533203,77.36173410498651,74.19700107986527,75.71123025989942,11423370
2008-03-24,75.62033081054688,79.04247971893273,73.43985415665689,77.22541121964692,11887866
2008-03-25,81.31761932373047,82.66906711421127,76.46831522629495,77.22542959163755,9880020
2008-03-26,80.4204330444336,83.79714580817848,79.59138992959228,81.47281817294754,8777832
2008-03-27,81.09046173095703,83.2974445666283,79.49674225099118,79.49674225099118,19127622
2008-03-28,79.43240356445312,82.14664579689627,77.75540102602366,80.52642665577608,12130422
2008-03-31,74.23863220214844,82.51764928609289,73.82221821502866,80.40530919016517,14573082
2008-04-01,76.33203125,77.6039738010135,73.21272904208836,75.71119851689878,6352704
2008-04-02,76.67276000976562,79.40593335595425,75.71122653786905,78.28540354055241,5245110
2008-04-03,77.12321472167969,80.01159898545906,76.26010977385805,76.61974030123424,8110980
2008-04-04,76.10490417480469,77.8765435450325,74.32190396523339,77.8765435450325,6655134
2008-04-07,77.11942291259766,78.9554217383906,76.50616637983926,77.22542043612394,7176702
2008-04-08,76.6197280883789,77.90681603301833,75.35913259129535,77.22541530969747,8150052
2008-04-09,76.77117919921875,77.22544653175851,75.63551086786936,77.22544653175851,6622428
2008-04-10,75.94967651367188,78.28536477610774,75.41591126085889,75.8626091110281,7308654
2008-04-11,75.92698669433594,77.83112320371292,75.37808272083325,77.30114934363048,7132458
2008-04-15,77.6834716796875,78.96677506471667,74.19696971990358,75.86261834131302,6401952
2008-04-16,77.03992462158203,78.89106891784236,76.16546584887546,78.73585726846821,6467670
2008-04-17,77.0209732055664,78.66390648844776,76.54399145705818,77.67965898609467,8934744
2008-04-21,78.0960922241211,78.36107906987395,77.09669900377405,77.9825254428604,4803474
2008-04-22,79.64439392089844,80.5945731594478,77.22542251376598,77.52826961846003,6990174
2008-04-23,79.01220703125,80.78384629936478,78.58822385854067,80.25387253215355,5453160
2008-04-24,78.16423034667969,80.17814841776672,77.47526038149805,79.87530135401416,11168982
2008-04-25,79.88668060302734,80.17816689677409,78.23996187781032,78.58823157587489,6492876
2008-04-28,79.38319396972656,81.23811607719006,78.81535996422065,81.23811607719006,3277398
2008-04-29,79.6216812133789,81.08669571531621,79.20527423177751,79.64818059565181,10807740
2008-04-30,78.21346282958984,80.54158241661926,77.85004765408142,79.87532010625917,15250224
2008-05-02,78.73587799072266,79.33778077388573,78.13397520755959,79.04250980299634,11644764
2008-05-05,78.72828674316406,79.17498464299149,77.69483170193647,78.06581609608742,15973308
2008-05-06,79.0046615600586,79.8374826819695,77.98256007479867,78.72831375451429,7396224
2008-05-07,78.64120483398438,79.57245374902595,77.5471750309508,79.57245374902595,8681910
2008-05-08,77.97876739501953,79.19392682357174,77.4147179315666,78.36110578756015,4213098
2008-05-09,78.10369110107422,78.66395594942315,76.46832605837906,77.22544053097036,9520152
2008-05-12,77.9446792602539,78.7699308905452,76.6992290773375,77.60397885513638,6935772
2008-05-13,75.7339096069336,78.55037177291118,75.02980099700653,78.55037177291118,12138624
2008-05-14,71.11553192138672,75.70362650664454,70.52498317195861,75.70362650664454,26953212
2008-05-15,72.02784729003906,72.44046961434404,71.24423363322752,71.31994714028947,8035812
2008-05-16,72.0127182006836,72.6827652151381,71.34267811779773,72.22849793254349,6257184
2008-05-20,70.92626953125,72.09222184990337,70.33572063260421,71.92187160596146,9639228
2008-05-21,71.28587341308594,71.84613807600968,69.35145340342615,70.41140776899638,7054494
2008-05-22,70.11614227294922,71.00953116229068,69.351458721596,70.78996684270236,7747182
2008-05-23,68.15142822265625,71.01709736572661,67.8637266108633,70.5628302036184,51675168
2008-05-26,67.75397491455078,69.04107040684785,67.04607447325836,68.51865877663366,10255494
2008-05-27,66.96276092529297,68.51483559946804,66.70155179133255,68.44291367042725,9355830
2008-05-28,66.16022491455078,67.45488910234803,65.11162441735208,67.08768934997592,29776410
2008-05-29,64.6005859375,67.29969004151559,63.61256021801766,66.62586537323584,28564080
2008-05-30,65.50532531738281,66.17158753825059,64.80878601182141,64.88449258668948,11496066
2008-06-02,63.07501983642578,66.24731485527137,62.280052030436245,65.86876106770418,10827972
2008-06-03,63.5444221496582,63.93812139387704,62.124836861161825,62.46175269384081,7639062
2008-06-04,67.09524536132812,69.19623057600545,63.627674291582935,64.11222537448523,42189384
2008-06-05,72.46319580078125,73.81085900880322,67.15583962327719,67.3829732487579,55402242
2008-06-06,71.08904266357422,73.43987715708987,69.03347912104113,72.4556291012007,16979772
2008-06-09,66.62210083007812,69.65433008076899,65.36150467731532,68.22339059014116,22435260
2008-06-10,62.80622482299805,66.24729746502591,60.19040379606966,66.24729746502591,31238742
2008-06-11,62.94631576538086,64.8012385782318,62.31791348452871,62.91603173567534,9361416
2008-06-12,63.022029876708984,63.59743337789985,60.686333341523955,61.977213513472314,5904810
2008-06-13,63.74504852294922,65.09649632304874,61.318507604712366,63.21885933794048,7261836
2008-06-16,63.979736328125,66.10343654260004,63.37026449808937,64.88448595096249,10112514
2008-06-17,66.87189483642578,67.91292583165801,63.47625270378205,64.0592250703851,9316206
2008-06-18,66.77352142333984,68.05682540860045,65.56592404839375,67.31485626546872,7446744
2008-06-19,64.78608703613281,66.6145100898498,63.385431881340075,65.49777198883726,10328754
2008-06-20,65.69082641601562,67.52681844772715,64.77471578654216,65.11163156043229,13233936
2008-06-23,66.9892578125,68.14007113755416,64.82013498724778,65.03591465180996,13251570
2008-06-24,64.64599609375,68.04164553040324,63.29454866219652,67.23153261216993,11685498
2008-06-25,65.52044677734375,66.46683406886939,62.84026726540761,63.50652924208317,12408174
2008-06-26,66.00123596191406,67.61009422024095,64.01760174643304,65.28955119737891,14108538
2008-06-27,63.029563903808594,65.09648071903953,61.71597664263938,64.77091891435268,18507294
2008-06-30,61.708412170410156,64.71036318858938,60.568959500548395,63.06742917525507,9746274
2008-07-01,60.099552154541016,62.83650927139683,58.956314878998,62.83650927139683,12565146
2008-07-02,65.06243133544922,65.67190334355287,59.07367413939551,60.489474696030015,9486420
2008-07-03,65.06620025634766,66.62585127372712,61.704619172445966,63.218847633563236,8189580
2008-07-04,66.3608627319336,66.9286967168947,62.46552298141376,62.46552298141376,6517608
2008-07-07,66.81890869140625,69.27574008545199,65.11162225066765,65.18733575254006,12120930
2008-07-08,65.69461822509766,66.77728761021517,63.45356593389745,65.41448582225159,9022308
2008-07-09,66.4214096069336,69.57857110282663,64.98668655881268,67.00438888051131,14605896
2008-07-10,66.83027648925781,67.61009860665057,65.86874333475981,66.24729702041417,5538138
2008-07-11,64.316650390625,70.20319974093827,63.97595005259655,70.20319974093827,8534214
2008-07-14,66.3040542602539,68.4126154101967,63.59738226600212,64.35449627016654,8144994
2008-07-15,63.991127014160156,66.24731823929582,63.1431603869132,66.24731823929582,15726378
2008-07-16,65.42203521728516,66.24728669826159,63.59739744843232,64.05166457306397,7558620
2008-07-17,68.33314514160156,69.54073508821678,66.01259500655173,66.01259500655173,12564180
2008-07-18,71.47134399414062,71.91804175696205,68.14005473961441,68.14005473961441,9496356
2008-07-21,72.32310485839844,73.04615034896625,70.56281986318524,71.54706754737477,11469582
2008-07-22,72.99694061279297,74.80265519855672,71.18744139188136,72.00890823438574,13755744
2008-07-23,75.29856872558594,77.22541957949903,74.19696944232969,74.19696944232969,19498362
2008-07-24,77.75920104980469,82.37379568750865,76.07841354314382,76.07841354314382,19945416
2008-07-25,74.46952819824219,77.90681581993263,73.75027419167074,75.7111935835374,16363566
2008-07-28,76.58943939208984,79.04247907346753,72.02026880346841,79.04247907346753,12364362
2008-07-29,74.45819091796875,77.14971882346322,72.72818934898336,73.8222126103277,10418580
2008-07-30,74.99193572998047,77.37683835317668,74.00011862140394,75.78690327104587,12103746
2008-07-31,75.42727661132812,76.18059926760982,74.81779782478472,74.95407935538054,16353186
2008-08-01,75.52571105957031,76.61974119838256,73.84492370743477,74.21212351104731,11740302
2008-08-04,74.3597640991211,75.98376815987591,73.51558226306591,75.55978492371152,10327278
2008-08-05,75.9421157836914,76.31688481387472,74.2726825420745,74.95408329934125,16158942
2008-08-06,76.99071502685547,77.98253213035782,76.46830362931647,77.09670561530623,9198984
2008-08-07,77.55476379394531,79.421039629599,76.55537049501257,77.14970382578237,14711250
2008-08-08,80.54917907714844,81.29871749959374,76.92260922428358,77.60401031071396,14976588
2008-08-11,83.691162109375,84.34227888977534,81.38954209750347,81.76809578599023,14838684
2008-08-12,82.3965072631836,86.31077766574258,81.19270182099918,86.31077766574258,10957662
2008-08-13,82.06339263916016,82.1466754473788,80.33718228314376,80.89744025566876,7239324
2008-08-14,80.7308578491211,82.07095177586692,79.87532212299956,81.02992035542863,6522954
2008-08-18,81.34412384033203,82.14666082066086,78.78130122147783,81.02613814355725,5453064
2008-08-19,80.49238586425781,81.34413711871069,79.89426766767998,80.93529928920108,5458104
2008-08-20,78.41409301757812,81.01098401747298,77.86897374822662,80.72328237341435,8840004
2008-08-21,76.49102020263672,79.4816101266095,75.87018747278577,77.98253399482505,6329994
2008-08-22,77.16487121582031,77.98255372374847,72.21335359821406,72.21335359821406,6939066
2008-08-25,76.81280517578125,78.64880433609451,76.34339936875372,77.37685461673011,2923896
2008-08-26,76.91500091552734,77.58504774976646,73.8449129472636,73.8449129472636,4807914
2008-08-27,76.21468353271484,78.35731438143227,75.80584578872867,77.5282780535021,4342428
2008-08-28,75.65442657470703,77.21786255098668,74.96166486558626,77.21786255098668,13135416
2008-08-29,77.47148895263672,77.81597399395093,76.20710865763324,76.20710865763324,7883172
2008-09-01,78.06959533691406,79.12576505001843,75.77932953123891,77.14970022041686,4654740
2008-09-02,83.46781921386719,84.796552253302,78.73965120777251,78.73965120777251,15943644
2008-09-04,80.88605499267578,84.39527162545322,79.70874222301718,84.39527162545322,6652332
2008-09-05,81.15861511230469,81.68101956198808,78.75099783186678,80.88605204977713,6438234
2008-09-08,84.36141204833984,86.2715657166002,82.85016047328024,82.85016047328024,13196682
2008-09-09,84.56851959228516,86.66278853480658,80.75204069409318,81.72629795766993,7914996
2008-09-10,82.69290924072266,84.89457199261639,80.79041781791665,83.6173013808233,10006260
2008-09-11,79.46709442138672,83.46384724574077,78.49667889416108,83.46384724574077,9835926
2008-09-12,78.50818634033203,81.1394494250896,77.52242487483848,80.54108583838396,12421770
2008-09-15,73.74813842773438,80.52573631693295,72.428672226161,80.52573631693295,20275776
2008-09-16,73.0692138671875,74.02812509390078,70.72946710282658,71.1897456153758,14294832
2008-09-17,75.08293914794922,76.54049024389865,72.19852874806843,76.25281614754634,19055712
2008-09-18,76.84734344482422,78.37777536585926,70.82920232200048,73.56785851111005,17017668
2008-09-19,82.17890930175781,83.21070141543936,77.12351422588527,80.14217512715221,13825302
2008-09-22,81.29285430908203,83.46383126222008,80.088457979654,83.46383126222008,6652446
2008-09-23,80.9246597290039,82.54330448629057,79.78163251065303,80.85562073893098,8148618
2008-09-24,81.4539794921875,83.14550502575258,79.95807379995766,79.95807379995766,8443584
2008-09-25,82.16355895996094,83.12631204206951,79.29065263337176,81.69944567449333,19748514
2008-09-26,79.42875671386719,81.65343464926144,79.09121714386542,80.70986897821282,5985708
2008-09-29,78.36628723144531,80.54110700474932,76.14160908028352,79.7816428985863,12252528
2008-09-30,79.3366928100586,81.54603160203156,76.4254319283088,77.48023242234756,10597356
2008-10-01,79.83916473388672,81.6534292681397,77.94051531269443,81.6534292681397,5628546
2008-10-03,78.25120544433594,81.02054679026618,77.71037662436942,79.39806735366147,9672300
2008-10-06,75.27855682373047,77.85611244067357,73.2610034877538,76.79363567310199,10034004
2008-10-07,75.74652099609375,79.7509437563499,74.79527894237954,76.87803697745716,15340932
2008-10-08,73.9130630493164,74.94868980880847,72.19469490990775,74.9448550905828,17255844
2008-10-10,70.2922134399414,73.91307286057251,68.4702795734218,70.57605285925163,19731720
2008-10-13,70.3459243774414,73.26102744055935,69.34865856090227,72.08731537200312,18547536
2008-10-14,67.62643432617188,72.72401838760636,67.13163623863652,71.72674575216354,19829184
2008-10-15,64.33930206298828,67.50755323080425,63.67189224805517,67.04727447473807,14814852
2008-10-16,61.6619987487793,64.33929302557497,60.01266911231394,61.37048984732368,14598492
2008-10-17,59.53703689575195,63.62584399539958,58.30195206445966,61.370474748384844,12730890
2008-10-20,59.79402160644531,63.871317211924186,57.922219156737725,60.60334377395129,13785216
2008-10-21,60.5611572265625,61.51623394586172,57.55784207981926,61.209386218754105,17259648
2008-10-22,58.394012451171875,60.91019884478971,57.63455206151213,59.82854835256838,15171780
2008-10-23,59.556209564208984,60.60334752728832,55.70904948008199,56.763853368153455,16690326
2008-10-24,50.47722244262695,59.06141968342815,48.712823350437844,59.06141968342815,20064180
2008-10-27,46.933074951171875,50.63064614786036,41.283154417342594,50.47721877686328,26124960
2008-10-29,49.736942291259766,53.315609355962664,47.581303564032766,52.302994258977954,34794774
2008-10-31,51.3287239074707,53.60710466589533,45.805381722169386,50.707348613953585,22901604
2008-11-03,54.51231384277344,54.99176941102431,52.011467024975495,53.69915357500125,9878424
2008-11-04,58.324954986572266,59.84387186432583,53.71449723755418,54.466287997128205,16483794
2008-11-05,57.92988967895508,62.04171538249206,57.22796769775771,59.836211650432816,11980002
2008-11-06,57.05152893066406,59.606076469740266,54.10958352862023,54.10958352862023,15459540
2008-11-07,56.76769256591797,60.296493833459515,55.233429465764445,56.997831855358655,19187172
2008-11-10,61.7885856628418,62.13762943495669,57.174290626545954,59.682811847760824,9663780
2008-11-11,56.44933319091797,62.1069266999918,55.54795660016902,61.06363040494521,13773366
2008-11-12,54.60438919067383,58.301960752190375,52.26080351348546,56.60276588279334,17562120
2008-11-14,53.16218566894531,56.92112691943268,52.16491640126031,56.76770303926423,13764264
2008-11-17,53.73370361328125,55.01864714947351,51.282717423881124,53.162189956529936,12363210
2008-11-18,51.21366882324219,53.315611017469365,50.109002881774984,52.556150548975126,15856530
2008-11-19,50.05527114868164,53.315577336577114,48.94293296037044,51.39774851468793,13830516
2008-11-20,49.947906494140625,50.9298369254353,46.97144095791658,49.763797830442556,10952082
2008-11-21,52.751747131347656,53.9523086904792,49.096369385510535,49.936379707480754,18149784
2008-11-24,52.04983139038086,53.507378892163366,50.82241964100419,52.69421852041016,11474550
2008-11-25,52.61368179321289,55.49809257298404,51.98079869788418,55.49809257298404,17393040
2008-11-26,53.718345642089844,54.228486082201385,52.56381099362738,53.683822642545984,17175960
2008-11-27,53.718345642089844,53.718345642089844,53.718345642089844,53.718345642089844,0
2008-11-28,53.22353744506836,56.85206542970933,52.184076079591236,56.85206542970933,21902580
2008-12-01,52.241615295410156,56.000555607203566,51.789006182821346,55.605484824868675,14496876
2008-12-02,50.77256774902344,51.55120527717786,49.249812184446704,51.01421472608965,12932430
2008-12-03,49.99775695800781,51.754486270131004,49.09637697003417,51.27503062290074,13478742
2008-12-04,51.74298095703125,52.080520444974546,49.64104264052777,50.24707561753857,10854408
2008-12-05,50.2816047668457,52.51395538264095,49.89036512857825,51.78901444553997,18645306
2008-12-08,50.68434143066406,53.23888531801188,50.12433561821639,53.23888531801188,16945530
2008-12-10,51.93476867675781,53.49971307146781,50.64598722172339,51.39777464800333,13651872
2008-12-11,51.0103645324707,52.51777735701155,50.668993878983805,52.16489903843041,10615410
2008-12-12,49.58351135253906,51.24435183605862,48.75117375150392,50.63064586712027,13826856
2008-12-15,51.69313430786133,52.20327489664094,49.86352717153918,49.86352717153918,18726402
2008-12-16,54.72329330444336,55.54028860078486,51.551208185547566,52.16491421544845,17987724
2008-12-17,55.04934310913086,56.767719147808165,54.37810203006647,55.547979640291416,17292594
2008-12-18,56.184688568115234,56.84058714817128,52.966572250635025,54.84987957901308,18667140
2008-12-19,54.53917694091797,56.092617146404564,53.41916526281669,56.092617146404564,14538450
2008-12-22,54.51616287231445,56.898105980658,53.806567883150585,53.867937425389265,11278572
2008-12-23,54.19740295410156,55.44490516882788,53.40246882822518,53.996703137289586,12664530
2008-12-24,52.784629821777344,54.70113774809649,51.73783085341559,54.228897720351505,24642600
2008-12-26,50.60445785522461,55.07893173255081,50.13615216520526,55.07893173255081,13044732
2008-12-29,51.651268005371094,52.63116490579609,49.353031576776075,50.372283025221634,9373536
2008-12-30,52.88299560546875,53.126987897910865,50.234518556802385,51.245897071532085,11821632
2008-12-31,52.505226135253906,53.363128457501816,51.6551925593703,53.12700842007924,7961142
2009-01-02,53.544132232666016,54.465002185623234,52.89086800821996,54.04391993307142,8696136
2009-01-05,57.08199691772461,57.96744671479376,53.52445663991596,53.914053109464604,14517996
2009-01-06,56.582218170166016,57.613275910703926,55.338653885873576,56.81833815340661,10691238
2009-01-07,54.35482406616211,57.41257738983962,53.52053530896925,57.41257738983962,11618064
2009-01-09,52.66262435913086,62.76068789067613,51.99361894915047,54.30759547701289,13266984
2009-01-12,51.43479919433594,53.36311349352144,51.001913781418715,53.12699352231117,12386688
2009-01-13,49.63241195678711,51.55285370495643,48.813864491544635,51.23802831107924,10910874
2009-01-14,51.04913330078125,52.1038043495062,49.86066478797548,50.368321247581136,10523460
2009-01-15,49.21920394897461,50.49031589429025,48.68793404968701,50.06529925427925,12688674
2009-01-16,51.057010650634766,51.15932954752154,46.26377439727672,46.26377439727672,9415608
2009-01-19,52.753143310546875,53.39460094764403,50.372264297174425,50.372264297174425,8541948
2009-01-20,52.27303695678711,52.5760593324638,50.87993027081242,51.867699267817905,9519342
2009-01-21,51.16326141357422,53.19782892931555,50.38013043513063,52.31631343097944,7505460
2009-01-22,51.11996841430664,53.12698795944108,50.65559726466767,53.12698795944108,7794018
2009-01-23,50.883853912353516,52.09593595362165,50.13613946750687,50.13613946750687,7589004
2009-01-27,48.888648986816406,51.31674784448822,48.28654223832467,51.159336905794945,19384842
2009-01-28,50.47063446044922,50.95468103199576,47.778868730386925,47.778868730386925,8743782
2009-01-29,50.30142593383789,52.08413255478586,49.54584269664748,50.45097171466455,16103292
2009-01-30,51.54891586303711,52.33204672480112,49.632408615547554,51.0609349140712,9625044
2009-02-02,50.33291244506836,52.245482203937684,49.58519794180295,51.182942248041904,9317670
2009-02-03,51.26951599121094,52.33992820989189,49.77015273122194,51.90310482151261,11187168
2009-02-04,52.379276275634766,52.89087072017611,51.49382643098896,51.946390885887254,10361916
2009-02-05,52.229732513427734,53.43394570636823,51.60007810891515,53.43394570636823,7151940
2009-02-06,53.77632141113281,54.150176817120865,52.359601637403735,52.359601637403735,6752946
2009-02-09,57.01511001586914,57.361421285110296,53.04829673372614,53.914067701018176,14402790
2009-02-10,56.468074798583984,57.36926554444529,55.3661842918065,57.01508568093027,10419144
2009-02-11,55.62593078613281,56.609765237668896,53.59923549093155,53.59923549093155,10072158
2009-02-12,54.59091567993164,58.132713889307446,53.795978268106836,58.132713889307446,7227006
2009-02-13,55.47245788574219,56.251654591980056,51.35609905465437,55.01595898728492,8474382
2009-02-16,54.11083221435547,55.49606636578041,53.40247224472567,55.49606636578041,8688438
2009-02-17,53.31587219238281,54.26035175787089,52.7334412054499,53.12697555870447,10888938
2009-02-18,52.796424865722656,54.29185008852702,49.80163644528969,49.80163644528969,7136910
2009-02-19,53.50870895385742,53.91404646296831,52.73344687908649,53.12698127468177,5848104
2009-02-20,52.96171188354492,53.4890438599194,52.04871415320905,52.776749552415225,6564132
2009-02-24,53.50477600097656,53.96914350159088,51.63155770470235,51.63155770470235,4882392
2009-02-25,55.122188568115234,55.46456169404814,53.44180150771286,53.756630435178415,6486642
2009-02-26,56.64910888671875,57.432239763542455,54.4807405788038,55.06710244137541,14814390
2009-02-27,54.38631057739258,56.35397983093461,53.59924503771913,56.235919819838315,10838322
2009-03-02,52.2966423034668,54.69325870997575,51.31674220400608,52.26516011918851,9475218
2009-03-03,51.03733444213867,53.12699779663503,50.45097244192105,52.103812373371916,13514280
2009-03-04,52.24940872192383,52.6390088089286,50.864174776842844,51.23803017082305,10213470
2009-03-05,51.16326141357422,53.04828676493795,50.175492651380836,52.339926868683165,25542294
2009-03-06,52.99710464477539,53.268644659803904,50.37223824928525,50.52965269853507,9458022
2009-03-09,52.45011520385742,53.12699292746878,51.71420748810444,52.54849972506174,5310702
2009-03-12,53.72120666503906,54.2564107615581,52.890852720747986,53.52050693029613,9545214
2009-03-13,55.59838104248047,55.87385554403401,53.64252252987439,53.67007034032023,6449754
2009-03-16,56.32248306274414,56.51137976426742,54.70899775983037,55.33077988337809,6957696
2009-03-17,56.34607696533203,57.20397876760773,55.60623511021176,56.275240276458035,9021822
2009-03-18,56.971805572509766,58.09337531318855,56.4326669520483,56.464149131048515,9400038
2009-03-19,57.550315856933594,57.91236460349451,56.849824599257445,57.44012460161137,7769394
2009-03-20,59.42350769042969,59.85639296057709,57.113466385941265,57.39287516658198,11170506
2009-03-23,62.50883865356445,62.96533397961898,59.42353741106191,59.42353741106191,10342698
2009-03-24,61.32822036743164,63.728770701510584,58.825347549047486,58.825347549047486,14446272
2009-03-25,60.10829162597656,61.761135518511345,58.72305356951919,61.23379979866437,17949300
2009-03-26,63.5634880065918,64.1459118827082,59.86427096789954,60.24993664255733,26586258
2009-03-27,63.614681243896484,66.38122338215065,62.378985221890886,66.38122338215065,10201464
2009-03-30,61.58403015136719,63.740592178500044,60.541162091120036,63.740592178500044,8487360
2009-03-31,61.40693283081055,62.807907864064966,58.68367740607851,58.68367740607851,11644224
2009-04-01,63.303768157958984,63.74452593489494,59.12444162443281,61.39119487641633,12291942
2009-04-02,68.58103942871094,69.40351764102422,63.79173469664301,63.79173469664301,13250562
2009-04-06,69.79705810546875,71.96935730468846,68.87619174896207,68.9116083000183,12621156
2009-04-08,71.24917602539062,72.60686537798713,65.64132869944852,68.71088723575367,21660318
2009-04-09,69.61604309082031,72.25271379581143,68.89587282917348,72.25271379581143,14791416
2009-04-13,70.50149536132812,71.59945186243068,68.15996734724882,70.2063453768484,8012226
2009-04-15,70.46212005615234,71.07209894404234,68.95488831640844,69.65537936376242,14845860
2009-04-16,67.00689697265625,71.22163904432789,66.52678838354011,70.50541053193386,16400766
2009-04-17,68.02222442626953,69.74983154462251,66.71963033410485,67.49095454062967,15919716
2009-04-20,68.01435089111328,68.83683637070104,66.94787671026884,68.47478769066733,10592760
2009-04-21,67.93565368652344,69.85216128673595,66.21197355506338,67.68772339065774,8834214
2009-04-22,66.05847930908203,69.17526500885579,65.33438209357989,68.15994507059551,8139600
2009-04-23,67.29026794433594,68.27803328230111,65.89322696483745,68.17965234751723,7314486
2009-04-24,67.42405700683594,68.23867381532905,66.20017181380517,67.42799858484784,6997614
2009-04-27,66.74322509765625,68.05762928494576,63.980626490438446,63.980626490438446,12482466
2009-04-28,65.53508758544922,66.97935505686948,64.93298461047561,66.97935505686948,9555342
2009-04-29,68.06159210205078,68.47480211481259,65.60594546737138,66.11360204188802,16376064
2009-04-30,68.06159210205078,68.06159210205078,68.06159210205078,68.06159210205078,0
2009-05-04,70.12763214111328,72.50063499285736,69.18315224695688,70.73367676924153,11329626
2009-05-05,69.80888366699219,70.83600721273916,68.21507350470556,70.83600721273916,10426710
2009-05-06,69.7931137084961,72.41010462037619,68.69515034280491,69.9702036441485,14874186
2009-05-07,70.15126037597656,71.22166922690919,69.28942373194167,70.75729792612087,9877074
2009-05-08,69.50978088378906,71.6899561567277,69.1044396948159,70.1866585874475,9109566
2009-05-11,69.23823547363281,71.13506366662281,68.67154907974553,68.87618683390045,8601432
2009-05-12,69.4546890258789,70.26143707558717,68.95883563849637,69.26186155655833,14524662
2009-05-13,67.27056121826172,70.04890454422848,65.84597300978174,69.66324250322667,15287448
2009-05-14,65.3776626586914,67.21152620299208,64.95658410375285,66.11357014004213,10778088
2009-05-15,64.00031280517578,67.13284387879385,63.150286706790645,65.72005847899742,25716534
2009-05-18,74.55096435546875,76.801973364122,67.8608945036277,70.0804213223159,736404
2009-05-19,78.36820220947266,83.42904314681144,69.6553783577497,76.36905157573524,33132612
2009-05-20,78.26982879638672,82.55540443365932,75.1648529052393,75.55838375201137,18802506
2009-05-21,84.63328552246094,86.8606883011601,76.85706927961627,76.85706927961627,25747254
2009-05-22,82.33108520507812,88.70238927714034,80.38703725803327,88.70238927714034,23501568
2009-05-25,81.90609741210938,83.2716562443529,78.80112065516559,80.3988651296646,10069458
2009-05-26,79.87938690185547,83.32674007476155,78.99393697075682,81.85492456184957,12492876
2009-05-27,87.01412963867188,87.9940259189729,80.67430799961284,81.84703892114527,19488216
2009-05-28,88.88736724853516,90.32375895564914,83.25197004558997,83.25197004558997,25214226
2009-05-29,92.02774810791016,96.02210808910533,87.85629816884217,89.72557865556347,31131492
2009-06-01,92.6141586303711,94.76285260521247,91.69329184281402,92.17340070717768,10082466
2009-06-02,91.60275268554688,96.02212653214566,90.44182460152773,95.2350647054119,11878896
2009-06-03,91.94904327392578,92.48031317190315,90.71334788378162,92.47244442829704,7672758
2009-06-04,92.03563690185547,92.66922939893169,88.54499822664773,90.92587724756773,9766200
2009-06-05,93.01554107666016,93.96002113527622,91.29973659761578,93.22017890308103,8391570
2009-06-08,87.64381408691406,93.95215597396822,86.57733960748196,92.08680922820027,9192576
2009-06-09,89.10774993896484,89.69804992407737,84.21612880744965,86.65997218697755,10586556
2009-06-10,91.77985382080078,93.49565832307269,88.66700107570621,89.3320758220302,11427738
2009-06-11,88.19474029541016,92.78334207276897,87.52179696165948,91.53583632096108,7709850
2009-06-12,88.70630645751953,89.25332091401484,85.05038963689476,88.23013229348804,10271352
2009-06-15,88.58039093017578,91.98445808249568,85.26684314375606,85.26684314375606,12043680
2009-06-16,88.68273162841797,90.0404215145123,84.64901289823,90.0404215145123,6246996
2009-06-17,83.52350616455078,88.91491462232854,82.4334184743328,88.62369902788073,10568022
2009-06-18,79.30874633789062,84.60176554418082,78.36033227444013,83.42904187732387,16708062
2009-06-19,79.44258117675781,80.6743352924151,76.39269287468274,79.81249868698885,20451426
2009-06-22,78.22261047363281,80.12338059612622,76.43203880018005,77.31748870655004,20050536
2009-06-23,80.80813598632812,81.99660473672357,75.87322940557323,75.87322940557323,24861972
2009-06-24,82.71676635742188,83.16539287103403,80.39491752288242,80.83174092000866,15287880
2009-06-25,80.25716400146484,83.39756344229897,78.95063562356532,79.308749895471,33041220
2009-06-26,82.21695709228516,82.95679901049421,79.29694033658723,81.0875115505945,11765214
2009-06-29,83.8973617553711,85.86108894271212,81.77621645510385,82.64198725296029,8052114
2009-06-30,84.00360870361328,85.67219308842208,83.48020754635894,84.11773430976717,8311260
2009-07-01,82.76791381835938,85.56987112676183,82.21697205492586,83.83832957624325,7426170
2009-07-02,88.67093658447266,91.14232805785001,84.79856968328063,85.08978533646828,50191872
2009-07-03,89.42256164550781,89.79641342631923,85.85714898620111,86.9905218553408,20142144
2009-07-06,84.19645690917969,89.64688863218302,83.03552880174749,88.78111772299134,16139700
2009-07-07,82.59872436523438,84.81431681087582,81.06787855858876,82.06351272421217,12134364
2009-07-08,79.55276489257812,82.59871880889416,78.47055297589843,82.59871880889416,8704326
2009-07-09,78.57678985595703,79.9659618850834,77.93139430152732,79.9659618850834,7067640
2009-07-10,77.65199279785156,79.09232614597649,76.8767341028116,78.70666398460872,7623498
2009-07-13,78.02192687988281,79.1553073715261,75.79453124545434,75.79453124545434,6988044
2009-07-14,78.68305969238281,80.12339320795574,77.57329275272556,80.12339320795574,6858804
2009-07-15,81.80772399902344,81.91397369208886,78.35643564765542,78.35643564765542,8782362
2009-07-16,80.51690673828125,82.9568154050141,79.88725591059283,81.85491744929766,12752316
2009-07-17,82.09498596191406,82.59477377964036,79.76133375693146,80.9104515798619,12291624
2009-07-20,83.480224609375,84.02723931519448,80.77665488455153,82.98831273779211,9854550
2009-07-21,82.2484359741211,83.81469753018031,81.46136722221215,83.0394318911979,10447380
2009-07-22,85.98307800292969,87.55327422290536,82.40586221608658,86.53402695263355,17090904
2009-07-23,86.02637481689453,87.96255417264769,85.39671678400089,86.18378572221326,11049588
2009-07-24,88.533203125,90.31590636837821,84.45225688631554,85.00320599376772,15149682
2009-07-27,86.2743148803711,91.14232284610529,84.381420448703,89.72560280186532,11062020
2009-07-28,86.73080444335938,87.89565960961373,85.160600864329,86.31759449220606,10534674
2009-07-29,86.455322265625,89.56817426075885,85.37704495365666,86.18772012358698,16583760
2009-07-30,86.65995025634766,88.61975003445005,85.1605872324366,86.49860499729263,19148004
2009-07-31,91.61847686767578,92.69282698589377,87.52179420923734,88.15538659794703,16783560
2009-08-03,92.81875610351562,93.26738257855443,90.69367650045996,91.69325194119034,9008184
2009-08-04,89.86726379394531,93.61370120548737,88.3482214472483,92.79515003847573,8507142
2009-08-05,93.9993667602539,94.36928422419679,89.18645491604737,90.50478668514127,13761162
2009-08-06,90.744873046875,95.1563792429444,90.05225039704415,94.0741599554897,10998030
2009-08-07,89.65474700927734,92.63772853434311,88.62368942410289,89.8239610208413,10500018
2009-08-10,91.36267852783203,92.08678309091601,89.7649344486531,90.1269903330997,10481232
2009-08-11,90.71337890625,92.1655228886446,88.77326456626136,91.49651371972446,11959578
2009-08-12,88.71813201904297,90.9179789238856,87.21483460535825,90.9179789238856,10881714
2009-08-13,91.70899200439453,92.0867853855999,89.72558576032812,89.72558576032812,9547194
2009-08-14,96.06150817871094,96.8092192588542,90.72125930262163,90.72125930262163,27101112
2009-08-17,91.68930053710938,95.67972560931064,91.20131602286355,92.68886858635021,9426414
2009-08-18,93.0470199584961,94.36141738180707,91.49256096903885,91.69326439998203,8452758
2009-08-19,91.29182434082031,94.19609625451639,90.67004241230366,91.42956335232347,7585398
2009-08-20,92.8344955444336,94.42437090835924,92.08678473696732,92.87385367511716,6349104
2009-08-21,93.78291320800781,94.24335003094573,91.37842821417878,92.79514803145287,5877384
2009-08-24,94.12136840820312,95.8332384190155,91.97660932605304,95.42396278898906,8223510
2009-08-25,93.1611328125,93.81833869072979,92.1261407407081,92.51967883438324,6305910
2009-08-26,92.40947723388672,93.42479012544965,92.00807044095684,93.42479012544965,8744790
2009-08-27,92.34257507324219,93.66090659346467,91.45712530332769,91.69324524197155,10470612
2009-08-28,92.77154541015625,93.46023353883606,91.92545355783945,92.78729010600622,7760502
2009-08-31,93.30675506591797,94.60541512346298,91.45715312116718,92.71645503976116,7391256
2009-09-01,91.52796936035156,94.17251587209219,90.98489631877727,92.52361047571395,7305648
2009-09-02,90.94947052001953,92.6731505633198,90.5992321553203,91.29971609052814,6059004
2009-09-03,89.74527740478516,91.83493360139586,89.3320674124458,91.29972923875961,5493186
2009-09-04,92.73216247558594,93.34607569727335,89.60750796521214,90.51263671023108,8013066
2009-09-07,93.53890991210938,94.21185316156799,90.73695289659113,90.73695289659113,5627418
2009-09-08,93.33036804199219,94.29059277578989,92.95257458597652,94.05447276650645,9733524
2009-09-09,92.8817138671875,94.20005259590019,91.35480300596906,93.50349589316049,7642290
2009-09-10,92.92894744873047,93.97574255840374,92.09071728081697,93.97574255840374,10591662
2009-09-11,93.7294692993164,94.60961090220783,93.04048749573892,93.59007738797568,4227420
2009-09-14,92.50682067871094,93.59007408785062,91.92537084042465,93.5104278204177,4436538
2009-09-15,91.23636627197266,93.43075092342013,90.49959108243995,92.87319072926482,9374088
2009-09-16,91.52308654785156,95.34235739230273,90.40399210516411,95.34235739230273,8892978
2009-09-17,92.32362365722656,93.34315713112217,91.59880033148929,91.59880033148929,7274058
2009-09-18,92.68598937988281,93.37497081470497,91.6067180944757,91.6067180944757,10963314
2009-09-22,92.00899505615234,93.59007038952348,91.2443486237962,91.83775048334347,9022326
2009-09-23,92.54264831542969,93.56617051625777,92.00898485937833,92.00898485937833,6396858
2009-09-24,91.59876251220703,93.17186679121919,90.41195924132752,92.87317518225794,21345174
2009-09-25,92.18020629882812,92.6342160573829,74.41402905896302,87.84320586847895,5919258
2009-09-29,94.75696563720703,95.26275080819791,92.02891681509517,92.53868357035573,7798566
2009-09-30,93.35106658935547,96.71632726763903,92.65412204577402,94.9440931065051,15531354
2009-10-01,94.16352844238281,94.6812581320401,93.04840824458552,93.62588354810484,9375198
2009-10-05,93.17189025878906,93.81308563007326,92.2439552460452,93.19976863546566,4344228
2009-10-06,94.37064361572266,94.77686724481796,92.44707198376167,92.44707198376167,6601080
2009-10-07,94.2312240600586,95.95567211372638,93.82898216388175,94.78479524973547,4545618
2009-10-08,95.76052856445312,97.52479982519486,94.02015409056685,94.38654718143228,10103622
2009-10-09,97.20220184326172,97.8792385119,95.58130417129675,95.58130417129675,8953092
2009-10-12,99.28510284423828,99.8824861345165,96.9792048022197,97.4132994372744,9024366
2009-10-13,99.28510284423828,99.28510284423828,99.28510284423828,99.28510284423828,0
2009-10-14,100.52366638183594,101.45957165932133,99.59573156194269,100.55951521031078,5584818
2009-10-15,100.17320251464844,101.76622199889076,99.2930540173968,101.62284856808556,2741256
2009-10-16,99.23733520507812,100.981699244039,98.46472560099518,99.56788689262095,2960628
2009-10-20,96.43756866455078,99.69529806397586,96.23843849017503,98.92666302900673,6951954
2009-10-21,93.89273071289062,96.7761044713975,93.58607586555152,96.45749758147329,6259008
2009-10-22,93.33915710449219,94.73703559384056,92.837353634947,93.98831561900128,6566628
2009-10-23,93.65776062011719,94.4263884840271,93.03249892040058,94.14761202975718,5984652
2009-10-26,92.92894744873047,94.37860103616839,92.47493758570562,94.37860103616839,6497304
2009-10-27,92.75769805908203,94.35470672637896,92.11651001757784,92.39528647576093,5820714
2009-10-28,90.31238555908203,93.35903955746195,89.84642379536113,92.67403974095562,5293140
2009-10-29,92.6740493774414,93.66172244706011,89.84643313782412,90.00573289348024,7411920
2009-10-30,90.14913177490234,93.55819855448101,89.71104820780317,92.77761859294245,7565568
2009-11-03,89.09771728515625,91.75806342969177,88.40077261955214,91.19254015677721,5010792
2009-11-04,90.27658081054688,91.0093745526718,88.03042057753055,90.56332777317797,3638802
2009-11-05,91.82576751708984,92.71387921534894,88.35298154607028,89.3764962233854,5323800
2009-11-06,92.26387023925781,93.03250544938719,90.96157158231725,91.8257866727089,4812216
2009-11-09,92.9369125366211,93.27145303529241,91.12087304697268,91.12087304697268,3180114
2009-11-10,90.30046081542969,94.30691062585207,89.6632543741845,93.35109731784588,11239842
2009-11-11,91.63461303710938,92.23597789651457,89.81458483512398,90.30045462209618,4596246
2009-11-12,91.43946075439453,92.54661056290624,91.00934772949324,92.15632065741401,6229980
2009-11-13,94.31487274169922,95.89992918444985,90.64295645542691,91.67841591932306,13084296
2009-11-16,95.5494613647461,96.52120090894235,93.84890987012653,95.4100695070638,7458642
2009-11-17,93.43875122070312,95.9676773689625,92.4391328078735,95.57738726564213,5213442
2009-11-18,93.97634887695312,94.68126403251321,92.87318065008976,93.98830091738061,5616096
2009-11-19,92.68598937988281,94.33874704857037,92.23596121245042,94.33874704857037,3944460
2009-11-20,93.09223937988281,93.59005396729056,91.8377343685898,91.8377343685898,4840308
2009-11-23,94.50209045410156,95.1034555533452,93.11217473997772,94.06798836362944,3197376
2009-11-24,93.45465850830078,95.12733199167822,92.71390165006382,94.78482829396238,3696252
2009-11-25,93.98833465576172,94.54588769727229,93.19182093495978,93.43077432197249,3796410
2009-11-26,93.5223388671875,94.38257220829489,92.90105882681682,94.14760049026698,8156646
2009-11-27,92.80549621582031,95.89994495247261,89.21721445506483,90.48764585091779,6146478
2009-11-30,95.56143188476562,96.10704742211018,93.37899161222163,93.37899161222163,6747054
2009-12-01,95.40605926513672,96.74419882009258,94.96399432837354,95.89989934666852,4433298
2009-12-02,94.38257598876953,96.29022088836479,93.82899741682718,96.13888427798818,6027366
2009-12-03,95.57735443115234,96.77212113133379,94.32284939596182,94.54586911026632,5418474
2009-12-04,93.91659545898438,95.34235187185008,93.19973567047423,94.78479182780612,4503708
2009-12-07,93.91265106201172,94.35471623175216,93.09622952147906,94.22727638571888,3642726
2009-12-08,93.96839904785156,94.41842734289946,93.2037454584598,93.74936092138948,4071798
2009-12-09,93.98433685302734,94.70517847381846,93.43075819891388,93.98831843648665,3079830
2009-12-10,95.21892547607422,95.4220372758109,93.35110344436669,93.82901012973423,3300216
2009-12-11,94.75293731689453,96.00346043647897,94.03209590493715,95.19898391927386,5447910
2009-12-14,95.82826232910156,96.93541243176571,94.78483215133171,94.94413925584547,3939696
2009-12-15,95.0914535522461,96.28223098818886,94.62549177432622,96.28223098818886,2588832
2009-12-16,94.70515441894531,95.34634233085808,94.07192237965297,95.09146271598239,2450214
2009-12-17,95.6330795288086,96.6884540005537,93.98828506879461,94.78479107709194,3492114
2009-12-18,94.40647888183594,96.05923695422811,93.99627372801298,96.05923695422811,1731024
2009-12-21,93.82501220703125,95.23483522489433,93.43074071871949,95.23483522489433,2443920
2009-12-22,93.91400909423828,95.07878830618102,93.24264684690502,95.07878830618102,3786336
2009-12-23,95.36188507080078,96.23142420656599,93.6753854097502,94.29013304239295,3519270
2009-12-24,96.8582992553711,97.18185026695956,95.3618897119716,95.68948409295712,4212102
2009-12-29,95.57218170166016,97.46493741847588,95.04236709622229,96.90277586295761,6547938
2009-12-30,94.99384307861328,96.16265810379993,94.7997095322775,96.16265810379993,2315994
2009-12-31,95.2850341796875,95.77035694699565,94.89678189019118,95.2850341796875,4365294
2010-01-04,96.0494155883789,96.49833318698632,95.1232545941553,95.20414418388788,1905762
2010-01-05,97.73186492919922,98.27785300142938,96.18692040889658,96.42553840563323,4657392
2010-01-06,98.96540069580078,99.248503167081,97.64693659821175,98.04328302017908,4203690
2010-01-07,99.07056427001953,99.88752484625941,97.87343809998485,98.76319413724629,6394536
2010-01-08,98.33451080322266,100.18682607392785,97.87345552199243,99.08676279125085,5678652
2010-01-11,98.39918518066406,99.7257359733371,98.11608271849596,99.5194723284924,5078046
2010-01-12,96.33251190185547,98.4477119625475,96.01300433740606,97.50942092213877,3932952
2010-01-13,96.68437194824219,97.58626531912334,95.4468049254799,96.17478901201633,3194178
2010-01-14,99.6327133178711,100.84602012748415,96.82188340712183,97.22227317320672,8584284
2010-01-15,97.8572769165039,100.08976530614522,97.24253652720327,99.6327533844362,8546700
2010-01-18,98.0796890258789,98.92496054762742,97.1575786778468,97.76827554063624,3182250
2010-01-19,96.80574035644531,98.43157507883818,96.09393687252084,98.03522852651116,5830440
2010-01-20,93.92210388183594,98.26169864472288,93.66731234152817,97.21825745387117,8113314
2010-01-21,92.20729064941406,95.17180612576622,91.49143654156661,94.23351486486172,5594190
2010-01-22,90.1487045288086,91.35392471577616,88.97583869947898,91.35392471577616,10479762
2010-01-25,90.67848205566406,91.14358782816917,89.01625803731396,90.68253282879975,3368646
2010-01-27,89.69572448730469,90.41562181092985,89.20231504321859,90.14060610394442,3637746
2010-01-28,89.16595458984375,91.6936756106046,86.95369049836418,90.51272270273529,9457560
2010-01-29,88.68466186523438,90.59359885420085,88.1669846652976,89.06482747192852,4827714
2010-02-01,89.1012191772461,89.68361246754331,87.84342769694103,87.84342769694103,2698374
2010-02-02,89.38836669921875,90.5854927518463,88.32874481624378,89.78471313739065,4362108
2010-02-03,91.7098159790039,92.30029592246228,89.54204455318944,89.82514701328866,3031386
2010-02-04,92.17900848388672,93.42467026032838,91.02232307757951,92.20731948372226,12828696
2010-02-05,87.97688293457031,91.15979195585955,87.44707569525104,90.3670990786918,6177252
2010-02-08,90.44392395019531,90.96564432819802,86.88084280792992,87.75442507633052,4135308
2010-02-09,89.48139190673828,91.30943915870482,89.10526969615307,90.44395077525306,2701572
2010-02-10,87.92432403564453,90.51271005856258,87.74232796984313,89.86561540419278,5141856
2010-02-11,88.99605560302734,91.96865732391919,88.24784725922177,91.96865732391919,3333348
2010-02-15,88.02945709228516,89.43284673533,87.20845326777028,89.05672456650206,2329152
2010-02-16,89.218505859375,89.78471826284533,87.52797019841398,88.95967098151765,2439060
2010-02-17,88.95157623291016,90.5126943143648,88.58353339026161,90.1082611514125,3398442
2010-02-18,89.25894165039062,89.70381588470617,86.14478498299574,86.14478498299574,3234786
2010-02-19,89.76852416992188,90.18913818998075,87.98496906151911,88.56735485643249,3820998
2010-02-22,89.58246612548828,90.593559872761,89.1254544769213,89.78468635602995,3981498
2010-02-23,89.09716033935547,89.54204196847277,88.32873516673196,89.21849101952955,3667074
2010-02-24,89.07693481445312,89.61078531192545,87.84744725264977,89.37621811710466,2067654
2010-02-25,89.77259063720703,90.22960246081881,88.1710238671473,89.07696077557378,2657376
2010-02-26,90.39944458007812,91.69364098635045,88.57139761772832,90.18509420282692,5019594
2010-03-02,89.70784759521484,92.09806322224642,89.18612720688277,90.6016541272744,5567304
2010-03-03,89.04459381103516,90.29025503244351,88.05372406917769,90.02736940980279,5705274
2010-03-04,88.575439453125,89.70381329201862,88.1669629544505,88.32873472539531,6390648
2010-03-05,88.53095245361328,89.78470030470456,88.24784260578474,89.78470030470456,8786622
2010-03-08,89.01628875732422,89.57845035951334,88.85855292996322,89.380280841195,6550692
2010-03-09,88.66844940185547,89.38025992665395,88.24783543819021,89.17803968112052,3563196
2010-03-10,88.04971313476562,88.88284736667353,87.60078794812627,88.24788271287338,7231278
2010-03-11,87.66145324707031,88.40966189090021,87.09928407025971,88.40966189090021,4789890
2010-03-12,87.73826599121094,88.34491941521301,87.44706938551502,87.78275045310035,6732840
2010-03-15,86.53304290771484,87.94451920949881,86.1892677089666,87.73826297677432,2579190
2010-03-16,86.63818359375,87.91619897456205,86.33485692408144,87.11541952881154,5840634
2010-03-17,86.83232879638672,87.67354944287314,86.54921892962167,87.27720303483935,4512120
2010-03-18,85.27120971679688,87.15183546177013,84.931485256857,87.15183546177013,7020342
2010-03-19,85.48556518554688,85.9830255005381,84.53918720334659,85.5785848955075,4986024
2010-03-22,85.67158508300781,86.48450207167582,84.65645524334214,85.25502187047319,4146252
2010-03-23,86.48857116699219,86.87683091644587,85.60285847337018,85.92236612925106,5168454
2010-03-25,85.46936798095703,86.54920647166817,84.97595117223382,86.46832429746662,6617802
2010-03-26,87.35004425048828,87.68168209331886,85.74039029350693,85.74039029350693,7182120
2010-03-29,88.41368103027344,88.88686630876414,87.03859485061203,87.6897402121647,2926800
2010-03-30,88.75745391845703,89.95458748855333,88.32875308228098,88.69274519663105,3564894
2010-03-31,88.87069702148438,89.8656102721355,88.02138209624731,88.82216177786688,6004680
2010-04-01,87.71804809570312,89.54205186859767,87.33787513325362,89.05672909424212,3007356
2010-04-05,88.72915649414062,89.78473526824713,87.64122335417396,88.4096562055917,2521854
2010-04-06,87.75040435791016,88.73318003513229,87.19632948661365,88.73318003513229,3079734
2010-04-07,87.59266662597656,88.65228842074416,87.20440695823686,88.48646587062825,2997648
2010-04-08,85.86978149414062,87.90004904050339,85.50578939306489,87.90004904050339,5050782
2010-04-09,86.04773712158203,86.7514537266687,85.78080809056613,85.82124919025756,2996088
2010-04-12,85.16606903076172,86.94153774894896,84.52706113834097,86.91322675713396,2432766
2010-04-13,84.15092468261719,85.74036124854825,83.93657427936289,84.95171172203347,4208106
2010-04-15,84.09430694580078,85.6594759703234,83.9204050361948,84.55131876488329,4682466
2010-04-16,83.42699432373047,84.27630930482607,83.20051378464314,84.2035138400506,2813412
2010-04-19,81.19451904296875,83.23287365130047,80.81434599899099,82.9093225971985,6449718
2010-04-20,81.08934020996094,82.50486736359989,80.9396985352625,82.01954461440224,5451660
2010-04-21,81.6717529296875,82.00338330906301,80.88310327397818,81.29966663582562,4207668
2010-04-22,82.10853576660156,83.16815778731458,80.56359090908681,81.37246477223596,6750660
2010-04-23,82.33499908447266,82.88503793587833,81.53421953337336,82.01954226869105,4125792
2010-04-26,82.3228759765625,83.21263193180435,81.04890368805269,81.29965181449975,2957922
2010-04-27,84.51893615722656,84.85057379360536,82.18129923054647,83.0629682137399,4901772
2010-04-28,84.13069152832031,84.76969924505867,82.998266977935,84.12259738614235,3393618
2010-04-29,84.67667388916016,85.08110696983839,83.5725603967001,84.28437091278221,4176486
2010-04-30,85.31975555419922,85.83743274922904,83.63729911627323,84.93149580656716,12740574
2010-05-03,84.73736572265625,85.63520847931812,84.4259448217572,84.93149188478898,3243480
2010-05-04,84.42999267578125,85.53814994177306,84.09026817128466,84.78994143361365,2261568
2010-05-05,83.39867401123047,84.41785483683181,82.423985057806,83.72626837699077,2686314
2010-05-06,84.3531494140625,84.8910508377797,82.59385422394122,83.3137517018089,4716900
2010-05-07,84.50276184082031,85.86975345818321,82.92141988317056,82.92141988317056,6830808
2010-05-10,85.00428771972656,85.30357110841537,83.79907483164476,85.25504327038702,3745860
2010-05-11,83.30970001220703,84.89912909754108,82.56957835598217,84.89912909754108,6134346
2010-05-12,83.1479263305664,83.79097755253112,82.73135562361692,83.70200121312989,4782966
2010-05-13,84.59984588623047,85.05685766143851,83.15196433385776,83.33396037014691,7500012
2010-05-14,84.49064636230469,85.37636634104102,84.12261091613868,84.59984694762329,5117970
2010-05-17,83.07108306884766,84.04172860653453,82.5048707033844,83.33800466736135,3254052
2010-05-18,85.04069519042969,85.48961288035264,82.51296720012687,83.87187259469218,2941518
2010-05-19,82.91741180419922,85.49771112716562,81.85778975569838,85.49771112716562,9495072
2010-05-20,90.484375,92.37308725020033,86.12051395102984,86.12051395102984,31212816
2010-05-21,88.55117797851562,91.15978777017179,83.63728511516332,83.63728511516332,14380698
2010-05-24,87.51988983154297,91.40247285409481,86.97390159399662,89.38029913347533,4973868
2010-05-25,87.38237762451172,88.03755900626165,85.74036969242609,87.51988181105826,8610924
2010-05-26,86.5492172241211,89.78470454092164,85.7403509489988,88.57139772280108,22784382
2010-05-27,90.85243225097656,92.21133765540714,86.46835330499731,86.46835330499731,15848724
2010-05-28,91.56827545166016,92.61171644886879,90.6744687306832,91.72600387140967,6260430
2010-05-31,94.45191192626953,95.25673499891843,91.77454963619331,92.2113372187382,10406520
2010-06-01,92.66835021972656,95.55197622883125,92.21133837847651,94.63795254633116,3918936
2010-06-02,95.63689422607422,96.12626035254975,92.80584727548694,92.8584184769011,13053228
2010-06-03,97.95835876464844,98.2778663952201,96.09391380865966,96.09391380865966,7253076
2010-06-04,96.23141479492188,99.49116243341419,95.85124185658196,98.84406791045647,15500760
2010-06-07,95.3821029663086,97.69547280800973,94.36292221085716,95.44681168007732,8072346
2010-06-08,94.17684936523438,95.02616389137329,93.50548744148732,94.4761326142175,6225390
2010-06-09,96.2799301147461,97.71163054116771,94.5004111510585,94.96147362189355,9912222
2010-06-10,96.1505126953125,97.43661483632287,95.33759572447624,97.06453608942978,4463202
2010-06-11,95.44683837890625,97.38812995674543,94.90489349270085,97.064578891959,10551030
2010-06-14,96.82996368408203,97.46897140081566,94.97764923868499,97.46897140081566,4780392
2010-06-15,94.34674835205078,97.3881099636167,93.86142555722452,96.95131500501016,7128750
2010-06-16,94.19305419921875,95.36591997528194,93.2628572025759,94.47616407249043,6838254
2010-06-17,95.93617248535156,96.24758593012602,93.90994859908996,94.07172037453698,3829254
2010-06-18,96.4983139038086,96.74501858694147,92.44183101420138,92.44183101420138,4833090
2010-06-21,97.4083480834961,98.1646434309691,96.25570619404984,97.06458016389556,6540288
2010-06-22,96.82996368408203,97.95429409228102,96.11007378906189,97.06453829307338,5033898
2010-06-23,96.60350036621094,97.52156731242403,96.23142154481958,96.24759502117334,3253842
2010-06-24,96.20310974121094,97.90982618660463,95.08686588105019,97.14544429941382,7286670
2010-06-25,102.19281768798828,104.42530583444012,95.95641589582378,96.41747854301482,23538084
2010-06-28,105.54557800292969,107.69312545048552,102.07955893814366,102.07955893814366,23743500
2010-06-29,105.63861846923828,106.3666028061501,103.53554767008886,105.15329557796375,11901846
2010-06-30,106.8357162475586,107.34126325928314,104.340350356883,104.340350356883,13854462
2010-07-01,105.33927154541016,108.94683669000717,104.88225992525847,106.83568042315765,13328382
2010-07-02,105.66285705566406,107.20780177026657,105.19371514602427,105.19371514602427,5945952
2010-07-05,103.97230529785156,105.95403725555522,103.7215497969461,104.9348565884865,3951624
2010-07-06,104.6234359741211,105.07236093727295,103.37373154567732,103.37373154567732,4904106
2010-07-07,102.38286590576172,105.04405403066337,102.32220056799306,105.04405403066337,5186916
2010-07-08,103.99659729003906,104.98341642888806,103.00168400669554,103.37376286852788,5412180
2010-07-09,104.65986633300781,105.47682693172062,103.64877956260511,103.99659821034797,6772956
2010-07-12,103.38993072509766,105.47681270838791,103.11490757746515,105.47681270838791,6248862
2010-07-13,103.30500793457031,104.42529526422365,102.78733075677685,103.88739383390815,5065212
2010-07-14,101.79647064208984,104.21095485072271,101.51336810679737,103.9238015401862,8188926
2010-07-15,100.05332946777344,102.795399953841,99.65697565643356,102.16043554956397,8100378
2010-07-16,101.81260681152344,102.07952834492764,98.70653740531829,98.94515536251922,8592060
2010-07-19,101.84501647949219,102.31415850721994,100.79348103053002,101.50528451529212,3253020
2010-07-20,101.84903717041016,102.67812782884583,101.31922249096071,101.84499380108528,4290432
2010-07-21,102.89651489257812,103.19984162652403,101.4445899386986,102.32221578261132,4300062
2010-07-22,103.35755920410156,103.67302341757345,101.74386262988577,102.89650409795948,3270120
2010-07-23,101.9137191772461,103.76199020599338,101.55377053642003,103.37777395014065,3512862
2010-07-26,101.5335693359375,102.403108467948,101.01184881890642,102.32221886797738,3239190
2010-07-27,102.15233612060547,102.92076121914334,101.80047421984965,101.92584825655032,2750628
2010-07-28,101.88140106201172,103.51127894609292,101.51336555375578,101.9177987947792,5236176
2010-07-29,100.82989501953125,102.41123811535705,98.6823392975511,100.73687527303804,15344016
2010-07-30,100.35665893554688,101.07654891374995,98.7348681379368,100.30003696094174,7286052
2010-08-02,103.36160278320312,103.8590555778852,100.30002498917796,100.30002498917796,4191714
2010-08-03,102.86013793945312,104.34441755102608,102.43143705628655,104.34441755102608,5408688
2010-08-04,102.16448974609375,103.37375334103515,101.73983230865993,103.13109194821583,4071342
2010-08-05,100.49015808105469,102.6781546488911,99.3172918583856,99.3172918583856,5340498
2010-08-06,99.5599136352539,100.85006670641496,97.71164237607947,99.03819317160013,5066004
2010-08-09,99.70953369140625,102.31814284960606,98.96941963660291,100.30001351244044,5460756
2010-08-10,99.91580200195312,100.44560911326596,98.88449135590989,100.26766389042464,4457454
2010-08-11,100.0897216796875,101.03609947817617,99.32938326500597,100.30002867995574,6289722
2010-08-12,102.43950653076172,103.09469526015711,99.41028245912365,99.8956052496571,7668096
2010-08-13,103.33733367919922,104.18260500549746,102.48397561630694,102.48397561630694,5054388
2010-08-16,102.7630615234375,103.74583725031954,102.00272294905608,103.1310969998491,2064042
2010-08-17,101.84091186523438,103.16746243718671,100.85409307788159,102.07952982589717,2001426
2010-08-18,103.8671875,105.40404582084415,100.75708052728345,101.96229363348166,8320986
2010-08-19,102.45973205566406,104.80949980649798,102.07955907581653,104.18262946455955,2795226
2010-08-20,101.84091186523438,103.53549779840016,101.23425854335814,102.16041940395935,2250120
2010-08-23,103.7903060913086,104.91059315478489,101.27067289196009,101.45671227355736,4469316
2010-08-24,102.93695068359375,104.48189515142053,102.32220314805018,104.02083264840363,5260752
2010-08-25,103.26050567626953,104.26350557022296,102.35052548586194,103.13108824619496,4110342
2010-08-26,104.33224487304688,105.02382375959674,103.15937927497346,103.37372962910017,7195542
2010-08-27,106.62541198730469,107.89534090024166,103.69730186650604,104.78927810821693,9813786
2010-08-30,108.72442626953125,109.99839849019068,107.18353246032173,107.66076106788286,11828838
2010-08-31,108.19463348388672,109.19763347544678,107.49900362138428,108.38875964788991,6250044
2010-09-01,108.30384826660156,109.57782082403014,107.76594676757009,109.16529341468701,4029264
2010-09-02,106.8842544555664,109.90942765574388,106.7710104999497,108.7931911975947,5363232
2010-09-03,108.30785369873047,108.68801920456534,107.0945469261735,107.82253098970769,4640760
2010-09-06,109.25422668457031,110.97712370674735,106.77099127880061,107.74163665406243,6508818
2010-09-07,109.49285125732422,110.39069384027724,108.63139899161231,109.79617795536988,7104702
2010-09-08,109.64251708984375,110.39476154245982,108.39280489408006,108.8174623649485,6399516
2010-09-09,110.90618896484375,111.15565429871464,108.98815743990868,110.01056543338672,4766208
2010-09-13,113.06548309326172,113.60940340015742,111.75681245234392,112.87327335652789,6572406
2010-09-14,114.20648193359375,115.62967116226893,111.764988474824,113.28223077609479,8323002
2010-09-15,115.07759094238281,118.87684141869815,114.14106631712733,114.50913139033372,15575154
2010-09-16,114.48867797851562,117.126477431495,114.01836765748824,115.32704585119122,5001774
2010-09-17,114.2842025756836,116.34945405348566,113.60941662381428,115.32705359220888,7716156
2010-09-20,114.85265350341797,116.21857975830238,114.51730485932073,114.9180862893439,6851880
2010-09-21,114.82405090332031,115.81782372598653,114.29239629655628,114.9998987459446,5398812
2010-09-22,114.72587585449219,116.04681995543918,114.10016824973412,115.32705177930116,5038278
2010-09-23,116.52940368652344,117.24917939757361,114.91810054044632,115.32705924735002,9012420
2010-09-24,117.54363250732422,118.41063578995457,115.67059060855803,117.12649655359326,6950910
2010-09-27,119.24492645263672,119.9974111789464,117.73994951171304,118.1898019065097,6416928
2010-09-28,119.25718688964844,120.44726560261165,118.03848039049892,118.03848039049892,6123840
2010-09-29,116.25537872314453,119.98919584639727,115.81779230981495,119.98919584639727,4641462
2010-09-30,114.84447479248047,116.7093392420657,113.065493687026,116.55802310858846,10107282
2010-10-01,114.9180908203125,116.6193657863717,114.36190462971041,115.02850584280257,10126602
2010-10-04,114.0469970703125,118.14070228924186,113.69120535291478,115.2452527738638,7828398
2010-10-05,113.74028015136719,115.13893036712196,110.74668883921015,110.74668883921015,4812792
2010-10-06,113.30272674560547,115.21666261030671,113.05734996867942,115.21666261030671,6158262
2010-10-07,113.22501373291016,114.5377809074479,112.30076226102625,113.30271986876272,6203238
2010-10-08,111.43785095214844,114.10019022164774,110.80805461278763,113.69123146247442,4711794
2010-10-11,111.33561706542969,113.24137558385718,110.70581321552774,113.23728696960063,4175916
2010-10-12,111.22927856445312,112.18625388684835,110.09645539474025,112.16989194219097,4837332
2010-10-13,112.88145446777344,113.68301732220873,111.26606291974099,111.80997575705632,7617498
2010-10-14,110.83258056640625,113.49491969823835,110.42362182837982,113.10231541581499,3243054
2010-10-15,109.6302261352539,112.05536553540162,108.91045792273172,112.05536553540162,4364958
2010-10-18,111.59321594238281,112.35797371629937,108.00662651316917,109.63020261695875,6438486
2010-10-19,110.46859741210938,112.4152491427417,109.5198069712079,112.13715603836565,5381238
2010-10-20,110.4563217163086,111.70365579004142,109.60159186631061,110.25593473530296,1889988
2010-10-21,111.2456283569336,112.13716329161461,109.77336800737191,111.06977304052171,5013066
2010-10-22,109.91651153564453,111.92450765762618,109.45438585020665,111.80590790383094,2689536
2010-10-25,110.16189575195312,111.40104535362663,109.91242289767791,111.23746334847453,5148702
2010-10-26,108.30929565429688,110.82031872082767,107.96576970290302,110.82031872082767,5765184
2010-10-27,106.20724487304688,108.26431957273314,105.57744101939619,108.21115261047262,5111040
2010-10-28,106.64481353759766,108.66099426776533,105.67557248996604,106.98425083728779,13989654
2010-10-29,106.66117858886719,108.57512170441144,105.51200098738369,108.57512170441144,4452246
2010-11-01,107.91262817382812,109.02909713933992,107.14786995899311,108.29296671789271,2571858
2010-11-02,108.81639862060547,109.18446370239046,107.41774831450117,107.99438510695832,2180070
2010-11-03,108.82046508789062,110.1577634532376,108.62825535895637,109.43799537877007,4693920
2010-11-04,111.92449951171875,113.11866670208168,108.70188578963598,109.82244296011275,5213736
2010-11-08,110.47268676757812,114.18196521027082,109.84697166230167,114.18196521027082,7205400
2010-11-09,109.39301300048828,111.77725082814314,108.81228771343143,110.98386526040485,5196576
2010-11-10,110.26007080078125,110.64857909012457,109.60163903513268,109.60163903513268,2055864
2010-11-11,107.77764892578125,110.73852438483055,107.22963985182034,110.41953760484932,5053794
2010-11-12,106.71428680419922,108.53825694276752,105.91681281711934,108.18245786090422,6405996
2010-11-15,107.51179504394531,108.6119015340244,105.55287014031921,106.71432080279452,2820924
2010-11-16,105.79010009765625,108.5301380917321,104.36691788315458,108.5301380917321,3510384
2010-11-18,104.87811279296875,108.35837711470919,102.40390215834819,108.35837711470919,5800602
2010-11-19,103.35267639160156,105.43019377471671,102.34663035233422,105.43019377471671,2874444
2010-11-22,106.06409454345703,106.73888057004929,101.83543444503833,103.06231812975155,4750710
2010-11-23,104.0928955078125,105.92094756609711,102.1176084325896,105.51198886504682,5386170
2010-11-24,102.03173828125,104.89855293915862,101.01341885271822,104.69406983303958,3377418
2010-11-25,100.34271240234375,103.54897157275559,98.60463236617204,102.04808353138684,8742108
2010-11-26,101.50007629394531,102.19531281335803,97.49635023581193,101.01341147918671,5960676
2010-11-29,101.671875,102.48979264568175,100.29776347069152,102.48979264568175,2647794
2010-11-30,101.85586547851562,102.211657185901,100.305899226055,101.74953158579422,4231428
2010-12-01,105.20528411865234,106.63256241037259,101.95404210215754,102.24031248801163,5444130
2010-12-02,107.47090148925781,110.79984125285134,106.75931058669748,109.27442165644338,11644164
2010-12-03,107.93302917480469,109.01677374596024,107.14782075716967,107.96574556818095,7572450
2010-12-06,108.00666809082031,109.27445301039721,107.80219244957586,109.17629631569889,3349338
2010-12-07,109.43395233154297,110.09237651234842,108.37473909839787,108.78370537963694,8844924
2010-12-08,110.03507995605469,111.55232976711197,109.6015821495532,110.0105482784921,11054448
2010-12-09,108.09663391113281,110.89802342198674,105.88824319569973,110.55858608902007,7655118
2010-12-10,108.12934875488281,108.74279061145043,107.58543580014907,108.70189698378056,5738214
2010-12-13,108.62828063964844,109.12312271006437,107.81853294308316,108.7018906628346,5770620
2010-12-14,108.93911743164062,109.72840728066676,108.47290302872499,109.26219287775112,3887496
2010-12-15,108.27244567871094,109.91647221181574,107.10690660341604,109.75697140034511,4209096
2010-12-16,108.77957916259766,109.43800311580115,106.65706481556195,109.11083170156645,11786376
2010-12-20,109.32434844970703,110.9628088028547,108.61616079591957,110.61919235053702,8097570
2010-12-21,109.03518676757812,109.78108672682976,108.61614555379167,109.6134717758993,3671034
2010-12-22,109.38719940185547,110.45995052905276,109.16929610980714,109.6218603540268,3879690
2010-12-23,108.97232055664062,109.95707844761203,108.29347431076701,109.94869194611735,3540876
2010-12-24,108.51140594482422,108.95140198095685,107.44284414278786,107.44284414278786,2734644
2010-12-27,108.91368103027344,109.37044239722695,108.53654157373128,108.7753996320434,2787534
2010-12-28,108.10493469238281,108.94301727883233,107.82417480077481,108.94301727883233,2639922
2010-12-29,109.23218536376953,109.45427813729955,108.13428974497212,108.85084873389671,3858492
2010-12-30,108.49884033203125,109.34530948871566,107.6942806790027,109.34530948871566,5010018
2010-12-31,107.96243286132812,109.16089699264371,107.62720296839257,108.12166897870263,4598454
2011-01-03,108.34794616699219,109.28660517053558,108.125853495637,109.28660517053558,3086238
2011-01-04,107.8660659790039,108.73348973382669,107.61463969330701,108.56167767970912,4576776
2011-01-05,106.11448669433594,108.02113905027873,105.43145074505136,108.02113905027873,5421078
2011-01-06,102.85847473144531,106.48738982542072,101.95333874682787,106.38682086555652,9529842
2011-01-07,101.06078338623047,103.41999916688249,100.57049913378519,102.67828866660277,5663580
2011-01-10,98.42083740234375,101.38766495044761,97.85512817447392,100.73814439043774,7110408
2011-01-11,99.29664611816406,101.3667241563808,98.06465849797728,98.64294372539965,6439050
2011-01-12,99.45165252685547,101.49239615030629,96.21663418698168,99.73241235768295,14537040
2011-01-13,100.69622039794922,101.30802073644139,98.06881282651231,99.313375923071,6794286
2011-01-14,98.81475830078125,101.82768549125393,98.22390476396318,101.15721769175131,4032972
2011-01-17,98.06464385986328,99.48101162097079,97.07151449730118,98.48369284278857,4277550
2011-01-18,98.09397888183594,98.55911911633169,96.9374162555802,98.08560005047272,5204790
2011-01-19,97.12178039550781,99.25052496568895,96.7991187125782,98.14844027282707,4172202
2011-01-20,95.06426239013672,97.00862632586909,94.05017860679246,95.96939838407003,9200106
2011-01-21,92.65478515625,95.45818699346948,92.41593476419935,94.87153071554827,8752776
2011-01-24,95.39533233642578,95.87723789154114,92.94392575118401,93.69820470048917,4333938
2011-01-25,94.74162292480469,96.36331794006047,93.02773008267484,95.71799453531546,5506872
2011-01-27,93.34619903564453,95.96941740497229,93.0277267598831,95.45817832479813,6659538
2011-01-28,94.94694519042969,95.95683974130642,93.54314588064187,94.2806670725022,6497328
2011-01-31,98.70993041992188,101.97847111148937,95.79338488363172,95.81015021146347,17166906
2011-02-01,98.62197875976562,100.44063025155954,98.20293743060064,99.81625383716239,8898528
2011-02-02,99.02845764160156,101.40862910417859,98.64293928927303,99.2631186512597,11149230
2011-02-03,100.18501281738281,100.51605339016204,98.31607302146048,99.14578450712435,8452230
2011-02-04,99.87491607666016,103.34878563465885,99.48101126180015,100.19757780746822,14437500
2011-02-07,100.11373901367188,102.07905778740128,99.73241022315428,100.57050028315398,12533964
2011-02-08,94.55306243896484,100.90576648722273,93.29593082854646,100.57052883347035,6873978
2011-02-09,91.9549789428711,96.34656032091782,91.1839347161095,95.05590583794616,4901862
2011-02-10,91.72032165527344,94.83801426999062,91.18394599882242,91.85442132407817,5458606
2011-02-11,92.87686920166016,93.53057908468578,88.83729093556782,91.21745416718629,4595268
2011-02-14,93.68144226074219,95.1564770867992,92.64221405067043,94.25134085920847,4115782
2011-02-15,94.7206802368164,95.84371988818872,92.18965160545952,93.73173258175046,3585198
2011-02-16,93.7485122680664,95.20678213342553,93.2288941934561,94.21784199990273,3972225
2011-02-17,93.14508819580078,94.45250067314714,92.62547013415288,94.45250067314714,2999698
2011-02-18,89.97708129882812,93.6646640193559,89.52451708385765,93.31266877738766,5878117
2011-02-21,92.5416488647461,92.99421316066856,88.5188278417119,90.3123350362865,6438177
2011-02-22,91.16717529296875,92.8601133540093,89.6921405305236,92.8601133540093,6039484
2011-02-23,91.03306579589844,92.18962038171061,90.54697096453965,91.40181866084781,4505488
2011-02-24,88.82051086425781,90.83192083339873,87.59690262150242,90.26202236519815,12898323
2011-02-25,87.86511993408203,90.07766847903211,87.19464463270377,89.49100450855674,3928434
2011-02-28,90.63082122802734,92.18966000949952,88.16683837020611,88.41826472266195,10273339
2011-03-01,91.85441589355469,92.35726852130603,90.24528134641261,91.51917825074638,4917810
2011-03-03,90.46320343017578,92.39081068505895,89.57483231629892,91.68681225640705,4893675
2011-03-04,90.12794494628906,90.88222380634262,89.50775805968823,90.17822559987316,4100439
2011-03-07,88.45175170898438,89.47422204000591,87.83157258559515,89.17250747074179,3115482
2011-03-08,91.26774597167969,91.50240693526271,88.35119938676068,88.35119938676068,5202175
2011-03-09,90.94926452636719,92.17287289556972,89.27309193650821,91.51916305346083,6751722
2011-03-10,92.5416488647461,93.32945080356214,89.54129075950793,90.84871066116291,4974466
2011-03-11,94.45248413085938,95.67609272193687,91.93822095370321,92.52488491934709,8258842
2011-03-14,94.10044860839844,95.87719740835549,93.74845344860023,94.92177320556722,4226475
2011-03-15,90.89898681640625,93.96639076365739,90.54699152891558,92.72601691745375,5363734
2011-03-16,91.11688232421875,92.79306263925673,90.68107574922571,91.78735751940239,4696912
2011-03-17,91.30126953125,92.49135503622972,90.01061504125546,90.46317931028304,2309043
2011-03-18,90.56375885009766,92.49135797944696,89.87652592124496,92.40754665280674,2932278
2011-03-21,90.4967041015625,91.65326663449396,89.5748102112453,91.51917465181259,1839324
2011-03-22,91.01632690429688,91.63651386670027,89.59158032991826,90.88223491445471,2535307
2011-03-23,91.40184783935547,91.82089682904328,90.31233888118116,90.99956418534107,2107996
2011-03-24,91.50242614746094,91.90470984241853,91.18395379355549,91.77061783507376,3487645
2011-03-25,92.4913558959961,93.07801982341857,91.18393605988493,92.80982818796431,6411241
2011-03-28,93.59761810302734,94.36866224242713,91.8711572100547,92.35725208928781,7339996
2011-03-29,95.15647888183594,95.74313515271812,93.69820168961911,93.849059009217,5875006
2011-03-30,94.67034149169922,97.20136877533531,94.0501625025538,95.54195434941958,5266102
2011-03-31,97.65400695800781,98.6261894970971,94.8212706938608,94.8212706938608,9499864
2011-04-01,98.2406234741211,99.11223657081429,97.21815308408934,98.05624319036517,4220574
2011-04-04,99.86652374267578,100.2352766682027,97.63721016475353,98.55910398795278,3015000
2011-04-05,99.39720916748047,101.72709207676272,98.29092720515439,100.46996045859441,4413615
2011-04-06,99.93359375,101.57624383186115,99.16254937453922,99.22959537711439,8120823
2011-04-07,97.75457000732422,100.90578615169011,97.31877094731699,100.53702542799084,7120737
2011-04-08,96.36331176757812,98.22386471547091,95.65932124878232,98.03948441937648,4940473
2011-04-11,94.83799743652344,96.88293070244626,93.56410068298855,96.84940770942598,4788319
2011-04-13,96.88292694091797,97.402537149019,93.37971675940193,93.71495434951034,5266890
2011-04-15,95.89399719238281,96.88294481281838,94.43572760130948,96.73208748579505,4361028
2011-04-18,96.34654998779297,98.10653388244425,95.94426642014564,96.74882588251943,4304644
2011-04-19,97.06731414794922,97.72101636950197,94.93856949398996,95.89398633542979,3437049
2011-04-20,98.96139526367188,99.58158219595921,97.4193144366031,97.4193144366031,4385253
2011-04-21,101.97850036621094,102.48135292455228,99.21281129533348,99.21281129533348,5906080
2011-04-25,101.71029663085938,103.48704570591259,101.27449010918745,102.54838668583771,3177348
2011-04-26,101.86119079589844,102.33052047586632,99.61511907049163,101.91147913311474,3934587
2011-04-27,104.3922348022461,104.57660749551658,102.24672409164674,102.58196181863003,7441954
2011-04-28,106.52095031738281,107.04056830234839,104.64363938683583,105.59905635132164,13472038
2011-04-29,103.1853256225586,109.1692746374703,102.11257470635903,106.4035860440771,9647058
2011-05-02,101.71029663085938,104.55979667944953,101.12364049800273,103.58761467100913,5406627
2011-05-03,98.54234313964844,102.74954420128378,98.05625587923448,101.55945870516335,4491453
2011-05-04,103.80552673339844,104.92856612116499,97.90538820575894,99.0284275935255,9973849
2011-05-05,103.90613555908203,105.86726582505767,102.95071843383602,104.24137327265856,9541876
2011-05-06,102.33049011230469,105.58226623378481,101.81087224930182,104.59332650299449,8068266
2011-05-09,101.97850036621094,103.20210876970296,99.98384779256563,102.91715949817095,6130362
2011-05-10,102.01203155517578,104.69390952417652,101.81088591192463,102.38079217370141,5807154
2011-05-11,100.6711196899414,102.71605370878146,99.96712890439407,101.24101845403668,4694638
2011-05-12,101.2242202758789,102.19640238816788,99.78270860341867,100.41965312332216,3684310
2011-05-13,102.12938690185547,104.0905093715708,101.69358020349132,101.69358020349132,4778640
2011-05-16,99.54805755615234,103.38650603129851,99.1122585839342,102.85013039256918,11482777
2011-05-17,92.99420166015625,99.79946895696243,92.3572571230588,99.56480800700277,22836247
2011-05-18,91.85441589355469,94.63686300822035,91.41860925978055,93.76524974067208,9724798
2011-05-19,93.09475708007812,93.46351762065702,91.23420439257934,92.86009616429526,4509184
2011-05-20,91.83766174316406,95.29058456396486,89.67539364591427,93.86583783612883,15459457
2011-05-23,89.64183044433594,92.42428432297763,88.55232188873332,92.42428432297763,8455621
2011-05-24,89.05520629882812,90.29557257301427,88.18359300333806,90.07766924914175,6349114
2011-05-25,87.96571350097656,89.27313379826697,87.63047575663747,89.27313379826697,3169969
2011-05-26,92.00525665283203,92.64220887990963,87.93215536539388,88.58586525288537,13454910
2011-05-27,94.85476684570312,95.5084767999521,92.07231971576644,92.07231971576644,7671549
2011-05-30,93.04450988769531,95.99457225422798,92.25670020487587,95.52524258099992,4577292
2011-05-31,94.21782684326172,94.93858282717359,90.66433525838649,91.85442089863453,8772271
2011-06-01,94.40221405029297,95.30735043008812,93.26240898877309,94.87154374081922,2953699
2011-06-02,94.23457336425781,95.74313115134576,93.31267949645576,93.69819777371022,4074744
2011-06-03,93.8658447265625,95.17325721016111,93.39651500418964,94.28488610717538,2435163
2011-06-06,92.47460174560547,93.78202173983391,92.29022908552756,93.22888074083201,2154445
2011-06-07,92.6422348022461,93.02775317469494,91.5191950151053,92.18966275061506,4568362
2011-06-08,90.53022003173828,92.07230060028722,90.17821712512333,91.85439732744396,8586996
2011-06-09,88.90434265136719,90.83194175821185,88.70319700436342,90.51346946278792,6987826
2011-06-10,89.45745849609375,89.74240774034789,88.53556478502685,89.12222860457145,4565845
2011-06-13,90.16145324707031,90.66430573849523,88.56908446658474,89.17250592171061,4547260
2011-06-14,90.51348876953125,91.85443190153585,90.31235075254614,90.51348876953125,4987099
2011-06-15,89.9603042602539,90.915728561747,89.07193360495737,90.83191725869116,3563634
2011-06-16,90.21174621582031,90.7984100935972,89.20604109558633,89.84299329854336,2627772
2011-06-17,89.10546875,89.75917858802637,88.16680965020636,89.50775231747168,2922289
2011-06-20,85.88722229003906,90.27880353949438,85.63579599977133,88.16681656290832,5156968
2011-06-21,85.8369369506836,87.71425536280856,83.15505898544917,86.75883849570303,9843882
2011-06-22,87.4293212890625,88.63616466528292,84.54629717896329,86.55770792127937,5804277
2011-06-23,88.71994018554688,90.21173230312932,86.57443830604495,87.16109442042504,5468871
2011-06-24,91.45211791992188,92.3237310508283,90.17822121529547,90.17822121529547,9431793
2011-06-27,95.2738037109375,99.73243118360226,95.02237740738816,96.71531554101004,28569900
2011-06-28,95.4749526977539,96.91646457825823,94.3519131231644,96.41361195356706,8229484
2011-06-29,93.6479263305664,96.59799620525399,92.75954769729947,96.2795162134504,7492194
2011-06-30,91.93824768066406,93.39652535109745,91.61977527536554,93.1953796346974,10160776
2011-07-01,92.6422348022461,97.51990465033457,92.18966275061506,97.51990465033457,11798136
2011-07-04,92.94393920898438,93.66469526532141,92.05556814172826,93.06127355308939,5513425
2011-07-05,92.6925048828125,93.99992487428815,92.18965222038689,93.1953575452381,5814307
2011-07-06,91.43534851074219,93.09476338277268,90.98278430606145,92.18962730049054,5576223
2011-07-07,92.17289733886719,92.6757500164683,91.41861832246553,91.6365216609542,6020826
2011-07-08,92.91041564941406,94.08374373757863,92.49137428816861,92.75955830403024,4215765
2011-07-11,94.20104217529297,94.53627976757008,92.25667795134355,92.86010715202656,4722703
2011-07-12,94.41895294189453,95.20675482419499,93.19534445697312,93.83229670006924,3991452
2011-07-13,96.19571685791016,96.81590386080336,94.7206818545798,94.7206818545798,8344695
2011-07-14,94.97209930419922,96.71531814165243,94.36867769403935,96.04485053846612,4133055
2011-07-15,93.49705505371094,95.44141934799214,93.01096014367998,94.36866822140692,2715807
2011-07-18,92.84334564208984,93.86581612052504,92.47458504269473,93.86581612052504,2526735
2011-07-19,92.7427749633789,93.396484830445,92.29021072544455,93.396484830445,2738167
2011-07-20,92.23992156982422,93.83229056405158,91.95497229796305,93.0277234006076,2011543
2011-07-21,92.8601303100586,93.46355198830561,92.12260895770554,92.32375463240315,2821686
2011-07-22,93.73170471191406,94.50274880726147,93.02771426770498,93.78199303203772,3529584
2011-07-25,93.83228302001953,94.62008478746434,92.91038162083478,93.53056843975534,5466030
2011-07-26,92.7930679321289,94.67037863612907,92.42430732103608,94.67037863612907,4196827
2011-07-27,92.62543487548828,94.03342349991065,92.18962832462512,93.882566205701,2811828
2011-07-28,92.92716979980469,93.83230609021923,91.58622686315638,91.58622686315638,5818953
2011-07-29,90.26203918457031,92.5248758215094,89.97708989737275,92.5248758215094,7263630
2011-08-01,91.65325927734375,92.18963483793537,90.01060960258945,90.8989804259254,4697514
2011-08-02,92.67574310302734,93.02773841650531,91.04985085395957,91.78737215164901,5526291
2011-08-03,92.8601303100586,94.0502160028662,91.55271027975431,91.93822861961726,4537237
2011-08-04,91.58622741699219,93.81554132210132,91.20070910180887,93.32945401246877,2597493
2011-08-05,92.87686920166016,93.83229369928881,89.50775847889285,89.50775847889285,8423607
2011-08-08,94.90504455566406,95.79341539069021,90.21174874757594,90.54698635470263,9840003
2011-08-09,95.67609405517578,97.26846331387166,93.54735682899612,94.53629677842794,9296133
2011-08-10,93.69818878173828,97.01701866400093,93.04448660840497,97.01701866400093,4869504
2011-08-11,93.04450988769531,93.84906956114136,92.34051154139179,92.55841487799492,2319924
2011-08-12,93.59761810302734,95.44141330104534,92.80981630457583,93.86580970414231,6378681
2011-08-16,91.65325927734375,95.82693712310952,91.08336072377273,93.37972027100716,2287386
2011-08-17,92.91041564941406,94.58659644024249,91.51919188482358,91.51919188482358,3672018
2011-08-18,92.85999298095703,94.30541648204886,92.10366726715849,94.10372500879011,5046471
2011-08-19,92.77592468261719,94.42303143872414,91.41454037004429,91.88514339946636,7088448
2011-08-22,96.28865051269531,97.07859777780222,92.25491391211128,92.62467515216267,5935705
2011-08-23,93.6163101196289,96.80968249857762,93.38100470467118,96.473535203099,4570302
2011-08-24,93.7507553100586,94.9608731263222,93.22972744594362,93.9188250918337,4186500
2011-08-25,94.8936767578125,96.6920509487099,94.002895077682,94.6247650175817,9978679
2011-08-26,93.4314193725586,95.93569375610485,92.87677754915164,94.62473406383432,4341853
2011-08-29,92.42301177978516,94.86005894878281,91.96921169590702,94.12054399935191,5656912
2011-08-30,88.50690460205078,92.40617754612998,87.39762091823701,92.1372658848964,10830636
2011-09-02,88.70858001708984,91.91876268090932,87.59930413119321,91.43134880008532,7815435
2011-09-05,86.37239074707031,88.77582353813578,85.59925427018457,88.40606227989728,10391605
2011-09-06,87.71696472167969,88.06992284727217,85.71690714536756,85.8009458934242,14100801
2011-09-07,88.22117614746094,88.77581800021962,87.56570011350854,87.73376990506789,8604588
2011-09-08,87.78417205810547,88.54049746575001,86.92699710778307,88.37242002378017,6144648
2011-09-09,88.13714599609375,88.67497702830254,87.73377079850168,88.08672121124151,6416307
2011-09-12,87.76740264892578,89.39770690409489,87.06150167954512,87.14553274643967,8182092
2011-09-13,86.74214172363281,88.3220207568052,86.23792468352497,87.81780371669736,5936710
2011-09-14,87.66654968261719,87.91865823895381,86.13708751709521,87.02787672489579,7956025
2011-09-15,87.59930419921875,88.23797702890656,86.60767330642248,88.23797702890656,6970267
2011-09-16,92.33893585205078,94.30538670322638,90.75905699682697,90.75905699682697,20314476
2011-09-19,90.57417297363281,93.86839406337602,90.1539947347268,92.40616025100019,7946808
2011-09-20,87.90184020996094,90.70864806097376,87.31359208919699,90.70864806097376,17563543
2011-09-21,87.75057983398438,89.24642019792469,87.39762173470535,88.87665896653246,9434337
2011-09-22,86.65809631347656,88.3220139564677,86.4227909428814,87.12869936092598,7829694
2011-09-23,86.65809631347656,87.68333344609579,85.80092895003895,86.1370684884022,7303812
2011-09-26,85.63286590576172,87.02787215294988,85.12864881957717,86.72533882374229,5279827
2011-09-27,87.09508514404297,87.53207423633626,85.93538450584012,87.06147119030817,4711935
2011-09-28,88.25480651855469,88.49010424998376,87.09510560786904,87.96907630406254,8717388
2011-09-29,90.27165222167969,91.34731411009096,87.75056726642181,88.05309284480832,7264513
2011-09-30,89.4480972290039,90.05316381448056,87.91864302194332,89.98592820985108,6946057
2011-10-03,90.10356903076172,90.84309134059205,88.23796782128824,88.40603757636777,6750094
2011-10-04,88.75901794433594,90.65823358288027,88.08672336731293,90.06997775142068,5362317
2011-10-05,88.72540283203125,90.40613170475139,88.40606634658752,88.5069159261952,3037218
2011-10-07,88.89346313476562,91.21285683583046,87.31358414735793,90.38930338667589,6302101
2011-10-10,92.20449829101562,92.42299287328055,88.57413683135363,88.59093996412825,3719904
2011-10-11,90.17082214355469,92.07004552878608,89.81787171233657,91.12883924970949,4777623
2011-10-12,90.94393920898438,91.38092829483531,89.71701068140004,90.4565253464042,2783823
2011-10-13,89.01112365722656,92.40617961890602,88.77581825462725,91.76750671540835,4512492
2011-10-14,89.66658782958984,90.2212296105553,88.38924219159556,88.79261733286673,4292902
2011-10-17,90.57417297363281,91.26327051718206,89.68339172190635,89.98591728417216,2907058
2011-10-18,88.64139556884766,91.22970980290033,88.3724761072765,89.78428596959927,4357546
2011-10-19,90.13719177246094,90.69183355892547,88.4396601525142,88.9606879846846,3116782
2011-10-20,89.61620330810547,90.13722363068504,88.57415496920264,89.59939247814629,2939844
2011-10-21,89.21282958984375,90.06999728299462,88.60777049431042,89.9019274491642,2319718
2011-10-24,92.89361572265625,93.22975538694767,89.80108464871267,90.72548026612971,4961169
2011-10-25,93.0784683227539,93.5826853609189,92.03642029012902,93.41460788570295,9242170
2011-10-28,95.73401641845703,99.09546615272255,94.2045543658375,94.45666290356385,5957506
2011-10-31,93.33058166503906,95.8348561602635,92.85997855884882,95.80124220223146,3269259
2011-11-01,93.36421203613281,94.42306344089641,92.62468944193935,92.62468944193935,1883079
2011-11-02,93.73394012451172,95.04490744259569,92.79274169661423,93.09526728973593,2398773
2011-11-03,93.4314193725586,94.0532891090316,91.16244268474345,93.11208293862423,3250446
2011-11-04,93.04485321044922,95.31382985400143,92.64147804618057,94.72557408553708,6048180
2011-11-08,93.38101959228516,96.8265087624594,93.11210786802388,96.13741092842454,6170599
2011-11-09,91.1456298828125,94.05328706917574,90.94394614798858,94.05328706917574,3595072
2011-11-11,89.2968521118164,91.43136554132879,88.84305210239823,90.75907863454262,5486427
2011-11-14,87.801025390625,90.43976426223345,87.39765007048354,89.58259651552302,3114604
2011-11-15,86.99425506591797,89.16238230357132,86.50684113013347,88.06991711860819,3469480
2011-11-16,88.38925170898438,89.02792459675118,86.28834473837995,86.72533388066513,3574468
2011-11-17,86.49005889892578,89.0447588148657,85.8177641832222,88.91029525547873,2699470
2011-11-18,87.33039093017578,89.22960642065695,84.48996926023275,85.95219561783937,4369078
2011-11-21,84.7420883178711,88.06992431652952,84.23787120860422,87.73377701243743,2441680
2011-11-22,84.6580581665039,86.35559029927383,83.91854325488526,85.06143343363375,3698254
2011-11-23,82.87647247314453,84.70845996642757,81.26297953634177,84.0865902523113,5790336
2011-11-24,85.71690368652344,86.72533784754137,82.0361174600596,82.7756399481352,6572179
2011-11-25,84.67484283447266,85.34712960948391,83.39748949883626,85.34712960948391,3995673
2011-11-28,87.96907043457031,88.23798980343186,84.8429260488543,85.07823145832592,1929723
2011-11-29,87.04468536376953,88.62456472423227,85.98583397643458,88.40607011533909,4400394
2011-11-30,89.66658782958984,90.69183265974817,85.73370135998354,85.73370135998354,3802981
2011-12-01,89.53213500976562,93.38099057013474,88.82623425922517,91.81792242429769,3726117
2011-12-02,90.12043762207031,90.65826887682516,87.86826299161642,89.53218156159822,6333309
2011-12-05,90.52379608154297,90.75909384554362,88.5741552619914,90.08680682608379,2532787
2011-12-07,91.8683853149414,92.10369081160387,89.81790225739483,90.3389303616153,2970330
2011-12-08,89.64981842041016,92.05325165447398,89.14560122759993,91.5154204950593,2320759
2011-12-09,87.86823272705078,89.44811197459244,87.48166832884733,88.20438003064736,2231760
2011-12-12,86.5236587524414,89.36408076644311,85.88497810732397,88.13715195821402,3607639
2011-12-13,85.8513412475586,86.82616124194583,84.89333207602273,86.15387450895963,3822892
2011-12-14,84.72528076171875,86.38919098045236,84.3723226486617,85.54883430470099,3553435
2011-12-15,84.40591430664062,85.29670322656598,83.36386645678951,84.03616085225092,7229764
2011-12-16,84.13700866699219,87.21272766208067,82.74201039220483,84.40592028924486,3192585
2011-12-19,83.06134033203125,84.1370021248847,82.27140096247513,84.1370021248847,3580656
2011-12-20,85.01099395751953,85.70008389421324,83.6159878719784,84.50677692976139,3812736
2011-12-21,87.801025390625,88.25482551093826,85.26313611936014,86.0530759283377,2322900
2011-12-22,88.92707824707031,89.17918676310104,86.0530427030683,86.0530427030683,1895197
2011-12-23,88.0699234008789,89.75064451638012,87.31359774484199,89.75064451638012,1876218
2011-12-26,88.23799896240234,88.54053232205632,87.41444533125231,87.5657120110793,1216527
2011-12-27,88.28842163085938,88.7422139656868,87.46486032576742,88.27161080295258,1222836
2011-12-28,87.801025390625,88.54054809317508,87.29680816388424,88.33885658623218,1055052
2011-12-29,86.67491149902344,88.35564019957353,86.1202773367103,87.86822626054175,4003434
2011-12-30,86.2547378540039,88.33883416985088,85.7169067948738,86.28835181434064,2755954
2012-01-02,86.843017578125,88.35566929041093,86.20433676863611,86.55729498983173,1790127
2012-01-03,88.4732666015625,88.91025566405703,87.2799597847386,87.76736592752692,2231457
2012-01-04,89.64981842041016,89.95234411985004,87.76740551558692,88.74222593460297,3473709
2012-01-05,87.98588562011719,90.74226889535812,87.73377706533176,90.23805178578725,4615846
2012-01-06,88.03755950927734,88.98456758880882,87.34882707706785,88.29583515659932,3933240
2012-01-09,88.5713119506836,89.1911797186513,87.19384728884582,89.1911797186513,2710369
2012-01-10,89.94877624511719,90.56863607429044,88.89845973384078,90.56863607429044,4653024
2012-01-11,89.39779663085938,90.18984550732714,88.95011785919664,90.18984550732714,1858990
2012-01-12,88.77789306640625,90.2242373366078,88.33021451501467,90.01761222261204,2859687
2012-01-13,89.43223571777344,89.8799145037759,88.48522775165829,89.51833021721893,1984116
2012-01-16,88.24412536621094,89.86265076043479,88.07194432914754,89.53550284904301,2694250
2012-01-17,90.25868225097656,90.72357500892552,87.84810823471194,88.50240408128987,5307021
2012-01-18,92.3765640258789,92.87590102230301,89.91433890845664,90.74082392504711,4757965
2012-01-19,93.59906005859375,94.44275915853504,91.25736588438032,92.97920029965164,3625945
2012-01-20,95.02819061279297,95.69970869169157,92.77259073025428,93.53019541381889,4354359
2012-01-23,94.82154083251953,95.85464279029671,94.02950020192633,95.38975006207396,2255712
2012-01-24,94.42557525634766,95.64808099933757,93.61631211241655,94.82159580121997,2776474
2012-01-25,93.85734558105469,95.32091247728877,93.20304953724857,95.20038176965755,5481361
2012-01-27,95.83745574951172,96.45731552320647,87.53819365024302,95.73413921894205,4544763
2012-01-30,94.9765396118164,97.38711428382408,94.37389397332821,94.70104198561049,3695226
2012-01-31,95.0626220703125,96.88776504095415,94.58050719690934,95.73413217795971,4007272
2012-02-01,93.82290649414062,94.76991431185748,92.63483726852981,94.0811820700584,5360700
2012-02-02,95.09707641601562,96.25070161702611,94.25336931523356,94.25336931523356,8067528
2012-02-03,96.99109649658203,97.6281784223544,94.20172312300741,95.73415469689817,4541212
2012-02-06,97.55929565429688,98.12749719443995,95.92354770624054,97.11161693664167,7470982
2012-02-07,98.57514953613281,99.04005017943189,96.21623375654899,97.14602716120417,6976953
2012-02-08,97.52485656738281,98.48908641059263,96.00963936833094,98.45465019347407,9903754
2012-02-09,96.87053680419922,97.679799530944,94.9248555453958,95.90630719745165,6999558
2012-02-10,97.02552032470703,99.35000046641474,96.11294874129598,97.11161480912229,5784490
2012-02-13,96.71560668945312,98.55797214064545,96.28514209448247,97.97254848870911,4227969
2012-02-14,95.07987976074219,96.59509750192179,94.87326238410539,96.0785461783821,5943190
2012-02-15,96.13018035888672,98.07585442115601,95.13151419166219,95.90634098268403,8879653
2012-02-16,96.87053680419922,97.69701369430933,95.40697034876959,96.25066928418798,3467700
2012-02-17,96.85334777832031,100.0387493992336,96.35401864134892,97.45599345847839,7068097
2012-02-21,100.50363159179688,101.4162031583045,97.45598305967587,97.45598305967587,9868660
2012-02-22,100.77913665771484,104.77379326838619,99.53940911762066,101.48508309402892,10356904
2012-02-23,99.98709869384766,102.20827054736641,98.91956001634925,101.72615554314653,13679716
2012-02-24,97.98975372314453,101.24402761575423,96.81890652603887,101.19236934684567,6790399
2012-02-27,96.78446960449219,99.16060020007018,95.49309171060898,97.98975301146811,6020469
2012-02-28,97.59373474121094,98.48909220284054,95.73414737966415,97.45598986463573,8681101
2012-02-29,100.9685287475586,102.77645778997145,100.45197759258349,101.9327586211048,13358160
2012-03-01,99.2467041015625,102.08773573760702,98.14472924517437,101.53674830941296,14292922
2012-03-02,96.90501403808594,98.28247873207353,95.11429890117728,97.97255272280213,9254029
2012-03-05,97.69703674316406,98.48908549340499,95.21758972399242,96.38844474095487,3603703
2012-03-06,97.3182373046875,99.52219474411473,96.76724991531704,98.0069774528596,4164817
2012-03-07,96.061279296875,97.71424906642216,95.56195026203463,97.38710109843295,4510306
2012-03-09,97.4215316772461,97.86920242516723,96.37120752534148,97.45596788862464,10807701
2012-03-12,95.6136245727539,98.1275000985357,95.32091276900036,98.1275000985357,4181401
2012-03-13,99.02285766601562,99.3844419084564,95.95798686666144,96.25069867072735,4701795
2012-03-14,101.15792083740234,101.58838534081788,98.69569603619804,99.91820135367628,5296921
2012-03-15,98.6784896850586,101.10627846409822,98.04140784454806,101.07184224693103,3735045
2012-03-16,94.02952575683594,99.60827153944452,92.51430861483455,97.93809536721642,14344735
2012-03-19,94.4104232788086,95.34535297158601,92.47131894156644,93.49281076806584,5588512
2012-03-20,94.28924560546875,94.91252949753832,93.6659537879145,94.18535835221992,3659446
2012-03-21,94.0295181274414,94.86056045235559,93.14652426433891,94.28922034000507,4656892
2012-03-22,93.68325805664062,95.55310947506887,93.49280868591964,94.32385904443237,4109701
2012-03-23,92.59249114990234,94.32384447513101,91.96920744003226,94.18533081978471,3314037
2012-03-26,90.67072296142578,93.47550443995182,90.3071413513183,93.14654927245053,3494355
2012-03-27,91.93458557128906,92.62712218046931,89.68383564734123,91.13816173407145,4504240
2012-03-28,89.25100708007812,92.10773193053681,88.78354618383302,92.10773193053681,5274936
2012-03-29,90.16861724853516,91.6922041898988,87.95248574488065,88.9912946628339,10555807
2012-03-30,92.92144775390625,93.56204865331789,89.92621770603618,90.37636926100207,6058576
2012-04-02,93.44086456298828,94.11609198495624,91.7614625243298,93.11190944278215,3339433
2012-04-03,94.61817932128906,95.32803312163547,93.56205324808315,94.11608412936863,3705963
2012-04-04,94.98178100585938,95.55312126302238,94.30655349695348,94.98178100585938,2692074
2012-04-09,93.07730102539062,94.86059064767004,92.50596073117534,94.0122308733162,2381143
2012-04-10,91.64026641845703,93.57937863577163,90.84384249867297,93.33698564586551,2732763
2012-04-11,91.44981384277344,92.62712853681548,90.5668278222419,91.06891511511867,5059573
2012-04-12,90.4110107421875,92.35012301694857,90.30713142578611,92.29817939600598,5794960
2012-04-13,90.3071517944336,91.69223343530665,89.1990896519294,90.72267707924408,4120119
2012-04-16,89.71847534179688,90.72265793254059,89.44145590189201,90.09936617412563,1646176
2012-04-17,93.16385650634766,93.6313173943477,89.02592969022794,90.03011226952789,4822521
2012-04-18,93.94296264648438,94.67012578421007,93.1811651445967,93.23310876535588,2335000
2012-04-19,94.27192687988281,94.70476136789797,93.1465477004619,93.89102809215811,2013237
2012-04-20,92.45396423339844,95.37994069641383,91.57097851963626,94.16799998686655,2865481
2012-04-23,92.74834442138672,93.80447077104492,91.65759162792703,91.865358216221,3069481
2012-04-24,92.92144775390625,93.47547860798367,91.6056274475283,92.1942847346429,2985909
2012-04-25,91.64026641845703,93.44086495918945,91.15548836412839,93.04265696203922,2160861
2012-04-26,91.46712493896484,92.38473733501344,90.84383327136382,92.38473733501344,2775769
2012-04-27,90.930419921875,92.40206346022028,90.27250962537761,91.76147034675482,1441833
2012-04-30,93.5101318359375,93.83908697891194,90.9304184639526,90.9304184639526,2271094
2012-05-02,92.62712860107422,93.61400185745681,91.83071263413444,92.99071807344235,5296045
2012-05-03,91.83071899414062,92.5059464425392,90.98235935082597,91.83071899414062,2309152
2012-05-04,89.82235717773438,92.88684073208549,89.51071128979041,91.95191891922187,2926041
2012-05-07,90.23786926269531,90.98234950852382,88.73159159067811,89.26831322508224,4735962
2012-05-08,89.42414093017578,91.0516072498444,89.07786863379482,90.72265213475004,3643525
2012-05-09,88.6623764038086,89.57998921583122,87.77939004174044,88.81819939134684,4255534
2012-05-10,89.82235717773438,90.56683753183685,88.67966879774673,88.99130676020654,4436631
2012-05-11,87.96981048583984,89.30294818342217,87.25995660750004,88.97399305452984,2214802
2012-05-14,87.1387710571289,87.91787791043242,85.70175386338724,87.25996756999427,3508936
2012-05-15,86.29042053222656,87.5369963859138,85.7017630147155,86.22116763904711,2627302
2012-05-16,85.85755157470703,87.31188552502378,85.39008284488249,85.52859650120962,2910475
2012-05-17,85.19967651367188,86.70594677060923,83.9704178324997,85.75370759068792,4082329
2012-05-18,86.0826416015625,86.48084960640796,84.03965003144394,84.35128797743805,3729129
2012-05-21,85.3727798461914,86.72322667183406,85.07845118384088,85.2862097953296,2508547
2012-05-22,84.81875610351562,86.91368335173463,84.48980097819943,86.06532372844894,3288988
2012-05-23,84.29936981201172,85.14772961852101,83.13936406921988,84.83608368223844,2918631
2012-05-24,89.23368072509766,89.80502083042519,85.94411412273872,87.32919521454683,7995114
2012-05-25,89.00862121582031,89.96086018238563,87.36383761404029,88.03906506690686,2975523
2012-05-28,87.90054321289062,89.30293355788153,87.43307448090535,89.181737080091,1300308
2012-05-29,88.78355407714844,89.19907931379973,87.90056790269234,88.26414951270547,2367385
2012-05-30,87.29458618164062,90.56683625705699,86.58473227780307,90.23788111634866,4065235
2012-05-31,87.67549133300781,88.14295226692013,85.96145469952164,86.61936502887515,5782893
2012-06-01,85.23428344726562,88.1429439543251,84.97458119169868,86.91368555457704,2703042
2012-06-04,87.96981048583984,88.22951273764788,84.57636403032242,85.45935802685675,3503626
2012-06-05,87.86593627929688,88.43727651120565,87.32921456245944,88.29877074898343,2225631
2012-06-06,90.13397979736328,91.06890136887453,87.95247499588474,87.95247499588474,4158421
2012-06-07,91.17279815673828,91.74413829645799,89.51069757632435,90.70532939644076,4262674
2012-06-08,89.51069641113281,90.67070178118065,88.31607253205017,90.48025242859225,5749854
2012-06-11,88.57577514648438,90.63607574861045,88.02173634077954,90.51487926451985,6389868
2012-06-12,90.53221893310547,91.06893276657193,88.07370183333242,88.64505003555624,4089724
2012-06-13,93.04266357421875,93.42356234229244,89.7704134563252,90.72266037650944,4906321
2012-06-14,92.74834442138672,93.37162833529871,91.46715014976125,93.14655248784646,2468808
2012-06-15,92.10772705078125,94.84326318074092,91.70951905467022,93.14653603227684,10850640
2012-06-18,91.13813781738281,92.97337004950614,90.58410709033214,92.66172429814235,3166177
2012-06-19,92.66179656982422,93.49284727131958,90.60149493036863,90.60149493036863,3794589
2012-06-20,94.37580108642578,94.99908493449256,92.81758750351676,93.23311271072266,4561332
2012-06-21,95.29340362548828,96.4187826256124,93.75250738730293,94.18534180635838,5356641
2012-06-22,96.78233337402344,96.99009985242284,94.04680613319081,94.44501398902526,3351490
2012-06-25,94.39312744140625,97.64806068407961,93.59670338974954,96.8689538169194,2616396
2012-06-26,96.02057647705078,96.95550613151228,94.06415503795333,94.06415503795333,3435774
2012-06-27,96.00328063964844,96.60925531301007,94.56626336404668,96.43612308868612,3733011
2012-06-28,96.22830963134766,96.7130875488557,95.39726743382055,95.65696960657552,2382910
2012-06-29,98.63490295410156,98.96386597808637,96.4360965706186,96.60922874733453,6152280
2012-07-02,99.13701629638672,100.4182104895029,96.74775219306815,98.66954744548467,2355033
2012-07-03,100.57400512695312,101.54356107201018,99.41399984352961,99.55251349673937,4687564
2012-07-04,98.54834747314453,100.76447118646358,97.44028561648501,100.6086482541713,5453662
2012-07-05,96.41877746582031,98.65221816555311,95.81280297118441,98.34057232820142,7983918
2012-07-06,96.488037109375,96.95550589822267,94.75669147876718,96.95550589822267,6506715
2012-07-09,96.24565887451172,97.09401853143069,95.63968429436217,95.93401299318131,2614332
2012-07-10,96.78233337402344,97.64800986214598,95.46651335457717,96.60920124659124,4286917
2012-07-11,96.24565887451172,96.92088633373824,95.29341197349328,95.83013367456584,3025794
2012-07-12,97.82119750976562,98.13284344150463,95.39731464807325,95.39731464807325,5442229
2012-07-13,98.72148895263672,99.0331348465516,97.18059251724145,97.18059251724145,3576157
2012-07-16,99.3967056274414,99.82954005481196,97.83849217832733,98.37520591720879,2892852
2012-07-17,98.30595397949219,100.41819836893931,98.0635689169907,99.79491456845194,3456321
2012-07-18,98.82537841796875,99.98538412211224,98.35791745460487,99.03314501039668,4647663
2012-07-19,98.56564331054688,99.51789003075912,98.0116124576427,98.68683978866162,4340812
2012-07-20,97.59608459472656,98.7734070588694,96.88623877616871,98.61758415216849,2221777
2012-07-23,97.45758056640625,98.53101582781417,95.57041225079367,96.88624046584856,2401995
2012-07-24,98.4617691040039,99.62177448199367,97.26713729125946,98.3232633649851,3326160
2012-07-25,98.27131652832031,98.4617658759688,96.78235610623449,98.34056939555927,1782915
2012-07-26,95.72624206542969,98.87729521176495,94.77399528667249,98.87729521176495,3598488
2012-07-27,96.10717010498047,97.78657253317094,94.60089197960123,97.61344030487435,3386368
2012-07-30,95.84745025634766,96.95551216560246,94.96445623994042,96.26296752820525,3062431
2012-07-31,99.0504379272461,100.21044343999651,95.98595450529058,96.00326376193735,4127383
2012-08-01,97.02474975585938,99.65639835703631,96.7131039255889,99.5871454893057,3051279
2012-08-02,95.86475372314453,97.28446142602773,95.39729285779686,96.81699263519661,2898222
2012-08-03,97.18057250976562,97.47490115987378,95.39728342947137,95.57041559851068,2567274
2012-08-06,97.47492980957031,97.99433439483359,96.50537352701419,97.18060107295345,2847771
2012-08-07,97.97700500488281,98.47910026834884,96.9555131463409,97.0420752827782,4368756
2012-08-08,97.57878875732422,98.1328196708357,95.91669601678979,97.6826680675795,3154741
2012-08-09,96.86893463134766,98.23669869273567,96.50535308377975,97.64804134420032,1835668
2012-08-10,96.59191131591797,98.1328154238762,96.2975826535242,96.95550077430114,3693130
2012-08-13,97.1459732055664,100.64329154974008,96.71313077386576,98.66955256956223,7386940
2012-08-14,98.94656372070312,99.63910045749765,96.95551564899124,97.30178005464639,3885201
2012-08-16,98.44447326660156,99.60447087720728,97.89043438404924,99.29283292194107,3767728
2012-08-17,97.66535186767578,99.13699513869608,97.04206019949515,98.08086907915249,1854547
2012-08-21,99.3967056274414,99.76028718047134,97.33639695113274,97.33639695113274,1744494
2012-08-22,99.10240173339844,100.15852021944394,98.54837067463177,98.77344653526998,2342109
2012-08-23,97.54417419433594,99.34477290105896,97.1113317940253,98.68686259720673,2383513
2012-08-24,99.32747650146484,99.96806970501767,97.37104666890119,97.9943385379574,3207067
2012-08-27,99.53522491455078,100.31433174507917,98.72149164214233,99.06776398642755,1903851
2012-08-28,97.35372924804688,100.22776360683523,96.67850173016183,99.20627166348451,3751131
2012-08-29,95.37996673583984,97.42295804284456,94.49698078101605,96.99012365529941,3020323
2012-08-30,95.50117492675781,96.67848967753802,94.61818886367266,95.5704278032174,7728913
2012-08-31,95.53582000732422,96.60925565287941,93.56208094114683,95.9513452726487,6537507
2012-09-03,94.3238525390625,96.78236115625957,93.92563664343588,95.79549585838642,2459880
2012-09-04,94.06414794921875,94.84325461497545,93.05996549610015,94.18533650742681,2158200
2012-09-05,94.63550567626953,95.36267678812386,92.97341273207786,93.14654493705063,3372591
2012-09-06,95.08564758300781,96.24565305106985,93.97758573385258,94.09878222764617,4292332
2012-09-07,95.44923400878906,97.8211807593548,94.89520305594442,96.45341659684821,4208310
2012-09-10,96.38420104980469,96.74778276507402,95.7435997880763,95.91673997667083,3044463
2012-09-11,96.10717010498047,97.47493452223706,95.62239194026462,95.62239194026462,5004067
2012-09-12,97.0074462890625,97.5095415393092,95.81281433813061,95.81281433813061,2514357
2012-09-13,97.95967102050781,99.0331062303395,96.60921643774438,96.60921643774438,3670438
2012-09-14,98.34330749511719,102.52812909065409,97.66327238945969,101.91783994733372,9040158
2012-09-17,97.94225311279297,99.86029080527439,97.47145594754134,99.0407638678877,5910121
2012-09-18,97.9073715209961,98.79664433456527,97.38426892690691,97.68069319809663,7126632
2012-09-20,99.42437744140625,99.87773414005486,97.38428027940063,97.38428027940063,3706689
2012-09-21,102.70247650146484,103.57431684599113,98.88383383156176,99.75566619417565,12622560
2012-09-24,100.13928985595703,102.87686266596498,99.73824659800584,102.3014465274071,7173141
2012-09-25,98.97100067138672,101.02853789618447,98.41302515126458,100.47056237606233,7418622
2012-09-26,98.2735595703125,99.00590014214153,97.75045688131645,98.41305149220115,5126395
2012-09-27,95.97187805175781,98.9012555429376,95.67545380368847,98.55251784677482,11353870
2012-09-28,97.94225311279297,98.16893145563718,96.61705603294116,97.10528569584311,6105505
2012-10-01,96.93092346191406,97.90738281443498,96.25088841477489,97.64583148722092,3235648
2012-10-03,97.99456024169922,98.34329800163346,97.12272781473311,97.64583046367797,6397048
2012-10-04,99.11054229736328,100.15674792039907,98.55256649720522,98.69206643368133,3715249
2012-10-05,100.15673828125,100.57522208657225,97.64585141314583,98.81410839303066,6982777
2012-10-08,98.37815856933594,100.78443364370334,97.82018301297583,100.78443364370334,3809556
2012-10-09,97.94225311279297,99.1628232790914,97.29709106147381,98.4304827756949,2937592
2012-10-10,96.12882995605469,97.43658660512821,95.93702458326881,97.29709469107054,3002410
2012-10-11,97.6283950805664,98.16893823758818,96.2508924306867,96.32063838993209,3442099
2012-10-12,96.65193176269531,98.30842616420698,96.26832900242213,97.38428026886112,3150342
2012-10-15,97.59352111816406,97.73301303525012,96.16370502229206,97.2099103642641,1523154
2012-10-16,97.38429260253906,99.35464405745476,96.77400343376021,98.13407370181112,2133757
2012-10-17,97.6283950805664,98.08175179757477,96.94836000505389,97.8202004594479,1823932
2012-10-18,97.22734069824219,98.2386729554004,97.01809486253661,97.64582438774084,2988936
2012-10-19,97.47142791748047,97.75041963687114,95.72775561249804,97.1226982456303,4932204
2012-10-22,97.0878677368164,97.66327593796139,96.63451098323912,96.63451098323912,1799553
2012-10-23,96.268310546875,97.07039687377349,95.93700534455655,96.61704026208672,2040090
2012-10-25,96.47757720947266,97.85507995102087,96.11140690811023,97.17504483025412,5292406
2012-10-29,95.53599548339844,96.56476845666536,95.36163056501181,95.55343596619426,1254858
2012-10-30,95.2046890258789,95.78010517429526,94.15848365196815,94.94313768240123,4266375
2012-10-31,93.6353759765625,95.18724347362763,92.58917065838861,94.73389475341033,7336297
2012-11-01,92.36247253417969,93.46099107585447,91.85681046354159,92.93788852875437,8134578
2012-11-02,92.67636108398438,93.56563404632054,92.24043686137597,93.56563404632054,6702133
2012-11-05,93.00765228271484,93.28663610424378,92.06606592122878,92.2578712894864,3195184
2012-11-06,93.25174713134766,94.00152799596835,92.34504188499022,93.11225524450984,4004515
2012-11-07,93.04251861572266,93.46100230004276,92.71122136036034,92.81584028596227,3732081
2012-11-08,92.5019760131836,93.23432446006913,92.06605982992936,92.06605982992936,3269299
2012-11-09,89.67724609375,92.37994621930184,89.06695690877653,91.71734356804821,6739995
2012-11-12,89.10182189941406,90.14802727585302,88.63103267278196,89.29362728268302,2519185
2012-11-15,88.40435028076172,89.45055560952812,87.77662867988451,88.92745294514492,4830801
2012-11-16,89.93878173828125,90.46188438197737,87.91611711840117,87.91611711840117,6014199
2012-11-19,88.59615325927734,90.18289370797388,88.29972895627097,89.3808072346318,3759864
2012-11-20,87.86380767822266,89.25875078582395,87.46276442823084,88.631029181073,3113815
2012-11-21,88.10792541503906,88.4043497241958,87.39301738062775,87.54994977533737,2301133
2012-11-22,87.56736755371094,88.40433486352681,87.39300268996256,87.98585120861888,2795170
2012-11-23,87.60226440429688,88.03818865535587,86.80017783051697,87.37559401059612,2070082
2012-11-26,87.18377685546875,88.50896596620996,87.0442769633542,88.50896596620996,2834976
2012-11-27,87.09659576416016,88.61359033545524,86.66067952707944,88.07305515930476,6580572
2012-11-29,88.50897216796875,88.75309100983972,87.1837829643725,87.37558834529585,8961091
2012-11-30,92.39736938476562,93.02509100713452,88.6135911876693,88.6135911876693,6604564
2012-12-03,91.42091369628906,92.58917852940775,91.14192984474657,92.41481362219369,3357211
2012-12-04,92.5019760131836,93.32150290757252,91.10704103400508,91.52551673861117,6459138
2012-12-05,93.35638427734375,93.80974098001089,92.25787348110856,92.79840863911798,2539426
2012-12-06,93.70511627197266,94.01898104122675,91.83938409941531,93.39125948463119,2067573
2012-12-07,93.39126586914062,93.9318010308043,92.0835092110341,93.46101182665122,2786071
2012-12-10,92.92047119140625,94.50721970430166,92.65891985272454,94.50721970430166,2110075
2012-12-11,91.96146392822266,93.46102619091141,91.08962336151855,93.28665328842193,3814500
2012-12-12,90.54905700683594,92.0834917264539,90.32237869701102,91.9614323330301,4510456
2012-12-13,90.54905700683594,91.12446503799787,89.7644031609601,90.84548126092825,4682776
2012-12-14,90.49674224853516,90.98497183325586,89.34591822094765,90.98497183325586,3715774
2012-12-17,89.90388488769531,92.0486003681926,89.69463909663237,89.69463909663237,4979421
2012-12-18,89.36334228515625,90.89777683781628,88.96229915829932,90.32236886926303,4984819
2012-12-19,92.29273986816406,92.55429117933741,90.06083747466148,90.56649961803743,7883175
2012-12-20,92.44967651367188,92.90303320486284,91.75220099711056,92.90303320486284,4762573
2012-12-21,91.0721664428711,92.37992295134477,90.6711152602035,92.37992295134477,7102177
2012-12-24,91.0721664428711,92.04991328392737,90.75218322574938,92.04991328392737,2247706
2012-12-26,91.58771514892578,92.36990455223011,90.85885221759739,91.72992992448677,5100052
2012-12-27,92.08545684814453,93.63206257178247,91.26770577443573,92.24544437025257,11673088
2012-12-28,94.5031509399414,94.92980336914412,92.45878522789775,92.45878522789775,7232952
2012-12-31,95.28534698486328,95.60533019866922,94.50314952012369,94.50314952012369,4193341
2013-01-01,95.16090393066406,95.90753955887638,94.57425583869868,95.67643650486437,1273255
2013-01-02,97.63191986083984,97.98746489097748,95.3920048877238,95.46311226620776,4745688
2013-01-03,99.48075866699219,99.80074191653537,97.77414878521915,98.09414017248135,6323070
2013-01-04,101.25843048095703,102.4850528297641,99.05406969009132,99.37405282170445,11615389
2013-01-07,102.39617919921875,103.08948829009022,101.75620470676706,102.39617919921875,5731459
2013-01-08,103.14282989501953,103.7116970982484,100.7962536989152,102.09398378640697,5334009
2013-01-09,103.88951110839844,104.88503110700219,102.04068592878541,103.71173444868407,5295292
2013-01-10,107.46270751953125,107.72936436201147,104.88502742146274,104.88502742146274,14714938
2013-01-11,103.94277954101562,107.62264692386685,103.56946178447856,107.05377983349688,7226703
2013-01-14,108.52930450439453,109.24038650601912,103.05395437513205,103.65837529717076,8775499
2013-01-15,109.3470458984375,109.89813216230853,107.58710976138605,108.36929907912112,8116143
2013-01-16,108.01378631591797,110.18259444148009,107.5871338028507,108.79597580844143,5203342
2013-01-17,111.8002700805664,114.34239524023981,106.71601976121957,107.33821333286224,18682264
2013-01-18,120.0666732788086,126.21756089783388,113.41803387059619,113.61358328520834,35608698
2013-01-21,119.65776062011719,121.11548620153708,118.57335282138065,120.38662341082713,10597027
2013-01-22,119.95999145507812,120.95551113689206,118.30671624461596,118.92891808017933,7449498
2013-01-23,118.46673583984375,120.88442814611747,117.41788947559672,119.99556936417972,6934620
2013-01-24,119.58668518066406,125.68423771851654,117.88008333429417,122.48435620492818,17003913
2013-01-25,121.27550506591797,122.48435515052822,118.41339590053691,119.39113475314338,6570561
2013-01-28,119.08890533447266,122.18212524011834,118.28893509013592,121.66658452031832,7518873
2013-01-29,118.50226593017578,119.4444510059259,117.38231238854415,118.14672899841275,6089569
2013-01-30,120.35108947753906,120.6888536286302,117.56007983006573,119.10668581405538,7244562
2013-01-31,120.77772521972656,122.59099597809595,119.55111069631322,120.35108093560963,10061692
2013-02-01,118.11113739013672,121.77322382806656,117.13339886771111,120.3688329573713,7265518
2013-02-04,115.81790924072266,119.46221517562068,115.40902961993223,118.21781981344716,5835802
2013-02-05,115.80013275146484,116.68899126566855,115.05349713318193,115.51570323505914,4727842
2013-02-06,114.3957748413086,117.32899983723958,113.6846927063836,116.29792626585218,4024816
2013-02-07,113.72024536132812,115.12463683720391,112.93804769614958,113.8802410780892,2445648
2013-02-08,111.49806213378906,114.2712903814853,110.44921617088312,113.24021719304837,5349816
2013-02-11,109.64928436279297,111.64031592497317,109.1515244378179,111.64031592497317,3636709
2013-02-12,113.7913589477539,114.84020534760458,111.28478637460375,111.28478637460375,7503541
2013-02-13,115.01793670654297,116.013456231087,113.77353323200421,113.80908691947239,7145211
2013-02-14,114.5913314819336,117.1512387218194,113.18693990463673,115.3735210658794,6058833
2013-02-15,114.7513198852539,115.80016623686694,113.09804436106289,113.68469261486493,4893423
2013-02-18,113.0091323852539,116.10235244939025,112.58248807658839,115.55126614850468,4732000
2013-02-19,117.22230529785156,118.04004829908112,112.35137656703829,113.41800353401106,4187428
2013-02-20,116.99122619628906,118.64449345092322,116.42235890662617,118.60893975392678,5831706
2013-02-21,114.52021026611328,117.06233627949705,113.59579784753016,116.617910987972,5796040
2013-02-22,115.1601791381836,116.74233895512498,113.98689089426804,113.98689089426804,4370856
2013-02-25,113.02690124511719,115.35570446793183,112.06693537757042,114.80461008810616,4939102
2013-02-26,108.92039489746094,112.6180356696637,108.01376358407138,112.6180356696637,4364194
2013-02-27,112.08475494384766,113.0447130047242,106.75161843799798,109.54262057506428,6807174
2013-02-28,111.44475555419922,115.48016917474429,108.54709274354272,113.06247718574859,12032721
2013-03-01,111.96027374267578,113.57798690989769,108.79594664734628,111.24919183663822,6200785
2013-03-04,110.94699096679688,112.93802210263776,109.89813672394327,111.64029201944844,5542633
2013-03-05,112.5647201538086,113.41802514506561,110.12925532434024,111.08922140507451,6615426
2013-03-06,113.40023803710938,114.6446336218478,112.17361523078714,112.56471400857201,5749960
2013-03-07,113.88023376464844,114.48465475562283,111.83585955301896,112.52916885597888,4138908
2013-03-08,115.81790924072266,116.51121022933565,114.12908056956618,114.28907623529135,5992362
2013-03-11,115.53350067138672,117.32899085895455,114.94686059972373,116.19125627504852,5585457
2013-03-12,115.53350067138672,116.7778963467115,114.34243147291149,115.40905866253834,3865819
2013-03-13,112.6358413696289,115.21352943912409,112.26252344178464,114.39577804400383,4247683
2013-03-14,113.73798370361328,114.76905695332894,110.71587946972059,112.35137356621479,5512873
2013-03-15,113.4713363647461,115.81792070634536,113.09801853290847,114.48463692284069,4593181
2013-03-18,112.93802642822266,114.07576087448423,111.6402962953296,112.28027904185556,2937025
2013-03-19,110.16478729248047,113.38244908558546,106.66269598353557,112.44025597007112,7838371
2013-03-20,106.94711303710938,110.12921239008556,106.66267543833952,109.32924232429801,6270438
2013-03-21,105.96939849853516,108.26264834219437,104.52945357177387,107.21380218048785,5150029
2013-03-22,106.54598999023438,107.96948507657423,104.23955974108651,106.74419117132153,7219501
2013-03-25,109.53716278076172,112.05981776633861,108.40197422356579,109.01461723825913,7836987
2013-03-26,109.30288696289062,110.582232785972,107.75325704333899,108.47402013287036,4286050
2013-03-28,112.22196197509766,113.15894080922926,108.58213388398217,109.33892606701465,6609544
2013-04-01,111.30300903320312,113.87972396395263,110.4561192512811,112.52830322169218,2230650
2013-04-02,114.31218719482422,114.78068088085963,110.4561339308942,110.6723662274437,3857278
2013-04-03,111.91566467285156,114.22208729784589,110.47414640802113,113.51934683442539,3372874
2013-04-04,110.87056732177734,113.44727415116142,110.02367749152346,111.71745715203123,4230934
2013-04-05,113.26705932617188,113.66346995256285,110.67233034771438,110.87053978511788,4302750
2013-04-08,112.74452209472656,114.74462305229146,112.2219766141663,113.51933716814968,3928152
2013-04-09,109.48311614990234,113.84370038880877,108.5100914481721,112.99681050451473,4350922
2013-04-10,109.15874481201172,109.91553703245508,106.54600112404465,109.69931304044742,6168243
2013-04-11,110.72639465332031,111.447157824537,107.41091046065785,109.62724360226117,6457176
2013-04-12,111.28499603271484,111.86160167418264,109.53715631556977,109.91555247896774,2212935
2013-04-15,114.96082305908203,117.91592493564872,110.36599403416814,110.99665134256598,8500039
2013-04-16,119.60975646972656,119.95211532997311,115.32124694675358,115.50144189834964,7145605
2013-04-17,118.51060485839844,121.2674985267716,117.24927319461813,120.54674346776751,6483210
2013-04-18,120.49266052246094,121.23143823608191,117.15916178826095,117.50152058268688,4619811
2013-04-22,118.22225952148438,120.65481633570593,117.87990077334568,120.20434560106277,5141532
2013-04-23,117.64569091796875,119.59174027920132,115.51945485603629,119.59174027920132,4650721
2013-04-25,117.66370391845703,121.23144978586258,116.02397620910698,117.53756911425678,10452445
2013-04-26,116.81680297851562,119.17727720548045,116.36632393461052,117.44746044251565,3283458
2013-04-29,118.51060485839844,119.8620257492927,117.1231466269749,117.66371498333261,4057423
2013-04-30,117.73574829101562,118.81688462381022,113.98780845409995,118.56461508033648,5604577
2013-05-02,118.52859497070312,119.64576879365109,116.40235932410859,116.40235932410859,4491693
2013-05-03,116.67264556884766,119.2133229649377,116.2221747726894,117.84387953695949,2813607
2013-05-06,114.88882446289062,117.77185359832627,114.45636803047019,117.46553201044938,3397764
2013-05-07,115.30320739746094,116.0419850929146,114.78065369893268,116.02396230229577,3689247
2013-05-08,115.37528991699219,117.06906942012485,114.60047483597398,115.68161139103034,5236375
2013-05-09,115.87982177734375,116.58256219338156,115.06896935462724,115.35726803910384,2809546
2013-05-10,117.64569091796875,118.69079027886498,116.25823270153349,116.33030738181345,6119713
2013-05-13,115.62753295898438,118.92500222925278,115.3752716520013,118.60065801471569,3017266
2013-05-14,117.75376892089844,118.5646212124312,116.04197513771773,116.22216178636411,4032673
2013-05-15,120.74496459960938,121.30354755584631,117.84391304116158,118.18627193338794,7499611
2013-05-16,121.77198791503906,124.40275411644578,120.02415687581602,120.18632072855306,9114040
2013-05-17,122.79910278320312,123.42976030717514,121.68192883535865,122.15041421803983,5398696
2013-05-20,119.89801788330078,123.60992029720512,119.28537507687626,123.24953877937257,3948702
2013-05-21,117.75376892089844,121.80803037856231,117.48348482372084,120.72689398985193,5165011
2013-05-22,118.61870574951172,119.53767021940595,114.4022713158831,118.2403095852515,7879792
2013-05-23,118.25830841064453,120.2944548067263,117.32132952092915,117.32132952092915,7861276
2013-05-24,117.1051025390625,119.5917198255291,116.40236215389437,118.92501677433751,4442007
2013-05-27,117.82588195800781,118.43853325978729,115.50144456390939,117.59164336268054,4854214
2013-05-28,120.34852600097656,121.06928101225112,117.95200589659756,117.95200589659756,6193014
2013-05-29,120.70892333984375,121.44770124054301,119.78995872498088,121.26750627796038,5535039
2013-05-30,120.33051300048828,121.66391102572231,117.51955109876268,117.84389539462889,8016432
2013-05-31,118.16824340820312,120.52871803057992,116.90691177207877,119.32145477669177,6435490
2013-06-03,114.24009704589844,118.76285288522027,113.75358887925995,117.9339858978484,4447596
2013-06-04,114.67252349853516,116.36630261751489,113.69949916998509,114.60044884433374,4068079
2013-06-05,116.9789810180664,117.21322783969947,114.24010208301794,114.92482800309352,2240910
2013-06-06,116.72673034667969,117.15918669150435,115.42936956062442,116.76276768804685,3733231
2013-06-07,115.06896209716797,117.8438780023268,114.72660330673605,116.40235992560893,3237139
2013-06-10,115.69963836669922,116.88888697058226,114.52840430689598,116.02397439589409,2259282
2013-06-11,111.06877136230469,116.29426807857732,110.38405366278499,114.79869786696798,6212305
2013-06-12,111.42912292480469,112.79856620256957,110.69034529121764,111.06874137835791,3935146
2013-06-13,111.39311218261719,112.34811402296515,110.05971416481232,110.63631982770335,3903295
2013-06-14,112.16791534423828,113.57339613707512,111.08677881079984,112.33008747393748,5390380
2013-06-17,112.74452209472656,113.01480623084119,111.03271981652807,112.4382006236911,2341330
2013-06-18,110.90660858154297,112.72652311578199,110.29396555488361,112.45623894234883,2561842
2013-06-19,111.30300903320312,112.07782414199362,108.9064890337001,110.63631418252756,4459564
2013-06-20,107.91545104980469,110.27593373777151,107.24874794364207,110.09574705303204,5046345
2013-06-21,110.90660858154297,111.35707945445877,107.17668203911445,107.75328772587729,6561486
2013-06-24,107.68118286132812,111.14082426053075,106.70815846003939,110.63629339498902,5450647
2013-06-25,112.22196197509766,113.28507558920674,108.16770046224609,108.83439519552094,6400579
2013-06-26,111.15882110595703,113.51930294961869,110.29391708015164,113.33911632932897,5003166
2013-06-27,115.41133117675781,116.0419969381252,112.23999607429755,112.63641502420948,8777743
2013-06-28,119.32147216796875,127.23178899571245,116.52853256481082,124.33073735757965,32426844
2013-07-01,118.20427703857422,122.2585394951364,117.69974604964084,119.80795922768594,7180173
2013-07-02,116.00593566894531,119.78991295965852,115.73565157675152,118.31235772275484,6067719
2013-07-03,112.11388397216797,115.19513048145187,111.7535105342079,113.91578415564543,4606926
2013-07-04,111.39311218261719,113.5193481421585,109.93357935618734,112.14990453753103,4697212
2013-07-05,113.89768981933594,114.33014592167758,112.00570158895357,113.19494968408253,3267571
2013-07-08,109.50109100341797,113.82563633381042,108.9605228371189,113.519314922802,5437603
2013-07-09,108.88846588134766,110.63630543607212,108.47403241939591,109.95157959861888,5228589
2013-07-10,106.7261962890625,109.64526165586902,106.13156789103064,108.40196123012153,5353513
2013-07-11,109.82548522949219,110.74444988111775,108.1136825069917,108.58217623097791,4641898
2013-07-12,106.8703842163086,111.30304399353977,105.53698584771881,111.2489920959222,8317911
2013-07-15,106.70819091796875,107.6091409337143,106.09554787669248,106.87036307558155,3200079
2013-07-16,108.02355194091797,109.4470472248723,105.59099482945797,105.91533907701937,6210579
2013-07-17,108.40196990966797,109.06866478240981,106.41988333927702,108.11366295918181,5967010
2013-07-18,113.39319610595703,114.18603392723938,108.67223950485955,108.67223950485955,7946761
2013-07-19,114.22208404541016,115.24916052148974,112.52830446288364,113.8797252200503,5671734
2013-07-22,110.76241302490234,114.1860168810302,110.31194230632364,113.33912731098954,3306270
2013-07-23,112.49226379394531,113.69952691908257,111.21291774859888,111.44716455613064,3292267
2013-07-24,111.14085388183594,114.05991961527667,110.36603871212198,111.80754878493352,3727104
2013-07-25,110.07771301269531,113.3211224971031,109.17676318422087,111.3570589646673,5676030
2013-07-26,109.4110336303711,112.07783811070068,108.78037603765993,112.07783811070068,2812410
2013-07-29,107.24874114990234,110.63630834734084,106.67213554684376,109.89753061408078,3360609
2013-07-30,101.15834045410156,108.38393737916842,100.58173485335043,108.04157857701153,5525137
2013-07-31,104.76212310791016,105.55495265117786,95.66255253562484,100.90607088949115,11224555
2013-08-01,100.49166107177734,106.94244445202337,99.14024008776516,105.60904626372694,7641034
2013-08-02,100.14927673339844,102.13136308895702,97.75275691432695,101.62683216660423,6141562
2013-08-05,99.60871887207031,101.44665608402047,98.2753208835422,99.91504036599237,3811126
2013-08-06,96.3472671508789,100.85199906342788,95.86075085833134,99.0140706206896,3710169
2013-08-07,98.2933349609375,98.68975392121752,96.61757814883913,97.05003444656116,7624059
2013-08-08,98.4194564819336,99.28436896063528,95.95086208247608,97.87888824484924,6221430
2013-08-12,100.22134399414062,101.19436843308125,98.02303379793511,99.3924771283731,6307069
2013-08-13,99.08616638183594,100.4556016116387,97.35634955283477,97.66267102520736,7323082
2013-08-14,104.0954360961914,105.19459549944493,98.76182771801543,99.2843814789054,10136253
2013-08-16,97.95098114013672,104.99639232398646,97.30230078458978,103.75308349761083,7270551
2013-08-19,94.40123748779297,98.22125270055689,90.63528240122598,97.33832562878801,5570686
2013-08-20,92.47323608398438,94.23909070243396,89.60822184178554,93.69852228875189,8385249
2013-08-21,90.34698486328125,95.37427193053499,90.09472349445704,93.69850682531107,8069332
2013-08-22,97.1761703491211,98.23929252694879,88.65321137392935,88.65321137392935,13443241
2013-08-23,99.71682739257812,100.83400956471775,95.21209436133869,97.3923903284648,9287706
2013-08-26,96.59954071044922,100.81597453925416,95.86076303226724,100.70786254331897,6519478
2013-08-27,93.44622039794922,95.86075441717163,92.61734534010475,95.59047032741606,6549138
2013-08-28,87.82431030273438,91.89659461944518,84.40071442912907,91.80649716936583,19302502
2013-08-29,89.62621307373047,90.43706540868868,87.9684710721548,89.73432506870827,10872666
2013-08-30,89.78836822509766,91.95064070976308,86.8512808835328,90.41902553418177,9591055
2013-09-02,90.58122253417969,91.86056853927386,89.22980185956152,91.86056853927386,3796381
2013-09-03,90.4911117553711,92.72546742386834,89.26582605695543,91.53621080649503,7790836
2013-09-04,92.74348449707031,94.27509166191571,88.54507363740126,90.18479279357406,5838249
2013-09-05,97.33834838867188,98.02306615571054,93.7705936842994,94.09493802048566,7173442
2013-09-06,103.89724731445312,105.12253351750404,97.0140073236328,97.93298022434038,8843755
2013-09-10,105.48287963867188,107.75326455766742,103.1043827232321,104.52787796412282,9793225
2013-09-11,104.25759887695312,105.66307139534483,102.0412657250818,105.5729821848381,5722174
2013-09-12,100.52767181396484,105.59099552737028,100.0231491452942,105.51892086041734,4587094
2013-09-13,101.87908172607422,102.56380748695064,98.96001677938399,99.4285103137251,4640854
2013-09-16,103.50077819824219,106.0594696476012,100.90605767043543,104.14946657860926,3781701
2013-09-17,100.97374725341797,104.15061288770502,99.58386957126766,103.59105592799882,5367991
2013-09-18,102.14704132080078,102.8510073936615,100.08929751659386,102.07484094350278,2755558
2013-09-19,108.01338195800781,109.20471267649144,103.57299375257352,104.69211584885694,6738154
2013-09-20,104.5116195678711,107.45382978876998,102.45387618288632,107.29137484154452,9888612
2013-09-23,99.51168823242188,104.25894163166704,99.20483249134561,103.69937630217285,4111156
2013-09-24,99.09651947021484,101.65967390764901,98.82576395253666,99.999040616743,6857767
2013-09-25,100.88349151611328,101.40694824450915,98.1939827275236,99.63801468005235,7330812
2013-09-26,99.98095703125,101.37083439630885,98.9159894971089,101.08203300242661,8012659
2013-09-27,99.0604019165039,101.40694657067972,98.50083675543978,100.86543563026983,5232852
2013-09-30,96.6958236694336,99.09652323490317,94.81858919818974,99.0604230486948,5936838
2013-10-01,94.69223022460938,97.50808593826554,94.20486533815952,97.47198575365472,7334262
2013-10-03,96.20845794677734,96.87631546002,95.03518134869884,95.03518134869884,4466353
2013-10-04,95.55864715576172,97.45393585168775,94.71028038558171,96.02795783931714,5454891
2013-10-07,96.06404113769531,96.35285083942003,94.15070681642462,95.30592909772042,2733444
2013-10-08,97.03877258300781,97.41782864230503,96.027950916347,96.38896101524082,3566788
2013-10-09,98.80770111083984,99.06041064545991,96.06404598851908,96.93046687464225,3509895
2013-10-10,98.80770111083984,99.4936210885215,97.83298794245371,98.80770111083986,3322923
2013-10-11,99.83656311035156,100.59467508354675,98.80768741781432,99.65606222692432,4150720
2013-10-14,99.45751953125,100.30588618339439,98.75355360386162,98.75355360386162,2132559
2013-10-15,99.34921264648438,100.86544507415496,97.95933498682015,100.36003426493144,3451380
2013-10-17,101.47915649414062,102.52607829514656,99.72827701448067,99.99903251020974,5994730
2013-10-18,102.3636245727539,103.23003714185941,101.64160445856432,102.34557035163853,4757653
2013-10-21,102.97733306884766,103.41053521014919,101.73185625560274,102.52606844412342,3715660
2013-10-22,103.26614379882812,103.75350864589707,101.80406578322517,103.2480978393822,3187954
2013-10-23,101.8943099975586,103.60908911047939,100.86543426700501,103.24808733028611,3179580
2013-10-24,102.45386505126953,104.33110732582016,101.51524391399423,101.89430817060222,3710749
2013-10-25,102.50804901123047,103.39251600612043,101.46112703991506,101.46112703991506,3787132
2013-10-28,103.5368881225586,104.25890820414088,102.50802066108525,102.52606661858424,3019206
2013-10-29,104.90872955322266,105.30583154643199,102.88708635476779,103.97010831639692,3882574
2013-10-30,104.18671417236328,105.93760196055129,103.46470225249705,105.41414517777876,2414824
2013-10-31,106.02787780761719,108.59103261811667,102.02069060505531,104.6921459858286,10221877
2013-11-01,103.89791870117188,106.24446377316048,103.2481071095384,106.24446377316048,3407955
2013-11-05,102.47191619873047,104.16864927274325,102.16506056886863,103.80763924704667,4972035
2013-11-06,101.7499008178711,103.19393272414084,101.44304517392392,102.50802108035317,2818602
2013-11-07,102.41777801513672,103.87985604330672,101.5333111618339,102.14702251870516,3046560
2013-11-08,100.1253890991211,102.52608862054684,98.1037539201332,102.00263179872755,3551562
2013-11-11,97.54417419433594,99.99902776168342,97.21927257257043,99.63801769692013,3882312
2013-11-12,95.97381591796875,98.51891634059187,95.68500615275315,97.67054953305083,4685565
2013-11-13,97.05684661865234,97.45394871941431,95.12545748149583,96.0279705187589,4468278
2013-11-14,97.50811004638672,99.5658541291745,97.29150888516892,98.77163334576657,3209238
2013-11-18,100.73912811279297,101.08208407270182,98.55502928547284,98.55502928547284,3972637
2013-11-19,100.1253890991211,101.82213087099726,98.48280999976825,100.55859958847664,2838157
2013-11-20,99.89071655273438,101.96651404663211,98.80769464732734,100.86543792016099,6627633
2013-11-21,97.63441467285156,100.01705927283002,97.3456050101994,99.81850417903175,3187033
2013-11-22,100.43224334716797,100.973754385287,97.83299697443879,97.83299697443879,4349520
2013-11-25,104.09646606445312,104.33112138038264,101.20840190882872,102.52607921741686,4000981
2013-11-26,103.66325378417969,104.33111953793885,102.72463253703732,104.07841000395346,3356241
2013-11-27,104.65602111816406,106.00979858437971,103.01344219931676,103.03148815870527,4553977
2013-11-28,105.3960952758789,106.73182688461503,104.36722762817884,104.65602910284446,5615382
2013-11-29,107.97728729248047,108.22999682608288,105.50438767418125,105.50438767418125,4428400
2013-12-02,106.46106719970703,107.18307912088613,103.8618127155392,105.37804518653729,8868981
2013-12-03,105.55855560302734,106.4971769690121,104.87264380302447,105.21559970302592,5402737
2013-12-04,103.57300567626953,105.66684939108968,103.24810402157138,105.25169314535192,4140013
2013-12-05,105.01701354980469,105.90148024406712,103.86179140779659,105.0531137253174,2882589
2013-12-06,106.1541976928711,107.94117717170563,104.7282117334236,105.01702142197533,4720327
2013-12-09,110.12530517578125,110.9917179521683,108.17586196900442,108.30221675863707,7243480
2013-12-10,109.39125061035156,111.20801692335657,108.41864148135147,111.15296008943476,7227811
2013-12-11,107.09733581542969,109.18936059538831,105.70264422829919,108.80398805173759,3939138
2013-12-12,103.9776382446289,107.44600798271212,103.7757744333579,106.43668892635708,4265002
2013-12-13,102.76648712158203,104.39973625574571,102.14254887255349,103.51888571614391,2167465
2013-12-16,101.53693389892578,103.68401551986972,100.94969754103978,103.42710328850961,2401300
2013-12-17,100.82125854492188,102.61966974621167,100.49094274903841,101.66541571316615,2072871
2013-12-18,103.22522735595703,103.72070508706943,100.19728735351563,101.2983564453125,2720293
2013-12-19,100.4542236328125,103.86754535592223,99.64677669218484,103.35371242988919,4061350
2013-12-20,104.52816772460938,105.15210580127047,101.33506544949876,101.73879305221749,5963964
2013-12-23,105.99627685546875,106.43669786195268,104.21621255254001,104.52818163237892,2515168
2013-12-24,104.87684631347656,106.98722624752959,104.43641693232425,106.43669162121213,2232475
2013-12-26,107.28086853027344,108.08831554504992,105.40904541337103,105.50080400160441,6470409
2013-12-27,107.18909454345703,107.5194186932488,106.4550511445212,107.31755486843072,2556571
2013-12-30,106.27154541015625,107.64788207251932,105.70265566948311,107.61117192106347,4264729
2013-12-31,106.03300476074219,107.28088138790649,105.55587348553364,106.95055715107156,4184544
2014-01-01,105.7393798828125,106.76704592908445,105.46411249186444,106.43672169974913,984393
2014-01-02,103.39043426513672,107.48274339216707,102.82154440061498,106.41837558152493,2977998
2014-01-03,101.22499084472656,104.87687024590937,100.968070146888,103.86755933417103,5739327
2014-01-06,103.11515808105469,104.52819668152607,101.72046615824874,102.03243528300251,3474246
2014-01-07,101.39013671875,103.83084095501303,100.94970730760247,103.13349088715765,3450486
2014-01-08,100.27071380615234,102.28934373696876,99.86698613989059,101.72045398900968,3326023
2014-01-09,102.8766098022461,103.2986842655908,99.46329553249036,100.56436519373382,3859131
2014-01-10,104.25291442871094,105.59254932627783,101.29837730394686,103.11514335960523,6543391
2014-01-13,107.50105285644531,107.86807871941744,105.88615082005566,106.43668541426824,5393956
2014-01-14,106.52845001220703,107.50105894359133,105.15211344874183,107.50105894359133,4029163
2014-01-15,107.09733581542969,108.19840502614115,105.70264422829919,107.1707393094116,3274846
2014-01-16,105.31729888916016,107.90481052261391,104.1061241246173,107.90481052261391,4287568
2014-01-17,105.5191421508789,106.9872289241261,104.06940205203902,104.25291079857193,6041319
2014-01-20,105.39069366455078,106.98724093992617,104.43643127442198,105.33563683416148,5956990
2014-01-21,105.33561706542969,106.06966879722478,104.39970992790683,105.53748087164877,4932865
2014-01-22,106.3633041381836,106.78537850844214,104.60159474882825,105.33563822760306,3596491
2014-01-23,104.6383056640625,106.25320817914985,104.14282774259557,106.08804607182964,4896042
2014-01-24,103.94093322753906,104.80343686643458,103.29864006647128,104.32630576398323,3413026
2014-01-27,101.66541290283203,103.2803152839903,101.20662837604726,101.33508871558644,4015431
2014-01-28,101.02312469482422,102.94999628300889,100.76621240329655,100.94972118295918,3089977
2014-01-29,101.66541290283203,102.32605287683019,100.56434347933744,101.20662837604726,3441988
2014-01-30,99.90369415283203,102.43615716293417,99.51832153837987,100.56434252102768,9096282
2014-01-31,101.13321685791016,101.42683926781659,99.13294201705347,100.28906818035232,4630932
2014-02-03,98.28878021240234,101.04145318548412,97.64648705185284,100.19729622017645,5791563
2014-02-04,98.3622055053711,98.8026265582835,96.94916695937768,97.46299992160193,4656093
2014-02-05,99.18798065185547,99.64675665766637,97.40791664454343,98.32547705665608,4204678
2014-02-06,98.32548522949219,100.19729955325752,97.62813522608708,99.42655445535216,3090261
2014-02-07,98.83934020996094,99.77524758125035,98.25209531764908,99.24305952274692,2612397
2014-02-10,99.92203521728516,100.63773191546873,98.72920738697916,98.72920738697916,3487869
2014-02-11,101.28004455566406,101.4085049112753,99.4082296617321,100.38083886737355,7517380
2014-02-12,103.90423583984375,104.16114807475314,101.29836974044751,101.70209736722532,4983084
2014-02-13,100.38080596923828,104.234548170623,100.03213517584518,103.86753070415202,3188418
2014-02-14,101.44519805908203,101.7938689371503,99.49997981291305,100.93136508074632,3763402
2014-02-17,101.94065856933594,102.76646046125543,100.08719098074005,101.66539127202945,2211294
2014-02-18,101.59201049804688,102.38110241966143,99.46327513610491,101.70211576149357,3885427
2014-02-19,102.54622650146484,102.7480902765333,101.16989021735252,101.66537631992695,2483551
2014-02-20,101.37178039550781,102.39944620870742,101.13321481742604,101.70210454992633,1881969
2014-02-21,101.64702606201172,102.34436757218225,101.18825007908224,101.64702606201173,1780107
2014-02-24,103.57392120361328,104.23456112586285,101.33508077791102,101.33508077791102,2267130
2014-02-25,103.40875244140625,104.38136978682519,102.50954699415384,104.21620771681127,2520849
2014-02-26,104.03268432617188,104.85848622616977,101.9773613132041,103.13347893290636,9585442
2014-02-28,106.93218994140625,107.44602287755643,103.61062673270358,103.61062673270358,6271645
2014-03-03,106.65691375732422,107.90479004148227,105.33562557366393,106.27154118727447,3276279
2014-03-04,108.58378601074219,109.26277258310276,106.179783593744,106.65691474220844,3145473
2014-03-05,110.29047393798828,111.22638986198574,109.00589547830783,109.00589547830783,5290740
2014-03-06,113.3551025390625,113.77718534434649,110.29045963379244,110.43727506195341,3676197
2014-03-07,116.0159912109375,116.78673627477993,112.12554734486918,113.37342350556307,5233306
2014-03-10,117.41070556640625,119.92481362930172,113.96069013419817,115.08011468215565,7879053
2014-03-11,118.58515167236328,119.26414659838179,116.18115782167419,116.5298286213887,8420449
2014-03-12,116.32798767089844,118.108052167081,115.68569436597338,117.72267114383007,5924997
2014-03-13,118.97054290771484,120.01655539731104,116.12611104232398,116.34632154524142,7489342
2014-03-14,118.45674896240234,120.56712971121603,117.94291588609629,118.21818330552829,4721476
2014-03-18,119.26416778564453,121.85167923305865,118.01629135435142,118.54847098517007,10533424
2014-03-19,115.17186737060547,120.54875449182764,114.6213326237092,119.81471096279711,6549433
2014-03-20,115.9059066772461,116.52984486904526,113.41014550955667,115.24525833252444,7422490
2014-03-21,112.45587921142578,117.02531863327322,112.07050662414782,116.41972713862761,13362849
2014-03-24,117.85113525390625,118.18145945568737,113.92398859069846,113.92398859069846,10079613
2014-03-25,117.41070556640625,117.96124030135407,112.40084451867715,113.41015539925036,10734699
2014-03-26,119.39263153076172,120.3101922037412,117.44740492016363,117.63092209505545,5695686
2014-03-27,123.09285736083984,124.20850256800244,118.27699001814759,119.52278759090103,14993080
2014-03-28,122.4978256225586,124.17129313919631,121.77265466300973,123.46471172359446,3774826
2014-03-31,118.51870727539062,124.7291397473741,117.58900859428996,122.18175038057058,6561028
2014-04-01,120.41526794433594,121.53091278815413,119.20664985963468,119.37399828854633,3708562
2014-04-02,122.72095489501953,123.05565181304806,119.85746708236191,120.8429512685514,3885141
2014-04-03,121.32637786865234,123.46469433485295,119.85744661249157,123.42750674050045,3753628
2014-04-04,121.10328674316406,122.7209688367883,118.07245012717264,121.02890302161028,18229063
2014-04-07,121.08465576171875,122.68374787393147,120.50824378620887,121.40075457351011,5333112
2014-04-09,119.9132308959961,121.97718080821497,118.66743364338524,121.08466146716383,10705383
2014-04-10,119.7273178100586,120.28514038628914,117.29149142562555,120.09920236477797,11309751
2014-04-11,119.00214385986328,120.86155807646995,118.46291935476725,119.02074191740988,12173271
2014-04-15,118.76042938232422,119.46701092498817,117.51463180448789,119.00215307897551,9429672
2014-04-16,117.71914672851562,119.74590069715254,117.21710136649527,119.13229253635966,6708399
2014-04-17,119.87603759765625,120.28510965215558,116.60348669674622,117.70053351090048,7918710
2014-04-21,120.15496063232422,121.14045327070006,119.85745984466034,120.09918349048509,4246374
2014-04-22,121.36359405517578,123.20441020023608,119.76450158620206,120.19216327785648,7023375
2014-04-23,121.23344421386719,123.63208313546924,119.80170008454456,121.49376597103358,9030352
2014-04-24,121.23344421386719,121.23344421386719,121.23344421386719,121.23344421386719,0
2014-04-25,119.35543060302734,122.34907949716619,119.03933171763418,122.29330234780082,5190372
2014-04-28,119.50422668457031,120.1178265885492,118.63030496362504,119.02077917737515,3444432
2014-04-29,119.1136703491211,120.30369023329321,118.53724994588798,119.82024305940573,2737183
2014-04-30,120.89876556396484,122.66519829505873,118.35137600971,118.81622538446656,10052065
2014-05-02,122.46063995361328,123.55768692635753,119.98762623925859,121.5867100702306,5110098
2014-05-05,124.72911071777344,127.72275066914712,121.88421264718828,122.38624947767008,7234153
2014-05-06,125.3985366821289,126.97903139431516,124.72915118706756,124.97087490913115,5298778
2014-05-07,124.63618469238281,127.1835744315327,124.17133528388646,126.4398136755988,5042044
2014-05-08,124.2084732055664,126.40257549508813,123.8365887205252,124.95223366395336,5767284
2014-05-09,129.39622497558594,130.15858354500327,122.34906836206916,124.02253590126932,8914516
2014-05-12,133.3567657470703,134.37943749813985,129.0987217779441,129.0987217779441,8032885
2014-05-13,138.56312561035156,141.51958698974278,136.2574600788645,138.71188454041632,10452624
2014-05-14,136.88967895507812,140.55271389766583,135.64388124180095,139.08378201076854,7067424
2014-05-15,140.77584838867188,141.64977000071647,135.1976217110687,136.62936599087362,8127180
2014-05-16,142.85833740234375,154.83293091685886,138.56309759110528,145.77761058682833,20039530
2014-05-19,154.98170471191406,156.19031456683587,144.79214836472056,146.50279511178564,12196564
2014-05-20,148.7898712158203,156.19031481463261,147.35811871910263,155.59529614727902,10548424
2014-05-21,148.17626953125,149.77536205493553,145.33137098139363,147.30235657233243,8455851
2014-05-22,146.0751495361328,149.97990783097248,145.77764868181234,148.75269127180766,6734163
2014-05-23,151.70913696289062,152.8247820107395,145.92637566331433,148.17625530357162,12213408
2014-05-26,150.7236328125,158.04969985491286,146.96762604572044,153.21522727223115,8401282
2014-05-27,146.911865234375,151.13271340755227,145.0338615334718,150.79803349965104,5129259
2014-05-28,142.89556884765625,147.13502456086442,141.96587006849717,147.07923888896755,5545653
2014-05-29,139.1395263671875,144.6991533203765,137.03839721703844,143.17443621488616,11462808
2014-05-30,140.6270751953125,144.66199410909778,136.8524695122406,139.5300195866349,8421588
2014-06-02,148.58535766601562,149.47787729062898,140.66427791643954,141.53819948101187,6657531
2014-06-03,154.98170471191406,157.43612053614282,148.41799495287924,149.2919078719077,10868428
2014-06-04,152.84335327148438,155.81841205098888,151.9136548506225,154.7585357636057,6148531
2014-06-05,155.8741912841797,159.35128710707463,149.6265895525207,152.11820123710066,17072941
2014-06-06,173.1667022705078,174.72861559396478,157.77081381064173,158.36581543984977,37784922
2014-06-09,168.5181884765625,175.47238050558377,166.60298872519166,174.78439712053168,18473593
2014-06-10,163.83253479003906,169.52231615040594,162.01029920540873,169.2062256976401,12297118
2014-06-11,158.9050750732422,166.11957317720982,158.1055202207127,164.37173006330755,12745080
2014-06-12,159.3885040283203,163.59076283422561,157.34316028684478,159.18396795183335,11657637
2014-06-13,157.17581176757812,161.08056995376603,151.02117364225384,160.11367518073354,12884002
2014-06-16,158.75628662109375,160.15084286860267,153.71729458633263,156.3948357721931,10625092
2014-06-17,165.52456665039062,166.52864055059808,158.2356765181821,158.97944568121426,12718878
2014-06-18,164.6320343017578,168.6483636381446,160.6529010811681,165.5989290317544,11425387
2014-06-19,156.46925354003906,162.99578536336713,151.8207257758517,161.861533489651,25387198
2014-06-20,155.26063537597656,159.83477065973233,154.33091965757615,156.39487016715802,12596755
2014-06-23,162.7354736328125,164.59488825795273,155.91144051405104,156.71097841858892,12819609
2014-06-24,164.7249755859375,166.0079775355267,160.28100220312794,165.48733412891326,15324336
2014-06-25,162.45654296875,166.6959982767556,161.58261292162013,165.48737125363138,12658546
2014-06-26,152.97352600097656,155.8927993569171,151.13270153516225,154.3308861413724,25686180
2014-06-27,152.9177703857422,155.61391867578263,151.54180340787653,154.87014952115888,9699930
2014-06-30,157.993896484375,158.66327313532088,154.4238366091655,155.40932055726591,11039449
2014-07-01,157.34312438964844,159.90909399824272,156.67373065143,159.5372180455602,9622063
2014-07-02,158.64471435546875,159.59301940741415,156.7667108185864,158.4215887618909,7481248
2014-07-03,155.50233459472656,159.7603790346242,155.14904810551022,159.50005729834047,7705696
2014-07-04,156.8596954345703,157.82657302431525,153.04790263727932,154.40526279042672,12160971
2014-07-07,154.535400390625,158.30999650861855,153.9403988864708,158.30999650861855,7460151
2014-07-08,147.5255126953125,156.09738920955985,146.55861775800682,156.07878263597496,15089377
2014-07-09,150.59349060058594,151.9694403304351,145.23839101297472,148.49236138192921,10190839
2014-07-10,150.24021911621094,154.51685318080587,146.8560875523567,150.59350561193597,15043843
2014-07-11,147.32098388671875,150.51916975399487,145.7776766298096,149.88697180566342,9809556
2014-07-14,149.77537536621094,150.14725144312058,146.48422527122287,147.41392397519473,7419187
2014-07-15,153.45700073242188,154.03341287977105,150.24022600745448,150.5191373075776,8149551
2014-07-16,154.73997497558594,155.37217274299164,152.4715056405989,153.95902679507228,7964590
2014-07-17,153.68011474609375,154.70279511033866,150.64928679154028,153.25245305469863,9482181
2014-07-18,152.6574249267578,153.9590164894175,151.35585038749053,153.30822921978387,6602628
2014-07-21,151.24427795410156,153.58713934487147,150.8352058367676,152.0996012775858,2933737
2014-07-22,152.0624542236328,152.7690272939201,151.13273847986878,151.35588115334554,4598307
2014-07-23,150.7236328125,153.178048188036,150.29595418052455,152.47147535442642,5660788
2014-07-24,150.5748748779297,152.04382331063076,149.49642601757458,151.6905198482101,4114102
2014-07-25,149.16177368164062,151.4674395074436,148.45520059250384,150.6121159809513,4801530
2014-07-28,146.8374786376953,150.1100384455971,145.4429223849926,149.12455429680608,3835146
2014-07-30,148.36219787597656,149.36627158299598,146.89326640357822,147.07919589101618,7261677
2014-07-31,147.0234375,149.42206764684505,146.33545408773762,148.06469036768056,9600274
2014-08-01,143.676513671875,147.24657485884924,142.98853020473925,146.57718093855647,6515214
2014-08-04,146.05654907226562,146.94905156852116,142.8583640571683,144.29009957912362,3487069
2014-08-05,150.70504760742188,151.30006624939173,146.55857475193574,146.55857475193574,8244942
2014-08-06,147.59982299804688,151.15129371499216,146.93042925175948,150.2959534784271,4674040
2014-08-07,148.7712860107422,150.24021764136725,146.52138916454442,146.52138916454442,4742947
2014-08-08,146.59573364257812,147.26512739463712,145.03383758562748,146.8932514342656,4733724
2014-08-11,146.40982055664062,147.78577027567255,145.88917713047275,147.1721791282492,3057232
2014-08-12,150.8166046142578,151.35583754747955,146.7630968903925,146.7630968903925,6757077
2014-08-13,149.4964141845703,153.73586814075105,148.7526452554574,152.84334883049354,8962455
2014-08-14,152.5086669921875,152.84336389444488,146.31683388229627,147.9717118265639,9458554
2014-08-18,160.39263916015625,161.47110561637058,152.50874498683197,153.21531823995156,12905989
2014-08-19,161.8428955078125,163.81386374445094,158.8492470430168,162.0660210966674,15688128
2014-08-20,157.67784118652344,162.0660465500948,156.93408910686313,161.8429209261967,8265483
2014-08-21,158.3843994140625,159.8719374815473,156.7481279679,157.84518346240677,8002251
2014-08-22,158.81207275390625,161.5639891463613,158.2356436860462,159.1653592027796,7644318
2014-08-25,159.44427490234375,161.73133360025145,158.84925627409496,159.53723964725452,7537042
2014-08-26,155.44651794433594,160.50411613072748,153.21522813162588,159.909097569756,9017682
2014-08-27,159.22116088867188,159.87196529017152,157.45472827759127,158.04974701276308,10929312
2014-08-28,161.76852416992188,163.25604515449177,157.67782018311513,159.53723418137122,12690828
2014-09-01,163.46060180664062,164.35312131922726,162.23340237230354,163.5721731294866,5520775
2014-09-02,165.32000732421875,165.5803290482071,161.4710352164476,163.2560571241277,6475477
2014-09-03,162.4751434326172,167.43976166933658,161.76857033770995,167.34679690107924,8238322
2014-09-04,162.69822692871094,163.55356726393134,160.31818648155866,162.5122974403782,3714918
2014-09-05,164.9481201171875,166.08235466134735,162.17759715997835,162.58666926324068,7008955
2014-09-08,169.26193237304688,169.76398624097115,166.34267604790804,166.60298073034497,9119499
2014-09-09,167.1236572265625,170.30323588697385,165.11549242749504,170.2846463395608,5288946
2014-09-10,165.63612365722656,167.64428851374217,164.5762640734364,165.52456934616185,3259467
2014-09-11,159.8129119873047,166.62215947525365,159.25477610962255,166.13844057906545,8591338
2014-09-12,159.4966278076172,161.82218829814863,158.21292209596217,160.4268485972387,3971070
2014-09-15,156.5943603515625,159.1617722487306,156.2966753362585,158.13853430117814,2794242
2014-09-16,152.09197998046875,157.39426919079702,151.5152442926934,156.98496740174676,9518068
2014-09-17,151.6455078125,153.52456619265436,150.36178521768775,152.4640945173454,7635334
2014-09-18,154.00820922851562,154.86402964277315,150.41754480283367,152.11055158749966,6420261
2014-09-19,150.3245849609375,155.4222242614989,149.4129642666557,154.97570539039043,12608911
2014-09-22,155.94314575195312,156.35244762710428,149.85946867955985,150.3059705253864,5338720
2014-09-23,151.55247497558594,156.9477992525842,151.18039010691325,156.65011432469254,5380033
2014-09-24,153.93382263183594,154.67800925918394,149.65478784872295,151.40361194498306,6121734
2014-09-25,148.96646118164062,153.67341613085432,147.01298562503212,152.18504244670635,7378908
2014-09-26,153.3199462890625,153.8408652066671,148.27810591350922,148.27810591350922,5834845
2014-09-29,151.62692260742188,154.52923626876068,150.90135270856564,153.301330404435,3521475
2014-09-30,152.01759338378906,154.93850643480013,150.2129519684279,150.2129519684279,4990255
2014-10-01,149.8966827392578,152.53851082461054,149.31992990853377,152.50131085466572,3954946
2014-10-07,147.62692260742188,150.86410351115188,146.34321705010385,148.65017727605067,6786441
2014-10-08,151.12460327148438,151.62692220265598,147.62695370923265,147.62695370923265,5644522
2014-10-09,153.09666442871094,154.17573620976137,151.44087381582278,151.44087381582278,4494475
2014-10-10,150.3990020751953,152.55712836087852,149.95248320366753,151.81294159696776,3894454
2014-10-13,151.34783935546875,151.99900923273404,148.0362411067755,149.87808268428535,3907357
2014-10-14,149.63621520996094,152.35247730822795,149.02226240768317,151.4594565988197,4934026
2014-10-15,149.63621520996094,149.63621520996094,149.63621520996094,149.63621520996094,0
2014-10-16,147.7571563720703,151.99899195380956,146.97576964113358,148.12924123609892,9134776
2014-10-17,147.7571563720703,148.89202798207253,145.85949801609448,147.79435634199655,6550810
2014-10-20,155.90594482421875,159.62684461545942,154.4175712813597,159.62684461545942,22879903
2014-10-21,151.81295776367188,156.61292968779077,150.9013369714547,156.27804475672104,9797076
2014-10-22,148.63157653808594,153.301314489384,147.55252179630222,153.09666353324232,11612370
2014-10-27,146.84548950195312,151.06870673769998,146.45478774287218,150.75243896097078,4685409
2014-10-28,145.7478485107422,147.9989915059206,144.61297702166232,147.5338897336805,7865698
2014-10-29,146.15719604492188,147.47811887578925,145.61766010611316,147.19905091198567,6179238
2014-10-30,147.31068420410156,148.0920882157196,146.06419525619376,146.1572122434517,7728825
2014-10-31,150.75250244140625,151.31063831343445,147.9618230812653,148.51995895329347,8708932
2014-11-03,150.52920532226562,151.81291062095403,149.97106962145327,151.06872400888764,5799951
2014-11-05,150.17575073242188,151.664107223093,148.87342815748886,151.16178839787491,7183192
2014-11-07,152.42691040039062,153.18969722940878,148.94786118586106,148.94786118586106,8287570
2014-11-10,146.67808532714844,153.4873490813953,146.45483440780254,153.2640981620494,9543430
2014-11-11,146.91995239257812,148.57575984223539,144.57577517097448,147.1618032955292,7751751
2014-11-12,146.4734649658203,148.25950675928954,146.06418004473397,147.1432348966105,4509726
2014-11-13,143.55255126953125,147.71995323673582,142.3246455535345,147.5153022840697,6014187
2014-11-14,146.32461547851562,146.864151363743,143.2920851883907,143.64557010524018,7265805
2014-11-17,147.51528930664062,148.50134400980616,145.6920479127064,146.39901767501124,5573646
2014-11-18,145.35716247558594,148.16645856222902,145.115311571678,147.9804076133322,4845523
2014-11-19,142.93858337402344,146.82693403266038,142.06417117874423,144.74322475179227,6800514
2014-11-20,143.5338897705078,145.1152799087012,142.13855905709124,142.88273714087504,4887421
2014-11-21,142.62232971191406,145.00369874363022,142.28744476824022,142.67813819154114,5210932
2014-11-24,141.72930908203125,143.9246441739082,140.78047976219378,142.51069592978496,4075122
2014-11-25,143.79437255859375,144.66879318211664,139.53393747003867,141.39438713081395,6929941
2014-11-26,143.5897216796875,145.3199459112868,142.1571738224451,142.58507562638715,5471631
2014-11-27,142.250244140625,144.31535387998682,141.39443174641042,143.08744802961655,9604549
2014-11-28,141.17117309570312,144.74324793745123,140.25955226841472,141.4874495354465,7112151
2014-12-01,135.6084442138672,142.13864245441647,135.08752521111091,140.72469389749577,12037518
2014-12-02,134.13864135742188,137.6735072843501,133.52469705559147,135.90607432088598,7240519
2014-12-03,138.2130126953125,140.24090474965482,133.9711861786758,134.13862008759492,13800768
2014-12-04,137.9711456298828,140.79903265578596,137.33859296156598,139.71996971675284,6560122
2014-12-05,135.92469787597656,139.45955567789903,135.7386469014432,138.7897943124212,6627583
2014-12-08,137.04095458984375,138.39907715904275,135.2549131229714,135.60839801265078,5229220
2014-12-09,131.01307678222656,136.89210256466262,130.41773250699856,136.25954980451263,9107974
2014-12-10,134.36192321777344,134.64099117875386,129.9526443243956,129.9526443243956,6069868
2014-12-11,130.02706909179688,133.95262928549238,129.35730764866517,133.58053580976198,5716879
2014-12-12,125.4317398071289,130.88286466423014,125.04104639202376,130.41775426686476,8480649
2014-12-15,127.64564514160156,128.7433166657725,124.6503154618318,125.00380030357222,7292032
2014-12-16,126.7016830444336,127.85334894184803,124.26619966854437,127.58902849484319,7586122
2014-12-17,129.51475524902344,130.26994042866565,125.00250197849653,126.66391628766256,9591840
2014-12-18,130.2510528564453,132.5355007051578,129.49586769905304,132.17678753933544,7701517
2014-12-19,131.9502410888672,133.66829810613947,129.91123833712024,131.0440205244604,6072133
2014-12-22,135.00872802734375,135.29192351093,132.1578894594367,132.1578894594367,4221223
2014-12-23,132.9320068359375,134.9898936162239,132.23345541654598,134.80109943900055,3041233
2014-12-24,129.892333984375,133.66827689033943,129.08050630280485,133.27180491618677,12132430
2014-12-26,130.06227111816406,131.3838474301116,128.7784536355612,130.26994900078077,1946757
2014-12-29,130.98736572265625,132.72429767150246,130.43985841639056,130.43985841639056,2147110
2014-12-30,129.0050048828125,130.4965002280443,128.70293425210326,130.26994725501237,2561664
2014-12-31,128.89175415039062,130.19445561172427,128.19320271363372,128.382005537994,2655874
2015-01-01,129.91122436523438,130.17553614738077,128.419729131305,128.47636304911572,1849323
2015-01-02,131.85585021972656,133.10190891512437,129.9301152882551,129.9301152882551,3736468
2015-01-05,133.3473663330078,135.17870015095608,130.64757063352116,131.02515899834495,6074619
2015-01-06,125.79547882080078,131.76146103649674,124.83260694458376,131.61042570000905,9024997
2015-01-07,127.64564514160156,128.96722118095516,123.88858622088064,125.73879440446376,8937670
2015-01-08,129.06163024902344,129.8356991007293,126.68278977941564,129.495861044025,6578931
2015-01-09,132.53550720214844,134.76331260022766,127.02263194834813,131.06288699848125,13223764
2015-01-12,131.28945922851562,133.06415019655273,130.06227562617408,132.93198996804463,3157549
2015-01-13,128.3630828857422,131.62926877620606,127.74005795306353,131.40271582658494,7395021
2015-01-14,129.91122436523438,130.64753443630414,128.00437340263363,128.38197030528409,6704722
2015-01-15,130.83631896972656,133.29067705082707,129.38258266844787,131.78030683589168,10737987
2015-01-16,131.0629119873047,132.91312946216638,129.64693407628175,130.26996781410915,4284924
2015-01-19,131.21392822265625,133.29068962471243,130.5720195243886,131.8180780941106,3049690
2015-01-20,132.2711944580078,132.72430038593248,131.13841235331296,132.72430038593248,4842070
2015-01-21,130.66636657714844,132.3466640312982,129.93005674810883,132.21450386244632,8863149
2015-01-22,133.2528839111328,133.98919373857424,130.55308985295267,131.02507934326405,8061763
2015-01-23,131.70481872558594,134.42348917913648,131.23282036543242,134.04590086194477,6424399
2015-01-27,132.25228881835938,132.7620372240665,130.66639240596808,132.1578874444565,4689873
2015-01-28,133.6305389404297,134.61228580497666,131.61041128757634,132.15791864360924,7037476
2015-01-29,132.8753204345703,134.234655258695,131.213906403729,132.9130792551049,10551229
2015-01-30,132.66766357421875,134.21579274576445,131.42160501470482,132.8753414412113,6162442
2015-02-02,132.1012725830078,135.1031468246101,131.6292742878717,134.04588239722554,3717522
2015-02-03,135.72618103027344,136.31145584483752,132.91310937205023,133.1396623465926,7617916
2015-02-04,139.16229248046875,141.1446613438442,136.72680900554758,138.2560718998197,12396304
2015-02-05,134.6688995361328,139.14339367943637,133.6871614612324,138.992349739694,3953791
2015-02-06,132.53550720214844,136.4058432068674,131.28944860651401,135.93385354066507,5834608
2015-02-09,134.55564880371094,135.1220399193832,131.81809462544254,131.81809462544254,4045851
2015-02-10,133.91372680664062,135.5940162508045,132.53550798504926,134.04588702523694,3438390
2015-02-11,130.2510528564453,134.57451186529056,129.89233969062295,134.0458796623836,3754929
2015-02-12,130.81744384765625,132.38446536427548,128.13653265058244,130.64753345306153,6518277
2015-02-13,128.2120361328125,129.85456647694113,127.72116281004203,128.2120361328125,9134797
2015-02-16,128.55191040039062,130.1566911255751,127.24921763804718,127.4380118117687,5713141
2015-02-18,125.5877685546875,129.8545762082402,125.36120696588554,128.8917132225444,7747543
2015-02-19,125.90869903564453,126.85267810912973,124.83255113815399,126.11637685169428,5393952
2015-02-20,124.8703384399414,126.8338319541724,124.6060266589556,126.26744092390442,4764178
2015-02-23,122.66143035888672,125.94650042394566,122.22719949261197,125.24794910519608,4667715
2015-02-24,118.96101379394531,123.39774116131237,118.05478458414844,123.13342070743734,11394412
2015-02-25,119.75393676757812,122.09501839749066,118.99875165412138,119.99937344187869,7747527
2015-02-26,120.58466339111328,121.66081168137617,119.1498105273527,120.8301001139843,8330061
2015-02-27,122.62366485595703,123.09565452655173,120.45250200029133,120.45250200029133,10424124
2015-03-02,120.8489990234375,124.45502401475444,119.84837691203396,124.15294468620125,9150904
2015-03-03,121.01886749267578,123.09562851846023,119.69728286633304,120.84894848158143,9377275
2015-03-04,121.03778839111328,123.37887068518131,120.3770044702922,121.75521488455018,12393369
2015-03-05,120.81121063232422,121.377601672661,119.84834759223996,121.22656636655556,5311246
2015-03-09,119.3197021484375,120.26368134937084,118.60226723910199,120.01824468294247,8394541
2015-03-10,118.71559143066406,120.43364001881731,116.35562536653048,120.07492676727858,10846846
2015-03-11,116.86534118652344,119.65953738820569,116.67654706561278,118.94211108630428,7587334
2015-03-12,117.8848648071289,118.54565729533903,116.6388061330991,117.43175020499747,5494894
2015-03-13,118.52679443359375,119.62181798057831,117.54505603892504,118.22472374060145,5558430
2015-03-16,117.80931854248047,118.7910651683185,117.46948051278572,118.50786969105292,3707103
2015-03-17,118.6400375366211,119.13091091695644,117.07302465185612,117.84709354835097,3799833
2015-03-18,116.75205993652344,119.11202524232176,116.29894542243825,118.94210621923474,4852030
2015-03-19,117.7715835571289,118.5267687685302,116.75207790414997,117.01639834572762,5367529
2015-03-20,117.56392669677734,118.18696044121369,116.45002809476368,117.88488111718422,4793802
2015-03-23,118.71559143066406,119.07430468220281,117.37513119021301,117.4317651211467,4589812
2015-03-24,119.86293029785156,120.47486553922522,118.18010619562094,118.7920414369946,3764554
2015-03-25,118.4287338256836,121.02945703053749,118.06539801052398,120.72349371411434,4139605
2015-03-26,115.34991455078125,119.09802595789938,114.27902557731892,118.9450355661097,11858041
2015-03-27,116.6311264038086,117.93148748582357,115.27339284601794,115.86620091124975,5891944
2015-03-30,120.55136108398438,121.39277754504654,116.2104417387944,116.65026829590641,6601768
2015-03-31,117.16661071777344,122.23420225415363,116.45905745961265,120.83822282088596,6853342
2015-04-01,117.20487213134766,118.27576132941103,116.84153628804313,117.41522630459029,3321565
2015-04-06,121.33543395996094,121.71789687462083,117.79767607234695,117.83592148843148,5556453
2015-04-07,122.00472259521484,122.57841249965344,120.47487993210747,122.38717669563175,3490815
2015-04-08,119.7099609375,122.00472051614976,119.28925268039738,122.00472051614976,5976249
2015-04-09,118.61992645263672,120.78083113953852,117.98887291885725,120.28363214091729,5713269
2015-04-10,118.46697235107422,120.78085918913001,118.23749987710129,118.63908108346082,8693394
2015-04-13,119.27012634277344,119.90118873236376,118.60082729736773,119.90118873236376,2797114
2015-04-15,121.29714965820312,123.41980020876228,119.13625370382024,119.63345270734074,9083739
2015-04-16,125.31298065185547,125.73368885550212,121.8134692375437,121.85171464207413,9836785
2015-04-17,126.2117919921875,127.30179942150345,125.44687495865773,126.02056492225859,6401871
2015-04-20,123.07563018798828,127.32093262102401,120.93385188665171,126.15442555389137,4536202
2015-04-21,122.52106475830078,125.2174061030905,121.73702056334061,123.38159978879632,4822603
2015-04-22,119.44223022460938,123.85964051136058,118.39046837171037,122.78876033132833,7356646
2015-04-23,117.77852630615234,120.6278484361322,117.33869976166255,120.47486681262484,5199051
2015-04-24,121.18242645263672,121.96647044588873,117.66379640034438,118.56257661738168,7401441
2015-04-27,118.3139877319336,121.60313687871962,117.83590695910307,121.60313687871962,3309372
2015-04-28,117.62555694580078,119.93943488092795,116.28694133911598,118.18011976573753,5021299
2015-04-29,117.1474609375,118.39045848076172,116.30605327623887,117.6255416292687,4445740
2015-04-30,116.267822265625,118.10362818877323,115.92360482524145,117.35782957048431,9699340
2015-05-04,125.58070373535156,126.4029930978618,117.07097394118149,117.07097394118149,16873108
2015-05-05,130.8587188720703,131.2603002022337,125.6381353184966,126.59428842911804,24530452
2015-05-06,125.40861511230469,130.3423429791966,124.33772613631538,129.88338931037075,10301064
2015-05-07,122.40632629394531,126.7090013687029,121.04859210317983,126.21180219288892,5843113
2015-05-08,120.66610717773438,124.07000119983694,120.03505353411788,122.75051266672858,6429162
2015-05-11,122.00472259521484,122.69314872977851,120.49400701403493,121.20155147671285,5431555
2015-05-12,118.4287338256836,122.55929987409607,117.49170803841629,122.4254365462538,4464550
2015-05-13,118.98328399658203,121.50752485635158,117.98889457067362,119.38487393718658,5646844
2015-05-14,120.91470336914062,121.23979372291817,118.23748972083304,119.36574241834025,4257052
2015-05-15,121.96646881103516,122.27243207036146,119.51871896736164,120.8190890809363,3325147
2015-05-18,123.0564956665039,124.14650308230397,122.25333322894744,122.50193279367949,4586017
2015-05-19,121.46928405761719,122.88438180618199,120.68523998259347,122.13858314307552,4366932
2015-05-20,120.30276489257812,122.10032533158238,120.09241077148847,121.23979052011357,3059541
2015-05-21,121.73698425292969,121.98558377117756,120.24539589725482,121.01031277827238,3139372
2015-05-22,123.55369567871094,124.29949437823555,122.08122536346119,123.72580441764956,3893322
2015-05-25,126.03965759277344,126.49861122098166,123.61103490693979,123.91700691034939,5574003
2015-05-26,123.34330749511719,126.5368468110157,122.96084470897803,126.21175650663153,2979945
2015-05-27,126.97669219970703,127.49301835081656,122.63577263394134,123.91701571721951,3477921
2015-05-28,125.40861511230469,128.96549072653215,124.03175410582709,128.1240742080492,8512186
2015-05-29,126.1544418334961,126.90024066900472,119.78648736218958,121.62229382003068,13023642
2015-06-01,123.95526123046875,126.17352996481915,123.30508052450621,125.8293125304564,2889510
2015-06-02,122.50188446044922,125.73366877304844,121.7369589843923,125.73366877304844,4511451
2015-06-03,117.74031066894531,123.64931928594011,117.22398442834509,122.5019393119145,5149029
2015-06-04,115.25431060791016,118.48610500133435,114.83361105252611,118.48610500133435,7210408
2015-06-05,117.87415313720703,119.49961376930231,113.7053419941943,115.6750113308479,8311552
2015-06-08,117.18572235107422,118.56258337642852,116.6885232658474,118.56258337642852,3424894
2015-06-09,115.29251098632812,117.3386792349466,114.8718115952782,116.68848994115702,3158752
2015-06-10,116.78412628173828,117.79764265114837,115.50288332188046,115.50288332188046,4509799
2015-06-11,115.12040710449219,117.96972863795153,114.89092596346195,117.07094865729171,3997858
2015-06-12,114.89097595214844,115.86624715288549,114.54676722155467,115.1204571930252,2924445
2015-06-15,116.24869537353516,117.37695684366699,114.18341698930443,115.1204426572165,4211761
2015-06-16,116.43997955322266,116.76507882574357,114.73803610281242,116.24875241099045,3878482
2015-06-17,117.03272247314453,117.51079440191126,116.01920613248186,116.65025967784402,7374735
2015-06-18,119.65260314941406,120.55138351123978,116.74590790953737,117.18573454847429,6067755
2015-06-19,122.06208038330078,122.76963356530135,120.13065663199872,120.37925616205803,5823981
2015-06-22,121.77523803710938,122.38717333478546,120.0924137800469,122.38717333478546,4448203
2015-06-23,121.96646881103516,123.68753840618348,121.54576057564887,122.00471421845096,3509530
2015-06-24,121.58403778076172,123.53458033052732,120.91472984522338,122.36808196855425,3734515
2015-06-25,119.69085693359375,122.50194321173548,119.21278484713527,121.125081946784,7207431
2015-06-26,119.78643035888672,120.66608337153681,118.7920323847505,119.70993955377033,1821207
2015-06-29,118.19924926757812,118.86854833081051,117.03274235830564,118.21836759599503,2261232
2015-06-30,118.40959930419922,119.07890714755708,117.60643689522075,117.87415478027566,3225894
2015-07-01,120.05419921875,121.27807012857343,118.06541117874073,118.18014743519632,4331775
2015-07-02,118.56257629394531,120.51311835441261,118.3522221740064,120.09241011453477,3314205
2015-07-03,118.25659942626953,119.63346031289201,117.93150909619459,119.32748830903846,4952577
2015-07-06,117.8932876586914,118.18013264082934,116.3443265059094,116.86064397223201,3164748
2015-07-07,116.6311264038086,118.1992140343624,116.49726312953918,117.98885996159926,3602245
2015-07-08,115.86622619628906,117.70204077600444,115.42639963206308,115.88535327699192,3476700
2015-07-09,114.24076843261719,116.61201859292369,113.74356940645418,115.98096502418773,5336425
2015-07-10,112.40498352050781,115.42641488878307,111.44883069667569,115.42641488878307,10773607
2015-07-13,111.14286804199219,113.16990118557811,110.01460647777341,112.94042870835423,7725928
2015-07-14,110.79866790771484,112.02253881868806,110.03375077681038,110.91340416427822,4437270
2015-07-15,111.37234497070312,112.92130613841007,111.18111789870666,111.39147205480988,4577782
2015-07-16,111.52532196044922,112.73007434813807,110.95163201465716,111.48707654765067,3341661
2015-07-17,111.98423767089844,112.57705449885026,111.23843924366003,111.94599227107679,2702260
2015-07-20,111.62094116210938,112.48147609076388,111.10462370644225,112.0607677912935,1863025
2015-07-21,107.56685638427734,111.64005818088724,107.16527520453867,111.6018127710937,4128988
2015-07-22,108.9437026977539,110.12932784426211,107.66246840888732,107.66246840888732,3767242
2015-07-23,108.56124877929688,109.17318405729793,106.91666998410257,109.00107534546359,5707321
2015-07-24,108.1788101196289,109.34531720154219,107.7198563701251,108.42740970253455,3961647
2015-07-27,103.83787536621094,108.17879517086091,103.2641854470606,107.85370480026329,10950876
2015-07-28,103.20679473876953,104.22031983652244,100.75905385007738,104.06732946562023,8345236
2015-07-29,103.1685562133789,103.87610937031626,101.3518775047729,103.64663692938049,10220164
2015-07-30,103.60836791992188,104.94697436139586,103.30239598123069,104.37328463593407,5602353
2015-07-31,104.2968521118164,105.75019555962385,103.723162065826,103.837898324261,3895096
2015-08-03,104.66015625,106.13262633813069,102.51837839315071,104.37331131395099,4666620
2015-08-04,101.86819458007812,104.69839844585493,101.23713223860551,104.69839844585493,7648746
2015-08-05,103.26419830322266,104.02911537271574,102.46103581794563,102.88173539156882,3759064
2015-08-06,103.6275405883789,104.60281188237198,103.05385056205179,103.64666767437019,3982426
2015-08-07,108.1788101196289,108.59951845282531,103.09209096640879,103.26419971669957,14143717
2015-08-10,105.19559478759766,108.88633334041647,104.79401365051628,108.61860674648739,4017831
2015-08-11,103.28330993652344,105.807542015888,102.90084708208721,105.807542015888,2668081
2015-08-12,103.01558685302734,104.22033919593139,101.58136204186229,103.26418640388351,6082657
2015-08-13,103.1685562133789,104.7940166416843,101.60047702602623,103.64663692938049,6835678
2015-08-14,103.41716766357422,104.6027929194599,102.51838736885142,104.04823007965797,3797374
2015-08-17,100.96943664550781,103.32156906888915,99.99416542867203,103.30244198441108,7815285
2015-08-18,99.74556732177734,101.94470936315267,99.43959524232463,101.73435519986916,4157310
2015-08-19,99.66907501220703,100.51048289904793,98.33045922094897,99.43959376756723,5711535
2015-08-20,97.83325958251953,98.94238527055184,97.18307007897104,98.67466738987835,7178769
2015-08-21,97.89063262939453,98.44520427994759,96.03569935574588,97.16396098752516,6613182
2015-08-24,87.08614349365234,95.92096596604279,86.5124534953461,95.61500263564729,19008639
2015-08-25,88.21438598632812,90.0501920133207,85.76664461700473,88.25263139811045,10863165
2015-08-26,85.99612426757812,90.49003493461724,85.28857971362487,88.34825668073381,7245826
2015-08-27,88.08052062988281,89.26614575749282,86.45506018994665,88.73070130433224,11633059
2015-08-28,93.18636322021484,94.23812511758894,90.98722152431876,91.36967562128397,10958608
2015-08-31,91.5226821899414,95.00306761034011,90.91073801901345,94.7353409413323,9689886
2015-09-01,89.53385925292969,93.07161613706863,88.99841482580901,92.86126203136277,10033095
2015-09-02,86.12996673583984,90.06930480088805,85.80487641037953,89.55298744686645,9458158
2015-09-03,87.64068603515625,88.65421121603796,86.62716960808716,87.48770440551849,3640380
2015-09-04,86.26384735107422,88.97931547086326,84.61926831384464,88.97931547086326,7345293
2015-09-07,86.64715576171875,87.52877216419229,85.68888736242555,87.0112988062417,5324035
2015-09-08,88.12288665771484,88.35287771287827,85.89968950628479,87.37543108164172,6841087
2015-09-09,88.3145523071289,89.54114209288595,87.87373974876138,89.33032060263673,11075230
2015-09-10,86.97294616699219,88.1037141695297,85.74635661300138,87.58624094398759,6478407
2015-09-11,87.52876281738281,88.88951327419443,87.08795027658708,87.64375396022707,5834527
2015-09-14,88.02704620361328,88.31452838092977,86.62796568912238,88.12286774721224,3143677
2015-09-15,87.87373352050781,88.88951051728229,86.55132225892075,88.12288537557382,3661399
2015-09-16,88.3528823852539,89.23448995242768,87.49043562262104,89.23448995242768,4234243
2015-09-18,91.68766784667969,92.45429302613029,88.12288971399899,88.58286306701694,9682537
2015-09-21,91.59184265136719,91.93681607252024,90.07777070315247,90.3844137441774,2754552
2015-09-22,89.88611602783203,92.68427783022909,89.36865147493845,92.68427783022909,5576616
2015-09-23,90.67189025878906,91.20852431997335,88.06538948154628,88.19954141689652,3247758
2015-09-24,87.20296478271484,90.69108267216237,86.66633058639496,90.69108267216237,8968651
2015-09-28,86.28301239013672,87.56710221730702,85.89969976791473,87.49044144751518,4326612
2015-09-29,86.78131103515625,87.1646236347107,83.44651510684052,85.784703540272,7599778
2015-09-30,87.9120864868164,88.46789029601635,85.13309376060815,87.5862737885234,7694695
2015-10-01,89.06201171875,89.69447627873879,87.39461791261728,87.91208253568925,4161730
2015-10-05,92.18595123291016,92.45427261846923,87.77789690374897,89.69444188280775,5283105
2015-10-06,94.8116455078125,95.30994925984179,91.84100134702129,92.37763548203264,7663977
2015-10-07,98.79806518554688,99.98632458569048,96.21072489556713,96.21072489556713,9901197
2015-10-08,98.75975036621094,99.81385798078513,96.68988307200473,99.81385798078513,5335414
2015-10-09,101.0595703125,101.5770435191083,99.73715048218126,100.04380224608917,8515356
2015-10-12,100.9637680053711,102.63116151792622,100.54212503961716,101.09791995271492,4243084
2015-10-13,97.32231903076172,100.13965025797869,96.68986336419104,99.48802501447592,4640856
2015-10-14,97.74396514892578,100.92543948129546,97.13067026620881,97.36065255725441,4440331
2015-10-15,99.718017578125,100.04383023346475,97.39898983293016,98.54891891607342,3456408
2015-10-16,101.19376373291016,101.69206752712091,98.51059283072257,100.04383459958163,3212586
2015-10-19,98.8364028930664,101.32792179839622,98.1272863799459,101.23209144872575,2694019
2015-10-20,97.03482818603516,98.60639997117617,96.59402446156032,97.97393558742108,3579358
2015-10-21,97.14984130859375,98.85557418669036,96.40239439729517,96.59404632669698,2408055
2015-10-23,98.62559509277344,100.04383696319628,97.72480906200548,97.74397864220326,3416214
2015-10-26,98.29975128173828,99.96715344912761,97.51397413763671,98.51057274964161,3776110
2015-10-27,95.02249908447266,97.43734912074845,94.77334712433374,97.1498667646855,7387659
2015-10-28,96.51739501953125,96.78570774700482,93.27842884207777,94.14087576885287,8681943
2015-10-29,96.15323638916016,97.83979958045589,95.84658454835075,97.74396923521624,11317210
2015-10-30,94.6583023071289,96.01905252465149,93.56587348232021,95.78907027940554,5076523
2015-11-02,94.83082580566406,95.36746000133685,92.81844976520694,94.65833467611508,2028091
2015-11-03,96.09573364257812,96.40238547450099,94.02586667683191,94.75415271441324,2764398
2015-11-04,96.63238525390625,97.43733220180607,95.75077752746967,97.18818905819344,3672546
2015-11-05,96.07657623291016,97.28399647894413,95.69326362277776,95.82742435231347,4845283
2015-11-06,96.3832015991211,98.35724670283506,95.06078167166054,95.32910308144774,6014388
2015-11-09,95.55911254882812,96.21073791061168,93.93004914436919,94.37085298794102,4072977
2015-11-10,92.39722442626953,96.73017045658253,91.96783064151587,95.67620795515795,5841889
2015-11-13,89.35245513916016,91.14809140329108,89.00113131017397,90.97242948879799,6878205
2015-11-16,89.84037780761719,90.1331446245148,86.36621098479652,89.157252256678,6538864
2015-11-17,90.69916534423828,91.05048913335789,88.49365748625162,90.17218859509398,9435519
2015-11-18,90.0550765991211,90.85530710710253,89.37195103350744,90.1917034991507,3862231
2015-11-19,90.95288848876953,91.22614228401267,89.48905439863624,90.85530550578346,2849844
2015-11-20,91.36277770996094,92.02638136816137,90.30881527977522,91.26518578333085,2601568
2015-11-23,90.44544219970703,92.08493848273187,90.17219728647088,91.73362359428538,2296134
2015-11-24,90.87483978271484,93.0413129559081,89.68425920936726,90.56255986886747,5179723
2015-11-26,91.6750717163086,92.47530240828051,90.48449112669412,90.99194599362944,8200903
2015-11-27,91.88976287841797,93.19745729004889,91.4798910442677,92.31915667349723,2854024
2015-11-30,91.4018325805664,92.08494941200176,89.85991911628169,91.34327562494074,5898439
2015-12-01,91.96782684326172,93.08033731104716,90.97242132979022,91.55795503589526,3545680
2015-12-02,92.04590606689453,92.90469368727467,91.07002241496318,92.5533698544762,3121284
2015-12-03,89.66472625732422,91.30422240767967,89.0401575716462,90.99193359757305,7426180
2015-12-04,88.6888427734375,90.21123412488075,88.23993593950017,88.90353967693868,5123203
2015-12-07,87.4006576538086,89.19629366454727,86.97127284340695,89.02064070937766,3621073
2015-12-08,84.21924591064453,86.75656411625798,83.55564235980214,86.65897220541635,8794702
2015-12-09,84.7462387084961,85.09755353521608,83.106742713533,83.92648624374735,6323689
2015-12-10,85.80020904541016,86.22959387359762,83.84842408823532,85.05852647310681,6848703
2015-12-11,84.0631332397461,86.1905714698947,83.69229636673339,85.68310766433947,6528895
2015-12-14,83.30193328857422,83.7703620801925,82.46266764283116,82.95061839576258,4778763
2015-12-15,85.01947784423828,85.33176660370077,83.26287702541296,83.92648058792024,4919511
2015-12-16,88.47415924072266,88.84499611644235,84.84384259517923,85.76117827052177,8363692
2015-12-17,87.75198364257812,88.33751733331192,85.87827761913695,88.22041238207218,9229494
2015-12-18,87.14693450927734,87.75199020439615,86.34670388083107,87.04935150988148,7201576
2015-12-21,89.95748138427734,90.19170019496667,86.54187155040916,87.04933521661295,4999317
2015-12-22,89.99652099609375,90.75771653458101,89.11822051350103,89.95748601472526,4596822
2015-12-23,91.94831085205078,92.28011267917125,90.2697797574248,90.9138614526422,6021352
2015-12-24,91.28471374511719,93.60733586341115,91.07002576665711,92.90469710649089,4388542
2015-12-28,93.76344299316406,94.19283666880739,91.34323871422912,91.34323871422912,5296623
2015-12-29,93.58779907226562,94.40755160423146,92.68998550694008,93.6853909994017,3552853
2015-12-30,93.6463623046875,94.77839478425922,93.45118737184262,93.68539729125646,3927882
2015-12-31,94.36851501464844,95.16874557375746,91.79216144527925,93.49021448897291,6598665
2016-01-01,94.66128540039062,95.0126002630921,92.94371926802202,93.64635792796025,2771977
2016-01-04,92.9241943359375,95.5590959273225,91.9873457974994,94.07574868540593,3125131
2016-01-05,94.40752410888672,95.344372385311,93.31452700761463,93.6853637143797,3646312
2016-01-06,92.72901916503906,94.5832121469025,91.59698677767985,94.46609826219965,3007210
2016-01-07,88.45460510253906,91.30420303519004,87.45919980855278,90.17217085736249,7609386
2016-01-08,89.84037780761719,90.48446837860561,88.08377690623149,89.00111233687507,6898318
2016-01-11,88.02522277832031,88.7083483510611,86.71753750643525,88.2204066188374,6413395
2016-01-12,86.4052505493164,87.55680485529884,85.87827382475358,87.4396909746985,5543673
2016-01-13,87.12741088867188,87.42017772033104,84.92190313938214,87.04934092483406,5384575
2016-01-14,87.14693450927734,88.02523511105461,84.55106769061102,86.2491208814352,6523576
2016-01-15,85.66358947753906,87.59585264092668,85.0194987782312,87.59585264092668,4512582
2016-01-18,83.69226837158203,85.09754541340952,82.46264425908284,84.70719564319829,5734035
2016-01-19,85.0975570678711,85.6440557555456,82.56024747586898,84.16070855652535,3797908
2016-01-20,83.26289367675781,83.96553235789851,81.66243245032832,83.57518249867344,6518908
2016-01-21,80.92076873779297,83.8289246867143,80.3937918957449,83.39953085420896,8879593
2016-01-22,84.4144515991211,84.70721847295094,81.89665469727711,82.7359203312251,7253737
2016-01-25,85.74163818359375,86.366206766837,84.53153599515163,86.03440498619321,4864044
2016-01-27,85.25370788574219,86.5613932268129,84.7072091855429,85.76116266814479,6744064
2016-01-28,85.83924865722656,86.19056353559141,84.02409051479988,85.09756604494046,8761006
2016-01-29,88.31803131103516,88.94260023965447,86.26866255957272,86.38577649300154,12759739
2016-02-01,87.84959411621094,88.92306979767909,86.48334259302932,88.92306979767909,3822741
2016-02-02,84.53155517578125,87.59585078750169,84.08264835914524,86.73706320659547,6900480
2016-02-03,83.16531372070312,84.70721805737088,82.09182923223628,83.41903667121068,4843966
2016-02-04,85.8782958984375,86.07347085871365,84.414461360024,85.05854319620376,6016540
2016-02-05,85.8587646484375,86.60043835180248,84.921916005907,85.99539157312137,5710669
2016-02-08,83.5556640625,85.95635600339615,82.61881542631161,85.87828602825846,2764110
2016-02-09,85.15612030029297,85.70261902834453,82.16989478863499,82.32604366417502,3651745
2016-02-10,83.34095001220703,84.31684236966359,82.28699663021354,83.47757690784846,4066759
2016-02-11,79.30078125,83.49710907205936,78.09067886740024,83.45807408775195,8787048
2016-02-12,75.4362564086914,78.07115809490809,73.28930096827075,78.07115809490809,10102654
2016-02-15,78.20777893066406,78.53958074379983,75.98274922611347,77.52465334619174,7157805
2016-02-16,78.05162811279297,80.4523104335143,77.32946764721552,79.49594010941446,10491013
2016-02-17,78.20777893066406,78.85186953326951,76.9781546655208,78.07115202686266,7290019
2016-02-18,81.62337493896484,82.20890850074947,79.24220571667621,79.49593752241842,7799662
2016-02-19,82.42361450195312,82.79445127440567,80.4132817871835,80.78411855963603,5419069
2016-02-22,83.69226837158203,83.9655132107299,82.2479474181999,82.75541105400802,3601842
2016-02-23,83.77033233642578,85.01946938086114,82.69685714329322,84.19972598749197,3593367
2016-02-24,81.74048614501953,83.0676931260978,81.27205752389402,83.0676931260978,2618155
2016-02-25,84.4144515991211,85.01949837328362,81.81858472219395,82.91158224243021,5778484
2016-02-26,84.33637237548828,85.31225589154587,83.57517680009818,84.86334911677798,4205824
2016-02-29,75.76805877685547,86.30766559534119,75.14349007954385,84.80479632982244,23809857
2016-03-01,74.75314331054688,75.68999645113567,73.60159326255183,75.68999645113567,23118147
2016-03-02,76.099853515625,77.0171979179244,74.98734314020844,75.8851655844754,15524956
2016-03-03,76.97815704345703,78.40295626194822,75.63143672564618,76.70491216194807,16866745
2016-03-04,78.34441375732422,79.78872610152922,77.68081006394337,78.03212493627323,22523046
2016-03-08,78.79328918457031,80.54988965031679,78.46148747000922,79.1446128515324,12258796
2016-03-09,80.12052917480469,80.41329604016273,78.57862487519044,78.85187871461032,7688815
2016-03-10,80.29619598388672,81.5648554560823,79.76921916787883,81.5648554560823,13467873
2016-03-11,80.06197357177734,81.03785707409016,78.92994120408522,81.03785707409016,14262115
2016-03-14,81.29159545898438,81.5843623201026,80.31571187828062,80.99882859786614,7498647
2016-03-15,80.95979309082031,81.15497695333296,80.04245752752446,80.4132943579488,5504455
2016-03-16,80.90103149414062,81.78251969819193,80.27419603572382,81.21444473986818,5188654
2016-03-17,83.15372467041016,84.19191954836788,81.68457759142764,81.70417040372975,8394324
2016-03-18,84.07437896728516,84.2310855780808,83.25166029364705,83.74137293586392,6776230
2016-03-21,84.87752532958984,85.21053140625358,83.44755489440006,83.83933044157713,5801745
2016-03-22,84.66203308105469,85.85694334023367,84.2310809580432,84.87750914256043,6610557
2016-03-23,84.07437896728516,85.30846594470336,83.01659141049257,84.77956768282655,5978227
2016-03-28,83.81974029541016,85.68066299499489,83.2124975932795,84.81875855718037,7205974
2016-03-29,83.15372467041016,84.62287174939266,82.54647302651505,84.60327893709055,5003185
2016-03-30,85.36723327636719,85.79818545752629,83.173313648659,83.44755023951187,5849823
2016-03-31,83.87850952148438,85.23012667965742,83.11455121756374,84.11356947640034,18261630
2016-04-01,81.80210876464844,84.21151359631818,81.52787215713013,84.03521415086098,10266195
2016-04-04,81.21446990966797,81.74336837619076,80.13709809314037,81.6650060735113,5494027
2016-04-05,80.50924682617188,81.6845642980868,79.94118089932799,80.70513008250414,4906771
2016-04-06,80.74433898925781,81.48871359460213,79.92162001704453,80.9794079577218,4317508
2016-04-07,81.3907470703125,82.07635202018093,80.97938768717626,81.90005257970482,5045077
2016-04-08,80.76390075683594,82.05674820198284,80.5680174975594,81.4103289628898,2418253
2016-04-11,81.33197784423828,81.97840613892865,80.39172910382565,81.72375338347142,5192644
2016-04-12,82.80111694335938,83.31042240528582,81.15567956416464,81.4299161383767,6343279
2016-04-13,83.58468627929688,84.38782130179901,83.3692101545316,84.23110568662953,6437622
2016-04-18,81.31238555908203,82.95783189271346,80.74431063781066,82.95783189271346,4950201
2016-04-20,82.21347045898438,82.54647654662364,81.50828162439316,81.84128771203241,4820409
2016-04-21,83.42796325683594,84.01562210239653,82.95784335395736,83.11454998825022,7037139
2016-04-22,84.66203308105469,85.15174569641104,83.31041621967535,84.58367977995451,4497202
2016-04-25,83.17333221435547,84.79918621187711,82.93826325990561,84.79918621187711,2813826
2016-04-26,83.95684814453125,84.46615359133284,82.64440787523183,83.13412051240525,4140094
2016-04-27,86.89515686035156,87.6591151620681,84.58369810916334,84.62287476820296,10536442
2016-04-28,84.95587921142578,88.30553281286319,84.32904371194516,87.09103847218435,11597841
2016-04-29,85.11257934570312,86.48378918177382,84.46616004992042,85.42600155499294,6088467
2016-05-02,85.30847930908203,86.5425575128692,84.62287432900308,85.40641647269157,4911861
2016-05-03,84.34862518310547,86.07241584967565,83.44754422984455,85.81777208856047,5806392
2016-05-04,82.52689361572266,84.34863967833658,82.27224084388455,84.15274741263795,4247746
2016-05-05,82.46812438964844,83.5455049533302,82.27224109032569,83.0361994081284,4590195
2016-05-06,81.66498565673828,82.52689006805029,81.13609628940573,82.48771340998722,3327823
2016-05-09,82.89907836914062,83.25167728234469,81.91964391787822,82.23306617038881,4008649
2016-05-10,81.44953155517578,83.03620887805039,80.82269595889244,83.03620887805039,3924151
2016-05-11,80.41130828857422,81.07732038979717,79.56899675656604,81.07732038979717,5481087
2016-05-12,80.82266235351562,81.66496476992357,80.2154108584067,81.52785098525248,7061337
2016-05-13,79.82363891601562,80.6855431447307,79.13804306167629,80.6855431447307,7262070
2016-05-16,79.37310791015625,80.2741888448283,78.3544970188646,80.07829661683473,10092505
2016-05-17,82.37017822265625,83.05577417885027,80.35254907573444,80.5484323536525,14657428
2016-05-18,83.93726348876953,84.34863182827429,82.11552656266157,82.38976315536962,8832225
2016-05-19,82.29183959960938,83.54551073597372,81.9588245172669,83.44756459605163,6740377
2016-05-20,83.48674011230469,84.0939918243425,82.44854511784601,82.97743453884414,4576983
2016-05-23,81.54744720458984,84.03520508428878,81.29279447017336,83.9176751223184,5845633
2016-05-24,80.95979309082031,81.76292799431805,80.13707434268018,81.68457468182488,4087501
2016-05-25,82.33100891113281,82.5660688656022,81.54745779564323,81.76293390405473,3108448
2016-05-26,84.64246368408203,86.64050010399681,82.54647217063453,82.66401110930416,13519851
2016-05-27,83.44756317138672,85.75902209177197,82.97743426153558,85.40642316764283,10044087
2016-05-30,83.62384796142578,84.50533615012607,83.44754853029342,83.83932404759183,4589130
2016-05-31,82.56604766845703,84.42696988128799,82.19386501928288,84.23107766922567,8791201
2016-06-01,82.52689361572266,83.56508854946735,82.31141750363174,82.82072304730795,4521807
2016-06-02,83.36920928955078,83.78056872030598,81.93923872209658,82.4681281377871,4079509
2016-06-03,82.99698638916016,84.03518087120517,82.70315708541469,83.76094437229014,4345935
2016-06-06,82.58565521240234,83.58467339112072,82.38976296538651,83.33002064356955,3665349
2016-06-07,83.42796325683594,83.81973880953046,82.95784335395736,83.05578051690922,5568472
2016-06-08,84.5249252319336,85.11258406081602,83.83932924287885,84.03521253018562,5491938
2016-06-09,86.44464111328125,87.09106062283156,85.01467030487083,85.03425415551182,10532686
2016-06-10,85.48477172851562,87.24774831700758,85.01465181182121,86.18996953748251,4451983
2016-06-13,83.54550170898438,84.77957989723835,83.25167228792928,84.62287326386559,2914852
2016-06-14,83.36920928955078,84.15275148941606,82.74237373626595,83.8197453819511,3050001
2016-06-15,83.7217788696289,84.0352010534777,83.27124288687209,83.56507226118495,2865534
2016-06-16,82.9382553100586,83.46715368165168,82.48771922708005,83.44756086775733,3296191
2016-06-17,82.56604766845703,83.34958961582578,82.35057161536459,83.31041296680534,4717605
2016-06-20,83.78057861328125,84.32906090804174,82.40937735986212,82.52690735867562,5253388
2016-06-21,85.2301025390625,85.4847462679482,84.23107559622802,84.54449774763805,4754095
2016-06-22,85.54352569580078,85.95488503182592,84.62286090871173,85.19092685523007,4300168
2016-06-23,85.602294921875,86.01365425676441,83.91767196284121,85.40640269233833,4451146
2016-06-24,82.03716278076172,83.80013898120536,81.09690522040752,83.6826000609406,6098569
2016-06-27,82.33100891113281,83.1929043778164,81.37115834630994,81.4886972905071,3541858
2016-06-28,82.80111694335938,82.9970091776149,82.07634437088977,82.27222763818409,3242284
2016-06-29,84.1331558227539,84.28986244731965,83.09495201760133,83.34960476600156,3248850
2016-06-30,84.7403793334961,85.9940499807403,84.23107395174817,84.54449609703912,7536646
2016-07-01,88.14881896972656,90.02932531435508,84.79916564226926,84.97546507360103,8428420
2016-07-04,90.91081237792969,92.18407606959641,89.91179423537338,89.91179423537338,16861305
2016-07-05,90.4014892578125,92.61501016161941,89.53959405802551,90.34272877087231,6551590
2016-07-07,88.77565002441406,90.83245569858268,88.59935060180739,90.40150354709105,5971878
2016-07-08,87.48281860351562,88.26636077716054,87.0714591865261,88.14883079615822,3248257
2016-07-11,88.14881896972656,89.16742993567759,87.58075298761483,88.14881896972656,6210183
2016-07-12,89.28497314453125,89.89221587179316,88.18800870571174,88.18800870571174,4319643
2016-07-13,91.73352813720703,94.63264503512453,90.9499772132551,91.53763592273891,17397438
2016-07-14,90.32316589355469,91.96861251143292,89.75509984111244,91.8314897182024,9416404
2016-07-15,90.20563507080078,91.00877004227046,89.53962289128022,90.53864116056106,8673333
2016-07-18,85.64148712158203,89.71592249154824,85.05382826021155,89.71592249154824,11088225
2016-07-19,86.58171081542969,87.1693695064099,85.01462695078915,85.21051019212922,10601104
2016-07-20,87.71786499023438,87.91375722855123,86.09201142058035,86.58172408244977,9715894
2016-07-21,87.20857238769531,88.83443516425005,86.97351242737936,88.07047684277917,4614313
2016-07-22,87.14979553222656,87.6199243316273,86.5033673121804,87.32609495287197,4734196
2016-07-25,88.85404205322266,89.01074873407187,86.85600497150011,86.89518164171243,5161390
2016-07-26,87.89415740966797,89.95096297926544,87.40444478684593,88.89317546436604,6075612
2016-07-27,87.46321868896484,89.12825800235407,86.20954772613,87.83540141540374,3982969
2016-07-28,86.71886444091797,88.2663650158353,86.42503499082068,87.46322998997428,12199317
2016-07-29,86.22913360595703,87.6982805485076,86.0528341794587,86.97349899899297,4943548
2016-08-01,85.7198486328125,87.54158589698113,85.40642635887957,87.0910497847308,4868154
2016-08-02,86.62089538574219,86.93431756751079,85.24969463703648,85.70023061680308,5714404
2016-08-03,85.70024108886719,87.32610372371629,85.40641168060026,86.9735048470112,6926821
2016-08-04,86.13117218017578,87.71784880275287,85.66104344871894,87.71784880275287,5368087
2016-08-05,88.52100372314453,88.81483312650391,86.30749127569358,86.58172786758018,4722490
2016-08-08,88.57976531982422,88.93235519234896,87.81580714557913,88.69729527733246,3995137
2016-08-09,89.71589660644531,90.04890260067785,88.97152235437258,89.63754330979766,11431887
2016-08-10,89.73550415039062,90.4994624449417,88.73648590380647,89.71592030453573,10287928
2016-08-11,90.65618133544922,90.8520736222552,89.03032736334845,89.6179862898392,9320215
2016-08-12,91.51805114746094,91.83146434027488,90.02931158071414,91.00874574217809,5870230
2016-08-16,92.14488220214844,92.5954181292843,91.00874149727036,92.06652890759958,5039550
2016-08-17,93.16352081298828,93.39858076689735,91.77272700162021,92.22326306342713,5430909
2016-08-18,94.55431365966797,94.86773592503458,93.04598974369364,93.35941200906024,5751255
2016-08-19,94.65225219726562,95.39661768815601,94.24089279266634,94.92649777830682,5606353
2016-08-22,93.77074432373047,95.55331332716713,93.35938500507913,94.65223242096647,3785410
2016-08-23,93.39856719970703,93.90787265949011,92.69337847345398,93.04596835309992,5012451
2016-08-24,94.41718292236328,95.20072499506384,93.73157800439928,93.9470540919583,3600733
2016-08-25,93.16352081298828,95.10278785014418,92.85009857414708,94.61307512935241,4189737
2016-08-26,93.39856719970703,93.57486662301058,92.45830958672884,93.28103723982504,2902111
2016-08-29,92.96760559082031,93.82950980954664,92.75212953613874,93.39855770018347,2465332
2016-08-30,94.6914291381836,95.0048513793115,92.92845257011574,93.45735092071361,4245724
2016-08-31,93.83763885498047,95.7834866622848,93.38095305371553,94.9098347721945,9766926
2016-09-01,93.95677185058594,94.96940638963241,93.36110340536106,94.11561434553147,4602483
2016-09-02,94.81056213378906,95.36651994495188,93.38095243829372,94.11561259754082,4273123
2016-09-06,94.73114013671875,95.9820383850331,94.51272716736729,95.20766760892674,3884562
2016-09-07,97.27263641357422,97.80873425454863,94.63183964489521,94.98923517581913,17504218
2016-09-08,97.80874633789062,101.22391414591526,96.93510362074707,99.27806652518511,15232855
2016-09-09,101.2437744140625,102.25641802810814,98.0867389699217,98.0867389699217,17437126
2016-09-12,99.67517852783203,100.40983866428824,98.56326294000064,99.27807231016274,7995681
2016-09-14,98.56327056884766,100.31056532937008,97.37193364527234,99.29793076216694,8058135
2016-09-15,98.68242645263672,99.39722689701883,97.33223773638076,99.29794577531713,3706279
2016-09-16,99.39720916748047,100.46941418739418,98.48384664261201,99.03980446444952,12910044
2016-09-19,100.92607116699219,101.4621690275141,99.39718972823921,99.57589204480564,6271972
2016-09-20,102.35569763183594,103.40805194710109,100.56869218866608,101.06508864899973,12886207
2016-09-21,101.4026107788086,103.05062411642739,100.74737196089434,102.05784050754517,6438340
2016-09-22,103.05065155029297,103.70589054264316,102.4549830442219,102.81238778353658,8053006
2016-09-23,103.46761322021484,104.5795289287723,102.63368098338661,102.87194473985762,7589790
2016-09-26,99.09939575195312,103.44777813566263,98.54343781338464,103.05066272549057,13915599
2016-09-27,98.30514526367188,99.99286935712786,97.82860872870242,99.2383584787803,10949967
2016-09-28,99.93329620361328,100.23113039383996,97.451350677843,98.4838358718982,9666958
2016-09-29,99.33765411376953,102.45498855362048,98.5831430559546,101.66076686587742,14336461
2016-09-30,101.91888427734375,102.19685866985526,99.1192350479877,99.83404452137734,9438718
2016-10-03,103.34845733642578,104.02354691213169,100.23112392286241,102.0578395657071,6960220
2016-10-04,108.63004302978516,109.1661408616858,103.78527542362269,104.0433989583985,17825014
2016-10-05,105.88998413085938,109.3051520688721,105.492877921215,108.80876476222737,9426820
2016-10-06,106.88278198242188,108.59036617747746,105.63187453350123,106.82321149850004,9511054
2016-10-07,106.16798400878906,108.68964064267901,105.90986038795592,107.37917176954613,11598678
2016-10-10,106.00911712646484,107.22031380176817,104.6589378208902,106.98205007343569,7032378
2016-10-13,108.3123779296875,109.166169989575,105.33403564849371,106.58494304226683,14122951
2016-10-14,110.01996612548828,110.87375821700714,107.93512645141338,108.80877840049297,9532546
2016-10-17,110.575927734375,111.1914560911538,109.42430136457918,110.01996986312254,7432578
2016-10-18,109.8015365600586,111.58854172517263,109.06688554646468,110.87374147696268,7430623
2016-10-19,110.61561584472656,111.35027593383046,109.7618238980005,110.00009670242297,7137429
2016-10-20,111.72752380371094,112.44232399027344,110.41705528015007,111.54882148477593,6078450
2016-10-21,111.11199951171875,111.6083867396329,109.62282873879921,111.58852688771134,3639472
2016-10-24,116.09577178955078,116.61201896707422,110.5957733595515,111.21129254793644,15753549
2016-10-25,114.66619110107422,116.63189905207157,114.20951432220204,116.3539155594152,11650041
2016-10-26,115.2022933959961,116.29435845868012,113.69327125727736,114.56691421824388,6344125
2016-10-27,115.4802474975586,118.101184802346,112.81959048316743,115.95678403184132,24448257
2016-10-28,113.93148803710938,116.92968939611714,113.49467128142886,116.33402109464856,10070332
2016-11-01,114.82500457763672,115.28169033019161,111.90623317799611,115.28169033019161,11064357
2016-11-02,110.0993423461914,113.49465855518443,109.50367411151558,113.17696458840854,14774770
2016-11-03,108.00032043457031,110.60395546818476,107.7783039697888,110.46267058348069,10778124
2016-11-04,108.7874755859375,109.77645137683632,106.97098717674265,108.10124786323782,7203463
2016-11-07,107.85901641845703,110.60393584989761,107.51590264441889,110.20026878197342,4419261
2016-11-08,109.23149108886719,109.67552401924084,107.11225477098567,108.34343446725703,5654563
2016-11-09,108.94893646240234,109.39296941683969,100.9160236859184,101.80408035565546,7471795
2016-11-10,111.41131591796875,112.80395921477137,109.47372966287557,110.200323353643,5849239
2016-11-11,110.38192749023438,112.54152936903279,109.02965056714103,110.20027683443828,6617526
2016-11-15,111.24982452392578,115.62957308002653,108.7874742161856,109.09022228057282,12179968
2016-11-16,109.95809173583984,114.88279195068861,109.43332723504068,112.62227079005739,8986996
2016-11-17,110.30121612548828,112.21861440144251,109.07003633433119,109.49388178274539,5879166
2016-11-18,111.04798889160156,112.11770551922757,110.38194867801789,110.38194867801789,6513859
2016-11-21,111.43150329589844,112.2993726760202,110.05903828272209,111.2498525636548,7038115
2016-11-22,112.1782455444336,114.43876685975432,111.04798488677324,113.409425301965,8852827
2016-11-23,112.98558807373047,113.61126251662957,111.41129434922739,112.62228667911029,6432657
2016-11-24,111.91585540771484,113.71216536778493,111.04797707942623,113.02593771083802,7236183
2016-11-25,111.99659729003906,112.96539480023348,111.16909391403951,111.71403673906275,4391635
2016-11-28,114.6406021118164,115.246098265997,110.82598373178902,111.12873180887932,6170169
2016-11-29,114.96353149414062,116.1745237370717,113.55071029043359,114.74151501771826,6467512
2016-11-30,116.61857604980469,117.54699866263954,114.09567204515766,114.64061494928774,10633435
2016-12-01,117.93048095703125,120.53411661647702,117.46626964043575,119.0809293475088,12753523
2016-12-02,117.56716918945312,119.40383586980762,117.22405532919555,118.55614497720367,7668508
2016-12-05,119.24237823486328,119.74695529064022,116.73966199471957,116.73966199471957,5358345
2016-12-06,120.59465789794922,120.99831585507,119.74695770971873,120.00934000141645,6281910
2016-12-07,119.9286117553711,121.28088904729321,119.56531034468978,121.05887254511448,6324726
2016-12-08,122.43128204345703,122.87531488071936,120.31204616996794,120.31204616996794,7229704
2016-12-09,123.84414672851562,124.2478046578027,122.75425184116501,122.77443011806048,5012332
2016-12-12,125.7211685180664,126.99271398515273,125.13585995075076,125.13585995075076,7390621
2016-12-13,125.94319915771484,126.73034600027816,124.63128775344263,126.73034600027816,11867766
2016-12-14,123.23863983154297,125.72116821681175,122.75424111956906,125.19640371543476,14303529
2016-12-15,125.00469207763672,126.30651448689757,121.91666691625278,122.79463458255393,10011138
2016-12-16,122.12858581542969,125.91293719319548,121.58364291268705,125.76156313808484,6046045
2016-12-19,121.9469223022461,123.15791461602863,121.15978468959796,122.97627316027176,6134651
2016-12-20,121.00838470458984,121.9771728044121,119.5854653453327,121.94689615523163,4487663
2016-12-21,122.00745391845703,122.52212925595128,120.88728253173969,121.46251116981084,4699901
2016-12-22,118.01119232177734,121.64416911041046,117.52680280793646,121.64416911041046,5073928
2016-12-23,116.83047485351562,119.43411002508388,116.55800344653306,119.25245934071631,5637468
2016-12-26,114.43875122070312,116.70936136397106,113.92407589257454,116.25523933531747,4468708
2016-12-27,115.22589874267578,115.58919082471633,113.65160533642424,115.04424808208731,4972743
2016-12-28,114.98370361328125,116.31580240048172,114.59013485105926,114.74150887331959,4245082
2016-12-29,116.0130615234375,117.3148744996495,115.01398737131271,115.04426402546274,13079156
2016-12-30,115.8616714477539,117.07266353296008,115.19562210523597,116.67908556178624,3664012
2017-01-02,116.40663146972656,116.8607535690883,115.86168864614757,116.13416005793707,2690448
2017-01-03,116.5580062866211,117.31487645731343,115.74058280661824,117.10294911386445,4764310
2017-01-04,117.9506607055664,119.13137643870678,116.31582282589983,117.16351380375991,7507779
2017-01-05,120.88732147216797,121.25062291438371,118.253418353092,118.253418353092,6831388
2017-01-06,122.64326477050781,125.30744452022255,121.09924751684022,121.09924751684022,8399536
2017-01-09,119.88825988769531,124.09645706117789,119.34331694749805,123.49096079911882,4783989
2017-01-10,120.16072082519531,122.91573042390371,119.70659866845676,120.43319227141068,6865373
2017-01-11,119.6762924194336,121.09921185437717,119.46437434217042,120.2515210670512,3657809
2017-01-12,120.82675170898438,122.12856466179585,120.19097893981277,120.19097893981277,7180398
2017-01-13,121.88633728027344,123.49089786130091,121.12946733844255,122.91567855333643,7173268
2017-01-16,120.10017395019531,122.18913397470516,119.91852324390342,121.70473517097305,4070898
2017-01-17,117.9506607055664,120.88731170961927,116.86076570607578,120.49374287828539,4631529
2017-01-18,119.88825988769531,120.13045469686305,117.31490077394429,118.37451923254766,9444964
2017-01-19,121.61390686035156,121.97719901116203,119.19192223172928,119.79741838888485,11378619
2017-01-20,119.46439361572266,122.31022370559958,118.34422202969434,121.61390682075266,7834336
2017-01-23,121.03865814208984,122.18910619428475,119.46437393680675,119.46437393680675,5350419
2017-01-24,122.06800842285156,122.43130051248626,120.70564229866409,121.7955278067048,3600754
2017-01-25,124.06615447998047,124.55055323625366,122.2799427279148,122.2799427279148,11413512
2017-01-27,123.82398223876953,125.94321909860176,123.00655861146414,124.73222660726906,5089894
2017-01-30,122.21940612792969,124.39918680568118,121.58363329890861,123.82396728957197,4594038
2017-01-31,122.64326477050781,128.24410496816168,121.70474375442443,127.15420989268223,39669868
2017-02-01,121.2203140258789,124.12669707347548,120.79646861540664,122.91570490690499,11271144
2017-02-02,121.61390686035156,123.82396413831414,121.34142619832105,121.70472758826965,8549969
2017-02-03,121.67444610595703,123.0368124055142,121.43225134835752,122.12856820580942,4940894
2017-02-06,120.49371337890625,122.82487685601203,120.3423393671237,122.79460020582823,5926274
2017-02-07,118.38086700439453,122.17787167366494,117.98278813141354,121.25924105957723,10805646
2017-02-08,119.0545425415039,120.03441908830615,117.92157021310881,118.809578077201,7106853
2017-02-09,118.13589477539062,120.1568840217155,117.86030745652677,119.69756870867776,6092204
2017-02-10,118.59522247314453,119.69758120851154,118.2583986842447,118.80957337953073,6287846
2017-02-13,117.73784637451172,119.11579256094944,116.84983847887766,118.99331032444744,4083916
2017-02-14,119.85066986083984,120.15688005943413,117.49285693854014,118.1971366573895,7785934
2017-02-15,119.39141082763672,121.13681352008427,118.90147241003757,119.97320861018655,5793110
2017-02-16,118.87081146240234,120.21813456507596,118.65646056990671,120.06502945466318,3343438
2017-02-17,119.0545425415039,119.54448081490503,118.5033678244247,119.42199858275357,3230898
2017-02-20,119.605712890625,120.15688754451223,117.73782869388285,119.23825689150404,8954741
2017-02-21,120.1875,120.49371019108281,119.1157643312102,119.8812898089172,3280290
2017-02-22,119.78948211669922,121.56549825249425,119.48327179364507,121.2592879294401,5671343
2017-02-23,120.0344009399414,121.01427733859317,119.0239109964768,119.97315516072796,20504597
2017-02-27,119.23829650878906,121.25928648584596,118.68712167177233,120.64686584702855,7881156
2017-02-28,118.53400421142578,120.8305813686681,117.98282008680981,120.70809912257445,10367585
2017-03-01,118.71772003173828,120.46311288468763,118.442123325403,120.46311288468763,11243767
2017-03-02,118.01341247558594,119.36073552389752,117.67657937730957,119.29949908907979,6978509
2017-03-03,118.22777557373047,118.50336292086654,117.33976774638323,117.79908310654163,4294857
2017-03-06,118.68707275390625,119.26887025203062,118.19713457582496,118.50334476902658,3847930
2017-03-07,120.27940368652344,120.6162368899199,118.50338766104666,118.80959796508037,7768654
2017-03-08,118.16653442382812,120.76932156684106,117.76846483399132,120.64683933495245,6553289
2017-03-09,116.14556121826172,117.40102529739858,115.80873736941722,117.2785430482918,6323875
2017-03-10,117.33976745605469,117.86031925606927,115.3187780073992,116.17616293965553,7822853
2017-03-14,117.52346801757812,119.17701053114004,117.27850360175816,119.17701053114004,8850096
2017-03-15,116.78858184814453,118.16652790668402,116.66609962301108,117.15603786833964,4219974
2017-03-16,117.4622573852539,118.56461618815112,117.12542423092482,118.19716013892021,6732778
2017-03-17,116.35989379882812,117.82969924573737,116.02306065834617,117.58473478618421,7462534
2017-03-20,116.8804702758789,117.40102215685683,116.176181008961,116.3905319477613,5070076
2017-03-21,118.84017181396484,119.08513621816566,116.9722878613563,116.9722878613563,6715278
2017-03-22,117.89094543457031,118.74833039072185,116.9723146909243,117.89094543457031,4960436
2017-03-23,118.56460571289062,119.11578039324483,118.044044579938,118.53398282069435,4208188
2017-03-24,117.52346801757812,118.44209859409321,117.18664428202403,118.41148505071081,9289757
2017-03-27,115.68624114990234,117.58474864193542,115.44127666148347,117.46226639772598,4780041
2017-03-28,114.46139526367188,116.35990267684399,114.09394854630672,116.17617464576348,9790503
2017-03-29,114.49200439453125,115.19629353819874,114.15517126884635,115.07380196900807,9676087
2017-03-30,112.62411499023438,115.2881476377087,112.0729403330714,114.55324497989332,14882692
2017-03-31,113.29778289794922,114.09393134943423,112.80784467051271,113.23653711522174,8217678
2017-04-03,113.78772735595703,114.12456048981294,113.17530687432625,113.42027132906058,4802523
2017-04-05,114.06331634521484,114.33890369695567,113.14468560954867,114.12456213217727,6772865
2017-04-06,114.85945129394531,115.19628439288941,113.42025957336327,113.91019777684613,7216198
2017-04-07,114.15516662597656,115.4106304007615,113.69585129457677,114.98193796041392,8049423
2017-04-10,114.1858139038086,114.98196251722803,114.03270876064317,114.70637512848954,3953031
2017-04-11,115.04320526123047,115.38002909142406,114.43078470481146,114.89010012212572,7982429
2017-04-12,114.33889770507812,115.56373862177911,113.75710013860407,115.16566906176912,4050669
2017-04-13,113.17533874511719,114.70639038034659,112.8997513197354,114.52266231515955,3338347
2017-04-17,112.13420867919922,113.54276849645318,111.76675260395268,113.54276849645318,3070001
2017-04-18,110.81748962402344,112.93033851853929,110.54190226296404,112.28730445766584,3358340
2017-04-19,110.14380645751953,111.42988361801179,109.7457276131249,110.84808613982769,4198156
2017-04-20,109.68451690673828,112.31791761976814,109.31706086339696,110.9399714744312,9102962
2017-04-21,110.38880157470703,111.4911604080738,110.05196841106778,110.29694223225805,4117134
2017-04-24,111.1236801147461,111.58299541641476,110.54188260159121,110.54188260159121,4311732
2017-04-25,111.1543197631836,111.7361173640594,110.51127637493342,111.70549447037223,5784684
2017-04-26,110.29695892333984,111.3380721227603,110.1132308658428,111.21558986602798,4850265
2017-04-27,109.68451690673828,110.7256299031449,109.1945786305483,110.66438411432289,7471812
2017-04-28,114.24703216552734,114.61447881369213,109.86822051940959,110.23567651236846,10789077
2017-05-02,117.82972717285156,118.74835813109561,114.92072913841206,115.13508009992127,17143827
2017-05-03,117.0335693359375,119.2689005767359,116.75797261614943,118.77896227408539,6245067
2017-05-04,115.68624114990234,117.86033602760571,115.38003086698063,117.58474864193542,4432281
2017-05-05,112.5628890991211,115.50250935058708,111.61363546081085,115.44126356303344,8117137
2017-05-08,113.87956237792969,115.25750816741879,112.68534456266438,113.052800511112,5592129
2017-05-09,113.97147369384766,114.98196391308802,113.60401760787126,114.46140268208757,4713977
2017-05-10,115.10440826416016,115.4106184533943,113.66522598163564,114.49198788569184,4038348
2017-05-11,112.4404067993164,116.51299935964614,112.13419655132785,115.80871952719053,10796830
2017-05-12,113.20594024658203,114.15518460514316,112.68537905109073,113.1446944548316,6242350
2017-05-15,114.36953735351562,115.3187910719953,114.00208128675061,114.70637052391757,5766195
2017-05-16,113.38963317871094,114.82882485480867,113.05280943497178,114.79820196588865,6960470
2017-05-17,112.99158477783203,114.30828514437097,112.62412873169326,113.42027726846364,6074714
2017-05-18,110.7868423461914,112.93031366346273,110.54187793356346,112.93031366346273,4628258
2017-05-19,110.26630401611328,111.85859158103666,109.7151200036135,111.39927624301741,5853904
2017-05-22,108.49030303955078,111.21558212227335,108.1534791931887,110.87874893111473,5558525
2017-05-23,106.95922088623047,108.94958721905887,106.37742336559324,108.94958721905887,5162996
2017-05-24,106.37742614746094,107.9391001030166,105.887487937609,106.74488214104842,6540417
2017-05-25,106.65302276611328,107.57165348535558,106.25495319235958,107.05110168466189,8230189
2017-05-26,107.63289642333984,108.70463223409855,106.74488862052726,106.98985306792568,6460263
2017-05-29,107.63289642333984,108.58215001039935,104.84638144640824,106.86737084422647,6629243
2017-05-30,109.40892791748047,109.83762977987638,106.01000132845604,107.23484243291054,6532975
2017-05-31,108.39842224121094,109.34767583036128,107.32668642809163,109.34767583036128,10715866
2017-06-01,106.5611572265625,108.33717277575413,105.7037723431171,108.33717277575413,8676208
2017-06-02,106.5611572265625,107.4491650011583,106.0099825650325,107.11233188809248,4039371
2017-06-05,107.63289642333984,109.31705269738926,106.62240639682805,106.77551151265074,5836542
2017-06-06,104.99948120117188,107.78599603582973,104.78513965684077,107.78599603582973,6437174
2017-06-07,105.36695861816406,106.56117683441815,105.03012544311905,105.03012544311905,7404338
2017-06-08,104.44831085205078,105.15259063996442,103.49905727436251,104.87700330316319,5798852
2017-06-09,103.62154388427734,104.8770077437454,102.76415894575011,104.75452551606936,6859186
2017-06-12,103.19285583496094,104.41769685377352,102.97850491875057,103.80527634436723,4382264
2017-06-13,103.5603256225586,103.95839526858447,102.79479988420378,103.56032562255861,5988071
2017-06-14,103.80526733398438,104.14210045387952,102.97849598013217,103.62153932815116,5698882
2017-06-15,102.36609649658203,104.66267367803209,102.1517548998579,104.14212179044796,8396153
2017-06-16,102.36609649658203,102.82541193287204,101.56995721618318,101.96802685638261,9457498
2017-06-19,101.69243621826172,102.76417220206949,100.80442827206595,102.58044416445749,5175569
2017-06-20,103.5603256225586,104.32585136091342,101.53933580434256,102.27423864420386,6212122
2017-06-21,100.9269027709961,103.16223391349317,100.65131540812317,103.00912878469761,8411843
2017-06-22,98.26285552978516,101.14122966440438,98.01789109718553,100.92688812207822,8856235
2017-06-23,96.82367706298828,98.81404352918993,96.33373883311822,98.72217485464239,4803636
2017-06-27,97.95664978027344,98.50783379592983,95.04765262282515,97.3442293260738,7105195
2017-06-28,96.82367706298828,98.87527996742713,96.45622105438711,98.63031552488934,7419236
2017-06-29,96.67057037353516,98.56906813422533,96.30311437092709,97.8647883648199,8800016
2017-06-30,96.33373260498047,97.2523632222979,95.72131219343551,96.63994281075296,5746101
2017-07-03,97.43611145019531,97.68107592776983,95.47635825041594,96.39498905851408,6622621
2017-07-04,97.9260482788086,99.05903010447548,97.3748734875524,97.68108378153842,5371351
2017-07-05,99.7020492553711,100.13074169335627,97.95664726775267,98.23223459611498,5605189
2017-07-06,99.02838897705078,100.06950191599668,98.04852182354665,99.70205523773069,7115526
2017-07-07,97.74232482910156,99.21213043090016,97.43611454999385,98.90592015179244,5247930
2017-07-10,99.45709228515625,99.94703058772662,98.59970726425497,98.75281239975848,1376868
2017-07-11,98.14038848876953,100.0695093919722,97.98728335852184,99.5489575560074,7988251
2017-07-12,99.7326889038086,101.60056407922131,98.63033006034158,98.63033006034158,12966188
2017-07-13,97.3135986328125,100.49819221517865,97.12987998711688,100.49819221517865,9072801
2017-07-14,96.976806640625,98.01791980124948,96.54810474084124,97.68108659918946,7114944
2017-07-17,98.01789855957031,98.53845035467417,97.25237296842214,97.98727566696542,6649645
2017-07-18,99.02838897705078,99.2121169885812,97.61982001504406,98.29348627572396,5319994
2017-07-19,99.82453918457031,100.13074942746778,97.86479549898561,99.24274159202416,9814913
2017-07-20,101.56993865966797,102.79477959933332,99.27336189779541,99.33459833790182,16154989
2017-07-21,100.65130615234375,102.02925218478948,100.19199080819516,101.93738350908302,7090770
2017-07-24,99.97764587402344,101.04938174097316,99.02839223719467,101.04938174097316,10394896
2017-07-25,100.00826263427734,100.3144728631975,99.05900905566598,100.13074485688648,6521103
2017-07-26,100.43695831298828,100.80441433741717,100.0695022885594,100.59006343236784,9143178
2017-07-27,99.76329803466797,101.0493848525274,99.21212330975418,101.0493848525274,12361923
2017-07-28,100.89628601074219,101.35560142505511,98.14039352486455,98.96716500854625,10303502
2017-07-31,103.7440185546875,104.11147455574314,101.04937236292717,101.04937236292717,13899095
2017-08-01,102.5191650390625,104.29518969882513,102.15171842809974,104.26456681171328,6705176
2017-08-02,101.29434204101562,102.58042876645324,100.49820290552971,102.58042876645324,7743355
2017-08-03,101.4780502319336,102.1210934690632,99.9163764688454,101.04935785544484,6902925
2017-08-04,101.90674591064453,102.45792985095622,100.19197634912354,101.35557131512611,6316753
2017-08-07,101.60057067871094,102.30485995393798,101.11064168960958,101.66181647474684,3289743
2017-08-08,100.43695831298828,101.84552728023917,99.51832759671096,101.63117637518984,5981069
2017-08-09,101.4780502319336,101.78426040725313,99.51830697884719,100.31445530363656,5908883
2017-08-10,100.25324249267578,101.41684714834452,99.30398876812383,100.74318080323125,8412268
2017-08-11,97.77291107177734,99.21210271951487,97.06863136446363,98.93651541425271,5471462
2017-08-14,99.02838897705078,99.39584500011162,97.9872760381049,98.17100404963531,3892174
2017-08-16,98.56906127929688,99.05899946710373,97.68105357034341,99.02837657821699,6213088
2017-08-17,98.3547592163086,98.99779341701057,97.9873030917954,98.50786437738954,5184915
2017-08-18,98.53845977783203,98.99777517644492,97.68107477167294,98.04853082848153,5559512
2017-08-21,96.24188995361328,100.7738078310437,95.78257452078701,98.87530030410987,11137965
2017-08-22,97.65046691894531,98.23226464452028,96.45624856754468,96.76245888045752,5611720
2017-08-23,97.80355834960938,98.44660178544078,97.52797097562329,98.23225085856504,2344934
2017-08-24,97.65046691894531,98.23226464452028,97.40550240653391,98.23226464452028,3724532
2017-08-28,98.3547592163086,98.84468825592964,97.74233857198487,98.23226761160592,3680139
2017-08-29,96.3031005859375,97.98725655802862,96.14999549756558,97.98725655802862,7756416
2017-08-30,97.00740051269531,97.43610232549736,96.5480851516602,97.00740051269531,5219322
2017-08-31,96.11940002441406,98.38535410961536,95.568225286996,98.35474055904432,16715886
2017-09-01,97.95664978027344,98.23223711570436,96.33373931456221,96.76243176354305,6511029
2017-09-04,99.08963012695312,99.3958403502473,97.43609679012349,98.23223589485279,4859269
2017-09-05,99.7020492553711,100.22260102121227,98.84465503460646,99.82453147411053,5823055
2017-09-06,99.39586639404297,100.314497304626,99.15089254434272,99.45710284787039,3791076
2017-09-07,99.39586639404297,99.94704120247405,98.9671738380636,99.94704120247405,9101357
2017-09-08,99.12024688720703,100.00825461087396,97.58919586543857,99.45707063616102,10505052
2017-09-11,99.85517120361328,100.37572305723535,98.59970722403749,99.39585579729014,9449161
2017-09-12,99.39586639404297,100.13076925355003,98.90592803943932,99.88580474864663,10536298
2017-09-13,98.63031005859375,99.70204578868913,98.50782784411308,99.27335336560978,7006941
2017-09-14,97.58920288085938,99.51832356904929,96.9155366449357,98.90590311631668,15371676
2017-09-15,102.1211166381836,102.79478291464436,97.37485784390519,97.68106808869734,25453536
2017-09-18,101.171875,102.85603154594213,100.92691051305417,102.3048567779159,8383548
2017-09-19,101.60057067871094,101.99864966335139,100.28387016710721,100.31449306512516,7052113
2017-09-20,102.70291900634766,104.66266279511652,100.74317521757877,102.27422651267875,12062311
2017-09-21,102.08756256103516,103.50288332098289,100.76455084018998,103.19520530315025,7198883
2017-09-22,101.1952896118164,101.7183459536426,100.48763398660418,101.7183459536426,10308999
2017-09-25,101.4106674194336,101.71834540954742,99.10308249357992,100.85684140347645,8935570
2017-09-26,105.47200775146484,106.14890306306403,102.21062867626912,102.21062867626912,19866213
2017-09-27,104.73359680175781,106.48736528284024,104.39514909966968,105.87200923889385,7437060
2017-09-28,105.56431579589844,106.67195839111315,102.61060533852141,104.14899522365666,14120709
2017-09-29,105.19512176513672,107.28733810603467,104.61053535723462,105.71817819775839,6418518
2017-10-03,105.01048278808594,107.10269852584771,104.61050520050665,107.07192885228329,5604933
2017-10-04,105.90277862548828,106.33352597713927,104.67206654100656,105.0720442126279,5087199
2017-10-05,105.34892272949219,106.27195653154308,105.10278413811277,106.27195653154308,3767993
2017-10-06,106.9796371459961,107.50268407699318,105.53354688761966,105.71815555309553,6144349
2017-10-09,105.04127502441406,106.73350414849966,104.85666633295983,106.70273446832594,2981922
2017-10-10,104.82588958740234,105.93352278308159,104.05669465174365,105.22586719811022,3112910
2017-10-11,104.08745574951172,105.9335236094942,103.37980015901977,105.47200664449858,4202871
2017-10-12,104.42591094970703,104.97973698148458,103.22596863190343,104.42591094970703,4877955
2017-10-13,104.39513397216797,104.82589065218158,103.56440906697037,104.08745599477922,5190805
2017-10-16,105.87201690673828,106.39506394822186,104.64130472971043,104.8874434092805,5054731
2017-10-17,105.34892272949219,105.84120930183641,104.61049756576854,105.31815305817341,6819547
2017-10-18,107.34883117675781,107.65650911615212,104.91817733345988,105.22585527285419,7869107
2017-10-19,105.87201690673828,107.99499353419357,105.41049984035283,107.6873154899366,1215089
2017-10-23,105.65663146972656,106.70273487247867,104.9489757709911,106.39505684875228,4126469
2017-10-24,108.30268096923828,109.07187614657661,105.25666994489636,105.53357833082025,10817861
2017-10-25,108.82572174072266,109.71798613975207,108.02575699381799,109.50260776534336,6103342
2017-10-26,109.13340759277344,110.76409749449573,108.24113374017445,108.57958147154763,15326252
2017-10-27,113.22554016113281,113.77935698217176,109.04111614682505,109.47186360647649,9866477
2017-10-30,114.825439453125,117.74838060833467,114.4562220776844,115.68693414303584,16606395
2017-10-31,117.59454345703125,118.14836013934922,113.59472918148036,114.70236254611632,10698129
2017-11-01,117.53301239013672,118.88679390100589,116.97919566874118,118.14836847594896,5341109
2017-11-02,115.68692016601562,118.27141331308373,115.41001186268454,117.53298804100524,4024181
2017-11-03,119.97047424316406,120.31440071828133,116.3122621804264,117.03139331802737,7942915
2017-11-06,124.59794616699219,125.34834594193642,119.50147188455568,120.59580767272249,16363370
2017-11-07,121.18985748291016,128.50627100396295,120.62705057092177,126.63026704770073,20559837
2017-11-08,120.4082260131836,122.37802695328583,119.43895509747755,121.94029447124672,6275377
2017-11-09,118.5634765625,121.94028051383488,116.21847116800318,121.28367709500549,7527346
2017-11-10,119.50148010253906,120.47074137666117,117.78180946001712,118.81360802878969,6035746
2017-11-13,115.1866683959961,119.00121449751768,114.78020459222738,118.78234350050263,6894203
2017-11-14,113.81089782714844,115.74943891457016,113.40443415164815,115.62436436040194,4663077
2017-11-15,111.02820587158203,113.43573934815086,109.93386987081819,112.93547909556955,7701984
2017-11-16,112.02872467041016,114.21739645218535,110.74679597456606,114.12360004970711,7245718
2017-11-17,111.0594482421875,114.74891921210352,110.80930863323614,114.06104721480033,6851616
2017-11-20,112.5602798461914,112.84167863743626,111.12200769534167,111.74734258337607,4004561
2017-11-21,113.12303161621094,113.81090353121624,111.43463001065615,113.12303161621094,5170506
2017-11-22,113.37315368652344,114.27988685856381,112.560216878476,113.31061641596294,3217008
2017-11-23,113.6233139038086,114.27991725192985,112.87291416674877,113.74837893634351,3511238
2017-11-24,113.18557739257812,114.18611670008124,112.81037276680195,114.12357941516855,2358579
2017-11-27,115.09288024902344,115.34301037053977,113.52954313491514,114.02981291980029,6930971
2017-11-28,113.3419189453125,114.87398711372039,112.5602505387931,114.62385704037445,10710188
2017-11-29,114.09232330322266,115.21792776232384,113.18558982350402,113.18558982350402,5407391
2017-11-30,112.9666976928711,113.81090326459544,112.2162980412546,113.18556863127348,9645385
2017-12-01,112.34140014648438,114.49881297714487,111.9349363173801,113.81094083666581,3451636
2017-12-04,113.56078338623047,114.93651779423092,113.09178236928598,113.34191242824966,6347567
2017-12-05,111.55970001220703,112.9979716448291,110.87183760832671,112.62277657230793,4550575
2017-12-06,109.96511840820312,112.05998407280767,109.68371014028303,111.55971436987865,4194219
2017-12-07,110.71553039550781,110.9031327475164,109.65246312326181,109.77752817731687,4373514
2017-12-08,112.71659851074219,113.435729719174,110.96565914977776,110.99692779837304,4832733
2017-12-11,111.87239074707031,113.77966377572922,111.12199090319598,113.77966377572922,2310668
2017-12-12,114.62388610839844,115.18668368707469,112.68534415188587,112.81040922027469,6983526
2017-12-13,114.99905395507812,116.93759545040811,114.49879380053564,114.8739889164425,11488267
2017-12-14,115.28044128417969,116.74997191951768,114.0610311388398,116.28097095341744,5885128
2017-12-15,114.43624877929688,116.37479014366437,113.99851640271878,115.78071455204034,7297568
2017-12-18,114.46752166748047,114.99905045094839,110.68424472746537,114.43625302331165,4785160
2017-12-19,115.81200408935547,116.31227384220846,114.43626942539863,114.46753807404919,4240135
2017-12-20,117.56292724609375,119.50146869295574,117.25025988639669,119.25132908008774,8877376
2017-12-21,117.56292724609375,118.56346661386456,117.00012981537927,118.12572467680822,3893100
2017-12-22,120.93971252441406,121.18985209924672,117.40657571381391,118.00064169853663,8914713
2017-12-26,121.12732696533203,123.28472972714411,120.50199227832273,121.84646758050278,11345494
2017-12-27,120.43949127197266,122.56562586306038,119.65782273968273,122.12789339334846,7260402
2017-12-28,120.6895980834961,121.56506285389011,120.09553202202513,120.78339447252033,12772109
2017-12-29,122.06533813476562,122.50307054007475,120.37693626180143,121.31493836254275,5899591
2018-01-01,120.28312683105469,122.37799223720532,120.06425588119802,122.06532490418137,5899565
2018-01-02,123.09716033935547,123.50362414638762,121.94028713187639,122.40928823622976,12878378
2018-01-03,120.97102355957031,123.44109428287915,120.6896247883824,123.44109428287915,8032715
2018-01-04,124.75428771972656,125.0669551074953,122.06534627654513,122.12788357083944,12740860
2018-01-05,124.09769439697266,125.66103146305157,122.7532283368857,125.66103146305157,6812787
2018-01-08,123.44105529785156,125.004391912778,123.00332295404205,123.8162599021737,4858711
2018-01-09,123.1909408569336,124.44161030725779,122.87827349435254,124.12894294467674,4598757
2018-01-10,123.7537612915039,125.06696827513379,123.3472974613507,124.00390095316564,7673209
2018-01-11,123.7537612915039,124.8793659143506,123.19096375100679,123.81629859238245,5701402
2018-01-12,125.53594970703125,126.28634949055864,123.59740818622214,124.37907661528212,9291346
2018-01-15,122.94078826904297,125.28579305895211,122.56558368591794,124.75425482316648,4500523
2018-01-16,123.31600952148438,123.97261291059162,121.94027499402455,123.56614914401858,5778244
2018-01-17,122.37799072265625,124.22272605629719,121.377460994472,122.75319533438137,6306388
2018-01-18,121.3774642944336,123.50359837374802,120.84592600368002,122.81572641416693,6247782
2018-01-19,121.12732696533203,122.65939504013481,120.06425990578623,121.4087256661162,5046015
2018-01-22,125.50467681884766,128.7876841099184,123.81627497752427,123.81627497752427,23165754
2018-01-23,129.66314697265625,130.5073430476934,125.31706340508615,126.31760268866698,15755015
2018-01-24,131.85177612304688,132.57090694302744,130.06956907617786,130.81996852786338,16132441
2018-01-25,130.38230895996094,133.10251922262898,129.50684403548377,132.8211109223273,10247173
2018-01-29,128.28741455078125,130.35102104415174,127.72461711706687,130.06962232729452,7620080
2018-01-30,128.06854248046875,130.0696115185378,127.25560550010792,127.47447645161462,7323876
2018-01-31,127.2243423461914,127.94348297369893,124.31653981845517,126.94294364057988,11990243
2018-02-01,121.87774658203125,129.4755699949056,121.31494908856722,127.59956562755663,10015459
2018-02-02,120.50199127197266,123.6599333233667,117.56292017594407,121.31492826666569,12239774
2018-02-05,118.03193664550781,120.34567336277135,117.5629355727442,120.31440471621686,7607002
2018-02-06,115.96829986572266,116.93757040579823,112.62276547494412,113.8108974002956,5935676
2018-02-07,118.81360626220703,119.75160841690865,116.93760195280376,117.59420536946517,8644010
2018-02-08,118.00065612792969,119.81413248528825,117.56292374575703,118.81359314730764,4540513
2018-02-09,117.1564712524414,118.93866959560796,115.43680066024403,117.18773035700039,7314145
2018-02-12,119.43895721435547,121.62762920519444,119.032493375655,120.06429206888089,14960914
2018-02-14,116.15593719482422,120.06427963072005,115.2492036580667,119.43894484097672,4960527
2018-02-15,117.75051879882812,118.18825115399147,115.68691250522976,117.00011911256954,5046557
2018-02-16,116.87506866455078,118.37587788861897,116.62493856479858,117.31281065189462,4167034
2018-02-19,115.87451934814453,117.18771646503949,113.71711658750633,117.18771646503949,4265576
2018-02-20,116.93761444091797,117.87561669579165,115.56187970880706,116.18721454538951,5328584
2018-02-21,118.90740203857422,119.31387536192825,115.49932946936643,117.56293610727937,4651807
2018-02-22,116.37482452392578,117.81308710874819,115.84328606128932,117.25028953571794,8629189
2018-02-23,118.68853759765625,119.34514099429701,116.62493101186432,116.96886703313815,4880302
2018-02-26,119.032470703125,120.03300055467969,118.5009323612813,119.032470703125,2721955
2018-02-27,117.87559509277344,121.53380703308251,116.3747955767675,119.43893189771738,6611097
2018-02-28,117.75051879882812,118.93865084025005,116.49984947444726,117.37531418477397,6147245
2018-03-01,118.62599182128906,118.93865917429291,117.1564609872812,117.50038744210514,3450224
2018-03-05,116.03086853027344,118.43840167066693,115.18666277368072,118.18827157930313,5082390
2018-03-06,115.93707275390625,116.87507499153284,115.37427522807116,116.62494487823996,2906142
2018-03-07,113.49825286865234,115.84325809321128,111.80985101534006,115.68692441157403,4482279
2018-03-08,112.654052734375,114.24865827419316,112.18505166630209,113.810925852362,3288627
2018-03-09,112.49771881103516,114.40499172560169,112.24758872532364,112.74785843859782,2053847
2018-03-12,114.96778869628906,115.24918740361548,111.93491157704248,113.12304369324305,4161129
2018-03-13,116.23397064208984,116.61381441067965,114.9361493642416,115.47426378476231,2457755
2018-03-14,114.33470916748047,116.55049802995046,113.79658515113721,115.72748880616133,4846612
2018-03-15,114.1447982788086,114.84118336452491,113.16351828613081,114.65126630664946,5145739
2018-03-16,112.15059661865234,114.23977146397733,111.4858675106595,114.14481292285704,8194541
2018-03-19,111.96067810058594,112.9419485464961,111.51751248750685,112.49879259349228,5782668
2018-03-20,110.21968841552734,112.53043612308278,109.9031471043513,111.67577071887779,3020586
2018-03-21,111.13763427734375,112.24552864706365,109.93477173703309,111.23259278786226,4055822
2018-03-22,113.25847625732422,115.03110951600081,111.77073790420613,112.05562314969052,8348549
2018-03-23,112.30885314941406,113.66998658119083,111.51749987282554,111.54915593590391,6884971
2018-03-26,113.25847625732422,113.60667362850474,111.4225405330256,113.60667362850474,4169998
2018-03-27,113.70162963867188,114.65125346195676,112.21388178482967,114.30305612807102,3823981
2018-03-28,112.56207275390625,113.32176983756254,111.48583441372044,113.00522858103304,6229049
2018-04-02,113.92318725585938,114.52461366354204,112.94190750644461,113.3850729584893,2235832
2018-04-03,112.37214660644531,113.4483849517883,111.67575197471437,112.49876117764933,3552271
2018-04-04,111.04267120361328,113.00523089837037,110.59951536739892,113.00523089837037,3353172
2018-04-05,112.34050750732422,112.62539275055711,111.07434228400116,111.73908095826057,5375271
2018-04-06,112.02393341064453,113.5433370299276,111.6757361441377,113.5433370299276,3633964
2018-04-09,112.94192504882812,113.41673696970616,111.61245746641356,112.11892544736479,4046065
2018-04-10,114.08147430419922,114.33471312185513,112.81530919613913,113.57500632896055,5180326
2018-04-11,115.31599426269531,117.37351275795668,114.17645328568673,114.90449442767267,11607043
2018-04-12,115.0627670288086,116.48720293425464,114.58795506032658,115.94907883927867,4277125
2018-04-13,115.53758239746094,116.17066504073469,114.65127056090748,115.09442647918421,3050131
2018-04-16,114.90447998046875,115.44260399867639,113.8282416041263,115.34763582248353,2308502
2018-04-17,114.46134948730469,115.28435889621059,113.51172547550748,115.06277609609458,2721706
2018-04-18,115.2843246459961,115.82243896343263,114.58793004687574,114.61958610321251,3279393
2018-04-19,116.4555435180664,117.91163544483622,115.0627637159677,116.01238762559055,5004280
2018-04-20,115.44258880615234,117.12025343730676,114.65123574238676,117.12025343730676,1618027
2018-04-23,114.6196060180664,116.32892709644844,113.57501393789076,116.10734432366378,3930421
2018-04-24,115.63253021240234,115.88576904228486,114.90448910414658,115.28434251893353,4080212
2018-04-25,113.606689453125,115.5059375676718,113.13187742448831,114.96782306459548,3629856
2018-04-26,114.46134948730469,115.09443216183615,112.24556012644454,113.6066840126572,6742459
2018-04-27,114.39803314208984,115.85412517189359,113.66999195722528,114.55630380489296,4687951
2018-04-30,114.30304718017578,115.18935881516335,112.87861155675644,113.00522612460148,3335191
2018-05-02,113.98651123046875,114.90447896511768,113.48004327546747,114.90447896511768,4157973
2018-05-03,114.6512451171875,115.44259824566043,113.7649238172544,113.92319444294898,2796713
2018-05-04,114.11315155029297,117.21525277695058,113.66999561220975,115.09443162323976,5325720
2018-05-07,116.42387390136719,116.80372728502242,114.46132384600944,114.74620905371442,4799480
2018-05-08,115.91742706298828,117.84832125058641,113.60666979410841,117.02532160475879,5730645
2018-05-09,115.75917053222656,117.59510641847152,115.34766099905102,116.74044094655493,3075560
2018-05-10,119.17779541015625,119.87419011057966,116.17065316209121,116.77207967968951,10328901
2018-05-11,118.70297241210938,119.65259619140626,117.94327532068641,119.36771098963172,4926216
2018-05-14,118.54473114013672,119.33608448553149,117.02533658100877,118.70300180921568,3255344
2018-05-15,119.65258026123047,121.55182756696428,116.61378264004209,119.65258026123045,5877427
2018-05-16,117.87996673583984,119.62094371670236,111.29591219951624,119.62094371670236,8348946
2018-05-17,119.39938354492188,119.90584190246564,117.0886262333141,117.72170884031777,4519306
2018-05-18,117.15193939208984,121.39359096443873,116.86705414843843,119.65261377981184,4488003
2018-05-21,117.5950927734375,119.4310284466514,117.24689541194553,118.03824866075735,3380355
2018-05-22,117.24691009521484,119.336084865728,116.48721281323051,117.87999277354761,3796268
2018-05-23,111.04267120361328,117.3418500657823,110.3462862210115,116.42387267496424,5590802
2018-05-24,106.16793823242188,111.48583727462693,98.22275055763048,111.16929600997447,34819270
2018-05-25,111.0743408203125,111.54915277280179,103.09750581453682,105.09171215096225,12361678
2018-05-28,111.16929626464844,113.19515843105064,109.96643366016983,110.78944288216618,8087040
2018-05-29,111.13763427734375,112.30883110071856,109.68154260226888,111.54913403635366,11015160
2018-05-30,110.15635681152344,113.00522810837317,109.33334761597457,111.04266846206991,12554659
2018-05-31,112.6253890991211,114.17644917546404,110.82110951042682,112.49877451290858,23822373
2018-06-01,109.6499252319336,111.42255878091788,108.0039159550791,111.42255878091788,9847581
2018-06-04,108.32044219970703,111.04268978925955,107.87727662924561,111.04268978925955,5294603
2018-06-05,108.38372802734375,109.08012267966316,107.11756295772507,107.94057218499178,5918946
2018-06-06,107.81396484375,109.0484739374422,107.4974235551072,108.4153913601566,3331408
2018-06-07,109.30170440673828,109.99809911407988,107.68735154348262,107.68735154348262,5086661
2018-06-08,109.9664306640625,110.72612774825578,108.95350443849564,110.15635735012896,4323567
2018-06-11,109.71320343017578,110.34628595468912,109.20673547855058,110.18801532356079,3192749
2018-06-12,108.51034545898438,111.16929990324273,108.13050172414255,109.42832288668329,4564556
2018-06-13,107.6240234375,108.89018841911765,106.73771181439652,108.1304913621615,5321172
2018-06-14,106.6744155883789,108.13050746611039,105.72479171073756,107.30749817347315,4188442
2018-06-15,104.7435302734375,106.5478198236903,104.17375971023942,105.34495690349665,7589493
2018-06-18,104.20538330078125,105.9780065716475,103.35071806227107,104.39530032260812,4390244
2018-06-19,104.33201599121094,105.59818121037594,103.50900666673888,104.71185976091604,4413184
2018-06-20,103.0341796875,104.45861535138249,102.6543263131023,104.45861535138249,5768211
2018-06-21,101.10328674316406,103.63561707942402,100.18531892828456,103.63561707942402,12638114
2018-06-22,101.00833129882812,101.70471636648477,100.43855115975569,101.70471636648477,5371207
2018-06-25,99.17236328125,101.73634917073883,98.82417565705774,101.51477610625936,5899032
2018-06-26,100.21698760986328,100.59683141209197,98.79255161633732,99.01412475261868,5960446
2018-06-27,98.91915893554688,100.56517760426402,97.77960829259456,100.24863629567028,7034207
2018-06-28,97.17816162109375,100.4068861643902,96.10192332668564,98.9507945142747,17670403
2018-06-29,100.2802734375,100.88170959634425,97.58967256293245,98.22275512165422,7079407
2018-07-02,98.44434356689453,100.02705005510828,97.17817837632354,99.93209152984495,9196529
2018-07-03,99.83712005615234,102.30614789248717,97.93787233285177,98.15945509793288,12087830
2018-07-04,98.76091003417969,100.0270755474384,98.15948334739704,99.90046092812779,5194030
2018-07-05,99.01409912109375,99.77380584903746,97.62131955331748,98.76086998516072,6807718
2018-07-06,98.41268157958984,99.615544234251,98.2860670001711,99.33064935546732,3633191
2018-07-09,99.64720153808594,100.28028416452887,98.25442169192637,98.76088972509555,4379183
2018-07-10,99.99539947509766,101.16660620461113,99.61555569314751,100.34359685360768,5276248
2018-07-11,100.0903549194336,100.5018547124949,99.07741897641229,100.02704280046736,6653936
2018-07-12,100.62850189208984,101.41985533518599,97.96955625530207,101.04001147854557,8165181
2018-07-13,97.55802917480469,100.69178600520618,97.24148788567173,100.69178600520618,3523600
2018-07-16,97.36808776855469,98.85582580681489,96.89327590654295,98.57094062162227,3680440
2018-07-17,98.85584259033203,99.29900813150692,96.51343893873397,97.0199069428812,3952416
2018-07-18,101.48313903808594,104.33201063495008,99.29900607917148,99.33065247996672,16571981
2018-07-19,102.4011001586914,104.58523297503842,101.79967368173686,103.00252663564596,8472466
2018-07-20,99.99539947509766,102.55938605857693,99.1407437206541,102.40111540107914,5475594
2018-07-23,99.10907745361328,100.50185716418895,98.00118296518914,100.05870130083396,4553137
2018-07-24,99.52059936523438,100.15368207068761,98.66594350891778,99.52059936523438,3943002
2018-07-25,100.69178009033203,101.76801847814856,99.55222958437861,99.86877085491717,4063454
2018-07-26,102.90756225585938,103.82552994838859,100.1536495181994,100.7867320178847,8778489
2018-07-27,102.11621856689453,103.06584240416868,101.38816782894042,102.87591570469921,3542015
2018-07-30,103.88884735107422,105.37658550502782,102.02124615387044,102.21117284545912,9599714
2018-07-31,104.90176391601562,105.56650244513581,103.19244316975795,104.96507602738781,6815180
2018-08-01,105.85140228271484,106.83268218442346,104.55358110045978,104.61689322059839,4618179
2018-08-02,105.34491729736328,108.13048591257773,104.61687633365398,107.24416467407107,7825776
2018-08-03,105.59819030761719,108.25713556491596,105.21833684511387,107.87728210241264,12172870
2018-08-06,107.14923095703125,107.43411619742807,105.59818050591619,105.7881072195387,5159560
2018-08-07,106.0729751586914,107.62402535681933,105.43989265659246,107.62402535681933,4300164
2018-08-08,109.20675659179688,109.45998578653064,106.10465548597277,106.10465548597277,7991348
2018-08-09,106.92765808105469,109.45998873694775,106.57947034392926,109.23841560060201,4437178
2018-08-10,107.14923095703125,108.19381339184422,106.45283622710663,107.24418948380554,4341382
2018-08-13,105.12337493896484,106.92765467781808,104.77517755284681,106.92765467781808,3731211
2018-08-14,105.2499771118164,105.72478903863663,104.36366537911466,105.31328923275511,3791016
2018-08-16,104.11042785644531,105.47156119305,103.73058410628646,105.02839566108774,4184404
2018-08-17,103.22412109375,104.45863024646617,102.87592372758031,104.142088942689,4754545
2018-08-20,106.80101013183594,107.56070715937474,103.82552447226703,103.82552447226703,9674107
2018-08-21,107.75067138671875,108.41541014003033,105.59819411512194,107.4974421759692,5181397
2018-08-23,108.82689666748047,109.20675009706507,106.92764883970543,108.25712618317755,6635245
2018-08-24,110.63116455078125,111.73905890250582,108.13049066033166,108.25710522565718,9867693
2018-08-27,111.45418548583984,111.99229986031996,110.78944687258968,111.07433208967599,3612496
2018-08-28,110.53623962402344,113.00525820824069,109.68157414329242,111.54916611443882,5439278
2018-08-29,112.05561065673828,113.13184905306522,110.21967513712602,110.78944556457174,6288920
2018-08-30,112.34050750732422,115.15772319720324,111.51749818014943,111.99231013889558,11296260
2018-08-31,113.98651123046875,114.74620833293432,112.53041948236731,113.16350201110075,8916222
2018-09-03,112.24553680419922,114.42966964550124,111.83402735521172,114.42966964550124,3168480
2018-09-04,110.37792205810547,112.78362748827922,109.90311025055996,112.53039838828334,2874936
2018-09-05,109.9664306640625,110.78943986363545,108.09883918123288,110.25131586312591,3735722
2018-09-06,110.4729232788086,111.51750579535198,108.00390478875622,110.15638195136215,6809374
2018-09-07,108.82689666748047,110.78945662021094,108.32043830813298,110.78945662021094,5309239
2018-09-10,106.76939392089844,108.44706887869916,106.42120616255669,107.94060078464469,5569685
2018-09-11,106.23127746582031,107.62405745379556,105.97803859341329,106.80104802360442,8750333
2018-09-12,106.6744155883789,108.13050746611039,105.21832371064744,105.21832371064744,5610743
2018-09-14,109.23838806152344,109.71319993980296,106.61108987233331,107.30748449117223,4720460
2018-09-17,108.7002944946289,109.87150131957502,108.0355557469588,108.3204506817282,4012086
2018-09-18,110.09307861328125,110.53624423515483,108.73195466059941,109.11180814789806,6426239
2018-09-19,112.93231964111328,114.01697839110086,110.53968575041172,110.53968575041172,10038603
2018-09-21,115.10163879394531,115.83538570568838,112.74090860168354,113.12373392395403,9298030
2018-09-24,115.22923278808594,118.29179586717544,114.39978456431145,115.48444313279319,13799885
2018-09-25,116.31391143798828,117.81328950939734,114.46360204463045,116.09059504607625,8363857
2018-09-26,115.22923278808594,117.90898035011455,114.17646821095464,117.90898035011455,6680285
2018-09-27,112.16669464111328,115.96300567196434,111.6881677951492,115.54828629972357,7853039
2018-09-28,113.05989837646484,115.48443543211437,109.96543177671805,112.93229321262012,8598293
2018-10-01,114.20838165283203,115.54826041564539,111.43292267371214,114.39979429546986,4582462
2018-10-03,115.7715835571289,117.07955877669669,113.5065547235827,113.5065547235827,8893914
2018-10-04,109.99732208251953,116.47338858901551,104.22310829279182,115.16541379819418,7866152
2018-10-05,93.8231430053711,102.11760634271981,92.89799327256628,102.11760634271981,35255036
2018-10-08,95.57774353027344,96.24768291840708,92.32375777971089,95.0673130566644,11709162
2018-10-09,93.56793212890625,96.91761957603633,92.80229123097838,96.02437348439587,6818577
2018-10-10,94.8121109008789,96.63050684258884,93.21702161745667,93.21702161745667,10873198
2018-10-11,97.58753967285156,101.83048210641486,93.21700180651455,93.21700180651455,15633772
2018-10-12,100.42683410644531,101.03297592356235,98.28941995226992,98.70413934073044,6089606
2018-10-15,102.1814193725586,102.65994617524429,99.94829429335866,101.41577843539201,4679911
2018-10-16,105.65870666503906,106.67955785525,102.78754626365921,103.32987072030683,8912396
2018-10-17,103.42559814453125,106.74338207094421,102.43664079278675,106.29675899663621,5347724
2018-10-19,102.37281799316406,104.47833758319226,100.17159694999197,103.6807930214885,7258192
2018-10-22,99.50167083740234,103.23418377808545,99.05504777043109,102.72375324341003,5476435
2018-10-23,99.15074157714844,100.42681294743684,96.27958099399952,99.11884758141277,8239765
2018-10-24,100.65013122558594,101.89429888790015,98.00228697666972,100.77773641788573,8342857
2018-10-25,99.11885833740234,103.87222276041273,97.65137415519466,100.17161343787036,32100452
2018-10-26,96.85380554199219,100.04398352601267,95.48202316747302,99.53355310143928,9427229
2018-10-29,98.83172607421875,99.37406031369076,96.08818035167229,97.30044428788341,5954637
2018-10-30,97.58753967285156,98.89551455441094,97.0452152731369,98.89551455441094,4156028
2018-10-31,97.77898406982422,98.89554669378632,96.5986139730886,98.25751090866513,7562821
2018-11-01,98.4169921875,99.4059493235483,97.84276403658201,99.21453669469206,5220182
2018-11-02,100.3949203491211,101.09675377115752,98.95934003756446,99.2145504209137,7789972
2018-11-05,98.8636245727539,105.27588496793093,98.38509782289967,105.27588496793093,15261029
2018-11-06,99.56546783447266,100.93724062497832,98.129887582973,99.50166037347867,7749980
2018-11-07,100.17159271240234,100.71392688567892,99.91638235771393,100.52251425183712,491522
2018-11-09,99.78877258300781,100.80963352562921,98.99122801397594,100.80963352562921,6478458
2018-11-12,99.56546783447266,101.06484581131461,99.11884481446975,100.13969604081184,4686739
2018-11-13,99.85257720947266,100.8096306651545,99.34214675264543,99.56546311989834,5499454
2018-11-14,102.72376251220703,104.57406241474933,100.33112829220221,100.61824245147207,15008061
2018-11-15,101.35195922851562,103.36176747969385,100.87343252722076,102.9789422243977,3468318
2018-11-16,99.75688934326172,100.8096443936176,97.49186057589488,100.8096443936176,7515249
2018-11-19,98.6083984375,99.8525658411058,97.68324881613415,99.53354805886585,4614296
2018-11-20,97.68326568603516,99.40596006051022,97.39614184391283,98.60841546717438,5480470
2018-11-21,96.82193756103516,99.21457193239517,96.5348233836028,98.89555401621384,4573137
2018-11-22,97.14093780517578,98.44891297070107,96.75811248114071,97.30044673424831,4477092
2018-11-26,93.53604125976562,98.00229133860964,92.57898767144191,97.61946600901913,8093330
2018-11-27,93.21702575683594,94.33358830481339,92.03665574042722,94.04646443252551,9231112
2018-11-28,91.11149597167969,94.55688470859943,90.63296921734907,93.66363866144297,14201939
2018-11-29,89.70781707763672,91.81332695273674,87.8256041049693,91.81332695273674,28991042
2018-11-30,89.51640319824219,91.68572050322456,88.36793708680685,90.34585148625946,23675557
2018-12-03,90.92008209228516,91.23909992418791,89.45259811840216,89.9311248662563,8371191
2018-12-04,93.24890899658203,94.39737514626806,90.85627524125763,90.98389016339627,9753442
2018-12-05,91.68572235107422,94.49308509512414,90.8562740463401,93.12130258538848,9774733
2018-12-06,89.42069244384766,90.9838875747046,88.3679375157188,90.9838875747046,5771659
2018-12-07,88.94216918945312,90.25014427016751,88.08082686970349,89.45259967651872,10571838
2018-12-10,87.47469329833984,90.1225374057344,86.23051596687215,88.36793933234843,33096556
2018-12-11,88.11272430419922,88.65504874773578,85.97530105169625,86.7728455883539,14884397
2018-12-12,90.40966033935547,90.92009086679077,88.59126436341118,89.00598369064781,14020937
2018-12-13,91.43052673339844,92.0047550255129,90.28206041351636,91.2391140574759,11251819
2018-12-14,93.69554901123047,95.96056801988415,89.70782577676633,91.23910760453958,23355616
2018-12-17,94.58879089355469,95.64154588613614,93.21701805647557,94.42928197130585,12767531
2018-12-18,94.174072265625,95.03541461055721,93.34462391684978,94.36547518517523,10474177
2018-12-19,94.58879089355469,94.9397124696325,93.98265893613953,94.1102641268082,7008346
2018-12-20,94.8121109008789,96.18388379036108,94.04646025631433,94.3973818457977,21204077
2018-12-21,94.74830627441406,95.2587368075347,94.17407800943626,95.06732414065789,17767999
2018-12-24,94.365478515625,95.5139447517196,93.98266292736173,94.74830383954067,8200455
2018-12-26,93.53604125976562,95.35443723618916,92.99370699878784,94.49309484808934,9247671
2018-12-27,95.51392364501953,96.59858217555583,93.1531939642875,94.01454588492972,44356763
2018-12-28,96.02438354492188,96.66241931598448,94.42929411726536,94.55689932434723,10732729
2018-12-31,95.64154815673828,96.2157861318581,95.13112738194586,95.80105708277398,5778308
2019-01-01,94.74830627441406,95.76916734065534,94.42928840817025,95.70535987314551,4496586
2019-01-02,93.8231430053711,94.65259128623622,92.99369472450596,94.42927491750862,17436694
2019-01-03,90.85626220703125,92.92987783083178,90.34584153430826,92.51515860033179,26599483
2019-01-04,92.96180725097656,93.28082512742854,90.6329806471383,90.6329806471383,7395898
2019-01-07,94.33358764648438,94.68449951344898,92.99370870400097,94.14217497817921,12700566
2019-01-08,94.07835388183594,95.13111853718262,93.34461678455146,95.13111853718262,6163846
2019-01-09,92.70658874511719,94.55688837263308,92.41947462852363,94.36547571635334,4951441
2019-01-10,91.39859771728516,93.79123116538162,91.23908882074538,93.08938812634649,7131028
2019-01-11,92.29186248779297,92.8341967410221,91.65382677135983,91.87714316637239,7665486
2019-01-14,91.5262222290039,92.64278474073785,90.92009024119311,92.51517954367019,6028078
2019-01-15,92.61087036132812,92.83418673226423,91.90903699031007,92.32375626701841,3680774
2019-01-16,93.37653350830078,93.95076177429004,92.64278657325598,92.64278657325598,3667241
2019-01-17,92.51516723632812,94.07835259767377,92.16424568933594,93.47222069049702,5142302
2019-01-18,93.63175201416016,94.23788406643969,92.57899685681431,92.57899685681431,4904282
2019-01-21,92.3237533569336,93.91884242576677,91.94093782180427,93.79123724739031,4087312
2019-01-22,92.10047149658203,93.15322667086112,91.90905880971665,92.83420877130338,4113351
2019-01-23,91.43052673339844,92.86610719933775,91.2391140574759,92.32377290683276,4946218
2019-01-24,90.40966033935547,91.84524072146269,89.99494101211884,91.49431912537264,3820645
2019-01-25,90.60105895996094,92.16424429770329,90.37774259643301,90.66486641686922,3871762
2019-01-28,90.37774658203125,91.20719488016175,89.10167527280016,90.92008078271505,2910523
2019-01-29,89.99494171142578,91.6857325025627,89.38880971473439,90.79248637434935,7282910
2019-01-30,89.13359069824219,90.2820569743754,88.36794975937097,90.2501532403281,8511453
2019-01-31,90.12254333496094,91.11150062488211,88.8464719249084,89.4526038975529,28107358
2019-02-01,90.47345733642578,91.43051081374554,89.19738603333275,89.96302686805828,5260578
2019-02-04,93.31271362304688,94.07835445436211,90.88817621083915,90.92007994040465,9532350
2019-02-05,91.20719909667969,94.55688643826768,90.79247979626766,93.15320988035167,5413425
2019-02-06,93.59983825683594,94.26977771053879,90.92009017767701,91.4943184319066,5075180
2019-02-07,94.365478515625,94.62069864345291,92.83419669126711,93.7274427995338,6080631
2019-02-08,91.97283172607422,94.62068541917756,91.33479609915548,93.3446141653401,4510762
2019-02-11,88.17654418945312,91.65383729618915,87.4747106621749,91.39862687457044,6424512
2019-02-12,87.69800567626953,89.93113064303489,87.12377743621933,88.36794511342958,6816203
2019-02-14,84.3164291381836,85.62440450730843,81.41336909786861,85.17778138351441,25346334
2019-02-15,86.13481140136719,89.89921778316645,85.11395048309049,88.04891832139758,37975666
2019-02-18,87.47469329833984,88.62314970330758,86.64524498924524,87.28328065229469,10614715
2019-02-19,88.78265380859375,89.54830435128942,87.53848628018989,87.53848628018989,9077045
2019-02-20,91.9090347290039,92.73848299766439,89.3249884724909,90.34584937786553,14236359
2019-02-21,93.75933074951172,94.81209534523671,92.00473282562083,92.51516325970107,13876243
2019-02-22,94.8121109008789,96.02437486201886,93.85505733082556,94.8121109008789,18273813
2019-02-25,94.26976013183594,95.29062098860678,92.96178520148914,95.06730463379732,20216077
2019-02-26,94.11026763916016,95.19492640380305,93.15321406994835,94.11026763916016,12458860
2019-02-27,94.42929077148438,95.54585333128234,93.47223714880042,94.90781758282637,11868751
2019-02-28,98.3321304321289,99.72128672246124,94.66080755313192,95.52075087278921,48854712
2019-03-01,98.62981414794922,99.35745927295683,97.80293780564149,99.1590069320619,9764801
2019-03-05,102.53266143798828,102.96263307750435,97.80293302849205,98.39827992839197,11194669
2019-03-06,102.40037536621094,103.85567581106426,101.07737312657954,102.59882772089686,15648948
2019-03-07,100.58126068115234,102.86343782969345,100.21743299806147,102.40038900289933,30210637
2019-03-08,99.48976135253906,100.94507184677259,97.2406616511512,100.61432129693874,17986042
2019-03-11,101.20967864990234,102.06963218658404,99.95283046885686,100.25050397555638,15880368
2019-03-12,100.44894409179688,102.929573167883,99.95281827657965,101.8711673912707,10818012
2019-03-13,99.0597915649414,100.05204323337155,96.38071004143887,100.05204323337155,21001041
2019-03-14,99.91973114013672,100.87890560087959,98.89440253987868,99.2251530500455,6328309
2019-03-15,103.19416809082031,104.15334263446186,100.018960900054,100.4820096355666,15483879
2019-03-18,102.3011703491211,104.05415482192889,101.60660207034772,102.5326998378513,7575127
2019-03-19,103.85566711425781,107.95697169493332,102.4003667912704,103.16108897787365,18289779
2019-03-20,100.44894409179688,103.88874772522854,99.62206773310149,103.62414123422269,28675956
2019-03-22,100.77970886230469,101.50735410445466,98.19984820275391,101.1766035142846,26751005
2019-03-25,104.94715118408203,106.20400939864791,99.6882191718656,100.54817266736724,22638399
2019-03-26,106.54483032226562,108.5419217616418,105.6461351114534,105.84584628693749,16694599
2019-03-27,106.57809448242188,107.44349246207864,104.847278207648,106.6113712064624,10063152
2019-03-28,103.78217315673828,106.67795958613151,103.31618722129369,106.51153531220618,25492224
2019-04-01,104.68087768554688,107.14395512895443,103.71561884177355,106.84439344057408,20605152
2019-04-02,104.8472900390625,106.31182158266505,104.11501918839556,105.9789730428585,10435568
2019-04-03,103.48262786865234,105.91242874705375,102.91679134241627,105.54629325494031,8283863
2019-04-04,103.34947204589844,104.08174289965434,102.05136476672327,103.34947204589842,10752094
2019-04-05,104.21489715576172,104.6143093752358,102.48408039817501,103.84876166961072,6797106
2019-04-08,105.24673461914062,106.67797958005421,104.21490189586798,105.04702342145343,13120469
2019-04-09,104.88058471679688,105.77926974640447,104.54773615226101,105.5795687338686,8487177
2019-04-10,105.18014526367188,106.47825261987334,104.3813107489119,104.48116125410742,9363447
2019-04-11,105.57957458496094,106.11212419154593,103.78218411067242,105.18015222228958,5279154
2019-04-12,104.91387939453125,106.27855048426788,104.68088131896347,105.84585138133667,5631030
2019-04-15,104.14830780029297,105.37985148108389,103.91531991320515,105.37985148108389,3902646
2019-04-16,106.81109619140625,107.17723162290658,103.74889566824781,104.18159471419179,8394765
2019-04-18,106.91098022460938,107.97608970816607,105.87914747668437,107.07740453370265,9606055
2019-04-22,105.11357116699219,107.51008486167652,104.44787404710566,106.9775251342209,5543020
2019-04-23,109.00790405273438,109.84002545771708,104.91387080331226,105.18014558981393,10137024
2019-04-24,112.26983642578125,113.46809349960478,110.30603158248556,110.30603158248556,33596281
2019-04-25,112.40298461914062,113.16853239282203,110.87187891404389,112.07013599445585,134264338
2019-04-26,112.10338592529297,113.13521844663734,111.7705373801968,112.8356567875971,8708111
2019-04-30,112.6359634399414,113.93407093953782,110.60558496224799,111.83712883693846,9844317
2019-05-02,112.43624114990234,114.49990631518752,112.10339258503261,112.70252609643738,22056708
2019-05-03,113.33495330810547,114.43334967354873,112.30312057096366,112.40298125001625,12720120
2019-05-06,113.26836395263672,114.30019654794678,111.93696967681268,113.16851344504279,18962836
2019-05-07,114.3001937866211,114.8327535156313,112.23653880358806,113.43478549669604,9042790
2019-05-08,112.43624114990234,114.100483974251,111.6706935137948,114.100483974251,8603091
2019-05-09,112.76909637451172,113.23509251903508,111.43770203640541,111.43770203640541,6869953
2019-05-10,110.7054214477539,112.7690762081379,110.30599915465721,112.10337915813065,6195094
2019-05-13,109.24091339111328,111.77055459732462,108.50864241601018,111.30456859395585,7792358
2019-05-14,109.2741928100586,110.10631432142893,107.07740014622755,107.84294787359494,7268915
2019-05-15,108.34220123291016,109.97315706938618,107.70979102991718,109.57374491063183,5412275
2019-05-16,110.4724349975586,111.10484522981244,107.84293340593555,108.7749053105484,5197438
2019-05-17,111.40442657470703,111.83712567643344,107.90951639731848,110.83857991146529,5532072
2019-05-20,117.16271209716797,117.56213449695629,112.56940528827016,113.16852873021907,7103649
2019-05-21,116.33055114746094,117.49552090144124,115.69814102684624,116.56354916134906,7135887
2019-05-22,117.82839965820312,118.49409683141332,115.931158651461,116.39715479889432,10347293
2019-05-23,115.93115234375,119.09321374445344,115.16560469930415,118.82693895275024,9247879
2019-05-24,116.09759521484375,117.09614108019298,112.36969674551358,115.83132038051082,9263195
2019-05-27,115.5982894897461,116.63012195611462,114.86602882418815,115.8312875219919,7461458
2019-05-28,116.69670867919922,117.42896942604554,114.23363133483967,115.26545375802003,16628505
2019-05-29,114.20033264160156,116.26398743236764,113.40149820137822,115.76471463751167,7205487
2019-05-30,112.80237579345703,114.49990549365944,111.53755531911989,114.49990549365944,21945960
2019-05-31,114.46659851074219,115.79799252693628,110.87183873011018,111.83709736030487,17113729
2019-06-03,114.59971618652344,115.29869995644901,111.50422969393252,115.16556260925567,17756361
2019-06-04,113.56794738769531,115.49846522167908,113.20181189290992,115.0990428350526,8578302
2019-06-06,112.76909637451172,114.5664868571414,112.40297105771863,113.50136732356327,14152285
2019-06-07,111.50426483154297,113.23508136366259,110.871854614791,112.90223281192664,5052519
2019-06-10,109.60701751708984,112.5028038083863,108.64175880590139,111.90368051391928,10866149
2019-06-11,112.66921997070312,113.40149075147782,109.74015716306502,109.74015716306502,11282418
2019-06-12,113.73436737060547,114.13377958433279,110.50573198154548,111.87041323334608,9478876
2019-06-13,112.46953582763672,113.30165729744422,111.17142836628355,112.36968531435292,6678516
2019-06-14,112.70254516601562,113.8342284465102,112.13669844690143,112.46954706809007,7153585
2019-06-17,109.44058990478516,113.13521052831257,108.47533122311097,112.83564889023862,4603627
2019-06-18,110.6055679321289,111.1381276380428,108.67505042563894,109.17432324535858,5808715
2019-06-19,111.40442657470703,112.56939663383655,109.57375933893208,111.03829109600548,4625698
2019-06-20,114.49989318847656,114.9991659785426,110.70542201552091,110.70542201552091,5793816
2019-06-21,113.80094146728516,115.46518457197706,113.0353937022204,114.33350129233332,11402911
2019-06-24,109.97319030761719,114.4000833820124,109.74020235069189,113.93408715269273,6585159
2019-06-25,110.63884735107422,112.13666570914219,110.17286144899924,110.17286144899924,6697367
2019-06-26,111.5375747680664,112.6026842590927,110.57231580010284,110.57231580010284,5978575
2019-06-27,113.56794738769531,114.36678200321504,111.33785768487508,111.53756887818832,36738164
2019-06-28,111.67069244384766,114.03391926332644,110.9384215450575,113.36822213996521,5325984
2019-07-01,107.17723846435547,113.434787454461,106.01226848104726,111.97025579270569,15160240
2019-07-02,110.27275848388672,110.672180944374,107.5101186316776,108.50866462516068,10975678
2019-07-03,110.7054214477539,111.80381751717356,108.8414676761874,110.37257292275028,8253849
2019-07-04,111.23798370361328,112.43623029527961,110.57228663814038,110.77198763159737,8827834
2019-07-05,107.51010131835938,111.87042015260114,106.51155548568111,111.2380098234516,14509056
2019-07-08,101.45223999023438,107.51008802239076,100.55355494660604,107.47680113387145,10273814
2019-07-09,102.11792755126953,103.48260859070002,100.28726058947359,101.45223047425283,15033604
2019-07-10,100.95298767089844,102.78365517679015,99.62159312115901,101.88496995035662,5310646
2019-07-11,101.91822814941406,102.58392523684921,101.18595729014281,101.85165437757797,6576542
2019-07-12,99.65484619140625,102.0846465145937,98.52316323979264,101.85164848438022,13015538
2019-07-15,100.320556640625,100.9862537784629,99.05573614182588,99.85457067568491,8465078
2019-07-16,101.35237884521484,102.78362348174282,100.32054635580272,100.52025750822622,12865346
2019-07-17,99.78800201416016,102.28436640902139,99.18887862248654,101.45224494406764,8046201
2019-07-18,95.46096801757812,100.38713306198724,95.22798010783661,99.82128641682613,15971004
2019-07-19,95.7938003540039,97.05863082941013,93.46386070522117,96.19322264260181,25660025
2019-07-22,97.62447357177734,98.1237463861391,93.63029105688325,95.86038035745835,12077069
2019-07-23,96.25980377197266,98.35674555316062,95.96023195374734,97.52462418638261,5519598
2019-07-24,95.5941162109375,97.09193482049635,95.12812007288872,96.79236297239855,9202665
2019-07-25,95.76054382324219,96.39295411545051,94.12957759895114,96.06010552400056,28004780
2019-07-26,94.46241760253906,96.12666040848748,94.12956904134938,96.12666040848748,10055490
2019-07-29,93.43058776855469,94.79525863486137,92.09919362953849,94.5289838701506,19155260
2019-07-30,92.365478515625,94.39585683165906,91.93277943612219,94.12957188003772,11943745
2019-07-31,92.43206024169922,92.99789676680594,90.70124345938108,91.66650236740217,9857785
2019-08-01,91.1339340209961,93.0311749251383,89.93568730020333,92.19905350362544,9105690
2019-08-02,89.43640899658203,90.76780318986063,88.37128957886652,90.53480514294424,9912972
2019-08-05,87.40605163574219,88.47116114937835,86.60721696108156,88.40459751850146,9551686
2019-08-06,87.50589752197266,88.20488163439569,86.10793945486004,87.10648528468339,11765339
2019-08-07,86.87348175048828,87.7721770041037,85.47551361324936,87.50589203819814,13083927
2019-08-08,87.10647583007812,88.33800945854856,85.14266619725895,86.87347776531576,10164125
2019-08-09,87.17303466796875,88.13829344752813,86.30762639198277,87.63902061419758,8847432
2019-08-13,85.04280853271484,88.87056703810123,83.54498998712886,87.17303732155736,12944927
2019-08-14,84.44366455078125,86.4074737740667,83.7113988568719,85.87491413547892,14449993
2019-08-16,85.14266204833984,85.9415016338852,84.14411637555759,85.00951957798266,12017531
2019-08-19,84.07757568359375,85.54210779325416,83.91115134936562,85.20925912479792,5695238
2019-08-20,83.24542236328125,84.44367406683847,82.77943135728759,84.27724979588338,6214250
2019-08-21,80.6824951171875,83.57828187497525,79.65066754915634,83.2121463992719,9765538
2019-08-22,78.3380355834961,81.38581933958604,77.83565398263445,81.1848646550454,8867462
2019-08-23,81.8882064819336,82.69201505351107,77.53423231316003,77.93613659894876,10008179
2019-08-26,82.89297485351562,83.76377178506192,80.1131286141077,83.06043540877525,11056410
2019-08-27,84.1321792602539,84.66805506421028,82.49106791518444,83.12741596070353,18829260
2019-08-28,81.18487548828125,84.36662605164155,80.64900477548335,83.76377213855523,11763326
2019-08-29,82.55804443359375,83.22788657909959,80.04613638794689,80.3810574606998,30777971
2019-08-30,81.18487548828125,84.23265965106472,80.04614575190642,82.72551464736773,9910931
2019-09-03,78.47200775146484,80.71597789917803,78.03660933820946,80.71597789917803,8243808
2019-09-04,79.71121978759766,79.97915768293134,77.40026630013654,78.70645651296408,8873226
2019-09-05,83.83076477050781,87.01251058135061,80.01266059861236,80.01266059861236,32226347
2019-09-06,85.70630645751953,86.10821586127742,83.39535293836343,84.66805412578593,15759526
2019-09-09,86.67757415771484,87.04598940156596,84.40011483005787,85.2709117098022,9454697
2019-09-11,84.23265838623047,87.6823416989441,83.83075408004437,86.54361197966841,11398745
2019-09-12,84.33313751220703,85.97425403680774,83.89773904198681,84.56758126986695,8659474
2019-09-13,86.30917358398438,86.6106005368624,83.96472071847194,84.56757973471854,13251256
2019-09-16,87.5483627319336,89.25646217612287,86.07471211731172,87.71582326134471,18224041
2019-09-17,86.8785171508789,88.41915600423953,86.4431238801588,87.58185339056301,11879210
2019-09-18,85.06996154785156,87.04599404354639,84.36662517589751,86.87853348931833,12238136
2019-09-19,83.26138305664062,85.23741539689117,82.82598462780012,85.06995485583636,8680319
2019-09-20,89.49091339111328,90.39519414144956,81.45280265463042,83.32836267822474,30270009
2019-09-23,91.29950714111328,94.34729163718775,90.3952159516137,92.0698216944038,17685955
2019-09-24,89.42394256591797,93.64395088850597,88.95505502362639,91.26600879854924,16012272
2019-09-25,88.0507583618164,89.52440921144463,87.54837669346715,88.41917362946876,5824582
2019-09-26,91.80187225341797,92.47171442933349,87.88329143592,88.2852008298615,19764328
2019-09-27,88.08424377441406,91.16552178951568,87.38090746433868,91.03154518113546,11359611
2019-09-30,88.28521728515625,89.02203768340944,86.10822980766672,87.81632971881652,11625597
2019-10-01,85.87376403808594,89.32345734168626,84.9024949370456,88.08424524040628,10259184
2019-10-03,85.80677795410156,86.97900164079158,83.9982011997717,85.87375603218192,7082143
2019-10-04,86.77806091308594,88.92155395480596,85.2709159308011,87.04599371043304,20137433
2019-10-07,84.76851654052734,86.9120091339314,83.998197133042,86.7780427632772,9194007
2019-10-09,84.29962921142578,85.17042600574948,83.0269281699103,84.70153345861758,15309757
2019-10-10,84.06520080566406,85.13694736355846,83.7972628885678,84.2996445666893,6169256
2019-10-11,86.4096450805664,87.0124989811082,84.46710164968039,84.60107315796006,11840486
2019-10-14,90.59615325927734,91.39996181701201,86.40963970755473,86.71106663908269,19460416
2019-10-15,92.87361145019531,93.20853253039216,90.66314049768026,91.7683759739378,17145941
2019-10-16,94.88314056396484,95.9213979855782,92.63917539697393,93.7779050570419,15149481
2019-10-17,94.71568298339844,95.05060408336942,93.20853803352907,94.51473850020054,9372042
2019-10-18,96.12234497070312,96.79218709593451,93.71090923147827,93.84488583330831,17597233
2019-10-22,96.62474060058594,97.89743673500881,95.25156200019421,96.12235893368515,11582273
2019-10-23,95.05060577392578,97.09362656428175,94.61521242461201,96.624739060179,7500868
2019-10-24,94.24679565429688,95.25155895598657,93.14156011083055,95.05060425145246,6919238
2019-10-25,93.4764633178711,94.84964161151893,92.50519435635688,94.84964161151893,6636201
2019-10-27,93.67742919921875,94.34727135231726,93.10805928069297,94.01235027576801,698557
2019-10-29,95.21804809570312,96.35678781461063,92.57217390966909,94.14630689452657,8236221
2019-10-30,94.14633178710938,96.45728554236553,93.64395009157622,96.45728554236553,7064774
2019-10-31,94.91663360595703,95.25155469152567,93.54345511092951,94.17981335029425,22281969
2019-11-01,96.5577392578125,96.95964862548104,93.84488679947926,94.14631371474076,8049866
2019-11-04,98.7347412109375,100.24188623755549,96.55775395026706,96.55775395026706,11733406
2019-11-05,98.03141021728516,99.6390274114985,97.12711915742712,99.2706121567052,7883507
2019-11-06,96.89266967773438,99.1366451253837,96.3568040970845,98.03140958906734,6207456
2019-11-07,95.15109252929688,97.16061925548696,94.04584669730345,97.09363094288804,7332352
2019-11-08,92.63916015625,96.12233686970197,92.17027275230087,95.08407961889966,8252930
2019-11-11,93.17504119873047,93.61043448001318,91.53391985932775,92.70614354691288,7032172
2019-11-13,92.57219696044922,94.0458478671228,92.10330942936875,93.17506111839405,7969923
2019-11-14,91.23250579833984,93.27552655707152,90.86409054332579,92.57219020131393,8178628
2019-11-15,90.79711151123047,92.97409864341682,90.52916850083446,91.9693353516385,8390855
2019-11-18,89.69186401367188,91.1655249897434,89.2229765308221,90.73012143918389,6851414
2019-11-19,89.25647735595703,90.4956895727437,88.95505039594931,90.42870126119475,5821375
2019-11-20,89.55789947509766,90.59615692209788,88.58663033602546,88.98853974163225,7657346
2019-11-21,87.84980010986328,90.09377555978176,87.48139507803914,89.5578997576092,7946555
2019-11-22,89.65838623046875,90.19425183563116,87.615365392598,87.7493317938886,6323556
2019-11-25,87.7158203125,90.12725594334381,87.41439341388934,89.65836852095175,11930938
2019-11-26,87.2469482421875,89.3569471247194,86.57710602919566,88.31869987136687,16115025
2019-11-27,88.85455322265625,89.1224962035246,86.7780487810695,87.34740845107797,5343104
2019-11-28,89.1894760131836,89.45741899924974,87.81630781589138,88.68709441291186,6663638
2019-11-29,88.25170135498047,89.39043094117135,87.41439868557838,89.12249817535461,9434148
2019-12-02,85.80677795410156,88.05074287889195,85.43836275123167,87.78281012461171,15010167
2019-12-03,85.50534057617188,86.00771701417882,84.40010014738209,85.8067725715633,7809967
2019-12-04,87.11297607421875,87.51487524280711,84.96947806831623,85.00297222094369,5821599
2019-12-05,86.3426513671875,87.34741461919192,86.04122443578225,86.6105943669769,4185400
2019-12-06,84.76851654052734,86.74454861536891,84.60105602196485,86.74454861536891,5097809
2019-12-09,84.60106658935547,85.60582982623384,84.13217401251816,85.0029708620088,3841176
2019-12-10,83.8642349243164,85.94074967247191,83.66328534611718,84.66804856858337,6125011
2019-12-11,85.73978424072266,86.07470527291298,83.73025804758072,84.46708329630155,6878932
2019-12-12,84.33313751220703,85.94075988121747,83.9647222426767,85.80679347983771,9804404
2019-12-13,84.73504638671875,85.3713944932527,84.40012525475544,84.70155222932607,6663052
2019-12-16,84.1321792602539,85.03646520775116,83.73027496253184,84.73503826208223,6241723
2019-12-17,83.93122863769531,84.40011612754107,83.2613864462069,83.83075128687398,8062616
2019-12-18,83.7972640991211,84.16567937926202,83.16091600850399,84.1321852227071,6687482
2019-12-19,84.19916534423828,84.96948492239606,83.19440201024742,83.79726103274005,6223102
2019-12-20,83.83076477050781,84.93600558633258,83.62981003654289,84.40012970275356,8515990
2019-12-23,83.4958267211914,84.60106731331354,83.09392244509885,83.66328726210415,10466423
2019-12-24,84.40011596679688,84.80202025882642,83.52931907532427,83.66329057966101,9979742
2019-12-26,85.73978424072266,86.77804148470841,83.3953370153904,84.40010011196136,23164167
2019-12-27,86.00772857666016,87.01249180872851,85.20392003520149,86.74455903523568,8435235
2019-12-30,85.70630645751953,86.57710335167448,85.136941616183,86.0077333998476,4023932
2019-12-31,86.27568054199219,86.57710749875874,85.20392889462087,85.20392889462087,5102473
2020-01-01,85.37138366699219,86.3426527823192,84.96947938170135,86.2421805438642,2574894
2020-01-02,85.7732925415039,86.17519171386202,85.13693940904466,85.5053546494416,4759843
2020-01-03,86.04122161865234,89.35693819750888,85.77328884861586,87.74932113532996,31381588
2020-01-06,84.56756591796875,86.94550743946196,83.79724647364772,86.87851914044211,14611204
2020-01-07,84.23265838623047,85.5388486589579,83.99821463349612,84.13218103206131,7193304
2020-01-08,82.6920166015625,84.03170098626495,82.5245560534747,83.73027404390304,6236192
2020-01-09,82.8594970703125,83.79727738715869,82.25664304065356,83.69680001205167,10135017
2020-01-10,83.16090393066406,83.8642351217522,82.85947189692055,83.36185350933637,6550218
2020-01-13,84.03170776367188,84.19916832526587,83.22789911221699,83.22789911221699,5737187
2020-01-14,83.7637710571289,84.16567536416123,82.92646828810719,84.03170385482343,12432511
2020-01-15,83.4958267211914,84.0651915381967,83.22788883363299,83.76376460874982,5714614
2020-01-16,83.39533996582031,83.8642273832797,83.09391307038064,83.73026100985975,7322878
2020-01-17,83.99819946289062,84.09867679891295,83.06041951083171,83.42883470608366,8561603
2020-01-20,82.3236083984375,84.90249987755101,80.38106497282936,84.40011822147082,16106541
2020-01-21,82.22312927246094,83.39535311137585,81.98868552677602,82.42408397475678,6497799
2020-01-22,77.96963500976562,81.72075039944534,77.70169710111196,81.72075039944534,23639592
2020-01-23,78.90741729736328,79.6777317789295,77.96963714661969,78.53900202405629,21105999
2020-01-24,79.27581787109375,80.24709206028706,78.57248667597798,79.0413741393885,11172364
2020-01-27,78.53900146484375,79.37630425231544,78.2375745055502,79.2758268957207,12078165
2020-01-28,78.10359954833984,78.84042494671759,77.43375734790727,78.73995270504504,11611352
2020-01-29,78.80694580078125,79.1418669430621,78.00313199301259,78.60599107121632,15562740
2020-01-30,77.43375396728516,78.73994926739672,77.03184968667013,78.73994926739672,21142714
2020-01-31,72.97930145263672,77.70169073549886,71.50565074150434,77.56772434739233,83360147
2020-02-03,69.29517364501953,70.29993694645813,68.02247755158963,69.89803264798077,18445537
2020-02-04,71.10374450683594,71.6061261141233,69.52961649276686,69.73056606938782,16896688
2020-02-05,71.53914642333984,71.9410507067426,70.40041165812674,71.27120853090793,11348275
2020-02-06,71.840576171875,72.20899142720899,71.20422812410584,71.53914922514022,10750236
2020-02-07,73.18025970458984,73.51518080163602,71.37168782473664,71.8740694703059,21415595
2020-02-10,71.13724517822266,73.11328288958434,70.83581820876466,73.11328288958434,32081049
2020-02-11,71.53914642333984,72.10851125070127,71.2042253354225,71.77359016278393,20946852
2020-02-12,71.47215270996094,72.20898313602453,71.33818632912565,71.67310739170371,13053367
2020-02-13,70.56786346435547,72.47691240700736,69.83103818426926,71.6731039397296,17702073
2020-02-14,69.1947021484375,71.20422877295564,68.9937474417895,70.7018471168261,26644685
2020-02-17,66.95072174072266,68.92675917585623,66.18040734634678,67.9889791312581,36666416
2020-02-18,66.51531982421875,67.15166774871403,64.67325412537622,66.95071308282634,35575369
2020-02-19,68.12296295166016,68.45788411683154,66.18042428205933,67.18518777757345,21806183
2020-02-20,68.85977172851562,69.73056341503903,68.12294131081687,68.32389599027832,28378025
2020-02-24,65.67801666259766,68.65881181423961,65.1086468176978,68.65881181423961,20167769
2020-02-25,65.34310150146484,67.15167319929479,65.14214681926602,66.11341585875066,18255196
2020-02-26,64.17088317871094,65.9794550287026,63.969928479605066,65.2426296494649,16192058
2020-02-27,62.52976989746094,64.43881919267128,61.65897808217598,64.10389808437155,29616674
2020-02-28,61.591976165771484,62.09435771723941,59.950865141838705,60.48674084093359,30416954
2020-03-02,59.68292999267578,63.63499939846805,59.113565230682156,62.965157299536806,24442896
2020-03-03,62.52976989746094,62.96516836034869,60.05135574023918,60.8886585109885,24098468
2020-03-04,62.16136169433594,63.56802937121725,60.75468890696392,63.09913673859634,22998427
2020-03-05,62.02738952636719,63.23310758554442,61.62548521013833,62.52977119927592,16357817
2020-03-06,59.281036376953125,61.29056303379899,58.7116715129449,59.95087859590174,17823038
2020-03-09,49.936737060546875,55.26198040038815,49.56832181368149,55.02753665715123,86655504
2020-03-11,48.02768325805664,51.84578682955088,47.59228992041736,51.41038838142123,63562895
2020-03-12,41.865135192871094,45.817204977176154,41.53021411132812,44.611487039425405,76137223
2020-03-13,44.142608642578125,44.87943415132249,33.49211503830037,39.788633687599074,73051747
2020-03-16,40.29100799560547,43.67370792542458,40.190530646890195,42.534978267958785,49829392
2020-03-17,40.190528869628906,42.200055313110354,39.95608513998741,40.92735421014077,46722476
2020-03-18,45.64975357055664,58.1423134338691,38.51593208417254,41.26228448025009,178094829
2020-03-19,40.893863677978516,42.86989857653992,38.917828779417114,41.63069159290984,61258526
2020-03-20,48.463077545166016,49.836255968945835,42.032594057993315,42.23354618785903,128780492
2020-03-23,43.462066650390625,47.13187572322932,43.17423730372151,43.641959305822795,36058875
2020-03-24,44.97316360473633,46.55621676766779,43.246193024336826,45.692734222412106,38808651
2020-03-25,44.28956985473633,45.33294777310615,43.174235974386804,44.03772124286334,28639475
2020-03-26,46.59218978881836,47.20382361470958,42.92238134358386,44.50543424470079,46474588
2020-03-27,46.37632369995117,47.4916603433642,45.18903383833349,47.4916603433642,33298637
2020-03-30,45.58479690551758,47.23981149938975,43.24619243020014,43.92978505658943,32929981
2020-03-31,49.146671295166016,50.11809045024756,45.72870840056988,46.772086258399874,45891607
2020-04-01,47.311767578125,48.391123492454845,46.844045583937785,48.21123084006654,21883386
2020-04-03,50.26201248168945,51.089519887707546,47.851451725810584,49.65037848242001,39757833
2020-04-07,52.456703186035156,53.53605919607749,50.51385907402582,51.23342974738737,30982061
2020-04-08,53.5720329284668,54.939218267363245,51.08951637117492,52.0969163835138,30555738
2020-04-09,55.6228141784668,55.87466281132843,54.68737012510825,54.68737012510825,19209747
2020-04-13,54.0037727355957,56.702162336177345,52.27680229324591,56.702162336177345,22311833
2020-04-15,53.50007629394531,55.011173548664864,52.88844234440268,54.039754277051465,22311032
2020-04-16,54.29159164428711,55.04714285988751,52.81647542367343,53.248216622636285,24473640
2020-04-17,54.90324783325195,55.98260390737967,54.075740411776266,55.98260390737967,14561017
2020-04-20,53.248226165771484,54.435518793121055,53.1043142369544,54.219645410007246,15698459
2020-04-21,49.90221405029297,50.909613867918296,48.355136347142015,50.154062632227465,27607022
2020-04-22,47.0239372253418,47.74350781942473,43.749891571253265,47.41970324804259,73840707
2020-04-23,48.46307373046875,49.686346916136294,47.88742060476116,48.57101040712874,38207377
2020-04-24,48.64297103881836,50.01015626490116,47.92340044507878,48.319166467590726,31588097
2020-04-27,49.254608154296875,50.01015952290033,48.678954935736044,48.93080356197442,16723889
2020-04-28,49.79428482055664,50.154070131369586,48.28318761311989,48.786890342190915,20422626
2020-04-29,50.72972869873047,51.053533281703274,49.43449938706294,49.938202114883936,18023637
2020-04-30,57.49369812011719,58.321205495635084,51.449303342715545,52.240829988471916,54290691
2020-05-04,55.08312225341797,56.01856058031789,53.28419605950996,54.68735629480338,28640967
2020-05-05,56.450313568115234,58.93283552853693,56.23444567365784,56.774123644633654,61865481
2020-05-06,57.025978088378906,58.53707546340551,55.73074862984822,58.53707546340551,38948167
2020-05-07,54.39955139160156,56.3423958458774,54.039765991538204,56.3423958458774,20794229
2020-05-08,54.6873664855957,55.55084902362356,53.787903221029985,54.975195828234355,18523649
2020-05-11,55.44292068481445,56.23444730049992,53.60801333445819,54.6873693076352,15701754
2020-05-12,54.90324783325195,55.658793791208026,53.608018348343144,55.37096440679619,14186736
2020-05-13,56.27041244506836,56.882051778728524,54.86725212759626,56.846071056788254,20493531
2020-05-14,54.79530334472656,55.65878588542396,54.11170796761036,55.40693726854456,13344652
2020-05-15,54.79530334472656,56.48629318936037,54.61541069125726,55.58682992201386,16835999
2020-05-18,52.456703186035156,55.37096111921632,52.09691784935438,55.37096111921632,13014456
2020-05-19,55.51486587524414,56.63019687042081,53.32017362652624,53.53604697521195,42315983
2020-05-20,56.12650680541992,56.48629210545466,54.90323898125699,55.55084812940913,12969847
2020-05-21,55.40692901611328,56.84607002951882,54.97518781006908,56.66617740284313,17999828
2020-05-22,54.79530334472656,55.37095654189546,54.25562538431866,55.37095654189546,12443419
2020-05-26,55.40692901611328,56.27041142820169,55.119099715454716,55.40692901611328,11837966
2020-05-27,56.09052276611328,56.27041540550413,54.61540641704088,55.550844847940716,11655865
2020-05-28,56.73814010620117,58.24923725208884,55.694764943297,55.76672090455109,18645811
2020-05-29,59.86826705932617,60.26403305444472,55.69476119844344,56.16248314997784,40559441
2020-06-01,60.40794372558594,62.24285077085514,60.19207586077556,61.16349497714089,25047349
2020-06-02,60.65980911254883,61.091550412554,59.4365356909976,60.76774032013376,15367928
2020-06-03,62.09894561767578,62.926447424316656,61.379375010239855,61.9190529658168,23936651
2020-06-04,61.091552734375,61.919060126603114,60.44393801481001,61.16350870546251,15120972
2020-06-05,62.5666618347168,63.89787184430109,61.16350135258333,61.23545731502053,18202925
2020-06-08,65.44493865966797,66.99201642438094,64.18569020999958,64.76134884008873,32511374
2020-06-09,64.76136016845703,66.48833087092692,64.29363813592936,66.16452077615152,16702413
2020-06-10,63.50210189819336,65.84070621739029,63.10633589437419,65.19309161563514,17382514
2020-06-11,62.53068542480469,64.43754858798471,62.24285609057013,63.53808534968167,14275999
2020-06-12,60.371978759765625,60.587846661285944,58.68098882669204,58.68098882669204,20601082
2020-06-15,60.51589584350586,61.81112532239447,59.724369157468985,60.443939870209576,17274210
2020-06-16,60.371978759765625,61.70318336708363,59.256642053967944,61.523290704205834,13467530
2020-06-17,60.58784866333008,60.98361473069414,59.86827798804165,60.15610735613473,15440371
2020-06-18,60.15610122680664,60.40794983951892,58.86087743719146,59.72435996360158,18460298
2020-06-19,61.70317459106445,62.098940589061314,60.65979949072745,61.523281953772724,21920473
2020-06-22,61.055572509765625,62.0269918522175,60.51589448730472,61.95503588053379,19227535
2020-06-23,61.63124084472656,62.24287493396098,60.73177733412019,61.52330412547588,23440997
2020-06-24,59.796302795410156,62.35078006743618,59.40054234516218,62.06295079187333,33080229
2020-06-25,58.71696090698242,60.44393147569416,57.56564902447063,59.184682903283864,121277435
2020-06-26,60.55184555053711,61.01956737215263,59.364553384862646,59.7962944933208,23684852
2020-06-29,59.292625427246094,60.5158933934236,58.71696668440453,60.407956692904726,14299071
2020-06-30,58.53706741333008,60.120126032706985,58.033370187553075,60.084145306628045,25762293
2020-07-01,57.889442443847656,58.249227680888076,56.34237031648352,56.84606745238528,35344784
2020-07-02,58.8968505859375,60.55186510776929,58.35717265358642,58.53706529770344,35154027
2020-07-03,59.292625427246094,59.97621538071788,58.71696668440453,59.32860066749329,16786174
2020-07-06,60.2640380859375,61.091545378527975,59.580448208082075,59.76034085908487,17510294
2020-07-07,58.968807220458984,60.300017194069916,58.86087602466384,60.26403646887961,20123433
2020-07-08,58.501102447509766,59.65241451561422,58.285229032913755,59.00479976171516,18626174
2020-07-09,57.70956039428711,59.184682332262234,57.493692506460924,58.716960340473435,17348038
2020-07-10,56.522274017333984,57.67358590362378,55.910634602531424,57.56564921337109,17773167
2020-07-13,56.774131774902344,57.24185384803858,56.41434640939585,56.98999970027283,9360631
2020-07-14,55.65877914428711,56.8100908890714,55.51486723489687,56.486286347999624,9303879
2020-07-15,54.86724853515625,56.270408760756254,54.57941924814195,56.12649686219262,14377090
2020-07-16,54.79530334472656,55.19106388842616,53.967796040790155,54.975195998195865,10604062
2020-07-17,57.817508697509766,58.033382118588584,54.90325045228053,54.90325045228053,24934060
2020-07-20,57.78152847290039,58.46511843090629,56.98999632377103,58.285225758811194,15570346
2020-07-21,59.32859420776367,59.65240427406367,57.81749703469447,57.99738968600956,20976092
2020-07-22,59.436546325683594,60.084161136510104,58.78893151485709,59.544483042469594,17882873
2020-07-23,59.47250747680664,60.33598994696888,59.04076624172553,59.364570795564454,14673501
2020-07-24,58.28521728515625,59.29261720040814,57.745539347330734,59.07674382932277,10000280
2020-07-27,58.141300201416016,59.004782629304536,57.637597543574884,58.57304141536028,8510736
2020-07-28,57.49369812011719,58.46511743490403,57.06195681242176,58.28522476587356,10616766
2020-07-29,57.20585632324219,58.06933875103429,57.0619444152393,57.42172967513391,9905015
2020-07-30,55.910621643066406,57.85346514762087,55.76670974934541,57.56563587029204,9668266
2020-07-31,56.342376708984375,56.73813722069885,55.51486947192659,56.090522622571555,10963756
2020-08-03,54.61541748046875,56.486300211140225,54.36356883228219,56.37836350766347,11874183
2020-08-04,54.75932312011719,55.91063501489845,54.61541119197759,54.90324053814494,13360346
2020-08-05,55.37095642089844,55.76672245362131,54.903239914810804,55.04715184131652,9077292
2020-08-06,56.162479400634766,57.529658950927335,55.44290890473881,56.01856200752325,26386380
2020-08-07,56.5942268371582,57.133904768555354,56.19846082484518,56.23444154956011,11786462
2020-08-10,56.8820686340332,57.385765951128256,56.77413192611598,57.20587326789588,7067852
2020-08-11,56.450313568115234,57.56565023742055,56.270420911123296,57.24184565079034,10835360
2020-08-12,56.198455810546875,56.9180263215395,55.910626508172356,56.45030439141683,10481019
2020-08-13,56.55824661254883,57.169880508896284,56.4143346921922,56.5222713774036,7316635
2020-08-14,55.4788932800293,56.81009781887804,55.37095658987656,56.63020516525285,11635634
2020-08-17,57.06195068359375,57.421735983011395,55.6947654478291,55.766721409735034,13610411
2020-08-18,58.03337478637695,58.93283811074768,56.95401879713208,57.38576009485234,28329507
2020-08-19,57.241844177246094,58.78891659564079,56.918034109063335,58.17728267559079,12081197
2020-08-20,59.112735748291016,59.90426244234421,56.054560188171344,56.84608688222454,37457277
2020-08-21,58.32120132446289,60.04816643173085,58.03337197662217,59.688381119401996,17027574
2020-08-24,58.46511459350586,58.8968558802187,57.99739257878015,58.501095321518726,9797861
2020-08-25,57.925445556640625,59.364587061153436,57.709572135008045,58.57306033164922,22479622
2020-08-26,58.57304763793945,59.07674485940409,58.10532565235774,58.429130224743865,15967425
2020-08-27,57.673583984375,58.968807754640814,57.5656472977142,58.86087655786795,16308382
2020-08-28,57.817508697509766,58.860889579538544,57.5656600328439,57.81750869750976,14666431
2020-08-31,58.968807220458984,61.52328499210993,58.213261400453526,58.28521736094625,93192019
2020-09-01,57.09793472290039,59.58045696556753,56.126515362677964,59.544476234123096,38005204
2020-09-02,57.78152847290039,58.82490377509648,57.205869726240614,58.393162460045986,31151170
2020-09-03,56.8820686340332,58.5011027831246,56.70217595080083,57.92544400082539,19975929
2020-09-04,56.05455780029297,56.91804043158754,55.65879172518123,56.52227984636448,12855650
2020-09-07,55.01117706298828,56.378362472175866,54.65139171793305,56.27042577068156,16573385
2020-09-08,53.5720329284668,55.155091659253145,53.24822833052035,55.08313569191931,17905003
2020-09-09,52.31277847290039,53.21224168935252,51.017554735142014,53.21224168935252,28166106
2020-09-10,52.99637985229492,53.53605784368308,52.276809197110715,52.88844315603961,18646363
2020-09-11,52.74453353881836,53.03235742162974,52.24083076412113,52.852464749928295,11510019
2020-09-14,52.99637985229492,53.787906475019874,52.70855049224355,53.1402917873764,11989916
2020-09-15,53.10431671142578,53.500077279057884,52.70855065390525,53.06833598260085,8883202
2020-09-16,52.564640045166016,53.57203459903058,52.204854707389075,53.428122659875235,10284798
2020-09-17,52.6365966796875,53.46410406500584,52.42072327833883,52.56464070920082,16070680
2020-09-18,53.4640998840332,53.823885198219465,52.49267514381974,53.10431456984695,25690567
2020-09-21,51.19745635986328,53.32018772712018,51.01756368501478,53.24823175515853,13686080
2020-09-22,50.01015853881836,51.305387862397716,49.47048056897499,51.08951447850509,18042069
2020-09-23,48.678951263427734,50.477877729261074,48.4990586168444,50.15406767147833,17014238
2020-09-24,47.95937728881836,48.463074467710896,47.1318700750199,47.527636065497965,32950752
2020-09-25,49.57841110229492,49.830259692292906,47.59959212534466,48.93079652095187,20235576
2020-09-28,51.70114517211914,53.032349649641624,49.830262758583125,49.97417467889826,28336496
2020-09-29,49.75830841064453,52.312780763276685,49.578415759477984,52.16886883829866,20797874
2020-09-30,49.830257415771484,50.693739824855214,48.642964985865895,49.93819408937876,20069170
2020-10-01,49.75830841064453,49.93820106181108,47.95938189897906,48.571015814967716,20869186
2020-10-05,49.79428482055664,50.154070131369586,49.21863161718882,49.650372892186724,12608039
2020-10-06,49.90221405029297,50.51384788924456,49.65036546835848,50.369935982392654,10028285
2020-10-07,50.72972869873047,52.78050386729726,49.72232873297663,49.86624615087755,50074263
2020-10-08,49.254608154296875,51.08951548382624,49.110696222128745,51.01755951774217,21348017
2020-10-09,50.5858154296875,50.80168331598399,49.110693502165425,49.65037145273867,25747313
2020-10-12,49.75830841064453,50.801683591455294,49.50645979698898,50.58581570398826,10564850
2020-10-13,49.72233963012695,50.19006173350668,49.50647169079817,49.72233963012695,9070661
2020-10-14,48.21122741699219,49.50645661817989,47.959378819507826,49.29058325468605,24825690
2020-10-15,47.52763748168945,49.29058315023172,47.27578339485112,48.21122731482519,17333956
2020-10-16,48.39112854003906,48.6070019413776,47.49166518427626,47.959387227250645,18590744
2020-10-19,49.866249084472656,50.69375095405964,48.463082999304234,48.463082999304234,25987617
2020-10-20,48.49905014038086,50.19003962474247,48.39111347331801,50.01014700960002,18530340
2020-10-21,48.78689956665039,49.36255287886076,48.21124076455082,48.930811522230684,19589424
2020-10-22,49.54243850708008,49.722331170860244,48.4271072855761,48.499063253110485,26354156
2020-10-23,49.65037155151367,50.08211281485358,49.36254221265773,49.79428347599764,13177360
2020-10-26,49.074710845947266,50.01015478610287,48.678950325025895,50.01015478610287,14224945
2020-10-27,48.10329818725586,49.25461016117604,47.8514495507559,49.00276152467608,17088331
2020-10-28,47.743499755859375,48.49905094799397,47.563607137721334,48.39111427913374,15025477
2020-10-29,46.340354919433594,47.74351561092897,46.12448151002407,47.52764769140829,29901005
2020-10-30,46.700138092041016,47.41970876991564,46.196435323595615,46.77209406185076,25849220
2020-11-02,47.27579116821289,47.52764529646255,46.19643515533234,47.05992325956993,12847852
2020-11-03,47.70753860473633,48.03134321698526,47.275791801886214,47.49166520331127,10809489
2020-11-04,47.815460205078125,48.139270242132774,47.203826343824964,47.70752901594745,12479581
2020-11-05,48.64297103881836,49.002756335688154,47.63557110960535,48.13927381915583,17947631
2020-11-06,48.93080139160156,49.07471331738634,48.355142708686316,48.71492801303633,10496588
2020-11-09,49.254608154296875,49.398525576353315,48.78689162980629,49.398525576353315,8473527
2020-11-10,50.90962219238281,51.08951485030642,49.290588271070284,49.68635431445753,33795453
2020-11-11,52.060935974121094,52.31278460627795,50.76571208450505,51.41332128436885,23531793
2020-11-12,51.485267639160156,52.45668664388477,50.90960908604869,52.168857367329046,16446681
2020-11-13,51.917015075683594,52.16886366436163,50.40591805372786,51.23341977511463,16264536
2020-11-14,52.27680587768555,53.24822510252425,52.1688691882839,53.24822510252425,5387569
2020-11-17,51.30538558959961,52.74452677876215,51.08951221527005,52.31278003010302,18852045
2020-11-18,51.773094177246094,51.88103084792651,51.01754846225744,51.55722632577238,14032869
2020-11-19,51.917015075683594,53.392131375019254,51.41331240844002,51.449293131060095,27903903
2020-11-20,51.55723571777344,52.312781570397235,50.87364033886072,52.13288891645517,14790440
2020-11-23,55.04715347290039,55.98259749257818,51.66517369078207,51.80908562155331,44111534
2020-11-24,54.75932312011719,56.162489123974986,54.255625881740436,55.22704512140312,31379070
2020-11-25,58.141300201416016,58.86087072128558,55.51486670591461,55.55084193797566,87040163
2020-11-26,57.70956039428711,58.64500437786471,57.16988243988958,58.39315576379013,30469713
2020-11-27,56.48629379272461,58.39315703784518,56.12650848194292,58.14130841827563,44245938
2020-12-01,58.68097686767578,59.00478139891001,55.44290959578438,56.486284631883365,42923229
2020-12-02,61.055572509765625,61.199489943021774,58.24924569499118,58.64501177408467,52652362
2020-12-03,63.8259162902832,64.04178968743221,61.16350700485099,61.45133637108682,53618786
2020-12-04,64.6534194946289,65.48092681054197,62.7825369694482,64.58146353017737,44126894
2020-12-07,65.87670135498047,67.63964741614792,65.30104258527047,65.58887197012547,46638129
2020-12-08,65.30103302001953,67.24387147589958,64.79733578772117,66.92006689654895,34326971
2020-12-09,65.6248550415039,66.81214796450165,65.40898709452495,65.84072847837243,25763702
2020-12-10,65.94864654541016,66.34440708122192,63.825909982847506,65.48092455773445,25329334
2020-12-11,69.65443420410156,75.12316950345782,66.63223448006333,66.63223448006333,146821189
2020-12-14,73.03643035888672,73.79198183441704,70.12216665600013,70.69782544591743,75021883
2020-12-15,72.2808609008789,73.75598275187143,71.3813976965878,73.75598275187143,33553433
2020-12-16,74.04381561279297,74.54751283530591,72.42478176771682,73.32424501498134,34618175
2020-12-17,73.03643035888672,75.98666930496245,72.4607715689694,75.62688393373641,41881430
2020-12-18,71.23749542236328,73.6120807990641,70.6258614586338,73.03642207444317,36480527
2020-12-21,64.6534194946289,71.20151107770546,64.00580483478876,71.1655358404238,58724337
2020-12-22,65.1571273803711,66.41637607250503,62.31481989562134,64.07777135854201,58602960
2020-12-23,65.3370132446289,65.69679854776037,63.538086728971585,65.1211398667948,29216106
2020-12-24,67.02799987792969,68.7189896241055,66.30842930594952,66.56027790816502,46351620
2020-12-28,67.49573516845703,68.4671545343692,67.13594981146075,67.6396471153,17759262
2020-12-29,67.02799987792969,68.10735573589993,66.20049262217493,67.78354568457618,17678810
2020-12-30,67.0999755859375,67.99943906564175,66.7401901940558,67.27986828187835,15960705
2020-12-31,66.9560546875,68.75498140677847,66.59626934364431,67.13594735942785,43701316
2021-01-01,67.06398010253906,67.96344338443947,66.92006817339028,67.45974614253052,15130377
2021-01-04,69.76237487792969,70.01422900656938,67.42377017973344,67.67562430837313,39545073
2021-01-05,68.3232192993164,69.43855581141325,67.89147808136802,69.43855581141325,26998014
2021-01-06,69.76237487792969,71.45337035930554,69.25867760042746,71.16554099078058,50306161
2021-01-07,70.44596862792969,71.2734759839201,69.87030990466111,70.51792459586615,25285200
2021-01-08,72.4247817993164,72.89250378607562,70.9136846412303,71.20150848857014,36022114
2021-01-11,73.7919692993164,74.0438179184151,70.55390150833519,73.0364179521322,36301647
2021-01-12,74.43955993652344,75.19511109564009,72.49672194149032,73.39618499287359,28353142
2021-01-13,75.73480987548828,77.6416731698559,74.9073025413414,75.51893648748882,42401579
2021-01-14,75.59089660644531,77.31786172034319,74.9792571812276,76.99405713395939,24455634
2021-01-15,72.9644546508789,76.3464340298611,72.42477673998467,75.73480016215849,28185982
2021-01-18,69.54649353027344,73.28825812839953,69.11475230585697,72.96445358255907,33623461
2021-01-19,70.58987426757812,71.23748890101953,70.15813300857984,70.33802565731979,26085121
2021-01-20,71.12956237792969,71.81315783475735,70.4099916801461,71.23749908057498,18486566
2021-01-21,68.14334106445312,72.10097979657823,67.56768781553173,71.27347790813567,26939349
2021-01-22,66.74018096923828,68.68301962090484,66.56028829816216,68.07138563722378,27311961
2021-01-25,65.7327651977539,67.45973552517587,64.76134610416884,66.95603836254283,28522112
2021-01-27,64.54547882080078,66.02060070554465,63.969825650815935,65.7687521005583,34022621
2021-01-28,65.22908020019531,65.76875818504544,63.89787560220936,64.04178753554739,26810222
2021-01-29,63.538089752197266,66.88408883861646,63.14232370396637,65.3010356254695,33858273
2021-02-01,65.37299346923828,65.62484210266979,63.646022784454665,64.04178884405307,24228098
2021-02-02,66.81211853027344,67.60364496693335,65.62482613034003,66.56026995813899,22141489
2021-02-03,67.17190551757812,68.57507129571331,66.9200569389038,68.07136864847737,25912911
2021-02-04,70.26606750488281,70.94965735282489,67.63963381719502,67.81952646032586,49670027
2021-02-05,70.26606750488281,71.92107652775385,69.65443361621553,71.2015059552305,30514219
2021-02-08,71.70521545410156,72.53272278900388,71.30944940570402,71.59727876000329,29096831
2021-02-09,72.67662811279297,74.36761786694474,71.81314561829906,71.81314561829906,39638657
2021-02-10,71.95706176757812,73.75598831176758,70.9496618048544,73.39620300292968,21467230
2021-02-11,71.56130981445312,72.20892459578309,71.16554919078258,71.95707592801288,11287104
2021-02-12,69.79833221435547,71.52530235681171,69.47452771447037,71.16551713921194,18187705
2021-02-15,70.84172058105469,71.4173792343141,68.79094554988569,69.79834544814577,26118576
2021-02-16,74.65546417236328,75.44699088729728,71.417395846815,71.417395846815,76236798
2021-02-17,74.83842468261719,75.75331984988635,73.77714852221574,74.65544564916335,21014091
2021-02-18,81.02313232421875,84.53633280426088,75.6435486262178,75.89971821486961,110000964
2021-02-19,76.92437744140625,82.1209803946516,76.0094823586491,81.02310629534301,48225988
2021-02-22,77.80270385742188,79.44951550985394,77.07078756745207,77.50993622461833,36592043
2021-02-23,82.1209945678711,83.73121354187639,80.1082250384225,80.32780212981149,90860972
2021-02-24,83.14567565917969,84.42652895458454,81.24269473710791,83.43844324351623,26071364
2021-02-25,87.1346206665039,88.19589685981691,84.42652753695953,84.9022741555084,62038881
2021-02-26,81.24270629882812,86.65888783556561,80.54738807314504,84.536329527159,55154985
2021-03-01,85.67078399658203,86.10993255134096,83.07247953947008,83.6580146685332,41672980
2021-03-02,83.07247924804688,85.3780161325393,82.52354216050472,84.82907904499714,36303917
2021-03-03,83.4384536743164,84.7559051764894,82.85291843244443,83.47505172096263,19434630
2021-03-04,82.4869613647461,85.6342035582089,82.19419932411716,83.40185670190644,38272786
2021-03-05,84.13377380371094,86.54909975133283,83.07249743574019,85.08526719739909,57756103
2021-03-08,86.54908752441406,89.54994271922735,85.78057330853679,87.06142661228075,63866178
2021-03-09,85.45122528076172,87.50059308857823,83.5848365420689,87.3908045302884,26817643
2021-03-10,83.73120880126953,85.63418967728262,83.1456736467684,85.56099917898925,23841269
2021-03-12,84.20694732666016,85.92694899966335,83.438433208217,85.45120243034505,20691698
2021-03-15,83.69461059570312,85.52440096982902,82.56014391419131,84.90227335944164,19679802
2021-03-16,84.24354553222656,85.12184823956977,83.03588279967774,83.29205791270091,20680669
2021-03-17,80.03501892089844,84.06055719440026,79.59587040787713,84.02396474235967,31017863
2021-03-18,80.65715789794922,82.12099020523742,78.68098651674097,80.51077690085123,26710696
2021-03-19,80.87674713134766,82.88951685633594,76.44865150274224,77.76610301091121,50386785
2021-03-22,80.2179946899414,81.42565723997878,79.44948621924568,80.8767202248778,15825065
2021-03-23,78.4248275756836,80.73036488797686,78.02227140315952,80.21802016075732,15815643
2021-03-24,76.704833984375,77.58313135094296,75.27759378360396,76.85121501744351,31083656
2021-03-25,74.65544128417969,78.82736076937084,74.14310225409537,77.58310564826516,37295495
2021-03-26,74.94822692871094,76.1192918402062,73.37460583635261,75.38737557251191,26637085
2021-03-30,75.75331115722656,77.80267833037625,75.09458559556585,76.15586721826264,31843017
2021-03-31,74.76524353027344,76.26566844167304,74.58226447395073,75.240990193528,19587582
2021-04-01,76.37545013427734,77.03417579470546,74.03332065728533,75.38736443567375,22299747
2021-04-05,75.71671295166016,76.48522703589053,72.75245630693506,74.76522543945849,24878516
2021-04-06,76.08268737792969,76.41205302106692,74.14311389934622,75.13119966060293,15156974
2021-04-07,76.59502410888672,77.10736316617282,75.71672140258309,76.04608701147579,10330347
2021-04-08,75.82650756835938,77.36353027624352,75.6069360867055,75.97289414020538,26105970
2021-04-09,75.972900390625,76.77800705774688,75.38736522322152,75.38736522322152,17645822
2021-04-12,71.76436614990234,74.83841112125252,71.32521208193009,73.81372760277715,27005598
2021-04-13,74.69205474853516,75.02141482388697,71.76438977979811,71.76438977979811,25505623
2021-04-15,76.92437744140625,78.13204006746098,75.97288990578467,76.30224990194667,28659714
2021-04-16,78.53460693359375,78.93715747489934,76.26566234918488,76.55842993272898,21627285
2021-04-19,75.42396545410156,77.54651793336431,74.5822607205608,76.08268555645077,19166492
2021-04-20,75.27758026123047,76.85120121239501,74.80183361310016,75.60694590258721,23082015
2021-04-22,75.46056365966797,76.44864947251538,74.39928733921663,74.94822452236274,14844968
2021-04-23,74.94822692871094,75.86312226332879,74.36269168092431,74.65545930481763,12790334
2021-04-26,75.24098205566406,77.36353441217574,75.02140497819462,77.03417438004863,11797791
2021-04-27,75.53375244140625,76.11928765701435,75.24099041767987,75.24099041767987,8886250
2021-04-28,76.04610443115234,76.41206257992201,75.60695576944438,75.93631586970581,6887787
2021-04-29,76.15587615966797,77.5099198940123,75.78991809178696,76.77800375825029,14990087
2021-04-30,79.15673828125,82.48695364645934,75.60694582203675,76.22907347627785,81358264
2021-05-03,78.82737731933594,81.02312605340187,77.58312193699636,79.15674297989251,33975507
2021-05-04,80.2546157836914,80.73036245028779,78.82737578390227,79.04695288666296,30811922
2021-05-05,81.31588745117188,83.43844551530655,80.8767388547489,82.26738073015281,47588366
2021-05-06,80.69377136230469,82.59675260868173,80.10823609384491,82.19420199768403,26083818
2021-05-07,81.57205200195312,82.2307776482618,80.25460629341279,81.13290343243969,28016564
2021-05-10,83.3652572631836,84.13376593164566,82.34057345448998,83.32865921912837,33477142
2021-05-11,86.4393081665039,86.87845680049267,81.05972483596639,82.37717632201053,48355326
2021-05-12,84.24354553222656,88.67164035687995,83.21886183236462,86.87844248610233,49718697
2021-05-14,82.669921875,84.90226823020062,81.64524379465551,84.90226823020062,23626454
2021-05-17,83.62141418457031,84.46311881396558,82.15758198877916,83.40183712157098,19960145
2021-05-18,84.97547149658203,86.00015531502335,83.65802565922395,84.17036477640583,29395737
2021-05-19,84.09716033935547,84.75588594094265,82.99928619806904,83.80439278486375,25295575
2021-05-20,81.82823181152344,83.950784283223,81.3890776327523,83.03588905091203,21131045
2021-05-21,82.52355194091797,83.47504523905623,81.27929662865486,81.27929662865486,20562816
2021-05-24,82.74313354492188,83.40185369667921,81.13291445909405,82.88951455996178,24785960
2021-05-25,83.87759399414062,85.70738446340232,83.21886830839095,83.73121299023065,25820379
2021-05-26,82.96269989013672,84.46313032901033,82.70653033776445,84.46313032901033,12045621
2021-05-27,81.86483764648438,83.18228922990504,81.46228702894014,82.70654251455434,22821449
2021-05-28,82.23077392578125,84.57290883062258,81.86481587040699,82.85290150310213,19331994
2021-05-31,83.18228912353516,83.69462830305568,81.53547743840433,82.34058425654153,16430926
2021-06-01,86.0733413696289,86.6954690037784,83.58482524895366,83.69461379241,51620011
2021-06-02,86.18313598632812,87.39079888129604,84.90228258525744,86.36611504362394,27162991
2021-06-03,89.65973663330078,90.61122994957093,86.69547371914021,86.95164886249742,64241347
2021-06-04,91.81889343261719,92.73378876607921,90.28187038921659,91.1967657226786,72354379
2021-06-07,91.59931945800781,93.31932152218947,91.41634039619959,92.91676535258027,28709907
2021-06-08,91.3431396484375,92.14824631332309,89.76951877647916,92.03845777173024,15261479
2021-06-09,90.7942123413086,93.68527927273452,90.06229609699035,92.95336302841628,29718157
2021-06-10,90.72100830078125,91.34314152120365,89.62313403049794,90.5746272983744,12245640
2021-06-11,90.42825317382812,92.66059434274693,89.65973889254663,90.72101520090895,18360366
2021-06-14,91.3431396484375,92.07505581362024,88.74483502840788,91.05037206554897,19547491
2021-06-15,91.74568939208984,94.05122640920884,91.37973131267658,91.92866843179648,32779493
2021-06-16,92.73377990722656,93.86825224597457,92.29463130593223,92.95335699991244,31654780
2021-06-17,91.56271362304688,92.9533554913071,90.39164884390887,91.92867171553235,18124616
2021-06-18,88.01292419433594,91.16016612888707,87.02483842830443,91.16016612888707,87912730
2021-06-21,88.52525329589844,89.29376746260903,87.06142104241304,87.39078664989339,15669821
2021-06-22,89.33037567138672,90.90399105575251,88.927819522223,89.80611674066333,23629008
2021-06-23,90.28187561035156,91.05038996853517,89.11081063261135,90.39166417353184,21978870
2021-06-24,89.29378509521484,91.08697772620066,88.81803840207228,91.08697772620066,24358397
2021-06-25,88.48866271972656,91.45291974555654,88.08610660783603,89.98908746097571,34557609
2021-06-28,89.5499267578125,91.12354736731635,89.14737628454722,89.69631331688045,23728169
2021-06-29,87.39079284667969,89.62313384109164,87.17121575945615,89.14739279223613,20857415
2021-06-30,86.14653778076172,88.52526552117614,85.67079669994098,88.08611690129977,19094044
2021-07-01,86.98824310302734,87.6469688289961,85.85377629326567,86.1831363642112,16012542
2021-07-02,86.69547271728516,88.45207273559664,86.36611265688566,87.82994507479899,20014124
2021-07-05,88.52525329589844,88.89121135926978,87.02482858652203,87.20780761820771,12050022
2021-07-06,88.92781829833984,91.48952499829203,88.59845824197697,90.02569259831935,30193164
2021-07-07,87.75675201416016,88.12271010797728,86.21972913694374,87.75675201416016,18479814
2021-07-08,85.67078399658203,87.3907857600993,85.52439742227784,87.3907857600993,17151883
2021-07-09,86.29291534423828,86.84185245764428,85.34142211403704,85.70738018964104,11240925
2021-07-12,86.76866912841797,87.35419874731627,86.36611297836238,87.09802919004342,8420962
2021-07-13,88.1227035522461,88.41547112233535,86.80525227888296,87.09801984897221,8580799
2021-07-14,88.41548156738281,89.11079974241952,87.90313686318106,88.04952345755768,12709481
2021-07-15,85.5610122680664,87.39080292570651,85.04866753348043,87.24441632264853,28589465
2021-07-16,85.48780822753906,85.92695679904853,84.71929403933972,85.78057021916067,19691248
2021-07-19,83.87759399414062,85.30483391061117,83.5848264022433,84.02398058212798,14395883
2021-07-20,82.41378021240234,82.8895269585608,81.68186385956737,82.01122956879027,18634406
2021-07-22,84.53632354736328,84.75590064735111,83.40185117088883,83.73121682087059,11710140
2021-07-23,84.3899154663086,85.4511914129678,83.98735944015465,84.53629642995958,7841690
2021-07-26,83.84100341796875,84.60951208187018,83.51163777565885,84.06057492876452,8149770
2021-07-27,83.91419982910156,84.82909514868601,83.43845314610208,84.4265389744377,9704729
2021-07-28,83.69461059570312,84.31673820609052,83.0358849442024,84.09716671164165,11020097
2021-07-29,83.98738861083984,84.75590289711916,82.9261122955758,83.65802853619316,14142749
2021-07-30,84.3899154663086,85.4511914129678,83.29204148669872,83.65799947990202,12236156
2021-08-02,85.7073974609375,86.0001650972331,84.02399332437476,84.13377630191718,10895726
2021-08-03,86.29291534423828,86.51248683915443,84.28014592841629,85.01206207962429,15163353
2021-08-04,85.89037322998047,86.73207805790655,85.34143602708232,86.14654280785066,14304543
2021-08-05,85.5244140625,85.81718168399445,83.95079298303547,85.04866737558125,11033147
2021-08-06,85.3780288696289,86.5124956693483,85.01207075667214,85.01207075667214,6606584
2021-08-09,84.17035675048828,85.63418904180112,83.6580176821596,84.9022728961447,8294214
2021-08-10,84.0605697631836,84.68269738165766,83.36525164560854,84.24354880297462,14300982
2021-08-11,85.63419342041016,85.85377050896521,84.06057250997178,84.53631914578952,11308648
2021-08-12,85.08525848388672,86.2929213340219,84.38994032560637,84.97546993676943,13519139
2021-08-13,84.97547149658203,85.59759916289647,84.42653433499677,85.48781619784147,10342014
2021-08-16,84.53632354736328,86.62228366093724,83.9507883367808,85.56100737384381,14771886
2021-08-17,83.32864379882812,84.90226447268016,82.48693919801643,84.90226447268016,16025745
2021-08-18,82.8529052734375,84.35333560238182,82.6333337806671,83.36524992472248,10074307
2021-08-20,80.65715789794922,81.7916301697284,79.41290267038508,80.98652351753532,23878081
2021-08-23,81.7916259765625,81.97460500559284,79.41289859916806,80.76694229717722,16886027
2021-08-24,82.8529052734375,84.31673756154825,82.04779863179199,82.81631281668095,17368602
2021-08-25,84.64610290527344,85.78056957447367,82.92610108907651,83.07248208378718,18637317
2021-08-26,84.57290649414062,85.08524552387958,83.7312018732181,84.60949894822106,8779246
2021-08-27,85.3780288696289,85.63419843188312,84.13376793512931,84.53632409301282,9706825
2021-08-30,87.93973541259766,88.12271446856057,85.45121913468634,85.45121913468634,15933414
2021-08-31,88.23249816894531,88.5618582179431,87.13462389351626,87.82994203432372,13376290
2021-09-01,87.61036682128906,89.47675536310756,87.39079531194876,89.14739530705839,10964080
2021-09-02,86.84186553955078,87.93973993174717,86.36611885278342,87.02484460491684,13031666
2021-09-03,90.098876953125,90.39164452995647,86.95164085839866,87.79333996368317,21326802
2021-09-06,89.03759765625,91.01376895863629,88.67163959402461,90.6112184406345,12505630
2021-09-07,87.79335021972656,89.84271791287746,87.50058819277163,89.65973885399177,8530847
2021-09-08,88.42521667480469,88.8340787199601,87.34731589619507,88.46238801401884,7801721
2021-09-09,90.80403900146484,92.0306194438453,87.8676790731541,88.5367234664116,27242637
2021-09-13,91.47309112548828,91.73327350275807,90.02349387232726,90.84121234583965,9921031
2021-09-14,92.14212799072266,93.22003449067624,91.28724386480647,91.65893458791797,16593684
2021-09-15,95.48733520507812,97.15994329628731,92.36513570344088,92.36513570344088,42437332
2021-09-16,95.6731948852539,97.56881994130524,94.70680235733707,96.37940502763738,22431820
2021-09-17,94.96697235107422,96.41656378957437,92.73682818627404,95.67318240130764,25968166
2021-09-20,95.5245132446289,96.19355199081417,92.95984959345155,92.95984959345155,29857432
2021-09-21,100.50517272949219,101.09988017561604,95.97055255688771,96.34224329282748,51537119
2021-09-22,99.35291290283203,100.54232760022222,98.460857551339,99.98479158765167,16424387
2021-09-23,102.40079498291016,102.84682839121939,99.91046258220162,100.2078219687747,18688982
2021-09-24,101.1742172241211,103.99905758542434,99.98480239812993,103.25567615495498,33667173
2021-09-27,104.07341003417969,104.6309461593628,102.21495628356934,102.62381837732391,34196564
2021-09-28,105.70883178710938,106.74957254288505,104.81677638437297,105.41148376723052,46109879
2021-09-29,107.60445404052734,110.61515087815684,103.59019915242108,104.70527121501722,68003697
2021-09-30,107.41863250732422,108.57087616270141,105.07698519405938,107.60447789228499,26714630
2021-10-01,108.71952819824219,111.2470203849272,107.12126274829427,107.93897547076304,42893182
2021-10-04,109.72310638427734,110.39214515098242,109.27707297774016,109.87178040542284,16099471
2021-10-05,121.65437316894531,122.36059464074285,110.7638391580915,111.50722062895119,131238378
2021-10-06,124.96241760253906,128.41913656770026,123.25263811767762,123.4013121287308,101221817
2021-10-07,119.2384033203125,126.48637387275107,118.56936442194396,126.48637387275107,59769140
2021-10-08,119.64723205566406,123.84734370111514,119.3127126998918,121.84020488028199,30561341
2021-10-11,122.65795135498047,123.55000691439632,120.94817158262401,121.72872445077608,18143592
2021-10-12,121.58003997802734,123.28981960361259,120.98533254176715,122.73228350895006,11619888
2021-10-13,118.94103240966797,121.76588419801773,118.71801570527968,121.6543701742732,16690451
2021-10-14,118.23480987548828,120.24193731789349,117.93745051984703,119.68440128705318,14821875
2021-10-18,120.50213623046875,123.0296285948755,119.8330861271136,121.72871107196896,22899876
2021-10-19,117.90029907226562,121.54286353390079,117.45426567802032,121.54286353390079,10331930
2021-10-20,115.14978790283203,118.45784459744429,114.22056104324462,118.38350191143677,17118996
2021-10-21,115.22411346435547,119.16403703207916,114.88959411324016,117.15690958228774,31555789
2021-10-22,116.74806213378906,117.71446031342309,114.85243711664175,116.71089079166832,27317028
2021-10-25,119.98177337646484,121.13401700671002,118.12331956739257,118.19766225699621,34568006
2021-10-26,121.24552154541016,121.87738898514702,119.1640511736454,121.5800409362239,33022684
2021-10-27,117.37991333007812,121.61719619710813,116.71087463691521,121.24550551355107,21652522
2021-10-28,111.6558837890625,116.59937689507952,110.54081169128271,111.50720977797852,24815027
2021-10-29,110.80098724365234,112.88245719378897,108.53367196480886,111.43285455539647,18736450
2021-11-01,113.84886932373047,114.18340006479607,110.31780728755932,111.50722219487851,11444653
2021-11-02,113.70018005371094,115.07544014699077,112.51077664894159,114.44356143535416,20609479
2021-11-03,112.9939956665039,114.62943280884602,111.35855852416181,112.39928815753343,11591857
2021-11-04,113.03116607666016,113.625873580706,112.43645857261433,112.99399473082563,1114216
2021-11-08,115.14978790283203,115.63299267567828,112.77096941090852,113.70019627049594,16568525
2021-11-09,116.4507064819336,117.56577872278109,115.22413155424191,116.3392037950894,13601954
2021-11-10,117.23125457763672,117.9746360414684,116.3020277478471,116.48787311380502,13900618
2021-11-11,114.10904693603516,116.59937920770987,113.77452756868637,116.41353385439386,14158749
2021-11-12,114.96395111083984,115.67017265131365,113.96039283344922,114.48075764503348,10552485
2021-11-15,117.30561828613281,120.61366412446995,115.96752914278774,116.30204859284827,45750584
2021-11-16,116.8223876953125,118.71801261867652,116.56221099954126,118.49499592008655,12956283
2021-11-17,117.00826263427734,118.38352317067567,116.41356641182728,116.71091452305231,11420415
2021-11-18,114.70374298095703,116.71087032946821,114.25770963991053,116.71087032946821,18351511
2021-11-22,112.96932983398438,118.4809641020345,112.54535525281851,116.59236289033424,21558590
2021-11-23,113.08494567871094,113.85580422016415,110.5411101394418,112.39117769635021,21216047
2021-11-24,118.28825378417969,120.13832154364073,114.85793525162185,114.85793525162185,36294271
2021-11-25,119.5601577758789,120.25392571931268,117.59446625299363,118.71220872291123,11554142
2021-11-26,113.39331817626953,117.36323573085448,112.73808358382573,117.36323573085448,23135841
2021-11-29,111.08071899414062,112.58389077673944,109.3848208164725,111.77448696691924,18736522
2021-11-30,109.53900146484375,113.89434744035704,108.76814293732865,110.50257462423764,22980651
2021-12-01,109.65463256835938,110.73382987111466,107.65039556339278,109.77025664995158,14278744
2021-12-02,111.00363159179688,111.50468494611818,108.22853609705473,108.30562665727403,8561767
2021-12-03,112.46826934814453,113.2005944561238,110.3484081168491,111.00364265692447,10690334
2021-12-06,110.50257873535156,112.42972512583646,110.04005889668794,112.39117984555314,7749262
2021-12-07,112.46826934814453,112.73807457343891,111.38907197170546,111.77450128648644,10253663
2021-12-08,114.39541625976562,115.89860000174453,113.16204950624687,113.31621888014055,12266948
2021-12-09,113.58599853515625,115.55167819392284,112.81514007685826,115.24333951555029,7989291
2021-12-10,113.74018096923828,114.08706496293578,112.19846387514457,112.73806250560378,10324085
2021-12-13,112.50679016113281,116.01419851522935,112.04428214141568,114.81936554681845,13595587
2021-12-14,113.2391128540039,113.66308739611272,110.9650825529791,111.19634246343551,12331999
2021-12-15,110.965087890625,113.8558075044605,110.69529445075463,112.77661022024255,10361033
2021-12-16,112.04430389404297,112.73807193949227,111.42761465232752,112.00575861099158,12156709
2021-12-17,107.45765686035156,111.85155917499453,106.76388900138993,111.15777955366711,17667617
2021-12-20,103.29502868652344,106.10865722565022,101.48350668744767,105.99303316714158,17238729
2021-12-21,104.87531280517578,105.49200202543459,103.14088098953022,104.10445422044442,8615570
2021-12-22,105.45345306396484,106.339935700525,104.29716522721603,105.91596114124349,4968143
2021-12-23,108.30561828613281,108.69104753270268,105.72323762916784,106.76390129985334,6324169
2021-12-24,106.76390075683594,109.15356677836176,105.76178236837777,109.11502150142739,5657495
2021-12-27,105.87742614746094,106.41702477794882,104.83676240394517,105.26073695731708,4404298
2021-12-28,107.53478240966797,108.3056410649344,106.76392375440153,107.26497717537687,8738089
2021-12-29,107.07225036621094,108.57543398336804,105.95450779533556,108.07436885685958,6571286
2021-12-30,108.30561828613281,108.8452168788572,106.76390129985334,106.95661592313827,11556524
2021-12-31,109.7702407836914,110.1942152921953,107.49621066290996,108.26706912842005,6393760
2022-01-03,110.27132415771484,110.57966289018154,108.84523105472685,109.73172549471379,3765911
2022-01-04,113.93291473388672,114.5496040275321,110.30988130697885,110.30988130697885,16351836
2022-01-05,115.89856719970703,116.47671100995692,113.62452546949807,114.4724744294776,12977680
2022-01-06,116.24547576904297,116.70798385784168,114.35687460778591,116.09130640611006,9012777
2022-01-07,121.06334686279297,121.41023088427426,116.66945514516921,116.78507923154,30889365
2022-01-10,122.0654525756836,122.87484461993705,120.56226903665818,121.98836201796055,16418985
2022-01-11,124.0696792602539,124.60927788403949,121.48731021700584,122.41233810954795,14457548
2022-01-12,127.15313720703125,127.73128121836577,124.41658653424052,125.41870517302769,21220614
2022-01-13,126.38226318359375,127.57709634778388,125.68849515915748,127.15312177179788,7445346
2022-01-14,124.14676666259766,125.8811983279052,123.49153221742334,125.61139314168813,11646259
2022-01-17,127.84686279296875,129.65837286854253,125.11031328214494,125.26448260056495,32577835
2022-01-18,126.30518341064453,129.81258055009926,125.95828763872615,129.7355017492929,11175409
2022-01-19,131.23867797851562,131.8168219343681,127.11457972182029,127.42293022236295,36648534
2022-01-20,128.61778259277344,131.7397510099413,128.347977334869,131.7397510099413,14474454
2022-01-21,126.15100860595703,128.27086981344243,125.11035652515838,127.42293238786974,8625926
2022-01-24,127.73125457763672,129.73549143719018,126.2280828141554,127.34582531713548,28783449
2022-01-25,127.3072738647461,128.50210686682908,125.64993282991183,125.64993282991183,14249846
2022-01-27,127.73125457763672,130.0823754191678,126.80622670490726,127.26874652245577,25936832
2022-01-28,130.1209259033203,134.66898665423798,128.15523424365085,129.1573527135184,32790065
2022-01-31,133.05020141601562,134.78463329666394,130.6990802919963,132.27934280239413,24031034
2022-02-01,131.7782745361328,134.82316363560406,129.88967332980522,134.12939560466535,14220953
2022-02-02,132.048095703125,134.1679570966702,131.43140639980146,131.46995168670358,12478192
2022-02-03,129.11878967285156,132.00950884463182,127.96250200413947,131.04593578737175,12529302
2022-02-04,130.73760986328125,133.12726422090103,130.31363532426832,131.04594856672654,17434362
2022-02-07,132.664794921875,133.58982306481226,130.42929750054137,131.5855856198057,11723574
2022-02-08,128.69482421875,133.3585204960866,128.34794024623363,132.58766199610923,13231599
2022-02-09,126.38226318359375,130.73762126436827,125.72704044104141,129.42715225452636,17938632
2022-02-10,130.35218811035156,131.35429483544823,127.30728736721423,127.84689777287336,26763203
2022-02-11,129.61985778808594,131.4313800479461,128.81046573727434,129.4656884337584,12884995
2022-02-14,128.11668395996094,135.94090501299647,127.34582543822546,130.19799961617318,44604164
2022-02-15,126.53643035888672,131.04595772678522,120.56227640369504,131.04595772678522,31146458
2022-02-16,129.92820739746094,130.19800082515303,126.80622800296901,126.80622800296901,15960268
2022-02-17,132.3949432373047,132.89599654169854,129.88965319060168,129.9281984668705,24640791
2022-02-18,129.4271240234375,132.39493364562202,128.50209627183648,131.97095916211478,11829998
2022-02-21,127.28495788574219,130.5177226365724,127.01232280865865,130.4008688438877,14222260
2022-02-22,128.4923858642578,129.69980383274518,127.16812598015404,129.69980383274518,29399172
2022-02-23,125.22067260742188,129.62189211563714,124.36379233274383,129.5050502082979,21301826
2022-02-24,122.02685546875,126.5059773728911,121.52052470365413,125.22066888533591,28766189
2022-02-25,124.24696350097656,124.94803879130632,122.14372574372895,124.16906096371399,20225258
2022-02-28,125.14276885986328,126.07755165450374,121.36473396217662,125.02592695366172,20210070
2022-03-02,126.93440246582031,131.14088880071918,126.11647357684649,129.03763969014207,41103406
2022-03-03,132.65989685058594,133.8283633315607,126.895455079357,131.10194154261958,42345653
2022-03-04,128.72607421875,133.20519631713313,127.63551011451615,132.50412109101956,32658756
2022-03-07,145.62989807128906,147.8499895670511,130.167195794627,130.167195794627,132538155
2022-03-08,139.51492309570312,151.86171359492587,138.50224961938096,148.0057760180236,73127816
2022-03-09,136.63267517089844,143.17609456817846,135.42526932138318,142.55291007040097,51977091
2022-03-10,135.81475830078125,137.8011418032078,128.53131250436496,131.06298987187517,62112814
2022-03-11,136.86639404296875,137.41167611360655,133.7504829121726,134.37366751558338,26187452
2022-03-14,133.82839965820312,136.710615383044,132.89362859693836,135.5421485848983,20214021
2022-03-15,127.5575942993164,132.0367159312008,125.92173642708231,131.10194509831962,42333127
2022-03-16,130.32296752929688,130.75140762820752,126.07754157374086,129.3102941735779,25545119
2022-03-17,132.65989685058594,133.59466765811462,128.219726600133,129.77768190809934,66314748
2022-03-21,134.41259765625,136.32109054665196,132.6598979206502,133.75046189052108,20614652
2022-03-22,136.67166137695312,141.1897352832695,135.3863526792227,137.25589476433217,39742745
2022-03-23,136.7884979248047,138.42434407128292,136.20426461115022,137.48957314668718,10994784
2022-03-24,138.22962951660156,140.52761200318093,137.48960286990783,139.3591451232667,20332589
2022-03-25,136.94427490234375,139.63174545007308,136.39899291800467,139.0475122055121,13608989
2022-03-28,137.3727264404297,138.58013240413868,136.04845480006006,136.7105906202449,15253027
2022-03-29,133.2052001953125,136.4769044895248,132.85466257205005,136.2821600447948,14210783
2022-03-30,126.19439697265625,128.41448834056703,125.53226112292643,126.97337473174673,95239532
2022-03-31,127.67446899414062,128.72609388019197,125.53227983728418,126.07757385894581,33523683
2022-04-01,130.82931518554688,131.0630108957477,127.40181772345977,127.67445281347943,28335224
2022-04-04,130.90721130371094,131.68618904204155,128.8039737874697,130.05033103704446,17745513
2022-04-05,133.86734008789062,134.5684153555,131.88094431465336,132.6209708496317,20054934
2022-04-06,134.6073455810547,135.15262758020776,132.65990137961077,132.89359706103525,12969222
2022-04-07,131.53041076660156,135.3863486307469,131.0240680475924,132.89362196305507,24550313
2022-04-08,133.12730407714844,133.43890233548416,131.41355525820563,131.64725098039287,9529874
2022-04-11,133.36097717285156,134.56839496074917,132.07566874827887,133.2051840132452,9724979
2022-04-12,131.56935119628906,134.13998042160242,131.02406909061858,133.20520939955895,13184429
2022-04-13,135.73687744140625,136.2042688614177,132.97150395989652,133.51678602573818,23458303
2022-04-18,136.94427490234375,139.43700103521942,136.39899291800467,137.10006805697552,23916912
2022-04-19,137.99591064453125,140.060208918298,137.10009094118004,138.1127644447017,17880666
2022-04-20,136.71060180664062,138.15171546907698,136.16531973224176,137.80116595543836,10076403
2022-04-21,135.6589813232422,137.64537712282083,135.46423687007288,136.86639931014358,12246720
2022-04-22,135.54212951660156,137.33378073229085,135.30843381259734,135.65897142547504,10267952
2022-04-25,132.153564453125,134.76314455007125,131.10195167075992,133.2051891217467,12583497
2022-04-26,130.05032348632812,133.75046752856832,129.07660136994912,133.2830880444602,20086229
2022-04-27,128.4144744873047,131.56932456227227,127.24600797472232,130.8292981482213,13981957
2022-04-28,128.37554931640625,129.31032033919695,126.54494665348653,129.31032033919695,13030499
2022-04-29,124.98697662353516,130.43982083048752,124.24695014412876,129.69979435108112,15964743
2022-05-02,121.79318237304688,124.05221321236388,121.44263285810304,123.19533288779107,23405519
2022-05-04,126.38915252685547,126.81759270928293,123.03954549095678,123.8574745871804,23661920
2022-05-05,128.4144744873047,131.1798357247448,127.28494734947024,127.90813186676539,26878516
2022-05-06,130.05032348632812,130.4008610709733,125.49331111342818,127.6744391451121,16768573
2022-05-09,128.33660888671875,130.3230049068303,126.77865308839742,128.7260978362991,9952775
2022-05-10,120.31311798095703,125.92175572399748,119.1057000222537,124.98698474786704,22602956
2022-05-11,123.54588317871094,124.63644733841896,119.76783611426197,119.96258056322824,15084514
2022-05-12,121.9100341796875,125.41543452351237,119.96258954422923,123.85747881514575,21459069
2022-05-13,119.6120376586914,124.87013754895335,119.1446462472763,124.63644184324579,12934346
2022-05-16,119.57308959960938,121.71527850123104,118.24882974676751,120.11837167004335,13205775
2022-05-17,127.0902328491211,127.51867304851196,121.17000825677252,121.52054591581637,17843200
2022-05-18,127.1291732788086,128.14184678567338,124.79223990277806,126.19440230564794,12616832
2022-05-19,124.6364517211914,126.23335863612083,122.92270288727667,123.50693625471976,8932407
2022-05-20,126.11649322509766,127.59655808483987,124.71434278127278,125.9217487872045,7235654
2022-05-23,120.81945037841797,127.90814057211603,120.46890089178025,125.99964751559182,18029557
2022-05-24,117.35298156738281,122.88372779473873,116.96349273126637,122.61108085495484,19141394
2022-05-25,118.87200927734375,119.37834005979924,114.97712053151017,119.10569309308804,19366472
2022-05-26,118.32671356201172,119.41728952617618,115.36660766876085,119.02780065745823,12824105
2022-05-27,112.01701354980469,121.13105171997215,109.91377580072886,120.74156280768928,52469252
2022-05-30,112.21174621582031,114.74342387965473,109.95270363018304,113.45810347241532,40261336
2022-05-31,117.82039642333984,119.18360762162642,113.26337137742138,113.26337137742138,57675204
2022-06-01,116.65190887451172,119.10568383923935,115.87293118586723,117.78142414579497,22780094
2022-06-02,118.75516510009766,119.10570273835805,113.73076058834368,115.13292302764339,25429955
2022-06-03,118.0930404663086,120.1183756356797,117.74249094364573,119.92363118364837,16747177
2022-06-06,119.92362976074219,121.52053662570333,119.02781004653023,119.26150576344664,30327268
2022-06-07,126.07756042480469,126.93442886448857,120.11837318259089,120.58576461242414,61411715
2022-06-08,127.28495788574219,129.62189110435133,126.2722963333505,127.36286041419864,45994327
2022-06-09,128.95977783203125,130.36194025651088,128.14184876056328,129.31031546658664,31122996
2022-06-10,128.25869750976562,129.81665320079836,127.24603581960125,127.75236666468344,17812698
2022-06-13,124.28590393066406,127.71340131865576,123.4290236405375,126.19439706457437,12237777
2022-06-14,121.48159790039062,125.0649008996981,120.97526703334593,124.28592302039293,12844437
2022-06-15,117.93724060058594,122.49426573373714,117.46986102683874,122.26057000373426,16223385
2022-06-16,111.822265625,118.0540880282183,111.08223909186943,116.18453417549804,25130676
2022-06-17,110.18640899658203,113.06862452023664,109.56322437048583,110.96538680763777,22922034
2022-06-20,104.6946029663086,108.20000277838933,101.26710568233244,107.96631896658953,28656582
2022-06-21,108.35580444335938,109.2126727944073,105.1619910711406,106.01887130844513,20581784
2022-06-22,105.04515075683594,106.68099684425059,102.04608176719061,106.68099684425059,31824106
2022-06-23,105.00618743896484,106.25254452159396,102.98084083609135,104.38300295452258,26829020
2022-06-24,106.99259948730469,109.83586354077212,105.31779018099246,106.71995251833887,25461812
2022-06-27,110.2253646850586,111.08224506608899,106.91470885529534,109.05689792161274,24188349
2022-06-28,116.34032440185547,118.20986612980116,110.73167544550556,111.23801808292248,54387675
2022-06-29,120.07942962646484,122.61110761373794,113.88655815792546,116.34034549272992,165860322
2022-06-30,118.05408477783203,120.31311558229754,116.26243350898477,119.18360018006479,38725546
2022-07-01,102.08504486083984,117.74249178417936,101.2671157792176,116.02874297132115,125788305
2022-07-04,98.15119171142578,101.22815129655646,96.67113287000879,101.22815129655646,85993413
2022-07-05,99.24177551269531,100.17655246310092,98.15120537545334,98.93018319589345,44595740
2022-07-06,94.21736145019531,96.20375719462331,93.36048706866656,95.81426829909852,59092334
2022-07-07,96.20375061035156,96.71008732850542,94.45105070044637,94.45105070044637,36229792
2022-07-08,94.64579772949219,98.42383867245525,94.25630884994696,98.42383867245525,42778692
2022-07-11,97.76171112060547,98.0733034203726,94.29526238640922,94.64580000919175,31521678
2022-07-12,96.67113494873047,98.73542711853258,96.20374950010867,97.2943195089785,25216226
2022-07-13,96.94378662109375,97.2943302034377,94.56790785314273,95.38583099235377,27166975
2022-07-14,99.04702758789062,103.29246012644586,96.43745316945753,96.90483865672289,38464081
2022-07-15,98.57963562011719,100.0207373109572,97.06062545745155,99.39755868328005,18088858
2022-07-18,101.189208984375,101.81239358634633,98.89122690797225,98.96912944056528,21010247
2022-07-19,99.63126373291016,103.7598425867724,96.94378670512667,101.65660486340192,33778758
2022-07-20,103.25350189208984,106.40836411871958,102.9808549283815,105.16199497927718,60317150
2022-07-21,103.68193054199219,103.99351684921038,102.66925721414948,103.60402802205978,20853780
2022-07-22,103.17559051513672,104.22721512924443,102.47451536323558,104.22721512924443,11630255
2022-07-25,101.11132049560547,103.17560690453557,100.02074444731994,102.82506927290225,21705935
2022-07-26,99.86492919921875,102.51346025733694,99.51439164503914,101.92922703828583,22172845
2022-07-27,100.1765365600586,101.4228937431484,99.55335202538552,100.56602540844723,20187969
2022-07-28,101.46186065673828,101.65660511097387,99.90390502285362,101.57870257477636,25736737
2022-07-29,104.49986267089844,104.77250964380536,101.18920716170756,101.61764731073669,19738642
2022-08-01,107.8105239868164,108.27791542661437,103.75984175818029,104.46092891787724,20592826
2022-08-02,106.48627471923828,106.75892173404756,104.85042828916042,106.48627471923828,15037928
2022-08-03,105.66834259033203,107.84948298870833,104.22724067241585,105.94098959747618,15853543
2022-08-04,106.13572692871094,106.83680220529642,104.3830268509891,104.65567383980463,14311959
2022-08-05,106.33047485351562,107.88843052902502,104.07144387853042,105.23991063516246,66480753
2022-08-08,106.33047485351562,107.10945269127032,105.20095936602301,106.17468166321639,12451233
2022-08-10,104.22722625732422,106.52520826307885,103.9545792878884,106.25256129364303,15829467
2022-08-11,103.44824981689453,105.94097629361035,102.86401649174594,104.77250964331317,19479706
2022-08-12,108.43370819091797,108.82319709382088,103.99353707507642,104.30512344289554,40876891
2022-08-16,109.01793670654297,110.53694098319214,106.01887941905767,108.66739908674046,31230003
2022-08-17,108.78424835205078,109.68007998128185,108.04422179660479,109.01794407647012,15694770
2022-08-18,108.10633087158203,110.29956143745177,107.42841837434338,110.25968208417831,42597708
2022-08-19,107.34867095947266,110.45906577784791,106.91002241599155,109.66152739678041,35382493
2022-08-22,105.1953125,107.26891725525029,103.52048912334755,107.26891725525029,31231393
2022-08-23,106.67076110839844,107.0296509548691,103.75975081322837,105.195310199111,24268146
2022-08-24,108.46524810791016,109.58179726476118,107.26894022436703,107.42844550827816,22730039
2022-08-25,108.90387725830078,110.17993147048898,108.58485457815054,109.26276712518275,14620592
2022-08-26,108.98361206054688,110.25967830473672,108.54497569798436,108.86398617429703,12105053
2022-08-29,108.38546752929688,108.94375416463764,106.67076477638071,107.02965463519214,9198908
2022-08-30,110.53884887695312,111.53577207328397,109.70143095814069,109.98056215142977,21720398
2022-09-01,107.42842102050781,108.66460798561437,106.98977246263512,107.66768497657203,20349294
2022-09-02,105.87322998046875,108.265845347259,105.51434010934442,107.4284275349882,17495310
2022-09-05,106.3916244506836,106.7903936760152,105.79347061268618,105.99285522535199,14865879
2022-09-06,105.3548355102539,106.98977961886362,105.03581282433967,106.94991243141159,10870488
2022-09-07,105.6738510131836,106.03274090348498,103.7198841264568,104.47754326586454,12042788
2022-09-08,105.15544891357422,106.98977760276281,104.8763055898433,104.99593148888746,14629497
2022-09-09,106.87014770507812,107.02965295432594,105.23519151897948,105.67384008151382,12327341
2022-09-12,106.87014770507812,107.9866966192833,106.55113720658248,107.66768612078766,13500202
2022-09-13,106.79039001464844,107.78731304379741,106.471379513109,107.02965397553831,10846178
2022-09-14,106.23211669921875,106.94990858963843,105.27507301479656,105.63396287527104,8597956
2022-09-15,105.75360870361328,107.18916825087524,105.27508074154488,106.55114719407952,10810473
2022-09-16,104.67691802978516,105.27507184709822,103.67999500093006,104.55729213411078,20909579
2022-09-19,104.11864471435547,107.14929318935074,103.44073217947879,105.35483171764614,19411428
2022-09-20,106.23211669921875,106.55113937367328,104.7167985463395,104.7965450878501,13080582
2022-09-21,104.39777374267578,106.23211453259789,103.71987339104336,105.43457611693354,11156865
2022-09-22,102.60332489013672,104.35791935534846,102.16468844330574,103.99901728870937,11366882
2022-09-23,102.56343841552734,102.96220759728371,101.68614134787545,102.28429512051001,10407849
2022-09-26,98.45611572265625,102.72295114643916,97.81808863615241,101.52664351391728,12848954
2022-09-27,99.25365447998047,102.00516569492665,98.77513264230058,99.1739018544897,14465123
2022-09-28,97.73833465576172,98.85488356284598,96.90091689071333,98.85488356284598,15267018
2022-09-29,101.00825500488281,102.24443606285524,98.49600744421672,98.49600744421672,20597761
2022-09-30,101.12786865234375,105.59407626251766,100.09106632819754,100.09106632819754,33530494
2022-10-03,105.59408569335938,107.66769052685005,104.15852622191147,105.03581121341064,50966493
2022-10-04,106.79039001464844,107.66768714808775,105.11556662736054,107.58792843796762,14137567
2022-10-06,105.79344940185547,108.90385603751027,105.59406482916485,108.86397668907844,14570735
2022-10-07,106.91002655029297,107.06953179878069,104.63703720856421,105.314949726475,13532236
2022-10-10,106.27201080322266,106.87016471018264,105.43459289958422,106.07262616756934,10183057
2022-10-11,104.55730438232422,106.47139195416078,103.87939177550143,106.27200732503313,13176461
2022-10-12,104.75667572021484,105.27507082238537,102.96221428574236,104.55729111638456,9401804
2022-10-13,103.56036376953125,105.15544053351651,101.80577567830647,104.63703328353934,13320136
2022-10-14,101.76592254638672,105.91312685216074,101.32727997411081,105.27509354827657,13205955
2022-10-17,101.92542266845703,102.24443320046353,100.48985093548434,101.28738943497231,9320940
2022-10-18,102.64319610595703,102.96221878771685,101.76590502769173,102.44381149340876,6490293
2022-10-19,101.92542266845703,102.64320245020751,101.60640605171467,102.64320245020751,7381712
2022-10-20,103.3609848022461,104.47753373004613,100.33033635175522,101.28738002836533,18748363
2022-10-21,104.91618347167969,106.3916222735313,102.6830734216259,103.16160135001984,11945173
2022-10-24,105.9131088256836,106.87015253388388,105.59408614330283,106.07261408213847,2154912
2022-10-25,104.27816009521484,105.99286302249081,103.56038030460441,105.6339731271856,10232002
2022-10-27,105.11557006835938,105.43458058034174,103.91926239421903,104.27815226256695,13865026
2022-10-28,106.63089752197266,108.14622800926655,105.11557920415079,105.35484319366793,22918037
2022-10-31,106.91002655029297,107.82719085620013,105.91310353540675,107.18915769277888,8753855
2022-11-01,107.78731536865234,108.22596394483318,106.94990974168175,106.94990974168175,11630848
2022-11-02,108.82411193847656,111.01734253227663,107.94682700263866,108.34559620151138,21117499
2022-11-03,108.78423309326172,109.02349704759796,107.86706879935475,108.78423309326172,7561534
2022-11-04,109.94068145751953,110.37931787445879,108.5051097972088,108.78424095621823,7498344
2022-11-07,110.49894714355469,110.85783698767833,109.06337559759001,110.49894714355469,9987481
2022-11-09,110.5787124633789,110.85785581703803,109.26277875492238,110.8179764565907,12033732
2022-11-10,111.53575897216797,112.33329743555286,109.58178000129799,109.66153871542495,15908521
2022-11-11,112.01426696777344,112.69217948234987,111.01734395779063,112.13390503065357,18492513
2022-11-14,111.05722045898438,112.45291263710446,110.5388253748992,112.13390214989359,12743505
2022-11-15,113.52961730957031,114.32715585851153,111.65539685176948,111.65539685176948,24636519
2022-11-16,113.96824645996094,114.28726916074194,112.61243344768891,113.88849991186947,11460200
2022-11-17,114.2074966430664,114.68602455167976,113.01118904100328,113.21057364134714,13368536
2022-11-18,113.05108642578125,114.24739421864666,111.81489927259257,114.1676354980001,19958908
2022-11-21,113.42790985107422,114.18159135443007,112.548621152798,113.88849086235649,16348881
2022-11-22,113.21855926513672,113.80474748820534,111.29250129395847,113.00920541561615,11198874
2022-11-23,114.30720520019531,114.432812402424,112.67424768149587,113.51166310420793,9010911
2022-11-24,116.77757263183594,117.23815364818562,113.46978442377964,114.30719980698098,11803087
2022-11-25,117.69873809814453,118.32679965386788,115.35397240118836,116.40074166072726,9789098
2022-11-28,116.90318298339844,118.24303981946574,116.4426020049607,116.8194363407939,8925344
2022-11-29,117.44750213623047,118.15931029065798,116.81944062748057,117.28002162281932,13558920
2022-11-30,118.15931701660156,118.74550523588005,116.9031939275999,116.9031939275999,17720938
2022-12-01,117.27999877929688,118.91295582839425,117.07064498382435,118.45237492276637,27727625
2022-12-02,117.99181365966797,121.25774107949523,117.69872596398002,118.78736843725578,24518337
2022-12-05,120.37846374511719,120.54594426952141,117.74061034640216,118.49427909519362,18440387
2022-12-06,119.28982543945312,119.87601368482248,118.20118282494123,119.62479927819662,10977472
2022-12-07,117.782470703125,118.70363275277245,117.32190245624619,117.90809067968324,9731670
2022-12-08,119.45730590820312,119.75040641970925,117.53126064269,118.28492941806945,10150945
2022-12-09,117.82432556152344,119.7085099130764,117.48936456575785,119.33167559835438,9438307
2022-12-12,119.20609283447266,119.3317000391251,116.56822653526152,117.23816144194745,8946335
2022-12-13,120.88091278076172,121.13212716734888,119.37356257151679,119.7922702530879,12593054
2022-12-14,123.60252380371094,124.43993924200723,120.67156976967391,120.88092362924799,17692988
2022-12-15,123.47687530517578,124.64926431480379,122.80694055366587,123.64435579856762,11426194
2022-12-16,123.26753997802734,126.03101325617693,123.10005945952166,124.23057532083793,20540447
2022-12-19,122.09517669677734,123.5606537526558,121.42524177278659,123.14194602240481,10635055
2022-12-20,122.13702392578125,122.43011160755916,119.83413190150863,121.8439234660602,6714207
2022-12-21,120.16909790039062,122.93257100003015,119.49916309169868,122.68134384952772,10011408
2022-12-22,119.12232208251953,121.55082125281376,118.5361339494771,121.42521407357,9123323
2022-12-23,117.0706558227539,120.16908972702595,116.65194819304303,117.7405905858799,8007752
2022-12-26,118.32678985595703,119.62478618589525,116.81943969144635,117.65685502973629,7150680
2022-12-27,121.25774383544922,121.76018537288111,118.9967249721456,118.9967249721456,8765357
2022-12-28,120.50404357910156,121.13210498645188,119.49914788292949,120.1272092902798,9534858
2022-12-29,121.13214111328125,122.26265709485725,119.33170298641889,119.54105685130735,36752195
2022-12-30,122.89069366455078,124.56552424260258,121.04838258428245,121.80205123322845,9644998
2023-01-02,125.98912811279297,126.28222857614,123.30940173425851,123.35127505444285,9631496
2023-01-03,125.2354507446289,126.1147392955266,123.9374545769173,125.36105791849613,14991139
2023-01-04,122.47200012207031,124.64928523541835,121.42523089025775,124.6074119105569,13535874
2023-01-05,122.68132781982422,123.10003542330485,120.71339697228846,122.1370130464762,16320559
2023-01-06,123.39314270019531,124.02120414024799,122.513854128533,122.84881511871735,16804116
2023-01-09,124.06307220458984,125.7797761337683,123.76998451488939,125.02610747117457,18660445
2023-01-10,125.0679931640625,125.86353522615175,124.43993162379023,124.43993162379023,18490715
2023-01-11,122.93257904052734,125.61230567262102,122.4719980308055,125.1935979870456,12538238
2023-01-12,122.38825225830078,124.14682966147934,122.05329121862134,123.68624864846166,13270422
2023-01-13,123.05815887451172,123.5187397818289,122.17887037471375,122.59757796719452,8854484
2023-01-16,123.60252380371094,123.7700043357811,122.26265399125866,123.68625768077325,9696320
2023-01-17,123.81185913085938,124.77488162957462,122.80695053296428,124.18869346609823,18484595
2023-01-18,124.9842529296875,125.40296064469482,124.10496417258302,124.14683749967284,12139643
2023-01-19,127.07778930664062,127.37088981325411,123.97935482476956,123.97935482476956,18437610
2023-01-20,126.9521713256836,127.70584002448653,126.07288265845077,127.2871323522751,17512691
2023-01-23,127.58023834228516,128.2082998777189,126.74282296170685,127.7477188628119,16742252
2023-01-24,127.4127426147461,128.29203130317902,126.95217438656427,127.58023591002429,8276792
2023-01-25,127.66398620605469,128.45952834920973,126.5753435363944,126.65909019480905,9827342
2023-01-27,123.64437103271484,129.0875707952296,122.76509513958702,127.66396725908379,13052535
2023-01-30,121.34149932861328,124.64930073480178,119.9597688819888,123.51878471269352,12688399
2023-01-31,121.34149932861328,123.85374579734602,120.79718437156637,121.55085320100767,19050398
2023-02-01,120.79718780517578,122.26266495359214,119.206103440931,122.09518440650531,11526089
2023-02-02,120.1272201538086,121.42521640197002,117.78245479873364,119.75038583090836,11886667
2023-02-03,120.83902740478516,121.71831600397499,117.32188578596889,120.16909262550035,9250428
2023-02-06,120.16909790039062,120.75528606626722,118.57801391044794,118.66174777531964,6436143
2023-02-07,121.13214111328125,121.38336830673657,119.08047579296358,120.5040795186159,8681511
2023-02-08,120.50404357910156,122.17887399870239,119.87598217175126,121.76016639380218,10325869
2023-02-09,122.43013763427734,122.59761817060318,119.91789125555232,121.13214111634692,8078404
2023-02-10,122.84883117675781,123.10005834120629,121.2577470984914,122.38825017159299,6396208
2023-02-13,124.06307220458984,124.60739981907952,122.76508870544993,123.47688404724545,6563018
2023-02-14,124.31430053710938,124.94236202124223,123.10005089004122,124.48178104395608,6991500
2023-02-15,123.5187759399414,125.10986014595572,121.84394507973882,124.77489908509335,12631259
2023-02-16,130.55307006835938,131.0136511444666,124.27245387947846,125.61232377761827,30949761
2023-02-17,131.13925170898438,132.98156296256008,129.29692767746423,130.2180896932243,19874561
2023-02-20,129.6737823486328,132.14415527157456,129.29693518887365,131.6417009105258,8348393
2023-02-21,129.04571533203125,130.55305279557777,128.50138766757752,129.71563741452096,7599927
2023-02-22,128.6269989013672,129.38066758192906,127.03590211870663,129.17131375089033,9599697
2023-02-23,129.5062713623047,130.80426763618564,128.33389505050843,128.71072938087553,18675946
2023-02-24,133.24575805664062,133.54664082172056,128.73259528375442,130.45189538771106,14648507
2023-02-27,133.46066284179688,134.14838546700176,131.52645033684328,132.38610033904487,11904749
2023-02-28,130.70980834960938,133.63261362208303,129.9791004728808,132.51506580005946,17607584
2023-03-01,133.07383728027344,133.33173493212203,130.53787212440437,130.66681439171893,7707977
2023-03-02,132.42909240722656,133.2887424545085,131.2255744707006,132.81593230505968,8219892
2023-03-03,132.6010284423828,133.84751846880246,131.91330573625555,132.38611591654427,8260104
2023-03-06,135.99667358398438,137.2861490221079,131.99930497269042,132.98789756169614,14491522
2023-03-08,136.03964233398438,136.55543769398736,134.4492842383259,134.5782396369371,7339476
2023-03-09,134.3633270263672,136.81332219217242,134.14841447933756,136.72736504369308,5314022
2023-03-10,133.93348693847656,134.70716677428155,132.55804154457948,133.76155954354428,4689681
2023-03-13,133.93348693847656,135.8247145171705,133.41769163646032,134.27734172834113,8785721
2023-03-14,131.78436279296875,134.8361232676965,131.56945026823044,133.93348804035173,7177342
2023-03-15,131.13963317871094,132.7729632189746,130.49489556536153,132.38612327440904,9832270
2023-03-16,130.83872985839844,131.87030725452254,127.22820241335499,129.97907984209198,18551936
2023-03-17,131.65541076660156,133.15979847814975,130.6238332449839,131.95629355579914,16593429
2023-03-20,130.92471313476562,132.51505795285112,130.32296068691653,131.52646558261472,8749355
2023-03-21,130.2799530029297,132.17118027612014,129.76415778423353,131.65538505742398,6148489
2023-03-22,130.2799530029297,131.35451544419897,129.67820065926236,131.01064759266242,4329409
2023-03-23,131.3545379638672,131.65540762867386,129.2054127128786,129.89313541663884,4484564
2023-03-24,128.43173217773438,131.69840549872583,127.9159499379278,131.2685804069433,8301726
2023-03-27,129.1624298095703,131.05365743957765,128.3027796943652,128.56067735237067,7437261
2023-03-28,126.54048919677734,129.16242456513746,126.06767902916826,129.16242456513746,8964539
2023-03-29,128.3887481689453,129.67822332383707,125.93874012776311,126.58347770520899,24012834
2023-03-31,129.85012817382812,131.52644296066768,128.99047821983683,129.03346334097986,7998472
2023-04-03,132.08523559570312,135.69577659087102,131.61243852382052,132.81594344406327,20016785
2023-04-05,131.4405059814453,135.26595973857096,131.13963629173898,134.75016438875923,15880397
2023-04-06,129.46328735351562,131.91328183380875,129.2913468702244,131.69836934691193,10670936
2023-04-10,135.093994140625,135.3948768917161,128.9475018016344,129.54925418659838,17431401
2023-04-11,136.72735595703125,136.94226848977817,134.44927523958194,135.0510408250493,13305621
2023-04-12,135.5238494873047,136.72736764389091,134.62122726639146,136.68438251022334,7333339
2023-04-13,136.46945190429688,137.9738395630844,135.82471433624508,135.9536566029677,11610851
2023-04-17,137.67295837402344,137.93085602766575,135.8247159044894,136.7703362621047,9358885
2023-04-18,137.62997436523438,138.0168142533663,137.02820885345315,137.67294637274583,8008560
2023-04-19,137.62997436523438,137.9308440039066,135.86768918905733,136.08260169548822,11374283
2023-04-20,136.81332397460938,137.63000215773855,136.25455659194094,137.20017705807942,5733670
2023-04-21,137.2001495361328,137.41506204285156,136.42645664161427,136.59838402354558,3512214
2023-04-24,137.75894165039062,138.18876674134347,136.94227660102436,137.20017427904023,7028440
2023-04-25,138.10276794433594,139.09137331961486,137.54400068842645,137.71592806584334,10169778
2023-04-26,138.5325927734375,138.91944576866493,137.32908801580436,137.54400051661156,9177783
2023-04-27,137.58702087402344,138.3177156935562,137.20018089695063,137.71596316064057,6456825
2023-04-28,136.64138793945312,137.37209580967223,133.11683021489455,137.37209580967223,12656744
2023-05-02,141.197509765625,141.67031987991234,136.98523009408555,137.1141723447013,16612560
2023-05-03,138.5325927734375,140.42383327431537,138.2747082662433,140.03698027908794,8029435
2023-05-04,138.40365600585938,138.57558338987636,136.8562833152694,138.2317286218424,9929482
2023-05-05,137.80189514160156,139.22031236916834,137.28609990400395,138.4466326299897,5488707
2023-05-08,141.84228515625,142.14316797771238,137.5440340909091,137.8019317782738,9699470
2023-05-09,142.05715942382812,143.13172190055906,141.326451692764,141.84224692848193,7600834
2023-05-10,143.51858520507812,144.12033766686903,141.84227009108204,142.05718262152308,10901429
2023-05-11,143.60455322265625,144.97998552567816,142.7878882431714,142.7878882431714,7877677
2023-05-12,142.27207946777344,145.28085456225807,141.84225445427563,144.55014679242444,16373574
2023-05-15,142.35806274414062,143.21771284980036,141.32647212357324,142.2720924866868,8559162
2023-05-16,144.42120361328125,144.85102862403505,143.34664108639672,144.6791012431772,12249266
2023-05-17,143.7764892578125,144.4212268778027,142.78789682071573,144.4212268778027,7360259
2023-05-18,143.00277709960938,144.80803415798772,142.70189436460424,143.991369313682,7433090
2023-05-19,141.75628662109375,143.34664444503255,140.9826068304968,142.87383429868166,5969632
2023-05-22,142.35806274414062,143.04577233489272,141.06858758565102,141.06858758565102,7331865
2023-05-23,141.84228515625,143.60457071648403,141.36947491561824,142.3580805309794,10119254
2023-05-24,142.91680908203125,143.08873645447588,141.5413638680389,141.84224660773026,6107980
2023-05-25,142.70191955566406,143.90542447370342,142.05718196731016,142.91683208511537,8077606
2023-05-26,140.76768493652344,143.90540213249622,139.52119508266648,142.7448825239609,14873707
2023-05-29,136.68434143066406,137.75890386329507,134.53521656540204,137.54399137676887,43253971
2023-05-30,136.55538940429688,139.0053837048744,135.1799443421642,137.28608393581666,16117505
2023-05-31,133.1597900390625,137.02821533787963,128.99049508733543,136.68436055820573,83741017
2023-06-01,132.08523559570312,134.10541862313184,131.69839566542652,132.9878708444951,13982606
2023-06-02,132.9878692626953,133.2457669188855,131.87032149735106,133.2457669188855,9851058
2023-06-05,133.58963012695312,134.10542547180984,132.77296509528043,133.67560039016942,11850547
2023-06-06,132.08523559570312,134.019448364306,131.69839566542652,133.6755935634423,8118800
2023-06-07,132.25718688964844,132.81595426588515,131.1396390199541,132.04227434229264,12180164
2023-06-08,134.19137573242188,134.66417275797465,132.55803279532253,132.8159304293086,13850599
2023-06-09,132.6010284423828,134.87909596938357,132.21418851931736,134.70716857215663,11764248
2023-06-12,133.2887420654297,133.46066945094046,131.18260207918064,133.11681467991892,11017643
2023-06-13,133.8045196533203,134.27732978524526,132.60101487861886,133.41767976982473,10073644
2023-06-14,135.69577026367188,136.168567313509,133.976470105081,134.19138262490486,9695952
2023-06-15,135.5238494873047,135.73876203842138,134.27735931427205,135.39490720352313,7426254
2023-06-16,134.96505737304688,136.3834747036468,134.40629008940903,136.03961993174948,11466647
2023-06-19,135.65280151367188,136.2115688857864,134.53525365222202,135.73875866164752,4718221
2023-06-20,135.1799774169922,135.65278759261,134.57822497403293,135.43787506889458,6059738
2023-06-21,137.71592712402344,138.0168098703589,134.62119500002913,134.9650497525114,8284206
2023-06-22,136.64138793945312,138.36068822964373,135.394897852509,137.71595062082224,10629027
2023-06-23,134.8790740966797,136.68434426785916,133.58959915075647,136.68434426785916,8722650
2023-06-26,134.8790740966797,136.03960679489754,133.97645212830741,134.96504433996154,4273205
2023-06-27,135.69577026367188,136.55542034296732,135.26594522402416,136.55542034296732,9730174
2023-06-28,136.29751586914062,137.6729480567919,134.5782157966626,135.69576346721703,40243993
2023-06-30,137.80189514160156,138.40364750732027,136.6413624156158,138.40364750732027,7840112
2023-07-03,140.0369873046875,140.33787006779997,137.54400741713934,137.80190505449022,9548822
2023-07-04,138.57557678222656,140.03697915251522,137.54399941009444,139.69312440087717,5394282
2023-07-05,139.9510498046875,141.32648220149267,138.7045596860382,139.2633270476746,8795342
2023-07-06,142.1861114501953,142.5299793367226,139.73611670512938,139.9510292152519,9845699
2023-07-07,140.55279541015625,142.70192072223816,139.9510429462173,142.27209565982176,7597171
2023-07-10,139.9080810546875,142.18614901698405,139.69316848778323,140.89667361555834,5437687
2023-07-11,141.4984130859375,141.9282381401266,140.03699740791885,140.33788019273908,6343183
2023-07-12,144.12033081054688,145.28086366660568,142.0571758633526,142.658928296516,15614026
2023-07-13,144.24929809570312,145.53877332340508,143.73350275773421,144.97999285440204,11350009
2023-07-14,145.49578857421875,145.92561365124746,144.59315328901437,145.28087603570438,9448062
2023-07-17,143.04576110839844,144.7650611847841,142.83084859885022,144.24927903219955,4968847
2023-07-18,143.47560119628906,144.55016385688805,142.74490645741372,143.04577613204947,4322257
2023-07-19,143.3466339111328,144.37821126186233,142.78786667200947,143.73347377800417,5968174
2023-07-20,143.7334747314453,144.50716758753794,142.70189737387292,143.56154735805288,5217131
2023-07-21,146.6133270263672,147.00016694752202,143.1317415015346,143.86244933266448,7842863
2023-07-24,147.00015258789062,148.07471510680796,146.35541507654023,147.55891985084034,8451631
2023-07-25,148.719482421875,149.02036523435675,147.2580797267227,147.85983223446533,10480578
2023-07-26,148.67648315429688,149.83701604385573,147.85981817734267,149.45017611974265,9103949
2023-07-27,147.00015258789062,149.27821988110807,146.7422549599068,149.10629250152493,7731146
2023-07-28,147.68788146972656,150.39577388503807,145.19488845006921,146.74226116619812,9004252
2023-07-31,152.20106506347656,152.58790501612967,147.3440337377012,148.54755184478051,9277749
2023-08-01,151.90017700195312,152.15807466720597,149.83702191437058,150.69667205373332,5584773
2023-08-02,151.2554168701172,153.5764692772653,149.5791019714668,152.15805200545762,8975495
2023-08-03,147.94580078125,151.126503814268,147.43000542790838,150.65369359324166,6152393
2023-08-04,149.02035522460938,149.96596249691075,147.945792562526,149.02035522460938,4605271
2023-08-07,148.67648315429688,150.00894344154824,147.94578843479874,149.83701604385573,2240015
2023-08-08,149.02035522460938,149.4071951595154,148.37561762735936,148.63350217248336,3631238
2023-08-09,152.07208251953125,152.37296527189196,148.97735033356426,149.02033545778983,4852294
2023-08-10,153.57647705078125,154.5220973579959,152.07208945480633,153.10368001439278,10430692
2023-08-11,152.32998657226562,154.47911170200192,151.90016154631837,153.79138903704253,4112277
2023-08-14,153.01771545410156,155.12385554336862,152.45894814455576,154.73701562774315,12876956
2023-08-16,153.92034912109375,154.26420390547702,151.12648636701746,151.55631140610612,8371665
2023-08-17,152.8028106689453,153.9633435918,152.24404333110863,153.61947566932972,5199363
2023-08-18,151.1217498779297,153.1476182320069,150.1303557370565,153.1476182320069,6734650
2023-08-21,151.76829528808594,151.98381402233366,150.25966414835193,151.1217390853428,3599820
2023-08-22,151.85450744628906,153.36313871077365,151.38037671511333,151.7683078379938,5348036
2023-08-23,151.29417419433594,152.75969917677008,150.86313666101876,152.58728679428754,6379611
2023-08-24,149.22520446777344,152.32866692268044,148.96657930797568,151.29417943771145,7976333
2023-08-25,150.60450744628906,151.07865135098805,149.00967650858314,149.2251952694262,4757915
2023-08-28,151.03553771972656,151.5527879826154,150.47519423011417,150.94933811205883,4354221
2023-08-29,151.46658325195312,151.81142116357026,150.82002696617,151.38038363971484,4596468
2023-08-30,151.5096893310547,152.50107037224365,150.8631330465694,151.4665829479114,5937955
2023-08-31,150.13035583496094,151.72519984502011,149.1820812284619,151.55278747604032,15823452
2023-09-01,156.68212890625,159.26835386756363,150.3458724893435,150.3458724893435,22460960
2023-09-04,157.71661376953125,159.00972622976934,156.72523281170342,158.49248913820622,10998180
2023-09-05,157.845947265625,160.34595965446303,157.2424842059139,158.19077202469873,13506519
2023-09-06,157.80284118652344,160.9925162538819,157.1993912798699,159.39767214309197,11954407
2023-09-07,156.68212890625,159.65628498091658,156.0355726659216,159.48387261433976,11137801
2023-09-08,159.0097198486328,159.44075731808113,156.8976388791801,157.3286763486284,9737214
2023-09-11,158.1045684814453,160.30286262289493,157.15629376156068,159.87182507179588,10845871
2023-09-12,155.94935607910156,159.39765594291117,155.3459062337789,159.3545627179896,15524470
2023-09-13,158.53558349609375,159.22524611065845,155.94935855714135,156.81143353679215,10578786
2023-09-14,161.98390197753906,162.84597705598094,158.7942268181485,159.2683707421359,17746404
2023-09-15,160.9062957763672,165.25977721911696,160.00112753687233,165.25977721911696,19924829
2023-09-18,160.99253845214844,161.63909483147432,159.57011967932075,160.17356966918027,5022956
2023-09-20,162.2425079345703,163.36320803478228,160.51835798169662,160.73387672580583,12687099
2023-09-21,160.9494171142578,162.45804852590177,160.3890735659074,162.414942140439,7814108
2023-09-22,159.57008361816406,161.8114706674301,159.4838708587145,160.86319608458606,7814821
2023-09-25,159.91490173339844,160.94938903290532,159.69938299790869,160.34593920437794,5540062
2023-09-26,161.85458374023438,162.1994084838515,159.69939620707547,160.34595246702315,12446655
2023-09-27,161.42355346679688,163.19080995401995,160.60458479834364,163.19080995401995,5630907
2023-09-28,161.5959930419922,163.36324982663427,160.7770242357113,162.84599944676023,14890642
2023-09-29,165.38909912109375,165.73392387005828,162.19941099917747,162.5011425201872,10085766
2023-10-03,159.1390380859375,163.19078764509342,158.32005637522144,163.19078764509342,22118500
2023-10-04,157.54420471191406,159.13904870803202,156.98386122907286,159.0097295667622,9360058
2023-10-05,157.07008361816406,158.62182145893289,156.035596109059,156.25111488821514,11128340
2023-10-06,156.42349243164062,158.1907486578446,155.69073663829124,158.1907486578446,5759904
2023-10-09,156.6390380859375,159.22526330415624,156.25110693404903,157.67352554238064,14622727
2023-10-10,158.19078063964844,159.0528557385021,156.94077437715504,157.15629315186845,11819690
2023-10-11,157.97523498535156,159.22524103515568,157.544197509266,158.96661591866038,8499601
2023-10-12,159.0097198486328,159.35455771672324,157.75971381807668,157.9321261750121,8677885
2023-10-13,159.3976593017578,160.56146579200546,158.6649034577896,159.0528345697987,7435899
2023-10-16,160.8201141357422,162.24253280320409,160.56148897232487,162.02701402606004,12376549
2023-10-17,160.5614776611328,161.2511403302531,159.95802775848557,161.2080339470166,4381065
2023-10-18,161.16493225097656,162.1132200928739,160.38906994704,162.0701137083837,10181113
2023-10-19,160.60458374023438,160.90630211387597,159.52698993246872,160.34595859552635,9148124
2023-10-20,160.5183563232422,161.46664404921322,159.61317497649168,161.20801892811022,7912216
2023-10-23,159.3545684814453,160.30284308575764,158.79421184077754,160.30284308575764,4723090
2023-10-25,158.92352294921875,160.21663537954853,157.759716500234,159.35456042599534,6812004
2023-10-26,155.94935607910156,158.75109971844688,155.08728111314917,158.19075625226583,8474867
2023-10-27,159.2683563232422,160.17353770450256,155.43212520232214,156.03557507175555,6422123
2023-10-30,162.759765625,163.10459036965523,159.13905318923688,159.4838779338921,7352638
2023-10-31,160.4752655029297,163.62184733202363,158.7942217841043,163.1045970396675,9404675
2023-11-01,160.9494171142578,162.75978006991937,159.52699847353944,160.47527318261103,9167869
2023-11-02,160.5183563232422,161.76836239531667,160.1304252186977,161.20801892811022,11471209
2023-11-03,163.79425048828125,164.35459397826344,160.1735381083318,160.90629396798383,7464912
2023-11-06,166.6390838623047,167.41494602487106,163.40630292791266,163.96664636151957,8962124
2023-11-07,166.55287170410156,170.6908339457515,165.82011591555292,166.72528405704128,13921916
2023-11-08,168.4063720703125,169.44085953504197,165.77704044655133,166.9839402963654,10186886
2023-11-09,166.12185668945312,169.5701568310265,165.69081917175646,169.39774445479208,5303833
2023-11-10,168.8804931640625,169.39774344390023,166.12185569811038,166.12185569811038,6025889
2023-11-13,168.79428100585938,170.08739345510617,167.32875619422367,168.8804806099438,11181086
2023-11-15,171.9839630126953,175.00122552168997,170.38911899625276,171.12188801012542,19769385
2023-11-16,173.9667205810547,175.34603255334144,173.27705801780166,174.57017039106884,18629240
2023-11-17,169.26844787597656,173.49261052266579,168.57878517845825,173.14778575101755,13199928
2023-11-20,170.56153869628906,171.1218821671382,169.82876970743692,170.6908446805711,6423265
2023-11-21,169.76243591308594,172.20410278658156,169.58486285005932,171.36062057623795,10720353
2023-11-22,169.5848846435547,170.33958719335055,168.47503592206544,169.76245772940135,7538825
2023-11-23,169.27410888671875,170.25078110756164,168.3418468689543,169.58487192461158,6541617
2023-11-24,167.67593383789062,170.33957050856114,167.05440777636883,169.45169161833763,5751331
2023-11-28,172.2041015625,172.648040990889,167.27637119779092,167.67592752170597,9277764
2023-11-29,170.47274780273438,173.58032393455505,170.20638142470125,173.58032393455505,8791333
2023-11-30,173.09197998046875,173.7134924690465,170.5171367215226,171.04985590546517,14965403
2023-12-01,172.73681640625,176.0219651265107,172.47045006721163,173.3583288320364,9935740
2023-12-04,179.3959503173828,182.81427625586855,174.0686764463274,174.46821927706495,28615290
2023-12-05,179.3959503173828,181.08291495736714,176.8210931509312,179.529126744976,14557746
2023-12-06,179.30714416503906,180.90532892154474,176.77669738619906,180.90532892154474,12662213
2023-12-07,176.59912109375,178.37487902751502,174.06867416690955,178.37487902751502,16425880
2023-12-08,173.9798583984375,177.8421368251215,172.33729065045765,177.44259405117808,10414387
2023-12-11,175.6224365234375,178.33046968364664,172.47046394509428,174.95652739623637,10108266
2023-12-12,173.49154663085938,175.62246430374935,172.73685762942674,174.8677617543587,10719911
2023-12-13,171.49380493164062,173.49153246614412,170.51714626576862,173.49153246614412,10892122
2023-12-14,173.9798583984375,174.29062141592468,171.58258820682087,173.9354617462313,15257294
2023-12-15,178.50804138183594,179.30712690920933,174.77895300750058,175.1340991201208,22863981
2023-12-18,176.6879119873047,179.04078579810331,175.22291713121615,178.50806655405188,8061011
2023-12-19,177.84214782714844,180.72775427563602,176.9542689199215,179.35153925984287,16739742
2023-12-20,180.4169921875,188.2303293217686,178.41926463573594,179.12957047484346,57762576
2023-12-21,179.92864990234375,183.56895873538406,178.64122823386344,181.0828951577924,22823936
2023-12-22,181.08290100097656,181.5712371111113,179.17396676348997,181.1272976560719,9910694
2023-12-26,184.1016845703125,185.12273982643174,180.81652199402058,181.57122443407815,17052969
2023-12-27,182.5034942626953,186.36575900308273,181.57121879158262,186.0106128940663,20361303
2023-12-28,184.94517517089844,185.47789437518628,182.32593515960232,183.34699046212154,22010872
2023-12-29,182.0595703125,184.67881034579372,181.34926448619407,184.67881034579372,12171663
2024-01-01,182.32594299316406,183.87973111468568,181.79321021803088,182.90305887626062,4820168
2024-01-02,183.83531188964844,187.12046080510544,180.81651578110115,182.32592060935258,21141219
2024-01-03,184.90077209472656,186.8541028718503,181.57122637873508,182.45910523633282,11650902
2024-01-04,190.58319091796875,191.249100059608,185.83304716971585,186.8984990867474,31054419
2024-01-05,192.18136596679688,193.11364142810987,189.1625834280224,191.29348715563316,20743811
2024-01-08,193.51321411132812,196.04367453367527,192.75852513389583,193.55761076834358,19310595
2024-01-09,192.3589630126953,196.62078454745645,191.7374504769495,196.22124174218823,11951525
2024-01-10,188.31912231445312,190.89396573542254,186.18820480072537,190.89396573542254,16500666
2024-01-11,188.09713745117188,190.0060715357364,187.20925861221983,190.0060715357364,12586419
2024-01-12,198.35214233398438,199.55078427719033,188.54109125349365,189.82851295859382,39228118
2024-01-15,207.3197479248047,209.05110927711178,199.46201330161907,202.88035289429496,57884916
2024-01-16,208.74032592773438,212.1586514185179,205.18881047884364,208.6071359696272,34505065
2024-01-17,206.03228759765625,210.64925485754551,204.83364574408952,206.1654640045166,26010955
2024-01-18,207.36412048339844,208.2076027315682,199.46199011875666,204.25654432322577,19232183
2024-01-19,214.9110870361328,215.35502647907134,208.65153818110824,209.5394170669853,26391844
2024-01-23,204.12335205078125,218.10744461342557,202.43638757351795,217.53032875224517,20282617
2024-01-24,208.0744171142578,208.65153295644419,202.52517421648005,205.1000175018664,14458601
2024-01-25,207.8080596923828,210.87123919424468,206.6982110650447,208.6515419395684,18291957
2024-01-29,224.1894073486328,226.3647077994541,212.2918362986204,213.97880067730893,54127939
2024-01-30,221.25941467285156,233.77849877960105,220.77107857818663,227.7409332206926,51491099
2024-01-31,223.9674530029297,225.83200411609124,218.68457624624781,222.36926826992791,33293192
2024-02-01,219.88320922851562,226.09836167161635,217.92987831313255,226.09836167161635,29758133
2024-02-02,228.4068603515625,230.8485274690233,221.08185899918,221.96973795098395,30482663
2024-02-05,233.46775817871094,237.9959187093806,226.49790367558958,230.89288779581236,34001868
2024-02-06,241.76942443847656,242.74609669131553,231.02611094499255,235.598682065199,36708949
2024-02-07,241.41424560546875,244.74379117862964,237.5519673214199,244.16667536513066,23756939
2024-02-08,242.52410888671875,244.74380607055457,238.9282102872699,242.43531558018276,25252940
2024-02-09,237.552001953125,244.74382685880056,230.0938242011306,244.1667109611663,26743792
2024-02-12,228.9839630126953,236.70852028517226,228.00729080299274,232.5798888171575,30906374
2024-02-13,230.40457153320312,232.97941489030674,226.14275015941382,229.07275320064124,20711842
2024-02-14,238.70626831054688,239.41656065355704,227.2970180405025,229.07277599394394,36168962
2024-02-15,246.20880126953125,248.47290865897637,238.83941744328936,241.1922910435295,32831246
2024-02-16,247.47007751464844,250.44295046198525,243.5512704531661,247.87545428429056,27044984
2024-02-19,247.42501831054688,251.38885808697978,245.39805197677535,247.47007850234718,15322964
2024-02-20,249.18170166015625,253.280666503854,246.88445694625403,247.56011230460993,18968785
2024-02-21,245.89349365234375,253.23560899517722,244.6773086279824,248.64114751008105,16340579
2024-02-22,247.47007751464844,248.64120261693498,241.88464819799654,246.70432918200402,16791453
2024-02-23,245.21786499023438,248.64117451188133,244.2268982889722,247.65020781061915,9464646
2024-02-26,243.100830078125,244.9476105963717,241.25402206738838,244.9476105963717,8661999
2024-02-27,242.65036010742188,243.41610832512305,238.6865209418045,241.47920768844173,19582774
2024-02-28,239.40721130371094,243.50617607880247,238.37121193673593,243.2359249369782,9118196
2024-02-29,238.37123107910156,239.94776034881454,235.57851658854082,238.7315751279668,17179832
2024-03-01,243.73141479492188,245.8935340792496,240.08288661447415,240.08288661447415,12930057
2024-03-04,251.52395629882812,252.74011383978856,245.488091313574,245.71330974597177,22280353
2024-03-05,255.62294006347656,256.7039996175678,249.22673060215746,252.24466332254954,18544484
2024-03-06,252.4698944091797,256.1184224750112,246.43402866627372,256.1184224750112,16807149
2024-03-07,250.5330047607422,256.16346590921046,249.7672565460533,252.46987789731807,11386963
2024-03-11,246.83946228027344,252.69514295480548,246.11877411732752,250.5330509734765,10684598
2024-03-12,243.59629821777344,248.2808535170053,242.38011294850267,246.83944977166553,13780189
2024-03-13,230.0381317138672,244.13680127027698,227.69585432126385,243.9566155121972,20079496
2024-03-14,237.155029296875,238.14599598141817,226.2994971913971,227.47063588779085,21404057
2024-03-15,233.10108947753906,239.99276836359522,224.22747728781962,237.78564410847812,34961065
2024-03-18,235.66859436035156,236.97484489027872,232.02003893179173,233.28128426066885,9246173
2024-03-19,233.55152893066406,237.78564672022983,231.20925158946778,236.02893184121112,8758348
2024-03-20,237.69557189941406,238.3712272899795,231.70476626823162,233.7317324399279,10484778
2024-03-21,236.88478088378906,240.48827614732653,236.34425109576102,238.46131006158672,12163200
2024-03-22,237.155029296875,238.9567769078674,232.83084602748792,236.88477815222083,13025089
2024-03-26,239.18199157714844,241.34408317765363,233.59656307439752,235.7136219823347,10830926
2024-03-27,235.80372619628906,241.61437342620127,233.91188564521386,238.73156615861166,28563001
2024-03-28,241.4792022705078,244.13679088040683,235.9838942852694,236.4343311688126,18888942
2024-04-01,243.14584350585938,244.58724714591665,241.2540029465647,241.4792214061834,6440401
2024-04-02,245.48814392089844,246.88448750400283,242.74048945382577,243.3260520050473,14439120
2024-04-03,248.05563354492188,251.34381777720094,246.70432269665736,247.7853548797752,22600929
2024-04-04,242.3350830078125,251.0285107845018,239.0468987182863,251.0285107845018,24624383
2024-04-05,241.38916015625,244.94759538376155,240.08288207106318,241.29906727235982,13029904
2024-04-08,243.59629821777344,245.03770196311322,240.17298837851996,241.02880209208845,13011300
2024-04-09,242.29002380371094,245.6232404273295,241.43418268153903,243.2359303134908,13173933
2024-04-10,245.0376739501953,246.11873350873492,242.47017811802866,243.19089365455062,11137195
2024-04-12,239.3621826171875,245.4881135359523,238.73155995239398,244.94758375077024,21894584
2024-04-15,252.10955810546875,254.90227260193546,240.62341625898358,242.4251639996087,75063828
2024-04-16,255.0824432373047,263.55065252996525,247.9655448155737,249.5420741649915,79082544
2024-04-18,246.97457885742188,259.1814369287785,246.2538907207877,257.6499402728181,34136482
2024-04-19,247.9655303955078,252.96536933019297,246.92953095320684,249.31684118785392,32658724
2024-04-22,249.3618927001953,250.44295241264177,246.6142382120888,249.81232966496623,14184019
2024-04-23,249.3618927001953,251.11860785979817,248.23580028826794,249.40695289216671,8799147
2024-04-24,251.6591033935547,252.60500989357024,248.91142178769957,250.08257423187098,9253985
2024-04-25,254.0013885498047,254.58695104353743,250.44292590771795,251.65911108238606,17050557
2024-04-26,254.85719299316406,257.7850328485826,254.22659782748897,254.94728587182811,11070290
2024-04-29,255.12747192382812,256.97425222238434,254.181537935493,255.80312727585894,8952420
2024-04-30,254.81216430664062,257.9652226620534,253.55094646297295,256.29860060426637,10658906
2024-05-02,254.76710510253906,256.38869447278086,251.38882828014425,253.14554322478443,15677336
2024-05-03,257.7400207519531,263.9110122850058,255.84818011877428,255.84818011877428,28913016
2024-05-06,254.18150329589844,260.1272750819832,247.96548040282553,260.08224239497946,15491865
2024-05-07,246.4790802001953,256.749036147602,245.03767660402718,255.758069456956,13179001
2024-05-08,249.40692138671875,252.46988686174475,245.35298921587898,246.38898860548505,12797721
2024-05-09,238.956787109375,250.93839823699693,237.11000672626002,249.7672732368491,14869187
2024-05-10,243.46115112304688,244.31699225349934,238.2360939368275,240.53331119279747,9530738
2024-05-13,240.44322204589844,244.9475912393116,236.0739784297901,244.9475912393116,7163239
2024-05-14,245.84844970703125,247.42497882615794,240.03783030631305,241.38914097985023,9123849
2024-05-15,246.34396362304688,248.64118092810486,245.4881224743064,247.28987016219125,6368662
2024-05-16,250.1276092529297,251.6591057355266,246.65923956645102,248.64117295657798,23757779
2024-05-17,249.9474334716797,255.3076158002087,249.18168528403692,251.1635910428054,11529157
2024-05-21,252.33473205566406,255.84813403154413,250.75820306075138,253.23560576704276,17559555
2024-05-22,250.44290161132812,255.84814409214815,249.45193499134746,255.84814409214815,17935064
2024-05-23,255.35267639160156,256.34361552632777,251.43387006591618,252.19961825478333,17719819
2024-05-24,255.17250061035156,257.604870836465,253.91128280486117,255.8481559517735,11041667
2024-05-27,250.1276092529297,256.0283492370653,248.37092180905478,255.8481634770585,13719808
2024-05-28,247.1096649169922,251.61403378162922,245.98357270083295,251.61403378162922,6927361
2024-05-29,244.90255737304688,246.65924485458345,243.4611537395511,246.65924485458345,8327205
2024-05-30,240.2630615234375,247.83039619900117,238.73156501502535,245.9385556569884,15390964
2024-05-31,238.14599609375,241.83958419652402,236.92981095725912,241.83958419652402,24167379
2024-06-03,255.9382781982422,258.14540273799804,246.11875827460977,250.39790926131792,30195397
2024-06-04,212.87649536132812,256.7490494898121,200.89487030255472,256.7490494898121,72779900
2024-06-05,222.96627807617188,224.99324424050073,207.60637617056457,222.51584115076548,37078551
2024-06-06,227.29046630859375,233.77675502833944,224.54279842317382,228.82194904507983,30881233
2024-06-07,234.58755493164062,234.94789898833503,226.8400477427546,228.3715306030726,22010688
2024-06-10,233.46145629882812,237.83070003663522,232.47048955017777,237.83070003663522,14138524
2024-06-11,246.4340362548828,247.74031436397928,238.9567941274382,240.3981978185991,47270206
2024-06-12,248.19076538085938,251.43391699685688,247.37998434998258,250.44295018467844,20560662
2024-06-13,249.1366424560547,250.44292048435275,245.48811450354722,250.44292048435275,16013386
2024-06-14,248.10064697265625,250.62311018898833,247.3799589065542,249.5420505973478,10642648
2024-06-18,248.46099853515625,251.34380587190097,246.83943659104253,251.29877317608768,17044769
2024-06-19,244.6322479248047,249.18167671105226,244.22687124587128,248.5510541093992,13361607
2024-06-20,244.90255737304688,246.8394306184533,242.42515432851863,244.85749718583563,12826509
2024-06-21,242.92063903808594,247.5151013774389,242.24498362031312,244.5422285362343,17406416
2024-06-24,243.14584350585938,244.36202868629795,240.17297083588753,242.92062504624067,7282347
2024-06-25,240.53330993652344,243.95661945547909,238.73156229654947,243.3260242769805,14425434
2024-06-26,241.20896911621094,242.4701869856413,237.9207851197536,240.44322085861432,10650910
2024-06-27,240.98374938964844,241.52427918584235,237.3802540716724,240.89365650820153,22830930
2024-06-28,247.01962280273438,248.1457151249706,241.74950523617116,242.33506774523633,19532912
2024-07-01,245.89349365234375,248.46096176851484,244.6773086279824,247.74027378721843,11750972
2024-07-02,247.6051788330078,252.0644878168888,244.5872459898837,246.11874250504746,24470518
2024-07-03,247.47007751464844,250.17269928222382,246.83945477188473,248.64120261693498,9125400
2024-07-04,249.58706665039062,251.25368862117674,245.9835715751712,247.74028642133493,13444669
2024-07-05,259.6318359375,260.62277510740614,249.09160165180356,249.76725699082291,39781962
2024-07-08,269.4964294433594,272.9647995566866,258.86612811438556,261.25343851960105,53136198
2024-07-09,267.96490478515625,271.92874374007306,264.27131695506927,270.98280981819937,18686252
2024-07-10,268.59552001953125,270.0819563023679,260.2174046126431,269.99189091567047,19278800
2024-07-11,274.5412902832031,276.74844208805285,265.89289631311027,270.26213973736157,36020507
2024-07-12,276.65838623046875,280.8474444584561,274.0458573619114,276.38810755907235,31788101
2024-07-15,290.53179931640625,291.5677986836884,278.0546917387393,280.8924386986813,51435537
2024-07-16,290.66693115234375,295.12626753728733,288.0544025851742,291.5227722742984,37468292
2024-07-18,298.81988525390625,300.2612615077621,289.7660860141195,292.87411198303687,48189915
2024-07-19,287.96429443359375,300.17115048509896,286.52289090634224,299.99096473451044,26579496
2024-07-22,289.0002746582031,291.29751911011715,283.3247812922673,288.27958668847543,22234557
2024-07-23,283.0094909667969,289.5408258366787,267.9198552329319,288.3246407417208,37871058
2024-07-24,287.8742370605469,293.4596661077905,281.1627431569519,282.01855684657716,28259305
2024-07-25,302.513427734375,304.089956971361,284.7662293906541,286.52291690208847,42054664
2024-07-26,298.7297668457031,304.94579076003953,297.3784561037827,303.1440431041457,25703985
2024-07-29,299.90087890625,305.8916841055346,297.964005758096,300.7116598179789,26721790
2024-07-30,299.0000305175781,304.72058506308423,298.1892495369723,299.0901234026429,19792253
2024-07-31,301.0720520019531,303.99989201771047,297.06315236799776,299.13515122830773,21393361
2024-08-01,307.87359619140625,310.5311846829564,303.72957154885535,304.31513397288785,36044960
2024-08-02,297.37847900390625,304.49537729423815,296.0722008557961,304.49537729423815,22939377
2024-08-05,279.49609375,291.2524857294358,275.6673801369863,288.5949245406004,37986023
2024-08-06,275.7574768066406,290.4867689953965,274.9016356961447,283.5950624032128,28386636
2024-08-07,296.4775695800781,298.1441915889094,281.0726222833583,281.432966300609,66110716
2024-08-08,290.7120056152344,296.38749993616557,289.81113175524604,296.38749993616557,23478224
2024-08-09,299.5856018066406,302.55850214592317,295.6668223701831,300.8468472495123,29814474
2024-08-12,307.4682312011719,310.53122425720073,297.19827490342243,299.76577085098177,34754596
2024-08-13,302.6034851074219,310.80144167621916,299.9459240581451,309.99066080512597,28943385
2024-08-14,295.62176513671875,303.1440677091282,294.40557987178005,302.55850517193244,17812763
2024-08-16,296.92803955078125,302.468408474072,296.0721983585499,299.58560102996677,16584396
2024-08-19,302.06298828125,305.1710140337177,300.48645905745957,301.79273712559535,19636518
2024-08-20,297.37847900390625,302.6936294995977,295.531671018906,302.5585039134976,14972714
2024-08-21,295.21636962890625,298.6396792385674,294.1353100192828,297.8739309727914,11835143
2024-08-22,292.1983947753906,297.7387626206672,291.5227394895646,295.98204788052595,13387819
2024-08-23,289.52020263671875,294.8766387018133,288.29457062627245,294.5134956595428,13229612
2024-08-26,297.6456298828125,298.78046907886863,293.0608629071246,293.6963839393301,21346682
2024-08-27,298.55352783203125,301.9126355279345,295.9660886933512,299.05284604035654,20165503
2024-08-28,297.6002502441406,299.86992886926686,294.74046071768913,298.3719465178911,12446738
2024-08-29,299.2344665527344,299.7337848197002,295.012869412803,296.0569161475756,13799961
2024-08-30,300.27850341796875,303.5922289046537,299.18904651816337,300.00615304603735,19666466
2024-09-02,296.1476745605469,301.36793533614235,295.7845038200232,299.59757494722106,8975511
2024-09-03,292.51617431640625,297.7818173207613,292.01682842593567,296.8739459264907,10321111
2024-09-04,285.43475341796875,287.06893850891356,279.987525193557,285.97948178161704,25397204
2024-09-05,282.711181640625,287.74988512635275,281.57634225726827,287.74988512635275,15571640
2024-09-06,280.3507080078125,284.29995457247406,275.72058552445696,282.8019721392685,27946491
2024-09-09,271.3627624511719,280.2599190089704,267.50430890828926,280.2599190089704,30369085
2024-09-10,268.36676025390625,273.72319535141725,267.8220319358809,272.4521810800468,15618589
2024-09-11,259.0157165527344,265.4616094623597,257.1545911414516,265.4616094623597,44826300
2024-09-12,266.9595642089844,267.595085247882,260.10514647504056,261.4669535246481,21964895
2024-09-13,264.59918212890625,269.8648261916933,264.2360113333691,268.45763633013314,13672371
2024-09-16,265.5523681640625,268.18518952089244,264.50832165949623,267.64046117319515,10971110
2024-09-17,267.50433349609375,269.27469401384894,265.2346547328382,266.6418721896804,11873436
2024-09-18,263.6459045410156,270.3641487746297,261.376225563035,270.18259108001655,13421760
2024-09-19,258.9703063964844,262.5564093641434,256.4736601472632,260.9222242864866,17067311
2024-09-20,259.87823486328125,262.42026415681994,258.92498080471455,260.5591385354121,16585530
2024-09-23,268.2306213378906,269.0930825607491,261.05841497601165,261.83011122196484,14621229
2024-09-24,271.8620910644531,274.1771519605136,267.54970208494177,269.00227410268576,16986759
2024-09-25,271.18121337890625,273.45089200542526,269.365470477691,271.86211696686195,10609614
2024-09-26,268.0036315917969,271.1811812929583,264.6444965395838,269.6831714118688,27812412
2024-09-27,269.81939697265625,270.95423624709366,263.0103613260317,265.73397558468156,35706130
2024-09-30,270.18255615234375,273.9955997187971,266.6872454368992,269.63782772683936,16294341
2024-10-01,265.0530700683594,271.5897276173655,263.9182308022781,269.63780962091306,10919818
2024-10-03,265.1438293457031,270.5456752185552,263.78202225567685,267.8220610385026,28124665
2024-10-04,268.0490417480469,272.08908072471695,266.1879163847938,269.63781676264153,23104209
2024-10-07,262.783447265625,269.0023455977851,255.56585692027303,268.72999519858195,20917962
2024-10-08,266.41485595703125,266.823381436643,254.70329349953852,261.60312122867214,10572360
2024-10-09,261.9208984375,265.00765565084214,260.4229161713524,264.41754478309144,13147475
2024-10-10,262.14788818359375,265.2346456547643,261.0584313321036,262.10250569229777,7237212
2024-10-11,265.5977783203125,266.5964424441315,262.82878151457743,264.46293902189035,7011704
2024-10-14,260.1051940917969,265.91556635927117,258.87956198156985,265.7340086763741,12690951
2024-10-15,257.5631408691406,260.0143771550144,254.9757017012423,260.0143771550144,15087155
2024-10-16,259.10650634765625,260.78607407174536,254.79411695917656,256.92762040836885,18188885
2024-10-17,255.65658569335938,261.1038139636467,255.06647483861875,258.7433428386484,13343303
2024-10-18,257.1999816894531,258.28943855840686,253.47773075027922,256.01975983645247,14028398
2024-10-21,251.11724853515625,257.835491721914,249.25609543959715,255.24805254899007,10299773
2024-10-22,245.85157775878906,252.52443846241485,245.1252916806689,252.38826328602207,10028511
2024-10-23,245.89698791503906,249.1199204819763,240.6313168783898,245.12529164088795,18823321
2024-10-24,244.30819702148438,247.34957172456052,243.62729347778236,246.85022583555738,7488521
2024-10-25,239.72344970703125,245.3976463740793,237.49918123717146,245.12529601647637,12961181
2024-10-28,239.0879364013672,240.63130114270575,231.7795689319814,236.63667256283946,13835091
2024-10-29,240.58595275878906,241.0852710122875,235.50186670645192,239.08797029225366,9122757
2024-10-30,237.54454040527344,241.67537179693036,236.99981203751219,240.58591506140783,11166643
2024-10-31,241.62998962402344,243.58190777098116,237.09063220968505,239.13334304613733,16173656
2024-11-01,246.71408081054688,248.75679169122296,243.89967361151855,244.94372029821176,2955757
2024-11-04,240.85829162597656,249.07454511168402,236.1827590633463,248.7567845537106,14355959
2024-11-05,242.7648162841797,243.8542730890721,239.31491591208282,240.7675157499269,11676017
2024-11-06,244.26283264160156,245.67005018614154,240.0412354200643,243.0372281978956,19244545
2024-11-07,240.7675018310547,245.5792090780815,240.40433111306064,245.5792090780815,6766663
2024-11-08,238.3616485595703,241.94775202662066,235.72882678041339,241.4484337896568,7836093
2024-11-11,233.23216247558594,238.18007280164235,232.41508373802685,238.18007280164235,8450657
2024-11-12,232.55125427246094,238.95176428544983,231.87035072040064,236.81826094778688,22445400
2024-11-13,229.28294372558594,233.27758652641722,226.059997219523,232.55127272297227,17483332
2024-11-14,227.69418334960938,230.87173371654129,226.06001181886893,229.28295853307532,12454540
2024-11-18,227.5579833984375,228.87440814118622,224.33505069176184,227.96653665130137,14636541
2024-11-19,230.67393493652344,237.55694183413758,229.8368174626488,232.53420860536636,17397559
2024-11-21,225.23263549804688,230.67394181886283,223.97695924977086,230.67394181886283,16189440
2024-11-22,228.44161987304688,229.69729612597473,226.4883267781428,227.6975075419995,9637581
2024-11-25,239.8822784423828,242.30063983375905,230.62741998977998,231.13899807558207,31973671
2024-11-26,236.48728942871094,240.207836755023,234.90605965358063,238.99867022818094,9242451
2024-11-27,236.5338134765625,237.6499749037025,233.04580014627334,237.18490645966398,11689970
2024-11-28,234.58050537109375,239.41721404201866,233.65036854234813,237.18489133013384,14202863
2024-11-29,238.76612854003906,240.5798782734796,234.62700841498102,236.06872329731215,11476347
2024-12-02,239.55674743652344,240.25435011209342,235.04559198349517,237.6499781441757,13677959
2024-12-03,244.02142333984375,246.20725074939577,240.76594416385905,242.20764501615625,15345326
2024-12-04,242.48666381835938,245.83513343395836,241.83555673448117,245.41658892476906,10713838
2024-12-05,243.04473876953125,244.85851691570863,238.95214245450245,242.48667938811323,12896743
2024-12-06,241.882080078125,244.62599518055774,241.4170116462228,242.5796827259783,8783386
2024-12-09,240.8124237060547,243.09127033252665,239.69627652238333,241.88207540164453,6800856
2024-12-10,238.9521484375,240.67290726801858,236.71982569936515,239.64975106726237,11318782
2024-12-11,238.67311096191406,240.62640393869944,237.78946963880173,239.51022841324416,5353032
2024-12-12,236.30126953125,240.53339503641044,235.8827107873906,239.97530724942328,7123877
2024-12-13,236.48728942871094,238.8591269950255,232.06913947871536,235.3246183892384,11143128
2024-12-16,234.20846557617188,238.394067278244,233.65037777975573,236.25476384176065,7283872
2024-12-17,230.1158447265625,234.8130385292964,229.27872726153578,234.1619455906354,10066884
2024-12-18,227.09291076660156,230.20887495317368,226.39530811522832,230.115855589219,8430930
2024-12-19,224.95359802246094,226.90687684988953,221.88414364477413,223.23283920978088,9518542
2024-12-20,220.53546142578125,227.09291512019274,218.861212191836,224.62805804852513,15556528
2024-12-23,224.02346801757812,225.3721636236746,220.30292058406394,221.60510650868906,7722901
2024-12-24,222.2561798095703,226.255770785335,221.93064045359324,224.16296303911915,3577400
2024-12-26,223.46536254882812,225.09310192223268,222.30269156782484,223.23282835262745,6330006
2024-12-27,220.3494110107422,224.162977719591,219.79133742419282,223.23284088258023,6487888
2024-12-30,216.39633178710938,220.44243274884485,215.00112651654706,219.55880558270778,19401112
2024-12-31,222.53524780273438,223.1398310956264,216.11730902910216,216.39633873796777,12004845
2025-01-01,220.39593505859375,222.5259565021495,219.83786143566397,221.19585335827955,9418453
2025-01-02,228.8787841796875,229.53917340299554,220.442436038596,220.48894572019452,19745810
2025-01-03,240.8031463623047,244.3934610325359,230.66464602836137,231.0925010378835,49760410
2025-01-06,236.58961486816406,241.37051781320847,233.88291316966053,241.0077508087842,19265884
2025-01-07,245.08172607421875,248.71856421601646,240.02177982350202,241.04493593771335,52956766
2025-01-08,252.3740234375,254.3924329269534,247.18387221330116,247.83497937390536,42237794
2025-01-09,244.7934112548828,253.54600248702272,243.4261089394364,253.025128117855,14706472
2025-01-10,244.64456176757812,247.88144792930763,240.41245084006678,245.55610601627473,13053552
2025-01-13,237.8638916015625,249.8347624580414,236.82214287595423,247.4443039518187,20416370
2025-01-14,242.1797332763672,243.69586092226217,238.87775872876782,239.52883750907733,8470150
2025-01-15,240.14271545410156,245.99328395304758,239.68695749931467,242.6726887196845,9344731
2025-01-16,244.7934112548828,247.07225790913486,241.83558286163932,241.83558286163932,14195450
2025-01-17,247.9466094970703,248.34656156646747,243.0447696844334,243.69587689293812,12148143
2025-01-20,250.54165649414062,251.57412319191795,246.49558377258398,249.36970332692505,9676264
2025-01-21,247.23036193847656,250.53236476809423,246.3095355456976,249.3231698388097,8989218
2025-01-22,245.6026153564453,247.7791604890967,243.42609860931694,247.41639350514714,7919682
2025-01-23,244.6724853515625,245.39799095414006,242.9238519294574,244.62598986359262,5026675
2025-01-24,238.5894012451172,247.0815548275274,237.8824881890279,244.61666958264428,6306281
2025-01-27,233.2597198486328,238.52429786519056,232.07844206634238,237.18489852035134,6944911
2025-01-28,231.30641174316406,234.7665217615959,229.47405531138293,232.5341991270804,8029472
2025-01-29,233.8363800048828,234.39446774805396,229.743783864164,231.51103806293784,5651586
2025-01-30,238.7847137451172,241.27747348679105,233.40852432707885,234.3944670366293,12588155
2025-01-31,244.26321411132812,245.0817390460205,237.38022158543913,239.0544706824183,8850307
2025-02-01,239.55674743652344,244.16093644949558,236.0222385678457,241.41702123804342,10921673
2025-02-03,231.6040802001953,238.44059185911323,227.74401787396363,237.7429892079078,25719512
2025-02-04,236.34776306152344,239.5102224576462,234.39447013330812,234.76651917070103,8402532
2025-02-05,243.3702850341797,244.62597537576045,239.74275723613025,240.90542822175647,11590755
2025-02-06,238.25454711914062,244.57949469511416,236.53380247191254,244.30043661035901,12327998
2025-02-07,236.1200714111328,240.81592221254462,234.79196105790186,239.96212457805282,10098454
2025-02-10,230.00125122070312,236.78413871359692,229.38463166467506,236.1675046822518,7582536
2025-02-11,226.6809539794922,230.00124420364347,224.6413529176402,230.00124420364347,6711630
2025-02-12,225.21054077148438,228.8628658718984,222.1274140809821,226.72839354770454,5985956
2025-02-13,222.88633728027344,227.1552818675857,222.1748465157214,226.25406312754978,10079210
2025-02-14,218.6648406982422,225.73231313160343,215.10738667386732,222.93378552749203,8065352
2025-02-17,221.653076171875,222.26971016532622,213.49465770160478,218.38022166155025,6692422
2025-02-18,224.45162963867188,224.9733779617011,217.76361343789318,220.2775417272197,6170974
2025-02-19,226.0643310546875,226.53865822245842,222.45944168456518,223.88242318787795,6168581
2025-02-20,229.47950744628906,230.19099828931226,224.35677916664935,224.64137839892226,8929816
2025-02-21,227.58218383789062,230.57045387084366,225.87461750513728,229.4794926301209,5697387
2025-02-24,222.31716918945312,225.73231641737354,221.985134352218,224.1670424139914,6883143
2025-02-25,221.03646850585938,224.54648678449416,220.60957693385134,222.93377724839894,5519036
2025-02-27,219.13917541503906,221.84284635639077,216.7675393174737,221.51081151260442,9664032
2025-02-28,213.6844024658203,218.6648380393855,211.69222244626732,218.1905108419031,17237276
2025-03-03,213.57057189941406,214.39589660379607,207.14817749230878,213.21007859160696,11928529
2025-03-04,215.11685180664062,216.05602480946195,204.41603206521157,208.79882493639474,12428265
2025-03-05,217.1849365234375,219.37632582972915,215.11686244358586,215.45837860010644,7466729
2025-03-06,220.65701293945312,221.5772088392448,215.06943926176103,219.60400600646042,10439208
2025-03-07,220.93211364746094,224.32829799831137,219.30042698782736,220.65701025179428,9079049
2025-03-10,211.7301788330078,222.93378503286394,211.05662783674757,220.93212366057745,16489167
2025-03-11,215.0789337158203,215.5912007393287,208.79884601582694,209.55775798023672,10941588
2025-03-12,212.87803649902344,217.09006425074185,210.94278793826157,215.43941489826418,6994310
2025-03-13,213.8551483154297,218.56996170634332,213.32390418270427,216.4354893675106,16105085
2025-03-17,217.94384765625,218.61738411408467,214.623557551967,214.88917960228434,8788971
2025-03-18,217.94384765625,217.94384765625,217.94384765625,217.94384765625,0
2025-03-19,220.62855529785156,223.0665895183701,219.7083593945916,220.56214254334225,8626593
2025-03-20,223.4934844970703,224.86903046892888,220.09730004032127,221.49182315308832,18955995
2025-03-21,229.97279357910156,235.2662867684293,223.6927062014974,223.6927062014974,29285333
2025-03-24,231.31039428710938,233.74842846463105,230.2858458414872,231.6519104356501,10566066
2025-03-25,229.8115234375,232.77132046948523,228.19881388738798,231.4811499343322,8915800
2025-03-26,227.41143798828125,231.94600494325695,227.07940315222316,230.8550581538963,7543985
2025-03-27,229.7356414794922,230.9024823748127,226.39637383420686,226.60507896674457,9935664
2025-03-28,233.72946166992188,241.81198625038184,230.76965027642657,230.9404155853381,32905564
2025-04-01,235.33270263671875,239.25063544353637,234.03303627278973,234.31763548625756,11258957
2025-04-02,237.77073669433594,238.58658005205547,235.26628967359744,237.21103407604346,15337906
2025-04-03,230.8170928955078,236.80309966574592,230.05816650297515,235.26628421547207,11141370
2025-04-04,214.40536499023438,228.82492272800505,212.6883029283175,228.2082887137107,38336194
2025-04-07,208.55218505859375,209.4628996746011,194.4741568831757,197.3201201546368,27024128
2025-04-08,215.02200317382812,215.57222444596655,207.92605805754653,211.54992470239438,11309092
2025-04-09,210.5443572998047,212.5554999713238,208.95061039995926,210.60127424706394,16889575
2025-04-11,218.54150390625,219.51861675523296,213.68439813458204,216.5777968756409,13886447
2025-04-15,220.7423858642578,221.98512076273354,218.28537454014804,221.98512076273354,12102239
2025-04-16,228.83441162109375,229.57436088244154,219.82219497488222,220.74239088520497,18748952
2025-04-17,230.98785400390625,232.0503422489166,226.97503566187245,228.62569944992785,12891813
2025-04-21,236.9548797607422,237.68534765524106,229.3371865726321,231.4811401687742,11698653
2025-04-22,235.05758666992188,237.73279903285675,234.5642823275823,236.1864877248348,9896443
2025-04-23,239.22216796875,239.77238923400057,232.34442386609322,235.96829046557616,16555874
2025-04-24,236.56594848632812,238.4632573295605,235.26629656081562,237.16360540404798,6538518
2025-04-25,233.68203735351562,237.80867526001805,231.85112685578355,236.2149428348269,15616265
2025-04-28,237.73280334472656,239.01347812601125,231.8321716967187,233.36898722438738,7669983
2025-04-29,233.06539916992188,239.1557729765744,232.51519237242871,238.33992963762384,8030552
2025-04-30,231.89857482910156,234.73505681417902,229.78307948221152,232.8946648855903,9822483
2025-05-02,230.27638244628906,233.6251314392077,226.72840965315456,228.62571852054495,10203190
2025-05-05,226.9181365966797,228.76800983877706,222.4594636739707,227.6770630351939,20086323
2025-05-06,224.8311004638672,230.5135457246802,223.88244603153018,228.74904790152067,11350559
2025-05-07,226.41534423828125,227.76243175119058,220.15423387442024,220.3724203336468,16689539
2025-05-08,221.24517822265625,227.05093846335956,219.51862028291822,225.45720603466344,15026122
2025-05-09,222.89585876464844,223.2183978076578,216.72010895271418,217.33674303821624,11184507
2025-05-12,231.4906463623047,232.040867640935,225.88409549027978,226.72839731129662,11374237
2025-05-13,228.77749633789062,232.69542912831045,227.9521571747565,231.61396370191284,9336026
2025-05-14,233.3784637451172,234.22276558214875,228.7774985900665,228.7774985900665,8234859
2025-05-15,234.8963165283203,236.13905147608597,229.85896398111507,232.3728923506168,16812750
2025-05-16,234.57376098632812,236.5849035402926,233.55869390181292,234.37453720724847,8030229
2025-05-19,233.91920471191406,236.64183821971795,232.33495359402457,235.2662922287665,8043270
2025-05-20,236.4615936279297,239.72496712269475,234.11841607123446,234.11841607123446,13183059
2025-05-21,235.91136169433594,239.0134655361529,235.03860141130363,238.58657396487754,7158307
2025-05-22,229.2613067626953,237.61894969794858,227.30708101771472,235.91136888547905,18502235
2025-05-23,231.69935607910156,232.11675185621687,227.81934857831044,230.04869221047707,8725218
2025-05-26,233.3120574951172,234.44095850866765,232.24007342757486,232.7049192788359,7159571
2025-05-27,231.9839324951172,234.17533624175735,230.44711705295632,234.17533624175735,9712093
2025-05-28,230.2099609375,232.74286644215235,228.91030904483904,232.07881125887002,7385958
2025-05-29,230.5609588623047,232.04087188464342,228.95774508657644,231.0922174852382,12938112
2025-05-30,227.10784912109375,232.60056599893355,226.62404060620648,230.5609504296201,10108840
2025-06-02,226.07383728027344,227.76244102544746,225.45721768440086,226.72841115992412,6278145
2025-06-03,225.0872344970703,228.67314698627487,224.45163778340893,228.15138416899538,9515918
2025-06-04,225.82717895507812,226.25407053271795,223.408107381363,225.77974334082546,6733580
2025-06-05,225.5615692138672,227.31657123459996,224.09115194357037,225.82719129781938,8941808
2025-06-06,227.7339630126953,228.12291477380285,225.31489150316764,225.58051356555407,5985346
2025-06-09,230.33328247070312,231.58549870399904,228.15137453847348,229.36565096634936,7719525
2025-06-10,232.1167449951172,232.4203213425739,230.13406082998517,231.70883056295378,7659657
2025-06-11,234.62120056152344,237.5430432183976,231.04476961241986,231.94598834897832,20842417
2025-06-12,235.15245056152344,242.09659304324748,234.08046648815912,238.58657475895447,35613271
2025-06-13,238.5960693359375,242.8080973010238,236.32878583810452,242.42864132096753,39320377
2025-06-16,243.60496520996094,244.27850171044133,239.24114929219132,240.94873006328888,41444122
2025-06-17,239.35498046875,243.88954717450866,238.6340083626097,243.74725480991415,18781097
2025-06-18,237.505126953125,242.75118486543363,236.9454243057733,240.9866870222579,12691905
2025-06-19,238.64349365234375,240.00955827637068,235.45601435472,237.63792232502314,10790997
2025-06-20,238.95654296875,240.24671346012505,236.54696729568312,239.30754044515905,15907673
2025-06-23,238.4727325439453,242.37170245909323,237.47664259220514,240.01902927442853,16776881
2025-06-24,231.39576721191406,235.26627869522838,230.98785278974768,234.79195152043962,22215004
2025-06-25,229.48898315429688,232.70492090406742,229.10003138676916,231.47166732244997,13056178
2025-06-26,232.1641845703125,232.7713228002688,229.13797475330702,229.57436214139307,15769123
2025-06-27,230.36175537109375,233.5776932874047,229.5743704626342,232.42981506595174,21691960
2025-06-30,231.6708984375,233.0843842356688,230.5230202391858,231.47167464346228,8783448
2025-07-01,230.8740234375,232.70493401012828,228.9103162993241,232.70493401012828,8470489
2025-07-02,228.69212341308594,231.23451025978994,227.86678424094285,230.42814822875704,10419419
2025-07-03,231.51910400390625,233.55870512787084,229.3846316519501,229.5743596326161,13891239
2025-07-04,232.64801025390625,232.8472195717172,230.05817331982476,232.61005597173067,7717259
2025-07-07,229.11900329589844,232.89464356620485,228.4644294765456,232.89464356620485,9222263
2025-07-08,230.7506866455078,231.18705953530093,228.2936609060866,229.96330180704513,7537067
2025-07-09,230.8550567626953,232.031378968416,229.8305082615299,230.8550567626953,9590680
2025-07-10,230.6083984375,232.12625129274087,229.88742629268526,231.00683155505428,8012201
2025-07-11,229.34666442871094,230.60837641815198,228.43596438277754,230.5704366142865,5608382
2025-07-14,231.6803741455078,232.31597084390344,228.7585169142373,230.42814341411312,7568906
2025-07-15,231.1586151123047,232.77132469166926,230.23841918945857,231.92702285759904,7843083
2025-07-16,230.38072204589844,231.61396116003434,229.85895924167022,231.47166879311624,5656962
2025-07-17,231.34832763671875,232.00290144276602,230.3522521669769,230.52300299882418,7006298
2025-07-18,233.66305541992188,234.6496640703136,230.9593991522172,232.17367558707093,10293817
2025-07-21,232.45828247070312,233.65359635430858,231.87960267118638,233.3689971212921,5424455
2025-07-22,233.75791931152344,234.1942922015932,231.53807163077764,232.45825302296387,5869862
2025-07-23,232.9420928955078,234.50736687936057,231.71832060240035,233.36898448425697,7357753
2025-07-24,232.25906372070312,233.5587156458764,231.24399654168624,232.9515773952132,4590999
2025-07-25,227.9521484375,232.2305888398189,226.96555427811586,231.47166246127597,7427827
2025-07-28,227.69602966308594,229.15695104763108,225.5900157692294,227.95215592494517,6865890
2025-07-29,229.04312133789062,230.05817402176504,227.5063058373904,227.69603382289503,6157824
2025-07-30,229.39410400390625,231.19655593796062,227.77191318610545,230.08661762011818,8767763
2025-07-31,228.62570190429688,230.34276398844028,227.35450852961043,227.866775517435,10254214
2025-08-01,224.63186645507812,228.35060439911317,222.03256269280894,227.77192464267418,12629251
2025-08-04,222.7725067138672,226.14971394394564,221.98512185231027,224.35675776953582,16174972
2025-08-05,222.4404754638672,223.88243417776192,221.08390664560332,223.40810698670734,9562689
2025-08-06,221.76693725585938,223.28477557038872,220.95109391449745,222.5068865101973,7568954
2025-08-07,221.91873168945312,222.17487244767693,219.43326162728522,221.17878236597844,5560413
2025-08-08,221.45387268066406,223.04760503260013,220.7328861140407,221.8902455733204,5249568
2025-08-11,221.785888671875,222.93376677633057,219.6893707160279,221.45386834271704,4699743
2025-08-12,223.4270782470703,224.2239444329932,221.6151449508539,221.79539159476147,7036778
2025-08-13,226.41534423828125,227.62962071401128,224.1670379391325,225.53310259315816,8501906
2025-08-14,224.774169921875,226.4153379374875,222.39303817649284,226.2635497634159,7258450
2025-08-18,225.93153381347656,226.33944825449936,223.40810965287537,225.0682548413787,8501972
2025-08-19,225.7228240966797,226.29200803596785,224.5275103210723,225.30541385601154,5538059
2025-08-20,225.7133331298828,226.81377570155288,224.83109149117104,224.83109149117104,7438061
2025-08-21,226.0548553466797,228.61623386063945,225.0492839776461,225.7797519340511,8111371
2025-08-22,224.1575469970703,226.37740934571087,223.77809101841123,225.77975242777097,5423818
2025-08-25,224.60340881347656,225.29593694240356,223.55040185852496,224.16703589899487,8854258
2025-08-26,222.1653594970703,225.1156750375799,221.79538488798528,224.50853684638096,14671897
2025-08-28,221.40646362304688,223.1994199716741,220.448327830502,222.26974265487584,13870643
2025-08-29,221.71002197265625,223.2847772454379,219.4522199115343,221.4064456222828,9928988
2025-09-01,226.46278381347656,226.90865254794326,221.1028921421287,221.98513380267917,4366396
2025-09-02,227.1932373046875,230.0486817098483,225.21053869613303,226.49122786897436,5921193
2025-09-03,226.79481506347656,229.5174485678663,226.21613529865908,227.2027295085964,4364007
2025-09-04,224.7921600341797,228.25388001685536,224.51559611553148,227.98686181696087,8778730
2025-09-05,223.27587890625,226.1654087675379,222.20779153656213,224.82077202575817,7210683
2025-09-08,221.7500457763672,224.0864623173586,221.30183353384794,223.27587654469662,8418326
2025-09-09,220.6056671142578,223.714530025583,220.06208502363418,221.75003284808673,11665314
2025-09-10,220.9966583251953,222.2363793543644,220.29095910514255,222.1982401363559,11775053
2025-09-11,222.9230194091797,224.31534107525258,221.33998708650583,221.33998708650583,11047708
2025-09-12,222.43666076660156,224.4965278698952,221.91215554797586,223.63824263448944,6073522
2025-09-15,221.4925537109375,223.33308757910552,221.24461240106112,222.34129323679934,6153784
2025-09-16,224.1913604736328,224.3630233447716,221.6451418710445,221.70235797762393,7319921
2025-09-17,225.89837646484375,226.92830999737222,224.27717590074903,225.0591681306206,7628371
2025-09-18,224.6681671142578,226.68034919799007,223.62870243748134,226.68034919799007,6497852
2025-09-19,225.71719360351562,226.39427027371585,223.86712853046046,224.21043972495937,16484017
2025-09-22,226.46102905273438,227.39559274408467,224.7253962173977,225.05917624000872,9962796
2025-09-23,225.68858337402344,226.5754621296114,224.24857678393056,226.25122782443302,7014239
2025-09-24,227.4623565673828,228.99771849236066,225.3071195308819,225.68858449598852,8299331
2025-09-25,228.5590362548828,230.91452965357823,227.46235540751957,227.8438058192806,10150654
2025-09-26,226.98553466796875,229.12168025184423,225.8602312181197,228.87373893983025,6349466
2025-09-29,228.8546600341797,229.97996347409776,227.12857292979888,227.92009634948184,10631271
2025-09-30,228.39691162109375,229.7224714029347,227.4432710715276,228.87373189587683,7167687
2025-10-01,231.77279663085938,234.8721284686589,227.41466681335862,227.53864474331868,10375310
2025-10-03,232.3640594482422,232.8790189416132,228.58763647505498,231.2578329200823,10702610
2025-10-06,234.4620819091797,236.02605193387743,231.47718213130497,231.47718213130497,9465503
2025-10-07,233.94711303710938,237.93332365923317,233.31770676475287,234.462072545419,12498420
2025-10-08,230.59982299804688,235.3584946621665,229.96088556482363,235.12008452060257,5073558
2025-10-09,232.10658264160156,233.16512427866502,229.40777802545958,230.6284368166714,9292031
2025-10-10,234.91981506347656,235.6255143254089,232.30684920854407,232.7359845557541,9050771
2025-10-13,232.7741241455078,234.29040916537696,230.18976633952715,233.64194055992363,12607116
2025-10-14,233.3463134765625,237.20856069658456,232.59292927723604,233.92803480650556,13865005
2025-10-15,236.23583984375,236.68405206946153,232.96484516790215,233.34631012138007,8520238
2025-10-16,236.83665466308594,237.17042015046508,234.59559337733552,236.50287462430572,6083826
2025-10-17,236.2072296142578,237.02736106742685,233.42260096083268,237.02736106742685,14250215
2025-10-20,237.20855712890625,237.6472236358655,233.63240504404249,236.20723163486437,10920554
2025-10-21,236.61729431152344,237.74259775436883,235.92114076763963,237.2085613617237,569979
2025-10-23,240.61305236816406,241.49994567413228,237.53279736971194,238.4101449569856,13879042
2025-10-24,243.14019775390625,245.46706844137188,241.12801563846767,242.22469643562812,17882209
2025-10-27,241.52854919433594,244.21780801224972,240.2315974480555,243.5788705819248,7889080
2025-10-28,238.92510986328125,242.02444181771637,238.27664123902568,241.36644202595141,8529692
2025-10-29,243.78866577148438,245.40985177061228,238.9346389409463,239.3160893343647,8806213
2025-10-30,242.73013305664062,244.60880614317784,241.66206027495866,244.60880614317784,5266883
2025-10-31,243.53118896484375,245.94389845531867,241.57623742734617,242.892251525805,7199008
2025-11-03,245.610107421875,246.5160775685659,242.51079024368926,243.1783357059354,5450040
2025-11-04,240.6511993408203,245.56244236761256,240.31741932675092,244.22735141413506,6006851
2025-11-06,239.84060668945312,243.65516902248618,238.83928116675185,241.79557279541268,6987258
2025-11-07,240.50814819335938,241.84325371858927,238.41014185531267,238.41014185531267,4449104
2025-11-10,239.7452392578125,243.65517150964297,237.93332795168658,240.3174294341684,7418162
2025-11-11,237.88563537597656,242.41542804729232,234.59557834603777,242.41542804729232,16183880
2025-11-12,242.0816650390625,243.7505360401749,238.31477313828856,240.88961432398222,11917811
2025-11-13,239.2207489013672,241.9386158642892,235.83532188131284,241.9386158642892,13057927
2025-11-14,241.9075164794922,243.91037368298927,239.46499315036962,239.8557909198375,9185042
2025-11-17,242.34716796875,243.9592274045859,241.76095640591186,241.90751675061105,6281588
2025-11-18,241.2724609375,243.71498436247566,240.63741081019828,241.3213143875955,7708871
2025-11-19,243.27532958984375,244.54544473395694,239.75808994583485,241.2724574288937,7075882
2025-11-20,242.34716796875,245.32704941521513,241.90751675061105,243.27532385326097,6918642
2025-11-21,241.2724609375,242.59142955017882,240.5397039100073,241.37016783769099,7589240
2025-11-24,240.1000518798828,241.76096482176922,238.68339127968494,241.27246013839206,15875282
2025-11-25,239.70925903320312,241.8098232517943,238.97650199304616,240.10005682476142,8983620
2025-11-26,242.00521850585938,242.2983242991075,239.4161496327907,239.70925542603885,7232643
2025-11-27,238.39028930664062,243.0799373237771,237.2178810293515,242.29832683625767,5600832
2025-11-28,237.65753173828125,239.70925739993325,236.97362815372392,239.36729815366456,3804191
2025-12-01,239.20120239257812,240.1977561098247,237.42303820902012,238.43913628761888,6307936
2025-12-02,237.94085693359375,240.59832362964534,236.9247737417999,237.90178311805474,5413988
2025-12-03,234.5017852783203,238.74200222366053,234.0523544237178,238.439131714419,11829802
2025-12-04,236.6609649658203,237.12016054187865,234.17936783621036,234.97074300533836,10825420
2025-12-05,235.6839599609375,237.60866956192592,235.37132472289798,237.12016488975587,7645591
2025-12-08,233.03627014160156,236.43625844416778,232.23511533319206,235.68395708397486,5285903
2025-12-09,234.325927734375,234.67765170991547,231.38513484720352,232.23512824310123,9026401
2025-12-10,233.78855895996094,234.82420138550393,232.93856560271152,233.81788295557112,3492031
2025-12-11,232.92880249023438,235.75235891273405,232.6650057917506,233.78856057999187,8868641
2025-12-12,232.5477752685547,233.89603806663862,231.5707658949965,233.01673559362823,4252781
2025-12-15,229.9391632080078,233.3000629475615,224.65353889206648,232.52823209800792,12334408
2025-12-16,226.87135314941406,229.8903085352076,225.44491290478487,228.7862831727476,7238404
2025-12-17,227.5552520751953,228.0535214785498,223.35410887403685,226.4219176473517,5848233
2025-12-18,226.66616821289062,228.7472028898814,225.8943373892629,227.64317755863584,3964839
2025-12-19,227.53570556640625,228.13168186266645,226.17766317433527,226.66616784641806,5070902
2025-12-22,228.79605102539062,229.87076731397062,227.41847912018557,228.41501796089048,4614185
2025-12-23,230.07594299316406,232.43052425590307,229.20640524608268,229.20640524608268,5810236
2025-12-24,228.39547729492188,231.13110642503094,227.779956640953,230.12477309077252,4114036
2025-12-26,229.13800048828125,229.8707574970251,227.6920308319277,228.46386165496023,3710774
2025-12-29,229.4213409423828,233.52477719894176,228.62018612577006,229.13799988461315,12621499
2025-12-30,229.2845458984375,230.18340761474056,227.946047866518,229.54834259578686,6236729
2025-12-31,234.853515625,235.45925665996174,229.21616742201886,229.29432996007517,11514802
2026-01-01,232.4696044921875,235.56672230766347,231.9517907351887,235.36154378697555,5840586
2026-01-02,235.90869140625,236.97362805231785,232.46961421511622,232.46961421511622,5925943
2026-01-05,232.61614990234375,241.12590780299902,230.28109817887704,241.12590780299902,21201434
2026-01-06,236.32879638671875,236.78799198417764,232.6161577916805,232.6161577916805,10840459
2026-01-07,233.56385803222656,236.12361781573415,232.6845555608174,234.68742775456045,8253161
2026-01-08,226.09950256347656,233.39776361918936,225.6891604243898,232.72362478069692,9218488
2026-01-09,228.70811462402344,232.77247708835003,226.66616866525584,226.94949481657642,12706408
2026-01-12,230.29087829589844,230.7305295176939,226.33398748378042,228.70811302626356,9807980
2026-01-13,238.1753387451172,238.5368274349664,230.3788082868825,232.52822588065396,22527192
2026-01-14,242.5230255126953,245.22934557232938,237.9799380220571,238.38051543138516,33094088
2026-01-15,242.5230255126953,242.5230255126953,242.5230255126953,242.5230255126953,0
2026-01-16,241.48739624023438,242.08337253262428,236.82705752459444,241.2235995447885,12287680
2026-01-19,237.520751953125,242.29832724481855,236.72937673731994,239.36729909266347,6459249
2026-01-20,234.86328125,239.69947463738478,234.19892203595015,237.52074792215913,6496057
2026-01-21,236.79776000976562,238.86903004459805,234.00351257071955,234.48225253652112,9610477
2026-01-22,238.40005493164062,240.8035045809201,236.99317393838206,238.97650179949548,10746306
2026-01-23,239.8264923095703,240.6374118792223,235.99661735115197,239.6604025048917,8080247
2026-01-27,242.2494659423828,243.26556401733228,240.23682906174545,240.9305122614502,15915509
2026-01-28,262.4051513671875,263.4505585006787,243.4707207877218,243.4707207877218,73427983
2026-01-29,269.0586242675781,271.3838815188969,262.8252997268123,263.7925294603933,48267023
2026-01-30,262.77642822265625,270.14308712044925,261.84828722339125,267.5931070111898,24420043
2026-02-02,248.1115264892578,251.09140804886562,241.9075259355621,245.81556341492188,17015974
2026-02-03,251.09140014648438,255.97644684194125,243.6172846656271,253.72933728841463,19213406
2026-02-04,260.8126525878906,263.79251911821297,252.11724569752343,252.11724569752343,26628393
2026-02-05,263.01092529296875,264.23218696350455,259.8844834900137,261.8385021628709,15268335
2026-02-06,262.7666931152344,263.7437025266077,258.61440311689785,261.8385222480453,10013728
2026-02-09,260.470703125,264.6718314754195,259.64023920011437,263.2551857832825,10824044
2026-02-10,265.8930969238281,266.77239940303303,260.861504577749,261.1057569228592,13459684
2026-02-11,268.2867736816406,268.77527835702017,260.2264465378781,266.0396342853192,18388416
2026-02-12,269.9965515136719,273.8557207235144,267.16323023931596,269.6545922631895,22753270
2026-02-13,261.2522888183594,265.1114875973499,259.8844817198676,263.79251903896335,20748628
2026-02-16,265.306884765625,265.9419647143231,259.5425353965288,261.4965541532367,13247757
2026-02-17,265.6000061035156,266.72356092811606,261.9362209259316,266.72356092811606,21292868
2026-02-18,264.6000061035156,266.1000061035156,262.54998779296875,265.0,11621040
2026-02-19,274.6499938964844,276.45001220703125,267.8500061035156,270.29998779296875,37728943
2026-02-20,278.6499938964844,280.79998779296875,274.3500061035156,277.3999938964844,31971956
2026-02-23,275.6499938964844,279.8999938964844,272.20001220703125,279.8999938964844,13113050
2026-02-24,276.5,278.1499938964844,273.29998779296875,275.6499938964844,16311581
2026-02-25,277.45001220703125,278.95001220703125,274.0,276.5,7573116
2026-02-26,280.1000061035156,281.04998779296875,275.6000061035156,277.3999938964844,13301761
2026-02-27,279.70001220703125,282.5,277.0,278.5,18554482
2026-03-02,282.20001220703125,293.0,277.6499938964844,288.0,65843426
2026-03-04,276.95001220703125,288.3500061035156,275.1000061035156,287.0,53722773
2026-03-05,276.3500061035156,287.6499938964844,275.3500061035156,278.0,40569479
2026-03-06,278.95001220703125,280.95001220703125,271.1499938964844,279.95001220703125,30725344
2026-03-09,270.79998779296875,289.0,267.6000061035156,289.0,56512457
2026-03-10,269.20001220703125,270.8999938964844,265.3500061035156,270.8500061035156,18476370
2026-03-11,270.75,272.3999938964844,268.0,268.0,16130216
2026-03-12,270.54998779296875,273.0,267.75,271.6000061035156,20059801
2026-03-13,264.1000061035156,271.29998779296875,263.45001220703125,270.54998779296875,18411729
2026-03-16,260.45001220703125,266.0,258.3500061035156,264.04998779296875,21725887
2026-03-17,264.75,265.3999938964844,259.1499938964844,260.6499938964844,15662659
2026-03-18,265.0,266.6499938964844,263.0,265.1499938964844,8780857
2026-03-19,269.1000061035156,271.5,262.5,265.0,28685305
2026-03-20,265.3999938964844,273.04998779296875,264.0,269.0,19436124
2026-03-23,265.45001220703125,269.70001220703125,263.8999938964844,267.29998779296875,23991581
2026-03-24,268.04998779296875,273.29998779296875,266.8500061035156,268.54998779296875,18567283
2026-03-25,270.20001220703125,271.5,266.3999938964844,267.3500061035156,13380625
2026-03-27,281.95001220703125,285.0,269.70001220703125,270.5,60048871
2026-03-30,284.6499938964844,288.3500061035156,281.95001220703125,282.75,44866906
2026-04-01,288.04998779296875,293.0,282.79998779296875,290.0,31626297
2026-04-02,287.20001220703125,288.79998779296875,283.5,288.5,20935809
2026-04-06,281.8500061035156,288.5,280.45001220703125,287.29998779296875,24449779
2026-04-07,286.6499938964844,287.54998779296875,280.0,281.8500061035156,22891122
2026-04-08,285.5,287.8500061035156,274.75,280.0,42071040
2026-04-09,288.6000061035156,289.79998779296875,284.8999938964844,284.8999938964844,13585661
2026-04-10,286.5,291.8500061035156,284.54998779296875,288.6000061035156,12889209
2026-04-13,287.54998779296875,290.29998779296875,281.0,287.20001220703125,23986567
2026-04-15,287.6000061035156,289.79998779296875,283.3500061035156,284.04998779296875,16529148
2026-04-16,282.75,288.1000061035156,282.0,288.0,13626398
2026-04-17,284.04998779296875,285.5,282.20001220703125,283.3999938964844,17846605
2026-04-20,283.3500061035156,285.20001220703125,282.5,284.0,11057036
2026-04-21,283.1000061035156,284.8500061035156,282.3999938964844,283.1499938964844,13645673
2026-04-22,283.6499938964844,285.04998779296875,282.6000061035156,283.1000061035156,7395183
2026-04-23,286.25,289.79998779296875,284.04998779296875,284.8500061035156,13525025
2026-04-24,284.79998779296875,288.79998779296875,283.8999938964844,288.79998779296875,11789941
2026-04-27,285.8999938964844,286.70001220703125,284.20001220703125,286.0,6497916
2026-04-28,301.29998779296875,302.3999938964844,286.0,286.25,51575179
2026-04-29,301.3999938964844,307.5,299.75,303.8999938964844,27267649
2026-04-30,299.54998779296875,307.45001220703125,296.8999938964844,304.8999938964844,17490096
2026-05-01,299.54998779296875,299.54998779296875,299.54998779296875,299.54998779296875,0
2026-05-04,292.8999938964844,299.8999938964844,292.3500061035156,298.3999938964844,15468437
2026-05-05,289.95001220703125,295.8999938964844,287.0,294.3500061035156,10750753
2026-05-06,280.79998779296875,290.25,280.0,289.95001220703125,22858013
2026-05-07,283.8999938964844,285.20001220703125,279.70001220703125,282.0,15608370
2026-05-08,279.20001220703125,284.0,278.6000061035156,283.6000061035156,9290168
2026-05-11,281.0,281.79998779296875,277.6499938964844,280.70001220703125,6948202
2026-05-12,294.5,299.8999938964844,286.8500061035156,286.8999938964844,52080828
2026-05-13,297.1499938964844,300.20001220703125,294.1000061035156,297.0,24381295
2026-05-14,300.8999938964844,303.70001220703125,298.70001220703125,300.0,22660293
2026-05-15,299.3500061035156,304.95001220703125,298.54998779296875,303.0,13695307
2026-05-18,297.20001220703125,300.70001220703125,295.1000061035156,299.3500061035156,10521642
2026-05-19,296.5,298.5,293.6499938964844,295.1000061035156,9565497
2026-05-20,298.29998779296875,301.75,293.8500061035156,294.79998779296875,12258794
2026-05-21,297.75,299.6000061035156,295.6499938964844,296.6499938964844,2956521
