Price,Close,High,Low,Open,Volume
Ticker,WIPRO.NS,WIPRO.NS,WIPRO.NS,WIPRO.NS,WIPRO.NS
Date,,,,,
2005-01-03,33.03913879394531,33.1617989658167,32.6624002327325,33.074185830555635,7628977
2005-01-04,32.81355285644531,33.29324033602611,31.759999141576976,33.07420587967623,7618292
2005-01-05,30.984609603881836,32.59232368276272,30.708627064788704,32.59232368276272,26921936
2005-01-06,30.20046043395996,31.321918325625038,30.00770911611907,30.97145976363588,24126398
2005-01-07,30.653860092163086,30.752423772370154,30.101892193797585,30.2267418987348,13164106
2005-01-10,29.701061248779297,30.87070621383756,29.525834940629434,30.87070621383756,8872052
2005-01-11,29.60906410217285,30.0427537903873,29.350603681128007,29.701059244623625,14369368
2005-01-12,28.7373104095459,30.305595066039764,28.26419462752871,29.788674192716016,18246807
2005-01-13,29.385663986206055,30.182949638949488,28.737321643818813,28.737321643818813,14409439
2005-01-14,29.114049911499023,29.468884530390994,28.080208134224172,28.080208134224172,11455394
2005-01-17,29.576215744018555,29.955146922723692,28.474472227866787,29.39441790356632,10754203
2005-01-18,29.880664825439453,30.1785512846853,29.350601019400127,29.788669691331474,14815910
2005-01-19,30.145709991455078,30.445786094246827,29.81277634713772,30.445786094246827,7468959
2005-01-20,29.554309844970703,29.92009798582144,29.175381661017923,29.788676758892812,7813297
2005-01-24,28.378097534179688,29.744873008506787,28.21163222366141,29.65725687269744,16598381
2005-01-25,28.767976760864258,28.88625496901065,26.737526760574738,28.255434888052648,17937065
2005-01-27,29.556499481201172,29.744868799013766,28.912536422525722,29.73172578633353,21241990
2005-01-28,30.599103927612305,30.859753887892417,29.569641158211102,29.701062379749708,22435376
2005-01-31,30.899187088012695,31.19050513708594,30.314364448252302,31.107270984372928,14143145
2005-02-01,30.50054168701172,31.306588199475634,30.325315346806473,31.102886316378196,12211074
2005-02-02,30.060287475585938,30.883856140838436,29.9047726661768,30.621016594487077,16294114
2005-02-03,30.415122985839844,30.555305269186853,29.876297891258183,30.226753599625706,9595697
2005-02-04,30.802814483642578,31.891415179240138,30.445787275583076,31.891415179240138,15067821
2005-02-07,30.156654357910156,31.015269870076256,30.051519159061495,31.015269870076256,11237048
2005-02-08,30.36474609375,30.621017106676053,29.970485282205907,30.621017106676053,5623590
2005-02-09,30.294645309448242,30.53339123298533,30.18731763403015,30.489586140560277,6628479
2005-02-10,30.00114631652832,30.27055733979304,29.810584474147635,30.27055733979304,4201510
2005-02-11,30.456735610961914,30.62101141370439,29.96390820273448,30.226747704615907,10216123
2005-02-14,31.262786865234375,31.540961907472123,30.79624244479267,31.31973498703344,17761296
2005-02-15,30.95614242553711,31.27812260573514,30.79624560639503,31.23431452548786,8211644
2005-02-16,30.967084884643555,31.315351010507825,30.732717955212816,31.10945665205231,11467643
2005-02-17,30.599103927612305,30.796234274498268,30.237697796514063,30.796234274498268,7673244
2005-02-18,30.28150177001953,30.57281974109138,30.152273036056773,30.401972456493333,5826275
2005-02-21,29.729534149169922,30.26616652705185,29.6134454677102,30.26616652705185,4811395
2005-02-22,29.93981170654297,30.04713641475401,29.48202842199291,30.00771034481356,6225457
2005-02-23,29.76239776611328,29.920102071625674,29.525841307844686,29.74487572568844,5686879
2005-02-24,29.67479133605957,30.00772206316006,29.569653127931446,29.920108870283357,8156035
2005-02-25,29.468894958496094,29.963914961425147,28.995781965887147,29.795257125395445,15534897
2005-02-28,30.642915725708008,30.796241012858648,29.263000024730427,29.963911379069717,13343803
2005-03-01,29.598121643066406,30.664818177301406,29.48641492297124,30.664818177301406,8457990
2005-03-02,29.3987979888916,29.920100953380356,29.17538455471379,29.788679713417004,9503252
2005-03-03,30.513681411743164,30.75242734879768,29.39441593154346,29.39441593154346,12652906
2005-03-04,31.54314613342285,31.71618295319811,30.533394814632327,30.67576955153523,20141190
2005-03-07,31.621986389160156,31.801594648743432,31.20143978562228,31.584749842099985,6830950
2005-03-08,31.42923927307129,32.19585948733238,31.32629360534833,31.672367160498045,14425332
2005-03-09,31.25839614868164,31.797221070026037,30.844420940463916,31.540953108002952,10002755
2005-03-10,30.8619441986084,31.321919971320476,30.621008752202993,31.321919971320476,5638986
2005-03-11,30.55967903137207,31.234304231432425,30.46987338771637,30.9276566832999,8748230
2005-03-14,30.3997859954834,30.87947036511517,30.161037081291457,30.664814996467214,7869795
2005-03-15,29.950767517089844,30.577205722597835,29.83906079437401,30.358171301907085,6463057
2005-03-16,29.917909622192383,30.263983255408224,29.793059897444373,29.96390720192524,5523110
2005-03-17,29.764583587646484,30.171987316650245,29.617829832885974,29.78867713295414,4784177
2005-03-18,30.051528930664062,30.18076068734001,29.361570979728636,29.79306838815716,6089670
2005-03-21,30.00114631652832,30.382264059600914,29.790872921637725,30.27055733979304,3964230
2005-03-22,29.622209548950195,30.22674358889176,29.5258353751339,30.22674358889176,4161279
2005-03-23,28.72416877746582,29.633163829451018,28.51827741131865,29.398793953609072,6145830
2005-03-24,28.272960662841797,29.131573193872402,28.047354771042937,28.912538808956068,8150826
2005-03-28,28.176589965820312,29.028634155932803,27.817373254628407,28.474476559855848,11461119
2005-03-29,28.088977813720703,28.305822744216513,27.904987455519468,28.17659099678782,14817048
2005-03-30,27.613666534423828,28.301434778317685,27.342066021291277,28.03859528455933,12234097
2005-03-31,29.39223861694336,30.051531563750956,28.03641317822774,28.754846741255065,24201438
2005-04-01,29.46670150756836,29.775541589948936,28.65846543445996,29.52584210916277,10367021
2005-04-04,29.538984298706055,30.489595192959047,29.131580478553264,29.547745319792224,14526950
2005-04-05,28.938823699951172,29.56087978384424,28.800830973369536,29.350606426081498,7112604
2005-04-06,29.32651710510254,29.512696945946427,28.737315498648208,28.96072893098544,5309919
2005-04-07,29.79525375366211,30.309985254278633,29.350613388927552,29.350613388927552,22675856
2005-04-08,29.140342712402344,29.722975891060695,29.04396850559887,29.722975891060695,6750968
2005-04-11,28.58618927001953,29.350617389897284,28.386866368278604,29.350617389897284,4006364
2005-04-12,28.290491104125977,28.732939029410417,27.82832865233789,28.25544404729001,14962541
2005-04-13,28.27515411376953,28.649703320654904,28.036405174946317,28.474474005804854,8522790
2005-04-15,26.529447555541992,28.036402276567266,26.327935201176583,28.036402276567266,16397368
2005-04-18,26.05413818359375,28.1240110930184,25.418939136852483,25.418939136852483,10475501
2005-04-19,25.274383544921875,26.630208709839312,24.96992544437985,26.065097612993,11460870
2005-04-20,26.06290626525879,26.240325094751363,25.145153003255338,25.407992522707726,13060443
2005-04-21,26.4615421295166,26.634578918378235,25.407985901384066,26.634578918378235,12466737
2005-04-22,28.209442138671875,29.560882088028983,27.379299173391832,28.036402353553235,50101526
2005-04-25,28.406574249267578,29.0746280019333,28.27953203543183,28.649702203243905,18082025
2005-04-26,28.034215927124023,28.54675789006952,27.9137481858391,28.255439856958343,10365883
2005-04-27,27.817363739013672,28.255432459313102,27.519477246877553,28.036398099163385,11060799
2005-04-28,28.183155059814453,28.430664984621757,27.817366923487302,27.817366923487302,31813918
2005-04-29,27.633384704589844,28.124019679388386,27.598337651621645,28.124019679388386,10263839
2005-05-02,27.948789596557617,28.229154099502846,27.677186112973907,27.99259766420936,5010915
2005-05-03,27.48224449157715,28.14591612731961,27.379295843696116,28.14591612731961,7369332
2005-05-04,27.639957427978516,27.815183787990307,27.510725685065204,27.574245314840596,5353457
2005-05-05,27.922502517700195,28.211627998373576,27.773559268313527,28.124011875686598,5837066
2005-05-06,27.867746353149414,28.03640116523642,23.830941287535353,23.830941287535353,5866381
2005-05-09,28.31020736694336,28.518291317359616,27.904992972937965,28.21164363057147,8386701
2005-05-10,28.378097534179688,28.513897791333527,28.13496959025031,28.430666621496464,8379821
2005-05-11,27.94002914428711,28.343050897317795,27.000371920429235,27.000371920429235,6028479
2005-05-12,28.17877960205078,28.229156209856612,27.90498361502516,27.940030665935428,3800888
2005-05-13,27.869937896728516,28.255437609015143,27.729755643016254,28.255437609015143,4937173
2005-05-16,28.868738174438477,29.08777259319365,27.86994027424467,28.05830963670656,10926506
2005-05-17,28.800830841064453,29.34403775550046,28.649698072772075,28.868732448079918,7312710
2005-05-18,28.577421188354492,28.772359074758022,28.16782495149168,28.772359074758022,7785972
2005-05-19,28.827119827270508,29.21919108323205,28.529233253234427,28.91254348888249,7720141
2005-05-20,29.05710220336914,29.30241963784208,28.60589043288474,28.69788558487855,7638826
2005-05-23,29.19291114807129,29.460132694200247,28.789889316276163,29.043967845105406,11015963
2005-05-24,29.896007537841797,29.98143119565252,29.184145703315327,29.59373898167737,11019003
2005-05-25,30.095319747924805,30.182935866498042,29.484214254684833,29.657251038432907,8395430
2005-05-26,31.378870010375977,31.562857359938445,27.388060781540563,28.956348616753644,27883038
2005-05-27,31.722763061523438,32.15426047186974,31.341642269744803,31.341642269744803,15953634
2005-05-30,30.991186141967773,31.75999922477825,30.883858426238582,31.716191145055532,8299412
2005-05-31,31.354780197143555,31.584765154188155,30.971466983995036,31.105080715917953,5756835
2005-06-01,31.15764617919922,31.584764485634985,30.840048053376616,31.40953813834282,7140604
2005-06-02,30.699859619140625,31.48838396521783,30.664812574217002,31.32191867165122,6163590
2005-06-03,31.61324119567871,31.759994975184217,30.7130069649994,31.052512110311145,11120354
2005-06-06,31.374486923217773,31.689898465673142,31.190499580059196,31.321920808511926,8914683
2005-06-07,32.04692840576172,32.412716616884865,31.3525885496202,31.356970545392066,15759856
2005-06-08,32.17176818847656,32.268142357171705,31.039359822933985,31.039359822933985,6644070
2005-06-09,31.79941177368164,32.1980544344457,31.759985707049754,31.812551815329808,5768977
2005-06-10,31.70743179321289,32.39738977469145,31.589153536746146,32.02941198651321,8030968
2005-06-13,31.62418556213379,31.887028012357764,31.365725106779273,31.71618071679658,4672479
2005-06-14,31.683330535888672,31.8738894076119,31.365729445505572,31.628571932087752,4660888
2005-06-15,32.134544372558594,32.28568016255846,31.54096363005171,31.672381922789192,9326559
2005-06-16,32.178348541259766,32.32948134205322,31.759994220459845,31.759994220459845,9768461
2005-06-17,32.583560943603516,32.67993513325346,29.90038942332726,29.90038942332726,8527110
2005-06-20,33.14209747314453,33.275708225356766,32.417095597413635,32.417095597413635,12147643
2005-06-21,33.128944396972656,33.72690981736388,32.89895952503352,33.16180192511546,13471785
2005-06-22,33.258182525634766,33.5122639576942,32.923059440431224,33.118000281224866,16437759
2005-06-23,33.14209747314453,33.38084640565629,32.94277758637833,33.07419882633058,8542897
2005-06-24,32.846405029296875,33.137723092785826,32.517853368792785,33.07420346158974,10505510
2005-06-27,33.04791259765625,33.33703813547969,32.833260184668745,32.846400228994156,10740497
2005-06-28,32.445560455322266,33.19903769466929,32.2462406159448,32.986574843168086,13015572
2005-06-29,33.239444732666016,33.435710508480014,32.06405746207519,32.62859449954147,15319412
2005-06-30,33.797386169433594,34.225200199844565,32.19638865148006,32.505120518509756,48429722
2005-07-01,32.849124908447266,33.519517837488245,32.25371426829654,33.07847158950861,11434061
2005-07-04,32.92410659790039,33.14021795905272,32.63742771230386,33.045393128490495,6909332
2005-07-05,32.46540832519531,33.43129744108975,32.372787919523496,33.2989859941706,8608479
2005-07-06,32.42792510986328,32.99025784377095,32.10816540404999,32.85794637064169,9785670
2005-07-07,31.336332321166992,33.740036443624575,30.873233224590948,32.94615270535648,16449368
2005-07-08,31.883222579956055,32.53597112056541,31.667108331310384,31.975842972232773,9182026
2005-07-11,31.611989974975586,32.637424879851835,31.539218062937064,32.46100458853378,7644604
2005-07-12,30.97688865661621,31.6671241854451,30.70564351358348,31.57891552574925,18483127
2005-07-13,31.278993606567383,31.609778210743254,30.877641500525904,31.005544162958707,13182772
2005-07-14,30.70784568786621,31.534810411968987,30.652714905661785,31.314284292114916,7205937
2005-07-15,31.069507598876953,31.226079398111615,30.524815883687438,31.226079398111615,6790879
2005-07-18,31.358386993408203,31.667118744819774,31.226072531078653,31.226072531078653,10495039
2005-07-19,31.514951705932617,31.702396903034142,31.32971090191641,31.702396903034142,7250275
2005-07-20,31.636240005493164,31.843533725357023,31.537006418538066,31.578904844738958,4901386
2005-07-21,31.384849548339844,31.887642724329968,31.137864738658795,31.843539896370572,4067822
2005-07-22,31.548036575317383,31.667118693911725,30.44983282092333,31.534807222830942,16861759
2005-07-25,31.457630157470703,31.75092523301112,31.093764562316373,31.73107671355033,11690772
2005-07-26,31.252532958984375,31.543626558919204,30.987907036099163,31.09375680704606,8948408
2005-07-27,32.1015510559082,32.196378869960135,31.093760266631946,31.314283389090328,8271821
2005-07-28,32.1015510559082,32.1015510559082,32.1015510559082,32.1015510559082,0
2005-07-29,32.4764404296875,32.85794709323693,31.79943434767185,31.79943434767185,12795323
2005-08-01,31.920705795288086,32.5491969739204,31.539202302874653,32.1963625496673,7691821
2005-08-02,31.940568923950195,33.0564168259213,31.755331065521155,33.0564168259213,5869421
2005-08-03,32.280174255371094,32.59331779268697,32.10816574921065,32.328688861511495,8791288
2005-08-04,32.266937255859375,32.593313089953654,31.975849661016582,32.505104455967746,5820337
2005-08-05,31.8325138092041,32.37279666385862,31.755333107998876,32.37279666385862,6599181
2005-08-08,31.07170867919922,31.96703355163442,30.94601336544071,31.931751286236185,9189421
2005-08-09,31.581117630004883,31.755333533844787,30.89088215121961,31.52157806021748,9207341
2005-08-10,32.09272766113281,32.10816439798568,31.49070090594281,31.746506269749254,7742186
2005-08-11,32.32648849487305,32.45659858303604,31.975858257974572,32.10816974900855,7311644
2005-08-12,31.525985717773438,32.637424879044545,31.142274649978326,32.326485723286154,8416781
2005-08-16,31.777387619018555,32.183151664836195,31.543635105789196,31.96703729533518,7601990
2005-08-17,31.942777633666992,32.9814419887047,31.468653477809827,32.18314929351814,7508319
2005-08-18,32.15007019042969,32.24048323925728,31.81046193351615,32.0199601062693,7663039
2005-08-19,31.757535934448242,32.368383287820876,31.627425860942864,32.19637777064676,9022683
2005-08-22,31.980260848999023,33.56361656611481,31.75532896499692,32.50510689673048,9144506
2005-08-23,31.464235305786133,32.54920656481946,31.11580657306485,32.37278930071007,10078639
2005-08-24,31.15991973876953,31.975856507677676,30.961446531009578,31.975856507677676,5951075
2005-08-25,32.41249084472656,32.69034914694166,30.899702434503013,31.22607534603734,11533252
2005-08-26,31.715635299682617,32.633013036004435,31.32751544521843,32.35515474175455,7274604
2005-08-29,31.027610778808594,32.00673268269903,30.930581542505756,32.00673268269903,6457190
2005-08-30,31.66270637512207,31.931744056497575,31.137860363381908,31.137860363381908,6490079
2005-08-31,32.1655158996582,32.2757774969018,31.067308716131052,31.57892264698286,7057875
2005-09-01,32.83147430419922,33.07846204607284,32.42130165119959,32.5492043083639,13741083
2005-09-02,33.016719818115234,33.21077822464421,32.315456505804015,32.81383785580233,11406710
2005-09-05,33.294586181640625,33.51952110610044,32.68594313756787,33.01672785580863,11091368
2005-09-06,33.34310531616211,33.51070209197207,33.07847930031012,33.38721114765594,7700799
2005-09-08,32.92410659790039,33.5900848057458,32.81384502789611,33.510696714625645,4836310
2005-09-09,32.765323638916016,33.413660579316115,32.42130665452287,33.413660579316115,5761466
2005-09-12,32.818260192871094,33.15786852658818,32.730051517934506,33.078480420041544,4764497
2005-09-13,32.897647857666016,33.34310296558036,32.659480571841165,33.07847696838365,10981528
2005-09-14,33.53715133666992,33.669465779156965,32.88440267929806,32.9814318746386,13778737
2005-09-15,33.74004364013672,33.947334436012575,33.537161632110355,33.537161632110355,6105217
2005-09-16,33.744449615478516,33.95615217259556,33.373970888282756,33.87235230903789,5486764
2005-09-19,33.510704040527344,33.956162196784,33.43572771187256,33.872362308487794,6564124
2005-09-20,33.19755172729492,33.753268291452876,32.99025796926739,33.6077244740426,10691812
2005-09-21,32.95498275756836,33.51511121983041,32.63743036725583,33.07847668315068,7487741
2005-09-22,31.406904220581055,33.091701137022184,30.961446191454442,33.091701137022184,7529981
2005-09-23,31.56126594543457,32.00231211691545,31.09375508940194,31.742094995383162,4174595
2005-09-26,32.96820831298828,33.03436405033025,31.720045940778256,31.755331194120476,5831244
2005-09-27,33.184322357177734,33.426898398968326,32.725634963523476,32.99026092553799,7542790
2005-09-28,32.83588790893555,33.166672517895655,31.049650422343824,33.166672517895655,13251643
2005-09-29,33.16226577758789,33.510691567434996,32.725631343493376,32.87999572316733,34436851
2005-09-30,32.765323638916016,33.34309306946716,32.663882656568404,33.078467150810496,7156541
2005-10-03,33.52392578125,33.695934292198714,32.99025911677738,33.09611188860869,8153501
2005-10-04,35.371910095214844,35.46011874314822,33.5195165244692,33.60772517240258,25635358
2005-10-05,35.67182159423828,36.5009876774764,35.460119042787575,35.54832769146632,18367714
2005-10-06,34.43246841430664,35.636524596438434,34.06198981911495,35.54831597682808,18039145
2005-10-07,34.24724578857422,34.9485092613395,33.735631978875,34.48982184327443,13641990
2005-10-10,34.78971862792969,35.151376670318434,34.242819787277554,34.401598896232734,10645039
2005-10-11,35.19990539550781,35.6365398950943,34.24724531446442,35.195493616667484,11574301
2005-10-13,34.34427261352539,35.283703287463936,34.132570052822466,35.283703287463936,10023492
2005-10-14,34.04435729980469,34.65741199718135,33.709163862341455,34.57802392035922,8562230
2005-10-17,33.744449615478516,34.31339855527266,33.369559109764445,34.04436082363526,5144799
2005-10-18,32.928504943847656,34.20754054492758,32.663879054374114,34.03994384915745,8533821
2005-10-19,32.487464904785156,33.23724587669014,32.13021854093956,32.92851112777109,15562879
2005-10-20,32.52275085449219,33.784142600680994,32.196377958548666,33.237246588521636,11691074
2005-10-21,34.00025177001953,34.13697500455259,32.54920761232755,32.63741923825673,12693972
2005-10-24,32.87999725341797,34.57802644611093,32.813841514912504,34.57802644611093,7178630
2005-10-25,33.272525787353516,33.91645394525314,32.85794428130969,32.85794428130969,6537235
2005-10-26,33.22842025756836,33.51068728488007,32.857941606246335,33.272523078537844,5048924
2005-10-27,32.95498275756836,33.87235765893201,32.21402518614795,33.1666853481223,18400639
2005-10-28,31.481882095336914,32.9461558202845,31.314282374154544,32.63742405705641,9085439
2005-10-31,32.16109848022461,32.54921839697437,31.38044686755257,32.54921839697437,4592693
2005-11-02,32.6065559387207,32.76974091731522,31.534813661510604,32.15227728941291,7237848
2005-11-04,32.6065559387207,32.6065559387207,32.6065559387207,32.6065559387207,0
2005-11-07,33.268123626708984,33.40484689663127,32.54921603731254,32.54921603731254,7669670
2005-11-08,34.47658920288086,34.8426591712525,33.100523969412485,33.51952032896581,11137750
2005-11-09,33.91645812988281,34.816191754347926,33.61213514320949,34.489818848192016,7586781
2005-11-10,34.01349639892578,34.225199012381985,33.6518381414844,33.964981777494856,7836479
2005-11-11,35.649776458740234,35.724755770642034,34.15904069876061,34.22519645193773,21685110
2005-11-14,35.66740798950195,36.254001006596305,34.95732406699515,36.254001006596305,9646195
2005-11-16,36.081993103027344,36.16579296143908,35.711514398581734,35.96291098278083,7014799
2005-11-17,36.44805908203125,36.69504687260046,35.41601107567911,36.16579202158019,9181092
2005-11-18,37.39630889892578,37.85940799880799,36.69504557317361,36.69504557317361,21217465
2005-11-21,37.15373992919922,37.841771042319024,36.69505252045268,37.841771042319024,10749252
2005-11-22,36.82295608520508,37.66094283201032,36.54509776257504,37.047891007072806,10414221
2005-11-23,38.0534782409668,38.32692780256441,36.83178026799248,36.871474317979484,13187421
2005-11-24,38.684173583984375,38.9884966226506,37.98291005230723,38.28282131170143,14016879
2005-11-25,38.77238464355469,39.06788713295534,38.41954995733604,38.75915528699553,8866559
2005-11-28,39.27075958251953,39.694164691843504,38.732681134448384,39.16490680967041,10088248
2005-11-29,39.16048812866211,39.42952578920939,38.375425060676534,39.27074966108545,7897412
2005-11-30,37.334564208984375,39.48246013162447,37.04788536323301,38.28281238281069,13349430
2005-12-01,38.185787200927734,38.37102806803139,36.95967762639325,37.471291413727975,19150763
2005-12-02,38.07994079589844,38.86941296297969,37.76238542280376,38.371031476463834,8528710
2005-12-05,37.29045486450195,38.35337627074031,37.10962581228594,38.1857795609661,7580968
2005-12-06,37.73591232299805,38.234293658975425,36.97731386564814,37.400715916822634,13845545
2005-12-07,38.4945182800293,38.803250061817764,37.66535215410234,37.797666629450646,9868061
2005-12-08,38.40630340576172,38.798834989597054,37.49774934000051,38.55184721134424,16678550
2005-12-09,38.93996810913086,39.0678707788961,38.273987085154936,38.45922790981002,7444461
2005-12-12,38.53422164916992,39.41190558826013,37.92999028420911,39.067888467306474,7502444
2005-12-13,39.59272384643555,39.6941648411992,38.25635277368179,38.547443413557765,14450763
2005-12-14,39.26634216308594,40.10874048224858,38.9884839085873,39.605947361036684,9505866
2005-12-15,38.670936584472656,39.60595244786734,38.42836055734211,39.26634720629905,13027830
2005-12-16,38.966434478759766,39.1296224165834,38.379844445690594,38.81207009739023,12101963
2005-12-19,40.223426818847656,40.346917754671644,39.12963158518065,39.12963158518065,16181750
2005-12-20,40.9952507019043,41.17166800278543,40.39983707711699,40.576257369034394,22560061
2005-12-21,40.43511962890625,41.281926803979076,39.99848220230758,41.10550951489109,9752399
2005-12-22,40.792362213134766,41.28192298656765,40.25428683924071,40.75266817720874,7114426
2005-12-23,41.05699920654297,41.45835142270376,33.96056500421072,40.93791408425489,13071821
2005-12-26,40.024940490722656,41.198120360366154,39.897034835993914,41.198120360366154,8182168
2005-12-27,40.77472686767578,40.924682468114895,39.56184971996536,39.897043183988686,5918230
2005-12-28,40.25870895385742,41.19372798759069,39.87058903064309,40.92909899978646,6125901
2005-12-29,40.86733627319336,41.01288305765634,39.795594370741576,40.47039593563182,12984381
2005-12-30,40.87175750732422,41.19372162941128,40.31162912759566,40.83206346438397,9731030
2006-01-02,40.726219177246094,40.97320403431819,40.16167894275362,40.75268087909916,5739386
2006-01-03,41.72296905517578,41.9875979547112,40.43511578865832,40.664459439105656,10226186
2006-01-04,42.43748474121094,42.781501874935,41.943511957844585,41.943511957844585,10237021
2006-01-05,41.81559371948242,42.693274374657285,41.65681756003661,42.51685708439217,7463430
2006-01-06,41.6965217590332,41.899403785994465,39.78238083183135,41.899403785994465,8838764
2006-01-09,40.66005325317383,42.128738762818045,39.892634124637745,41.899395080829834,7719617
2006-01-10,40.545379638671875,41.09668738487713,40.23664490796818,40.70856457800274,10229670
2006-01-12,40.695343017578125,41.01730716192995,39.52215978939283,40.04700295000433,8517679
2006-01-13,40.58066940307617,40.99525398166215,40.33809335168051,40.57626061527137,8085101
2006-01-16,40.576255798339844,41.34367491581338,40.408656078850605,41.017302024506186,4349093
2006-01-17,39.548622131347656,41.23341919295001,39.301637286524254,40.40866179584267,7715706
2006-01-18,40.66887283325195,42.25222864999808,33.960562072329395,33.960562072329395,15749448
2006-01-19,43.9326171875,44.72208921604529,41.017302105359576,41.017302105359576,28156754
2006-01-20,43.9943733215332,48.33867777007294,43.72092376619922,43.92821457904573,18543927
2006-01-23,43.4254150390625,43.75179094314806,42.56978721756347,43.72091746597682,9638977
2006-01-24,43.562137603759766,44.17518933458793,43.346023281861385,43.48715831096838,6717617
2006-01-25,44.82793045043945,45.47185853702998,43.66357114545808,43.66357114545808,18013830
2006-01-27,44.558902740478516,45.842347423017515,44.201656361599674,45.16313692888607,6765004
2006-01-30,46.08050537109375,46.45098404366348,44.10462111141242,44.63387593064977,10866399
2006-01-31,46.72443771362305,47.05963415752495,45.957018605399924,46.045227251362704,11969643
2006-02-01,46.067283630371094,47.01112309264528,45.69239311799762,46.750905922385826,5414879
2006-02-02,46.52597427368164,47.38601393111437,45.542440699333014,46.06728685518906,15762496
2006-02-03,45.51597595214844,48.10932709652646,45.28222047964434,47.80941588212393,21026887
2006-02-06,45.38365936279297,45.84234672920957,44.65152249326655,45.4277651826945,9541715
2006-02-07,45.89968490600586,46.3098606830313,45.52479737645441,45.604185464643486,9965466
2006-02-08,44.770606994628906,45.86881385274046,44.554495644124955,45.86881385274046,10389217
2006-02-10,45.19401168823242,46.22164802451296,44.67357734771532,45.65711085321088,11449510
2006-02-13,44.59859848022461,45.38807056479375,44.45746343827482,45.27340021260727,6383350
2006-02-14,43.32838821411133,45.066111633760855,43.22253842298711,44.545677262740696,11388657
2006-02-15,43.707679748535156,44.545669325689836,43.23135128679256,44.43540777535653,6887501
2006-02-16,43.23576354980469,44.184014753528196,43.06816681731405,43.76060964835964,8042372
2006-02-17,44.02524185180664,44.63388789861372,43.39895766190643,43.65476307989812,11121981
2006-02-20,45.066104888916016,45.2513427434188,43.59741944126221,44.10462438187854,11591483
2006-02-21,45.23810958862305,46.301031064722615,45.07933343302909,45.84234372833207,10446977
2006-02-22,45.54684829711914,45.842347725566036,44.13990970053033,45.42776617004028,6935812
2006-02-23,46.08050537109375,46.29220789699586,45.18959244398645,45.18959244398645,17806790
2006-02-24,45.56007385253906,46.04522587741199,45.35278309205649,46.04522587741199,5540959
2006-02-27,45.886451721191406,46.00112206520848,45.427764363050805,45.851166467699585,5428853
2006-02-28,45.90849685668945,46.30102541970143,45.3395450471297,46.00111427547001,13262808
2006-03-01,46.60976791381836,47.253696121604726,45.12785008203934,45.86881049344692,18172639
2006-03-02,46.79941940307617,47.80941458268752,46.508328762769374,46.8920368410094,11502337
2006-03-03,46.72443771362305,46.92731969306272,46.06728016061242,46.92731969306272,8379679
2006-03-06,46.631813049316406,47.1743032015955,46.314260756309956,46.839106788171925,4354222
2006-03-07,46.12461853027344,46.7509056430067,45.87763370624365,46.7509056430067,8069075
2006-03-08,44.75737762451172,46.13344287931209,44.545678038576185,46.13344287931209,12197928
2006-03-09,45.114627838134766,45.339559773850546,43.862056478604764,44.98672513029351,10554443
2006-03-10,45.904090881347656,46.12461398533502,44.83234883525196,45.25134213462075,9647083
2006-03-13,46.96259689331055,47.10373489908942,42.66239670350715,45.95701365206086,13197386
2006-03-14,46.01436233520508,47.63300370248619,45.73650400187856,47.63300370248619,6979706
2006-03-16,45.639469146728516,46.30103856286406,45.476284177628024,46.30103856286406,7849581
2006-03-17,45.904090881347656,46.30103127211049,45.78059698598321,46.30103127211049,5213733
2006-03-20,48.012290954589844,48.22840227252852,46.045224221199675,46.22164150151549,16377270
2006-03-21,46.94496154785156,48.51508803254912,46.57448283626691,47.72120422457168,7340035
2006-03-22,46.08050537109375,47.73001976377591,45.74531194835896,46.75089819863502,9130817
2006-03-23,46.12019729614258,46.63622274022191,45.8732125227496,46.548014106226965,7027972
2006-03-24,46.86998748779297,47.17871926371742,46.04963895262965,46.57448506542662,4589733
2006-03-27,45.88203811645508,47.19194739214744,45.7012090509776,47.19194739214744,8206861
2006-03-28,46.66710662841797,47.015532455547806,46.07610476037426,46.3980688887092,7109590
2006-03-29,47.87116622924805,48.06522767215965,46.772959300438664,46.772959300438664,8044061
2006-03-30,50.26604461669922,51.68179777214332,48.25046008485921,48.25046008485921,27697447
2006-03-31,49.370704650878906,50.72030472594431,48.726779577110406,50.72030472594431,6734186
2006-04-03,49.397193908691406,50.173433805273845,49.00025040133807,49.838240256170465,6226728
2006-04-04,49.370704650878906,50.25720868431842,49.176646268798876,49.83821546087641,6248719
2006-04-05,49.238399505615234,50.164594698414255,49.0443381076685,50.164594698414255,4722790
2006-04-07,47.699153900146484,50.22634928047312,47.47863077436967,49.935258634806274,11942666
2006-04-10,47.3419075012207,48.48862596034912,46.60535882561448,48.48862596034912,11005715
2006-04-12,45.60858917236328,47.36836524363359,45.30867798571201,47.36836524363359,16627243
2006-04-13,45.45863723754883,46.221647609153884,44.89850885884053,45.957021653713,11253341
2006-04-17,47.72561264038086,48.074038417827325,45.339549606226946,45.727672412759766,13052310
2006-04-18,50.358665466308594,50.67622382202627,47.81383170713258,48.0740489002105,21115936
2006-04-19,49.41482162475586,52.83734166776795,49.000237093944335,51.95524921236687,36141162
2006-04-20,48.87674331665039,49.83822379734769,48.54595866528106,49.83822379734769,17575785
2006-04-21,48.418052673339844,49.54272107876449,47.20076683933169,49.11931900099936,10259012
2006-04-24,46.96259689331055,48.863507814553216,46.406880389916,48.863507814553216,12389697
2006-04-25,46.48186492919922,47.4389367307556,46.10697741000529,46.75090565511395,7942915
2006-04-26,48.418052673339844,48.64298755083916,46.09373956401477,46.48627115960936,12769537
2006-04-27,48.27251052856445,49.65739611947568,47.19194790217092,48.64298922878612,15131074
2006-04-28,47.381591796875,47.99464643882822,40.664458410330774,47.632988347762804,6105679
2006-05-02,47.57124710083008,48.49744534559937,47.28897704562282,47.31543874165998,4040044
2006-05-03,47.56243896484375,48.0740528258465,47.19196016832706,48.0740528258465,4037119
2006-05-04,47.70798110961914,48.418065194934314,47.19195847878381,48.07405110472301,5199084
2006-05-05,47.58448791503906,48.96937075949362,47.45658221716707,48.51509511262365,5840746
2006-05-08,47.50068664550781,48.16225606406879,47.07287271197006,48.0961003186273,6260364
2006-05-09,47.51832580566406,47.63299914950898,46.30986036732919,47.63299914950898,4485626
2006-05-10,47.86233901977539,48.29456467965725,47.45657505664853,47.45657505664853,6853670
2006-05-11,48.06081008911133,48.50626810091616,47.58889038007463,48.07404243324535,8233368
2006-05-12,48.03434753417969,48.42687915347558,47.077275789061716,47.588889530328935,9883848
2006-05-15,47.156673431396484,48.07405132185581,46.31868662938406,48.07405132185581,16390443
2006-05-16,47.11696243286133,47.80058457333337,45.7938239639615,47.63298787142938,13824612
2006-05-17,47.98141860961914,48.074039029928024,47.19194662554469,47.19194662554469,4088853
2006-05-18,44.770606994628906,47.53596667515536,43.57537091682616,47.45657858794686,7425492
2006-05-19,43.0196533203125,46.55684387176278,41.56861188166089,45.86881280138068,14757501
2006-05-22,38.97084045410156,44.10461813548066,37.753551760059196,43.31073446467352,15042603
2006-05-23,41.82441711425781,42.755024215880965,35.28370271384041,35.28370271384041,14917519
2006-05-24,40.082279205322266,43.2225288611293,39.69415940234616,43.2225288611293,11761279
2006-05-25,42.891754150390625,43.63712045678851,38.37102973513737,39.694168588382226,26134914
2006-05-26,41.899391174316406,43.75178458000162,40.576252600107544,42.252225734610036,14051252
2006-05-29,41.51569747924805,43.046127445096964,41.28194194310179,42.76385728621179,6905244
2006-05-30,41.55537414550781,42.69327188246964,41.021707536605916,41.63476222059651,9511155
2006-05-31,39.667701721191406,41.105513845573,38.45923628423756,41.105513845573,10886052
2006-06-01,39.226646423339844,41.19371300857866,38.203419096087174,39.87057453275562,16035732
2006-06-02,41.449527740478516,41.81118591179882,38.7944296227381,39.433946099475,10393715
2006-06-05,40.355735778808594,42.3316203913875,39.87058369642082,41.67005100142403,8948070
2006-06-06,39.27075958251953,41.418652623228226,38.47687575029614,40.13521093296359,16924221
2006-06-07,39.28398895263672,40.02935817722124,38.282814343790626,39.023771789906114,9834221
2006-06-08,37.00819396972656,38.988493468409594,36.430424411967344,38.900284809436386,9749475
2006-06-09,38.362205505371094,38.86499873936288,36.170206467356294,37.047890232948696,8541697
2006-06-12,37.250755310058594,38.54743195516069,36.96848532001988,38.11520640679333,8780052
2006-06-13,34.86912155151367,37.047891297753274,34.48982222122505,37.047891297753274,8763946
2006-06-14,34.357505798339844,37.136097862829835,33.62978065834703,34.48982027589392,19853545
2006-06-15,37.04789733886719,37.43601729930646,35.28371189373242,35.901175603114766,7987724
2006-06-16,38.85617446899414,40.34690990461773,37.48893293620387,37.48893293620387,12769661
2006-06-19,38.44601058959961,39.694173277272654,37.105230444446725,38.38426362392178,11280888
2006-06-20,37.21548843383789,38.28281890976581,36.884703713403916,38.10640158861567,7813101
2006-06-21,38.715030670166016,39.24428543372288,37.48892444931697,37.568312514298725,11883377
2006-06-22,39.73385238647461,40.57625069208344,39.25311218009276,39.25311218009276,7249759
2006-06-23,41.423065185546875,42.78148918924113,37.96085093082403,39.61477436632163,8493821
2006-06-26,40.92026901245117,42.42864851183887,40.576254996742115,42.34043986655542,7386292
2006-06-27,41.802364349365234,42.693277411545665,40.0469999231156,41.017304061702326,13471928
2006-06-28,42.706512451171875,43.22253802967766,40.33809311207448,41.28193262107596,14384985
2006-06-29,44.2707405090332,44.56486874368462,42.96053236881356,43.152161049635865,23430985
2006-06-30,45.7547492980957,46.25833143684308,44.57378155992529,44.57378155992529,12083021
2006-07-03,44.78768539428711,46.1157155055416,44.26181728845583,46.1157155055416,10854043
2006-07-04,44.62281036376953,45.866169618893416,44.47574470848934,45.0996547557631,6478888
2006-07-05,44.28411102294922,45.44725361638691,43.633463212392584,45.44725361638691,25909447
2006-07-06,43.771602630615234,44.37768417497927,43.27693322373716,44.0300773389038,15213394
2006-07-07,41.78847122192383,44.51138364138145,41.458689570670735,43.98551854346236,12608070
2006-07-10,44.01670837402344,44.42224866095713,41.44531669485502,42.00683215538011,10435795
2006-07-11,44.16377258300781,45.09963574837134,42.88030560322875,45.006048827385456,11478123
2006-07-12,46.02660369873047,46.15138631539364,42.87141201095332,44.11922911083796,20139696
2006-07-13,44.79659652709961,46.2583217688819,44.56485963538105,46.08006355132847,10911075
2006-07-14,43.59334182739258,44.56485845632329,42.8669355300465,44.38659722123838,12266781
2006-07-17,42.66640853881836,43.851834210275626,42.336629828224396,43.49085984867631,11165697
2006-07-18,43.25020980834961,43.495317214057955,41.98011274244994,42.42576147201099,9447395
2006-07-19,40.85261154174805,44.4489962433831,40.28663814183839,43.77606547934589,27013216
2006-07-20,41.886512756347656,42.639659963071374,41.445321981091,41.8909705720463,20027225
2006-07-21,40.019248962402344,41.88206005844255,39.58251292722928,41.445327045517786,18085874
2006-07-24,41.797386169433594,42.11379741347975,39.42207746447553,39.93011737243739,20233510
2006-07-25,41.87313461303711,43.66464125577978,41.552268653813755,42.77334423816169,10721101
2006-07-26,42.45695114135742,42.60401375070742,41.498804694484434,41.98901943681466,20399047
2006-07-27,44.00780487060547,44.46682090057857,42.5148807635594,42.96052938987187,22499687
2006-07-28,43.058570861816406,44.03008461956025,42.78227089118155,43.673568138450996,6767226
2006-07-31,43.744876861572266,44.56487337746703,43.169990759329636,43.58444381185327,10327617
2006-08-01,44.1325798034668,44.3687745177664,43.15661134841328,43.67356382162232,6204248
2006-08-02,44.79659652709961,44.9213760704879,43.51758429607331,44.119211069249715,7392675
2006-08-03,45.30463409423828,45.67898179726461,44.78768465043502,45.09963804737581,16231688
2006-08-04,45.26453399658203,45.88398610876414,44.79660532801129,45.09964617073734,10960186
2006-08-07,44.0345458984375,45.26453450393598,43.85182982748865,44.56486889027646,8108799
2006-08-08,44.747581481933594,44.957038404502875,44.12813239138359,44.957038404502875,4039573
2006-08-09,45.108558654785156,45.634423822880755,43.69585097588119,44.56486826593169,8221848
2006-08-10,45.93301010131836,46.204858337245135,45.0105201059139,45.456168789910585,8059012
2006-08-11,45.00606155395508,46.138008467472744,44.57823809896858,45.99094585483593,10294248
2006-08-14,45.46952438354492,45.625502591324256,44.84561759692315,45.01050841339733,4956710
2006-08-16,45.87506866455078,46.775278487470814,45.576485669612254,46.080067748985016,11476674
2006-08-17,45.56758117675781,46.32072552204069,45.35812423915818,45.901817691338564,6008906
2006-08-18,45.652244567871094,45.90626451663572,45.326920720817306,45.901809723007176,4779466
2006-08-21,45.52301788330078,45.79486311489194,44.92139091136227,45.545300923418644,8979608
2006-08-22,45.647789001464844,46.1691962933008,45.14420390608939,45.14420390608939,12184177
2006-08-23,45.54529571533203,45.8839870062988,45.18877618096037,45.8839870062988,7437084
2006-08-24,45.93746566772461,46.34746388759732,45.01051790109687,45.01051790109687,13253741
2006-08-25,45.52301788330078,46.285077908489896,45.3670396247245,45.990949636780876,6907057
2006-08-28,45.74583435058594,46.080070827964676,45.340293970476466,45.45616394575699,5884426
2006-08-29,46.84658432006836,47.06049602280133,45.901811410807944,46.08006965196134,8230675
2006-08-30,46.91342544555664,47.56407305289027,46.63266468347234,47.01592497456791,13942168
2006-08-31,46.227134704589844,47.327888922299856,45.90181385053103,46.92680332501441,12999083
2006-09-01,46.195926666259766,46.41875093090076,45.66560685065262,46.25831794391885,6802204
2006-09-04,46.592567443847656,46.79311175622051,46.213767900778805,46.213767900778805,4083359
2006-09-05,45.95529556274414,46.79311730884708,45.870624242559956,46.588118178061336,5647795
2006-09-06,46.57919692993164,46.79310863253416,45.65670403469186,46.0800696238591,5690399
2006-09-07,45.64332580566406,46.5167976864006,45.4561549867906,46.5167976864006,5172488
2006-09-08,45.384857177734375,45.781481900495095,45.01942507709133,45.72354842763648,5422284
2006-09-11,44.53367614746094,45.63442743908722,44.119223109632074,45.45616917288611,9090132
2006-09-12,44.87681579589844,45.09964009271125,43.58443306103536,44.60942543082388,9984532
2006-09-13,45.76365661621094,45.990938735944404,45.01051240337927,45.54529012821043,5026088
2006-09-14,45.661163330078125,46.21376937184309,45.37149290426074,45.910728518842355,5329466
2006-09-15,45.35811996459961,45.794855998496864,45.099645201695196,45.63442297017712,7224115
2006-09-18,45.794864654541016,46.080080324241756,45.37595376188695,45.37595376188695,5804924
2006-09-19,45.701263427734375,46.34745629988437,45.393767835419496,45.794850356807565,7545866
2006-09-20,46.133548736572266,46.32071958919503,45.05507760364502,45.500726232673166,4333795
2006-09-21,46.668331146240234,46.79311374194561,45.90181639490376,45.90181639490376,10419083
2006-09-22,46.28061294555664,46.793110700139664,46.146917747741576,46.793110700139664,7876764
2006-09-25,45.4561653137207,46.46778738636112,45.041709288829985,46.25833046577155,5836701
2006-09-26,46.91342544555664,47.007009344003755,45.48734766996302,45.81267147362984,12422746
2006-09-27,46.400936126708984,47.19864644777797,46.20039484798329,47.07832168054255,7880435
2006-09-28,46.50789260864258,46.96245383922072,46.34745958870301,46.60593433810606,6606310
2006-09-29,46.78419876098633,47.229847440718814,46.46779049528515,46.75300311162517,6195413
2006-10-03,46.311798095703125,46.78418446384993,45.964191264620084,46.78418446384993,3256275
2006-10-04,45.17539596557617,46.547995119936644,45.019420780880324,46.547995119936644,8113919
2006-10-05,46.42321014404297,46.61483877562542,45.55865088319015,45.901802920649295,6625288
2006-10-06,45.839420318603516,46.79310886408251,45.63442122481401,46.52571847894419,6176568
2006-10-09,45.95975112915039,46.15137982220854,45.45616896057306,45.81268549131008,5009759
2006-10-10,46.32961654663086,46.77526502509653,45.990925395455356,46.77526502509653,4998915
2006-10-11,47.13624954223633,47.77352672356516,46.793100523232155,46.793100523232155,16203670
2006-10-12,48.597991943359375,48.75396716724851,46.79311419372418,47.32789200266277,10009857
2006-10-13,49.69427490234375,49.903731791828875,48.75395687421755,49.02134723335913,13031368
2006-10-16,50.85742950439453,51.07133820395751,49.91265348862288,49.91265348862288,11731403
2006-10-17,51.26295852661133,53.00544766520788,50.65687692479406,53.00544766520788,12509901
2006-10-18,49.69427490234375,52.443925092434455,49.475908426101505,51.87349998262706,25214434
2006-10-19,49.07483673095703,51.18720713162662,48.74060021945267,51.18720713162662,28117545
2006-10-20,49.605140686035156,50.30480913229184,49.11047129254424,49.199600395671396,7061510
2006-10-23,48.78070831298828,49.73439395052787,48.47766442979286,49.58733133664859,6502933
2006-10-26,49.6541862487793,49.770056256072984,48.84310526447073,48.84310526447073,17107954
2006-10-27,50.19786834716797,50.35830138050178,49.42243798972338,49.72993665177877,7614461
2006-10-30,49.4268913269043,50.001777318335634,49.034718367352035,50.001777318335634,7953341
2006-10-31,47.97853469848633,49.73438836826078,47.782448213074474,49.556130124975965,10948319
2006-11-01,47.907230377197266,48.486574196171865,47.50614479994646,48.21918381133799,8262461
2006-11-02,47.51952362060547,48.397450602898196,47.35017795882664,47.773543624398066,10985492
2006-11-03,47.17635726928711,47.942871795618004,46.66831744704543,47.942871795618004,11781199
2006-11-06,47.4170036315918,48.04091336360134,47.247658042755916,48.04091336360134,5113333
2006-11-07,47.32342529296875,48.03200643666011,47.14962185771933,47.77353170277489,5662008
2006-11-08,47.711143493652344,47.862663904522186,44.074650610528025,47.3278861615844,5150541
2006-11-09,47.58635711669922,48.08548438068036,47.149621138496705,47.907226154668194,6178853
2006-11-10,47.831478118896484,47.951802909192054,47.06050547981859,47.818110712585046,4907110
2006-11-13,48.312774658203125,48.459837266189794,47.595280794938276,47.95179730723872,4328035
2006-11-14,48.61135482788086,49.05700346426069,48.31277181307546,48.664833510475944,5893555
2006-11-15,48.847557067871094,50.35830666058085,40.063820371632936,40.063820371632936,6603919
2006-11-16,49.34667205810547,49.46699681547329,48.68711177819271,48.84754478801647,11696426
2006-11-17,49.04362487792969,49.4669903815099,48.669280229614365,49.45807777348425,5335217
2006-11-20,49.422428131103516,49.734381525052775,48.237002816298116,49.02134562777559,5655510
2006-11-21,50.74155044555664,50.88861908123748,49.47591153144283,50.625683498971384,8912132
2006-11-22,52.14979934692383,52.76479656164111,50.358292422949155,50.358292422949155,15049030
2006-11-23,51.94036102294922,53.02328715159308,51.267433160124625,52.5865480288081,9413875
2006-11-24,52.59990692138672,52.845017285988746,50.03297259506584,52.14088788146469,7095501
2006-11-27,53.59371566772461,53.90566612318978,51.78883485136613,52.58209048455855,9306559
2006-11-28,52.17209243774414,53.125781118957995,51.82894633098331,53.125781118957995,9558932
2006-11-29,51.94925308227539,52.76033370639802,51.806645300742986,52.58653028376492,4626044
2006-11-30,53.46891403198242,59.71690303972943,51.97599024709018,53.47782361766815,14926968
2006-12-01,53.5714111328125,54.360211699563024,53.3931529276612,53.91901795732984,8308728
2006-12-04,52.65339279174805,53.6561022534606,52.40828240774253,53.57142489976937,5035990
2006-12-05,52.88066482543945,53.56696292860783,52.72023181662066,53.47783079282146,4080044
2006-12-06,52.582088470458984,53.56697276033273,52.34143891306178,52.94306582880328,4636061
2006-12-07,52.07404708862305,52.675673988045524,51.717530578704356,52.49741573308618,7783519
2006-12-08,51.42339324951172,52.07404094112467,51.09807242595328,52.07404094112467,7579226
2006-12-11,50.554378509521484,52.074040363551006,49.73884301836901,52.074040363551006,6567288
2006-12-12,49.77894973754883,51.22285285629227,49.19960596823196,50.7950294861277,7976799
2006-12-13,49.507110595703125,50.5187326514883,48.2191855353439,49.778955784063015,9250977
2006-12-14,50.763832092285156,51.240676307162936,48.49102316114345,50.001772307134935,6332470
2006-12-15,50.50535583496094,51.78436812331454,50.26916413945333,50.98220308612208,10926826
2006-12-18,51.962623596191406,52.23001394258943,46.49451609700799,46.49451609700799,6699590
2006-12-19,50.5142707824707,52.140886988159366,49.51601923317029,52.05176089350973,9384079
2006-12-20,49.489288330078125,51.59274908110318,48.691574915483116,50.84851435302955,12040052
2006-12-21,49.756683349609375,50.35831035406605,48.584628016346336,49.645271165246946,7678399
2006-12-22,51.20504379272461,51.69525255897881,49.39570801892108,49.90820284832175,9264408
2006-12-26,53.25502014160156,53.45110968166987,50.893084427597266,51.249600973089365,7576772
2006-12-27,54.110660552978516,54.351310098724746,52.7202389405014,53.433277989655046,9731857
2006-12-28,54.23097610473633,54.61868816682466,53.566958073451325,54.27999696162697,10070426
2006-12-29,54.003700256347656,54.71673926683963,53.56696726245051,54.458264514441396,4224657
2007-01-02,54.50727844238281,54.796948803513075,53.68282738032315,53.745218663581426,4270390
2007-01-03,55.27825927734375,55.4253218689591,54.11065604277099,54.547395068442015,9654710
2007-01-04,54.05718231201172,55.43869427049445,53.92348409664453,55.43869427049445,7675039
2007-01-05,53.30403518676758,54.36913595669202,53.032189990543856,54.28000985231352,5543573
2007-01-08,51.56155014038086,53.344144702959326,51.33872582005855,53.12132038263702,7417777
2007-01-09,51.68632125854492,52.274577575451374,50.803933760937646,52.05175330457007,5961830
2007-01-10,52.59100341796875,53.12132339618172,50.0329783830942,52.1408939133457,12217146
2007-01-11,55.22032928466797,55.438698823219816,51.695245197461325,52.58654252845204,15291874
2007-01-12,55.835330963134766,56.10717618667711,55.26043882076112,55.26043882076112,7758595
2007-01-15,55.87987518310547,56.46367674934348,55.438687446837434,56.27650289756548,5030346
2007-01-16,56.766727447509766,56.93161527267208,55.72391274534039,56.15173013195054,7574390
2007-01-17,56.499332427978516,58.12149387160705,56.28542375216315,58.12149387160705,15857563
2007-01-18,57.185630798339844,57.75606199544986,56.59737438188217,56.77563866435121,8374906
2007-01-19,55.318363189697266,57.31041147522548,54.77021806834564,56.775636779064676,7319448
2007-01-22,55.41640090942383,56.05813896072429,54.54738982429148,54.54738982429148,6143635
2007-01-23,55.3272819519043,55.71053928807898,54.86826289835881,55.70607844976561,3753466
2007-01-24,56.410213470458984,56.59738131879795,54.993050935909906,55.08217704357204,3565262
2007-01-25,58.050209045410156,60.162579714457074,56.24978886670244,56.98956287146198,11754746
2007-01-29,56.178466796875,58.188340374370746,55.53227388208441,58.05019341285747,5773546
2007-01-31,54.6588134765625,56.92716203324078,54.36913700935778,56.24086381600326,6201724
2007-02-01,55.46542739868164,55.9289012333636,55.09554049857434,55.688251706384285,6945652
2007-02-02,57.3193244934082,57.93431566817774,55.79520489207409,56.15172133992612,13343065
2007-02-05,56.4948844909668,57.65802703477885,56.24086450757699,57.488678364353326,3888746
2007-02-06,56.57955551147461,57.0563998271452,55.81749556524422,56.50825462608311,3552950
2007-02-07,57.29258346557617,57.577799040766635,56.254223723286756,56.686501879420376,5163733
2007-02-08,56.63748550415039,57.47976187188097,56.441402047365266,57.29258800249724,2760817
2007-02-09,57.3193244934082,57.74268701967052,56.59736992198902,56.95389241433679,4570666
2007-02-12,56.1873779296875,57.75605755668505,55.79520500069023,56.472593506322646,4609270
2007-02-13,56.8469352722168,57.8451897921848,55.61694687363752,56.06259545734697,6171155
2007-02-14,57.9521484375,58.290839676215725,55.737269849679215,56.846936540328436,6224195
2007-02-15,60.34082794189453,60.89788871650954,57.9343205599607,57.9343205599607,9975172
2007-02-19,60.719635009765625,61.58865238733734,60.30964280204975,60.69735499269858,6656844
2007-02-20,59.20441818237305,60.89788650232773,58.928118224228626,59.716912867485846,3502862
2007-02-21,59.57430648803711,60.38538720743715,58.478016216564264,58.990510913853605,8107857
2007-02-22,57.920955657958984,60.78201517683971,57.15443496160394,59.57430670299376,12888826
2007-02-23,55.5545654296875,59.44953643374969,55.26043416919697,59.44953643374969,8475128
2007-02-26,54.689998626708984,55.964553077561746,52.89848868169805,55.70607230823481,11575092
2007-02-27,53.88337707519531,55.242602930432774,50.58557551743141,54.814779535547494,9274906
2007-02-28,50.126564025878906,53.11240638330638,48.999071963261294,52.319156855945806,20334292
2007-03-01,52.72022247314453,53.388695239583,48.130042205817524,51.49023427535627,20079616
2007-03-02,51.17829132080078,52.813823235598285,50.53655620872319,52.140889455544894,9917999
2007-03-05,47.85820770263672,50.8039415070165,46.98473570226427,50.8039415070165,12728088
2007-03-06,51.54372787475586,51.913614817014896,48.130058970845084,48.130058970845084,13474852
2007-03-07,49.364505767822266,52.73806643687852,48.428642353205525,52.408284729071354,20155403
2007-03-08,51.026771545410156,51.784376684843785,49.467004258410206,49.467004258410206,12941519
2007-03-09,50.416229248046875,52.13197759941325,50.05970975685084,51.516980343757076,7165164
2007-03-12,50.96437072753906,52.58653202964016,50.65687514397724,50.80393772355066,10298888
2007-03-13,52.04283905029297,52.22555810038467,50.92426287334967,51.42784791487567,5035724
2007-03-14,49.489288330078125,51.249596946318746,49.021356623075086,51.249596946318746,13189252
2007-03-15,50.11764907836914,53.272842975582286,49.77004217706859,50.982208515495664,7366764
2007-03-16,50.380584716796875,53.27284621708208,49.56059130203195,50.358301679313094,5744844
2007-03-19,51.53927230834961,51.78437665328339,50.35830154728943,50.80394718455467,4156595
2007-03-20,51.106971740722656,52.319140785594044,50.857412681200636,51.650668009401556,5781928
2007-03-21,51.851219177246094,52.58653820597271,49.04363523320034,49.04363523320034,4079928
2007-03-22,53.005455017089844,53.4600132592523,52.408282919370606,52.408282919370606,4991226
2007-03-23,53.237178802490234,54.32456542160582,52.69348851518023,53.036640573045624,8317635
2007-03-26,52.2844352722168,54.35172537556805,48.545338611671085,53.911299547605886,6310666
2007-03-28,50.25309753417969,52.46419614316974,49.88458059138789,52.46419614316974,12630772
2007-03-29,50.86429214477539,52.26196160584848,49.88457732619103,51.232806015685355,20233261
2007-03-30,50.28006362915039,52.104672742973854,50.01940692589612,51.23281197321174,6358977
2007-04-02,46.62636184692383,50.69352917582472,46.28930383150819,50.298045576682256,12450177
2007-04-03,48.01953125,48.329625709115575,46.626360003356965,46.64882809862062,9890817
2007-04-04,49.37675476074219,49.65089478483573,48.19929793893206,48.356589846516925,14131945
2007-04-05,49.66887283325195,50.019414151622385,48.549838492805435,49.62393054452091,7839297
2007-04-09,50.4058952331543,50.96316302693562,47.81728887889369,49.43516823127665,5094204
2007-04-10,49.22843933105469,50.78340073506662,49.075639849304196,50.78340073506662,5984408
2007-04-11,49.187992095947266,50.783400318884254,48.725098207484585,50.783400318884254,8121564
2007-04-12,48.57679748535156,48.98576127688126,48.20378508097307,48.98576127688126,6522959
2007-04-13,51.02158737182617,51.27775166256,48.266701194363215,49.075640899430006,19178665
2007-04-16,52.64396667480469,52.94058088838555,51.23281667523109,51.23281667523109,9877021
2007-04-17,51.58784484863281,53.479857989932455,51.23280513321261,53.479857989932455,8837564
2007-04-18,52.65745544433594,52.895644100853275,51.32270658327252,51.32270658327252,6861910
2007-04-19,51.75862121582031,52.536104981596004,51.41257846095488,51.77210450935144,8799635
2007-04-20,51.34516906738281,54.36071539571323,50.43736292712378,52.58104841036139,29287758
2007-04-23,50.99911880493164,53.030451323492045,50.891258553120906,53.030451323492045,9649066
2007-04-24,49.8486328125,51.3227007804504,49.57000039242052,50.77891314010758,16219874
2007-04-25,49.956485748291016,50.212650035561076,48.985758724888875,48.99474657120844,11308212
2007-04-26,50.66205978393555,51.142929364369316,49.884579088914215,50.34297753004759,19608799
2007-04-27,50.8508186340332,51.23731436651335,50.00592743619901,51.14293739528816,8273252
2007-04-30,51.376625061035156,51.655263561422835,50.4238766902333,50.78340581495145,5308924
2007-05-03,51.31371307373047,52.5765590812457,50.91823556201295,51.8619992436053,11052941
2007-05-04,50.990142822265625,57.07516004288969,50.42388398791169,57.07516004288969,7781430
2007-05-07,49.66887283325195,51.41258852914882,49.547532310991734,51.41258852914882,5459937
2007-05-08,49.196990966796875,50.15873034394123,49.03070815589289,49.43517961097599,9878515
2007-05-09,49.47562026977539,49.6688666011011,48.63522151983461,48.98576279422122,9182701
2007-05-10,49.68234634399414,50.83283640263839,48.648701336618686,49.857613920897336,17234665
2007-05-11,49.05766296386719,50.76542380810184,48.24422784888582,50.76542380810184,12691590
2007-05-14,48.9003791809082,50.22614010825058,48.756567516136016,49.547531672383045,7193137
2007-05-15,48.0914306640625,49.381239966712656,47.73639701401674,48.895877971373245,13846114
2007-05-16,48.58578109741211,48.8689089137135,47.637525246938104,48.17681734152762,11438203
2007-05-17,49.152042388916016,49.30933427399023,48.58128823134953,49.25540414733813,5708266
2007-05-18,48.83296585083008,49.58348007381258,48.71611773734048,48.985765354463474,7212950
2007-05-21,48.00605392456055,49.25541358920771,47.86224225776124,48.89588746997078,12495412
2007-05-22,47.835269927978516,48.71611551953452,47.5476466288777,48.086941838572216,9219981
2007-05-23,48.082435607910156,48.32961201562691,47.691447582894945,47.835259200193406,5030061
2007-05-24,47.85323715209961,48.52735604489717,47.46674455525333,47.73639211237235,5623404
2007-05-25,48.841941833496094,48.97676560930569,47.107214534197325,47.637521792083106,9755430
2007-05-28,48.50938415527344,50.666555773522866,48.17682163244739,49.884582623884896,9065830
2007-05-29,48.59028244018555,48.77903332470243,48.113905209823905,48.71611534727648,9108488
2007-05-30,48.22625732421875,48.51837606642366,47.862235806067815,48.51837606642366,8079759
2007-05-31,48.86891555786133,49.25540822740146,48.095930218781064,48.79700973228914,16769696
2007-06-01,48.91834259033203,49.291354954571446,48.64869807243129,49.291354954571446,7491697
2007-06-04,47.98806381225586,49.42618013956636,47.81728864129797,49.42618013956636,3868213
2007-06-05,48.10940933227539,48.67117259330952,47.655503276345094,48.04199591229485,7498381
2007-06-06,47.839759826660156,48.98575744269938,47.67797250162132,48.98575744269938,10298337
2007-06-07,49.02170944213867,49.36326283643124,45.74999932493037,45.74999932493037,13272790
2007-06-08,49.21946334838867,49.817178126206954,48.136383421822224,48.53635943898431,15841403
2007-06-11,48.78801345825195,50.073327201560716,48.53634463609879,49.87558850121198,5638790
2007-06-12,48.41950225830078,49.075642499743616,47.9386326475766,48.814985801169826,2875590
2007-06-13,47.677978515625,48.43748055927719,47.313953940609686,47.817294719145806,10608906
2007-06-14,47.85323715209961,56.38305001036722,47.77234349451599,48.6262253935526,3394506
2007-06-15,47.68246841430664,48.48242030012225,47.6375291805737,48.086939804468166,5324533
2007-06-18,47.01285171508789,49.42618781329592,46.8780279075002,49.42618781329592,3772604
2007-06-19,46.87802505493164,47.25552986454902,45.92976910742614,45.92976910742614,5892044
2007-06-20,46.9948616027832,47.50269772024255,46.738700392429834,47.00834489460825,8213270
2007-06-21,47.170143127441406,47.63753252540729,46.49602714426717,47.18812186995779,3789093
2007-06-22,46.49602508544922,47.45776433316763,46.2892985093946,47.170141038773984,6735004
2007-06-25,46.33873748779297,46.63984105669142,45.83989212372573,46.49602939616161,6857341
2007-06-26,45.7275390625,46.64882850468628,45.39048105747735,46.01965478108182,4261804
2007-06-27,45.830902099609375,46.19941910575406,45.592716508633856,45.727540323914326,6153466
2007-06-28,46.362247467041016,46.71798186753338,45.65979028254043,46.29020034141916,12082079
2007-06-29,46.69095230102539,46.830545294797375,46.21364210445681,46.560367868060794,7470239
2007-07-02,46.17312240600586,47.01066827354388,45.79487578667418,46.38025825924103,4305333
2007-07-03,46.39376449584961,46.71347378061059,46.2451690290944,46.69546276410993,2409306
2007-07-04,45.817386627197266,46.57387979226725,45.62375752844464,45.92996005121065,7961981
2007-07-05,45.448158264160156,46.11008920530366,44.37195554097418,44.37195554097418,4614826
2007-07-06,46.794525146484375,46.92060836608798,45.412123172972485,45.587738213491875,15602274
2007-07-09,47.28534698486328,47.641078306592,46.857568542578754,47.280845757562844,10574221
2007-07-10,46.76750946044922,47.77616607410212,46.56037361131744,47.370902937757165,8492497
2007-07-11,46.03353500366211,47.271842939222445,45.74985076802017,47.26283742977749,8845955
2007-07-12,46.069549560546875,46.362239238704916,45.8398984340886,46.15510646133516,5135830
2007-07-13,46.15961456298828,46.461312847215325,45.59224613694189,46.380260214922984,10068870
2007-07-16,45.25001907348633,46.200138364334514,44.8987889835046,46.19113285609778,8089670
2007-07-17,45.51118850708008,45.74984516627542,45.245515322857855,45.65078152076031,5876790
2007-07-18,45.601253509521484,45.808386326206914,45.31306500348075,45.6597908455141,4375297
2007-07-19,45.49317169189453,45.830891953559586,44.412468076066126,44.412468076066126,12069679
2007-07-20,45.497676849365234,46.10107027302099,45.39410893400834,45.569723962059186,12176070
2007-07-23,45.83990478515625,46.1235920489827,45.25002106654482,45.479672224821,5978488
2007-07-24,45.52470016479492,45.929966379329436,45.31306307569078,45.88493578202005,4143190
2007-07-25,44.92581558227539,45.56973547869717,44.66914786929605,45.479677328507115,13056443
2007-07-26,46.290199279785156,47.911258042224134,44.58809093834924,45.11043182369068,16907830
2007-07-27,44.371952056884766,46.04254273823913,44.12879414499631,46.04254273823913,10465883
2007-07-30,44.448490142822266,44.57907763162727,43.78655940659301,44.371941804729175,4357910
2007-07-31,44.79072189331055,45.00235898099321,43.867619084668135,44.26387673407928,4958959
2007-08-01,42.91749954223633,44.389959747732874,42.46270150816861,44.218848976685095,12078692
2007-08-02,41.62065505981445,43.673993506733645,41.45404551351015,43.673993506733645,10004035
2007-08-03,42.34562683105469,45.92095727362436,41.787260867523685,45.92095727362436,12735954
2007-08-06,41.19287872314453,42.35463835832114,40.828141830923585,41.42703419515717,6529066
2007-08-07,41.39999771118164,43.65146587584512,41.15683988229778,42.30508925702598,11436559
2007-08-08,42.935516357421875,43.58844177653112,41.94036629625344,41.94036629625344,17901519
2007-08-09,43.02107238769531,43.63347147300053,42.86797261636901,43.232709498536,11348781
2007-08-10,43.25071716308594,43.49837934701434,41.24691049993803,42.75089156763501,10716275
2007-08-13,43.24620819091797,43.48936604995724,42.77790348749058,43.34077059846086,5603004
2007-08-14,43.35878372192383,43.62445688907318,42.96702733858506,43.588431804269206,3762195
2007-08-16,42.278079986572266,42.77790860607033,41.206381734100944,41.607143653664764,7311359
2007-08-17,42.72386169433594,43.40830764358343,40.07613601234581,42.0574267573386,13228150
2007-08-20,42.260074615478516,44.822247452833274,41.760248982956384,43.17417201238853,11455368
2007-08-21,40.24274826049805,43.49837203235686,39.62584809883671,43.49837203235686,12126897
2007-08-22,40.82362747192383,41.1478410165062,39.175555441024336,40.7065528185674,10790790
2007-08-23,40.40936279296875,42.30059593024695,39.531290592134226,42.30059593024695,4044995
2007-08-24,41.19287872314453,41.86831944827616,40.05363744330611,41.86831944827616,6478079
2007-08-27,41.82328414916992,42.05743652404471,40.738076129726295,41.42702651890103,4716097
2007-08-28,42.03492736816406,42.32762016983395,41.296445049028094,41.42703257161941,6629324
2007-08-29,42.327613830566406,42.50773010173379,40.80111759161103,41.65217323306401,7505155
2007-08-30,43.02107238769531,43.6559867739677,42.17902211852548,42.95803076648737,14690452
2007-08-31,43.43983459472656,43.97118090760965,42.777903843910245,43.13813635493302,6535928
2007-09-03,42.75540542602539,43.76856663415394,42.60230563228044,43.76856663415394,7096799
2007-09-04,41.96287536621094,43.93065989489738,41.6161495476037,43.40831902642741,7213724
2007-09-05,42.58428192138672,42.93101081035069,42.16100773349574,42.29159219343019,11693617
2007-09-06,43.04808807373047,43.210193351519585,41.96738418596955,41.96738418596955,6380541
2007-09-07,43.07059860229492,43.27323017708096,42.354631668884316,43.048083304263166,7101670
2007-09-10,41.88632583618164,42.72837292030706,41.7872591381229,42.41767219815644,6036790
2007-09-11,41.01724624633789,42.32760072182949,40.89566428914121,42.32760072182949,5034728
2007-09-12,40.75608825683594,41.463049681709364,40.535445665147684,41.38199705180349,3216133
2007-09-13,41.10281753540039,41.31895891793209,40.5039282691408,41.15685364447086,5457377
2007-09-14,40.548946380615234,41.60713774713649,40.16619858594225,41.60713774713649,3907537
2007-09-17,40.47240447998047,40.88667314235069,40.27877841163081,40.760592968803195,3731395
2007-09-18,40.00410079956055,40.69755246103986,39.89602858644038,40.69755246103986,10842088
2007-09-19,40.38684844970703,41.41802042761445,40.211233394637645,40.75158834985114,13439874
2007-09-20,39.14854049682617,40.52644135341477,38.99994502219406,40.16620573555664,7051839
2007-09-21,39.50877380371094,39.89602592510077,38.28847705561055,38.90538032424891,17872345
2007-09-24,39.923038482666016,40.30128811201914,38.954908275391745,39.6258475803163,17012719
2007-09-25,39.256614685058594,40.23825488453957,39.130531449024296,40.16620775734142,10043377
2007-09-26,40.922698974609375,42.78241134232022,39.6258538050707,39.6258538050707,17485296
2007-09-27,41.46304702758789,41.87731871281072,40.976731279282525,41.237900169205844,18486621
2007-09-28,41.44953918457031,42.23755322589769,41.16135070371347,42.05743695223709,10836008
2007-10-01,40.90918731689453,42.21954221656349,40.12567755646096,41.60714322151199,10854532
2007-10-03,42.3636360168457,42.77790771728193,41.080297655439814,41.080297655439814,17977341
2007-10-04,41.61164855957031,42.1925298597979,41.255917204324454,42.05744111430892,13220577
2007-10-05,41.44053268432617,41.86831111434303,40.84164349305252,41.86831111434303,9338577
2007-10-08,42.28258514404297,42.43118061639945,40.97673448477404,41.8773219887526,13184737
2007-10-09,44.038726806640625,44.29989875444343,41.458543402333255,42.237551911103175,19925127
2007-10-10,45.326560974121094,45.59223717119501,43.59293217573206,44.31340021595564,16082612
2007-10-11,43.94866943359375,45.47966995356002,42.890480996392604,45.389608764223915,18346941
2007-10-12,43.84060287475586,44.12879136867784,42.45369651119385,43.25071609696244,10575332
2007-10-15,44.326904296875,45.02936428650536,42.6968405651995,43.8585996729541,13462701
2007-10-16,43.74604034423828,44.56557522664244,43.3497826929522,44.389960172734405,12489066
2007-10-17,43.975685119628906,44.12878791708104,41.69719998011701,42.32761302470017,7811626
2007-10-18,44.47100830078125,45.65978418799224,43.13813818155985,44.57908050166389,19437643
2007-10-19,45.02486801147461,45.929959676814214,43.057083720711084,45.209488547501614,14967297
2007-10-22,44.60159683227539,45.02937834049947,41.23339919437653,41.23339919437653,6605901
2007-10-23,44.358436584472656,45.37610175559449,43.67849476382802,45.02937595073766,7529892
2007-10-24,43.79557800292969,44.939323565676006,42.98955280307109,44.939323565676006,8710381
2007-10-25,44.93500518798828,45.21534114264241,43.144477064240824,44.311034381116784,13097901
2007-10-26,45.20176696777344,45.396192639235,44.428584097713326,45.0344693901109,7355652
2007-10-29,46.10607147216797,46.431620848475674,43.90860704936969,43.90860704936969,8986061
2007-10-30,46.17842102050781,46.698396114678566,45.070645993995576,46.57179526954294,7416915
2007-10-31,45.86192321777344,46.15582170785968,45.039003765898094,46.11965090689712,3859102
2007-11-01,45.16106033325195,46.39091596096038,44.58230330074921,46.11510302089576,5310835
2007-11-02,44.473793029785156,45.03446167004387,43.58757198794243,43.58757198794243,3837537
2007-11-05,43.836280822753906,45.83932042455803,43.63281237706447,44.473817330155434,3827786
2007-11-06,44.03068542480469,44.30649841500839,43.605660268501666,43.76843494689332,4131013
2007-11-07,43.15803909301758,44.12112485615515,42.41198423637658,43.67801421153252,4893724
2007-11-08,42.64257049560547,42.859604400795966,40.70735380742697,40.70735380742697,3953057
2007-11-12,41.272560119628906,42.05026599220018,39.97035928760343,42.05026599220018,7887395
2007-11-13,39.98392105102539,41.23638538392181,39.70358513304612,40.69380201126199,9457537
2007-11-14,42.7691764831543,43.2077641300326,40.241640078844796,40.874653367103804,9401075
2007-11-15,41.34489440917969,42.977167156008385,41.1007323893663,42.96812445894424,6864177
2007-11-16,41.67497634887695,42.05930792852407,40.50389927795984,41.20925741035229,4945235
2007-11-19,41.476009368896484,42.27180027267502,41.25445567164918,41.674957861431075,4722257
2007-11-20,40.540061950683594,41.39011229851111,40.39537572662079,41.39011229851111,9543119
2007-11-21,39.49559020996094,40.734491913551786,39.33733840187585,40.60336513199929,8442612
2007-11-22,39.595069885253906,39.784975767850426,38.885191932814,39.4955971275288,7619101
2007-11-23,39.920616149902344,40.232599956323,39.34638184178992,40.232599956323,4546879
2007-11-26,40.97865676879883,41.145954352389,40.33207777961297,40.33207777961297,4312986
2007-11-27,41.3991584777832,41.57097587472662,40.241647123403126,40.51293726599365,3759750
2007-11-28,40.671199798583984,41.77897498849639,40.34564727333864,41.59811485941896,2639679
2007-11-29,40.521976470947266,42.05025671454252,40.15121054831036,41.34037584312996,8156621
2007-11-30,41.656883239746094,41.93721912752298,40.72996841703588,41.56645319843889,5016239
2007-12-03,44.500919342041016,45.124889898425224,41.68852742394105,42.050250596613104,15694390
2007-12-04,45.05255126953125,45.66748227822595,43.85886924013227,44.58231261555342,8763652
2007-12-05,45.106807708740234,45.37810087409477,44.491879804720995,45.37810087409477,3115590
2007-12-06,44.7722282409668,45.4866290752865,44.49189230021647,45.305768958496024,3157768
2007-12-07,45.504703521728516,45.66295838560268,40.69379552264004,45.21532801778221,4328915
2007-12-10,45.3374137878418,46.024686431307195,45.043512304980155,45.50470829994928,4987848
2007-12-11,45.726261138916016,45.938772188706395,45.12489571193142,45.39618889297659,4125386
2007-12-12,45.8935661315918,46.110597031926225,44.22059635494284,45.215336135553905,5752017
2007-12-13,45.25603485107422,45.66749455046665,44.72249104040549,45.66749455046665,5201564
2007-12-14,44.962127685546875,45.38715291440422,44.51449724355664,45.305765561315084,3183368
2007-12-17,44.143733978271484,45.21533828145022,43.85887822499755,45.21533828145022,5546977
2007-12-18,43.754878997802734,44.67274814227112,42.9003087417011,44.16181575482212,7088684
2007-12-19,43.74583053588867,44.75412959725419,43.135422414420816,44.75412959725419,2474808
2007-12-20,44.61397171020508,44.7631839075167,43.60114957370509,43.840788759749366,3457333
2007-12-24,48.380409240722656,48.80543140726002,44.89882615639474,44.89882615639474,21560576
2007-12-26,48.43014144897461,49.26662626169647,46.95160055920784,48.78734181201035,13357003
2007-12-27,49.691646575927734,49.91772321257974,47.851382508271534,48.83255658319435,12116114
2007-12-28,47.73381423950195,49.01340940797502,45.72625596578589,48.61099256370738,6134968
2007-12-31,47.53487777709961,49.275669177161284,47.12341815888653,48.6336100309199,7540124
2008-01-01,46.66221618652344,47.84233563625719,46.571786153025286,47.84233563625719,2982764
2008-01-02,46.241722106933594,46.88830110044555,45.4097601320843,46.843084542515115,4986506
2008-01-03,44.871700286865234,46.241725922133455,44.67275170846222,46.241725922133455,7301795
2008-01-04,44.912391662597656,45.38715327024713,43.85887588026137,44.311029208239724,8101866
2008-01-07,43.628273010253906,44.67274601442748,43.406719245621005,44.40145587812356,6254950
2008-01-08,44.25675964355469,44.758649230110215,43.16254737281969,44.130155759969405,7558248
2008-01-09,44.38336944580078,45.43236538008377,43.85887454502019,44.85361122301657,6028399
2008-01-10,44.10302734375,45.38714236398894,43.85886534123899,44.87621008472845,6402879
2008-01-11,44.207035064697266,44.989260716425534,43.406724015166986,44.989260716425534,5466666
2008-01-14,41.70210266113281,44.03973688649026,41.24994932389797,44.03973688649026,23835749
2008-01-15,41.60715103149414,43.31628848884974,41.16404041177648,43.31628848884974,6921279
2008-01-16,41.26350784301758,41.778963049863115,40.10599660169395,41.60714566970145,7674070
2008-01-17,41.82868957519531,42.49335372953703,40.2506764188404,41.32680006547933,2186017
2008-01-18,41.08716583251953,41.959821341581794,39.98843370315387,41.598101202184694,6969679
2008-01-21,39.74427795410156,41.40820189651247,38.731452818327426,40.9650912829064,8894292
2008-01-22,39.061527252197266,47.47610342480356,29.29953683448244,37.07657667962091,15644656
2008-01-23,39.01179504394531,41.04648527670138,36.1722738709137,39.337347566312026,8088684
2008-01-24,37.17604446411133,41.50767137939865,36.53398533988458,41.50767137939865,6200577
2008-01-25,39.061527252197266,39.87088405540893,37.52873001636799,37.99444586809195,4133893
2008-01-28,36.931888580322266,39.283085395407085,36.06827555609821,38.885191304573944,5183919
2008-01-29,37.302642822265625,38.3425927502512,37.07656621768438,37.8904395410887,2406719
2008-01-30,37.406646728515625,38.02609767187804,36.94093086668883,37.619160886522366,6094124
2008-01-31,38.229557037353516,40.32302874535178,35.7246288248541,37.43828886772439,10717866
2008-02-01,39.794010162353516,40.69379687597241,36.62441749501123,38.88970363325103,9428959
2008-02-04,42.005043029785156,42.8641330654684,40.60336658592219,40.69379969819266,7656835
2008-02-05,41.20472717285156,42.14068462959131,33.91149623414715,42.14068462959131,2794515
2008-02-06,38.428504943847656,40.22355229547436,37.890441493331785,39.78948752274764,6555315
2008-02-07,37.10822677612305,38.87614654950838,36.66963899490111,38.52346901121456,4335937
2008-02-08,38.17078399658203,38.428511629229156,36.81884694553279,37.16700462713168,4431546
2008-02-11,38.22051239013672,38.70431657733037,35.99139727704161,38.252163360615576,6015306
2008-02-12,38.26573944091797,39.066050486196445,37.74124144291861,38.70432720027256,6533733
2008-02-13,37.076576232910156,38.70432638577131,36.466168009111584,37.076576232910156,4968861
2008-02-14,37.65080261230469,38.15269221300968,36.99517796784896,37.80001170814223,4236097
2008-02-15,38.035133361816406,38.252167296131944,37.08561334884156,37.70958399352338,3449617
2008-02-18,37.533241271972656,38.93039464120322,37.09465361659683,38.43302792403773,3157937
2008-02-19,37.289085388183594,38.4330342384228,37.081094130619945,37.18508975940177,4246008
2008-02-20,37.1670036315918,37.98088018307936,36.89571042564234,37.95374902266793,3017270
2008-02-21,39.03892135620117,39.42777272839028,37.474470102470136,38.43303601820305,10595857
2008-02-22,38.59580612182617,39.69905815012906,38.07130820027933,39.69905815012906,3895750
2008-02-25,39.73524475097656,40.00201514607911,38.34261062309296,38.56868733305652,3804364
2008-02-26,40.264251708984375,40.47676584368843,39.06604669854231,40.24164649722421,3977235
2008-02-27,39.848270416259766,40.66666674181903,39.45941908957016,40.6033647925699,3145928
2008-02-28,40.45868682861328,40.7390227967788,39.246915955073945,39.7804567247803,7005866
2008-02-29,39.52272415161133,40.24165091646023,38.02609767815495,40.060787737991426,6316897
2008-03-03,38.111995697021484,38.871612830474895,37.6236686447385,38.871612830474895,6134168
2008-03-04,37.9447135925293,38.405909677891586,37.25744081436031,38.07131752173669,2705777
2008-03-05,39.509159088134766,39.789495003545994,37.709588516648765,38.88518836860997,3861804
2008-03-07,37.691497802734375,38.7857070821391,36.9183150030104,38.53250236396655,5262595
2008-03-10,36.39834976196289,39.57246608720603,35.99140988455552,36.805286573008935,5023893
2008-03-11,35.55733871459961,36.35312993249389,35.19561850009962,36.262699878868894,9435332
2008-03-12,35.26343536376953,37.88140207000041,35.087095097255215,37.86783955697974,6193786
2008-03-13,33.08406448364258,34.81581353387213,32.56408932008794,34.4540902144439,7667821
2008-03-14,33.39604949951172,34.354612407875564,32.74947044478015,33.084062579518246,8702444
2008-03-17,32.02149963378906,33.91150340716894,31.46987354281413,33.27848689432388,10897368
2008-03-18,32.491722106933594,33.73062016652297,31.92200789092086,32.10286789193737,13628852
2008-03-19,34.21895980834961,35.218216132010966,33.45934261525119,33.45934261525119,10745350
2008-03-24,36.05470657348633,36.53398797709207,33.64020802630415,33.90245547364667,7435244
2008-03-25,39.42776870727539,39.6854963237412,36.72389170857773,36.72389170857773,8836230
2008-03-26,38.76762008666992,40.15120788190189,38.02608829064063,39.427764545706765,9502666
2008-03-27,38.835445404052734,39.32829235271795,38.14817279182716,38.43303156376405,12192977
2008-03-28,41.01031494140625,41.552898396336616,38.61390136023892,38.9756246856463,8672915
2008-03-31,39.07509994506836,40.65763691169936,37.16701349796612,40.65763691169936,8098879
2008-04-01,37.02231979370117,39.789499250546086,36.27174508393596,38.88519251908734,15272905
2008-04-02,37.551326751708984,39.32828871861036,37.10821621377984,37.8904416777033,6504159
2008-04-03,39.459415435791016,39.96130503499239,37.68697328637892,37.68697328637892,9395288
2008-04-04,37.51968002319336,39.60862906214509,37.28004086684755,39.42776897437157,5713661
2008-04-07,39.30569076538086,39.87540222905221,37.709588571175374,37.709588571175374,8548897
2008-04-08,37.42924499511719,39.2469005940035,37.189605870682435,38.88518046662417,7001572
2008-04-09,37.1624755859375,37.691496344126975,36.714845231312886,37.528721669718024,5035039
2008-04-10,36.8278923034668,37.931144499803814,36.6244239120408,37.931144499803814,6082755
2008-04-11,36.66964340209961,37.519690968796326,36.371222023762456,37.07658331784752,7343181
2008-04-15,38.333560943603516,39.67193555884852,36.45260293650167,37.07657675018006,17803670
2008-04-16,40.44963073730469,40.86109032006702,38.88518281282285,39.147430227632,12007483
2008-04-17,41.53029251098633,42.0412250127907,39.60864049183688,41.1459639469734,17364239
2008-04-21,41.12786102294922,43.41575846752566,40.87465630273245,42.954562513009115,14660648
2008-04-22,38.99370193481445,40.8746597674113,38.365208363230394,40.69379967569192,13496079
2008-04-23,40.07435607910156,40.33208374973658,38.46016827517123,38.88519355416051,8602248
2008-04-24,40.66666030883789,41.49862208230429,39.970345109967575,41.49862208230429,10348452
2008-04-25,42.17233657836914,42.50240882080843,40.24164255727396,40.60788558807677,10178506
2008-04-28,41.42628479003906,42.502411815073415,40.69379867683032,41.778965333231895,4559555
2008-04-29,43.30723571777344,43.54235502054522,41.32680550362474,41.44888650315854,12502799
2008-04-30,44.19798278808594,44.53709772201222,42.71491916247965,43.31628150678925,10315839
2008-05-02,45.41879653930664,45.97494540628482,44.31102168706122,44.31102168706122,17379999
2008-05-05,44.33362579345703,45.757910339214966,44.06685550452237,45.757910339214966,8975297
2008-05-06,44.97569274902344,45.66748830868222,42.96361109171811,44.3336335638623,9787688
2008-05-07,45.06159591674805,46.11963753352452,44.76317769625499,45.12489786643833,15641421
2008-05-08,44.91691207885742,45.18820222093231,43.225857007905695,44.736048917779996,18809981
2008-05-09,45.30124282836914,45.62227242570291,43.97191401261911,45.21533565891433,17521634
2008-05-12,45.68104934692383,46.11964013752993,43.926695383581965,45.66296395066566,24180967
2008-05-13,44.564231872558594,46.11964035155708,44.356240615541886,46.11511746929113,9600337
2008-05-14,45.49114990234375,45.848350303361876,44.401460235338774,44.401460235338774,13639217
2008-05-15,46.16937255859375,46.64865391657664,44.94403647203038,44.94403647203038,13661883
2008-05-16,45.73530960083008,46.59439967182329,45.62227127220671,46.21911389264695,7735697
2008-05-20,44.93500518798828,45.65844875739196,44.52354548883967,45.21534114264241,6847412
2008-05-21,44.80839538574219,45.396195316945324,44.32459108644399,44.76318189341023,4738275
2008-05-22,44.21155548095703,44.93500206646605,43.96287052554074,44.311031302940236,6324266
2008-05-23,43.506195068359375,44.67274917639327,43.298203802685414,44.67274917639327,4287013
2008-05-26,43.302730560302734,44.121127048874285,42.52050486915785,43.06308829508666,7719688
2008-05-27,44.39241409301758,44.98021093360945,43.25298507148546,43.63279678957006,12083252
2008-05-28,45.90260696411133,46.33667181349467,44.342675583553024,44.67274786950265,22217590
2008-05-29,46.26884841918945,47.023945896097054,45.49566554635086,45.84834609880933,18151563
2008-05-30,46.05180740356445,46.54917717988494,45.305755805444036,46.21006225958288,7472266
2008-06-02,45.13394546508789,47.023949197968065,44.4918893335679,46.051817702546124,8677359
2008-06-03,45.685569763183594,45.938774496213185,43.49714800960576,44.5099700080848,6946337
2008-06-04,44.95307922363281,45.88903673052066,44.31102317976245,44.44214689111026,6722159
2008-06-05,47.84685134887695,48.10457891538245,44.148238458415705,44.76316937946959,13257083
2008-06-06,45.72175216674805,48.38041633746363,45.21534257206442,48.109123073884824,7458844
2008-06-09,43.43385696411133,45.12490930746001,42.945529704375694,45.12490930746001,9425368
2008-06-10,43.076656341552734,43.858882077445756,41.878448013288725,43.497158750679986,7991599
2008-06-11,43.07212448120117,43.63279628742141,42.547626533298754,43.40671963860762,7922079
2008-06-12,43.619224548339844,44.08494336037345,41.968863405209284,42.769177327405416,6689279
2008-06-13,43.22585678100586,44.20703091554924,42.68327343334336,43.23489947905814,9352986
2008-06-16,44.08945083618164,44.40143758406674,43.54234484049482,43.994497947734935,3098648
2008-06-17,44.69987869262695,45.10229562815696,43.41576341803326,44.03521124343299,5953964
2008-06-18,43.94929885864258,45.034465444581194,43.5966183383503,45.034465444581194,4206506
2008-06-19,44.38789749145508,44.73605521593436,42.51598206224961,42.51598206224961,5333910
2008-06-20,42.84152603149414,44.75413169343993,42.51597358716155,44.31102418069397,3072435
2008-06-23,43.28463363647461,43.96738643491024,41.914611290349576,42.502411164554175,5200088
2008-06-24,42.5159797668457,44.017129108913345,42.502417251699335,43.40672393649376,5960061
2008-06-25,41.051002502441406,42.14069213291099,40.61241169425342,41.6975815086577,7026150
2008-06-26,43.6463623046875,44.69535828469449,40.98770155980959,41.8693999476845,14620923
2008-06-27,40.18583679199219,41.85454761283551,39.301330914989464,41.85454761283551,8733972
2008-06-30,40.1174430847168,41.39405281538773,39.48825803085209,40.66912133602595,4305510
2008-07-01,37.81954574584961,40.942676758831816,37.38641114895256,39.93962740496881,6006897
2008-07-02,39.95331573486328,40.94268637755808,37.81955463085388,38.11590913730501,9023341
2008-07-03,39.23749542236328,39.83932568767949,38.6630199538394,39.57488361741116,7196817
2008-07-04,38.995853424072266,39.96242984415345,38.763329904308,39.21014350328907,3713030
2008-07-07,40.377323150634766,40.71015374361733,39.30132457166948,39.30132457166948,3191777
2008-07-08,38.36667251586914,39.757265475503054,37.77396040776447,39.21926606297366,6206195
2008-07-09,39.611366271972656,40.00346721693418,38.129587575510136,39.182789166650025,14725359
2008-07-10,39.34236526489258,40.48675258097118,38.813484147107445,39.57488879803032,11489510
2008-07-11,37.58700942993164,40.48673446766142,37.29977333256756,39.71621189467059,12352203
2008-07-14,36.75722885131836,37.8423489466333,36.21011121639534,37.58702511621287,7273581
2008-07-15,34.48668670654297,37.377294602204785,33.921332555347476,36.474552231938496,13629474
2008-07-16,33.76631164550781,35.16602254202376,33.36509252062587,34.69641179081909,8011697
2008-07-17,34.66905975341797,35.5626869093672,33.83014528448224,34.46844862902558,13284950
2008-07-18,33.397010803222656,35.55356571332165,32.46234990075676,34.833194880973025,21258425
2008-07-21,34.0170783996582,34.72833098245176,30.57023158676948,33.37421435852307,16512959
2008-07-22,36.0003776550293,36.29217451783577,33.92132964551158,34.19488997738903,11373723
2008-07-23,37.190364837646484,37.75116143825517,35.66755243550074,36.01862271479738,13749999
2008-07-24,37.17668533325195,37.65997198028356,34.85599234452992,37.38641472595813,13056523
2008-07-25,37.14019775390625,38.29826664457148,36.10979382316957,36.930471517693384,9392826
2008-07-28,37.1858024597168,37.751156574920515,36.65692140717786,36.93048174510635,5783546
2008-07-29,36.7161979675293,37.02167383359403,30.30579637963851,30.30579637963851,3765519
2008-07-30,38.539913177490234,38.754203210105054,35.29823881526866,36.018612613531886,6341928
2008-07-31,37.878814697265625,40.4411522212138,37.20403527745077,38.663016386138274,23018363
2008-08-01,39.56121063232422,39.68431186479026,37.11285565242628,37.386416008119156,8100035
2008-08-04,39.34236526489258,40.48675258097118,38.75421386697237,39.57488879803032,5679235
2008-08-05,40.81046676635742,41.03387513454583,38.489773460074325,39.21014748820985,13062470
2008-08-06,41.31654357910156,42.40166356805206,40.48674739554443,40.48674739554443,11793999
2008-08-07,40.997398376464844,42.01868448305921,40.68736492846373,41.535397776936556,10722488
2008-08-08,39.907718658447266,41.489804393026404,39.666076863310344,40.57794062816837,4529324
2008-08-11,40.36820983886719,41.033871106512784,39.31044766046718,41.033871106512784,5977937
2008-08-12,39.51105499267578,41.115937856005786,39.13263303416491,40.39556391153557,6016061
2008-08-13,39.451786041259766,39.921396860851026,38.75421237668559,38.75421237668559,5482426
2008-08-14,39.15542984008789,40.39556349328978,38.863632958867264,39.66607438222398,10342995
2008-08-18,39.39250183105469,40.0855176632956,38.7678745189224,38.84538439423132,6157484
2008-08-19,39.43354797363281,39.66607458076492,38.20709016735913,39.30132847741347,3915875
2008-08-20,39.542972564697266,39.91683695593716,39.118956161069136,39.433550273303474,4697039
2008-08-21,38.39401626586914,39.75269335298506,38.13413490167667,39.21013650899241,7976364
2008-08-22,38.184295654296875,38.982176394404874,37.50039787706145,37.84234676567917,5298239
2008-08-25,38.29828643798828,40.09009873288875,38.120472484878306,38.66302952007538,2599057
2008-08-26,39.14631271362305,39.21014366974644,38.1204660124607,38.29827993537992,3240195
2008-08-27,38.868186950683594,39.574878729071735,38.68125479906206,39.205575104056855,3615270
2008-08-28,37.76027297973633,39.3833922120152,37.23595263186216,38.93657866447695,16700896
2008-08-29,39.428993225097656,39.57489168838277,37.842352847847984,37.842352847847984,3249750
2008-09-01,39.57944107055664,40.108322076004924,38.6174254786085,39.21013743002242,4724524
2008-09-02,41.1204948425293,41.763358877490184,39.57944604861771,39.57944604861771,7718284
2008-09-04,40.865177154541016,41.03387281805984,40.14024557972648,40.60529573225034,5461324
2008-09-05,38.74052810668945,40.57793429556792,38.54903526180041,40.57793429556792,6398266
2008-09-08,39.55208969116211,40.8514935628601,39.337799626633625,39.51105285779623,12420559
2008-09-09,39.68430709838867,40.21318812174911,38.96393323064586,39.55208761554493,5690319
2008-09-10,39.38339614868164,40.37732735247982,39.11895406301825,39.6660747666016,9061537
2008-09-11,38.9183464050293,39.39251480025438,38.66302258299592,39.383396534036876,6426133
2008-09-12,38.26636505126953,39.04144861911436,37.79219355212983,39.027769673451076,10668275
2008-09-15,36.830177307128906,38.2663645473258,34.833196589925095,36.597653785830595,9761128
2008-09-16,35.70402145385742,36.374240214495266,33.7708688785971,33.7708688785971,9429688
2008-09-17,36.46086883544922,36.74810500910465,35.35295478793567,36.465426422023256,7822026
2008-09-18,36.23291015625,37.47760461293825,34.57331754733232,35.65387701491638,12224452
2008-09-19,38.0201530456543,39.10527294871828,36.93047864811763,36.93047864811763,17921607
2008-09-22,37.81497573852539,40.824126149755145,37.38640192588502,40.824126149755145,8029795
2008-09-23,35.48973846435547,36.930483245890954,35.293684922615235,36.474551392139034,11012719
2008-09-24,33.77999496459961,35.91831344007628,33.2921476199802,33.98060300703206,22780541
2008-09-25,32.106719970703125,34.27695677559564,31.73741322082834,34.27695677559564,41881055
2008-09-26,31.390911102294922,32.59457175743274,31.099114205051098,31.892434313945053,15019839
2008-09-29,31.286046981811523,33.283030875023705,30.105183517024283,33.283030875023705,13575528
2008-09-30,30.994243621826172,32.27997152389553,29.188752981645532,30.9121761465439,12892852
2008-10-01,31.842281341552734,32.070247274150326,29.325537816713577,29.325537816713577,6697484
2008-10-03,31.15838050842285,33.22831332467287,30.72980657576044,33.22831332467287,4102355
2008-10-06,29.0154972076416,31.89698612919399,28.568683719402486,31.89698612919399,11545590
2008-10-07,28.112756729125977,30.137095165111095,26.899977939042273,30.08238247981809,21335145
2008-10-08,25.782949447631836,27.72977828085225,24.24645963176761,27.72977828085225,31697385
2008-10-10,23.995691299438477,25.44099504270744,22.067099415589603,25.1400799312136,27715536
2008-10-13,25.91516876220703,26.188727573415488,24.073203214216644,24.437949326489868,20520185
2008-10-14,26.599063873291016,29.24346920856215,26.270793932355886,27.912149821003,21321945
2008-10-15,25.22671127319336,26.845271630251275,24.711509108607313,25.54130538713669,14431145
2008-10-16,25.40452003479004,25.9425208485767,21.79354030001089,24.501774714597083,11476879
2008-10-17,23.480487823486328,26.434924533544745,23.179572730037094,25.53218079918966,9153759
2008-10-20,25.7054386138916,26.44404753728227,23.708457958728715,23.708457958728715,17467723
2008-10-21,27.068675994873047,27.35591220729358,25.760152207861065,26.444048467050465,16784283
2008-10-22,25.477474212646484,27.05499771836036,24.916677627491065,26.444049120969137,12258852
2008-10-23,24.816375732421875,27.355915231072196,23.617274101222907,24.501781594149506,18894594
2008-10-24,21.437917709350586,24.866525001831157,20.15218958817214,24.25557641951122,13863759
2008-10-27,20.02452850341797,21.328493110592262,16.450021347246683,20.763137426350703,31876798
2008-10-29,23.434900283813477,24.146154490240157,20.763139808662714,22.992647324311754,38377109
2008-10-31,24.861967086791992,26.713049457177245,23.80876398226727,23.80876398226727,26242754
2008-11-03,25.213029861450195,26.07929906881153,24.178065017628953,25.89692758052035,11750914
2008-11-04,23.972900390625,25.53218903956434,22.82395232445264,25.349815962554494,28390869
2008-11-05,24.757102966308594,25.295102364815918,23.480494564730357,24.100561458468558,20424834
2008-11-06,23.074710845947266,25.01698024599034,22.076220576388337,24.164388408621225,16063848
2008-11-07,23.699337005615234,24.155268837754075,21.89840688706394,23.22516864226739,15076585
2008-11-10,24.56104850769043,24.98506486153817,23.909066239215488,24.437947284830013,9413341
2008-11-11,22.650693893432617,25.15831887876661,22.20843947582541,23.9820147328975,14384692
2008-11-12,22.582307815551758,23.872595144056305,21.807222664164346,22.523035988789587,16815154
2008-11-14,22.00327491760254,23.653747720100903,21.159799663388128,23.252528512705886,18926674
2008-11-17,22.99264144897461,23.243403005667872,20.991100397842203,22.322421161681557,14596505
2008-11-18,20.97286605834961,22.705406112209474,20.790493014260985,22.440965584779175,17072256
2008-11-19,20.293529510498047,21.702358907905438,20.06556356857461,21.702358907905438,13008026
2008-11-20,19.942462921142578,20.380158318596486,18.85734578710945,19.942462921142578,12555439
2008-11-21,20.9500675201416,21.419676726159242,19.427255404014634,19.650662175613142,17192292
2008-11-24,21.355852127075195,21.602054616863832,20.243377151457658,20.986546846399165,14998790
2008-11-25,20.84520149230957,23.22516593523233,20.516931600866865,21.88472693785848,15887572
2008-11-26,21.95768165588379,22.313309547211404,20.790497039712232,20.790497039712232,17198710
2008-11-27,21.95768165588379,21.95768165588379,21.95768165588379,21.95768165588379,0
2008-11-28,22.126373291015625,23.03367784249695,20.516934444635112,20.516934444635112,28483251
2008-12-01,21.310253143310547,22.796592215431577,20.890795936832582,21.478948780020332,16720025
2008-12-02,21.246429443359375,21.383208096492435,19.62331131916432,20.061006719573705,12787839
2008-12-03,20.293529510498047,21.684120828635212,19.814800414061637,21.292019903244658,17606079
2008-12-04,21.214509963989258,21.374085802245958,20.243374443524594,20.516934790242214,10087457
2008-12-05,20.726665496826172,21.310257788620607,20.434868577932413,21.21451289085427,10783635
2008-12-08,21.73883056640625,22.340660818661476,21.209949529333038,21.42879717487908,15050541
2008-12-10,23.82700538635254,24.073207900570743,21.793548120061896,22.14917448926371,15140772
2008-12-11,22.76923370361328,24.16438535248892,22.30874280149916,24.16438535248892,11017883
2008-12-12,21.688676834106445,22.25859160672437,21.06405092355402,22.25859160672437,12477083
2008-12-15,21.337614059448242,23.50784977092486,21.118766371065792,22.067104808063338,16621056
2008-12-16,21.84369659423828,21.96224024405348,21.000222921584783,21.255545208428856,9018763
2008-12-17,22.2403564453125,22.709965690303928,21.33761101886961,22.340662008025998,12123972
2008-12-18,22.787477493286133,23.571680944006637,22.15829231605103,22.523036920624005,17714612
2008-12-19,22.709962844848633,23.434894265739253,22.349777473585284,22.796590997880525,16679848
2008-12-22,22.504796981811523,23.115745532097225,22.07622147922145,22.796593858124524,9804061
2008-12-23,22.153728485107422,22.59142222698831,21.943999106503107,22.3406606543877,10301919
2008-12-24,21.196271896362305,23.23428782283733,20.731221780305304,22.431847952192054,31623198
2008-12-26,20.667387008666992,21.519980276597273,20.526049274362364,21.200828658886234,10895875
2008-12-29,20.685630798339844,20.954630490843442,19.513885588963323,20.881681264470295,11273857
2008-12-30,21.510862350463867,21.65220008699029,20.516931332604592,21.027574238167965,10290212
2008-12-31,21.282899856567383,21.83001745302714,21.064052199586335,21.69323728091577,8334755
2009-01-02,22.222118377685547,23.133982070429347,21.939441313171827,22.627898215674254,11567723
2009-01-05,22.409053802490234,22.883223795277914,22.0443092001851,22.52303678058429,11650950
2009-01-06,22.130937576293945,22.74644539735302,21.633971876283837,22.74644539735302,11400257
2009-01-07,22.308746337890625,22.796593656412462,20.836086116519237,22.523033314293148,19018274
2009-01-09,22.883222579956055,23.252527842245158,20.972868401436124,22.11269812184064,21692434
2009-01-12,20.73577880859375,22.34065993298083,20.25249220966346,22.34065993298083,35722282
2009-01-13,21.91208267211914,22.317862467563494,18.328459230082004,20.24337216567604,101380350
2009-01-14,22.23123550415039,23.14765821913969,21.716031899747193,22.340659319580965,36089580
2009-01-15,21.45159339904785,21.86649149149225,19.769205365175548,21.428797734953157,30802158
2009-01-16,21.734272003173828,22.1582883612836,20.8907968737807,21.81633948590568,14828399
2009-01-19,21.100528717041016,21.930324998631573,20.82241076072508,21.930324998631573,16461314
2009-01-20,20.804170608520508,21.22818697376967,20.407510586640182,20.881678959738174,10702417
2009-01-21,20.033647537231445,20.512375074481433,19.422698953393446,20.503256808094104,27801145
2009-01-22,19.878625869750977,20.854318779818417,19.47284611073676,20.22513382003571,16741883
2009-01-23,19.472848892211914,19.878628709187165,18.98956072720695,19.614188190145896,10670835
2009-01-27,20.61267852783203,20.849762705535035,19.63698392867911,19.696255746101254,13156630
2009-01-28,21.346729278564453,21.77530632694914,20.790493415841173,20.790493415841173,12112230
2009-01-29,20.72210121154785,21.428796119056614,20.161304727214528,21.428796119056614,17659359
2009-01-30,21.11420249938965,21.378643010345677,20.152186877494504,20.69018616454473,15529208
2009-02-02,20.065567016601562,20.881684486850823,19.75553198367578,20.881684486850823,8301404
2009-02-03,20.489580154418945,20.972868388449236,19.92878356128886,20.972868388449236,9691172
2009-02-04,20.43030548095703,21.155236957957047,20.25705225346885,20.658271393120376,7212426
2009-02-05,20.04732322692871,20.699305499893512,19.74640809386914,20.608119751811806,6539270
2009-02-06,20.448545455932617,20.744901478452046,20.152189433413184,20.152189433413184,9355368
2009-02-09,20.62179183959961,20.918147763535323,19.924216872236936,20.562521582407914,12496239
2009-02-10,20.594440460205078,20.96374409738042,20.279846411658077,20.69930359706141,9185386
2009-02-11,20.238813400268555,20.507813042623717,20.170423320044268,20.24337253281781,7359999
2009-02-12,20.27528953552246,20.421187972071078,19.928781521715912,20.243374059278345,5416301
2009-02-13,20.407508850097656,20.699304152561652,20.152186607698034,20.288966766910296,8847475
2009-02-16,19.70081901550293,20.462225260458432,19.54124315261872,20.24337756770649,5546204
2009-02-17,19.11722183227539,19.605069109708072,18.85278132422743,19.513881821350978,7188364
2009-02-18,19.076187133789062,19.404457026578022,18.78439029931653,18.921170451973687,5080346
2009-02-19,20.092918395996094,20.216021179757938,18.784394567801225,19.057953389285228,18676914
2009-02-20,19.627866744995117,20.02452831992976,19.158257496433016,19.814798927023098,10608372
2009-02-24,19.413578033447266,19.59139194782038,19.089867227221667,19.427256978240802,6493493
2009-02-25,19.842153549194336,19.960695634293366,19.331509056160172,19.60506937899627,9585670
2009-02-26,19.61874771118164,20.061002144571354,19.345188921308676,19.605070312785475,15683136
2009-02-27,18.921171188354492,19.69625462759633,18.606577134198073,19.605068886271184,19257776
2009-03-02,18.54730987548828,18.68864764287544,17.918123211080815,18.647613898022016,12296532
2009-03-03,18.319345474243164,18.779836518623576,18.182565282608433,18.35582008894622,10970595
2009-03-04,18.779836654663086,18.875581552706503,18.26007377787769,18.410531371368563,7197608
2009-03-05,18.848228454589844,18.96677057744975,18.6111426628768,18.96677057744975,9207679
2009-03-06,19.450050354003906,19.650661455429525,18.506272843993315,18.684085191448407,11346683
2009-03-09,18.811748504638672,19.331509735097654,18.611137388047553,19.14913824145888,5436835
2009-03-12,19.33606719970703,19.69625411515497,18.902932620692486,19.69625411515497,11866799
2009-03-13,20.507814407348633,20.608119968085425,19.513883249657315,19.60507054468881,21071296
2009-03-16,20.82697105407715,20.881682203320338,20.088360490339024,20.516937601048536,12078408
2009-03-17,20.77225112915039,20.945505875773932,20.129387232825152,20.83608206937894,10721421
2009-03-18,21.02301788330078,21.693236688770558,20.73122101529103,21.06405162461555,9965421
2009-03-19,21.209949493408203,21.50174480764925,20.817847075970818,21.19627054933926,10798026
2009-03-20,21.068607330322266,21.351284340730686,20.74489658527379,21.064048198250322,10888959
2009-03-23,21.820898056030273,21.97135561915643,21.191711461322868,21.24642414572844,10806346
2009-03-24,22.19020652770996,22.741883309630943,21.793544918417936,22.117257301771037,17595030
2009-03-25,22.117259979248047,22.737326928800123,21.848260255781003,22.021513528864933,13222692
2009-03-26,23.298120498657227,24.054967549434362,22.057985218180633,22.11725704331074,23705678
2009-03-27,23.074710845947266,23.70845658102446,22.459203187890196,23.252524753427696,11722479
2009-03-30,21.9804744720459,22.76467778354103,21.643084729169836,22.614220216393498,11424452
2009-03-31,22.4227294921875,22.55494898549382,21.524543198718717,21.524543198718717,7013857
2009-04-01,23.01544189453125,23.2251713034226,21.898409396197906,22.431849639082568,6835581
2009-04-02,24.62944221496582,24.839170083363495,23.252528259072758,23.257087392516944,12664950
2009-04-06,24.574724197387695,25.44099492193984,23.92274197424355,24.802690096164962,13525119
2009-04-08,25.746469497680664,26.425808070348253,23.52608229508993,23.81331846551088,27571109
2009-04-09,25.026100158691406,26.330064776725816,24.78445683071786,25.988115883521584,17638221
2009-04-13,24.50634002685547,25.541305020497305,23.749492984511257,25.34981369327726,18339874
2009-04-15,24.524574279785156,24.798133072381003,22.823948159258293,23.70845703484172,27436283
2009-04-16,25.313335418701172,25.887809317244017,23.982014587317895,24.620319434363083,20614816
2009-04-17,25.07169532775879,26.653779574870413,24.652238042246985,25.5504244404159,23054496
2009-04-20,24.96227264404297,25.787508255813304,24.465305459229405,25.076255617093427,9989483
2009-04-21,25.030656814575195,25.70999540069562,24.237335275333745,24.620319420133708,7860115
2009-04-22,25.6279296875,27.44709638417341,24.893879913544314,27.44709638417341,32723171
2009-04-23,28.532217025756836,29.129486641269008,25.714556869935663,25.714556869935663,43457535
2009-04-24,28.472946166992188,28.94255700733166,27.47445729782478,28.72370932713422,21111518
2009-04-27,29.72218894958496,30.013985735380007,27.761682000511176,28.26776569813112,19702434
2009-04-28,28.76018714904785,30.09150674889333,28.541339456199374,30.09150674889333,14146337
2009-04-29,30.169010162353516,30.406094338884603,28.860484966743616,28.860484966743616,16878816
2009-04-30,30.169010162353516,30.169010162353516,30.169010162353516,30.169010162353516,0
2009-05-04,33.33317565917969,33.63864834968518,30.109737666673578,30.109737666673578,19947714
2009-05-05,33.69336700439453,34.07634965101727,32.229824961520336,34.07634965101727,17580283
2009-05-06,32.77238082885742,34.09458184509079,32.28909112991457,33.73895713475764,26095785
2009-05-07,34.75568771362305,35.07940009171221,32.18879208536426,32.827098574946746,24901598
2009-05-08,32.380279541015625,34.96997528764851,32.14319535060266,34.83319511456794,24525358
2009-05-11,31.878747940063477,32.82708754315156,31.012475800744514,32.553527269264535,10957510
2009-05-12,34.14929962158203,34.53684295585881,31.459299677983203,31.73286004241222,20554736
2009-05-13,34.15385818481445,35.74506222087023,33.296707092822125,34.01252041127942,20172585
2009-05-14,33.13713455200195,33.916775779687526,32.4669125318696,32.82254041634855,13017092
2009-05-15,34.431968688964844,34.99732270190695,33.374206775215654,33.73895279581625,12686008
2009-05-18,38.0201530456543,41.94116773655632,36.47454685112834,36.47454685112834,355902
2009-05-19,35.138668060302734,40.03081720041963,34.659942089573306,38.421379866357874,42957028
2009-05-20,36.132606506347656,36.52926503684314,34.245047927901716,35.56269162599495,21949705
2009-05-21,34.272396087646484,36.045971346333694,34.039869501048315,35.83624196892915,9364532
2009-05-22,33.679683685302734,34.28607460070249,33.1097689225515,34.28607460070249,9537581
2009-05-25,33.46083068847656,34.13561003058389,32.41674775234465,33.73895164544136,9316790
2009-05-26,34.103702545166016,34.64626255257038,33.46539920044323,33.52923015331265,10558461
2009-05-27,34.582435607910156,35.352961626591195,33.83014921500991,35.352961626591195,12090790
2009-05-28,33.66145324707031,35.270893817794054,33.01858915466102,34.55963808628571,31297829
2009-05-29,34.85599136352539,35.08851486855846,33.83014473170907,34.32711030966511,11417439
2009-06-01,36.37424087524414,36.47454797622593,35.01556370726792,35.11587080824972,11200212
2009-06-02,35.717716217041016,37.29523860341671,35.398561340156796,36.930495473240676,13524648
2009-06-03,36.11892318725586,36.38336217557341,35.40766752380861,36.01861916989206,7251386
2009-06-04,35.6219596862793,36.26482375490523,35.2207405012886,35.92743243526517,8130390
2009-06-05,35.87727737426758,36.55661754305388,35.234413360281565,35.98214206783814,12065608
2009-06-08,36.99430847167969,37.51407124263273,35.92742813361286,36.26481941285648,15566212
2009-06-09,38.62654495239258,39.66607046611547,36.20098748169614,36.588530756053665,19824985
2009-06-10,39.41986083984375,41.4897933868825,38.62654093533786,38.75420281798817,27581056
2009-06-11,38.6447868347168,39.383397333180184,37.98824382586202,39.21014408756044,10813243
2009-06-12,37.38641357421875,39.1143944873576,36.94871827039898,38.7542090796663,7906719
2009-06-15,36.6523551940918,38.28915011172043,35.83168048819401,37.568779404991226,14459652
2009-06-16,36.1553955078125,36.629566971025426,35.31648104641596,35.56268658977128,13701528
2009-06-17,34.68730163574219,36.20099583805191,34.24048798884486,36.20099583805191,14705723
2009-06-18,34.34989929199219,35.63562391793677,33.44715410119159,33.44715410119159,14793785
2009-06-19,34.6827392578125,35.05204606905463,34.19489497819638,34.650826870012516,12401661
2009-06-22,34.5915412902832,35.54443848421633,34.13560955936812,34.83318609710338,15911856
2009-06-23,34.413734436035156,34.80583840182313,33.83470139077048,33.86661686579957,16300754
2009-06-24,34.76481246948242,35.83625064100694,33.78911765256342,34.659947755403756,14635412
2009-06-25,34.15385818481445,35.35296128810734,33.46540275877338,35.09763744948143,38477900
2009-06-26,35.04292678833008,35.28912926071056,34.103705139493066,34.65082586743095,10793697
2009-06-29,34.94156265258789,35.47600646424474,34.69737617521237,35.47600646424474,8229030
2009-06-30,34.82638168334961,35.531292369721236,34.503870054511495,35.01528001259457,7663777
2009-07-01,34.950775146484375,35.42532213462688,34.213610226301455,34.83098467526455,12398381
2009-07-02,35.17654037475586,35.457583605891855,34.38869572305775,35.02450182329193,8945537
2009-07-03,35.50825881958008,35.66030047712498,34.6651292283562,35.19957310500068,11192808
2009-07-06,34.29654312133789,36.2960995823984,33.909532294181254,35.660296750178304,8976443
2009-07-07,34.886268615722656,35.42071233723789,34.09381876553015,34.09381876553015,9149697
2009-07-08,34.56838607788086,35.102830114503526,33.679182233471096,34.531529376841966,8453288
2009-07-09,34.39790344238281,35.19035659445107,33.77131475784553,34.57758760549426,5967688
2009-07-10,35.452972412109375,36.19934847641153,34.64669954210442,34.64669954210442,24092754
2009-07-13,35.83998489379883,36.36060595294709,35.03371198714562,35.4760110172486,10164097
2009-07-14,36.89043426513672,37.48938036549369,35.886049025487125,36.12102131756428,9500790
2009-07-15,38.07450866699219,38.19429915265921,37.134625623785546,37.50320812832951,10431883
2009-07-16,38.38780212402344,39.235540302551016,38.240372250133944,38.37858795218705,11639083
2009-07-17,39.57187271118164,40.239929870309304,38.56748733510255,38.56748733510255,12197634
2009-07-20,42.37770080566406,44.672123317428166,39.746950087666924,39.746950087666924,36817767
2009-07-21,42.267127990722656,43.38208653060955,41.92619113334606,42.847645814859,17417901
2009-07-22,41.5714225769043,44.11924541844944,41.14294645927284,42.43298345972001,32022487
2009-07-23,42.06441116333008,42.55278419445779,41.51614757111207,42.119699324770636,11406879
2009-07-24,42.442195892333984,42.60805720533399,41.17059040966277,41.92618361289099,5915457
2009-07-27,42.4145622253418,43.19779810254349,42.128910390889175,42.66335424671633,5478053
2009-07-28,42.75090026855469,43.17016235154206,41.57604470638059,42.47907121196999,10920737
2009-07-29,43.04115295410156,43.400521307127256,41.93540850180211,42.1104840297729,8250470
2009-07-30,44.89788055419922,45.676507737811335,42.571206925955586,42.571206925955586,24888958
2009-07-31,45.16510009765625,45.70415256084353,44.36804146055873,45.16049457418857,9185039
2009-08-03,45.23881912231445,45.61201027138264,44.64908712097717,45.602792974917875,6413057
2009-08-04,44.45097732543945,46.04509478602528,43.93957044129086,45.842376741574284,6745217
2009-08-05,45.90227127075195,46.48739467034488,44.32197660208969,44.41412145349273,11846603
2009-08-06,45.943729400634766,47.077119331211264,45.377034435346516,46.063516751309464,21304958
2009-08-07,46.05430221557617,46.984970997905265,45.27106642099297,45.612006376845486,17201181
2009-08-10,47.29366683959961,48.14601373173144,45.90227054436044,46.34917509752291,20614363
2009-08-11,46.8928337097168,48.099940319496085,46.11881196171523,46.994195857924566,11456132
2009-08-12,46.61178970336914,46.791473878286936,44.79191720971531,46.533467674909375,8411315
2009-08-13,47.60696029663086,47.79585864144541,46.7361850760103,46.809901579462505,7761430
2009-08-14,47.1278076171875,47.634605877069085,46.109599324182575,47.45492481757494,5512621
2009-08-17,45.79169464111328,47.127805913236614,45.450757755865574,46.53346834495625,7647315
2009-08-18,46.109596252441406,46.98037147105113,45.33557453023442,45.33557453023442,6657093
2009-08-19,45.59819412231445,46.66708196886541,44.82877784397062,45.98059637477918,7821475
2009-08-20,46.496604919433594,47.058691277617406,45.80551390546703,46.08195156085656,5626675
2009-08-21,47.270633697509766,47.537857221080976,45.823949124627525,46.34917887396773,7443181
2009-08-24,48.31648254394531,48.560669061901734,47.4549245693018,47.73135913019799,6878772
2009-08-25,50.104103088378906,50.58786743706948,48.00779299372465,48.09532919167797,18152327
2009-08-26,51.325035095214844,52.1543450540205,49.905996179187056,49.91981587675355,15366123
2009-08-27,52.40312957763672,52.82700023162632,50.82283504608032,51.60146537812267,26765056
2009-08-28,52.052974700927734,53.04814268560348,51.246701912800724,52.52291305513104,6662595
2009-08-31,50.6754150390625,51.403366050088664,50.49573082986908,51.403366050088664,5296364
2009-09-01,51.51393127441406,51.933193322657075,50.680015826593376,50.77216067933202,9283848
2009-09-02,51.08085250854492,52.062201027788845,50.88273684551628,51.14074619764228,7216941
2009-09-03,50.827449798583984,51.59225740238982,50.13635870325972,51.14074417850371,8651555
2009-09-04,50.89195251464844,51.23288941610798,50.40357947061559,50.91038086077973,7823759
2009-09-07,51.08085250854492,51.87790818705488,50.864308498795204,51.23289105575538,15386905
2009-09-08,50.744510650634766,51.58303462301858,50.61089735320566,51.32502532412688,7073368
2009-09-09,49.993526458740234,51.14073931766214,49.583481739074976,50.79519380284353,8877439
2009-09-10,50.08567428588867,50.85048181481607,49.70326895917132,50.31142931347538,8330977
2009-09-11,50.767547607421875,51.40795912114477,50.233103758693375,50.26535492301807,12536577
2009-09-14,51.366493225097656,51.85947173210954,50.49571804683354,50.680010858753334,9145288
2009-09-15,51.5507926940918,52.375493994747956,51.27896365157634,51.601472208449444,7720319
2009-09-16,51.13153076171875,52.02994857402596,50.87352141596363,52.02994857402596,7925181
2009-09-17,52.1773681640625,53.02050072057108,51.33423560755392,51.33423560755392,15628968
2009-09-18,52.44459533691406,52.744066843695435,51.78575239788226,51.92397121813024,10361279
2009-09-22,53.17255401611328,53.39831219834473,52.117488989584324,52.72564942507432,6638746
2009-09-23,52.232662200927734,53.62866703203689,51.81340019923034,53.05736338436866,9301466
2009-09-24,53.51809310913086,53.941963777892944,50.919590312305516,51.60146717650494,15471279
2009-09-25,52.18658447265625,53.81295285558764,51.933183830559656,53.51808688111211,8332781
2009-09-29,53.633270263671875,54.27368173472707,52.49527478962843,52.70721010549694,12808363
2009-09-30,55.480796813964844,55.83094789963988,53.6793556208455,53.6793556208455,23810238
2009-10-01,56.029056549072266,56.66946811139048,54.573161018258084,55.655871618156766,16148692
2009-10-05,56.07513427734375,56.76161987355496,55.287289649950104,55.287289649950104,11021475
2009-10-06,55.245826721191406,57.08413082811776,54.43494823315241,56.365394072233535,13297812
2009-10-07,52.72563552856445,55.72036292558497,52.63348757058906,55.28727502191721,13308390
2009-10-08,52.076011657714844,53.44437084237118,51.70282364131054,53.26008115823485,12931394
2009-10-09,50.827449798583984,53.14030095599497,50.495723948163146,52.799360932577386,24391918
2009-10-12,52.845436096191406,53.0665825020419,50.97488394810976,51.23289017127381,9668168
2009-10-13,52.845436096191406,52.845436096191406,52.845436096191406,52.845436096191406,0
2009-10-14,53.60102081298828,54.18153550167719,53.00668330449485,53.00668330449485,8675324
2009-10-15,52.97903823852539,54.19996443193777,52.16355122686588,53.909710208957726,6799350
2009-10-16,52.74406814575195,53.88666917259055,52.52291552829007,53.19097265522932,9359501
2009-10-20,53.812950134277344,55.024658883129526,53.17714423727695,53.50426135645017,9821243
2009-10-21,54.047935485839844,55.24122249976626,53.90510798636194,53.90510798636194,10149821
2009-10-22,53.17255401611328,54.79431101140961,52.73947224731519,54.18154505151116,9055697
2009-10-23,54.2552604675293,54.77587840467558,53.453593081046144,54.089399111569335,8170648
2009-10-26,54.49483108520508,55.379429082803334,54.27368471031277,54.365826429428516,9589741
2009-10-27,55.80790328979492,56.94589878602437,54.826551835035275,55.950730760646394,27113607
2009-10-28,57.65541458129883,58.005571827127504,55.56371339791012,56.420665672412554,18819385
2009-10-29,57.544837951660156,58.23592881978405,56.586520531944984,56.91824939781554,17659190
2009-10-30,55.8309440612793,58.91782002915821,54.84959873416816,58.23594625140486,22864772
2009-11-03,53.57337951660156,56.199528021931,52.992864780850006,55.563722002478904,13659074
2009-11-04,55.070735931396484,55.84015203281379,53.61484064276367,53.6286634617973,9117341
2009-11-05,55.27805709838867,55.63281356952967,53.269286855757755,55.00622503048955,7978639
2009-11-06,55.14445114135742,56.39302279171023,54.84036789396965,55.74799961513422,9155421
2009-11-09,55.57293701171875,55.79408339037258,54.835772001181624,55.287282055064885,5946915
2009-11-10,54.706764221191406,56.34695549490684,54.37964707115186,56.11659183282385,9595590
2009-11-11,56.821502685546875,57.10254583876077,54.96477066581269,55.10298635627351,10585066
2009-11-12,57.544837951660156,58.12535253116053,56.72474245497769,56.85374708353626,17139394
2009-11-13,58.31886672973633,58.54923038110497,57.22233349957655,57.77520876246689,7129804
2009-11-16,58.76116180419922,59.15738675842866,57.683056987565465,58.05163630577448,6408301
2009-11-17,59.203460693359375,59.876123331274584,58.53080430445839,58.76116796474384,10739715
2009-11-18,59.3969612121582,60.76071468270915,59.065238577242965,59.065238577242965,12161074
2009-11-19,59.539791107177734,60.29998988486669,58.996133155659365,59.34167862270105,9666621
2009-11-20,59.80701446533203,60.15255994988049,58.05625317655881,59.0652439917558,10284888
2009-11-23,59.42462158203125,61.249102775447156,59.341690902740304,59.53980342821396,7151315
2009-11-24,59.63193893432617,60.34146453191983,59.24953674465938,59.61812236339841,6047786
2009-11-25,59.47990417480469,60.32303375445827,59.24954049190383,59.24954049190383,8613030
2009-11-26,57.987144470214844,60.39214651538361,57.590919444358825,59.627335855674886,12244541
2009-11-27,57.3697624206543,59.15738647823222,56.21333872246264,58.235931938060546,11315252
2009-11-30,57.96410369873047,58.88095277681541,57.68306054523438,58.217501214501056,10173519
2009-12-01,58.80263137817383,59.037600566752324,58.16682541312186,58.16682541312186,7596604
2009-12-02,58.32807922363281,59.15739213854599,58.05164158532842,59.15739213854599,6943812
2009-12-03,59.03760528564453,59.86691829534923,58.60452356050815,58.60452356050815,5468781
2009-12-04,58.77960968017578,60.447440710432524,58.604531008882944,58.945471053393995,11417394
2009-12-07,58.774986267089844,59.61812203782975,58.47551474969719,58.97309877081246,5445581
2009-12-08,59.66881561279297,59.98211002391782,58.51238523214188,58.945473277679085,7261990
2009-12-09,60.32303237915039,60.723869177628686,59.24953914107058,59.24953914107058,12101234
2009-12-10,59.74712371826172,60.769943705323165,59.52597733531165,60.35528408264283,5981439
2009-12-11,59.3785400390625,60.67318582512404,59.18042753879457,60.17099004013423,8494301
2009-12-14,60.68238830566406,60.93579204866167,59.3877489513811,59.47989065418743,9216479
2009-12-15,60.73309326171875,61.15696401934042,60.24933193442222,60.723882212083865,10816043
2009-12-16,61.83421325683594,62.19818708321901,60.63171547314817,60.714646139298566,13712621
2009-12-17,61.884910583496094,63.202590574595604,61.59926181760585,62.29035298422514,14338674
2009-12-18,62.17055130004883,63.99963783386113,61.82961131987026,62.10604897274438,26300078
2009-12-21,62.41474533081055,63.764676345625894,62.20741550384979,62.64971455208824,19028070
2009-12-22,62.53912353515625,63.56193710996898,61.64531460023229,62.68195099346364,9794790
2009-12-23,63.90289306640625,64.04110878720415,62.56678485230361,63.11965398451057,13068408
2009-12-24,63.98582077026367,64.49262213795751,63.58499019939541,64.04110580620635,9079092
2009-12-29,62.76029968261719,64.22080097766107,62.414754088540825,64.04111676882007,11536426
2009-12-30,62.7833251953125,63.50206193496483,62.39170565770667,62.39170565770667,7675501
2009-12-31,62.65892791748047,63.45598983823237,62.354850825643645,62.65892791748047,12543359
2010-01-04,63.930511474609375,64.2253773857743,62.28571510255393,63.11962709439951,6819252
2010-01-05,64.93952941894531,65.23900097863194,63.907498294979675,64.16090211395704,9959403
2010-01-06,63.62644577026367,65.4232811144492,63.303940387417974,65.05470174862143,9150061
2010-01-07,62.497676849365234,64.08718263097727,62.19819903996059,64.0411086411446,9165297
2010-01-08,61.557777404785156,62.65891621166123,61.36888220102686,62.56677449605265,5713679
2010-01-11,60.94501876831055,62.760288893115245,60.470468567519234,61.46103743278966,11355777
2010-01-12,63.930511474609375,64.85196588474659,61.92174136043125,61.92174136043125,20789812
2010-01-13,65.93931579589844,66.34475819633332,63.437566024512314,64.22079893003638,22567181
2010-01-14,68.2890396118164,69.35792772928032,65.25744772111031,66.32633583857422,38960389
2010-01-15,67.80986022949219,68.79581105094569,66.52903714267727,66.62117886715126,29355509
2010-01-18,68.87873840332031,69.2196721100114,67.27540388115014,67.72692013987037,15998674
2010-01-19,68.09091186523438,69.64816656751819,67.27542157071859,69.64816656751819,8197119
2010-01-20,66.94828796386719,69.10910331478661,66.48756065009536,69.10910331478661,20839012
2010-01-21,65.37259674072266,68.09549831837352,65.06391420065519,67.0818957642908,17143625
2010-01-22,64.50642395019531,65.88400011716207,64.09176444412245,64.5018121786075,15268319
2010-01-25,64.05030822753906,64.87040377313575,63.19335599987397,64.04109093251517,7986515
2010-01-27,60.39213943481445,63.598802203398634,59.917589314388366,63.58036761220483,16430416
2010-01-28,62.05536651611328,63.46979962789748,60.40135245015428,62.106046021013185,13614123
2010-01-29,59.70564270019531,61.368867443884255,58.189850915041724,61.27671950141986,19649012
2010-02-01,61.58082580566406,62.17055786095992,58.33730575055201,59.31865108564781,10881732
2010-02-02,60.18941879272461,63.94895704886605,59.986700767540604,63.39608175416414,8321955
2010-02-03,61.88949966430664,62.096823188863894,60.1709834273234,60.36449038278772,6842337
2010-02-04,60.373714447021484,61.87568378376053,59.98670049270046,61.36888247410817,6571679
2010-02-05,59.34629821777344,60.2677530150421,58.52159692409981,58.52159692409981,12625057
2010-02-08,58.622962951660156,59.894568973999036,58.065481982866395,59.295625783865454,9483101
2010-02-09,60.29079055786133,60.659376248629634,58.23595173391923,58.23595173391923,8888212
2010-02-10,59.682621002197266,61.184590277176056,59.373932205945906,60.81600468121481,6836790
2010-02-11,60.41979217529297,61.02334707336691,59.89456243555228,60.20325129556073,4258168
2010-02-15,60.806793212890625,61.36887952514416,60.26313524295527,60.26313524295527,5581430
2010-02-16,61.732852935791016,61.78353243908258,60.286168707798765,60.90815181521176,5691173
2010-02-17,61.8664665222168,62.65891652549101,61.00490866963644,62.65891652549101,7391341
2010-02-18,61.54396057128906,62.38248454932352,61.19380330642949,62.19818862086511,4323768
2010-02-19,61.35044860839844,61.96781992169997,60.631712043079446,61.000297621018255,12808008
2010-02-22,61.56698989868164,62.7049853030385,61.29516404757066,61.46102537174335,3946053
2010-02-23,62.322593688964844,62.585208538137806,60.908160422193774,61.451818465339485,4919981
2010-02-24,61.940189361572266,62.74646222639244,61.6222832398275,62.47463008958318,7261652
2010-02-25,61.682193756103516,62.8432296890906,61.29057417062292,62.38250223535249,8538986
2010-02-26,62.428558349609375,63.40530436891374,61.276739929874886,61.8388325678778,6495706
2010-03-02,64.61700439453125,64.77826020075534,62.198186048211895,62.198186048211895,9523919
2010-03-03,64.36360931396484,65.238989975023,63.79691745807899,64.96255233231668,7529697
2010-03-04,63.925926208496094,64.56633778899251,63.53431292102561,64.27147175556904,8337839
2010-03-05,63.197967529296875,64.59397229869143,62.93995823226935,64.04109701906505,5753786
2010-03-08,64.28990173339844,64.93030701888722,63.19797388369781,63.30394467663815,7363617
2010-03-09,64.69072723388672,65.65365034684848,64.50182578032832,64.6861217103407,6597235
2010-03-10,64.16088104248047,65.2297685075796,63.912089078493594,64.68611060501274,4676328
2010-03-11,65.36799621582031,65.79186686168526,64.4096848635282,64.68612251296248,10017466
2010-03-12,65.4278793334961,66.05907339765227,65.18369289838797,65.8655664586217,8515528
2010-03-15,67.14179992675781,67.35834078048602,65.23899372977989,65.88401701622298,11911234
2010-03-16,67.05427551269531,67.7315438334515,66.55207961558098,67.35835261629373,6906915
2010-03-17,68.1047134399414,68.37194003772554,67.25697841132327,67.63477506783089,6027573
2010-03-18,67.16944885253906,69.10911183246296,66.73175535090459,68.64838446190664,4858968
2010-03-19,66.94368743896484,67.82828544722076,66.72253481239356,67.44127147522832,4731057
2010-03-22,67.0819091796875,67.6624301899101,65.88402296586597,66.31710471243176,4472853
2010-03-23,66.3677749633789,67.71770577663898,66.17426798697635,66.34474109671805,5315893
2010-03-25,66.26640319824219,66.80545556489903,65.4232676059021,65.88400109157647,9379768
2010-03-26,66.11436462402344,67.1878575842866,65.63059727674965,66.89759717592233,5355804
2010-03-29,65.93931579589844,66.62118966356776,65.3772293139651,66.16046221948916,5849466
2010-03-30,64.6492691040039,66.25260395758639,64.07335985323742,65.42329088707346,14737465
2010-03-31,65.1422348022461,65.41406691442843,64.4465383144956,64.68611926504637,15829785
2010-04-01,66.46914672851562,66.85154898214851,65.23900303409056,65.51544073213216,5714577
2010-04-05,66.54285430908203,66.97133047626697,65.704330318041,66.621173205976,3468799
2010-04-06,65.90243530273438,66.89760322306088,65.45552459418445,66.80546151692711,4106639
2010-04-07,65.8609848022461,66.34475232512695,65.14685982672742,66.34475232512695,7111706
2010-04-08,66.04527282714844,66.79626072500508,65.42328959876558,65.88402323932137,5580835
2010-04-09,65.47396087646484,66.53363749312905,65.25742002952015,66.16044635323705,9105875
2010-04-12,64.6630859375,65.88401843526823,64.11482238122917,65.88401843526823,5442399
2010-04-13,66.32170867919922,66.66725421330617,64.50183303329663,64.68612898403235,12863270
2010-04-15,66.54285430908203,67.6716325188202,66.2203426782915,66.50138584983138,11608248
2010-04-16,66.53826141357422,66.88380700930443,66.1604646456152,66.54287318747556,4142533
2010-04-19,64.87963104248047,66.33553283837058,64.6031996088314,66.06831245303506,4150933
2010-04-20,64.10099029541016,65.82871763797911,63.79691328264466,65.14684399634466,8713128
2010-04-21,64.9625473022461,65.20212824044454,63.40529307550432,64.45575228704242,6454364
2010-04-22,64.8934555053711,65.8748071164959,64.27608403918663,64.76906260688567,5497048
2010-04-23,63.75544738769531,67.22011950738825,63.58958605606782,65.90704542449218,43050264
2010-04-26,64.41889953613281,64.91648983272393,63.884458799628135,64.04110285208081,8264835
2010-04-27,64.35440063476562,64.9625610305441,63.99503852504591,64.9625610305441,7863981
2010-04-28,63.654075622558594,64.04108323579182,63.30392468696419,63.94894154169478,15492950
2010-04-29,63.56657409667969,63.856828402549056,62.85704829584823,63.856828402549056,11541003
2010-04-30,61.87567138671875,64.11019972543393,61.737449466862714,64.04108564099938,16536416
2010-05-03,62.165931701660156,62.54372832159275,60.816001019891296,61.636096578941114,8842506
2010-05-04,60.81601333618164,62.787927495712346,60.57643860127535,62.787927495712346,4558746
2010-05-05,61.8664665222168,62.198189198097694,59.6549778503346,60.35527988852443,6147413
2010-05-06,60.76533508300781,63.11965151173604,60.355287211951975,61.8296173381095,5540888
2010-05-07,58.76116180419922,60.35527266711474,58.14378425983352,59.89454539484669,9433643
2010-05-10,61.949398040771484,62.42855371795004,58.986921534965134,59.80241166520137,12222914
2010-05-11,61.557777404785156,62.29033685119835,60.56260938212681,62.29033685119835,5592115
2010-05-12,62.74184036254883,62.967598478112926,61.391909690239935,61.9908589000407,9876026
2010-05-13,62.04154968261719,63.82917409296756,61.67296404440316,63.38687507651959,9896017
2010-05-14,61.405757904052734,62.65893561654096,60.73309505122851,62.54836552356815,6250355
2010-05-17,59.47528839111328,60.816001794790004,58.69666127690984,60.078843135882344,12769572
2010-05-18,60.80218505859375,61.34123123286398,59.07906326274397,59.52596772941037,9031670
2010-05-19,59.86690902709961,60.355275711004246,58.88095211480026,60.263134001311805,9592763
2010-05-20,60.27235794067383,61.074025356059614,59.34169210412448,59.9129958224811,15070843
2010-05-21,59.12975311279297,59.72869618859023,57.71992537408225,59.11132476804696,12193812
2010-05-24,59.70564270019531,60.373699660530185,58.65057812933811,60.07883374345948,5843608
2010-05-25,58.387977600097656,59.479899114506324,57.867353471388874,59.479899114506324,4875235
2010-05-26,59.91299819946289,60.17100130104121,58.67824273534435,58.80724741064124,6677590
2010-05-27,60.58104705810547,61.24910428200355,59.3416923623797,59.91299608322264,11863688
2010-05-28,61.166168212890625,61.36888624961737,60.3737181613064,61.27673827891538,4980550
2010-05-31,61.705196380615234,62.299539994085706,60.58562948496014,61.35043992034062,5011564
2010-06-01,60.65936279296875,62.170549417166335,60.355279509312275,62.09682979575914,3667279
2010-06-02,59.88993835449219,61.32279963502215,59.618112520227996,60.81599839856476,6429795
2010-06-03,60.41056442260742,61.16615765509495,60.21245194390725,60.44742110492056,5393164
2010-06-04,60.39674758911133,60.71464744133625,60.00512811594173,60.3644964266382,2466035
2010-06-07,60.14796447753906,60.80680439488007,57.29605768583323,57.29605768583323,13229866
2010-06-08,59.18965148925781,60.723872157934196,59.01917836006155,60.355286506197274,8246719
2010-06-09,57.987144470214844,59.52597683729516,57.775215385792535,59.42461781891544,11836390
2010-06-10,59.20808029174805,59.43383220937655,57.5909226835044,57.867360362188236,7566959
2010-06-11,59.65498352050781,60.258538376445195,59.44304817988083,59.89455825407577,7746195
2010-06-14,62.12447738647461,62.28112143223747,59.65497934950731,59.89916583900464,12259972
2010-06-15,63.25257873535156,65.45293604206259,62.61726141557354,65.45293604206259,7340451
2010-06-16,63.34553146362305,64.26751119495208,62.77220000671372,63.61670234372726,4167316
2010-06-17,64.05834197998047,64.44572904811453,62.47780400301913,63.46951237539109,5071705
2010-06-18,63.469505310058594,65.39094243206071,63.07436928352221,64.30625876203077,5824771
2010-06-21,64.37598419189453,64.77111385635212,63.54697355580895,63.841385130331545,4416473
2010-06-22,62.973636627197266,64.37597859470995,61.91219390189393,64.37597859470995,4767118
2010-06-23,62.733482360839844,63.376542427397524,62.03618557801067,62.91167790551141,6583246
2010-06-24,62.3305778503418,63.13634781488676,61.82697477506451,62.810940228810786,13296236
2010-06-25,60.323917388916016,62.75670648295586,59.967520088613554,62.75670648295586,9389117
2010-06-28,61.16067886352539,61.51706986903375,60.43238623978575,60.43238623978575,4882324
2010-06-29,60.378150939941406,61.656527970634464,59.944276262438436,61.22265329313149,5470979
2010-06-30,59.58012771606445,60.06823907412937,58.88283118036575,58.88283118036575,7927875
2010-07-01,58.131317138671875,59.502663513122215,57.6587036764647,59.502663513122215,6879747
2010-07-02,59.75059509277344,60.122484147239696,57.72843338443435,58.286273271261656,10941863
2010-07-05,60.440120697021484,60.64931215437427,59.47165340395417,59.812552630088746,3988831
2010-07-06,61.57129669189453,61.7494921660528,59.50264786602994,60.43237654190147,7622355
2010-07-07,60.9437370300293,61.78049673748192,60.43238492632941,61.67202333281301,3743444
2010-07-08,61.26914596557617,62.27635219273752,61.09094415769443,61.67202467336444,5022585
2010-07-09,62.167869567871094,62.39255271680262,61.43183443180624,61.67200927421117,5154601
2010-07-12,63.500484466552734,63.841383730929145,62.260846192364845,62.44679067246776,6675112
2010-07-13,62.59400177001953,64.56192623809184,61.98967433785085,63.68642793774043,10933709
2010-07-14,61.85021209716797,63.37651278029034,61.207146026303676,62.75669370772272,5392611
2010-07-15,62.29184341430664,62.56301431954817,61.524818400506035,61.67202420232602,4326585
2010-07-16,62.3305778503418,63.531477491387626,61.687517983961456,62.44679394463655,6472014
2010-07-19,62.640480041503906,62.89615920184986,61.462827541394496,62.369309186823166,5917246
2010-07-20,63.22156524658203,63.45399742539206,62.462289317853134,62.75670088896196,5736878
2010-07-21,64.31399536132812,64.59291522657476,63.26805059549789,63.531472460681755,5904078
2010-07-22,64.36824035644531,65.05003895485122,63.709682456004195,64.6161642535352,5981763
2010-07-23,63.911128997802734,66.70031557601108,63.61671107591544,64.62391734026845,24232335
2010-07-26,64.06607055664062,64.78660775159501,63.78715069548452,64.32174341804352,6065043
2010-07-27,64.77888488769531,65.00356814520516,64.2597899555351,64.29852866562744,5463737
2010-07-28,64.27526092529297,65.22048766872616,63.98084934560148,64.9260697839081,2736057
2010-07-29,64.56192779541016,64.8485903656137,63.85688226010318,64.30624861616624,4504660
2010-07-30,63.88788986206055,64.61617629726742,63.2990602508895,64.30626663929614,4212244
2010-08-02,64.11254119873047,64.92605364607675,63.43074281252835,64.30623463857482,5558206
2010-08-03,63.83364486694336,64.80211232677752,63.68643276894722,64.616161530388,2463828
2010-08-04,66.44464111328125,66.70806935307239,63.895635568964224,63.996353680558855,12225868
2010-08-05,66.8165283203125,67.3976088281913,65.94102990536555,66.43689031619043,8882040
2010-08-06,67.08769226074219,68.11813906570973,66.5530995100062,66.59183820651064,10607080
2010-08-09,67.7074966430664,67.94767777005436,66.32065287159567,67.09542663276648,7370478
2010-08-10,66.2896957397461,67.63780791862145,66.10375118907909,67.42861635841564,7296899
2010-08-11,64.9183120727539,67.09542763519573,64.63164325478778,67.09542763519573,4191401
2010-08-12,63.78715515136719,64.74787358012651,63.12084829903965,64.74787358012651,6071385
2010-08-13,64.3062515258789,65.37544337767253,63.92661354511319,64.01958894270452,3902607
2010-08-16,64.17454528808594,64.92607226714813,63.531479100293595,64.02733949260998,4157657
2010-08-17,63.818138122558594,64.848584836602,63.53921827131256,64.15128836104985,6562883
2010-08-18,65.17401885986328,65.62338536018451,63.93438017745615,64.03509829835038,4301193
2010-08-19,65.01129150390625,65.77831640014837,64.4689497765455,65.39092945203355,3844655
2010-08-20,63.794898986816406,65.0345371958514,63.68642559942506,65.0345371958514,3000276
2010-08-23,63.988590240478516,64.41471586007374,63.80263947146363,64.1512877056779,2625103
2010-08-24,63.23706817626953,64.3682394623401,63.06661537647224,63.99634416418063,3821209
2010-08-25,61.912208557128906,63.22157544801288,61.58680723736394,63.22157544801288,4489438
2010-08-26,61.9509391784668,62.725713131783316,61.5790502029255,62.136883666237445,7083288
2010-08-27,61.50932312011719,61.98193019761949,61.03670973748818,61.98193019761949,3358121
2010-08-30,61.672019958496094,63.020131695888146,60.9049949974767,61.695266960421925,5318942
2010-08-31,62.020660400390625,62.291831252689796,60.95147499051852,61.61003277467365,5464222
2010-09-01,62.53201675415039,62.67922253745354,61.772740837033325,62.0206647075633,10371266
2010-09-02,62.51652526855469,63.198323796206694,62.16787700450226,63.06660970773636,3506420
2010-09-03,62.18336868286133,63.09760569142513,61.71075533069396,63.09760569142513,3712756
2010-09-06,62.79542922973633,63.18281613053513,62.19110818654033,62.29182625869789,5971502
2010-09-07,63.26030349731445,63.477243979084406,62.470037878004426,63.05886732119953,8435880
2010-09-08,63.616703033447266,64.40697498608384,62.524270500729614,63.1905773600921,7231246
2010-09-09,63.22156524658203,64.08156556920443,62.87291697836698,63.6864296042021,5541593
2010-09-13,62.47777557373047,63.84137238898186,62.074890684144705,63.53146287549287,7995166
2010-09-14,64.7556381225586,65.03455807014224,62.57077255580272,62.756717085815815,8415224
2010-09-15,66.32841491699219,66.56084711315752,64.86409334217598,64.92607273910266,10421976
2010-09-16,65.61563873291016,66.92500575176119,65.32896978272028,66.47563927835178,8198365
2010-09-17,65.11979675292969,66.74682919368837,64.78664630435284,65.85583238571418,4966414
2010-09-20,65.13528442382812,66.01077677865797,64.72465660539547,65.39095739679506,5185982
2010-09-21,67.45182800292969,67.77723555524994,65.39092821686204,65.39092821686204,13331138
2010-09-22,68.12590789794922,68.92392275619765,66.70807371519615,67.56032528639003,13427612
2010-09-23,68.66822052001953,68.95488935739048,67.09543217693168,68.10263814968019,9072979
2010-09-24,69.2725601196289,69.72968184292233,67.91670556270451,68.79995300388846,7818264
2010-09-27,68.89291381835938,70.0395830316575,68.63724094042797,69.46625157757167,5430691
2010-09-28,68.41256713867188,69.72968301613045,67.87022530677716,68.89292326384508,5180590
2010-09-29,68.54426574707031,69.760663357458,67.79273880677869,68.41255796007148,5951027
2010-09-30,69.64446258544922,70.41148769534122,67.89347183121788,68.95491488676102,8755704
2010-10-01,71.54264068603516,71.73633416402866,69.10985186346196,69.41976142825156,10721266
2010-10-04,71.94551849365234,73.13866893851313,71.4419155009083,71.89903080252776,7974280
2010-10-05,71.44967651367188,72.44139105979473,71.20950160734833,71.79832482880542,4162905
2010-10-06,72.03850555419922,72.82102858391121,71.47292303551623,71.89904875113763,2711508
2010-10-07,70.92282104492188,72.20894699054777,70.72137856823629,72.05399220927058,4297214
2010-10-08,71.66663360595703,72.51888524011517,70.34951744407627,71.13204066010175,5346601
2010-10-11,71.84481048583984,72.61958449740578,71.21724227544603,71.37219707775921,2593034
2010-10-12,71.81382751464844,73.13869245957835,71.2947263562138,72.20896355859283,7484835
2010-10-13,74.90515899658203,75.45524974093694,71.58912914025103,71.58912914025103,14037009
2010-10-14,75.99759674072266,77.47741629163447,74.89741517592915,75.61795875460436,12882471
2010-10-15,73.36336517333984,77.4386775332126,72.84426408926866,76.237777874807,10849474
2010-10-18,72.4956283569336,73.60355911351907,71.47293031830988,73.30914116964983,13823751
2010-10-19,71.97653198242188,73.9057182083385,71.43419011862288,72.98373830090573,5106030
2010-10-20,71.89905548095703,73.21617145252465,71.27923620021932,71.43419102040374,4063988
2010-10-21,72.85200500488281,73.1929042542169,71.2792165359574,72.51885475544573,5074046
2010-10-22,69.55921936035156,71.85255143873468,68.82318413180765,71.85255143873468,20607248
2010-10-25,66.68480682373047,69.72967213053474,65.95652059561966,69.18733038330575,24662905
2010-10-26,66.69256591796875,67.98644108995165,65.9642795796313,66.0185099794862,25952046
2010-10-27,66.7468032836914,67.78499924905636,66.07274733853625,67.0954516059867,6545438
2010-10-28,66.17345428466797,67.56030464360296,65.31345397366186,67.40534985982262,17954598
2010-10-29,65.04229736328125,66.63059055040658,64.30626197894088,66.55311314152864,5174238
2010-11-01,65.65435028076172,66.320657018052,65.39867114051495,66.320657018052,5253145
2010-11-02,67.2271728515625,67.65329866400447,65.46843288543238,65.86356899072247,7691032
2010-11-03,67.35887908935547,67.9399596745435,66.86302491768726,67.58356232126927,5501961
2010-11-04,67.67652893066406,68.18013203896325,67.40535802619527,68.02517723640965,3697295
2010-11-08,66.8165283203125,68.41256404297835,66.63058381881669,68.41256404297835,3652468
2010-11-09,66.8862533569336,67.66877632922085,66.0494936845874,67.04895715198369,4901358
2010-11-10,67.64553833007812,68.02518267076488,66.94049896623714,67.40536341103474,5237801
2010-11-11,66.42137908935547,68.00966549466118,66.2586753185185,67.5602991800884,1795396
2010-11-12,65.88679504394531,66.94048888787096,65.4064326679254,66.94048888787096,3225892
2010-11-15,67.12643432617188,67.74625350135025,64.93382021090238,65.47616198918345,5424713
2010-11-16,65.3521957397461,67.52931181516234,64.63165848336841,67.52931181516234,5591379
2010-11-18,64.83311462402344,66.30518544905108,64.34500314633226,66.30518544905108,6091294
2010-11-19,62.1136474609375,65.23598419651908,61.59454635263018,65.23598419651908,5943950
2010-11-22,64.817626953125,65.08104893436345,62.113666109732584,62.756726208502535,11306370
2010-11-23,64.6239013671875,65.3909262255839,63.14408203737935,64.61615236758233,8733624
2010-11-24,63.48501205444336,64.77113211046452,62.92717213956731,64.77113211046452,3495593
2010-11-25,62.95039367675781,65.23597674317246,61.84246949203784,63.60895150945356,10500392
2010-11-26,63.144107818603516,63.8414045755055,61.74951430479953,63.06663040116996,6194025
2010-11-29,64.73237609863281,65.23597916586736,63.22156689692916,63.655441569725774,6019667
2010-11-30,65.01904296875,65.8093148949137,63.880122776065804,64.61615800538688,10995133
2010-12-01,64.25977325439453,65.35219955097364,63.864637253122936,65.23598345090123,9370450
2010-12-02,66.01850891113281,66.84751964457487,64.73238276140704,65.23598588047645,16088726
2010-12-03,66.2586669921875,67.2038935000778,65.70082736373995,65.85578211551704,8699923
2010-12-06,66.73130798339844,67.65328787867361,66.4601370550747,66.63058987492924,7267358
2010-12-07,67.3976058959961,67.71526448750855,66.9327415099174,66.94049051071073,4539321
2010-12-08,67.45182800292969,68.17237149588854,66.94048228517784,67.66876847285185,7733891
2010-12-09,67.73074340820312,68.46677854732583,66.78552311787878,67.40534218240317,8175773
2010-12-10,69.87688446044922,70.33399985776283,67.10318976745161,67.7152662693291,11792871
2010-12-13,69.4430160522461,70.19454941965185,67.88571891579475,70.19454941965185,9045661
2010-12-14,70.41148376464844,70.76013209560236,68.9394130339541,69.7141871027406,9084200
2010-12-15,71.03129577636719,71.20174857616955,69.88463279354342,70.05507928821892,7994008
2010-12-16,72.83653259277344,73.68103509234611,70.83761165158361,71.07779288121966,17228187
2010-12-20,74.00642395019531,74.37831923486874,71.70534906713712,72.06948904604197,12656940
2010-12-21,75.2305679321289,76.67164871087978,74.26210051430257,74.37831660444174,21289280
2010-12-22,73.95995330810547,75.12985711618091,73.42535415274351,74.6882396769123,5792819
2010-12-23,74.30084991455078,75.41652327958165,73.87472418932093,74.688236937487,6989907
2010-12-24,74.91289520263672,75.37775947535336,72.82875497431552,72.82875497431552,6555289
2010-12-27,75.16859436035156,75.41652458136124,74.39382030110558,74.39382030110558,4971028
2010-12-28,76.13705444335938,76.89633036178725,75.15308904436237,75.15308904436237,8527896
2010-12-29,75.69542694091797,76.25326665619649,75.31578900099623,76.08281388065973,3453263
2010-12-30,75.92012786865234,76.7026509310498,75.22283121396447,75.92787687028547,14624849
2010-12-31,76.1215591430664,76.49344811525793,75.30804649941173,75.62570507843553,4222105
2011-01-03,74.85092163085938,76.98154971283596,74.73470555366066,76.98154971283596,5221252
2011-01-04,75.09886169433594,75.91237441037902,74.858680488574,75.01363529162983,7757976
2011-01-05,75.25381469726562,76.05183569699012,74.53327740234265,74.77345860235928,7435688
2011-01-06,75.36229705810547,75.92013697078669,73.94446287897232,75.05238739664439,6291630
2011-01-07,73.90570068359375,76.26101210113954,73.33236925312472,75.32353441213044,7085731
2011-01-10,71.99200439453125,73.74299463244665,71.38768328738946,73.57254816113472,8796179
2011-01-11,72.43363189697266,73.60354178465698,70.54318478114489,71.46516449079795,8810136
2011-01-12,72.47237396240234,73.23939892272583,70.81435894697671,73.23939892272583,6521395
2011-01-13,70.27976989746094,73.47958400365351,69.311296089839,71.51165929960914,12213692
2011-01-14,71.75957489013672,72.5188571072729,69.92336450104591,69.92336450104591,10551720
2011-01-17,72.32516479492188,73.29363220091469,70.74462724936689,71.29471169186972,6262739
2011-01-18,74.15363311767578,74.99813544150042,73.01471291697442,73.01471291697442,8105160
2011-01-19,73.77398681640625,74.68047481283608,73.1541676886255,73.91344990323265,7748963
2011-01-20,73.99092102050781,74.71145817340802,72.13146379482913,73.58028710009502,9319304
2011-01-21,70.65164947509766,72.20894627247223,70.42696630550532,72.20894627247223,20853552
2011-01-24,68.78443145751953,70.34947698959064,67.4828140504431,70.22551192579168,12743020
2011-01-25,69.24930572509766,70.00083891006835,67.13417555666099,69.41975850059389,11654146
2011-01-27,68.27650451660156,70.04315047723907,67.56050552811642,70.04315047723907,15794801
2011-01-28,68.1130599975586,69.24931635342044,67.80175723340307,69.09366497134268,8651683
2011-01-31,68.19088745117188,69.56062091555476,66.08959373880859,66.15185175986053,9039645
2011-02-01,66.82893371582031,69.10923018214693,65.84054494143199,68.26870894877312,8167571
2011-02-02,68.15196990966797,68.84461726340675,66.93011041303161,67.1947164844804,6818275
2011-02-03,68.79792785644531,69.24931431781378,67.17136589476928,68.05079997773994,9068109
2011-02-04,67.97297668457031,69.11701054944939,66.93011368524503,68.72010458960682,9004232
2011-02-07,66.44758605957031,68.63448906619246,66.15184465764725,67.82510321205908,7515870
2011-02-08,66.26859283447266,67.1402431633707,65.52924872221014,66.61881480006836,7591331
2011-02-09,66.01177215576172,67.08577058681013,65.0700799445252,66.19076872753404,6771870
2011-02-10,65.05450439453125,66.16740909795341,64.60311164525342,65.99619006659455,6203225
2011-02-11,65.41252136230469,65.91838847297672,63.427965774283656,64.44748383325562,9018184
2011-02-14,66.05845642089844,66.58766853370064,64.76654881203385,65.6070636578892,7632984
2011-02-15,66.22188568115234,66.52540455195398,64.90662668522894,66.1518375057237,5791721
2011-02-16,68.04302215576172,68.45549580920871,65.52924838685108,65.61485791873763,8146248
2011-02-17,67.24918365478516,68.47883319215936,66.71218773240851,68.47883319215936,6053923
2011-02-18,67.3503646850586,68.75122699742761,66.93010725804197,67.38149369197272,5362809
2011-02-21,70.2065658569336,70.61903942555877,67.42040272627193,67.42040272627193,9849010
2011-02-22,69.2337417602539,71.59964759808369,67.73949244177597,70.04313393291689,9396317
2011-02-23,67.98853302001953,69.40496303437409,67.45932089018955,69.31156967806501,5918094
2011-02-24,66.48651123046875,68.61115028322313,65.70047040260063,67.0857716471285,11963757
2011-02-25,67.40484619140625,67.81732616163804,65.85611617772912,67.35815584269452,8558365
2011-02-28,68.20645141601562,70.16766130768086,67.34258500341379,67.55271689661747,9696834
2011-03-01,69.02362823486328,69.26488916166981,67.39707243822022,68.48663219356581,6894963
2011-03-03,69.15591430664062,69.40495902008003,67.70836170186834,67.70836170186834,8655379
2011-03-04,68.70455169677734,70.41671727794463,68.48664224710862,69.73185357886666,3932425
2011-03-07,69.6150894165039,69.9653049747738,67.88735679565107,68.10526616518655,4566510
2011-03-08,69.88748931884766,70.35444346351426,69.28822896647048,69.96531500962543,5622963
2011-03-09,70.19100952148438,70.53344130043399,69.03918547696341,69.73183920424708,3794788
2011-03-10,70.79026794433594,70.97704833378221,69.34270884255331,69.88748867296295,6066297
2011-03-11,69.93417358398438,71.08599106961475,69.46721318875039,70.12873777638612,7766696
2011-03-14,71.01595306396484,71.25721394227205,69.26487523774021,69.26487523774021,6949651
2011-03-15,68.86018371582031,71.13269628951693,68.51775196274193,69.26487981803058,5620089
2011-03-16,69.32714080810547,69.88748830698076,68.6889676195792,69.26488278977303,5474281
2011-03-17,69.02362823486328,69.49836625210101,68.34654213922424,68.34654213922424,3125396
2011-03-18,68.47105407714844,69.467220310991,67.6227553779976,69.10922722704382,4854649
2011-03-21,67.53712463378906,69.26485682988941,67.14799633137623,68.64225154602889,5736078
2011-03-22,67.614990234375,68.33098926714187,67.39708078969232,67.95742207607873,1399626
2011-03-23,67.95740509033203,68.47105589123827,67.24141256999752,67.61497333421808,2534623
2011-03-24,68.43212890625,69.36603695728009,68.11304238878752,68.11304238878752,4943545
2011-03-25,70.96148681640625,71.38952814884932,69.08588625664324,69.64623380704818,12249559
2011-03-28,71.89539337158203,72.2456089984174,70.59570806763135,70.59570806763135,9412328
2011-03-29,72.1444320678711,72.7514699033352,71.75530362629904,71.83312931461344,7706856
2011-03-30,73.59977722167969,73.93443152053786,71.99657292223102,71.99657292223102,4991609
2011-03-31,74.74382019042969,75.44425149208564,72.68922297226656,73.33517375040503,16940390
2011-04-01,74.09784698486328,74.65040422214805,73.15615503096745,74.24571450376301,3752735
2011-04-04,74.86832427978516,76.2691865407298,74.59593439571259,74.71267291745798,11645005
2011-04-05,74.86832427978516,75.49092972909389,73.4752458536509,75.07067231750453,7758995
2011-04-06,72.5257797241211,75.23411125797811,71.83313233568644,74.65041857107177,9027315
2011-04-07,73.53752136230469,73.73986944816964,71.38953078441455,72.37013586708957,5876334
2011-04-08,72.46353149414062,73.46748178456009,71.615226274453,73.28847886964273,5007385
2011-04-11,71.59964752197266,72.37790435372877,71.06265157475501,72.37790435372877,5270457
2011-04-13,73.52973175048828,73.85660219686419,70.82140014769499,70.82140014769499,9665688
2011-04-15,70.01200103759766,73.46745991564569,69.7318273267354,72.84485448416063,11003837
2011-04-18,69.32714080810547,70.82139658279236,69.1092314104711,70.05870102413039,6568019
2011-04-19,69.97309112548828,70.32330669535006,68.40879364674495,69.1092247864685,3410409
2011-04-20,72.16777801513672,72.50243227856103,70.35444199134719,70.35444199134719,7672584
2011-04-21,72.0899429321289,73.42076330985964,71.61520502348614,71.9965559174013,9538045
2011-04-25,72.564697265625,72.90712906407485,71.70083076640805,72.22226546717516,2401775
2011-04-26,72.3311996459961,72.81372136149729,70.673515311801,72.37789631741066,3864025
2011-04-27,70.21434783935547,70.77469530180703,69.17148493251491,69.85635475700798,24369049
2011-04-28,69.51392364501953,70.79027006702802,69.26488522944722,70.66574769250633,8312424
2011-04-29,70.08985137939453,70.29997698637669,69.1325913915685,69.4205490383434,4605438
2011-05-02,69.66958618164062,70.65019132943924,68.95359349710812,70.04315336500166,2876804
2011-05-03,67.9651870727539,70.02756772207472,67.39706210651786,69.2648785436386,4359961
2011-05-04,68.01966094970703,68.61113103031636,66.61879875853157,68.22978647830145,5011038
2011-05-05,67.31922912597656,68.28426624720981,66.61879803796488,67.86400886109675,7146728
2011-05-06,68.86796569824219,70.49452123170471,67.73949327708091,68.01966700695986,6553353
2011-05-09,67.88736724853516,68.87575606522653,67.7394997011919,68.57223080121496,1535119
2011-05-10,67.91072082519531,68.86798075038284,67.27255387520874,67.72394040894245,1928591
2011-05-11,68.35433197021484,68.93802474748219,67.7472940152456,68.47107052566831,3745167
2011-05-12,67.44376373291016,68.45549780559715,67.17915762674785,67.57606995272705,2799092
2011-05-13,68.8835220336914,69.29600193018089,67.31923096126144,67.39705663982889,6307534
2011-05-16,68.47884368896484,69.21818775826232,67.7317157838227,69.21818775826232,3992975
2011-05-17,68.09749603271484,69.06253329767848,67.59940656250201,68.05079935319856,4192292
2011-05-18,69.44387817382812,70.04313850744325,68.17532198725574,68.17532198725574,4657300
2011-05-19,68.92243957519531,69.82521877486376,68.5177498191166,69.82521877486376,1519450
2011-05-20,69.63064575195312,69.864122774033,68.56443781787003,69.54503624382991,1988698
2011-05-23,68.49439239501953,68.79791760268779,67.70835812256122,68.4866148940802,1793631
2011-05-24,68.47105407714844,69.25709476173553,68.26092219442252,68.26092219442252,3769844
2011-05-25,67.80175018310547,68.79792272489969,67.01570951865425,68.79792272489969,5071326
2011-05-26,67.69279479980469,68.46326778638098,67.35814689995415,68.03522653456413,9102765
2011-05-27,68.80571746826172,69.21819749132133,67.41263866112988,67.41263866112988,3184303
2011-05-30,68.76679229736328,69.52170400925787,68.43214437017663,68.72787945311038,3290473
2011-05-31,69.4827880859375,70.12096123679332,68.54887986525317,68.54887986525317,10183597
2011-06-01,69.77852630615234,70.1832160499059,69.28043687773233,69.28043687773233,2381775
2011-06-02,68.94579315185547,69.6462243277932,68.68896458726263,69.26487973203233,3303193
2011-06-03,68.9691390991211,70.02756971023359,68.33097226506887,68.33097226506887,2907887
2011-06-06,69.27265167236328,69.56839305632035,68.175314651603,68.79792009133992,2080799
2011-06-07,68.57999420166016,69.18703821532583,68.41655903130905,68.8757355416929,5020889
2011-06-08,68.67338562011719,69.00024961822588,68.11303828983239,68.7667726195187,2351295
2011-06-09,68.2998275756836,68.88352014896911,67.78618317796814,68.56443994234884,4917545
2011-06-10,68.08972930908203,68.79794451489613,67.56829453480283,68.14420350431556,3831887
2011-06-13,67.77840423583984,68.25314216307235,67.33479531473549,67.62275287172888,3674804
2011-06-14,67.99632263183594,68.48662829390608,67.78619706249536,67.78619706249536,2436452
2011-06-15,66.05845642089844,68.24535938729078,65.70824084621366,68.01966617252133,11062242
2011-06-16,64.7587661743164,65.84054192498257,64.55641812739665,65.78606774577331,6021593
2011-06-17,63.638065338134766,65.20236256639147,63.505759166206936,64.37740920056497,3986703
2011-06-20,62.6185417175293,64.19840645970982,59.37320907155354,63.81705564829026,9757096
2011-06-21,62.63412857055664,63.116644023757,61.56013030349027,62.66525757826786,5365075
2011-06-22,62.852046966552734,63.6536554474665,62.49404749288542,62.665266560043705,4461705
2011-06-23,63.801513671875,64.12837775208102,62.61077687931375,62.61077687931375,4314436
2011-06-24,66.02735137939453,66.27638985614517,63.521360935361194,63.754838069893275,5971683
2011-06-27,65.78608703613281,66.66551499775264,65.1090008472947,65.75495801981812,4761310
2011-06-28,65.23350524902344,65.99619443894375,64.28402934580217,65.54480799323099,6996558
2011-06-29,66.08998107910156,66.42786014841236,65.64995624145352,65.79925506448706,4189118
2011-06-30,65.62638854980469,66.64001300643916,64.68348088884204,66.38857480021689,8295048
2011-07-01,66.49857330322266,66.78144685441296,65.68924046524761,66.60071906597135,5657507
2011-07-04,66.69500732421875,67.2136077296625,66.36498714043616,67.2136077296625,8695656
2011-07-05,67.2607650756836,67.65364326430613,66.39642666621224,66.42000319423066,5429070
2011-07-06,66.76573181152344,67.54362931219325,66.41214145717338,67.22932677499321,13376673
2011-07-07,67.74006652832031,67.95222329287543,66.0114026214311,66.63214883636833,4766868
2011-07-08,67.81079864501953,68.36082814238986,55.002962526036924,67.73222300253805,6159043
2011-07-11,66.1449966430664,67.417924689441,65.58710826732192,67.15076237253338,2478591
2011-07-12,65.1549301147461,65.63424275409554,64.05487125469882,64.82490989893137,9046296
2011-07-13,64.98206329345703,65.28065454480965,64.51060948084914,64.51060948084914,3558447
2011-07-14,64.66775512695312,65.20207323813499,64.4398870829128,64.61275602363361,3004265
2011-07-15,65.18636322021484,65.5320947478118,64.49490016502094,65.09207629150755,3040852
2011-07-18,65.00562286376953,65.42207106514007,64.47916368588608,64.76989601895603,2764937
2011-07-19,65.24923706054688,65.53210428232595,64.53419737326597,65.19423154825499,4867422
2011-07-20,62.695526123046875,65.53210184048875,62.0826322448567,65.53210184048875,25016660
2011-07-21,63.03338623046875,63.30054209567779,61.75260600915709,62.54621476282194,4422654
2011-07-22,63.77986145019531,63.96058286188798,63.182685315577594,63.638427857957744,6737619
2011-07-25,64.45561981201172,64.68348790924225,63.143403950283734,63.80343810569381,3641625
2011-07-26,64.50276184082031,64.79348787689773,63.669858764229716,64.41632735649922,6123198
2011-07-27,63.261260986328125,64.41632543668983,63.08839841733985,64.1255930147751,6124499
2011-07-28,62.07477569580078,62.84482089514366,61.493317170257924,62.2162157011508,6436217
2011-07-29,61.17900848388672,62.86052593154939,60.97471053727303,61.532598870313535,5855806
2011-08-01,61.58759689331055,62.420499870139665,60.817551864184985,61.52473255110571,2656842
2011-08-02,60.259666442871094,61.587599799916866,60.047516063483286,61.45401866161589,4600814
2011-08-03,59.90608215332031,60.5032583232077,59.088896739291265,59.56035060059675,6747294
2011-08-04,59.041751861572266,60.29110974745414,58.931747236171375,59.6625045800177,5744729
2011-08-05,57.721683502197266,58.2559953361104,56.42518534583215,56.89663922087401,7163006
2011-08-08,56.23659133911133,56.63732191941782,52.95998515006982,55.78870770941471,15175121
2011-08-09,54.49222183227539,55.332983779785025,53.164294729299456,53.44716512898162,18650326
2011-08-10,55.77300262451172,56.30732084311575,54.86938271394108,55.474417733602344,11454087
2011-08-11,55.45869064331055,56.05586671837405,54.61793522751828,54.84580327873296,6614339
2011-08-12,53.89503479003906,56.21301581753308,52.959986095136586,55.94585996106109,9982973
2011-08-16,53.49431228637695,54.82224259882119,52.91285059783145,54.21720757743918,5105209
2011-08-17,54.10719680786133,55.356548136520296,53.11714251919704,53.11714251919704,8769683
2011-08-18,51.56920623779297,54.29578032100627,50.9091689398927,54.21720468058369,12779234
2011-08-19,50.343421936035156,51.5377709590706,48.79548255239542,50.288419630502425,8330568
2011-08-22,52.2292366027832,53.03070743831868,49.51837720209651,49.911255376109075,5572643
2011-08-23,52.32352828979492,53.11714350393312,50.398425179564484,52.64568968101955,6018718
2011-08-24,51.836360931396484,52.645690648386434,51.26275813019482,52.33138809400206,6812291
2011-08-25,51.57706069946289,52.31567362082987,51.11346571051253,52.142807855318765,9926408
2011-08-26,50.2491340637207,51.977798126338016,49.722674723213764,51.325619681445836,5362803
2011-08-29,51.68706130981445,52.76354676944412,50.78344159160881,50.78344159160881,6669902
2011-08-30,52.684974670410156,53.18000179733661,51.16846431535799,52.551396733874626,7372350
2011-09-02,52.54352951049805,55.46654194989838,51.6399098759072,54.232908546331096,8164787
2011-09-05,50.563438415527344,52.37853702461065,50.28842366852994,51.85993650851512,14572364
2011-09-06,50.767738342285156,51.85993852974265,49.078358776206905,50.288425628508165,10887117
2011-09-07,51.78921127319336,52.00922047715111,51.24703751336753,51.32561314256688,8159395
2011-09-08,53.140708923339844,54.060043101707585,51.86778443042678,51.86778443042678,11804343
2011-09-09,53.17213439941406,53.745737066977,52.22137131226195,53.15641991480621,9626674
2011-09-12,51.105613708496094,52.22139048403573,50.75988213119596,51.70278992083417,9379149
2011-09-13,51.71848678588867,52.4256673871148,50.814867128766394,51.51419208610683,5932323
2011-09-14,53.8086051940918,54.43721027543396,51.286329223556834,51.87564648731511,11898551
2011-09-15,54.72008514404297,55.00295871628361,53.274294701426236,54.390071305180314,9918493
2011-09-16,53.23500442504883,55.6865667452769,53.077853158226546,54.877233884441324,8000440
2011-09-19,53.588592529296875,54.18576859709189,52.959987488355004,53.27429000882594,5113305
2011-09-20,55.152252197265625,55.7887161482931,53.4628759687801,53.73789070364983,11093421
2011-09-21,56.048004150390625,56.56660455990434,55.17581981905029,55.30153570481051,9111512
2011-09-22,53.486446380615234,55.4272639070344,52.98356360034292,55.12082021237638,8363629
2011-09-23,53.352867126464844,54.83008645606385,52.53568182935685,53.11714022953938,10475133
2011-09-26,53.43930435180664,54.45292878186433,52.991420666791974,53.48644781526815,8806051
2011-09-27,54.72008514404297,55.60013483668014,53.90289979773801,53.950046458861735,9855378
2011-09-28,54.6179313659668,56.32301860302264,54.24076452677645,55.222959845760506,9882925
2011-09-29,54.62580490112305,55.002965447264394,53.78504292411723,54.37436027402715,6924728
2011-09-30,53.557167053222656,55.4429822991846,52.66140289304026,54.767230557147926,6443081
2011-10-03,51.8913688659668,52.920711122095945,50.85417096347674,52.64569635718753,6815960
2011-10-04,52.41781997680664,53.11714184674346,51.12917764936308,51.317761090995454,6429545
2011-10-05,51.53777313232422,53.72217973331524,51.23132941911199,52.81070104197735,7177870
2011-10-07,52.45711135864258,54.21720441663933,51.859935215437794,53.11714545607862,9984712
2011-10-10,54.83008575439453,55.0029547010615,52.53568115704939,52.6535446040038,4069780
2011-10-11,53.69859313964844,55.623695934386376,53.21928374992103,55.36439893207909,5696590
2011-10-12,55.089393615722656,56.3701739514171,54.539364152258486,54.539364152258486,13322172
2011-10-13,54.92437744140625,55.78870936011361,54.76722618345946,55.47440684422002,5183502
2011-10-14,57.09306716918945,57.35236419194809,54.484353679703425,54.484353679703425,8850099
2011-10-17,56.071598052978516,57.580253094682924,55.749436608244444,57.210944980926314,5389187
2011-10-18,54.3822135925293,55.27011575171782,53.85575425562873,54.79080307692059,2882724
2011-10-19,56.19731903076172,56.40161060081158,54.500083747983346,54.500083747983346,5043838
2011-10-20,55.71798324584961,55.93013357186357,54.531490168067876,55.35653413417769,2596047
2011-10-21,55.63942337036133,56.26016963204763,55.042247242288994,56.00872503249029,3281076
2011-10-24,56.27587890625,57.36021999145494,55.89871206328679,56.11086881210989,3478100
2011-10-25,58.48386764526367,60.02394513074124,55.66299694911358,56.66091017189952,14059889
2011-10-28,58.78244400024414,61.28900536650054,57.46237594868315,59.1753221577922,9060056
2011-10-31,57.611671447753906,60.503252283999856,57.10878865812438,58.9317395698441,18695723
2011-11-01,58.4681510925293,58.91603482361386,57.35237438374105,57.79239927148158,10610568
2011-11-02,58.79815673828125,59.24603396351012,57.28950218240328,58.13811637352169,7702526
2011-11-03,58.27171325683594,58.751025977285074,57.635249244075766,58.751025977285074,5493059
2011-11-04,58.43671417236328,59.246040642266436,57.91025486838649,58.648864546808056,5239465
2011-11-08,58.035980224609375,58.69601430411184,57.70595998760725,57.88668779149005,1999306
2011-11-09,59.167449951171875,59.796054861261354,58.03596239191078,58.03596239191078,6235667
2011-11-11,60.04752731323242,60.86471279754938,58.21671082432227,58.774599220419404,19978235
2011-11-14,60.880428314208984,61.20258974788862,60.086812995486746,60.086812995486746,8765789
2011-11-15,60.30681228637695,60.801842620580736,60.06322654045143,60.4953989248364,4719897
2011-11-16,58.79815673828125,60.36181039488869,57.87096052776224,60.031790212508916,7494558
2011-11-17,57.77667236328125,59.4189016092219,57.06163291327822,58.38955966642637,7882051
2011-11-18,58.77458572387695,59.246039517472205,56.58232686255931,57.37594202734492,10896018
2011-11-21,58.16169738769531,58.853160382393945,57.462375550999845,58.14597970370166,6821651
2011-11-22,59.37175750732422,59.71748898535028,57.870961760857924,58.16169413698259,7508611
2011-11-23,57.50166320800781,58.90030687754407,56.77090600533902,58.766725747469856,6319678
2011-11-24,58.24813461303711,58.837451873127485,56.873054611658034,57.09307022545936,8398952
2011-11-25,58.138118743896484,58.61743135422816,57.36022130457183,57.67452381698591,18398427
2011-11-28,58.4681510925293,59.21461971466869,58.02026736144472,58.90031713692579,11320893
2011-11-29,58.727447509765625,59.088896749060034,58.232423513113936,58.75888288279298,13632620
2011-11-30,59.277469635009766,60.03179699821428,58.42885534796809,58.75887556765177,16545409
2011-12-01,60.73113250732422,61.91761960352351,59.97680505403369,60.34610674021084,7552670
2011-12-02,61.571876525878906,62.86051555365407,59.56819800025562,60.479676569243274,26349593
2011-12-05,61.312599182128906,62.389081800666034,60.746851917924715,61.30474033786158,8393491
2011-12-07,63.50483703613281,63.74056391693953,60.97469929100698,61.289001798749275,17312785
2011-12-08,64.86418914794922,65.25706726035956,62.63264274835856,62.87622845695308,17071830
2011-12-09,63.638427734375,64.88777911172026,63.1041095541223,64.1963096539524,7850750
2011-12-12,65.17850494384766,65.97212017183051,63.28483717104437,63.677715363659466,10878119
2011-12-13,64.84064483642578,66.14500196788053,63.68558016823024,65.01351383251732,10134008
2011-12-14,65.3042221069336,65.66567129460482,64.33774438693352,64.43989015117697,9080680
2011-12-15,63.897727966308594,65.689250061391,63.25340513861111,65.21779620536908,23218330
2011-12-16,63.43412399291992,64.33774375598568,62.286918493084,63.229826071935236,9400962
2011-12-19,63.48912048339844,63.66984826526873,61.65045205926785,62.711223041785615,5605523
2011-12-20,62.2554817199707,63.96056887474543,61.60330022293666,63.206248021766996,7377048
2011-12-21,63.98415756225586,64.73062611057618,61.82332755396019,63.316264650600836,11860743
2011-12-22,62.47549819946289,63.3476889813946,61.83903431024239,62.239771306751685,9848749
2011-12-23,63.80342483520508,64.27487861879771,62.19262440793025,63.01766852921736,6137865
2011-12-26,63.85057067871094,64.71490260428182,63.355546770048065,63.355546770048065,4881689
2011-12-27,63.937015533447266,64.69920182211997,63.489131814206246,64.11773695306964,3241673
2011-12-28,62.39693069458008,64.54990198282601,61.956905825313996,63.70128761635017,8841165
2011-12-29,62.601219177246094,62.92338053610717,61.996184274153315,62.23191116192955,7920979
2011-12-30,62.65621566772461,63.253385248637834,62.10618634198863,62.10618634198863,6401763
2012-01-02,62.70336151123047,63.15910397272906,62.13762084818148,62.70336151123047,3416916
2012-01-03,65.45350646972656,65.67352204989152,63.07266766074889,63.229818906080766,11529794
2012-01-04,65.72853088378906,66.78930194688483,65.27279476262999,65.7992540702633,10151554
2012-01-05,65.2099380493164,66.45928937952672,64.620620780868,65.32780150300609,6062915
2012-01-06,63.76413345336914,64.89562758630424,63.34768519228944,64.89562758630424,6655273
2012-01-09,63.04121780395508,64.19627523775385,62.8683489335642,63.96054844785634,4517460
2012-01-10,63.418418884277344,64.05488290510898,63.15912180647679,63.49699453142934,6348942
2012-01-11,63.06480407714844,63.9527123832037,62.76621929127148,63.44982332035821,5411849
2012-01-12,61.516883850097656,62.459791490084775,60.110374838182196,61.28900938816609,15578113
2012-01-13,63.01767349243164,63.62270845349466,61.39902049021426,61.98047892354007,5836995
2012-01-16,64.03129577636719,64.24344613067633,62.47549453892923,62.62478694999882,4096516
2012-01-17,65.24136352539062,65.84639205184486,63.78771434118706,63.80342563080202,9409133
2012-01-18,63.50483703613281,65.04492060297024,63.26125131373235,64.44774455935969,4433806
2012-01-19,63.5126953125,64.3377393879811,62.7426503386838,63.80342129287379,7129022
2012-01-20,65.02135467529297,66.77359527823491,64.44775506297904,65.21779377464732,22967252
2012-01-23,65.3435287475586,66.08213862545057,64.5499133533808,64.5499133533808,7889315
2012-01-24,66.17254638671875,66.63838204267026,65.5487999032984,65.65143937098995,6343641
2012-01-25,66.2514877319336,66.78049146178337,65.69090312837785,66.17253233496537,6229811
2012-01-27,66.00674438476562,66.63838774872686,65.64355459081477,66.48047690773654,4237188
2012-01-30,64.71186828613281,66.63837900845213,64.4276275245495,65.54879691869178,6447774
2012-01-31,65.35930633544922,65.61195979696465,64.75924392306233,64.83030250831955,6709454
2012-02-01,65.03557586669922,65.46983054977738,64.74343832792034,65.21717070946015,5648073
2012-02-02,67.27790832519531,67.74375031062908,65.21717116599034,65.21717116599034,17576662
2012-02-03,67.49899291992188,67.75164635766163,66.59889617334026,67.27001710782926,9915357
2012-02-06,67.4437255859375,68.24117649952065,66.73312690707466,67.89377398604701,4154532
2012-02-07,67.59374237060547,68.11484937505286,67.27002389622089,67.4516251991234,5023140
2012-02-08,68.6280517578125,69.28338545842693,67.63321239421735,67.64110921960445,8658296
2012-02-09,70.36506652832031,70.80721804477636,67.6490021063857,67.9727205251521,9806680
2012-02-10,70.95724487304688,71.13094935129345,69.64658373606329,70.27033663723456,5260004
2012-02-13,68.9438705444336,70.74405751559026,68.76227569500868,70.42823591630736,4092329
2012-02-14,68.7070083618164,69.44129747832231,68.21748870955307,68.67542748512317,3296889
2012-02-15,68.86492156982422,69.59921071191148,68.43856365609378,68.86492156982422,5686318
2012-02-16,69.37812805175781,69.55972933394052,68.38328868866587,68.69121990075675,4186100
2012-02-17,70.87828826904297,71.53362203922465,69.20443740179802,70.2703354562136,7942830
2012-02-21,70.06503295898438,71.17040844867319,69.67025599838122,70.60192705524216,7495368
2012-02-22,69.92292785644531,71.21780176937442,69.48867308514562,70.06505145502453,7544648
2012-02-23,69.70975494384766,70.4203536895429,68.91230395526355,69.3623523977005,7007662
2012-02-24,69.14915466308594,70.7124689821093,68.7464808459415,69.49655713115703,3726025
2012-02-27,67.08053588867188,69.60710921269349,66.66207475204409,69.48078568681899,4164265
2012-02-28,66.36204528808594,68.04379963817212,66.08570131006043,67.09633457065608,6853854
2012-02-29,68.27275085449219,68.8886068392396,66.52783520248505,67.05683896081085,6167059
2012-03-01,67.08842468261719,68.37540167069058,66.14885662532666,68.37540167069058,5487769
2012-03-02,67.74375915527344,69.96240097369022,66.37782674535808,67.28581393487916,6099251
2012-03-05,68.1148452758789,68.60437137113797,66.63837658970031,67.11210903334168,2700745
2012-03-06,68.23328399658203,69.32287256178208,67.34898079225225,67.5700598060387,4829801
2012-03-07,69.47288513183594,70.11242525523961,67.68059470612812,67.71217558590195,11105554
2012-03-09,68.24907684326172,70.75196600020438,67.78324119263355,70.03347045835014,8435901
2012-03-12,69.12548828125,69.50447172048025,67.82272387395942,68.70702070729949,9255704
2012-03-13,68.05168914794922,68.53331845722913,67.514788478844,68.23328402953291,5624846
2012-03-14,67.27790832519531,68.20958587065614,66.54362569883118,68.14641769743132,6394291
2012-03-15,67.49899291992188,68.18590107997804,66.40940448868363,66.61468982431465,7138771
2012-03-16,67.67269897460938,68.83334612198533,67.34898049452285,67.91746204128006,3770761
2012-03-19,67.58584594726562,67.7437567572447,66.31466264185262,67.13579756866234,5458985
2012-03-20,67.83850860595703,67.9648385561876,67.14370351780117,67.15159391904643,6445235
2012-03-21,67.52267456054688,68.52541072644463,66.8278695998067,67.66479813802123,4759412
2012-03-22,66.52783966064453,68.34381401035876,66.20412120887487,67.71217075828424,5730841
2012-03-23,67.15158081054688,67.52267376214498,66.33834275756415,66.362026807493,9062083
2012-03-26,66.81207275390625,67.87007379482499,66.47256711497936,67.11210069410181,6650526
2012-03-27,67.64900970458984,67.85429504872384,65.73038945127779,66.96209509067427,8199683
2012-03-28,67.87797546386719,68.05957674623565,66.63837306507413,67.42793352145594,8356637
2012-03-29,68.97547149658203,69.32288049724214,66.56733110109116,67.72008155909641,16253313
2012-03-30,69.49656677246094,69.74922665269528,68.06747257728871,68.73859355716556,8091800
2012-04-02,69.97818756103516,70.11241431088138,68.89649601342325,69.10178133802052,6629209
2012-04-03,70.5072021484375,70.88618555563899,69.662376670399,70.32560084570555,4076004
2012-04-04,70.0808334350586,71.32833272172125,69.52025518531693,69.95450992410173,5604537
2012-04-09,69.33077239990234,70.25455343685651,69.03864118445321,69.25181697539033,3251028
2012-04-10,70.33349609375,70.9493521483929,69.37023751939986,69.37023751939986,7110995
2012-04-11,70.42034149169922,70.74405992708033,69.49656071214459,69.56761928932407,5333550
2012-04-12,69.33866882324219,70.44404475996691,69.07811849403491,70.00189310019525,1899871
2012-04-13,66.2120132446289,69.15705354961761,65.23296755982204,66.82786922609313,19089008
2012-04-16,66.47257995605469,67.53058120135655,65.24877105896935,66.16464870613913,12471026
2012-04-17,66.51205444335938,67.11211041062688,66.30676909515373,66.32255632168793,10814071
2012-04-18,67.49110412597656,67.8227194326438,67.05684935198319,67.14370159186346,3968468
2012-04-19,66.42521667480469,67.73587803296519,66.19624722422816,67.73587803296519,8542973
2012-04-20,67.08053588867188,67.57006204036436,66.43310532963628,66.4646862111049,5060756
2012-04-23,66.97789764404297,67.34109385110355,66.49626831025013,66.49626831025013,4303460
2012-04-24,69.7966079711914,70.12821686766459,67.41215180534032,67.41215180534032,9841501
2012-04-25,64.80660247802734,66.79627450174762,64.08021030125893,66.79627450174762,32140871
2012-04-26,63.58280944824219,65.16191767479582,62.92747567897774,65.05927178482514,24260703
2012-04-27,64.0802230834961,64.58553640815416,63.48016069934884,63.48016069934884,4885390
2012-04-30,63.9617805480957,64.55394601913818,63.48015134656651,63.969677372790926,4589273
2012-05-02,63.79598617553711,64.69608301871223,63.511751830753305,64.14339513099807,6152110
2012-05-03,65.11454772949219,65.31983309848573,63.59071075369419,63.764408815605435,9484509
2012-05-04,65.51722717285156,66.30678140841181,64.9408487256473,65.11455322763408,10624877
2012-05-07,65.35140991210938,66.40151432120446,64.26971819789827,64.72766344259396,5934905
2012-05-08,63.79598617553711,64.609230779847,62.38268557632103,64.60133395351235,9687229
2012-05-09,64.15129089355469,64.70397882746136,63.06170867973064,63.36173670225945,6819635
2012-05-10,64.53026580810547,65.6277445946238,64.1354888039329,64.19075372927288,5233817
2012-05-11,63.30646896362305,64.99611357316827,62.71430334634727,63.95389951659965,4081614
2012-05-14,63.71702575683594,64.13549326561436,62.89589081611492,62.89589081611492,4356388
2012-05-15,63.83544921875,64.72764903065149,62.90377813505771,62.90377813505771,5132462
2012-05-16,61.64051818847656,64.4118550021085,61.356277362004974,63.20383309595653,8174109
2012-05-17,61.70365524291992,62.509002857739624,60.92199810230469,61.75102976592225,8163448
2012-05-18,61.782623291015625,62.06686406182848,60.377219515063075,60.40090356871084,4661006
2012-05-21,60.51145553588867,62.201106945737806,60.006142048777264,61.27732580765803,5735518
2012-05-22,60.23508834838867,61.206243657855865,60.03769984143279,60.76409211719327,4514692
2012-05-23,60.78779220581055,61.09571704027328,59.80084308955509,60.400905530671885,3535951
2012-05-24,61.94841384887695,62.169492798686484,60.02190359559877,60.79566385641673,4557385
2012-05-25,62.232669830322266,62.53269781935164,61.30888895948761,61.90105453684117,2633098
2012-05-28,63.140647888183594,63.456469483617916,62.28003532570642,62.37477794909263,3323812
2012-05-29,64.70396423339844,64.95662408778854,62.69060149971216,62.935364528888755,3911055
2012-05-30,65.08296203613281,65.5330040238839,64.00127033455881,64.00127033455881,4400174
2012-05-31,64.74343872070312,65.65142579082963,63.795973951875474,64.04863379372553,8777635
2012-06-01,63.40121078491211,63.969692340287665,62.84852288262236,63.85915604491133,6308377
2012-06-04,62.57217788696289,63.59859825979558,62.23267217995834,62.35900212631166,2719460
2012-06-05,62.94325637817383,63.859140246174725,62.28792916917845,62.556376227366684,4166313
2012-06-06,64.83818054199219,65.13031804998674,63.19591102920624,63.19591102920624,6886979
2012-06-07,63.29066467285156,65.51720958974863,63.01432076456894,64.75923644194917,6122750
2012-06-08,63.69333267211914,63.95388290588461,62.722183882186215,63.085373559457715,5622494
2012-06-11,63.20381164550781,64.34866496533674,62.71429201227344,63.795977155764156,3897913
2012-06-12,62.08264923095703,62.75377014722517,61.11149393217184,62.532691166622016,11893730
2012-06-13,62.61955261230469,62.91958703899111,62.10634242431245,62.216878718183025,4865950
2012-06-14,62.27215576171875,62.97485772125802,61.916856368371064,62.97485772125802,4545924
2012-06-15,62.84062957763672,63.32225244419278,62.46953657594134,62.690609156478295,4039460
2012-06-18,62.422157287597656,63.59070113606894,61.13518675711204,62.887992891708,5802809
2012-06-19,63.093292236328125,63.322261676426265,62.216885761764765,62.216885761764765,3869503
2012-06-20,63.16435623168945,63.464390717994156,62.73799819895043,63.09329763046783,6817971
2012-06-21,63.440677642822266,63.717021546707805,62.57216823061058,62.70639498266063,6401022
2012-06-22,63.172237396240234,63.87493925703678,62.058964835104646,62.058964835104646,5996457
2012-06-25,63.172237396240234,63.54333039175465,62.76956352194766,63.053804281766396,3166479
2012-06-26,63.33015060424805,63.57491366847424,62.72219778226266,62.87221178117293,2772820
2012-06-27,63.038028717041016,63.90653838385572,62.86432421351453,63.50386443506895,2260644
2012-06-28,63.612247467041016,63.779733330945604,63.19752767452361,63.41286107916468,4247236
2012-06-29,63.78770446777344,65.3588651716263,63.52451056468661,64.02696811215688,9836088
2012-07-02,63.84352111816406,64.27420081887577,63.56438023311661,63.99505993382831,4752809
2012-07-03,63.883399963378906,64.52143628779835,63.56438180116919,63.96315450393134,5540585
2012-07-04,62.96622848510742,64.40978709874543,62.527578472095094,63.987090591473866,7251934
2012-07-05,63.10978317260742,63.30119276686588,62.37603882243553,62.96622110908285,7332643
2012-07-06,62.55149841308594,63.01407211796802,62.05701770198525,62.94229433485744,7485539
2012-07-09,61.5545768737793,62.487701188874176,61.26745920358021,62.05702792879641,6578083
2012-07-10,61.33125686645508,62.36009566885223,61.17174777962654,61.85763815107752,7958600
2012-07-11,59.70427322387695,61.403049113235056,59.257646424731256,61.25151026873687,24174249
2012-07-12,57.30366897583008,58.858883021621864,56.713486482182354,58.699373888720146,25391252
2012-07-13,57.2398567199707,58.17298107061572,56.94476228565993,57.662553243283156,9527389
2012-07-16,56.74536895751953,57.66254617991071,56.49812858209106,57.10426439236825,5662515
2012-07-17,57.845977783203125,58.11714840938318,56.338618287369364,56.944754084600795,8116445
2012-07-18,58.117156982421875,58.53985350721175,57.90979385140643,58.2208353027086,9843970
2012-07-19,58.78709030151367,58.97052316165483,58.26070899833951,58.42021809078977,5215630
2012-07-20,57.94967269897461,59.337400628119916,57.79016359239602,58.85089655496678,3355209
2012-07-23,56.85702896118164,57.694451715316944,56.30672387798107,57.518995603953634,4051017
2012-07-24,55.17420959472656,56.30672683210356,54.328813288568924,56.30672683210356,19284731
2012-07-25,54.017765045166016,55.812238998886606,53.3239011772862,55.19015616609682,17183371
2012-07-26,52.63003158569336,54.47236272126751,52.21530863495707,54.15334456759028,10289608
2012-07-27,53.3398551940918,53.786478714601806,52.90917868887542,53.12451856409404,8059032
2012-07-30,53.06869125366211,53.922067567014004,51.888326465335176,53.4355634955828,13946759
2012-07-31,54.241092681884766,54.77544436076926,53.658883721796144,53.658883721796144,9344205
2012-08-01,54.16132736206055,54.472368798509166,53.53924124394247,54.265005677396196,3582724
2012-08-02,54.241092681884766,54.47237961695077,53.770538812127015,53.91409767485347,2848809
2012-08-03,55.37358856201172,55.549051149532104,53.59506488229317,53.993837589892955,5954691
2012-08-06,55.158267974853516,56.306732340762466,54.7993724548543,55.828204980763516,6112227
2012-08-07,55.57297134399414,55.95579701294947,55.03064309269175,55.43739252638893,9079416
2012-08-08,55.91592788696289,56.22696932610342,55.40550007780385,55.8281965860664,4552654
2012-08-09,55.126365661621094,56.62574874482736,54.95090303913329,55.98771228551533,4239204
2012-08-10,55.78035354614258,56.14722583732724,54.75949772674812,54.90305334526068,3220281
2012-08-13,56.72145080566406,56.888930166150985,55.40550074763262,55.509179065118985,3566207
2012-08-14,56.70548629760742,57.0324811830353,56.21100559374667,56.78524083110493,2932633
2012-08-16,55.73249435424805,56.57789394952761,55.34967507999887,56.49813939318883,5917657
2012-08-17,56.386478424072266,56.5459875200926,55.26991475192991,55.732488534212195,5719715
2012-08-21,56.74536895751953,57.18401893344575,55.93187004235262,55.93187004235262,6029694
2012-08-22,56.54597854614258,57.01652900663701,55.868064995642264,56.625733081495554,8668600
2012-08-23,57.91777038574219,58.499976010583545,56.72942238610501,56.72942238610501,9705912
2012-08-24,58.236778259277344,58.46008836579921,57.46315665732517,57.89382985729779,5996542
2012-08-27,57.6226692199707,58.51592268102994,57.43125961844121,58.460091905798286,3219455
2012-08-28,58.0054931640625,58.22082652537341,57.263772056148895,57.503035673455024,4156841
2012-08-29,58.08525085449219,58.85886603148872,57.662547880053644,58.06132059719867,6192163
2012-08-30,58.85886001586914,59.01836908642466,57.75825002521231,58.06131466309153,8312696
2012-08-31,57.838016510009766,59.41715403858803,57.511021549724596,58.858872176300885,8815304
2012-09-03,58.09321975708008,59.41714644510948,57.686470297021955,57.88586314136997,5342275
2012-09-04,57.90980529785156,58.3803559444143,57.48710219906826,57.901828543073904,2983625
2012-09-05,57.75826644897461,58.06133117303132,57.05642244469413,57.58280382529385,3684121
2012-09-06,60.206722259521484,60.45396266582004,57.53494479983104,57.822062481647365,10376674
2012-09-07,60.26255416870117,61.379117904085234,60.11899857032863,60.85273655931576,6131321
2012-09-10,60.0472297668457,60.98036086824748,59.815942802955796,60.61348853391671,3768388
2012-09-11,59.79199981689453,60.13494177484789,59.35334980579797,59.57665994254318,2977567
2012-09-12,61.3392448425293,61.57053176266249,59.86378551939085,60.174826997531525,5354910
2012-09-13,61.873600006103516,62.10488691513001,61.49077425178587,61.74599142133097,3624041
2012-09-14,62.45579528808594,63.15763914261141,61.81775896057614,63.15763914261141,11206130
2012-09-17,61.379119873046875,62.99814123555511,60.693229401220066,62.7509008167005,5736963
2012-09-18,58.97052764892578,61.41101824720838,58.8030482814622,61.283416155891764,12077436
2012-09-20,59.5048828125,59.81592425302679,58.699360575946784,59.01837876939822,10749565
2012-09-21,60.29445266723633,61.02022036895673,59.33739806904026,59.72022380258382,8321661
2012-09-24,60.68525314331055,61.19568749238318,59.193846845288384,59.86378381539326,11284066
2012-09-25,60.174827575683594,61.09200500158178,59.90366337394135,60.64537817436023,6629139
2012-09-26,60.58955001831055,60.85273744932351,59.999367619064195,59.999367619064195,2869839
2012-09-27,59.92759323120117,60.661337842610465,58.69937419944499,60.597536785289336,10881069
2012-09-28,60.78095626831055,61.19568252062763,60.29445221974984,60.29445221974984,11267538
2012-10-01,61.04414749145508,61.6343363851207,60.214701425537704,60.45396508823169,7247640
2012-10-03,60.653350830078125,61.76991457746631,60.48586496988146,61.29138725715708,11374018
2012-10-04,61.07606887817383,61.41103419050548,60.382201496900635,60.93250675250846,7612600
2012-10-05,59.536800384521484,61.34723174702512,57.822077103639856,61.17974584940842,10319800
2012-10-08,58.28464889526367,59.48096728648109,58.02145495493024,59.337405185269404,5128340
2012-10-09,58.56378936767578,58.747222256631254,57.4950730880279,58.53985910578424,5820457
2012-10-10,57.55887222290039,58.36439444675149,57.423286896644846,58.19690859974219,8180552
2012-10-11,57.14414596557617,58.141077804108846,57.03249089774884,57.74230506869578,15790908
2012-10-12,56.15519332885742,56.7692994739107,55.676666025492395,56.625743879077966,13801351
2012-10-15,56.13126754760742,56.41040849684037,55.9478346628599,55.98771194132175,3180585
2012-10-16,56.195068359375,57.008560848334675,55.987705238111744,56.32267693326329,3950772
2012-10-17,56.15519332885742,56.7054984296388,55.78832109818918,56.39445698053993,5650275
2012-10-18,55.20610809326172,56.25886412562794,54.966844473572884,56.21101010360196,11659773
2012-10-19,54.9588737487793,55.748442482255435,54.71163334989802,55.445377793589216,7658254
2012-10-22,54.80733871459961,55.42144481474547,54.520221055488115,55.34966702257796,5580718
2012-10-23,54.695682525634766,55.030654242534695,54.40856808357618,54.56010368055973,5960131
2012-10-25,54.249061584472656,55.5251377318434,54.105502733936596,54.95090232969914,20299637
2012-10-29,55.00672912597656,55.182185243031704,53.91408918657788,54.23310738897844,9539469
2012-10-30,55.437400817871094,55.67666446283829,54.480346238002305,55.0705285974997,14855553
2012-10-31,55.93186950683594,56.665613873900156,55.525126543587994,55.525126543587994,10483677
2012-11-01,57.6226692199707,58.380337364290895,55.5091738700249,55.5091738700249,36283388
2012-11-02,58.15704345703125,59.48894077724085,57.15213465580551,59.0183901492573,27223662
2012-11-05,57.822059631347656,58.61960510238854,57.49506469013256,58.212855614069355,4603364
2012-11-06,58.38035202026367,58.59569193256966,57.423297281913214,57.82207008955923,6640073
2012-11-07,58.675437927246094,59.17788899534305,58.308565699688025,58.38034349649589,5931203
2012-11-08,59.87973403930664,60.05519015804243,57.981571822576136,58.20488846066079,12551874
2012-11-09,59.145999908447266,60.30244110535577,58.89875945791613,59.88771476959753,4985289
2012-11-12,58.819000244140625,59.51286750362659,58.547836041625665,59.05028716715507,3834169
2012-11-15,57.70242691040039,58.914698603644965,57.46316327282119,58.73125925390264,3013177
2012-11-16,57.27973937988281,58.34844916360688,57.104276755348494,57.58280410541383,3073380
2012-11-19,57.12818908691406,57.80610269708964,56.64966183267248,57.16009609621652,3334916
2012-11-20,57.70242691040039,58.02942184651361,56.81715015326903,57.58279509161079,3553881
2012-11-21,58.50795364379883,58.69936327056808,57.56684603565007,57.67850760083736,3540612
2012-11-22,59.145999908447266,59.43311764163042,58.42820882071095,58.72330330851313,3810223
2012-11-23,58.51592254638672,59.91960377177518,58.220828147311906,59.33739172584617,3817129
2012-11-26,59.88771057128906,60.087096970571565,58.53985981022789,58.69936892965389,7435758
2012-11-27,60.44597625732422,60.71714687988334,59.91960149692344,59.975425779466065,9874418
2012-11-29,61.62636184692383,62.184643746611975,60.17482631155765,60.22268034390513,15358300
2012-11-30,62.726959228515625,63.1656092022753,61.38708554120799,61.45886332973498,10424909
2012-12-03,62.94231414794922,63.39691773481821,62.687096960506516,62.70305046863769,6359102
2012-12-04,61.90550231933594,63.79568790416518,61.498752783183036,63.022066110100994,5643849
2012-12-05,60.7650032043457,62.39200121339382,60.43801474236353,61.97727495805962,7427454
2012-12-06,60.58955001831055,61.092001110405185,59.84782877469204,61.03617681708478,5475758
2012-12-07,60.64537811279297,61.03618064274172,60.37421391132601,61.03618064274172,4505630
2012-12-10,60.948455810546875,62.2085753757004,60.77299316658931,62.18465160172587,6464473
2012-12-11,60.54171371459961,61.873617747445536,59.70429065561655,61.33128272926624,6431758
2012-12-12,59.784019470214844,61.49076538543051,59.28953870943625,60.83678202973771,8516243
2012-12-13,59.592613220214844,60.51776726543995,59.457027893854345,59.78402283532723,5523715
2012-12-14,59.967464447021484,60.24660540283314,59.393235517903065,59.393235517903065,4117817
2012-12-17,59.05028533935547,60.29445771934876,58.44415590206348,60.13494860628405,6110585
2012-12-18,59.95151138305664,60.53371700742498,58.691385586789686,59.13801236913187,6503678
2012-12-19,61.594451904296875,61.745984241525655,59.744143866353795,60.14291659087243,4991513
2012-12-20,60.94047927856445,62.368084738089514,60.47790538344795,61.809802765838334,6335950
2012-12-21,60.52574157714844,61.235562286776776,60.150899074650674,60.34230870256891,4364713
2012-12-24,61.56256103515625,61.71409339613971,60.63740687115476,60.63740687115476,3053033
2012-12-26,61.41900634765625,61.54661495299057,60.860724378456446,61.267473968390675,3819225
2012-12-27,61.49077606201172,61.889548844638995,60.97237144459625,61.809794288113544,7196264
2012-12-28,62.53556442260742,62.679126524064124,61.59446321608729,61.59446321608729,4168004
2012-12-31,62.926353454589844,63.56438985989992,62.623288758244335,62.79875136588139,12416551
2013-01-01,63.30918502807617,63.64415027747692,62.39200761089471,63.17359968327233,4247486
2013-01-02,62.806732177734375,63.684032382388764,62.4797436574449,63.532500008764345,4566377
2013-01-03,63.452728271484375,63.64413787533432,62.822668684026056,63.085856078014565,9293000
2013-01-04,64.3858642578125,64.58525063023497,63.42880967018465,63.628196042607115,9062813
2013-01-07,64.5932388305664,65.15949103624514,64.29016759650827,64.40182268676422,6664707
2013-01-08,63.50856018066406,64.56131626584518,63.101810708698935,64.26622834768956,5838542
2013-01-09,63.333099365234375,63.94721196665497,62.77481754228533,63.52450897787145,7672520
2013-01-10,63.101802825927734,64.72879402010068,62.76683118722716,63.61223054501956,9906248
2013-01-11,66.98587036132812,67.44046744035961,64.52942612012475,64.76071303652068,24040265
2013-01-14,66.85824584960938,67.77542303344133,66.57112821571293,67.48032864768426,8431784
2013-01-15,67.14537811279297,67.56807465865148,66.515311935141,67.23310293105024,5210345
2013-01-16,66.98587036132812,67.79138619183368,66.4036582030157,67.15334973808358,8225720
2013-01-17,68.70059967041016,69.62575391180869,67.37667260861942,67.63188331940461,20826538
2013-01-18,63.380958557128906,70.12021825489627,63.0459868398796,69.86500758072539,42738767
2013-01-21,63.412845611572266,64.09075916499589,62.72695530649081,63.97112736145055,15348870
2013-01-22,63.60426712036133,64.32205807616734,63.14967007594935,63.50856555385236,11873794
2013-01-23,64.40582275390625,64.59820375749652,63.636324832180954,63.68441355991958,8255341
2013-01-24,64.91883850097656,65.40778846634845,64.41384808567605,64.44590941605391,7883939
2013-01-25,65.35167694091797,65.47191181148224,64.22146785298192,64.76652999027628,6788739
2013-01-28,66.2975082397461,66.8906655069645,65.00698625852202,65.39174167848158,7647518
2013-01-29,65.51200103759766,66.20935948938508,64.9990001421866,65.76849822372303,6541902
2013-01-30,66.5059585571289,66.83460198047447,64.95092154394777,65.3757489905805,5489075
2013-01-31,65.97689819335938,66.61013389802773,65.18334932177957,66.06507173979256,7239480
2013-02-01,65.34368133544922,66.28151624164013,65.25550776358455,65.72843043774422,5916670
2013-02-04,65.42381286621094,65.78451745754619,65.06310827487569,65.45587419192007,5443982
2013-02-05,65.24748992919922,65.39979269819194,64.5421144100002,65.08717671818478,4271070
2013-02-06,65.03105926513672,65.72040725265092,64.46194616417174,65.52001577506888,4441545
2013-02-07,65.03907775878906,65.34367020261466,64.28560056682849,64.60622693850185,2552730
2013-02-08,66.11317443847656,66.61014139796214,64.64630488217968,65.40779251074838,5678441
2013-02-11,65.64826965332031,67.46782711603873,65.4238337784582,66.36967906658404,7882200
2013-02-12,66.02499389648438,66.32157586654863,64.96692437841894,65.72841192642011,4508100
2013-02-13,65.64026641845703,66.67428538636287,65.15130979115162,66.08913821746367,5857619
2013-02-14,63.45197296142578,65.08716614347092,63.163407923850706,64.9589208140244,15573505
2013-02-15,64.00505065917969,64.51004109400372,61.736621753798836,63.323719638879986,8234408
2013-02-18,64.59019470214844,64.7665352794815,63.107297844087185,63.76457794295362,6106590
2013-02-19,65.84864807128906,66.06507346152361,64.22147199399554,64.77455112962203,5049097
2013-02-20,66.0971450805664,66.59411859757212,65.54406585884111,65.88873662107495,5471689
2013-02-21,65.05509948730469,66.77846608468221,64.74249010683093,65.75246439411202,7125859
2013-02-22,66.6822738647461,67.08305674489937,64.63026421372957,64.84668305511703,11582722
2013-02-25,67.18724822998047,68.2613448930141,66.72234276368707,66.72234276368707,9877752
2013-02-26,66.6742935180664,67.41974747526928,66.18533683112706,66.84262372480454,7714451
2013-02-27,67.09107971191406,67.75638333109616,66.23340810212808,67.01092312091575,8253384
2013-02-28,66.75443267822266,68.21327886767358,65.96889409329302,67.33155627773837,15345996
2013-03-01,67.60409545898438,68.21328040725128,67.07506058845075,67.33155779741553,7007246
2013-03-04,67.25138092041016,68.10104193834991,67.03496207714215,67.33955445944183,7096424
2013-03-05,69.42364501953125,69.68014874661041,67.17124327408739,67.33957343728554,13619329
2013-03-06,70.84242248535156,71.4997092373022,69.487777203228,69.49579416813687,10632306
2013-03-07,72.03673553466797,72.5898211661983,71.03477826473521,71.03477826473521,14614545
2013-03-08,71.3954849243164,73.10282407501914,71.22715479352043,71.96459797455064,13742364
2013-03-11,70.46568298339844,72.05278761271123,70.15307354105471,70.97869045337487,8375491
2013-03-12,70.32138061523438,71.13096333205777,69.62401579942954,70.55383337944971,5993385
2013-03-13,70.42560577392578,71.37947456852264,69.80038687954898,70.20116989470361,6780771
2013-03-14,70.29734802246094,71.13899220576344,69.64006138433216,70.42559334615054,5521177
2013-03-15,70.69010925292969,70.97065729517745,69.92060474670397,70.36146595595044,4308702
2013-03-18,69.51982116699219,70.67407465375614,69.25530705322774,70.28130870298249,2711092
2013-03-19,69.51982116699219,70.36146528571831,68.88658546801108,69.73624654964267,3878665
2013-03-20,68.92667388916016,69.85649169017786,68.35756076346446,69.47173612260484,8053789
2013-03-21,69.6961669921875,70.09694989858606,68.5098456753522,69.01483605130996,5378206
2013-03-22,69.84846496582031,70.44963934068525,68.79841241975767,69.78433578527239,6314115
2013-03-25,69.15110778808594,70.60194341240995,68.86254275136046,70.4255963001999,8500989
2013-03-26,70.20917510986328,70.7141590151827,68.37358398911948,69.17515640844356,6408339
2013-03-28,70.08092498779297,70.84241260790274,69.15912418450219,69.56792410624578,17910528
2013-04-01,69.09500122070312,70.81836793242157,68.63008907759931,70.1049690518333,4669486
2013-04-02,72.08484649658203,72.33333325830606,68.5659731023969,69.09500796083756,10150754
2013-04-03,71.91650390625,72.89441685507931,71.49969357705228,71.67603415061915,10462632
2013-04-04,71.35541534423828,72.42150195399954,70.77829178368118,71.6600143140959,8704264
2013-04-05,72.8783950805664,74.22502985053373,70.33743481961471,70.77829611178079,9640178
2013-04-08,71.94857025146484,73.10282374967821,68.86253526236491,72.38141449789993,32723490
2013-04-09,63.11530685424805,67.01091126925532,62.56222125565121,65.24746657917801,37791035
2013-04-10,64.48601531982422,64.89481539586114,63.339778236720036,63.339778236720036,13002327
2013-04-11,64.59822082519531,65.40779724937616,63.96497848019113,65.3116132453269,6829688
2013-04-12,61.52821350097656,62.52215392310367,60.766725887733685,62.50612651882618,20673728
2013-04-15,60.774749755859375,62.94699491978646,60.325871491372915,61.54425442024177,8408424
2013-04-16,61.13544464111328,61.415992695983284,60.38998446713426,60.67854948534679,3664047
2013-04-17,60.04532241821289,61.792740183218974,59.508270597827746,61.72059402588314,6061310
2013-04-18,59.16358184814453,60.582355822670664,58.081468094978106,59.83689576770523,13580647
2013-04-22,54.410308837890625,55.789001580381864,52.50258127880641,55.51647046976131,47731097
2013-04-23,54.947357177734375,55.77296747080956,54.52252658537971,54.867200585274254,9254973
2013-04-25,53.78508377075195,55.300041984289535,53.33620557184752,54.987432594696045,12929346
2013-04-26,52.935428619384766,54.346186037050565,52.54266259709273,53.89730778736227,7893091
2013-04-29,54.82712173461914,54.9714009903243,52.45448531716015,53.06367671832883,9223384
2013-04-30,55.845115661621094,56.10962981713361,54.38626301631579,55.17179504184299,8185005
2013-05-02,56.4703254699707,56.991343256704184,55.059568312029704,55.78899451808846,8254989
2013-05-03,56.95127868652344,57.368095625596474,55.981382499067266,56.21383533990529,6784664
2013-05-06,57.28793716430664,57.945217364544106,56.702790075632436,57.21579100642188,6123710
2013-05-07,56.23787307739258,57.71275290241652,55.95732503642543,57.39212656988264,12478951
2013-05-08,56.2779541015625,56.81499932073757,55.66876273553667,56.43025031227902,5604766
2013-05-09,56.879127502441406,57.23181517450981,56.43024931837269,56.494371977599805,6729496
2013-05-10,56.91119384765625,57.2558645869073,56.52644481206623,57.1596805895899,8036909
2013-05-13,55.78098678588867,57.00738661611813,55.50043870045298,56.91119609184742,7147128
2013-05-14,55.73289108276367,56.18978628469364,55.243941070544395,55.789003308671006,2786095
2013-05-15,55.4924201965332,56.35009835747492,54.746966485180344,55.668767311749725,8203171
2013-05-16,55.54051208496094,55.684797858602714,54.915293301992925,55.548529048467685,10250744
2013-05-17,55.14775085449219,56.01343947826325,54.28205896914089,55.46837723709783,5854782
2013-05-20,54.177852630615234,54.80307796622112,53.568664484358905,54.706887445924764,24495289
2013-05-21,54.33015823364258,55.10767661642466,53.87326625708655,54.1938926633126,8092355
2013-05-22,54.83512878417969,55.08361547799875,54.362203022004614,54.41029827293071,7688840
2013-05-23,54.04158401489258,54.91529278089969,53.19192613917748,54.674823016938454,11497879
2013-05-24,53.897300720214844,54.8912410921649,53.352238539095055,54.274039287538045,3572532
2013-05-27,54.546566009521484,54.827114040926645,53.38429559370011,54.0255482369119,6575123
2013-05-28,54.52252960205078,55.059578148931884,53.86524615982704,54.298090478428456,7072712
2013-05-29,54.40229797363281,55.195850287496235,53.87326635930433,54.34618900475289,9132840
2013-05-30,53.88127136230469,54.875215019947284,53.62477093057045,54.11372742667317,6241134
2013-05-31,52.52662658691406,54.48244605822285,50.474616599327824,54.145789035991655,14529015
2013-06-03,52.09377670288086,53.54461220630891,51.797197988592096,52.919390186555944,7860963
2013-06-04,53.04764175415039,53.5205643019324,52.318215524608846,52.318215524608846,5117950
2013-06-05,52.10179138183594,53.33620144084556,51.949495180563986,53.223983530600925,5368905
2013-06-06,52.90336227416992,53.10375374851784,51.797200683453426,51.941483197299924,7252190
2013-06-07,53.688899993896484,54.34618340790045,52.58273835191998,52.58273835191998,4358180
2013-06-10,55.027503967285156,55.29201806601745,53.993485413387496,54.02554674002793,5570099
2013-06-11,55.316070556640625,55.6286799159737,51.284190643402646,55.1637743583152,12429842
2013-06-12,55.20386505126953,55.4683792170971,54.66681323197029,55.428300917840765,5936179
2013-06-13,54.506492614746094,54.66680578994735,53.223987213136056,54.506492614746094,3621769
2013-06-14,54.113731384277344,54.95537562787075,52.943443798077304,52.943443798077304,6451801
2013-06-17,54.193885803222656,54.50649520508946,53.22398974253018,54.121742914005665,2874084
2013-06-18,54.69886779785156,54.82711964423304,54.05761508910403,54.201897600888216,2349263
2013-06-19,55.06759262084961,55.25996714005871,54.10571350164386,54.82712284104817,5025870
2013-06-20,55.70883560180664,56.01342799356581,54.730922726101326,55.14773954729093,21359919
2013-06-21,55.853118896484375,56.26993574798275,55.29202280116864,55.45233597125885,19434245
2013-06-24,55.556549072265625,56.09359433256194,53.055660756314225,55.789001887806435,6936616
2013-06-25,55.10767364501953,55.46837833257465,53.86524638788524,55.46837833257465,7327880
2013-06-26,55.80503845214844,56.01344038568989,54.506498972294835,55.03553381679669,6610163
2013-06-27,56.455631256103516,57.20381463957221,55.78876596684777,56.60201309119768,10136573
2013-06-28,56.76467514038086,57.25262352350923,55.463479452038534,57.23635593011554,10161992
2013-07-01,57.1306266784668,57.252613753431966,56.19539243706715,56.76466545357128,4449449
2013-07-02,57.40712356567383,57.69176004504068,56.78905445826146,57.25260794337617,9998157
2013-07-03,55.84569549560547,57.561641620585924,55.544791414555306,57.25261036293062,5189076
2013-07-04,56.870384216308594,57.07369600533745,56.11406700841015,56.27671643963324,5692889
2013-07-05,57.08182144165039,57.23633705504106,56.602007013449345,57.11434999948717,8578813
2013-07-08,57.821876525878906,58.17970389207083,56.31736953452226,56.31736953452226,8464083
2013-07-09,58.57820510864258,58.716459776871645,57.740563158471204,57.77309172210672,6110414
2013-07-10,59.34266662597656,59.42399134948244,58.55381416068034,58.55381416068034,8635667
2013-07-11,59.204402923583984,59.98512147387198,58.97669637976838,59.667956424192404,6650921
2013-07-12,61.09114456176758,61.806799438928365,59.814343831085154,60.1803050651788,11080599
2013-07-15,62.11582946777344,62.35980359291247,60.97728355045797,60.97728355045797,6401038
2013-07-16,61.05862045288086,62.611924016787945,60.342958905281606,61.09114901908468,6085438
2013-07-17,62.961612701416016,63.490223369608906,61.017953260474364,61.15620131045284,7067315
2013-07-18,62.75830841064453,64.08389882826205,62.22969767923996,62.81523836746973,5903017
2013-07-19,63.66099548339844,63.92123056520359,62.953467911478576,63.43328234131992,6813294
2013-07-22,63.913116455078125,64.16521779437777,62.75016897948235,63.595944750137555,5353091
2013-07-23,62.48994064331055,64.65317315220237,62.107711767588405,63.88058822239145,7519112
2013-07-24,63.81550979614258,64.15707619318528,61.806787001490044,62.13208581077977,8424109
2013-07-25,61.19685745239258,64.07575747819209,60.06644530812772,63.75858581492067,13929740
2013-07-26,62.12396240234375,63.05106945838358,59.855004151883925,61.8230649243816,13517468
2013-07-29,66.3691177368164,67.98747832129204,63.69353580532759,65.22243787525761,34070892
2013-07-30,68.11759185791016,68.80071810028979,66.36911058772966,66.68627563402501,17077126
2013-07-31,71.2404556274414,71.72840381766592,68.31275986787344,68.31275986787344,19267024
2013-08-01,70.98023223876953,72.18383543756731,69.53265488198117,71.24047398791518,10489213
2013-08-02,71.35432434082031,73.4687669565654,70.65493045966016,70.95583455611282,10865618
2013-08-05,73.07027435302734,73.35491084801261,70.67932250057342,71.24046831383633,13347063
2013-08-06,73.4037094116211,75.4205597093644,72.73684409702314,72.74497789222015,17975488
2013-08-07,73.363037109375,75.25790007697819,72.50099391801173,73.19225390627696,17483051
2013-08-08,72.72871398925781,73.19226753854475,70.41095947926839,72.86696865994975,10745789
2013-08-12,73.95671844482422,74.01364839576365,72.05372133215585,72.05372133215585,8818557
2013-08-13,76.05488586425781,76.35578994324884,73.8428576886231,73.8428576886231,10606802
2013-08-14,74.83501434326172,76.91692825173978,73.85911781912094,75.83531225143915,7544360
2013-08-16,74.24945831298828,76.10365851000469,73.73710881928803,74.28198686380578,14038679
2013-08-19,74.2413558959961,75.46936049953008,73.4850386424261,74.05431168608347,7117651
2013-08-20,72.90762329101562,74.81875400016702,71.85852922418051,73.71273660654565,10978274
2013-08-21,71.8829345703125,73.6558107211416,71.20793546064611,72.8019012082866,8338141
2013-08-22,72.33020782470703,73.00520019781166,70.83383464531117,71.56575695658077,7859187
2013-08-23,72.89948272705078,73.35490239016156,71.16726257207576,72.24075130524962,13972924
2013-08-26,74.67235565185547,75.79464048621668,73.1109253780179,73.1109253780179,14138503
2013-08-27,73.99736785888672,75.72958143391219,73.4524896862693,74.74555779468653,12558247
2013-08-28,76.68109893798828,77.10399013986031,74.4934652388867,74.5666561650738,25402484
2013-08-29,77.00639343261719,78.05548096337186,75.18472108660731,76.77055307581536,24565935
2013-08-30,78.65727996826172,80.51148743498419,76.20941134953894,77.29916120324425,57848236
2013-09-02,78.7955322265625,79.63317411541165,78.19373067958351,78.56782567956138,12144546
2013-09-03,77.96601104736328,81.42231764936942,77.01451596393663,78.92564654320579,14590503
2013-09-04,78.283203125,80.1048756800233,77.50248442478338,78.27506932868273,18598630
2013-09-05,76.26634216308594,78.72235143616133,75.46936252783519,78.34012259214386,16353921
2013-09-06,76.20128631591797,78.70608517023653,75.61574565526593,76.14435636177404,23097146
2013-09-10,76.77867126464844,78.72233029166998,75.84343720470466,77.03890633648274,22058021
2013-09-11,77.25851440429688,78.5434425084644,76.49406325555582,76.82748935850692,23817796
2013-09-12,76.7542953491211,78.00669483431602,76.14435989027064,77.09586185336666,23976378
2013-09-13,74.08683013916016,77.09584438781691,73.34677395976507,77.09584438781691,18149504
2013-09-16,73.46876525878906,74.49345798023056,72.6880466796802,74.216955275898,13683767
2013-09-17,77.25037384033203,78.07175487618213,73.72088214321239,73.8184678410555,14682204
2013-09-18,78.18558502197266,78.88497876482032,76.89252361708954,77.25848476667274,13467575
2013-09-19,76.77056884765625,78.66543250496052,76.21755668482335,77.7464656568891,8463027
2013-09-20,77.24223327636719,78.2831936230461,76.60790313218625,76.60790313218625,8775544
2013-09-23,78.64100646972656,79.68196000514006,77.09583713602832,77.42113594312269,13790561
2013-09-24,77.72203826904297,79.76328973590306,76.97385493648648,79.04763496246265,9078483
2013-09-25,77.34796142578125,78.97445580591939,77.11211444608317,78.0717501012982,10174274
2013-09-26,77.787109375,79.68197257802346,77.09584930085171,77.13651165815455,27649262
2013-09-27,77.39674377441406,78.86872237537413,76.85187217860607,78.39704169623027,11529287
2013-09-30,76.94134521484375,78.86873726934662,76.46152403207628,77.42929357571383,8114451
2013-10-01,76.74614715576172,77.99041922933566,76.45338348501214,77.4048786513924,6187171
2013-10-03,78.90126037597656,79.53559717214159,77.07958794511048,77.09585553663628,16783713
2013-10-04,78.55155944824219,79.86088866169638,77.96601886265331,78.73047646556716,6945736
2013-10-07,78.39704132080078,79.12896372038088,78.23439189867187,78.80366487612307,5585155
2013-10-08,78.63288116455078,80.18618445975417,78.1042705459574,78.88498909090893,10509016
2013-10-09,77.62447357177734,79.03138873413279,77.40489415650875,78.07989337715675,14322401
2013-10-10,78.09613800048828,78.81179943573406,77.74644438680615,78.07174323422096,12540220
2013-10-11,79.41361999511719,81.16210171863956,78.7223597788409,79.86090601741361,18845216
2013-10-14,81.5036392211914,82.62591746666435,79.77955288357377,79.82834902864242,19727968
2013-10-15,83.048828125,84.53706788164907,81.99160674515319,82.1379885966121,28878302
2013-10-17,80.51148986816406,84.00845270713413,79.94221684786662,83.29279784319202,19074107
2013-10-18,82.36568450927734,83.2602563302893,80.43015903474026,81.48738027775438,16425889
2013-10-21,82.30062866210938,83.7319449215354,81.53617769050678,82.95122636019194,21759754
2013-10-22,83.73193359375,84.2036142137591,82.78856573551066,83.76446215060905,22418207
2013-10-23,80.09673309326172,83.09761385647539,78.42957637834051,83.08135288384868,36558038
2013-10-24,76.58351135253906,80.38137875335188,76.3070086041927,80.09674220865526,25279913
2013-10-25,78.25066375732422,78.66542116510442,76.0711638448418,76.44525889143223,19774731
2013-10-28,78.69795227050781,78.98258880802327,77.5350113502339,78.65728990800561,10396685
2013-10-29,79.1371078491211,79.38108201417343,78.23440211478291,78.99885317496899,12220855
2013-10-30,77.54313659667969,79.356675117033,76.94946219867057,79.356675117033,13194322
2013-10-31,77.6976547241211,79.02324499073985,77.25850256708449,77.2747635398799,20131578
2013-11-01,78.48650360107422,78.85246481846355,77.62446029869048,77.62446029869048,6951635
2013-11-05,78.08799743652344,78.71420031080274,77.25848941845558,78.43769763811345,7261886
2013-11-06,78.46210479736328,79.34854289611808,77.97415649145542,78.55969710583385,9420525
2013-11-07,78.38890838623047,79.53558814846647,77.74644448541575,78.88499045281166,13290967
2013-11-08,78.32386016845703,79.19403071439032,77.74645332427461,78.83620326474379,5562675
2013-11-11,78.33197784423828,79.21842249239714,77.9172271109934,78.07987653366887,12039452
2013-11-12,78.49462127685547,79.64130094285683,77.68137422553839,78.85245527401214,23802026
2013-11-13,78.44583892822266,79.2102899027839,78.06361013183101,78.55969220218334,8408899
2013-11-14,79.096435546875,79.82835795003878,78.16932854162333,78.88498997342775,12361095
2013-11-18,80.05606842041016,80.95064029036472,79.53559156517196,79.53559156517196,12432066
2013-11-19,79.38108825683594,80.3488511973388,79.25096736826387,80.22686410521936,8811144
2013-11-20,78.56782531738281,80.26751047185311,78.11240560725791,78.92565272597308,7871187
2013-11-21,77.81153106689453,79.2021854914985,77.38864637554929,78.40520565987609,11852498
2013-11-22,77.73831939697266,78.54343281187073,77.6000647238732,78.15307679804825,4989849
2013-11-25,77.88470458984375,78.65728947311412,77.6895265745569,77.909105978144,8448189
2013-11-26,77.24223327636719,78.0066842911608,76.65669928594379,77.60006070688522,11722813
2013-11-27,76.41271209716797,77.31541100565539,76.18499895789462,76.97385122407728,8338461
2013-11-28,76.8681411743164,77.25850380097873,76.52658132148737,76.60790604143085,10678834
2013-11-29,76.57537841796875,77.54314127354245,76.42898994933823,77.54314127354245,9333373
2013-12-02,78.27507019042969,78.72235619234831,75.90038549659057,77.09586163991695,11770327
2013-12-03,78.4702377319336,79.09644069826807,78.20186881391733,78.72234567753146,8176627
2013-12-04,79.9178237915039,80.47896302845558,77.92536155957023,78.17746951188839,11581639
2013-12-05,80.169921875,81.12142369515479,79.05577724180839,80.6741377591922,10593906
2013-12-06,80.31631469726562,80.99944102202045,79.04764774087943,79.63318175428815,7008184
2013-12-09,82.49581146240234,82.78858176727017,79.79582821049803,80.99943799312747,8338381
2013-12-10,84.04096984863281,85.0087391461901,81.7476171066214,82.4795394618164,18993717
2013-12-11,84.35002136230469,84.82170208696901,82.95123354301606,83.43918185882987,9574333
2013-12-12,83.05696105957031,84.0084630146738,82.67473881283532,83.76448883318297,4802777
2013-12-13,84.37440490722656,84.62651282717253,82.53646517183486,82.93495491976405,5603230
2013-12-16,85.24458312988281,85.56988196837901,83.80513312224842,84.57771786367688,12102967
2013-12-17,84.23616027832031,86.19608053743126,83.80513533499918,85.43162957042534,6769656
2013-12-18,84.8542251586914,85.21205919503812,83.43104266301937,84.23616262657728,5437811
2013-12-19,86.06597137451172,87.53794344990007,84.30122237759471,84.94368631487472,12461634
2013-12-20,89.27828979492188,89.89635229171523,86.26114175287535,86.91987322258595,14152076
2013-12-23,89.78250122070312,90.57948736318264,88.57076434475154,89.38401145857434,8871725
2013-12-24,87.84697723388672,90.1078016015467,87.66806021850842,89.56292999693473,3912036
2013-12-26,89.22949981689453,89.7825052317106,87.28584045167,88.03402385887868,11375442
2013-12-27,90.28671264648438,90.66080762412334,88.9692497394755,89.45719798381631,6188483
2013-12-30,89.70930480957031,90.75026502243973,88.83100062772502,90.31924010757997,4672638
2013-12-31,90.95357513427734,91.32766348234252,89.33520821174757,90.27044231835336,3756287
2014-01-01,89.89635467529297,91.73429447990401,89.63611956927512,91.73429447990401,2362703
2014-01-02,89.93701171875,90.56321460796423,88.83100100161451,89.8963493653782,4882590
2014-01-03,90.53070068359375,90.82347099884257,88.85541013021358,88.96926341441517,5907534
2014-01-06,90.7583999633789,91.86441738870657,90.27045168322454,91.06743784507661,9896413
2014-01-07,89.48973846435547,90.87226529238046,88.64396271847374,90.7584053922893,6572222
2014-01-08,88.99365997314453,89.60359533922932,88.39185178402971,89.29455744947965,5747161
2014-01-09,87.97710418701172,90.06714547887007,87.43222592646568,88.96926178051636,8731480
2014-01-10,90.0020980834961,90.57950497019208,86.46447245071678,88.33494117609435,14175420
2014-01-13,91.31954956054688,92.3848980550758,90.27045542020728,90.27045542020728,10086509
2014-01-14,90.0427474975586,91.57164950156785,89.39214977360193,91.49845858126719,7789176
2014-01-15,91.19754791259766,91.73428566264174,89.73369662722774,90.63640216228029,6949390
2014-01-16,92.9623031616211,93.33639817533923,90.27045376375081,90.27045376375081,9157779
2014-01-17,89.89635467529297,93.66982658566047,89.34334928406082,93.52343813394235,13427479
2014-01-20,93.2062759399414,93.96259975144984,89.79877174529571,89.88009645933604,25131145
2014-01-21,92.9623031616211,94.0113972827099,92.44996010293953,93.48278001547047,11808637
2014-01-22,94.49927520751953,95.30046006185223,92.88054541882886,93.19938401787377,11182482
2014-01-23,94.58921813964844,94.89170335143521,92.38185783807624,94.18044894549514,10879074
2014-01-24,93.6653823852539,95.97901968545563,93.27296667619628,94.11502843457319,11475341
2014-01-27,93.28932189941406,94.67096702588873,92.49631369612855,93.19939135077605,10395826
2014-01-28,92.8069839477539,93.67357600254321,92.23470705444045,93.00319183768958,6148830
2014-01-29,93.44466400146484,94.14774839312747,92.38186402548375,92.38186402548375,6084537
2014-01-30,93.39561462402344,93.98423829605724,91.8341149071606,92.872384711356,10363080
2014-01-31,94.02510833740234,94.77724629196977,93.16669305699449,93.51006183041531,5582318
2014-02-03,92.53718566894531,93.85341701241734,91.91585522890657,92.08753960292492,6035459
2014-02-04,90.85307312011719,91.84229598853294,88.94820451414493,91.84229598853294,11247314
2014-02-05,91.62971496582031,92.45542996458472,90.06003879681977,91.23729259699837,8453357
2014-02-06,92.96231079101562,93.47736396402618,90.74678044317116,91.41716457827275,14235009
2014-02-07,91.83409118652344,93.82888309059535,91.00019955010454,93.19120594731714,7360232
2014-02-10,92.0875473022461,93.1339937548554,91.74417852550076,92.05484044492232,5573545
2014-02-11,92.07936096191406,93.4282991317399,91.61336147835316,92.54535379233138,7277715
2014-02-12,91.96491241455078,93.39560449813204,91.24547468920638,92.30827452272389,7565582
2014-02-13,90.77948760986328,92.54536520006656,89.89654216161723,92.38185752296296,5810537
2014-02-14,92.1856460571289,92.58623851982983,90.37070825058133,91.00021544421432,6368686
2014-02-17,91.72782897949219,93.11764426767489,91.0737982556415,92.38185970334287,4568244
2014-02-18,91.08196258544922,92.36550036773498,90.6568400114945,91.44167810402587,4919684
2014-02-19,92.47178649902344,92.87237897046681,90.9102868786844,90.9102868786844,3981935
2014-02-20,92.41455841064453,93.30567386266152,91.74417431657083,92.3736814940094,5843662
2014-02-21,93.45282745361328,94.01692756863974,92.46360474727022,92.46360474727022,7218552
2014-02-24,94.45022583007812,95.15331011418854,93.1993882116489,93.70626463006762,5553262
2014-02-25,97.49147033691406,97.77760874616789,94.83447082241426,94.83447082241426,8808392
2014-02-26,98.60332489013672,99.90321623142442,97.07453211780692,97.4506011016655,14611623
2014-02-28,97.65498352050781,98.92216797598955,96.38779906502609,98.59515263263943,9710274
2014-03-03,95.79916381835938,98.10462453069267,95.34134103077939,98.10462453069267,4983902
2014-03-04,96.17523193359375,97.25437850937301,95.6765322345741,95.81551640833399,7483320
2014-03-05,96.55131530761719,97.45060758166073,95.8891078479198,96.97643129982363,8959256
2014-03-06,95.62747955322266,97.26255618710371,95.40674819953502,96.79656333833393,6639689
2014-03-07,92.43907165527344,96.14252388388599,91.5561330150595,96.14252388388599,10568786
2014-03-10,91.11466979980469,93.4855310338745,90.76313096773477,92.2347000095712,11057661
2014-03-11,91.53977966308594,92.63527957776242,90.48515666054772,91.07378020345259,9583357
2014-03-12,92.6679916381836,93.19939156399911,91.40080719970045,91.54796809412044,6463502
2014-03-13,92.15294647216797,93.98423106619589,90.02734673819137,91.89133153595932,10502872
2014-03-14,89.53681182861328,92.21833462939027,89.04628887824116,92.21833462939027,11916583
2014-03-18,88.36773681640625,90.09274402524619,87.84451361525535,89.92923635906503,9710850
2014-03-19,89.1280517578125,89.92105994958975,86.4465220314759,88.38409054354051,11407527
2014-03-20,90.31348419189453,91.53161500339566,89.27520782559995,89.4387154956845,9020099
2014-03-21,92.90508270263672,94.42570535324514,90.5832684829483,91.34358313482454,18198139
2014-03-24,92.0221176147461,94.01690941695553,91.75233268016851,93.36287888159882,5577475
2014-03-25,89.68397521972656,91.55614332752958,89.29973619454515,91.13102073249483,12271442
2014-03-26,89.20162963867188,91.18825179834424,88.94819142244074,90.07639832442783,7171944
2014-03-27,90.48516845703125,91.55614502530447,88.29416168889514,89.2752077081114,11772455
2014-03-28,90.2644271850586,91.47438789032775,90.002812261448,90.5914425129999,6043870
2014-03-31,88.81739807128906,90.59963592901387,88.04891323958438,90.25626711011736,14219916
2014-04-01,91.7359848022461,92.0548233768822,89.43052436445942,89.4387010772743,10062365
2014-04-02,92.52901458740234,93.60816121965112,91.40080767028353,92.30009985706292,9579730
2014-04-03,91.71964263916016,92.88054297606676,91.18006605712083,92.38184330701307,4926777
2014-04-04,90.48516845703125,93.02771405412886,90.16632317827067,92.38185343562954,5485662
2014-04-07,91.05743408203125,91.66241105537755,90.1663120685265,90.41975025622574,6074761
2014-04-09,90.6568374633789,91.9649053495941,89.84747590604448,91.40079862031715,7705870
2014-04-10,91.76054382324219,92.36552096482053,90.01100616218044,90.74679079054076,7707032
2014-04-11,92.88873291015625,93.33020230260705,90.09274900272732,90.84488696997262,9419266
2014-04-15,96.23246765136719,96.69029049216797,92.39003711956758,92.39003711956758,12562215
2014-04-16,93.54276275634766,97.23803884369495,92.88873206146454,97.23803884369495,10558973
2014-04-17,95.79100036621094,96.3959774731657,93.77985449983072,94.32760790863064,10124914
2014-04-21,89.30792236328125,92.92144511339302,88.95638347743365,92.54537608120907,30447885
2014-04-22,86.74901580810547,90.73043024302136,86.00505457726534,89.76573099591583,22678964
2014-04-23,85.79248046875,88.08158751231639,85.18750350929322,87.14959526092156,24026852
2014-04-24,85.79248046875,85.79248046875,85.79248046875,85.79248046875,0
2014-04-25,84.90137481689453,86.43835085627273,84.53348257148424,86.25031305006559,16380214
2014-04-28,86.59367370605469,86.92068900471544,84.696982312565,85.03217432432093,17001873
2014-04-29,85.808837890625,87.72187610692204,85.5145227835462,86.82258401221337,12142039
2014-04-30,85.40824890136719,86.6427330661476,84.63158751564262,86.49557218012407,12933250
2014-05-02,86.41382598876953,86.78989497099248,84.72969560969759,84.72969560969759,11406002
2014-05-05,85.14664459228516,86.49558295660782,84.86868286602333,85.67804455398802,9324157
2014-05-06,84.18193817138672,85.84153819603706,83.98573031747459,84.86049227333298,6864216
2014-05-07,82.75125885009766,84.14925083427609,81.75385934829573,83.40528956520855,19753024
2014-05-08,83.54427337646484,84.32093490900498,82.01548045693073,82.67768128321212,8245048
2014-05-09,84.03478240966797,84.68064300396907,83.06191314102415,83.06191314102415,7870920
2014-05-12,83.70777130126953,84.3699787034356,82.03999437765646,83.93668603393435,15789041
2014-05-13,86.52827453613281,86.7244890557167,83.79769787422113,84.20646703478108,10280002
2014-05-14,85.76795196533203,86.97790581345828,85.36735958677285,86.82257488950384,7430344
2014-05-15,84.45172882080078,86.16038258717356,83.87945199405385,85.89059760153614,7792808
2014-05-16,82.21167755126953,86.82259250259392,81.34508557190482,85.18751580686583,25742985
2014-05-19,78.81888580322266,82.54686164043807,77.61710188655245,82.28524673310442,19265787
2014-05-20,80.87910461425781,81.54131215863428,79.0396429094041,79.46476560911744,16365750
2014-05-21,80.62565612792969,81.44319449243221,79.49744919302965,81.09982571808345,12196572
2014-05-22,79.05596160888672,81.26331468493159,78.81887686838452,80.91994598962307,12029212
2014-05-23,80.11878204345703,80.69105891548577,78.5572823905783,79.0886823431764,14296044
2014-05-26,82.73489379882812,83.37257099522614,80.13511807957752,80.60929427331,14282455
2014-05-27,83.09461212158203,84.80327250509576,82.28525052857982,83.6668889362706,11082119
2014-05-28,84.08383178710938,84.32091655691846,82.28524757689165,83.7159395622921,10316232
2014-05-29,81.72113800048828,84.09199872938235,80.94447672722987,84.04294510781116,13870204
2014-05-30,82.76759338378906,83.29081654785803,79.30123243704571,81.75384725594103,12537148
2014-06-02,81.60668182373047,82.89838945641064,81.42682076711509,82.84933583613895,6344137
2014-06-03,80.80551147460938,82.39153458874844,80.46214934958745,82.39153458874844,9857490
2014-06-04,80.45397186279297,81.27151022853559,79.33394164046787,81.09982584110078,9311779
2014-06-05,81.90917205810547,82.16261023435823,80.1759883880637,80.69104145331472,11030386
2014-06-06,83.24994659423828,83.50338481067462,80.93631574957564,82.4078847639419,11962813
2014-06-09,83.6750717163086,84.38633275595889,82.58774835082819,83.38893328821962,8521507
2014-06-10,85.841552734375,86.05411405092282,83.68325266951967,83.68325266951967,16908369
2014-06-11,86.28302001953125,87.88539658917685,85.62898930972851,86.0704653613609,15362652
2014-06-12,87.0106430053711,87.30495153101305,85.47366669532552,86.99428957477095,10738871
2014-06-13,86.72449493408203,87.58291022944309,85.84154949553835,87.02698014151314,8781208
2014-06-16,87.656494140625,87.96715608650727,86.50376360981785,86.88800933780185,10475762
2014-06-17,87.656494140625,88.62118683838142,87.2640716976136,88.13066377447582,8907992
2014-06-18,86.7408447265625,88.1715369352569,86.35660566811417,87.94262884312361,7503672
2014-06-19,87.83634948730469,88.28599563373221,86.30755658133802,86.33208007352155,9614216
2014-06-20,87.77095794677734,88.83375803669654,86.85531213112718,88.37593512887146,6430521
2014-06-23,86.88801574707031,87.80365487534905,86.49559327511199,87.32948520652126,5227870
2014-06-24,86.87165832519531,87.31312776436653,86.20127412461105,87.31312776436653,5683054
2014-06-25,86.52010345458984,87.31311162483314,86.00505032647507,86.83894206543587,6327177
2014-06-26,87.5501937866211,88.27780818459082,86.51192415398181,86.82258604179498,15367004
2014-06-27,89.26702117919922,89.76572084809827,87.68917499969947,88.29415198107093,9975757
2014-06-30,89.34062194824219,90.4197686642245,88.89097581996339,89.75756121740316,7637256
2014-07-01,87.99984741210938,89.58587714785041,87.64013186551176,89.58587714785041,7511603
2014-07-02,88.43313598632812,89.7084969994048,88.03254357054685,88.62116712440606,8601720
2014-07-03,90.82852172851562,91.24546757671618,88.97271384807206,89.43870666994276,11954487
2014-07-04,89.39783477783203,91.49073419657333,88.93184192978703,91.48255748278787,6069662
2014-07-07,91.17191314697266,91.40082125819808,89.76574431188749,89.76574431188749,10440258
2014-07-08,89.88836669921875,91.37628924284499,89.60222826030174,91.23730505411321,6899800
2014-07-09,89.16075897216797,90.73043535751933,88.50672825379566,89.80661297593173,5230830
2014-07-10,89.07083892822266,91.23731593847768,88.29417735850859,89.27522355183163,8830440
2014-07-11,90.3952407836914,91.02474799397247,89.44689493765075,89.98647159601391,8164419
2014-07-14,88.09794616699219,90.74676885827571,87.803631056151,90.25624589125492,7536115
2014-07-15,87.61560821533203,88.68658479210232,87.34581656602057,87.99167718964412,5002286
2014-07-16,87.52568817138672,88.24511934961653,87.10874222923638,88.24511934961653,4709188
2014-07-17,87.86087036132812,89.05447770015769,87.31311699767696,87.61560885279373,8838776
2014-07-18,89.44688415527344,90.74676868476438,88.98088467623728,89.12804555794827,18881307
2014-07-21,89.92543029785156,91.31981997472272,89.521142700176,90.76701404363655,10758551
2014-07-22,92.20265197753906,92.57393774331355,89.53764794456336,89.7934239261108,9952509
2014-07-23,94.20759582519531,94.50462577026184,91.48483363869398,92.32641064944977,11906023
2014-07-24,95.189453125,95.709257284473,92.67296042844342,94.71915508278845,16010123
2014-07-25,90.9320297241211,91.58384116143576,87.45844381828738,87.45844381828738,37826694
2014-07-28,91.92213439941406,92.21091224269149,89.93369133565798,91.11355912404309,8974499
2014-07-30,90.88253021240234,91.93038389945596,90.59375237741278,91.89738206121717,10444200
2014-07-31,89.8346939086914,90.92379498700008,89.28188787311115,90.76703120086268,19032640
2014-08-01,88.44853210449219,90.12344732052047,88.28351622396802,89.7686591486855,9160120
2014-08-04,90.53600311279297,90.75877056238502,88.44854782445088,88.48154966351845,13701191
2014-08-05,90.68450927734375,91.03104535294267,89.72741571501192,90.72576325231914,5606233
2014-08-06,90.98978424072266,91.17954982491855,90.0656925879541,90.0656925879541,10141154
2014-08-07,91.19605255126953,91.50132790825072,88.2835181672014,90.2637087770779,11688173
2014-08-08,90.43698120117188,91.02278896134914,89.29012209335417,90.9072791797189,5295833
2014-08-11,89.59539794921875,90.84126928488656,89.14160424324473,90.79176317405935,7036227
2014-08-12,89.72740936279297,90.01618716717677,89.29011994481726,89.93367922306712,6273417
2014-08-13,90.8000259399414,91.01454796896031,89.55415445844183,89.6201648521094,7116979
2014-08-14,90.09044647216797,91.10529825283146,89.68615887323497,91.03928786627236,5863006
2014-08-18,90.37098693847656,90.54424827170294,89.2983835275746,89.93369074993858,6409262
2014-08-19,90.32972717285156,91.15480666682855,89.76866908823874,90.23071494776867,6288387
2014-08-20,91.11355590820312,91.58384720766162,90.32973036125797,90.32973036125797,5953427
2014-08-21,90.94853973388672,91.40233347024615,90.37922949302434,90.9897937099194,6576259
2014-08-22,91.90563201904297,92.08714548230728,90.47824043982067,90.96503600720864,7688910
2014-08-25,91.6416015625,92.60694724927608,91.42707955271487,91.93863152108602,8394749
2014-08-26,90.90727996826172,92.45017454491317,90.12345447356022,92.19440528141118,6642617
2014-08-27,92.1696548461914,92.5409406309187,90.42873571267836,90.42873571267836,7728291
2014-08-28,93.2752456665039,93.73729147020143,92.16964062107598,92.16964062107598,16372438
2014-09-01,93.374267578125,94.56238068638628,92.99472967443367,93.39901727671865,5776318
2014-09-02,92.57393646240234,93.67129618366046,92.26040895033654,93.56403182410139,7273342
2014-09-03,95.24720764160156,95.7092535270444,92.45843476684826,93.06074685993937,15111425
2014-09-04,95.23896789550781,96.09704938611581,94.40563610852188,95.70101384107069,6938174
2014-09-05,96.02278137207031,96.3363089125571,94.96667552848133,95.87426974015858,6107427
2014-09-08,97.80494689941406,98.18448480243799,95.38745999862971,96.18778977860379,6592137
2014-09-09,97.02938842773438,98.01948395395554,96.02278862360352,97.86271345735851,4390430
2014-09-10,95.98151397705078,97.35939930683472,95.79174839452384,97.02936753582189,5302196
2014-09-11,94.71916198730469,96.83136719013825,94.33137858860472,96.53434389394772,7183838
2014-09-12,94.8841781616211,95.52774430558328,93.93533658144034,94.96668612511507,6343166
2014-09-15,93.77030944824219,95.04918944407898,92.82146798145465,94.88416682229712,6813182
2014-09-16,92.31816101074219,94.87590719035012,91.74885084431546,94.05907320009038,8629875
2014-09-17,93.6218032836914,94.32312093052484,92.15316430906968,92.73896544245984,7400472
2014-09-18,96.00627899169922,96.5178310041917,93.15150237406122,93.27526430793702,8558883
2014-09-19,97.09539031982422,97.83796195079645,95.18945512409249,96.02278685286431,9152573
2014-09-22,95.95677947998047,96.60033884959249,95.230705440031,96.60033884959249,4569012
2014-09-23,96.15478515625,97.93695812112608,95.04918002996561,95.58548167546684,10665090
2014-09-24,97.8132095336914,98.34951125228409,96.71584968078527,97.02938394497905,11015709
2014-09-25,96.13003540039062,98.6217782116801,95.11519028674432,97.68944104920875,9049005
2014-09-26,97.12837982177734,97.5244220033601,95.2141994449265,96.3693107241433,5670969
2014-09-29,97.82970428466797,98.82805187502753,96.4188169226321,97.06238299515586,5676633
2014-09-30,98.48151397705078,98.84455434108744,97.06238121718836,98.84455434108744,13164455
2014-10-01,101.60858154296875,101.92210911116406,98.6960464705104,98.6960464705104,14933617
2014-10-07,102.06234741210938,102.62339871156485,100.83297374926558,101.31977596102892,11137186
2014-10-08,97.94519805908203,102.12010120855159,97.21913086548446,101.81482585614704,12409324
2014-10-09,96.9056167602539,99.32309707498828,96.20429916624057,98.47326785275432,14277697
2014-10-10,96.48483276367188,98.894061137611,95.74226113271871,95.74226113271871,21075376
2014-10-13,96.46006774902344,96.6993461803915,93.4155256764023,96.33630582156312,12509735
2014-10-14,95.71749877929688,97.85446015632596,95.42047551695082,97.35941243306321,10770471
2014-10-15,95.71749877929688,95.71749877929688,95.71749877929688,95.71749877929688,0
2014-10-16,94.60362243652344,96.46830316323195,93.34125368107956,95.70098203180734,11741991
2014-10-17,93.38252258300781,95.95677332537439,92.42542901394772,94.93366936718112,17418992
2014-10-20,91.81487274169922,94.88416451347902,91.31982503194304,93.56403728746251,8591699
2014-10-21,94.60362243652344,94.88414808056505,92.04587637909057,92.24389408579565,8013187
2014-10-22,96.31156158447266,96.8231135994619,95.04919253858405,96.17129537292296,6701528
2014-10-27,91.55084228515625,92.16139976877692,90.28847334314983,90.7587646267635,15869937
2014-10-28,91.36933135986328,93.151504593031,90.76702595312602,91.64986378827606,12304604
2014-10-29,91.88087463378906,92.45017814605566,91.51784099658386,91.69110903453826,8714024
2014-10-30,92.4501724243164,92.93697467094442,92.0623891119094,92.07888667218478,16102619
2014-10-31,93.01948547363281,93.56403255521126,92.35116975636096,93.23400076539937,15541249
2014-11-03,93.2175064086914,94.05908347293004,92.63995075666885,94.05908347293004,17221563
2014-11-05,92.24392700195312,93.8940863375239,91.88089329103066,93.8940863375239,20365973
2014-11-07,91.32805633544922,92.90395931076213,90.49473152447639,92.85445991905094,16182107
2014-11-10,92.21914672851562,92.40891230339572,91.09703740938615,91.41881703025442,9631533
2014-11-11,91.96337890625,92.57393636911301,91.55909131019975,92.49142842238791,6780963
2014-11-12,91.75711822509766,92.58219777494615,91.22081651769614,91.41883426675686,9857442
2014-11-13,92.21090698242188,93.13499871399969,91.42708145252587,92.24390881972518,10238813
2014-11-14,93.05248260498047,93.72904371117956,92.52443311088241,92.72245083185499,11654013
2014-11-17,93.09374237060547,93.39901775103816,92.24390647320693,93.085490232861,8023832
2014-11-18,93.44027709960938,93.72905493567669,92.78846561253175,93.22576179299948,10522589
2014-11-19,93.2175064086914,94.22409937350791,92.45843058022751,93.89406757235217,8782771
2014-11-20,94.37261962890625,94.88416490237572,92.92873046953271,93.89406947880528,7056403
2014-11-21,94.4056167602539,95.15644042859915,93.58878941943361,94.5541283805798,9837416
2014-11-24,95.60198211669922,96.14653591605884,94.42212114684837,94.51287451797998,7734355
2014-11-25,95.96502685546875,96.93037264403242,95.26370921671311,96.36932121883382,21391759
2014-11-26,95.67623901367188,96.36931115591844,94.6366375148161,96.36931115591844,7530686
2014-11-27,96.03929901123047,96.53434680583443,95.5442512166265,95.6680131652775,10689266
2014-11-28,96.66634368896484,97.35941589780873,95.7340064627799,96.61684428648861,10470797
2014-12-01,97.78845977783203,99.15809329534252,96.87262005311315,97.02939055314421,16086603
2014-12-02,97.51618957519531,98.18450543615094,96.28682223674248,98.18450543615094,4880788
2014-12-03,97.99472045898438,98.34950869229647,96.58383309312386,97.62343466346921,6027475
2014-12-04,97.80494689941406,98.3412485604548,97.30989921229953,97.97821493280694,5007316
2014-12-05,95.51947021484375,97.52441729569638,95.16468873915866,97.52441729569638,5534057
2014-12-08,93.78681182861328,95.75050511410247,93.3082683930187,95.37921933025738,5169513
2014-12-09,91.89737701416016,95.00792263722046,91.67460286788305,93.89406533486296,8176680
2014-12-10,91.11355590820312,92.28516480229676,90.98979397973811,91.74886311228165,6930787
2014-12-11,90.1482162475586,91.4188374557458,89.88418809659107,91.07230806143008,7026376
2014-12-12,89.62841796875,91.4023390463756,88.94359789612058,90.14821541266696,5749913
2014-12-15,89.3643798828125,90.08220171555595,86.6086157650573,88.67956660084978,7921518
2014-12-16,88.57231903076172,90.70927394419671,88.2835411582836,88.943604866805,9925832
2014-12-17,88.30827331542969,89.60364395882101,87.07065420195896,88.28351690445223,11679591
2014-12-18,88.77031707763672,89.116853133424,87.62345798179027,88.76207165472437,7240270
2014-12-19,90.84951782226562,91.50958136843452,89.76866242251133,89.83467280583639,9080637
2014-12-22,91.60861206054688,91.90564205912658,90.56901042277539,91.74887156368523,8270136
2014-12-23,91.15479278564453,91.83135383896949,90.57723722781164,91.83135383896949,7233075
2014-12-24,90.01618957519531,91.55083871959098,89.12510644077916,91.15480326307578,10663885
2014-12-26,90.32972717285156,90.51124063281803,89.29012566753774,90.19771311091242,3878548
2014-12-29,90.78352355957031,91.15480934275938,90.32972982456145,90.42873533803662,5040377
2014-12-30,91.17955780029297,91.56734785436858,90.44523838200385,90.75876590884192,4333129
2014-12-31,91.61685943603516,91.83137474903647,90.79177316531666,91.08880314845297,3576239
2015-01-01,91.15479278564453,91.48482453297761,90.84125859697025,91.17954248088928,1082549
2015-01-02,91.96337890625,92.45017444902535,91.25380922151129,91.31981960759971,4198953
2015-01-05,92.1283950805664,93.23400022715067,91.66634923459442,91.9221252131248,3838601
2015-01-06,89.97494506835938,91.81487649351322,89.45514763768071,91.58385019081138,12396695
2015-01-07,89.29012298583984,89.9336822860079,88.83632927778153,89.63665233419421,8305581
2015-01-08,89.9336929321289,92.22741815673008,89.63666294515357,91.77362439495282,7792131
2015-01-09,91.33631134033203,92.40891457931875,89.64489854039144,90.62674170086889,13587116
2015-01-12,91.75711822509766,92.24391381660536,90.37923269104485,90.75877062687807,4421790
2015-01-13,92.98648834228516,93.51454464244351,91.58385306333344,91.930389170998,6312675
2015-01-14,91.08053588867188,93.97656599304754,90.75875625807758,93.39901039959139,9723858
2015-01-15,92.32640838623047,93.06897987343709,90.96502732635166,92.40891632925343,6993422
2015-01-16,91.59208679199219,92.96997209251936,91.23730533149194,92.54092811350719,8304680
2015-01-19,96.40231323242188,98.76204191931123,96.09703113498162,97.5409202440643,32334205
2015-01-20,97.42542266845703,98.01948266216668,96.18780327699103,96.71585287444687,13390593
2015-01-21,97.14488983154297,98.18449138710636,95.15644681204337,97.29340146183155,17701408
2015-01-22,98.95064544677734,99.47490224718435,97.31131952228047,98.19339691068599,19458651
2015-01-23,100.15725708007812,100.52340725991819,98.23500249607355,99.72454460613346,19277835
2015-01-27,99.61636352539062,100.81466091754612,99.02554442779577,100.25711958169512,15764550
2015-01-28,101.06430053710938,101.85484034589106,99.15036205269055,99.19196941104748,16769969
2015-01-29,100.3070297241211,102.27089808879224,99.82438037871933,101.1891069390699,13488321
2015-01-30,100.94779968261719,101.53030272942686,99.38336563714087,101.00605269611069,9393192
2015-02-02,104.03507232666016,104.46779160591684,101.35556224212965,101.85485059264198,15948657
2015-02-03,103.44424438476562,104.52603571872834,102.8118111735812,103.85199514854536,8465539
2015-02-04,103.05313110351562,104.83392469009269,102.5621656283984,103.71884883846263,8923261
2015-02-05,106.22361755371094,107.03080304945348,103.33606405041678,103.34438687685324,12263607
2015-02-06,107.05577087402344,108.96138672342359,105.8491573606962,106.1820162609244,11074311
2015-02-09,107.81302642822266,108.1791698647526,105.78258171540526,106.49822970664158,6794574
2015-02-10,106.94759368896484,108.51202780023475,106.07383230997225,106.68130386184028,11140578
2015-02-11,106.24857330322266,108.012727983516,105.37481878904576,107.51343968970063,14166503
2015-02-12,107.64659118652344,108.67845236924263,106.72290643194842,107.09737267526008,9639757
2015-02-13,109.95995330810547,110.49252614506908,107.64658687315523,107.8463008405127,9239165
2015-02-16,110.09309387207031,111.05006308447801,109.84344972970308,109.99323350631111,5117465
2015-02-18,111.34131622314453,111.67417508453472,109.09451890876069,110.17631020827884,6045571
2015-02-19,109.76025390625,111.34133374669301,109.01132135025068,111.34133374669301,7382040
2015-02-20,108.17916107177734,110.00988487765456,107.76308747953253,109.76024072230766,4849774
2015-02-23,108.13756561279297,109.51060861830045,107.10570434487856,108.17917297659622,5689865
2015-02-24,108.6784439086914,109.8101653770024,108.11258656055129,108.5952291944337,8433603
2015-02-25,110.47589874267578,110.77547311085172,108.52867550757978,108.76999685871004,9829069
2015-02-26,109.49395751953125,111.32468143584435,108.41216611443714,110.47589531968174,10478408
2015-02-27,108.89480590820312,109.61045382091956,107.96279837926578,109.3441640206429,12264620
2015-03-02,110.5923843383789,112.24003300169225,108.84487530733651,109.86009754846874,9859640
2015-03-03,111.91549682617188,112.672752093093,110.3427400545855,110.67559891722944,9609805
2015-03-04,109.76025390625,112.13187366691452,109.22768099861243,111.8822294815814,8693384
2015-03-05,111.1416015625,111.49109930154556,109.05291086599196,109.82680500505005,7213278
2015-03-09,109.86011505126953,111.00847560295495,109.1860743917881,111.00847560295495,7593752
2015-03-10,108.89480590820312,110.14302664944194,107.34701083466082,108.34558742765186,9328397
2015-03-11,108.96968841552734,112.77260332186714,108.26236338972899,109.43569213987116,12190748
2015-03-12,109.06122589111328,109.33583172158112,107.59664566054735,109.144440599986,6275689
2015-03-13,106.39002990722656,109.57715047410612,105.17509383153859,109.57715047410612,10007634
2015-03-16,107.55506896972656,108.33728610173172,105.94902056738547,106.7145988160906,8820568
2015-03-17,107.08072662353516,108.41216215035173,106.39004715281158,108.17916364197134,7882840
2015-03-18,105.08356475830078,107.8462959598138,104.64252948484459,107.67986653254266,8925624
2015-03-19,105.69105529785156,106.96423793734706,105.26665882734241,106.13209065087106,7848403
2015-03-20,108.62018585205078,109.29422636062006,105.95731511955425,106.29849678656146,12037719
2015-03-23,107.36366271972656,109.9266734150544,106.71458383338131,108.62852241439522,6133273
2015-03-24,108.55361938476562,109.59380328948625,107.0307928570669,107.34700605528971,7011000
2015-03-25,110.02651977539062,110.50083956096769,107.60497035081883,108.34557991821599,5859475
2015-03-26,105.16678619384766,109.49395157947501,104.0517103142653,109.49395157947501,12227282
2015-03-27,101.87979888916016,106.78115096906537,101.28065023860897,106.46493099215138,13652951
2015-03-30,103.75213623046875,104.01010321427714,102.55384562894248,103.18627884897977,6814467
2015-03-31,104.65916442871094,105.6161335995337,102.88669380373837,103.69387920446192,9010840
2015-04-01,105.38316345214844,105.9240592158643,103.21958039728499,103.75215333330645,6354889
2015-04-06,103.37767028808594,104.675821265109,102.75355989259708,104.675821265109,7872158
2015-04-07,102.36244201660156,104.50106288889235,101.3805110939335,103.75213045810223,9890882
2015-04-08,102.57048034667969,103.68556295581895,102.037907520064,102.18769807169494,9541026
2015-04-09,102.71195220947266,103.90192675634306,101.86315936546806,103.43592297477252,7049918
2015-04-10,102.80349731445312,103.50249965219359,102.27924048212402,103.22789376766288,5738526
2015-04-13,103.88529205322266,104.14325906414173,102.32917393254296,103.00321458299865,4619465
2015-04-15,100.96444702148438,103.68557115154397,99.98251600642189,103.68557115154397,7315918
2015-04-16,100.18223571777344,101.22241980681792,98.20172114901364,101.02270581612775,13076860
2015-04-17,97.66912841796875,99.30846091824671,97.36123805334827,99.20027773173375,8342621
2015-04-20,95.76351928710938,98.36813718188937,94.94801100934754,97.66913492382987,7922147
2015-04-21,96.22120666503906,97.9271084525141,91.62775133824496,94.53194375861327,21048960
2015-04-22,90.62918090820312,93.7414103457259,90.20478444580642,93.53337352808357,33440956
2015-04-23,88.91497039794922,91.36148241032448,88.63204163510892,91.36148241032448,16233670
2015-04-24,87.07588195800781,89.64722163269046,85.29508871367392,89.13128777844929,19017589
2015-04-27,88.84005737304688,89.16459342894404,86.23543932737297,87.97462563331068,9816226
2015-04-28,88.58208465576172,89.4641619913802,87.37547128523546,88.70690672857478,16379558
2015-04-29,90.14653015136719,90.98699340197608,88.24090765428126,88.70691143859935,15025078
2015-04-30,89.638916015625,90.21309620748316,88.8317305533685,89.38094903898408,16950219
2015-05-04,90.06331634521484,90.63749656205938,88.96487932618344,89.72213463687696,5264457
2015-05-05,90.68743896484375,91.26161925903351,90.07996736035598,90.71240067553505,8626659
2015-05-06,88.59874725341797,90.49604041424914,88.1160977496752,90.49604041424914,14824806
2015-05-07,89.56402587890625,90.32127439944571,87.39212037218245,88.37405134142928,12131047
2015-05-08,89.95513916015625,90.62085696843793,89.22285227985911,90.0549995402112,8303757
2015-05-11,90.12155151367188,90.58755524546157,89.38926477230982,90.3628728189823,11205821
2015-05-12,88.84837341308594,90.60420523784015,88.31580059639126,90.28798526053056,7637918
2015-05-13,90.24638366699219,90.43778158517362,88.14937679757593,89.03977023353157,8023000
2015-05-14,89.28941345214844,90.3379202618336,88.71523324771144,90.3379202618336,5469907
2015-05-15,89.61395263671875,90.13820944592392,89.0397724121876,89.20620185535788,5391273
2015-05-18,90.57923889160156,90.70406096589028,89.10634247821332,89.70548437158058,5679331
2015-05-19,91.96893310546875,92.3267536986345,90.4710681204433,90.70406663152362,12356226
2015-05-20,93.86621856689453,94.01600911668345,91.9772486050304,92.32674634380957,7847779
2015-05-21,93.90784454345703,94.21574175793337,92.95087513396244,94.19909610286842,7785822
2015-05-22,93.28372192382812,93.68315664513531,92.30179093150659,93.29204475027788,10580120
2015-05-25,93.71643829345703,94.11586623043492,92.78443074446722,93.36693376957808,8279640
2015-05-26,92.90926361083984,93.83294844090378,92.55144299124471,93.29205271191512,6425326
2015-05-27,91.92733001708984,92.81773028615991,90.87882312443648,92.57640216528723,8946008
2015-05-28,92.29345703125,92.81771377030702,90.07994437885813,92.11870478489766,12361740
2015-05-29,93.48343658447266,94.03264828596404,92.3017849224106,92.3017849224106,17654976
2015-06-01,93.79133605957031,94.52362968593695,92.9924733635483,93.20051017126073,4461161
2015-06-02,91.33648681640625,93.53335379276912,90.87880591416271,93.52503773944355,5428366
2015-06-03,90.8039321899414,92.90926205249541,90.54596518449803,91.57782643423978,9938402
2015-06-04,91.9855728149414,93.35029967565806,91.03692633695482,91.03692633695482,12418162
2015-06-05,92.50150299072266,94.02433640637035,91.63607127052443,92.25185883458676,9048973
2015-06-08,92.36833953857422,93.48342196302805,91.61940722055407,92.50148441618376,6071763
2015-06-09,90.46273040771484,92.75945769455326,89.97176498670963,92.06877155745147,6360473
2015-06-10,93.65818786621094,94.35719693325485,90.15484679269323,90.28799169936975,9516498
2015-06-11,90.87881469726562,94.1990805727541,90.3795263920183,94.03265113767165,10654536
2015-06-12,89.4308853149414,92.26850870720959,88.04119674007916,90.87882013234734,11815543
2015-06-15,90.02171325683594,91.20335828038053,88.51552539042818,89.20620489430128,5508510
2015-06-16,89.9218521118164,90.94539050464009,89.0480975128586,90.37121026544554,6020206
2015-06-17,90.9620361328125,92.19361133456817,90.05499699902998,90.20478079285405,7280782
2015-06-18,92.55142974853516,93.2670776573589,90.65413016895377,91.12013393088766,9528344
2015-06-19,93.4584732055664,96.15463553685548,92.66793336976983,92.94254600752842,27555342
2015-06-22,93.23380279541016,93.7913373847379,92.04382817526317,93.18387260644742,8081059
2015-06-23,92.76776885986328,93.86619880018293,92.36833424990482,93.86619880018293,5694782
2015-06-24,94.09922790527344,94.53194037754733,92.70121657354031,92.86764601026822,7592163
2015-06-25,91.89402770996094,93.84957337533295,91.49459304275183,93.78299754478292,11733234
2015-06-26,92.975830078125,93.4251882070926,92.21857477951471,92.21857477951471,4171246
2015-06-29,91.93563842773438,92.36003481440603,90.24637570667475,92.05213767042075,4477214
2015-06-30,90.98699951171875,92.29347340640618,90.70407080039423,91.86907695340359,8373885
2015-07-01,91.99388885498047,92.53478450898568,90.079950386962,90.54595415097268,6424723
2015-07-02,92.49317932128906,93.28371914184629,91.37810345511983,92.52647062609529,5362553
2015-07-03,91.46131134033203,92.2684967529905,91.20334437954207,92.10206732951704,4578990
2015-07-06,91.5445327758789,91.82746146215834,90.4877031503877,90.62917087954295,3867641
2015-07-07,92.16864013671875,93.58329029374814,91.98556505464379,92.11870995324095,4165118
2015-07-08,91.99388885498047,92.9924654469901,91.36977848497445,91.71928300099019,5195982
2015-07-09,90.68743896484375,92.60970062107226,90.41282628707842,91.98558336143549,3664431
2015-07-10,91.31153869628906,92.26850799788865,90.7956047118315,91.53621438214142,5939475
2015-07-13,93.14225006103516,93.53335513808678,91.38641831094925,91.38641831094925,4831150
2015-07-14,94.09922790527344,94.43208677872926,92.51814825635827,92.78443129190426,3293913
2015-07-15,96.15462493896484,96.49579983392243,94.29061000869756,94.53193131441041,8716285
2015-07-16,95.74686431884766,96.8619468192877,95.2309371944943,96.34601292290408,4637732
2015-07-17,94.59017944335938,96.51244050856539,94.06592950377141,96.02979792202505,5034174
2015-07-20,95.8118667602539,96.50273928500819,94.69973217320529,95.03674182304076,3991263
2015-07-21,97.15990447998047,98.59219547881432,95.60123486360246,95.63493445698514,8343864
2015-07-22,98.5079345703125,99.18195380574382,97.05879732802211,97.73281656345343,5474926
2015-07-23,99.25778198242188,100.05817984372064,96.83131541918121,99.0134513750053,11890199
2015-07-24,95.50011444091797,98.74383864547879,95.23893749028049,98.24674400825269,12045388
2015-07-27,94.6407470703125,96.00563185758237,94.32058383146305,95.2052340451757,5267502
2015-07-28,93.7982177734375,94.74184050102164,93.26742356122368,94.61546190618182,8265859
2015-07-29,95.1799545288086,95.71074187798156,93.84876942221379,93.8571891765836,6008291
2015-07-30,94.6997299194336,95.99722252560407,93.6381550328995,95.7107588448784,5578062
2015-07-31,96.02249145507812,96.38477406215344,94.85981098246013,94.86823073796731,7047102
2015-08-03,96.11515808105469,97.0419344374494,95.8792472582677,96.21625684241123,3455284
2015-08-04,94.3374252319336,96.1994044387475,93.94143625282977,96.1994044387475,7786595
2015-08-05,96.94926452636719,97.3958063811388,94.33744000421147,94.57334399265362,5696430
2015-08-06,96.31737518310547,97.69069353378276,95.87925992325586,97.5643149230352,5022969
2015-08-07,95.89611053466797,97.04194461219093,95.38216949366742,96.31737255901625,4219929
2015-08-10,94.94405364990234,96.62910161503301,94.37955983899248,95.71917159997581,3854564
2015-08-11,95.3990249633789,95.61808259249332,93.528618788643,95.37374512743585,6672931
2015-08-12,97.35366821289062,97.95185472215927,94.74183715529134,94.74183715529134,7323971
2015-08-13,96.2499771118164,97.64856845820795,95.34004699003562,97.31997858128574,5510921
2015-08-14,96.93238830566406,97.36207683511218,95.4832514155837,96.24994948083793,4568222
2015-08-17,97.03350830078125,97.56430251228798,95.85397475051415,97.02508168984097,2212863
2015-08-18,96.2415542602539,98.99661085661906,95.79501236578558,97.34526222128773,7479918
2015-08-19,98.53321075439453,98.87022035962235,96.38476766458923,96.67123131421525,5814979
2015-08-20,97.1851806640625,98.80282279393127,96.67965935641021,98.57534540479024,6423955
2015-08-21,97.05879211425781,97.22729691406397,94.98618170534651,96.85658086930813,7385267
2015-08-24,91.72562408447266,96.72178936411495,90.33545928907876,95.87084548969327,11884861
2015-08-25,91.211669921875,92.9304175057017,89.0211075280917,92.56813492932099,15297276
2015-08-26,92.83773040771484,93.7897865559675,91.51497196057898,91.8182819445929,11044007
2015-08-27,92.9051513671875,93.93303346252479,92.10475351054106,93.93303346252479,12857543
2015-08-28,94.96932220458984,95.28105880621425,93.07364333208919,93.40222629869382,5714915
2015-08-31,96.35107421875,96.89028825019943,94.4806749043649,94.9693361205113,8954392
2015-09-01,95.06201934814453,96.38477807768342,94.36272022786005,96.26682607440614,7103043
2015-09-02,93.39380645751953,95.91295871586718,92.5428558417768,95.3990177018857,6572206
2015-09-03,95.56752014160156,95.71074510492473,94.11837614724071,94.194201934468,3285449
2015-09-04,93.35169219970703,96.31737981719522,92.20585803583755,95.71075971382939,7928355
2015-09-07,93.03153228759766,93.8235035520295,91.691920370801,93.3348423278954,5709214
2015-09-08,94.96932220458984,95.37373095479903,92.67765433613141,92.72820714402691,4094153
2015-09-09,94.54806518554688,96.64594854304362,94.05940401540725,95.50854115996346,4099134
2015-09-10,93.03153228759766,94.32059138826492,92.73664885940123,93.52019351173176,8775869
2015-09-11,94.21105194091797,94.84294490703915,93.48647996847018,93.5201795553678,4084660
2015-09-14,96.32579040527344,96.67122660510041,94.2279070862194,94.53121023096735,10684962
2015-09-15,96.2331314086914,96.72179267149345,95.38218064869284,95.879268524263,4937700
2015-09-16,97.82548522949219,98.06982267879256,96.29209563753496,96.70493103319737,9941709
2015-09-18,99.75487518310547,100.26038961430746,97.7328174582975,97.85076945428231,9898909
2015-09-21,99.78857421875,100.59739867546922,98.49108855717868,99.38415856215127,11840733
2015-09-22,100.41204071044922,101.81905861301118,99.41786507653431,99.75487469568895,18028038
2015-09-23,99.54424285888672,100.49629228251855,98.09509876593815,99.26620581150102,7529166
2015-09-24,101.6168441772461,101.92858080780275,98.91234755332299,100.09188118346248,11094738
2015-09-28,99.9149398803711,101.43990957972643,99.426271882355,101.43990957972643,5322644
2015-09-29,99.13139343261719,100.7490422168913,98.5753330909708,98.67643185468937,8118296
2015-09-30,100.7406234741211,100.92598150679905,99.75487445436539,100.10873043973479,9590429
2015-10-01,101.0607681274414,103.34400238632949,100.65635254597093,100.77430451938761,18667659
2015-10-05,101.15345764160156,102.7711065323327,100.61424363018389,101.17031086490262,9100269
2015-10-06,100.99337768554688,102.7879579637417,100.79959990335365,101.50731870953163,8106115
2015-10-07,99.22406768798828,101.06919374458926,98.57532836832208,101.06919374458926,4985700
2015-10-08,99.3841552734375,100.58896873511824,98.68486307989656,99.68746529173018,5878542
2015-10-09,99.8138427734375,100.53841479330923,98.60903618176836,100.37833660271009,7196840
2015-10-12,98.39840698242188,101.1029104752883,98.06982398380703,101.1029104752883,5656995
2015-10-13,98.63432312011719,100.04134115851048,98.34786628747729,98.57535054495895,5195476
2015-10-14,98.22147369384766,100.16770552675173,97.90973706779538,98.08666848105537,5600910
2015-10-15,97.24414825439453,99.07242816840272,97.075643445969,99.07242816840272,4486078
2015-10-16,97.2188720703125,98.09509567393955,95.30633981514977,97.56430828749107,4888068
2015-10-19,97.3199691772461,98.44895682238797,96.23311458858056,98.052967799811,5330665
2015-10-20,96.35107421875,97.71596594953995,96.04776418341018,97.56431436010925,7156819
2015-10-21,97.37052154541016,97.64855857802159,96.249967373141,96.85658053647191,5404803
2015-10-23,95.66861724853516,96.68807262231165,95.14625650164636,96.68807262231165,9916189
2015-10-26,95.8876953125,96.77234566871084,95.32320824671005,96.1488791699152,5681966
2015-10-27,96.90713500976562,97.29469742593133,95.37373856790573,96.08988397690486,15674230
2015-10-28,97.39580535888672,97.94344597875205,96.0056338519812,96.873437717347,7496963
2015-10-29,96.82288360595703,97.71596043767352,96.21626356949504,97.57272861180726,8150157
2015-10-30,96.52799224853516,97.57272057507745,95.90452589692747,96.46901282945333,6049662
2015-11-02,96.91557312011719,97.2862823574643,95.7950119391958,96.63753604974778,9695048
2015-11-03,96.76390075683594,97.67383077931986,96.27523958555074,96.91555918882214,5637257
2015-11-04,96.56170654296875,97.55588906912914,96.29210295183259,97.24415241760458,4350852
2015-11-05,96.19097900390625,96.87342474859598,95.93822182857504,96.59538774184533,3277977
2015-11-06,96.03933715820312,96.4942987485352,95.49169655624391,95.75287351199599,3659753
2015-11-09,94.40483856201172,95.54224600770542,93.72239957977801,94.95247918401239,7082536
2015-11-10,93.6971206665039,94.66602331495854,92.92199580514892,94.5227983416826,7630478
2015-11-13,92.93041229248047,93.56230525523918,92.74506113729105,93.35167426765294,3326617
2015-11-16,93.26744079589844,94.01729274902688,91.37176152300287,92.66082754245917,5924403
2015-11-17,93.66340637207031,93.85718412874915,92.84615543690731,93.85718412874915,7816195
2015-11-18,93.41065979003906,93.83192179273598,92.87144579788259,93.26742796653095,6561801
2015-11-19,93.8150634765625,94.69971363419597,93.12419794353528,93.5960127322353,5367129
2015-11-20,95.99720764160156,96.89027756876108,94.0256960574766,94.64916928335005,9887773
2015-11-23,96.0645980834961,97.08405337053858,95.63490952457174,96.71334422701688,5929566
2015-11-24,95.0114517211914,97.29469305869111,94.7839675059527,96.58697429286062,5441907
2015-11-26,95.96350860595703,96.5448556780158,94.19420812415986,94.19420812415986,10273112
2015-11-27,96.03933715820312,96.11516294717882,95.18838654386322,95.96350451274954,7137918
2015-11-30,96.03933715820312,97.01665951651727,95.57594895654532,95.87925211244811,22234597
2015-12-01,98.0614013671875,98.98817783289613,97.59801313433319,97.59801313433319,9200387
2015-12-02,97.35366821289062,98.64272709214376,97.06720458952118,98.54162147725133,3787604
2015-12-03,96.47745513916016,98.57534560088732,95.92981448263254,98.57534560088732,6974419
2015-12-04,95.92980194091797,96.44374293807084,94.73342200772686,96.44374293807084,5513331
2015-12-07,97.06722259521484,97.29470684268182,95.69391106763176,96.35950372912001,6213411
2015-12-08,95.49170684814453,97.5474642657689,95.09571778145782,96.7554929888741,3736804
2015-12-09,95.25577545166016,96.6964927127813,94.79238729996183,95.03671786319825,4223545
2015-12-10,95.22208404541016,96.04775480767411,94.30373427355059,95.55066702808755,6014387
2015-12-11,95.35689544677734,95.66862522741665,94.46381859386602,95.54224662152765,3691311
2015-12-14,95.55067443847656,96.04776225661456,94.36271415683947,94.90193503395011,3973023
2015-12-15,94.1773681640625,96.04776754388833,93.75610611592893,95.77816394697004,6393961
2015-12-16,93.51175689697266,94.16892281873925,93.05678849031256,93.05678849031256,10970066
2015-12-17,93.70553588867188,94.09309827224264,93.20002152483454,93.94143984920503,10163672
2015-12-18,93.38536071777344,93.91615484570997,92.75346784390362,93.35166113579568,14961660
2015-12-21,93.66340637207031,94.23631988818984,92.4248934819732,93.31797019772893,6207683
2015-12-22,93.59600830078125,93.94143762270119,93.18316609491696,93.48647607732609,6653875
2015-12-23,93.73924255371094,94.3627089448961,93.35168014087328,94.3627089448961,4221929
2015-12-24,93.89090728759766,94.32901568484802,93.43593881008,93.77294843403183,2154842
2015-12-28,94.60704803466797,95.03672979866025,93.61286557955344,93.61286557955344,5220702
2015-12-29,95.045166015625,95.74446513511599,94.1857955443124,94.68288339386754,4268569
2015-12-30,94.04255676269531,95.71075162118203,93.68869392290567,95.35689563787058,2678249
2015-12-31,94.34584045410156,94.9356071181447,93.85717253286576,94.02567729402094,7054776
2016-01-01,93.76451873779297,94.32900568417891,93.36852972904059,94.32900568417891,3165524
2016-01-04,93.97515869140625,94.36271426963516,93.68869502891945,93.85719983909839,3431636
2016-01-05,93.84033966064453,95.2052243083246,93.39379786550496,94.69970995218888,4687529
2016-01-06,93.53702545166016,94.32899653587963,93.18316267575422,93.85718178683071,6123539
2016-01-07,92.65238952636719,93.93302877569477,92.18900131669284,93.18317691485751,11168290
2016-01-08,93.65499114990234,94.00042736624796,92.60183613450593,93.03152475208326,4648302
2016-01-11,90.56293487548828,93.34326441065666,90.04900065871587,93.01468138234158,9954184
2016-01-12,92.49229431152344,92.8461502198987,89.50975435299668,90.40283101857058,6982168
2016-01-13,92.087890625,92.99782062781624,91.06843524851476,92.17214302212312,3587567
2016-01-14,91.87726593017578,92.66081739101807,90.31859647655476,91.83513972872656,5838665
2016-01-15,91.5149917602539,92.48389448273097,90.4871096077302,92.10475863480517,3334175
2016-01-18,92.19743347167969,92.81247329890921,89.43395041393983,90.48710549924958,9031923
2016-01-19,91.32962799072266,93.0146760981265,90.65560874776112,92.34065685516497,5106281
2016-01-20,91.42230224609375,92.99782488704481,89.84677960514269,90.83253543922106,6238110
2016-01-21,92.8124771118164,93.52019598692327,91.25380752152495,91.25380752152495,9300264
2016-01-22,92.69450378417969,93.63813330489103,92.188989438758,93.63813330489103,4445262
2016-01-25,93.02610778808594,93.49374646010273,92.47344390297518,93.1706534180935,4242825
2016-01-27,93.96137237548828,94.36949749455208,92.43091874757845,93.52774246370677,11160519
2016-01-28,93.06011199951172,94.15693581163067,92.57547245988061,94.07191060263898,6459529
2016-01-29,95.70440673828125,96.19755715026079,93.289691950749,93.289691950749,7734574
2016-02-01,96.61418151855469,97.59197153967716,94.76913149355819,96.18055151661767,8037187
2016-02-02,96.46112823486328,97.19234647576684,95.94247995316368,96.94577473343314,6855160
2016-02-03,94.85416412353516,96.33360166981427,94.21647492950358,96.33360166981427,3213476
2016-02-04,95.21975708007812,95.50884140445862,94.15693505683278,95.2792705742737,5609982
2016-02-05,94.87115478515625,96.21455034330181,94.44602873265838,95.22825651763286,5742094
2016-02-08,92.67749786376953,95.26226973322095,92.38841353924037,94.89665718567802,4384750
2016-02-09,91.18955993652344,91.8102481310378,90.80694648542519,91.8102481310378,4267924
2016-02-10,90.33079528808594,91.25757553881155,89.78663537127382,91.18955122460457,5157374
2016-02-11,87.95008087158203,90.51784452217923,87.25287842587275,90.33078632588003,5269476
2016-02-12,87.96710205078125,90.03321183066925,86.4281444071459,89.24248016660572,9598621
2016-02-15,89.4040298461914,89.71862589365946,88.11165079463768,88.91939029662227,5214324
2016-02-16,89.54857635498047,90.21177023750536,88.6218029327041,89.61659375649144,3685887
2016-02-17,89.60810852050781,90.1182598962338,87.9586204562013,88.93641059300944,5763710
2016-02-18,92.04832458496094,92.47345068159395,89.80366017861273,89.80366017861273,4740372
2016-02-19,93.07713317871094,93.44273886214333,91.51267049241737,92.06533443024833,5768537
2016-02-22,92.2948989868164,93.2046716274776,91.2320837147217,93.0516220766738,4520996
2016-02-23,91.81875610351562,92.4564452649839,91.07904082783458,92.19287261373988,5036873
2016-02-24,90.79844665527344,92.20986661098485,90.21177405446795,91.84426095349774,5189321
2016-02-25,90.78144836425781,91.61469272905299,88.78335575050637,90.87497748749888,5119049
2016-02-26,90.21177673339844,92.1503558484856,89.56558369503605,91.8612645728238,5250574
2016-02-29,88.46875,90.4413376004357,86.36862458710601,89.95669114534658,11091282
2016-03-01,91.05352783203125,91.6572082802907,89.01292254396787,89.27650211088341,9201448
2016-03-02,91.75072479248047,92.14184213612846,90.15225363767289,91.82724609638852,9548461
2016-03-03,92.28639221191406,93.26418223184524,91.01951783083376,91.8527691298754,6511139
2016-03-04,91.30860900878906,92.78805346750109,90.99401982616442,92.66051562929285,8533469
2016-03-08,92.07383728027344,92.42244209328669,90.84097149429365,91.43614808062873,8277325
2016-03-09,91.51265716552734,92.16734712184008,90.67940596744403,92.16734712184008,10597186
2016-03-10,91.1215591430664,91.81026486444112,90.58589606227689,91.66571921104457,6464851
2016-03-11,91.6572036743164,91.7932454038916,91.09603586442486,91.11304367538543,5963203
2016-03-14,91.97178649902344,92.3373921077062,91.23206445803326,92.3373921077062,5552606
2016-03-15,90.67091369628906,92.3374093869075,89.8546771223593,92.08233372771191,10384866
2016-03-16,91.56368255615234,91.91228735635649,90.13526156918216,90.99401771035716,10071645
2016-03-17,91.69120788574219,92.49894739877939,91.07903051169356,92.0993330544774,9839474
2016-03-18,93.74032592773438,94.17395593416177,91.91228369540157,91.92078760128645,13512583
2016-03-21,94.62458801269531,95.63638668673958,92.13334506300596,94.27598324752182,5891875
2016-03-22,94.01241302490234,94.6501022003051,93.71482474304773,94.63309438787954,7905422
2016-03-23,94.50554656982422,95.09222608471791,92.81354618702866,93.54476441478991,7693379
2016-03-28,94.57357025146484,95.84044455363951,93.40872205426294,94.98168851009507,7775976
2016-03-29,94.06342315673828,95.05821405120687,93.18765926368619,94.71811318074857,8018333
2016-03-30,95.55985260009766,95.84893690840477,93.74030770793476,93.98687941445057,7883464
2016-03-31,95.95097351074219,96.92876345904106,94.7521235444105,95.54285525659134,20671520
2016-04-01,95.59387969970703,97.35389760105345,94.75213140607438,96.4186201816016,7355416
2016-04-04,96.29107666015625,97.11582401267222,95.7639244792459,96.40161359117998,3719124
2016-04-05,95.05821228027344,96.35059833168583,94.76062402416648,96.29107791271653,4395422
2016-04-06,94.92218017578125,95.56836630053654,93.9953997591354,95.22826542672007,5808793
2016-04-07,93.83384704589844,95.228259152804,93.58727531250037,94.88815830139437,3246500
2016-04-08,93.45123291015625,93.76582896317585,92.93257773164505,93.18765336835192,5016142
2016-04-11,96.20606231689453,96.69070886447928,92.20137285752888,93.3577172950481,5949523
2016-04-12,96.85224914550781,97.22635872539071,95.41532432767912,96.12953478370467,4493886
2016-04-13,99.4625244140625,100.65287745993413,98.72280225352287,99.13943135507388,10674994
2016-04-18,100.0916976928711,101.09499929197028,98.66327697607416,100.15972201042324,13105324
2016-04-20,102.24284362792969,103.22063355178015,100.26175206537623,101.69017975792724,25034223
2016-04-21,95.03271484375,97.8895637075213,94.69261395328604,96.92877454033842,30976914
2016-04-22,94.87966918945312,95.6789048727186,94.39502266822689,95.22826705558171,11492685
2016-04-25,93.9443588256836,95.52582886174025,93.7147949471489,94.90514769610387,9151325
2016-04-26,94.28447723388672,94.88815762470762,93.56176292979524,93.93587939917347,9657501
2016-04-27,95.2282485961914,95.44081160475855,93.91035794307504,93.91035794307504,4790110
2016-04-28,94.05491638183594,95.90846330154089,93.6978077110008,95.14323636635395,14505825
2016-04-29,94.26747131347656,94.68409344737972,93.24716882096149,94.37800131575139,6830286
2016-05-02,93.2726821899414,94.02940522424733,92.72852219445006,93.69780826757055,5296409
2016-05-03,92.48194885253906,93.48524361063,91.66570541374544,93.35770578954879,9210403
2016-05-04,91.82725524902344,92.40543087706963,91.31710394629613,92.25238133462952,6997112
2016-05-05,92.35440826416016,92.72851781091464,91.31709791603372,91.65719876205951,5824718
2016-05-06,90.65389251708984,92.96657382463363,90.39881691497607,92.96657382463363,6870419
2016-05-09,91.6572036743164,91.84426191740353,90.38182543336734,90.62839717607686,5356158
2016-05-10,91.5976791381836,92.18435167445864,90.88346187381158,91.61468002772595,5211513
2016-05-11,91.45315551757812,91.73373599651958,90.65391977451792,90.87498674669303,3859455
2016-05-12,92.21836853027344,92.37991505174504,91.09603294644094,91.4871503116777,5328180
2016-05-13,91.76773071289062,92.28637893946274,91.31709296471888,92.28637893946274,4528516
2016-05-16,91.96330261230469,92.4224374290036,91.18106779913595,91.9462948000909,6225662
2016-05-17,91.85276794433594,92.23538142545759,91.49565926087442,92.16735709941399,6809208
2016-05-18,91.75072479248047,91.97179171883535,90.97699400992296,91.64019478898761,7621128
2016-05-19,92.32890319824219,92.49895363350143,91.35961710113848,91.8272557981014,6685262
2016-05-20,92.40542602539062,93.17914992507399,92.25237649098625,92.40542602539062,4706510
2016-05-23,91.8017578125,92.583985721114,91.53817823441587,92.50746440344324,4875689
2016-05-24,91.4276351928711,91.89527385794807,91.07052653542816,91.80174474105878,5286206
2016-05-25,92.86456298828125,93.00910170159821,91.65720217222132,91.82725260156104,6641075
2016-05-26,92.66899108886719,93.32368794066164,92.33739417043152,92.86455321364542,6586563
2016-05-27,92.74553680419922,93.69781513627528,92.33741158813497,92.36292330628476,6460681
2016-05-30,93.55327606201172,93.95289045116547,92.5839830020804,93.05162172000962,5706643
2016-05-31,92.75401306152344,93.86784460151004,92.39691136156651,93.69779419599662,11040471
2016-06-01,94.29298400878906,94.51405095123087,92.77953795249536,92.77953795249536,5452990
2016-06-02,91.8952865600586,95.0497237389244,90.88348086390454,94.54806938427845,13762753
2016-06-03,91.96330261230469,92.4224374290036,91.65721042804864,92.08233653969027,7088563
2016-06-06,90.99401092529297,92.15035526247691,90.70492657083946,91.99730571997571,10304205
2016-06-07,91.8017578125,92.02282477861478,91.3511199740025,91.82726261193343,10313858
2016-06-08,92.60948944091797,92.68601075197932,91.82725468049783,91.99730511368745,8129181
2016-06-09,92.64350128173828,93.03461867519643,92.20136737272122,93.03461867519643,9430088
2016-06-10,92.7370376586914,93.0431298566099,92.33741632816302,92.59249200653332,6359182
2016-06-13,92.03130340576172,92.62647985459829,91.63168908459289,91.92927730901117,3480377
2016-06-14,92.35440826416016,92.50745087712399,91.8272491850724,92.03130830881399,5602446
2016-06-15,93.02610778808594,93.14514170254357,92.21836826369329,92.81354475535103,2263231
2016-06-16,93.51075744628906,93.69780876982671,92.09083357164852,92.79654009654784,3681988
2016-06-17,93.87635040283203,94.20794731641078,93.35769527166075,93.74881259611954,8613805
2016-06-20,94.72661590576172,95.03270806923321,92.69451461397435,93.52775896846411,7409230
2016-06-21,95.3983154296875,95.71291150428472,94.10593626668562,94.8371545259389,5277033
2016-06-22,95.7639389038086,95.90847763932982,95.14325058974563,95.57688063505083,7391587
2016-06-23,95.85746765136719,96.05302290661237,95.11774540533924,95.73842679752676,3580004
2016-06-24,94.40351867675781,94.84564563167356,93.06862006811805,94.08041871651257,7210062
2016-06-27,93.18765258789062,94.36950856356314,93.0516108655791,94.36950856356314,5685011
2016-06-28,92.23538970947266,92.97510502112254,92.03982753882431,92.66901282485992,5295833
2016-06-29,94.30148315429688,94.71810530207962,92.16734898581467,92.57547414803868,4993854
2016-06-30,94.87966918945312,95.59387965281014,94.38651876236202,94.8371565794989,7785230
2016-07-01,95.04120635986328,96.07850978892836,94.72661030944823,95.18574506784552,2872943
2016-07-04,95.51736450195312,96.07852545406135,95.22827320011488,95.56837410169346,5305017
2016-07-05,96.07001495361328,96.7587136469397,94.55656200285165,95.50884716106953,4831470
2016-07-07,95.16024017333984,96.58016397219285,94.81163542254791,96.4186105349548,7614019
2016-07-08,95.50885009765625,95.81494225930687,94.38651447806055,95.16024532798109,4648377
2016-07-11,96.9057388305664,97.27199656208342,95.84954713502572,96.24987422477744,5509102
2016-07-12,97.23793029785156,97.42532217167121,96.24987728734156,96.50540787979875,3498900
2016-07-13,97.77454376220703,98.43040142402494,97.06757166642645,97.76602468987991,5638382
2016-07-14,97.2038803100586,97.77456818629504,96.33507334987733,97.02500747334923,2713977
2016-07-15,94.46117401123047,97.93639462762152,94.23971275260512,97.08462588807153,18280203
2016-07-18,94.02676391601562,94.36747138773309,92.80873747731025,94.2908135929389,8784787
2016-07-19,93.56681060791016,94.33340242248912,92.67245349090138,92.84280722747448,14877681
2016-07-20,91.79513549804688,92.20398169749289,88.24325727997817,88.24325727997817,50777299
2016-07-21,92.33175659179688,92.80874849517001,91.80366410696868,91.80366410696868,7703480
2016-07-22,91.60773468017578,92.16138427594778,91.13926194529178,91.99103055417177,7330024
2016-07-25,92.47655487060547,92.62135139612735,91.13927518767511,91.59922891695868,3908543
2016-07-26,93.03018951416016,93.82233153482971,92.15286370227962,92.33173649357259,8752205
2016-07-27,93.54977416992188,94.16304342831634,92.42543679863235,93.03019391604246,7535086
2016-07-28,94.34192657470703,94.84446873831058,92.67245848006992,93.23462722736866,6127465
2016-07-29,92.85133361816406,94.20564454430982,92.44248739085238,94.08639830565323,7435123
2016-08-01,95.00630187988281,95.69622894332605,92.84280395626378,92.85132302913453,12123703
2016-08-02,93.62642669677734,95.22774886843855,93.35385797611946,95.057395150955,6216329
2016-08-03,93.34534454345703,94.57189692881045,93.14944052919941,93.353863616188,7703918
2016-08-04,93.387939453125,94.03528504991687,92.90243545431466,93.31980072997275,6132105
2016-08-05,93.21759796142578,94.12047428623488,92.94503610129343,93.00465575895723,3108623
2016-08-08,93.52421569824219,94.18008031132172,93.05574295510274,93.05574295510274,5468510
2016-08-09,93.92454528808594,94.12044928964372,93.0642576322465,93.3027500629873,4676916
2016-08-10,92.44247436523438,93.8649238182644,91.99955190496357,93.6945700922696,3369775
2016-08-11,92.50211334228516,93.27722434389378,91.99105205749427,92.14437460195892,2665604
2016-08-12,92.62986755371094,93.60940156541082,92.07621789492404,92.07621789492404,4163470
2016-08-16,91.3947982788086,93.013158737513,91.10519831990898,92.6298628393988,4939065
2016-08-17,89.91272735595703,91.67589136122191,89.7083042515654,91.42887288954918,5300457
2016-08-18,89.4527587890625,90.29600828701899,89.12908257343683,90.27897014293487,4851732
2016-08-19,88.60100555419922,90.25343547965825,88.42213273719798,89.75941239623732,5503785
2016-08-22,87.8173828125,88.58397472147796,87.64702905494934,88.24326720637664,5422857
2016-08-23,88.51583099365234,88.66914659410708,87.73220098047722,87.7747894174604,6156019
2016-08-24,88.52434539794922,88.92467252544775,88.08142290400257,88.60100319413307,5587134
2016-08-25,85.85829162597656,88.79689315738943,85.56017263003612,88.75430472939794,25798062
2016-08-26,83.47335052490234,86.20752934422987,83.13264305661758,85.85830280289574,17698571
2016-08-29,81.56541442871094,83.7374251871741,81.27580744887857,83.64372921909381,27176665
2016-08-30,83.37966918945312,83.55002295343445,81.4546702701217,81.58243559310769,24165572
2016-08-31,83.75443267822266,84.49547420561603,82.8345252726479,83.77998989775664,14992145
2016-09-01,82.44271850585938,83.4222525895625,82.02535319566739,83.4222525895625,10604872
2016-09-02,82.3830795288086,82.71527484390599,81.65056404349369,82.45122517906155,8611208
2016-09-06,82.26383209228516,82.68971640616917,81.76980906086402,82.62157768863206,8491053
2016-09-07,82.06794738769531,83.43077751274038,81.77834737246573,83.09858905610314,11453063
2016-09-08,80.73917388916016,81.71018881369055,80.1003473688492,81.25875417868869,11891858
2016-09-09,81.88053894042969,82.28087298151577,80.79879690611568,81.3609586738215,10113106
2016-09-12,81.83795928955078,82.34902053809637,80.43254085605041,80.88398245129277,10068429
2016-09-14,81.43760681152344,82.61304454495266,81.06282313377183,82.53638676785243,9826386
2016-09-15,81.50576782226562,81.73574814821221,80.79028348734847,81.73574814821221,9677981
2016-09-16,81.66759490966797,82.16162487798307,81.4291024640751,81.99127115064219,12324284
2016-09-19,81.76129150390625,82.10199896132939,81.12246502123789,81.76981057668402,11299922
2016-09-20,81.94869232177734,82.19570386902492,81.44614322186294,82.19570386902492,5829321
2016-09-21,82.42567443847656,82.53640852944835,81.81240512827016,82.27235884385283,8668616
2016-09-22,82.06794738769531,82.65566649277851,81.70168263256197,82.62159712599487,7633032
2016-09-23,81.80388641357422,82.40012451127672,81.60798238272801,82.32346671362869,12300882
2016-09-26,81.65057373046875,81.94017371619668,81.10543619061411,81.83795869454599,11939239
2016-09-27,82.48529815673828,82.62158253151166,81.59946011827813,81.82943350222892,9878285
2016-09-28,82.40013885498047,82.5704926268353,81.82945094658167,82.5193851089363,4245028
2016-09-29,80.4410629272461,82.44271955863495,80.06628605069017,82.40013111966923,26351076
2016-09-30,81.5909423828125,81.76981519440318,80.5773390260805,80.5773390260805,11216973
2016-10-03,81.5909423828125,81.78684640920955,80.79880027225413,81.76981519440318,5336686
2016-10-04,82.07645416259766,82.61306567123424,81.5994623039699,81.5994623039699,7095976
2016-10-05,81.69316101074219,82.30643033682696,81.19913098870848,82.07645693893704,7538366
2016-10-06,81.4291000366211,81.87201555547725,81.26726538681383,81.76980748114615,7396014
2016-10-07,81.25022888183594,81.71870162751343,81.02024857945538,81.42910168016405,5566297
2016-10-10,81.25874328613281,81.72721600489645,81.1054207827839,81.29281264297353,3538004
2016-10-13,81.4717025756836,81.59946788950568,80.81583785871214,81.25876038598012,7329358
2016-10-14,80.91803741455078,81.97422908724108,80.79879119745375,81.39502921464947,6884195
2016-10-17,80.43253326416016,81.02877133118544,80.33883732442824,80.92656325015066,8298392
2016-10-18,82.23828887939453,82.46826226964525,80.5773399123898,80.5943711273835,5801342
2016-10-19,84.32510375976562,84.6487730227035,82.40862460147845,82.62156673017702,12378636
2016-10-20,84.39325714111328,85.37279110343125,83.848126583209,84.81914147255587,6252382
2016-10-21,85.04061126708984,85.34724940292126,84.03552691644936,85.15134536343243,10617160
2016-10-24,82.44271850585938,83.47336010201114,81.36096939725896,83.47336010201114,18579446
2016-10-25,82.00830841064453,82.55343899198448,81.63353156920529,82.45123090707091,18599248
2016-10-26,80.330322265625,81.89757516997136,80.15996853837625,81.89757516997136,7329390
2016-10-27,78.65232849121094,80.68805396979187,78.36272856622504,80.28772690433529,10042829
2016-10-28,78.7204818725586,79.4530043593483,77.35765191823786,78.65234314752719,12320247
2016-11-01,78.4905014038086,79.46151627241909,78.3627361071043,79.22302382458878,3786724
2016-11-02,78.00499725341797,78.50753941093099,77.06805166317922,77.97092789102433,7523630
2016-11-03,76.25035095214844,78.3542224218909,75.98630126779483,78.02203401396089,8053976
2016-11-04,77.08507537841797,77.29801751815081,75.67113818424988,76.2758952474332,6547449
2016-11-07,76.65921020507812,77.58763677936724,76.39516049965704,77.5109789762997,7134574
2016-11-08,76.95730590820312,77.66427100097408,76.0544298985091,77.17024803635219,6916238
2016-11-09,76.13111877441406,76.73587605171535,69.52139103055063,72.40036700637334,11558738
2016-11-10,75.79890441894531,76.89768448740828,74.97268613373333,76.85509605892747,8316376
2016-11-11,75.35598754882812,75.66262564285178,73.94205023262138,75.27932975824994,10485629
2016-11-15,76.30997467041016,76.89769366726378,74.87899914360223,75.21119447077753,37705734
2016-11-16,75.85853576660156,77.42579572193004,75.31340518426234,76.48885015075871,8829107
2016-11-17,74.68309020996094,75.79890848231634,73.89946031122153,75.48375132197945,11076418
2016-11-18,74.47014617919922,75.29636448787852,73.6950353724906,74.94713797807457,5763107
2016-11-21,75.26229858398438,75.59449392677715,74.47867552857623,74.52978303759907,8909576
2016-11-22,76.72734832763672,77.17027085785588,74.80234953354878,75.29637957597967,5891539
2016-11-23,76.4718017578125,76.9743438377643,75.31339509323364,76.72733233389414,6756803
2016-11-24,76.78697967529297,77.49394502097218,76.08000739790137,76.39516463298963,7374200
2016-11-25,79.17190551757812,79.55520135539525,76.82954206425126,77.17024947564427,6822590
2016-11-28,78.46493530273438,79.72555691320005,77.6131667544644,79.72555691320005,6135518
2016-11-29,79.24005889892578,79.47003921688224,78.4479167934514,78.6012323842815,3333673
2016-11-30,79.2571029663086,80.2281179547662,78.70345327892265,79.21451452881738,11587709
2016-12-01,79.77668762207031,80.22812231130635,79.08675351090534,80.01518011228706,3302127
2016-12-02,78.43089294433594,80.23664566092185,78.10722355726516,80.15146877677557,4041268
2016-12-05,77.79204559326172,78.36273333772357,77.17877634978092,78.36273333772357,3176116
2016-12-06,77.98795318603516,78.8482339044786,77.66427696735694,77.68131511160173,3357785
2016-12-07,77.22988891601562,78.32015707105332,76.99991551338422,78.0901767367101,3144911
2016-12-08,78.1242446899414,78.26904814698229,77.35765283158499,77.51097536228329,5596430
2016-12-09,78.0390625,78.56716185023976,77.76650068351432,78.0390625,5430270
2016-12-12,77.26396942138672,77.66429659520867,76.9147428297928,77.51098098510022,3831332
2016-12-13,79.00157165527344,79.05267916616143,77.51949542979217,77.76650697875375,6269049
2016-12-14,79.43597412109375,79.78519375581493,78.91639380827526,79.06970940733765,5507907
2016-12-15,79.40189361572266,80.38994667870463,78.46494806028845,78.46494806028845,5511310
2016-12-16,78.95897674560547,80.09182630748548,78.35421960171377,79.43596858860644,8818851
2016-12-19,78.96749877929688,79.47004092863266,78.78010689161368,78.83121440022833,4144553
2016-12-20,79.4955825805664,80.04923217836752,78.64381396856471,79.5381710111665,4334313
2016-12-21,78.78012084960938,80.15147009323064,78.56717863574622,79.81076255104959,5486622
2016-12-22,78.65232849121094,79.41892019766729,78.243482353785,78.80564405981808,4312617
2016-12-23,78.14978790283203,79.21449862637019,77.5791001823314,79.15487205316788,3585124
2016-12-26,77.6983642578125,78.44792493851368,77.2213792893896,78.09017928048448,3316809
2016-12-27,79.24858093261719,79.3848653138414,77.3576516059462,77.51097413421527,2952121
2016-12-28,79.95553588867188,80.99469636337096,79.2230204309808,79.38485508019835,6353966
2016-12-29,80.46659851074219,81.25874748974762,79.05266814087958,79.89591769193437,10907890
2016-12-30,80.82435607910156,81.17358265286964,80.24515610190949,80.68807169278818,2779631
2017-01-02,80.330322265625,81.49724113825242,80.15144946567163,80.92656031099564,2460948
2017-01-03,79.55522155761719,80.76472901617817,79.33376029763195,80.57734405135358,3686937
2017-01-04,81.0202407836914,81.36094820231035,79.40188054525137,79.555203042656,6050638
2017-01-05,81.83795928955078,82.77490491188435,81.27579052980826,81.27579052980826,5216996
2017-01-06,80.05776977539062,81.7868576851633,79.89593508800553,81.51429582528112,8381720
2017-01-09,80.40699768066406,80.82436301756212,78.66939066820915,79.89593638690012,3922249
2017-01-10,81.1735610961914,81.57388814326718,80.27920414638957,80.5091774887412,3528383
2017-01-11,81.12246704101562,82.02534321200882,80.91804394781424,81.41206700069353,4507028
2017-01-12,82.31494140625,82.49381420835654,80.79027691536277,81.08839594163668,3741476
2017-01-13,82.56196594238281,82.86860408980203,81.82944340457912,82.6386237463096,4322788
2017-01-16,82.57899475097656,83.08153688845016,81.7357451397295,82.26383756505159,3227332
2017-01-17,82.17867279052734,83.08154911524211,81.8550034154939,82.68121500195814,2948943
2017-01-18,82.27235412597656,82.96228812564232,81.76981200384856,82.17865818720769,2863620
2017-01-19,81.59945678710938,82.52788322155271,80.96063030491749,82.34901042019679,4785278
2017-01-20,81.41207885742188,81.73575515619899,80.91805573259383,81.18210544346901,4077220
2017-01-23,81.72721862792969,82.50232944655787,80.3643888568773,80.50067322032467,6108473
2017-01-24,82.02535247802734,82.28088310632296,81.08840684094343,82.22125652036921,3921167
2017-01-25,80.69657897949219,82.451223734165,80.27069466679058,82.11051628400371,10906509
2017-01-27,79.30821228027344,80.69659260135984,79.09527008797724,79.98110822158701,10272157
2017-01-30,79.34226989746094,79.72556578684416,77.93685163638911,79.04415087238509,9853933
2017-01-31,78.02204895019531,79.35080976799954,75.86706955937404,79.35080976799954,14628407
2017-02-01,77.68132781982422,78.5330965372002,76.65920535897304,78.5330965372002,8750755
2017-02-02,77.96363830566406,78.35717931507558,76.32959198191543,78.02352755401361,8171731
2017-02-03,78.32296752929688,78.63950611828083,77.69843302918407,78.02353518276608,4682452
2017-02-06,78.89615631103516,79.1870389949573,77.76687286884138,78.47695245077578,6599518
2017-02-07,78.4598617553711,79.05016991737087,77.94654909932807,79.05016991737087,4459769
2017-02-08,78.79350280761719,79.58913453071398,78.21174436635776,78.42562461044265,7007704
2017-02-09,79.73456573486328,79.88000010498506,78.2545104567937,78.41706499141014,5274137
2017-02-10,80.29066467285156,80.79542065742714,79.46080653928419,79.96556252385976,4093449
2017-02-13,81.1803970336914,81.44560990297937,79.94844834018086,80.07677647413503,4523470
2017-02-14,81.5654067993164,81.73651103112891,80.79543775616015,81.64240231118224,4619060
2017-02-15,81.22318267822266,82.01026477773321,80.17944428046923,81.53972823095461,5640489
2017-02-16,82.26690673828125,82.45511714684228,80.93229282756882,80.93229282756882,5667011
2017-02-17,81.33440399169922,82.75457034563644,81.11197408560216,82.47225118036049,4210692
2017-02-20,81.38572692871094,81.68515926435063,80.94086020739469,81.27451198894371,3054543
2017-02-21,81.4113998413086,82.25836423055826,81.12907373672694,81.27451509020061,6829411
2017-02-22,81.18895721435547,81.71082637455879,80.45320782146612,81.29161554869646,5558777
2017-02-23,83.17375946044922,83.71274181032534,80.68419918571303,81.18895512944059,8693864
2017-02-27,83.79828643798828,84.28593609745765,82.07013157127734,82.13002081445651,7528200
2017-02-28,83.63575744628906,84.21750895674204,83.33632508838723,83.84108109925788,5401139
2017-03-01,83.59296417236328,84.72224751214763,83.12242770689151,83.49885548681964,5426302
2017-03-02,83.87530517578125,84.77360229905298,83.51598354157325,84.52550258126568,5423075
2017-03-03,84.49983215332031,84.80781414101337,83.3619850552404,83.97796295512182,3947295
2017-03-06,84.16617584228516,84.29450399496929,83.60153057802535,84.06351749748656,3143300
2017-03-07,84.72225952148438,85.48367875243028,84.16617089255611,84.43994038708131,8801080
2017-03-08,84.71369934082031,84.90190975292116,83.72129374945915,84.63669689352126,3064671
2017-03-09,82.9000015258789,84.35438715112691,82.70322752864399,84.35438715112691,3759439
2017-03-10,83.33633422851562,83.66142946785126,82.74601908839504,83.0026754233175,2914404
2017-03-14,85.78311920166016,86.3392078831652,83.73841832602004,83.8410836367356,6553246
2017-03-15,84.6623764038086,86.56162875593319,84.25172216603356,86.52740931001377,9607608
2017-03-16,85.64622497558594,86.04831564657741,84.69659532429122,85.09013635554142,8848888
2017-03-17,86.27931213378906,86.74984867504712,85.37245849818764,86.23653608458378,8875816
2017-03-20,85.12434387207031,86.27929699800194,84.73080289597026,86.23652095630077,3751881
2017-03-21,85.32111358642578,85.894315348309,84.37149100032323,84.37149100032323,5951390
2017-03-22,85.64622497558594,86.13386774196887,84.18328275194244,84.43993903811683,10620082
2017-03-23,87.2631607055664,87.60536909701278,85.70610973958642,86.06543133550413,14922870
2017-03-24,87.81925964355469,87.94758780540099,87.16906223108383,87.16906223108383,8062056
2017-03-27,86.23653411865234,87.68236315638072,86.03121047959728,86.9808401427553,5232713
2017-03-28,86.84394836425781,87.43425638958695,86.01409031088782,86.40763131518953,3323252
2017-03-29,87.64814758300781,87.9304736911497,85.92854897572671,86.99795022873141,5380707
2017-03-30,88.2812271118164,88.75176363851122,86.64718069029948,87.39148670833387,14290321
2017-03-31,88.23843383789062,88.57209251602566,87.22892208986825,87.63956928446304,8061645
2017-04-03,86.76695251464844,88.37532900627167,86.51884588623854,88.36677240490462,4160286
2017-04-05,87.37438201904297,87.60537548501185,85.91144660873363,86.5787502358134,6502814
2017-04-06,88.06734466552734,88.21278600957825,86.65573512081647,86.76695701986928,7980291
2017-04-07,87.5882568359375,87.86202633694234,87.07494424323916,87.84492009453429,12196978
2017-04-10,86.3049545288086,88.59775440029055,85.97985941677747,88.11010476999792,13798807
2017-04-11,87.288818359375,87.50269859131053,85.58633310561753,86.20231095849074,6303993
2017-04-12,85.6804428100586,87.23749370180158,85.43234313053837,87.21182389631846,7258323
2017-04-13,84.76502990722656,86.22797205651092,84.23461112010828,85.68044006628524,9674765
2017-04-17,84.23461151123047,84.82491954971859,83.85817673909588,84.82491954971859,7798259
2017-04-18,84.52549743652344,85.16713819980617,83.9437389671317,84.01218482589724,6285310
2017-04-19,85.25267791748047,85.47511474222279,83.89240108936912,85.1243497834653,6543459
2017-04-20,85.50933074951172,86.4247408536016,84.87624670625867,85.20989844884168,5025646
2017-04-21,84.05496978759766,86.13388329612386,82.64335995872838,85.55213172730748,8445800
2017-04-24,84.1063003540039,84.6966085116673,82.91712047310777,83.39621367434489,6887352
2017-04-25,84.57682800292969,85.55212054660255,83.69563719908452,84.43994325102437,11770706
2017-04-26,83.98651123046875,87.69091397811279,83.60151985952795,86.06542425251664,60514032
2017-04-27,84.87626647949219,85.23558114665617,83.56731508284626,84.50838824704672,19864101
2017-04-28,84.56827545166016,85.15858357514168,83.84963917254143,85.03881202232989,12086663
2017-05-02,84.67948150634766,85.20135067690126,84.45705162974045,84.89336174327558,5568494
2017-05-03,84.94468688964844,85.50077545654322,84.56825909835362,85.22701295480456,4065380
2017-05-04,85.54354858398438,85.77454199648788,84.50836697152778,85.0644555194656,4048926
2017-05-05,85.43235778808594,85.72323356440276,84.92760174061728,85.50079668995517,2722905
2017-05-08,85.9456558227539,86.28786419840019,84.88481125069988,85.55211479831124,5002041
2017-05-09,87.0749282836914,87.2203696098644,85.64621267322539,86.23652065418423,7581832
2017-05-10,85.49222564697266,87.28881962120234,85.32112145895077,86.81828310414218,4459065
2017-05-11,86.34774780273438,86.53596519710716,85.62055499340357,86.03976582975685,3393796
2017-05-12,86.75841522216797,86.88674338449363,86.27076542043108,86.51886514181102,6031102
2017-05-15,86.63008117675781,87.26316534212175,85.83444244702179,87.26316534212175,3549668
2017-05-16,88.17857360839844,88.32400800181964,86.49319444457812,86.49319444457812,7146846
2017-05-17,87.35726165771484,88.54643432007056,86.92094460486935,88.46088222979682,7362627
2017-05-18,89.89816284179688,90.31736669783507,86.54451806899729,86.74128509461306,17123643
2017-05-19,88.93142700195312,90.31737377825803,88.64055126040388,90.17193242635962,5097614
2017-05-22,89.17952728271484,89.54740548490054,86.67285357279353,89.26507938151417,5733070
2017-05-23,90.06926727294922,90.51413397277241,89.00841576528127,89.31640468808013,8735341
2017-05-24,89.8297119140625,91.0616605699879,88.94852820602647,90.2916917897537,6636990
2017-05-25,91.78886413574219,92.17384857127814,89.94094441496759,89.94094441496759,20100101
2017-05-26,92.22517395019531,93.23469279001912,90.95900580249749,91.3696530497922,7765843
2017-05-29,91.47232055664062,92.23373278397844,90.68523852432128,92.22517618231792,3166943
2017-05-30,91.73753356933594,92.39628050220907,90.58258032414258,90.6852386574782,6637379
2017-05-31,91.62631225585938,92.39628109089398,91.19855179195126,91.97707722871345,15642998
2017-06-01,92.59305572509766,93.25180266674572,91.47232190942066,91.6177562908118,4250820
2017-06-02,94.38963317871094,94.77461753157581,92.53315029221973,92.91813464508459,6428073
2017-06-05,95.05696105957031,95.45905871645914,93.51702325195012,94.37254425618356,9633970
2017-06-06,95.91246795654297,97.18719267290868,94.3725303754241,95.1339425647502,11049943
2017-06-07,94.00467681884766,96.07503355564614,91.58354810140095,95.85260365532957,13762215
2017-06-08,93.40580749511719,94.62064313322979,92.67861464783407,94.09022429256012,8001795
2017-06-09,91.87442016601562,93.08926277728446,90.95901686856456,93.08926277728446,9384610
2017-06-12,90.06071472167969,91.64342849048914,89.08542222416008,91.64342849048914,12396076
2017-06-13,88.63198852539062,91.26699714605007,87.86201969455294,88.97419689465183,8946043
2017-06-14,87.63959503173828,89.41908297634485,86.33920722532184,89.41908297634485,8080517
2017-06-15,89.26507568359375,89.62439726856462,87.28027125102093,88.97419995217545,8317803
2017-06-16,87.34871673583984,90.03505133718227,86.5103089239504,89.00842611662482,8030288
2017-06-19,87.10916900634766,88.25556571592631,86.69851476260102,87.60536838501308,3891671
2017-06-20,87.00650787353516,87.72514413171396,86.74985156973932,87.263164177331,2063458
2017-06-21,87.57115173339844,87.77647538070084,86.23653758256123,87.00650648163104,4895705
2017-06-22,87.28028106689453,88.58066888367212,86.64718992100816,87.6053762805269,3843239
2017-06-23,87.89623260498047,88.93997083853631,86.57873187371494,86.92094021753698,6051953
2017-06-27,87.79359436035156,88.30690699349545,86.73274268205569,87.43427273225159,9540496
2017-06-28,88.42666625976562,88.76887463430346,87.00650011298421,88.28978151750105,4448070
2017-06-29,88.73466491699219,89.28219698382743,87.62248757781985,88.97420802053011,12944967
2017-06-30,88.40956115722656,89.26508217196367,87.67381865435092,87.87914230543826,7242552
2017-07-03,88.83731079101562,89.1110802671216,86.23652861699699,88.97419552906861,5572713
2017-07-04,88.97421264648438,89.29931483218627,87.26317049725861,88.28979578679407,5868339
2017-07-05,88.22134399414062,89.11108438927262,87.7593640738074,88.97419964488755,5030668
2017-07-06,88.20423126220703,88.99131332494717,87.55403394458439,88.22134446618948,4398852
2017-07-07,88.18712615966797,88.3753365946694,87.26315933987458,87.29737878603416,3889807
2017-07-10,91.79741668701172,92.03696672478942,89.0597497106756,89.0597497106756,1769468
2017-07-11,90.06926727294922,93.59400927626686,89.69283249939114,91.09589237411404,10827743
2017-07-12,90.27459716796875,90.95901394959367,89.4190761909376,90.24037772133701,3170908
2017-07-13,90.36014556884766,90.9761164697609,89.47040518158592,90.3088129198764,4331508
2017-07-14,88.9228744506836,90.66814290398233,88.6319986958831,90.39437339225958,6545345
2017-07-17,91.31834411621094,93.76513591917853,90.53126886080618,91.16435309904986,20717986
2017-07-18,92.05408477783203,93.30314688850645,91.19856373795204,91.47233325561285,7342675
2017-07-19,92.772705078125,93.09780719462708,91.47231749885721,92.39627727786977,7928152
2017-07-20,92.10542297363281,93.85068460753136,91.79743398829812,92.65295507964531,7137662
2017-07-21,97.88873291015625,99.54844219698239,95.90392147787608,97.1529834846258,43712663
2017-07-24,99.77088165283203,100.43819220323266,98.98380651837566,99.30890171009169,17479614
2017-07-25,99.08646392822266,100.24997385761701,98.89825348930071,100.21575441074461,8993269
2017-07-26,99.01800537109375,99.75375466285628,98.48757968203918,99.24044217496329,7921576
2017-07-27,99.13778686523438,100.3526293270198,98.2993722066546,99.24045215803905,15748342
2017-07-28,98.91534423828125,99.53132203449263,98.52180325527101,99.24044633826645,6488043
2017-07-31,98.71003723144531,99.41156723056893,98.35071562950439,99.24046303197758,6801080
2017-08-01,100.883056640625,101.27659768000235,98.89825216390258,98.89825216390258,10760455
2017-08-02,100.54084777832031,101.8754618801505,100.26708524605223,100.60929363307292,6469635
2017-08-03,98.93247985839844,101.08838870917721,98.76137564981688,100.84884560206226,9722197
2017-08-04,99.0351333618164,100.33552806832563,98.8982555714451,99.17201811443545,6796056
2017-08-07,98.47047424316406,99.20622359292466,98.24804438400689,99.10356526460137,3921329
2017-08-08,98.35072326660156,99.77088961763764,97.49520220721215,99.68533751169869,7279766
2017-08-09,98.042724609375,98.74425459368551,97.8374009678504,98.24805521314711,2906265
2017-08-10,98.60737609863281,99.05224981868824,97.78607451820247,97.87162662111713,7222248
2017-08-11,99.13778686523438,100.79749601726395,98.4533701458616,98.55603543866629,9466389
2017-08-14,98.72713470458984,99.54842915716158,98.29936731402611,99.2575534583552,4292153
2017-08-16,99.22335815429688,99.27469081063178,98.55605450868782,99.03514073515163,5363422
2017-08-17,98.67581176757812,99.58266535726791,98.55604022831659,99.54843894983841,7032915
2017-08-18,98.59027099609375,99.5826767938356,98.52182513562131,98.57315779041363,7948899
2017-08-21,98.453369140625,99.65109838729819,98.3164844056987,99.01801432079174,7613358
2017-08-22,99.32601928710938,100.26709241873668,98.86403236178488,99.41157138998459,7238720
2017-08-23,99.24046325683594,99.85643419581189,99.10357850520317,99.6168911021403,6223409
2017-08-24,99.0351333618164,99.58267237229255,98.82980971401173,99.39445496716041,7413579
2017-08-28,99.48001098632812,99.85643884917422,99.13780257242296,99.2404678814937,5715785
2017-08-29,99.49712371826172,99.92488423360682,99.27468685783268,99.51422996152675,4691806
2017-08-30,99.65110778808594,99.92487728376513,99.44578414745028,99.73665988520474,4899684
2017-08-31,102.35455322265625,102.83364634854792,100.64351131750551,100.95150025288211,27585715
2017-09-01,101.44770812988281,102.08079229544204,101.2252712711058,101.97813394987044,8535629
2017-09-04,101.73857879638672,101.97812884856648,101.1910467606506,101.61880725142062,8020043
2017-09-05,101.72146606445312,102.11500012105672,101.43058337948925,101.77279175027299,7789014
2017-09-06,101.70435333251953,101.94389640827983,101.32792551536173,101.63591444294435,8243296
2017-09-07,102.30322265625,102.62831783994962,101.80702327855113,101.9781274725504,8910077
2017-09-08,102.83365631103516,103.24430362315576,102.14923948266882,102.66255210394358,12046586
2017-09-11,103.05606842041016,103.82603721940649,102.74808647060907,103.14162050918753,14275591
2017-09-12,102.01233673095703,103.65493265195587,101.80701311111302,103.38117014624612,20911485
2017-09-13,101.25947570800781,102.55987025711579,101.05415208505573,102.01233827516128,17684075
2017-09-14,96.9990005493164,98.86403363104081,96.22903161355435,96.3316899609738,15503769
2017-09-15,97.78606414794922,98.29937671100018,96.38301120139272,98.21382461715835,15001278
2017-09-18,99.00090026855469,99.24045029318184,97.01608903477208,97.01608903477208,4860657
2017-09-19,98.98381042480469,99.7366661417786,98.38493874515773,99.00091666795305,4557233
2017-09-20,99.89065551757812,99.976207618673,97.9571766403842,98.84692406156924,5712945
2017-09-21,99.89065551757812,100.23286392195764,99.13779981284227,99.44578876923342,4954436
2017-09-22,100.76329040527344,100.93439460860368,99.39445677863148,99.46289567506443,8097163
2017-09-25,99.89065551757812,100.79750918163344,99.27468456704365,100.33552922817063,3578780
2017-09-26,99.32601928710938,100.02754235333732,98.91536501595961,99.58267559573501,4138670
2017-09-27,98.65870666503906,99.51422767608135,98.31649826062215,99.46289502296925,6102854
2017-09-28,97.83738708496094,99.32599893984073,97.49517874356263,99.12066836520454,10644440
2017-09-29,95.9039306640625,98.5218264714862,95.54461600014042,98.29938960586884,4236150
2017-10-03,96.82788848876953,97.75184835185298,95.9039216634386,96.29746270225098,3430145
2017-10-04,96.75944519042969,97.95717458057258,96.36591110346659,96.81077784245677,2334927
2017-10-05,97.05032348632812,97.52940965080988,96.48567826419195,97.05032348632812,1547076
2017-10-06,98.07695007324219,98.21382785810815,97.10165060146376,97.52941108478853,3982263
2017-10-09,98.14539337158203,98.3164975725931,97.3754244670323,97.8545176223128,1350306
2017-10-10,98.21382904052734,98.65870273344001,97.52941225896787,98.1453901472704,2435394
2017-10-11,99.46288299560547,99.87353720859686,97.94005856499403,98.19671483727103,5113769
2017-10-12,100.42106628417969,100.95149201639869,99.20622384574094,99.58265860395922,4607998
2017-10-13,99.89065551757812,101.20816344423757,99.5142276652102,100.79750918163344,4222649
2017-10-16,99.48001098632812,100.07887571066219,98.29938778100646,99.89065829811514,6938446
2017-10-17,99.18911743164062,100.14729664132133,97.92294235000456,99.92486678198706,9840952
2017-10-18,100.8659439086914,102.35454891101624,99.10356942817593,99.10356942817593,14532324
2017-10-19,99.94198608398438,100.8830591763793,99.61689089151064,100.8830591763793,739517
2017-10-23,101.6016845703125,101.7727887506613,100.02752750355285,100.16441224028128,7465974
2017-10-24,101.56746673583984,102.2861029122409,100.98571529833589,101.4476952001475,3978687
2017-10-25,102.2861099243164,103.29562885092258,101.29371116433569,101.73857789343971,4602841
2017-10-26,103.4496078491211,104.01425301892024,101.68723345464055,101.90967027453073,10070656
2017-10-27,101.6187973022461,102.64542237958057,100.95149378687744,102.45720499717048,3277807
2017-10-30,100.3526382446289,101.39636965707305,99.94198399916525,101.39636965707305,3809919
2017-10-31,100.62639617919922,101.44769767033304,100.1644162661387,100.35263365698609,2886132
2017-11-01,100.4552993774414,101.51614402378586,100.28419517763592,101.2937141338369,2277490
2017-11-02,100.3526382446289,101.19104601546499,100.2499729427011,100.4381903421529,2564335
2017-11-03,100.7975082397461,101.24238194618155,100.47241304352247,100.52374569614929,2107524
2017-11-06,102.61122131347656,103.00476238938617,100.42108603046708,100.5750770347478,3876529
2017-11-07,103.43250274658203,105.65685704545504,102.06366933189095,102.61120130531802,15161185
2017-11-08,103.48382568359375,104.9211049082251,103.02184581084482,103.94581251858925,5255548
2017-11-09,103.51805877685547,104.18536230702885,102.52565312096534,103.68916296020731,2553036
2017-11-10,103.56938934326172,104.03137622988265,102.06367802859931,103.535169897428,4214004
2017-11-13,102.18345642089844,104.1682609970436,101.99523901282315,102.76520792581647,2073570
2017-11-14,102.14922332763672,102.71386155194227,101.10548504454741,102.59409001836978,3545721
2017-11-15,101.46480560302734,102.57698276222003,100.64350415455877,102.1492223163767,3918684
2017-11-16,101.85832977294922,102.37164225821931,100.84881800348317,101.97810825597584,4846150
2017-11-17,101.00283813476562,102.26901347479661,100.78040823003894,102.04657660782175,4640212
2017-11-20,100.72906494140625,101.60169214892753,100.0617544109221,100.98572123107382,5142518
2017-11-21,100.60929107666016,101.97812458996181,100.31840838528574,101.68724189858739,5494382
2017-11-22,100.71195220947266,101.19104534488159,100.26708548264452,101.19104534488159,3391791
2017-11-23,100.4552993774414,101.01994462924904,100.30130838251556,101.01994462924904,1803850
2017-11-24,100.16442108154297,100.74617256117989,99.58266960190605,100.74617256117989,4289313
2017-11-27,100.883056640625,101.0712740392721,99.58266894116842,99.66822103832665,2796903
2017-11-28,100.9001693725586,101.25948400159241,100.36974358776193,100.95150202306269,4009460
2017-11-29,102.2005615234375,102.38877892941255,100.43819382316083,100.95150642609526,6735475
2017-11-30,99.89065551757812,102.81654015992224,99.018028263759,102.44011230755432,18265488
2017-12-01,99.0351333618164,100.55796492105058,98.57315341369394,99.92488077271626,3808745
2017-12-04,99.22335815429688,99.6168992365335,96.75945331045556,98.19673287659172,8790643
2017-12-05,96.9990005493164,98.76137528362138,96.74234423739573,98.76137528362138,4956230
2017-12-06,96.67388916015625,97.34119968487869,96.02369880174358,96.94765865167018,5759926
2017-12-07,96.22903442382812,97.44387015838194,95.81838013541345,97.03322283221551,6731998
2017-12-08,96.81078338623047,97.87162808579858,96.36591662176542,96.7423444877737,4843796
2017-12-11,99.0351333618164,99.24046397186882,97.25565246451218,97.25565246451218,4125876
2017-12-12,98.48760223388672,99.70244485164187,97.5978617769206,99.41156910101323,3314548
2017-12-13,98.28226470947266,99.05223350892291,97.61495423926768,98.6929119509474,2911417
2017-12-14,98.76136016845703,99.41155745159473,96.62255789645603,98.69291431840482,3375145
2017-12-15,99.13778686523438,99.49710842780384,98.11116178617522,98.76135906202873,4930972
2017-12-18,101.22525024414062,101.8925606818549,97.27274114784107,98.21381407912702,6890507
2017-12-19,100.0617446899414,101.61879548088977,99.42866062938155,100.95149197748148,10183834
2017-12-20,101.46480560302734,102.1492223163767,100.06174577086372,100.90016042206477,7081611
2017-12-21,101.892578125,102.32033862154077,100.74617442447263,101.22526757304782,3711281
2017-12-22,103.21006774902344,103.82603861917687,101.31080856766151,101.97811904646969,4689556
2017-12-26,103.65494537353516,105.05800536620156,102.02945549338287,103.09030709022774,4948094
2017-12-27,104.92112731933594,105.40022049654716,102.67965939858773,103.99716041423255,4841953
2017-12-28,105.40019989013672,106.05039714907367,103.51805396083047,104.68155678369513,13459388
2017-12-29,107.53901672363281,108.27476617043551,103.68917225318023,104.51046683707865,10069992
2018-01-01,108.32608795166016,109.50671105734872,105.89640981042417,106.59793978462669,8934389
2018-01-02,109.06184387207031,110.87555120570582,107.60745814902698,108.0865513090673,7665379
2018-01-03,106.06751251220703,109.64359426281827,105.65686524084612,109.64359426281827,5860470
2018-01-04,106.64927673339844,107.11125667935463,105.21199728100979,106.11885093032983,3905556
2018-01-05,105.93063354492188,107.4192456498477,105.29754939944355,107.11125669840622,4301878
2018-01-08,106.47816467285156,107.07702932657155,105.77663472216642,106.0846236508147,4760660
2018-01-09,108.54853057861328,109.50671689264436,104.85267703849087,106.97437331606032,12201522
2018-01-10,111.79949951171875,112.19304052955775,107.82988381328204,108.27475747905605,10163032
2018-01-11,109.88314819335938,111.57708402003003,109.16451191639972,110.72156298501899,5643897
2018-01-12,109.09605407714844,110.78998971781945,108.54852206731178,109.8489166826402,8433768
2018-01-15,107.795654296875,110.96108142272571,107.2481223486366,109.11315500545547,3187225
2018-01-16,113.5960922241211,114.29762215972954,108.1378715681327,108.44586049016195,16443849
2018-01-17,111.4572982788086,114.12652651987831,111.21775518943589,113.95542232396994,8113347
2018-01-18,111.3375244140625,112.32993012210078,110.24246036796693,111.90216964124355,4722081
2018-01-19,112.56946563720703,112.92878720186496,109.6778077659488,111.90216211683881,4288268
2018-01-22,110.03712463378906,112.56946083229928,108.48007386972833,108.48007386972833,12193514
2018-01-23,107.8812255859375,110.51622747217083,107.24814144051757,110.22535172559925,8613403
2018-01-24,107.43634796142578,110.6702213898646,106.83748328529794,108.30898213153961,17542056
2018-01-25,106.75193786621094,108.82230151808498,105.65687374626387,108.0352193953276,22129831
2018-01-29,106.47816467285156,108.17209333704636,105.94773890894356,107.4876765899378,9397269
2018-01-30,105.16067504882812,106.871717212466,104.2709345161861,105.93064402246516,6079993
2018-01-31,104.61133575439453,106.07046955841824,103.5298587144168,105.09199299271543,7530432
2018-02-01,103.25521087646484,106.12197848203029,102.99771665467793,104.73150689038982,5872873
2018-02-02,103.20370483398438,103.83885581502774,101.34974514433493,102.75737874731746,6713662
2018-02-05,102.56856536865234,104.90317558608527,101.60725075942936,102.31107113242956,5851054
2018-02-06,101.16091918945312,101.67590763423944,99.59879176458801,100.14811137536451,6489310
2018-02-07,99.34127807617188,102.37970790803217,98.87778996368073,102.37970790803217,6662763
2018-02-08,99.49578094482422,101.16090867964428,98.55163556080514,99.59878141707169,14125508
2018-02-09,97.84783172607422,99.22114131836673,97.50450607424567,99.22114131836673,8405269
2018-02-12,99.20396423339844,99.89061548162462,98.15681828586241,98.8434695340886,6722288
2018-02-14,100.7489242553711,101.88190154948538,99.40995299459351,99.564453708324,8063123
2018-02-15,100.42277526855469,101.4870833304268,99.71895492918331,101.4870833304268,4415065
2018-02-16,99.90778350830078,101.59007346081735,99.58161997782977,100.5772656743041,8209045
2018-02-19,99.54729461669922,100.59444061429751,99.15246873309766,100.59444061429751,4420870
2018-02-20,100.06227111816406,100.68025999124241,99.25545735635086,99.56445179289004,9160624
2018-02-21,100.31977844238281,101.22959279706366,99.75328973211148,100.9377673963112,13748271
2018-02-22,100.47425842285156,101.02358496662855,99.92493886405175,100.56008982219457,12838500
2018-02-23,101.28109741210938,101.6072539943844,100.3541139412073,101.45276024172325,9779768
2018-02-26,100.11378479003906,101.52141853986511,99.70178982437267,101.21242406185985,13418935
2018-02-27,100.16529083251953,101.05793616567215,99.9592898452717,100.40561600433728,10467034
2018-02-28,100.52576446533203,100.86909008253288,99.22113131095536,100.59443377975875,13724575
2018-03-01,100.42277526855469,100.9720948825876,99.9764491531029,100.52576876713582,10895423
2018-03-05,99.8906021118164,100.8519165246575,99.49577629993607,100.80041629093802,9996650
2018-03-06,98.51730346679688,100.23393142150815,98.24264020005226,99.99360630183938,12604231
2018-03-07,97.96798706054688,99.85627787129502,97.60749238450406,99.03229502960947,4868340
2018-03-08,97.91648864746094,98.7919647577681,97.2126683563516,98.34564565789897,5387353
2018-03-09,97.864990234375,98.84346683942664,97.53883369435029,97.84782115964633,2681455
2018-03-12,99.80479431152344,100.25112046263652,98.22549767562691,98.29416001350043,4658262
2018-03-13,101.83039855957031,102.79170603967856,100.42276500960588,100.42276500960588,8546243
2018-03-14,100.88626098632812,101.83040645074666,100.59443560341248,101.28108685026233,5547337
2018-03-15,100.73175811767578,103.68436400417666,100.25110784310823,101.43557842468583,13181140
2018-03-16,101.53858947753906,102.01923980216058,99.9249547228096,101.28109523864399,12891090
2018-03-19,99.1009521484375,101.79606357013672,98.39713889240181,100.78324890660699,3963271
2018-03-20,100.80042266845703,101.34974223127382,97.72765435852106,98.500136958257,8064555
2018-03-21,101.36692810058594,101.72741584920503,99.97645639668528,101.10943385801014,8382829
2018-03-22,99.03231048583984,101.28109632360467,98.58598433964919,100.86910134597214,5036841
2018-03-23,97.72766876220703,98.74048362212184,97.17834911842824,97.52167476891228,8771707
2018-03-26,94.07125091552734,98.05383412227964,93.50476218482737,97.71050846548916,18744243
2018-03-27,94.08841705322266,96.40586516416593,93.81375374237886,95.77071411594007,14239615
2018-03-28,96.5260238647461,97.33283770358591,93.72791856474693,94.07124419701731,13853121
2018-04-02,99.44428253173828,99.83910836928882,95.71920116349654,97.3328286917743,6543819
2018-04-03,97.47016906738281,98.6546466862255,97.17834367780517,98.63747761067124,4300609
2018-04-04,96.68052673339844,98.36281678083279,96.13120012160647,97.84782832101133,4358041
2018-04-05,98.2769775390625,98.43147825568343,97.16116929836933,97.16116929836933,2813628
2018-04-06,97.48735046386719,98.19116390592022,97.26418737834648,98.19116390592022,1802274
2018-04-09,97.864990234375,98.20831584912838,97.24700133382791,97.74482766620682,2986425
2018-04-10,98.19115447998047,99.0151374170464,95.35871793598875,96.3372016028047,11673823
2018-04-11,98.0881576538086,99.2897973590155,97.45300663519481,98.87780939693569,3468465
2018-04-12,98.48299407958984,99.73613416059759,97.88217416259778,98.29416216882947,5989886
2018-04-13,100.98927307128906,101.26393641457688,98.48299974994838,99.39281421648792,8491437
2018-04-16,99.53011322021484,100.93775376011097,98.68896829903737,99.22112576997148,6256147
2018-04-17,97.7619857788086,99.15245725598369,97.26416645165946,98.91213212942422,5854046
2018-04-18,100.47425842285156,100.86908425682483,98.36280460201814,98.9464623085369,7066675
2018-04-19,100.40559387207031,100.8690820212548,99.44427942674346,100.5944257404307,2552252
2018-04-20,102.32821655273438,102.9977056488286,100.90341394743224,101.21240837755441,8937349
2018-04-23,102.08789825439453,103.3410381472599,100.86908952606434,102.9290432179052,10660490
2018-04-24,98.51730346679688,101.50423331400367,98.24264020005226,101.07507632532585,9443424
2018-04-25,98.58598327636719,100.86910025806597,97.21268066902695,98.84347751524348,17195110
2018-04-26,96.5947036743164,97.16118544111156,94.07125441504944,94.4145800846119,25550129
2018-04-27,94.80938720703125,95.89086424876173,94.19139833033462,94.89521860740705,6519427
2018-04-30,95.70204162597656,96.93801949885847,94.79222729704102,94.8093963727669,5648769
2018-05-02,94.60340118408203,95.78787181470092,94.19140623670924,95.78787181470092,6354939
2018-05-03,93.19575500488281,94.67205082639826,92.54343499771232,94.41455663817123,8949440
2018-05-04,92.66360473632812,93.6077501663285,90.65515130950463,93.55624992769663,8256123
2018-05-07,94.3287353515625,94.63772980754608,91.73663110326045,92.69793865134778,5265878
2018-05-08,93.64208984375,94.74073608952772,92.69794432791409,94.4832418579361,5221180
2018-05-09,92.78376770019531,94.20857038856117,92.56060465515387,93.72791313423592,5165820
2018-05-10,92.85243225097656,93.2472510969783,92.14861198771091,93.0069259746314,4808846
2018-05-11,93.60774230957031,93.93389881856788,92.11427742446132,93.21291649316804,4066852
2018-05-14,93.5047607421875,94.05408737255966,92.69794685817348,93.17860416726,4104721
2018-05-15,93.041259765625,94.01973634136192,92.06278318988808,93.65924864765742,4501617
2018-05-16,94.31158447265625,95.77071853577463,92.6979496706912,93.00694416340608,8413891
2018-05-17,95.56468963623047,96.40583440674033,94.19138050513172,94.41454350087187,6949715
2018-05-18,92.32028198242188,94.92955530908476,92.0284566011135,94.92955530908476,12844244
2018-05-21,90.92981719970703,92.50912076447693,90.67232296436127,92.38895119999971,8120387
2018-05-22,90.96414184570312,91.65079303800194,90.32898390484502,90.63797833837491,3966732
2018-05-23,90.44915771484375,91.22164034259126,90.15732535637939,91.17014010374592,9401189
2018-05-24,90.7581558227539,91.32464454653959,89.93417984449648,90.6723244096039,6267787
2018-05-25,90.84397888183594,91.20447357790596,90.5178223358508,90.9813105272425,6265014
2018-05-28,90.39765930175781,90.895478655703,90.17449625223915,90.17449625223915,3131052
2018-05-29,90.29467010498047,90.80965859823168,89.83118185805007,89.83118185805007,4768596
2018-05-30,89.55651092529297,90.44916315906835,88.76686616038583,90.26033126692866,7799451
2018-05-31,89.91700744628906,90.80965271307862,88.5780360536157,89.88267627929292,13729428
2018-06-01,89.4706802368164,90.80965161327333,88.93852969237622,90.27750106883315,3800052
2018-06-04,89.3161849975586,90.10583674055971,88.59520257154504,89.76251111055537,4223321
2018-06-05,87.6338882446289,89.95133625326923,87.2047312059918,89.33335430861852,6572043
2018-06-06,89.0071792602539,89.43633624340397,87.03305713776362,88.28619692555719,5079518
2018-06-07,90.84397888183594,91.27313590812042,88.59520025509185,88.59520025509185,5339491
2018-06-08,90.63799285888672,90.98131851003805,90.12300438215972,90.84398685258186,5026132
2018-06-11,90.77531433105469,91.41046531742298,90.38048847953576,90.8096454953221,5541131
2018-06-12,91.47914123535156,92.40611766238294,91.17014676468177,91.5821347355895,6065963
2018-06-13,92.28595733642578,92.69794531737871,91.61646813615457,92.35461967159189,4100905
2018-06-14,91.46196746826172,92.38894384774702,90.86114763360112,91.71946168311626,6231142
2018-06-15,91.63362884521484,92.26877983492815,90.98130878078868,92.26877983492815,12894495
2018-06-18,91.2387924194336,92.35460053706159,90.60364150331762,92.35460053706159,8318768
2018-06-19,89.60801696777344,91.30748315210738,89.29902248107832,91.30748315210738,9780146
2018-06-20,89.16169738769531,90.14017410347999,88.69820216734304,89.71101703647108,5125212
2018-06-21,88.80120086669922,89.71101522740696,88.26904332034803,89.60801473941055,10174400
2018-06-22,88.66386413574219,89.12735233523875,87.54805584789077,88.83552694925778,6965470
2018-06-25,88.40637969970703,89.69385094356292,87.89139120216467,88.54371136271403,4371876
2018-06-26,88.4406967163086,89.24751748799461,87.94287737567363,88.40636555229538,5289660
2018-06-27,87.90855407714844,89.23035639725363,87.27339605367601,88.95569309061808,8530568
2018-06-28,88.26903533935547,88.90419331627419,87.78837808046192,88.02871020239746,10412698
2018-06-29,89.7796630859375,90.12298867726066,87.54804674233695,88.9213491076296,9652752
2018-07-02,89.4706802368164,90.03716893281486,88.6123661474181,89.50501838837468,10055613
2018-07-03,89.91700744628906,90.2260019192103,88.76686794956147,89.76251370231745,10490968
2018-07-04,89.93418884277344,90.14018285794832,88.61237936002838,89.96852001447274,10224848
2018-07-05,90.67231750488281,90.91264963438844,89.31618407437398,90.12299789954928,12472818
2018-07-06,90.22599029541016,90.7753098515136,89.77966422702649,90.29465262055668,7580592
2018-07-09,90.96414184570312,91.06713533356167,90.00282738249393,90.39765321506118,5832667
2018-07-10,92.9039306640625,93.48758839858341,90.53498951652246,91.32463423737664,13242228
2018-07-11,93.4189224243164,94.34590580581839,92.49194602779218,93.71075479449787,10556522
2018-07-12,95.94236755371094,96.64618086831034,92.64643608591216,93.53908826634452,11900279
2018-07-13,96.42301940917969,99.49578067484023,95.53036727872947,96.06252474226886,20625128
2018-07-16,97.19550323486328,98.53446747767846,95.73636944489229,95.87369409596666,12543791
2018-07-17,97.47016906738281,99.20396629925011,96.73201756317265,97.1611746022509,14471569
2018-07-18,97.77916717529297,98.6374812854261,97.3843412876361,98.19115515416563,6125915
2018-07-19,98.12249755859375,98.99798078720603,96.68053257791543,98.1911598967295,7434390
2018-07-20,97.16117095947266,99.77045124722329,96.30285691349616,98.70613624223036,13966393
2018-07-23,94.91238403320312,96.98949965147027,90.41481323840857,96.98949965147027,23582642
2018-07-24,93.71076202392578,95.61621520488576,92.42329082666431,95.51322170009182,9224277
2018-07-25,94.31158447265625,94.99823579647666,93.59059499466204,94.41457798024223,6629507
2018-07-26,93.17860412597656,94.44890624194831,92.57778423612918,93.86525542865928,11554893
2018-07-27,94.2428970336914,94.58622262960674,93.38458304390306,93.38458304390306,4829553
2018-07-30,93.77941131591797,94.07123668304256,92.52627146123052,94.00257435606406,7272923
2018-07-31,94.89522552490234,95.18705091045754,93.10993506093591,93.89957981096893,7436176
2018-08-01,95.22139739990234,95.6162163170054,93.96825735633016,94.75790217551464,4219572
2018-08-02,95.82220458984375,96.40585533465529,94.27723235509497,95.10121521863516,8010016
2018-08-03,95.44454956054688,96.285701575576,95.13555508533166,96.285701575576,4362841
2018-08-06,95.11840057373047,96.02821499576041,94.5004115740554,95.78788283589627,4540062
2018-08-07,95.25572967529297,95.95954308850561,94.62057161522755,94.62057161522755,4592433
2018-08-08,95.61620330810547,95.94236682848336,94.2085697045695,95.94236682848336,3821153
2018-08-09,95.68487548828125,96.25136415856309,94.60339838773912,95.47888151317267,6388521
2018-08-10,95.73636627197266,96.09685394656123,94.92954555627624,96.09685394656123,3598180
2018-08-13,96.766357421875,97.65900268191433,95.27288531154574,95.4445481302063,6481139
2018-08-14,97.864990234375,98.53447238915308,96.4745187006328,97.84782115964633,5241916
2018-08-16,95.94236755371094,97.84782051199353,95.46171029924216,97.84782051199353,6015278
2018-08-17,96.14836120605469,96.47451774284133,95.25571601355351,95.92519816168503,7277246
2018-08-20,97.864990234375,98.32847841729657,96.13119308587942,96.40585637167312,4291894
2018-08-21,99.20396423339844,101.1094242412172,97.504498203052,97.79633057153029,16189619
2018-08-23,99.47862243652344,100.62876182145604,99.01512727970487,99.56445383815986,7277960
2018-08-24,100.30259704589844,101.22958036292869,98.50013763414644,99.1181265121666,11267031
2018-08-27,101.5728988647461,102.07071815920109,99.924933295211,100.25109678552356,6811390
2018-08-28,101.48707580566406,102.31105865810811,100.9720873960087,101.88190165006198,4051198
2018-08-29,101.88190460205078,102.15656090417197,100.62876470525136,101.81323528778732,4285462
2018-08-30,102.6372299194336,102.99772465191694,100.93777071767687,102.13941051265024,9067763
2018-08-31,103.42686462402344,105.22932401851838,102.82604482585846,102.99770762533417,18087318
2018-09-03,105.86448669433594,112.26751122032124,105.1606663446113,112.26751122032124,68625769
2018-09-04,107.58110809326172,108.14759675548164,106.19063655735621,106.58546241193238,21828613
2018-09-05,109.46939849853516,109.8642243513844,107.97593347556217,107.99309556526497,30871477
2018-09-06,110.2762222290039,110.72254836112718,109.17758295990093,109.86423424933483,26924326
2018-09-07,111.47785186767578,112.69666058979193,109.55522982875556,110.51654434070441,22940730
2018-09-10,111.58084106445312,112.6108178009874,110.96285222854185,111.37484711414163,16966961
2018-09-11,111.22034454345703,112.61081590840013,110.94568827598329,112.25032126268106,12710847
2018-09-12,112.86832427978516,113.46914410821034,111.5980222936772,111.5980222936772,16704169
2018-09-14,113.36614990234375,114.32746447500841,111.30619609090057,112.86833052523615,11404741
2018-09-17,113.26314544677734,115.35743022216815,112.64515656913149,114.06995921455365,12352938
2018-09-18,114.1729507446289,114.51627631976267,111.58083985837835,113.09147378596224,7248678
2018-09-19,114.22444915771484,114.51628149775546,112.28466515848079,114.46478126216141,7797531
2018-09-21,115.08277130126953,116.00975465281525,112.61082966710265,113.94980096268368,17700584
2018-09-24,114.22444915771484,116.04407758219116,113.38330425459444,113.38330425459444,9975645
2018-09-25,112.71382904052734,114.97977668046069,112.0100087426418,114.32745662131902,9037680
2018-09-26,109.60673522949219,112.93699104382975,108.62825858177263,112.6794968215363,20972861
2018-09-27,109.50373077392578,111.1173653660775,108.73124813507012,110.51654553585641,47992758
2018-09-28,111.2375259399414,112.1473402063816,108.2849270813805,109.52089788438536,18433179
2018-10-01,113.34898376464844,114.13862850652205,110.8942041633265,111.23752978630922,10879266
2018-10-03,112.43916320800781,113.29747721768796,110.72253518864753,113.07431417817565,9550589
2018-10-04,111.80401611328125,113.43481278820151,110.41354457541085,111.61518423061526,12296495
2018-10-05,111.6838607788086,112.59366813155476,110.27622007498204,111.51219795980322,8937680
2018-10-08,109.00592041015625,111.03154311604774,107.35795451740225,110.3448918248966,9465389
2018-10-09,110.43072509765625,110.82555099371878,107.01463067561244,108.83425942182498,9932090
2018-10-10,108.47377014160156,110.12173614489592,106.48248545468104,110.00157355787998,9764277
2018-10-11,107.47811126708984,108.30209416877665,104.6628439200525,105.74432104195532,7138056
2018-10-12,108.59391784667969,109.84705776234992,106.25930781109423,108.54242459142861,8960733
2018-10-15,109.8470458984375,110.56803521381484,107.85576169947328,108.95440077579995,8342805
2018-10-16,109.5380630493164,110.10455172054998,108.52525526209399,109.8642265800158,8320912
2018-10-17,110.9457015991211,112.98848621023664,108.6625848670065,110.79120088169796,12641962
2018-10-19,110.9457015991211,111.95850936732577,109.00591048131012,111.01436392799081,7051648
2018-10-22,110.61953735351562,112.35333448843883,109.86422380096188,111.44352021946901,4842137
2018-10-23,106.1219711303711,109.95005302607295,104.7486687093105,109.48656485596047,10176672
2018-10-24,106.01897430419922,106.99745790086823,102.99771306485407,106.15630594802799,12479882
2018-10-25,109.36640930175781,110.94571287606286,101.62442010327257,101.62442010327257,37804166
2018-10-26,110.07022094726562,110.72254102600871,108.49092448318814,109.45223203372424,11805695
2018-10-29,113.12582397460938,114.05280038940026,108.71409098906817,109.52090482934585,6600369
2018-10-30,112.43916320800781,114.89394267268848,111.80401223783997,112.9541516138159,9880349
2018-10-31,113.70947265625,114.58495579792029,110.5852108517238,112.67949577662745,8013245
2018-11-01,113.17731475830078,114.31028506114303,110.72253529134329,114.31028506114303,6681864
2018-11-02,109.31491088867188,113.84680645046997,108.85141569612021,112.95416120162827,9761930
2018-11-05,111.27185821533203,111.75251547268356,107.83860206993192,108.18192768447193,6810854
2018-11-06,111.5465316772461,112.21601389268437,110.24189142898187,111.51220050965559,6109153
2018-11-07,111.7010269165039,112.52500987457718,111.42637058713163,111.71819599301764,380109
2018-11-09,111.52935791015625,112.61083504612921,109.05741615791334,112.61083504612921,12329274
2018-11-12,111.01435852050781,112.09583554988124,110.48220803524462,111.49501575411568,6897542
2018-11-13,111.97567749023438,112.50782799689519,110.20754919460438,111.06586322306774,6101731
2018-11-14,111.42636108398438,111.95851160580824,109.4007385220975,111.58085481951893,4883777
2018-11-15,110.9457015991211,113.46914346725721,110.43071317766565,111.28902721342472,8942797
2018-11-16,111.99283599853516,113.434807711229,111.06585967142836,111.06585967142836,7275846
2018-11-19,114.27596282958984,115.15144598269475,110.37921831445156,111.7525208385516,7513344
2018-11-20,110.31056213378906,113.6064869784333,109.89856716259713,113.6064869784333,6907315
2018-11-21,107.85576629638672,109.86421965416757,107.54677186019492,109.86421965416757,6943816
2018-11-22,105.43531799316406,109.45222470737225,105.05766123126898,108.14759162219134,8239488
2018-11-26,109.33206176757812,109.82988807538467,103.90751452823561,104.16500872659091,18657115
2018-11-27,107.1347885131836,110.65388326881897,106.77430078620058,108.78275436075094,11458234
2018-11-28,106.5339584350586,108.33641785208152,106.17347074264038,107.78709828388904,16926705
2018-11-29,108.11326599121094,108.7140858201885,106.2936374294593,107.80427153931268,7793384
2018-11-30,111.46070098876953,112.06152087292404,107.70128095121592,108.16476917913945,16991251
2018-12-03,112.69667053222656,113.12582758703354,110.91137997822075,111.5808621897284,7115262
2018-12-04,114.99694061279297,117.15989479487565,111.82117865408695,112.69666177182935,15925097
2018-12-05,115.51192474365234,116.28440735353465,112.66232641818401,114.3274542024904,10264210
2018-12-06,113.86397552490234,115.51193437236692,112.95416120042843,114.41329514072386,6232265
2018-12-07,114.43045043945312,115.47758930307819,111.3920133651404,114.25878764361522,9264269
2018-12-10,112.13017272949219,115.52909772491732,111.61518430548769,112.71383046768379,8528293
2018-12-11,112.61083984375,114.6021313848213,111.51220057038674,111.71819456102008,11795237
2018-12-12,113.31465148925781,113.98413365352445,112.59366210007516,113.22882008435299,7028448
2018-12-13,116.26725006103516,118.08687164839759,112.95415644497025,113.64080768208308,13728244
2018-12-14,114.36177825927734,117.76070292853935,114.08712198381767,116.3874005963104,12792082
2018-12-17,116.5934066772461,117.33155815459736,114.80811625363253,115.34026677173965,9162003
2018-12-18,115.03128814697266,116.18142766128514,114.17297403405615,115.09995048201472,9864405
2018-12-19,116.97106170654297,117.50321920164629,113.77813769085554,115.03127757756715,9978008
2018-12-20,114.41328430175781,116.73073210503607,114.10428986432527,115.44326110321482,6421739
2018-12-21,110.585205078125,114.94544449853453,110.12171690348889,114.39611793676703,26209361
2018-12-24,112.16450500488281,113.4691451526053,110.34488341303343,110.79120252727077,11285031
2018-12-26,111.97567749023438,112.37050334032301,109.64106053882308,111.82117677412451,6281385
2018-12-27,112.4219970703125,113.76096835738323,111.23752650000617,112.54216662278841,13527065
2018-12-28,113.31465148925781,114.29312810817736,111.8555176058757,111.99284226574134,5945206
2018-12-31,113.58930969238281,114.60212447817352,112.97132775772629,113.64080993318196,5696321
2019-01-01,112.14734649658203,114.24163144483067,111.71818945862216,113.55498018409487,4036542
2019-01-02,111.76968383789062,113.74380610896401,110.89420073238014,112.88549207806254,8822139
2019-01-03,111.75251770019531,112.59366267859349,110.91137272179712,112.26750613227036,9446080
2019-01-04,111.39201354980469,112.21599636818807,109.74405489801497,111.40918262340776,6414073
2019-01-07,111.3233642578125,112.18167833890656,110.65388206855027,111.95851528082653,5076276
2019-01-08,111.76968383789062,112.43916598800278,110.75686909044042,111.58085195710132,5559089
2019-01-09,112.95415496826172,114.1901257819108,111.4263587796504,111.4263587796504,10474346
2019-01-10,111.83836364746094,113.65799247138328,110.894218065893,113.5721610548771,8265043
2019-01-11,112.85115051269531,113.26314542604288,111.06586017645427,111.78684254359095,4263836
2019-01-14,107.30644989013672,113.67514314939577,106.89446192626686,113.3146554272541,18435523
2019-01-15,113.22882080078125,114.08713485526033,108.16476089437705,109.52090129144058,40188776
2019-01-16,115.54625701904297,116.66206517660268,112.97131511698211,113.9154604810711,26390100
2019-01-17,115.15145111083984,116.25009038505544,113.84681086085293,115.70077074794764,14104487
2019-01-18,118.8421859741211,119.30568115011407,114.46479129455169,115.35743651150301,26911902
2019-01-21,115.97543334960938,118.41303704155959,114.39612979823953,116.73074697289033,41658250
2019-01-22,118.96235656738281,120.02667158897293,115.35743751806547,115.63210081105215,17817926
2019-01-23,120.6961441040039,122.15527788816816,119.47733544324056,119.7004914928369,26499796
2019-01-24,120.76481628417969,121.19397331454311,118.96235675665328,120.23265877253795,11281453
2019-01-25,121.34846496582031,123.0307688779038,119.47734313958654,119.56317454418401,13964137
2019-01-28,121.93212127685547,124.52421834081906,121.62311985965987,121.65745800711078,18399880
2019-01-29,123.73968505859375,124.22169255468759,121.55340575192008,122.5690734104479,12320260
2019-01-30,125.0652084350586,126.58011510314022,123.25765937191932,123.60195443156489,19757160
2019-01-31,127.11375427246094,127.8712145696952,125.08241913562635,126.01201294384894,20517517
2019-02-01,127.92285919189453,128.23271913929543,125.15128118240217,127.42363416134788,8977608
2019-02-04,127.8195571899414,129.0073722349042,126.73503345527983,127.38918840485339,8383256
2019-02-05,126.85554504394531,128.14665156952904,125.94316870296043,127.38920520973375,6550401
2019-02-06,128.1466522216797,129.09346367859285,126.95883701397823,127.09656344971617,5811361
2019-02-07,128.62867736816406,128.93853734087784,127.26871458440462,128.07779962844745,5982481
2019-02-08,128.31878662109375,129.076246916592,126.94160646113484,127.90563537498629,3735809
2019-02-11,128.43930053710938,129.93698962369123,127.28590650404965,127.69907177579746,7927406
2019-02-12,129.11065673828125,129.54102550067952,126.82110052608238,128.81801438549033,7939320
2019-02-14,129.14511108398438,130.2812875878714,128.74916335794697,129.5926974654431,8199603
2019-02-15,129.48939514160156,129.91976393154786,127.44084250333736,129.1967387606778,9393792
2019-02-18,129.31727600097656,130.4190175431078,127.64743912582188,130.4190175431078,9280197
2019-02-19,125.13407897949219,129.24841662108474,124.70371010563552,128.26716998493015,8171619
2019-02-20,128.1466522216797,128.76638615899427,124.35940639402706,125.04799654450936,11761287
2019-02-21,128.9557342529297,129.73039807010377,127.66462789097285,128.35321795068316,6861558
2019-02-22,130.40176391601562,130.832132681353,128.5942151015988,129.1106576200036,8519101
2019-02-25,132.6913604736328,133.13894688024592,130.57393732252547,131.10759749927948,12475916
2019-02-26,133.46600341796875,133.91358975420093,131.2625068432105,132.38146567909072,10140096
2019-02-27,128.90411376953125,132.15769945833196,128.21552361277332,130.91823157240663,21357373
2019-02-28,127.0104751586914,129.6959652309949,126.21859377429897,129.07624537394076,25142033
2019-03-01,129.3516845703125,130.26407492241785,125.8398776159924,127.69907942197534,18763773
2019-03-05,125.18571472167969,128.99017785399244,124.63483703387456,128.76637766420842,36042630
2019-03-06,127.36621856689453,131.24526764742606,125.3693045147363,125.96607698577155,43014120
2019-03-07,123.41828918457031,128.67451800817264,122.79855535566173,128.5368056059263,16200268
2019-03-08,118.29978942871094,120.3885072102956,117.77185912379434,119.86059091478099,54689738
2019-03-11,119.24085998535156,119.76877629408959,118.1850273678755,118.89656491320906,14708454
2019-03-12,119.97534942626953,120.89346954583631,119.42447175076896,119.81467560346509,12580708
2019-03-13,118.39159393310547,121.92636221565418,117.61120018888448,120.50327314049554,14439446
2019-03-14,117.90958404541016,119.21790807191212,117.06032009772278,119.05723424244665,8978946
2019-03-15,120.93937683105469,121.3066192704973,118.0702514935311,118.4374939329737,17440194
2019-03-18,118.25387573242188,121.53615240046928,117.54232422490858,121.53615240046928,11497228
2019-03-19,118.18502807617188,118.85065681399516,117.10623404177959,118.34568790327936,10103694
2019-03-20,120.06715393066406,120.73279662608935,118.62111753341055,118.62111753341055,12229124
2019-03-22,119.60810852050781,121.07710650652834,118.66704087938416,120.48033395499671,6396058
2019-03-25,117.74890899658203,120.27373940391615,117.51937895955166,120.27373940391615,6747924
2019-03-26,117.0603256225586,118.71294478616933,116.32582665990911,118.0243546354484,7701032
2019-03-27,116.85375213623047,117.70300913498217,116.48650264812369,117.15213840517269,6715462
2019-03-28,116.94556427001953,118.3916008300646,116.64717799721704,117.47348060027053,14209672
2019-04-01,120.11307525634766,121.14596050622733,117.49643402425947,117.51938843075263,14133132
2019-04-02,120.11307525634766,121.14596050622733,118.98838638989815,120.91643045069851,7413134
2019-04-03,120.11307525634766,120.77871802114234,118.52932627884053,120.45737033964089,7538708
2019-04-04,118.91950988769531,120.38850776928922,117.0373677345423,119.81468266076067,12838396
2019-04-05,120.31964874267578,121.1230038758173,119.12608974298517,119.81467985710648,7229104
2019-04-08,121.05414581298828,121.88044833352275,119.69991300552186,121.05414581298828,7274928
2019-04-09,125.69063568115234,126.2415133431373,120.89346657975366,120.96232278515156,27982768
2019-04-10,128.99586486816406,129.3631072782636,126.2415047642175,127.61868481619078,37061332
2019-04-11,129.1335906982422,130.64849731858834,128.60567442530092,130.14352844513962,18883256
2019-04-12,130.09762573242188,130.69441225060578,129.1795055592793,129.63856564585058,11578108
2019-04-15,132.07159423828125,132.8978968011597,130.4419225039901,130.83212638456135,14134384
2019-04-16,128.94998168945312,133.7930742402837,127.6187101765424,133.74716542754828,40734118
2019-04-18,130.74032592773438,132.9208616537688,128.6286604321506,132.6683841734633,54851156
2019-04-22,132.32406616210938,132.66836121717125,130.87802973272989,131.06165096021587,16824108
2019-04-23,133.6324005126953,133.97669559439615,131.61253883526433,132.98971916206764,12355568
2019-04-24,134.52755737304688,135.10138250091245,133.21924728903537,134.0684972707544,18298138
2019-04-25,135.5145263671875,135.85882138945232,134.43573249554439,134.52753609584147,20781632
2019-04-26,135.33091735839844,136.180181379682,134.7341448079846,136.06541635003296,12393102
2019-04-30,137.05238342285156,137.46554870883227,135.422725717135,135.422725717135,14679834
2019-05-02,134.802978515625,137.1900963375056,134.3439184736788,137.05236991928132,9078250
2019-05-03,133.54058837890625,134.8259651424245,132.46179427666516,134.7341475131006,14816616
2019-05-06,133.5176544189453,134.87187352669542,132.76020793367425,133.08154164985348,8608690
2019-05-07,134.8948211669922,135.39979010874566,133.26514930994253,134.34394341064237,8707688
2019-05-08,133.5176544189453,135.07845620877148,133.15039787407727,135.07845620877148,7904232
2019-05-09,133.60943603515625,134.55051764251488,133.2651409613573,133.95373110895522,7497994
2019-05-10,133.2880859375,134.2291534194226,133.1274121209911,133.81600218368587,6133344
2019-05-13,132.71424865722656,134.7341098531451,132.32404485577197,133.35692985464618,8563900
2019-05-14,130.6485137939453,132.6683755330523,129.95992360951772,132.6683755330523,16740848
2019-05-15,129.91400146484375,131.26823429235458,129.5926538079898,131.0616516544625,8631244
2019-05-16,130.99281311035156,131.75025953576707,130.30422290371862,130.30422290371862,7191096
2019-05-17,131.47479248046875,133.0815026183466,130.96982363525558,131.52070128628824,6713562
2019-05-20,133.2421875,133.8160125968992,131.93386347718942,132.89789244186045,8366922
2019-05-21,131.70431518554688,133.58646404440992,131.29116397491836,133.40284284073059,5029334
2019-05-22,129.9599151611328,131.97977676893342,128.99588616372276,131.75024672237876,15300108
2019-05-23,129.54673767089844,131.24525126613906,129.22539006697212,131.10753886982747,9712568
2019-05-24,129.86810302734375,130.46488957924913,128.5368315029438,130.32716313985426,9855298
2019-05-27,128.766357421875,130.418976575694,128.62864499630774,130.37306776403742,10900622
2019-05-28,129.89105224609375,131.1764148367086,128.3761456113675,128.99587950696454,88274856
2019-05-29,131.15345764160156,132.43882013621715,130.14351996054614,130.60257999568034,11011746
2019-05-30,132.20928955078125,133.1274096171061,131.06163946787515,131.29116948445636,23151914
2019-05-31,131.47479248046875,133.1274114241661,130.83211122719771,132.2781475494077,14648962
2019-06-03,133.72421264648438,134.0685077501153,131.8650246906389,132.4388498633571,11706676
2019-06-04,134.8489227294922,135.85886069071736,133.49468964640448,134.96368777011304,22163334
2019-06-06,133.81602478027344,135.23911395203004,133.58649472061603,134.96367507856053,17201760
2019-06-07,135.4456787109375,135.83588260303154,134.0455509909913,134.27508104405806,13569768
2019-06-10,136.38671875,136.79986991767035,135.65222000225364,135.76698499379532,14963786
2019-06-11,136.66220092773438,137.48850352546182,135.92770194675285,136.34085324561656,14468168
2019-06-12,136.79991149902344,137.16715397982352,136.27199517934733,136.57038144617272,12445080
2019-06-13,136.98355102539062,137.21308110888137,136.40972581666378,136.79992976047893,10004562
2019-06-14,137.16714477539062,138.45252139074256,136.7999023192339,137.14419737540646,15931606
2019-06-17,137.3278350830078,138.06233409286384,137.1901226477738,137.7180389953754,12357208
2019-06-18,136.79991149902344,137.94756176327698,135.8817912876206,137.48850165757557,16803584
2019-06-19,134.98660278320312,137.35077326021164,134.11439148566066,137.2589556459857,23805922
2019-06-20,131.72731018066406,132.1175000844512,129.63857817918682,130.39602459337826,19120844
2019-06-21,131.2223358154297,133.12743247832515,130.46488943251978,131.75025214234248,12954516
2019-06-24,130.32713317871094,132.02566080828336,129.98283817347865,131.06163199175305,6343478
2019-06-25,130.9698486328125,131.42890875982468,129.38609960026247,130.373076071458,5619496
2019-06-26,131.3600616455078,132.2093257412124,130.62556258950912,130.90100148668415,4663538
2019-06-27,129.50083923339844,132.1174730385332,128.85815798350922,131.91090442753338,10178400
2019-06-28,128.766357421875,130.28125014072432,128.53682737299465,130.28125014072432,6298778
2019-07-01,129.45492553710938,130.09760676271858,128.9729181202525,129.27130433113533,3471842
2019-07-02,130.48782348632812,130.8321185351047,129.31722592424828,129.66152097302486,5218738
2019-07-03,129.8451385498047,131.1075536931909,129.47788210245173,130.7862060529322,2516552
2019-07-04,130.30419921875,130.7862066720187,129.4549353163899,129.91399537070336,3256662
2019-07-05,124.79547119140625,130.62552513098214,124.40526736642119,130.37304771979194,9170926
2019-07-08,122.52313995361328,124.52005422415775,122.13293606015475,122.91334384707183,7149570
2019-07-09,121.88044738769531,124.2905127315198,121.30662230583233,122.79856751867607,5240124
2019-07-10,122.54608917236328,123.71668672687186,120.87050873830019,121.51320403271407,5561126
2019-07-11,122.91333770751953,123.94622289833903,122.15589136946564,122.79857268631737,5383786
2019-07-12,118.87361145019531,123.32648575052234,118.46044617717182,123.02809950509554,15190556
2019-07-15,119.30970764160156,120.27373657634567,117.47346738852758,119.35561644980868,9494898
2019-07-16,119.3556137084961,120.59508145461396,117.63413851077739,118.8965536557711,9723314
2019-07-17,119.1720199584961,120.641004060177,118.48342972068822,120.27376153710783,11637538
2019-07-18,123.5330581665039,125.85130573848265,119.14902642852562,119.8146690827455,42054706
2019-07-19,121.5132064819336,123.78554542932231,120.96232879259,123.53306799385743,8459390
2019-07-22,121.55911254882812,122.24770271963206,120.4573710774224,121.9263690455653,8839780
2019-07-23,121.42137908935547,123.94620927835908,121.10003146154028,121.6050003012211,9361236
2019-07-24,121.28368377685547,122.04113013843299,120.27374595515049,121.42139620281414,4498944
2019-07-25,120.38851165771484,121.85750958675588,120.04421658147734,121.85750958675588,9982362
2019-07-26,121.00824737548828,121.53616369826497,119.72287066633336,120.36556602561218,5438744
2019-07-29,120.45735931396484,122.6378946419003,119.4703829674112,120.73279815726858,5764526
2019-07-30,120.41143798828125,121.55908804157939,119.81466556432623,120.68687680295281,4830174
2019-07-31,121.78863525390625,122.24769534006407,119.60809984465665,120.5032726164252,5698432
2019-08-01,124.12982940673828,126.76942458129285,123.28056554869718,124.6347982420114,35302414
2019-08-02,121.03118896484375,124.35937459089628,120.13603020209842,123.9003145045442,9957332
2019-08-05,120.27374267578125,121.8345441681667,119.49333492488749,119.88353880033436,7665468
2019-08-06,118.85066223144531,120.59509909257822,118.34569329771202,120.27375140491074,7906452
2019-08-07,120.52621459960938,121.30662231476103,118.89655697075915,118.89655697075915,7992066
2019-08-08,121.99522399902344,122.56904913542525,119.97536232076963,120.73280869893946,7250870
2019-08-09,120.96231842041016,123.34943619034159,120.66393220151882,122.10996850030018,7060998
2019-08-13,118.66702270507812,121.60500421775306,118.4374926805035,121.60500421775306,4380900
2019-08-14,115.24703216552734,119.40152720685593,114.87978270797826,119.26380077998664,8706726
2019-08-16,114.39776611328125,115.22407562628237,112.49266965679868,114.76501556402627,9944870
2019-08-19,115.72904205322266,116.23400390822256,114.7650131409584,114.90273255766765,5540152
2019-08-20,116.27993774414062,118.94248802305404,115.7749687757477,116.27993774414062,15930242
2019-08-21,115.86676025390625,117.01441044265215,115.26998775951907,116.3717291388348,6826530
2019-08-22,115.70610046386719,116.37173621286244,114.07643569584346,115.68314605775674,6739804
2019-08-23,115.40769958496094,118.02434760560702,114.5584426524765,116.11924409926468,9793938
2019-08-26,114.35186767578125,116.11924476466896,113.77804258107079,115.86676032205618,6529420
2019-08-27,114.81092834472656,115.52246586208305,113.43374811030618,114.16824003250984,8045102
2019-08-28,114.42072296142578,116.23400884513009,113.89280668043494,114.81092682455872,5363314
2019-08-29,114.21415710449219,114.87979286500749,113.410801909632,113.410801909632,5438102
2019-08-30,116.78488159179688,117.1750854618165,114.3748161709368,114.81092885085317,8368026
2019-09-03,116.44058990478516,117.22099766743166,115.93562800479751,116.64717255060403,4411118
2019-09-04,117.54232025146484,117.90957669727014,115.36179201768721,115.4536026267883,6606662
2019-09-05,117.33576202392578,118.85065471998004,116.83079312210695,118.85065471998004,8811234
2019-09-06,115.6831283569336,118.11614092893433,114.21413765175384,117.22098226990784,22872104
2019-09-09,117.33576202392578,117.56529206935231,114.92569654694715,115.407704038582,11581912
2019-09-11,113.9157485961914,117.06031274031133,113.54850615998218,116.60125269034933,19598224
2019-09-12,112.26314544677734,114.07643138577194,112.01066099850443,112.79106174386528,9329514
2019-09-13,112.63038635253906,113.57145385364458,111.64340303973745,112.46971253275493,7620240
2019-09-16,113.43376159667969,113.77805669621874,112.05658119852349,112.51564133124222,7950382
2019-09-17,112.07951354980469,113.57145878078146,111.87293791876345,113.36488314974021,6329530
2019-09-18,112.14838409423828,112.9058304591361,111.68932399316051,112.65334600260307,5052560
2019-09-19,110.86302185058594,112.85993622617283,110.28919668572783,112.58449734516024,5137674
2019-09-20,112.90583038330078,114.16824566041672,110.40395423504765,111.04663557424435,12392500
2019-09-23,109.87602233886719,113.84688884550991,108.56769843533506,113.70916943386965,13553962
2019-09-24,110.49576568603516,111.52865092054158,109.94489496190532,110.5875763059399,11536662
2019-09-25,109.62355041503906,110.79415504037605,109.25630094369987,110.40395116369672,7209996
2019-09-26,108.84315490722656,110.38100207324972,108.59067044572981,109.80717693562136,10777480
2019-09-27,108.61361694335938,109.71535832550079,108.24636748107861,108.98085940093925,6383350
2019-09-30,110.0826187133789,110.47281561445944,108.22342381737863,108.79724897017492,6597906
2019-10-01,107.1905288696289,110.38099503033293,106.59374936363297,110.17441939490766,8754660
2019-10-03,108.26932525634766,109.99080059747232,106.75442555521774,107.51187190343214,9570460
2019-10-04,109.11858367919922,110.58757458897183,108.4529479393477,109.25630310926879,5951042
2019-10-07,108.8202133178711,111.27618099336902,108.43000937644416,109.27927348204292,4447336
2019-10-09,109.14153289794922,109.99079683909856,108.52179899444013,109.83012301087003,4556276
2019-10-10,109.80715942382812,109.99078764140543,108.24635810027257,109.14152377127355,4135724
2019-10-11,109.92193603515625,110.35804171529473,108.56771018432579,108.79724022699878,5316578
2019-10-14,111.75818634033203,112.40087471993586,109.25631005308203,110.08261968131458,7184274
2019-10-15,111.84998321533203,112.69924714642163,109.83012170990376,112.4467627070679,17103786
2019-10-16,114.26005554199219,115.54542521678877,112.01066386462406,112.88287524857468,32571658
2019-10-17,113.77804565429688,114.83387825332223,113.20422054408698,114.26005314311233,10324480
2019-10-18,114.26005554199219,115.08636511898293,113.77804804305701,113.77804804305701,5528778
2019-10-22,116.39469146728516,116.8078427614792,113.4337551796909,114.30596658063449,12546576
2019-10-23,116.76193237304688,117.31280305972378,114.78797265814558,116.05038785893468,5348508
2019-10-24,114.5813980102539,116.69307016143385,114.39776977665073,116.55535073740668,7834196
2019-10-25,116.14219665527344,116.371726688189,114.19119137549117,115.70609099367401,6530578
2019-10-27,116.44058990478516,117.175088856205,116.14220364591525,116.85374819172175,630698
2019-10-29,117.1521224975586,117.47346312925546,115.77494235768596,116.44057802435098,6382884
2019-10-30,116.94556427001953,119.7687811747557,116.32583031302795,118.4375096434349,8119090
2019-10-31,119.0342788696289,119.35562654485683,116.50945531280435,116.60126593228321,6992524
2019-11-01,118.71292877197266,119.8146700626224,117.86366489876744,119.44742763553936,5061842
2019-11-04,117.7948226928711,119.676971876486,117.40461881185057,119.03427653861584,3841070
2019-11-05,118.66702270507812,119.08017394743224,116.92259311737092,118.11614504233867,3169448
2019-11-06,117.90958404541016,119.10314305220848,117.54232757671738,118.89656041298117,3255238
2019-11-07,119.19495391845703,119.5851578110839,117.79482619659889,117.97844743742252,4253934
2019-11-08,117.70299530029297,119.72285674041572,117.40460906642275,119.4244705065455,3079708
2019-11-11,117.72595977783203,118.20796724438837,116.32581816793724,118.07025482805841,3804758
2019-11-13,116.18810272216797,118.8965542447828,115.75199006615833,118.1161465475238,3722946
2019-11-14,116.02743530273438,116.94555546338906,115.4077013924121,116.60126040314356,5796412
2019-11-15,115.93563079833984,116.69307716892304,115.52247250144795,116.6012665489586,2425834
2019-11-18,114.51253509521484,115.91266973453254,113.98461880721516,115.91266973453254,5756874
2019-11-19,114.94864654541016,115.29294162133056,113.70918567303697,113.93871572365056,4061312
2019-11-20,114.26005554199219,115.5683796226193,114.03052549308927,115.5683796226193,2988298
2019-11-21,113.64031982421875,114.53548554477081,113.38783538901158,114.03051667435649,3488196
2019-11-22,111.5975112915039,112.76810892364816,111.13845119899209,111.68932190906604,8183112
2019-11-25,111.55160522460938,111.91885470859361,110.77120444908117,111.57455963073988,3782394
2019-11-26,109.04972076416016,112.28609565072735,108.56770629089259,112.10246742035358,15380804
2019-11-27,110.19737243652344,110.58756929756565,109.27925228625821,109.71535795669402,3894494
2019-11-28,110.0826187133789,110.4039593980045,109.3710741229712,110.15147492983382,3198740
2019-11-29,109.11858367919922,110.72529401904141,108.72838679948683,110.19737770925946,5333922
2019-12-02,109.53173828125,110.03670016823374,108.13160363130697,109.37106445079552,7259920
2019-12-03,108.70542907714844,109.4858298174648,108.06274075799892,109.4858298174648,5730370
2019-12-04,111.1843490600586,111.43683350292093,108.56770802653264,108.6136168360352,6671932
2019-12-05,111.87294006347656,112.42381075838085,110.67938805863407,111.41387998360617,5226290
2019-12-06,110.63348388671875,112.2401942336213,110.33509762417448,111.87294475338905,2735116
2019-12-09,110.35803985595703,110.93186495297157,109.53173732001679,110.54166808982221,2414590
2019-12-10,109.32515716552734,110.35804236362378,108.84314967684318,110.35804236362378,4411226
2019-12-11,110.19737243652344,110.5416674928729,108.49885155947295,109.09562405338465,4775320
2019-12-12,109.92193603515625,110.74824558971922,109.57764097114675,110.33509431478824,2811896
2019-12-13,111.94181060791016,112.4008707178385,110.17442638280542,111.09254660266214,8623666
2019-12-16,111.62044525146484,113.11239037247398,111.3679678347466,111.96474027939003,5685154
2019-12-17,112.35494995117188,112.90582062353678,111.80407927880698,112.12541992062812,4422758
2019-12-18,113.984619140625,114.71911106500339,112.69924951708668,112.85992334679182,10598214
2019-12-19,114.39776611328125,115.06340180261247,113.68622161584416,114.12233427874799,4968422
2019-12-20,115.59133911132812,116.50945934731214,113.5255685803641,113.8469092620182,10423252
2019-12-23,116.53240966796875,116.92260655175888,115.49952443870461,116.05039516003856,3701304
2019-12-24,115.79790496826172,116.57830570189456,115.2699886791074,116.14220002763217,3088960
2019-12-26,114.90274047851562,115.86676245253446,114.55844541535869,115.68314122073114,4052868
2019-12-27,113.64031982421875,115.10931062265043,113.08944915039444,114.76501557592266,5022240
2019-12-30,114.28300476074219,114.55844360880454,113.2042177826832,114.05347472225718,4333614
2019-12-31,112.83696746826172,114.12233707501352,112.60743743150964,113.70917880603928,4329828
2020-01-01,113.70918273925781,114.14528842323155,113.02059260518314,113.15831203293828,2827732
2020-01-02,113.984619140625,114.71911106500339,113.08945338654148,113.20421840641632,2887932
2020-01-03,115.26998901367188,116.0044809396401,113.54851371182313,114.5354900830027,6762808
2020-01-06,115.75199890136719,116.8078385093963,114.83387872128986,115.22408259970315,9133390
2020-01-07,117.1521224975586,117.6800457539967,114.85682226443754,116.25695680758147,8805574
2020-01-08,116.968505859375,117.58823274375587,115.93562071403953,116.60125640676003,5588820
2020-01-09,116.44058990478516,117.74891397303264,115.98152981132304,116.71602876274288,4990046
2020-01-10,115.5683822631836,117.15213823585995,115.2240871819626,116.57831310049161,4113154
2020-01-13,116.968505859375,118.39158785679457,116.07334013435774,116.60125640676003,13927198
2020-01-14,118.07026672363281,118.59818305195384,116.85375322078217,117.90959288212566,14593554
2020-01-15,113.96166229248047,117.51937783232628,113.20421597942587,116.60125769301123,20280902
2020-01-16,114.97159576416016,115.95857914008899,113.38783988732196,113.84689996783743,17623672
2020-01-17,115.26998901367188,116.55535163529152,114.60434629319627,115.6831402842352,8281636
2020-01-20,113.84690856933594,115.13227829283325,113.4796590762365,115.13227829283325,3817166
2020-01-21,113.43376159667969,113.93872353984926,112.9287926488084,113.80100409909329,3015884
2020-01-22,112.85992431640625,115.66018662258955,112.65334167509599,114.1223395458752,6800848
2020-01-23,114.1682357788086,114.35186400604353,112.6303887771571,113.13535064147673,3393088
2020-01-24,114.12216186523438,114.97484744450216,113.49992595543372,114.60611531398995,3421554
2020-01-27,113.08509826660156,114.26042173500548,112.80854743110659,114.26042173500548,3306994
2020-01-28,112.48590850830078,113.43078231628374,111.44885343360775,113.33859401659383,4272362
2020-01-29,113.73039245605469,114.02998338185492,112.11719539994044,112.73943136334834,4009378
2020-01-30,110.94185638427734,114.12216313317668,110.7113996792693,114.12216313317668,4294930
2020-01-31,109.144287109375,110.22742930597867,108.31464163915993,109.69738174519175,11107276
2020-02-03,109.42083740234375,110.68834924140324,108.42987641408935,109.55911282774629,8463660
2020-02-04,110.73444366455078,111.1953570616977,109.65129436806336,110.15830191811712,6329512
2020-02-05,111.65626525878906,112.00195029055001,109.37474545576273,111.35667437778822,7751206
2020-02-06,112.30154418945312,113.3616463886044,111.37971741331813,111.88672495338444,6112396
2020-02-07,112.4398193359375,113.84560657268203,111.97890594900356,113.84560657268203,5519024
2020-02-10,111.0340347290039,113.22337336879399,110.36571170871667,113.10814501933135,4517992
2020-02-11,111.19535827636719,111.95586257677506,110.52703524979961,110.87272030143598,5460620
2020-02-12,112.67027282714844,113.9147375299045,111.40276104910467,111.40276104910467,6838800
2020-02-13,112.3476333618164,113.29250717207073,111.77149165226864,113.29250717207073,4829910
2020-02-14,111.95585632324219,113.08509972189569,111.5410370976413,112.37068258182306,3619586
2020-02-17,112.37068939208984,112.9237840707382,111.51799678081252,111.95586310836828,2035556
2020-02-18,112.48590850830078,112.85464060812095,111.19534967542015,112.34763309174575,2505274
2020-02-19,114.12216186523438,114.46784691890574,112.6933274968672,112.6933274968672,3570768
2020-02-20,113.24640655517578,114.56001239112315,112.9698627701728,114.3065086468025,4241614
2020-02-24,112.55506134033203,114.21435254782803,111.72541573658403,112.92379350121792,7043950
2020-02-25,112.50895690917969,113.68428038129952,111.74844562565401,112.53199695139386,5059572
2020-02-26,110.57310485839844,112.20934858360265,109.88173486462026,112.02498606512017,7988388
2020-02-27,106.74754333496094,110.13525251256058,106.24053579562921,110.13525251256058,9733628
2020-02-28,102.06926727294922,105.77962141321125,101.26266885258704,105.31870803014715,11274618
2020-03-02,101.7696762084961,104.62733777188097,100.66347987129609,104.07424311977101,11532350
2020-03-03,103.10631561279297,104.07423646684632,101.67748843892805,103.24459102522624,10346226
2020-03-04,105.48002624511719,105.89484545984195,102.53017649347734,103.65941282954346,9036356
2020-03-05,105.87179565429688,107.80763032804813,105.38783522761415,105.57220478838737,5941556
2020-03-06,103.03719329833984,104.16642973622943,102.57627989242732,103.70551633031691,5868566
2020-03-09,98.81983184814453,101.86186315370996,98.17455589022725,101.4931310207656,17462228
2020-03-11,98.22063446044922,98.81981616931414,93.88804489348085,93.88804489348085,12270332
2020-03-12,91.76786041259766,95.3860263693807,91.03039616214261,94.02633325102325,10764010
2020-03-13,90.98429870605469,94.2337394526238,78.00958982843215,91.72176292973707,13043196
2020-03-16,82.84918975830078,89.39415911425188,82.29609504411832,89.39415911425188,11201148
2020-03-17,79.78411102294922,85.52248135067713,78.70096173781646,82.29608760447088,12175374
2020-03-18,78.33222961425781,82.27304052499214,77.66390660202339,81.44339501226172,12733198
2020-03-19,74.82928466796875,78.97750478926837,73.46958466849247,76.05070222382626,11980172
2020-03-20,82.5956802368164,85.63771150339316,74.89842782954535,75.1749786839543,20319490
2020-03-23,78.42440795898438,81.58166739156754,76.05070689044432,76.05070689044432,10720786
2020-03-24,81.28207397460938,83.77100330925788,77.4564916741106,77.66390127983468,12061562
2020-03-25,80.4985122680664,86.65170818938758,78.44744930528584,81.76602395700692,13456292
2020-03-26,84.16278076171875,86.0986154306092,79.50755310033347,81.5586161070505,10247690
2020-03-27,84.57759857177734,87.3430786340698,83.65577188434654,84.41627608828516,13535120
2020-03-30,84.87718963623047,86.37515800690993,82.66481120745672,83.4714095608995,7334804
2020-03-31,90.66165924072266,92.09049351302336,85.56856505246489,86.19080092043002,10615252
2020-04-01,87.34308624267578,90.2007478160512,86.19080278300987,90.2007478160512,9875668
2020-04-03,82.96440124511719,87.38917212471522,81.92734622955322,86.6517079671224,13147474
2020-04-07,88.44928741455078,88.8180195776983,84.37020763999064,86.76695615097789,9562862
2020-04-08,88.9101791381836,92.18266661625229,87.02043869233802,88.26490328506156,10275308
2020-04-09,90.66165924072266,93.54236782763542,89.90115498696966,91.44521056976694,6930346
2020-04-13,87.20479583740234,91.26083432511432,84.3010406113711,91.26083432511432,12384376
2020-04-15,85.98339080810547,89.23283148181827,85.63770577968879,87.59658760738331,22652006
2020-04-16,86.58258056640625,87.4583131683386,82.9644077486216,82.9644077486216,43380846
2020-04-17,86.19081115722656,89.30197680060239,85.52248809228273,88.72583501479205,13212894
2020-04-20,83.4714126586914,87.11262540474547,83.03353933847423,87.11262540474547,16203026
2020-04-21,82.06562042236328,82.91830586940618,80.10673875532025,82.50348668251821,18086618
2020-04-22,82.29608917236328,82.73395549680882,80.68289226852578,81.58167199406775,10621898
2020-04-23,83.37921905517578,84.16277734698889,81.62775401765765,82.68784905626725,11104460
2020-04-24,81.92736053466797,83.33314787448907,81.65080966903801,82.94136865367673,9282278
2020-04-27,83.90929412841797,84.30106633715748,80.89030965492842,82.96442015890094,18283250
2020-04-28,82.82613372802734,84.32410222656672,82.04258238154122,83.93233006981372,13329834
2020-04-29,83.26399993896484,84.09364543608886,82.68785820943151,83.01050320435425,10060582
2020-04-30,88.01139831542969,88.77190952417423,84.60064251148083,85.26896542851387,17667854
2020-05-04,87.5965805053711,88.17272217268743,84.37018716839962,85.0385100958907,17140740
2020-05-05,84.90023803710938,89.41719029358755,83.97841133305177,88.2418598393182,13864778
2020-05-06,86.21385192871094,86.6517182473007,83.42532448277356,85.59161603236002,10885580
2020-05-07,84.85415649414062,85.45333826474317,83.51750346569017,84.80806234271886,11402138
2020-05-08,84.80806732177734,85.7298941404923,84.13974428480508,85.36116200641023,8227344
2020-05-11,85.13069915771484,87.55049438220121,84.85415535184725,85.26897457713864,8787666
2020-05-12,86.21385192871094,86.6517182473007,84.16278872785759,84.90024593996135,7030818
2020-05-13,87.43526458740234,88.26491005719915,85.33810735438206,88.26491005719915,10560968
2020-05-14,85.72988891601562,86.35212479392067,84.39324292352784,85.1537471894295,10324394
2020-05-15,84.71587371826172,85.72988166468903,84.18581915484828,85.72988166468903,6849030
2020-05-18,83.97842407226562,85.26898306031518,82.78005339499015,83.90928987216574,14454486
2020-05-19,84.9924087524414,85.72987283735206,82.04256647875627,84.0014479817603,11486668
2020-05-20,85.24592590332031,85.68379219580204,83.97841414283224,85.26897297828879,15415706
2020-05-21,87.15872192382812,88.35709247763958,84.53151006301462,84.53151006301462,14258230
2020-05-22,87.11263275146484,87.96532535613959,85.9373021728252,87.13567982810099,9177652
2020-05-26,87.02044677734375,89.04846281813106,85.59161249884816,87.11262804592863,11822268
2020-05-27,92.75881958007812,94.7177014842537,86.51344174958118,87.38918140888308,36165936
2020-05-28,91.8830795288086,93.79586712630052,90.3620640607051,93.79586712630052,24695246
2020-05-29,98.08235931396484,99.05027309984204,90.40814804926325,91.88307635094553,61260422
2020-06-01,99.11943054199219,101.86186393360863,98.35891919328779,99.32684017055502,26749248
2020-06-02,99.48815155029297,100.73261621546062,97.22967186693415,99.14246653035865,12812554
2020-06-03,97.41404724121094,100.22561468459253,97.045315124691,99.60338583138406,16844202
2020-06-04,99.6725082397461,101.3778861648823,96.86093409586096,97.41403572172509,14794936
2020-06-05,100.8248062133789,101.51617631312779,99.0963809640067,101.40094796316964,14491168
2020-06-08,104.37383270263672,104.76561188585674,99.48815513148689,100.94002945428115,24427392
2020-06-09,100.64044189453125,104.3047019520829,100.08734019808705,103.29069389690221,15690504
2020-06-10,100.01819610595703,101.88489656430006,99.37292023459428,101.40093614428824,14787292
2020-06-11,98.12845611572266,100.31779467801643,97.87495938226216,100.01820379321036,12497490
2020-06-12,95.82389068603516,96.5613549210587,95.08643348399178,95.86998483809168,12418688
2020-06-15,98.54328155517578,100.4330221838872,95.93911675148003,97.69058899327062,28511450
2020-06-16,97.89799499511719,100.433018478854,96.6074432115986,100.22560887314421,15921712
2020-06-17,100.38692474365234,100.82479100083152,97.27575976419811,97.7136260213773,27938908
2020-06-18,100.54826354980469,101.07831822257259,98.93506651899794,99.92603462913921,12408426
2020-06-19,102.34581756591797,103.29069140271713,99.0963768261843,100.479116967945,22447354
2020-06-22,100.50216674804688,102.20754489551351,99.92602500680948,101.93099404652746,12961806
2020-06-23,101.67749786376953,102.46104922954873,98.17455324466451,99.09638003569422,14850298
2020-06-24,100.57129669189453,103.24459566481154,100.27170581230916,103.24459566481154,16492172
2020-06-25,100.57129669189453,102.3227689178043,99.234650721926,99.99515497501501,10193692
2020-06-26,103.91291809082031,106.0100753355766,100.6173903011889,101.07830367221315,38389012
2020-06-29,101.26266479492188,104.1203262488148,100.80175143032689,102.34581401491201,13374148
2020-06-30,101.23961639404297,102.299718525322,100.47911216561438,101.21657635249885,11001386
2020-07-01,100.96308135986328,102.5071370252312,100.6404433874715,101.86186108044764,7905234
2020-07-02,103.33677673339844,103.91291844916557,101.19353236393664,101.86185534763054,14359882
2020-07-03,103.61333465576172,105.31871284445884,102.62236661708688,103.33678380008958,10838912
2020-07-06,102.62236022949219,104.74256456972817,102.13840681165959,104.12032869968631,15175628
2020-07-07,103.65941619873047,105.2726130263949,102.32277021185767,102.8758648604609,18235138
2020-07-08,102.82978057861328,104.94997796223589,102.5532297301937,104.46601749399174,14152368
2020-07-09,102.13841247558594,103.52115267859668,101.23962571724466,103.35983017505328,13417996
2020-07-10,102.36886596679688,102.99109481885645,101.17048834856487,101.8618584283956,9097518
2020-07-13,104.90390014648438,105.54917613938434,102.57628590362667,103.22156189652664,24694620
2020-07-14,103.70551300048828,106.79363131435122,103.29069376167841,105.27261571708135,27877134
2020-07-15,121.10498809814453,123.84742827898691,108.31464206684669,108.7755554373439,260735176
2020-07-16,120.71321105957031,123.73220212941207,117.55595863549264,120.98976189996225,104555854
2020-07-17,120.459716796875,121.61200026716085,118.45474074538555,119.19220497956057,37713024
2020-07-20,124.81532287597656,126.08283452066449,119.37655126333539,120.45970039107857,42789980
2020-07-21,125.06884765625,129.79320977027743,124.17006094475833,128.36437548845274,65998100
2020-07-22,122.60295867919922,125.76021813506986,121.51980942654812,125.57585559686457,25167708
2020-07-23,122.87953186035156,123.73222457878506,121.01282389848971,123.66307630667112,20736656
2020-07-24,124.70010375976562,125.27624545901784,122.39553696275676,123.06386696027312,44244246
2020-07-27,123.91654968261719,125.92152545054942,123.13299140725478,124.70009389202126,27980494
2020-07-28,126.95857238769531,127.5577540431773,124.1239443784143,124.1239443784143,28087614
2020-07-29,127.67301177978516,128.13392517971218,125.52976728331664,126.19808327363441,21567278
2020-07-30,130.94549560546875,132.1899533064739,129.10184206386683,129.10184206386683,51694590
2020-07-31,129.49362182617188,134.03360743963572,128.4104725525082,133.48051981429023,33401320
2020-08-03,129.7701416015625,131.26810991444057,128.8252749075151,130.43847155215303,17817526
2020-08-04,129.53970336914062,130.59981261174025,128.24915149619207,129.77016006545006,16239042
2020-08-05,128.2261199951172,131.1068288908921,127.85738081688116,129.6319003098708,14690906
2020-08-06,128.89443969726562,131.01464431824667,128.01870698115397,129.3784072451423,20305210
2020-08-07,127.85735321044922,129.90842312776695,127.39643988664373,129.53968402914757,14642400
2020-08-10,127.85735321044922,129.60883228048507,127.48862817778819,129.05573066553515,12621492
2020-08-11,128.89443969726562,131.19900687964463,128.27220374483093,128.5948487767487,20157816
2020-08-12,127.30427551269531,129.37838563032167,126.54375721679807,129.24010318290425,17807334
2020-08-13,127.67301177978516,129.90844458262336,126.65899667356143,128.08783102652734,19307912
2020-08-14,127.44256591796875,129.40144803424855,127.16601504130158,128.36439279621806,13163422
2020-08-17,129.9545135498047,132.005569342396,127.97257787465371,128.41045114610606,29094008
2020-08-18,130.3002166748047,132.4665010966634,129.83930330003136,131.24508346670603,24108414
2020-08-19,128.94052124023438,131.79818989321177,128.71006454454138,131.5907732407039,18745042
2020-08-20,126.38246154785156,128.59484027020187,125.92154814186517,128.59484027020187,19783530
2020-08-21,125.9906997680664,128.57181801183256,125.69110882592453,128.57181801183256,15939272
2020-08-24,125.69107055664062,126.49766888310909,125.32233145353706,126.05979559378564,12309628
2020-08-25,124.42356872558594,126.61290721316219,124.14701789291068,126.45158472193832,15592276
2020-08-26,125.3914794921875,126.61291120282809,123.52478592823809,124.42357264626416,19265334
2020-08-27,125.52975463867188,126.84336050933616,125.13797547500579,125.82934550525444,12380336
2020-08-28,125.3914794921875,126.75117959054282,125.04579445694057,126.61291120282809,15199568
2020-08-31,125.0457992553711,129.97757824052712,123.52479066830237,126.2902710563987,41141934
2020-09-01,125.18407440185547,128.77919306999135,123.98569682382359,124.90752356600815,24586106
2020-09-02,126.15200805664062,127.44255999987513,124.99972451233796,125.78326888288704,16863810
2020-09-03,130.3693389892578,132.67390565314443,126.52070984737544,126.98162318015277,49790330
2020-09-04,127.21208190917969,128.82527860005698,126.79726271614588,128.45655355424,21415428
2020-09-07,128.47959899902344,128.82528401875174,125.13797714164974,127.4425439398385,16651534
2020-09-08,130.23106384277344,132.25909387333002,128.36437036687414,130.06975542003505,44589722
2020-09-09,130.3693389892578,133.41136979877987,128.36436317848472,128.9635448847118,45588720
2020-09-10,131.1529083251953,132.21301763312084,129.56276546224902,132.12082932253207,19035804
2020-09-11,135.18589782714844,137.55961314669426,130.20803861446652,130.20803861446652,83871852
2020-09-14,141.5926055908203,142.21482744336393,135.11676372188066,135.1628578762071,76179084
2020-09-15,141.6617431640625,143.45930269792862,139.541538608186,141.59260896390637,56312624
2020-09-16,143.87411499023438,144.49635089339807,140.14071363721283,141.50041379353496,29986974
2020-09-17,143.66671752929688,145.97128461147386,141.59260715533762,141.61564719977488,53623304
2020-09-18,145.8791046142578,147.0313882210055,143.92022248278673,144.72682100751013,36975462
2020-09-21,143.75888061523438,149.56639202476552,142.86010796251986,145.60253413788172,45477692
2020-09-22,143.9202117919922,145.99432213006733,140.0946361281491,145.3720862154526,47020668
2020-09-23,145.11859130859375,148.32193109846932,143.4132060492635,145.18772550754798,44278872
2020-09-24,140.44032287597656,144.45026113830815,139.40326769444857,144.45026113830815,35838302
2020-09-25,144.68069458007812,145.30293040212914,140.20984362266486,141.1777503836788,44013790
2020-09-28,143.5975799560547,146.1095638890494,142.69880716666154,145.18773698754123,24921524
2020-09-29,143.5745086669922,146.82394216132212,143.11359531653636,145.1877053935876,29660738
2020-09-30,144.51937866210938,145.57948783159588,142.69877932640347,143.80496857920545,24786634
2020-10-01,144.28892517089844,146.50131779136223,143.82801179988013,145.83298777700173,18514618
2020-10-05,153.92202758789062,154.8668943825909,145.2799017852907,145.2799017852907,77811262
2020-10-06,152.1244659423828,154.54426135439925,148.87503201548802,154.40599295723987,55159848
2020-10-07,154.5442352294922,155.12037689686423,150.02729018367887,150.71866018452533,35479916
2020-10-08,165.67530822753906,169.50088338176354,159.6834347157432,161.78058481848814,214540492
2020-10-09,172.38162231445312,173.3495433278068,164.6613223845946,166.85066117067387,110861504
2020-10-12,173.99481201171875,175.05490722673028,170.1231421867694,173.76435530706746,105931918
2020-10-13,173.28038024902344,175.93063202207884,171.89764019351628,173.9026020212343,72176286
2020-10-14,161.527099609375,168.2333836604129,160.5361245898401,168.2333836604129,148263902
2020-10-15,157.44801330566406,163.27856474519385,156.2265956627523,161.780596261293,77922358
2020-10-16,156.5492401123047,160.4439641332732,156.06528664823793,158.04720872560623,50488458
2020-10-19,158.1854705810547,159.7064790407735,156.0883063560951,157.8397855614859,25693748
2020-10-20,159.8217010498047,161.0892127380151,157.56322849127608,158.89987436746983,33993548
2020-10-21,158.3007049560547,161.36577609989374,156.2957289529251,161.13531941139516,19934922
2020-10-22,158.76162719726562,160.49005245750894,157.1023361342399,157.17147033145747,19082496
2020-10-23,157.81674194335938,159.98304050302562,157.30973440110125,159.89085219862946,17346096
2020-10-26,156.6183624267578,158.96902350090048,155.1895421875756,158.41593587907647,17390338
2020-10-27,153.96810913085938,156.5953210261142,152.58536898934844,155.92699099799987,19821156
2020-10-28,154.70556640625,156.64140814382597,154.12942470649043,154.75166055542266,17969178
2020-10-29,155.53524780273438,156.71057146231692,152.6314846566495,153.783768270343,14479922
2020-10-30,157.033203125,159.01512514535486,155.99614796100855,156.36487305959895,22991068
2020-11-02,154.31381225585938,157.51716625226078,153.80681873064052,157.51716625226078,9662266
2020-11-03,154.70556640625,156.45704561309478,153.322826326827,154.63643221547073,9515596
2020-11-04,158.07025146484375,162.03409533442792,155.5582678830154,155.7887245761754,30763800
2020-11-05,159.19947814941406,160.85876912550526,158.57724227513486,160.37481570437703,11204872
2020-11-06,159.3607940673828,160.85876248594823,158.27764485922822,159.54515659801436,10915586
2020-11-09,162.2184600830078,162.61022517997228,159.9369333611268,161.31967341900395,14214570
2020-11-10,157.77064514160156,161.6653688485859,157.2405975651261,161.6653688485859,18099240
2020-11-11,159.8217010498047,160.28261439097213,157.40190600867572,158.784646032178,15275758
2020-11-12,159.26861572265625,161.64233092549705,158.69247398720177,160.3978591505312,10228848
2020-11-13,158.6233367919922,159.59125770244088,157.9550208310815,158.7846592880603,9455776
2020-11-14,159.22254943847656,160.19045638517292,158.1394000687394,160.00609382703846,1498484
2020-11-17,160.72048950195312,161.55012789901667,158.41592277015548,159.9369311867583,13307668
2020-11-18,159.15338134765625,162.40282905212348,157.54018454948323,161.20445147457443,14815616
2020-11-19,157.90892028808594,161.0892196657194,157.44800692709677,160.25958124232267,22113702
2020-11-20,159.61428833007812,160.62830333187105,157.65540658212848,158.46200494893128,12362786
2020-11-23,164.01602172851562,164.7304318090835,159.47602232598572,160.39784904463303,20666694
2020-11-24,163.85472106933594,166.5741074384477,163.6242643589712,165.46791804188916,20184882
2020-11-25,161.31968688964844,165.37571910506114,161.1122702372633,164.96089986625125,13624676
2020-11-26,163.55511474609375,164.269524854516,160.02913022298395,161.7805954303185,14732740
2020-11-27,161.5501251220703,164.77651849112735,160.32870758840477,163.5551009574618,24804168
2020-12-01,162.63330078125,163.11725423908393,159.591269438685,162.56416658241102,21387134
2020-12-02,165.4217987060547,166.06707458365958,163.25551439795547,163.37074273559773,18868154
2020-12-03,166.0670928955078,167.77247810704614,165.00699769868825,167.77247810704614,21394090
2020-12-04,166.29754638671875,167.03501062790687,165.46790790660742,166.4358288440443,14854786
2020-12-07,165.21438598632812,167.196307645613,164.7765127038088,166.85062265392668,16784766
2020-12-08,167.6342010498047,168.233382814266,165.19135170909004,166.06708431328735,23626602
2020-12-09,165.69837951660156,169.50091534695474,164.77655264863716,169.50091534695474,36275376
2020-12-10,164.03904724121094,165.00696802325407,162.58717310112536,164.1773296763361,13794794
2020-12-11,162.93287658691406,165.92881349728165,162.5410974085202,164.73043591994266,11727232
2020-12-14,161.02008056640625,163.41682153091472,159.98302553579302,162.93286814301217,23003678
2020-12-15,162.56414794921875,163.11723554249647,160.1673928471368,160.99703127003312,14463562
2020-12-16,165.1913604736328,165.44487128432465,162.7946192226638,163.11725016450694,13332544
2020-12-17,164.5,165.58314937136268,163.8547240125802,165.191370143513,8330742
2020-12-18,167.5650634765625,168.60211864223882,164.77654299079495,165.44487305728182,34796162
2020-12-21,163.1403045654297,169.36263550391567,160.55918669627297,167.08110853341984,19330126
2020-12-22,167.8646697998047,168.5560399158402,161.06619699212223,163.16334738437885,16372078
2020-12-23,177.7051544189453,178.6500353214783,171.32151512929954,172.38161031501298,89748866
2020-12-24,176.1610870361328,178.23519709982688,174.52483621297648,178.11996876295498,24480344
2020-12-28,176.48373413085938,178.0969309950646,176.06891489325582,176.73724493481072,9451758
2020-12-29,177.45167541503906,179.98669934953963,176.57594268722218,176.9907619724026,22918252
2020-12-30,177.1750946044922,178.18910963337058,176.43763040766785,177.45164543654627,14376870
2020-12-31,178.02780151367188,178.6500374195332,175.7001944600716,175.7001944600716,12789210
2021-01-01,178.88047790527344,180.10189549660103,177.47468371709982,177.47468371709982,10084672
2021-01-04,182.70608520507812,183.42050947822824,178.74222679915837,179.75624199577572,19511442
2021-01-05,187.2690887451172,188.88228547241292,181.36940348310506,181.64595430669044,50313494
2021-01-06,187.31520080566406,192.3852481477099,185.8863664688045,186.66992486623215,44972600
2021-01-07,187.47650146484375,190.35720984629495,186.13985558904218,190.01152484052082,24689510
2021-01-08,198.28494262695312,199.41417197364248,187.7069748802458,187.8222032257831,81986460
2021-01-11,205.93606567382812,207.87190724349898,200.497294126213,200.95820744604336,94668036
2021-01-12,210.96005249023438,212.36583262512374,203.908069576075,206.46614718780364,44268930
2021-01-13,211.55923461914062,215.45395818132346,208.70156612862021,212.48106134950723,58380386
2021-01-14,209.416015625,214.78565416595666,198.19277101150504,208.33286627255882,143103614
2021-01-15,202.133544921875,211.74359112562937,201.23477232492309,209.60034685171732,50615558
2021-01-18,198.9071502685547,205.10644044316433,197.7779210023195,203.26278704592238,43021174
2021-01-19,198.30799865722656,202.59448783040557,197.13267506437592,199.5755105603233,31355580
2021-01-20,205.0834197998047,206.42006582603932,199.5754991281966,200.03641252110236,48839358
2021-01-21,205.47518920898438,209.00118799089287,203.86199230022754,208.14849538307212,31822754
2021-01-22,205.4520721435547,208.80120654049853,203.46569462302088,206.69934162696663,22797624
2021-01-25,201.9874725341797,208.33927984657527,201.01737550695162,205.6368717341484,14760338
2021-01-27,206.23739624023438,210.07157212654573,201.987454452627,202.33391663865206,59180420
2021-01-28,199.51602172851562,207.23058539012823,197.39105083092332,204.75915230589314,29624870
2021-01-29,193.04873657226562,202.19534718433857,191.9631521840228,202.05675384467472,31264842
2021-02-01,194.71176147460938,195.77423994326665,188.56783727351862,192.21723638911325,30163704
2021-02-02,197.87611389160156,201.202142551574,195.704945133533,197.7144287121568,26620996
2021-02-03,200.25515747070312,203.23473811708604,198.730729385046,198.730729385046,19795332
2021-02-04,198.59213256835938,201.8257798065895,197.82991853886463,200.2551539675372,14386598
2021-02-05,196.5826416015625,200.20894868811857,194.27289366077298,199.56222208421403,17358052
2021-02-08,201.08665466308594,202.19534497796622,196.92910827503385,198.80001260820708,25032680
2021-02-09,202.9575653076172,208.68573768976762,201.04047723302756,203.37331713983443,58949660
2021-02-10,202.79586791992188,205.17490546438623,200.94806957896586,204.18171667563888,21215470
2021-02-11,201.8719940185547,203.48881776927539,200.20897248401081,202.7958933046808,18474052
2021-02-12,204.18173217773438,207.50777508301147,203.07305590850322,203.25783293711115,38561668
2021-02-15,203.11923217773438,205.52136149039558,201.77956714264744,205.38278225801244,15689754
2021-02-16,202.1260528564453,206.86103651449275,200.39374176203773,206.02953282821062,24907596
2021-02-17,198.730712890625,202.7958635133634,197.94539297374993,201.36381701072298,14780384
2021-02-18,200.00106811523438,201.71027303273783,198.338046875775,198.77689050026643,16771472
2021-02-19,198.61524963378906,201.29455185652913,196.83674073361217,200.09347999552762,16957332
2021-02-22,193.41830444335938,199.95488850724666,192.1710348760441,198.96169968016832,21332174
2021-02-23,191.9400634765625,196.79053439474276,191.38571830402284,193.88025748286796,17984706
2021-02-24,195.45089721679688,196.69815279717952,191.59361486946796,192.95637195844728,10120594
2021-02-25,194.61935424804688,198.17637168658266,194.22670837941453,195.45087195842822,18220784
2021-02-26,189.5379180908203,193.94954529570245,188.47543963387832,193.07184386202212,23463882
2021-03-01,191.43191528320312,193.4183070618344,189.0297857732827,189.8612894310276,12843392
2021-03-02,198.8231201171875,200.07038977092628,193.2104348705311,193.8802674804249,29750468
2021-03-03,201.17906188964844,201.7103011394155,197.82992710503316,200.024187825988,17564904
2021-03-04,202.70347595214844,205.24419871593946,197.48345118557455,198.13017779684117,25927594
2021-03-05,194.41148376464844,203.2578154113296,192.63297506028283,203.2578154113296,87862344
2021-03-08,192.58677673339844,196.39786076149042,191.96314198201236,196.37476892156525,24709676
2021-03-09,193.6492919921875,195.31229939463398,189.42244156781456,193.92645049420588,23811258
2021-03-10,197.1138916015625,198.96168992321734,195.4046725149988,196.83671903379778,34582736
2021-03-12,196.4209747314453,199.9317803985867,194.98892815796242,199.33125156015015,17920252
2021-03-15,196.95220947265625,197.99159604465007,193.00253204053016,196.23617915339983,15034204
2021-03-16,198.3149871826172,200.92501408948178,196.62887371096483,197.3679960005835,21347294
2021-03-17,193.8571319580078,201.17903537617488,192.95633876561888,198.17636320638124,24269624
2021-03-18,189.46864318847656,195.9359381881399,186.7662349583861,195.52018632910696,20165862
2021-03-19,189.6303253173828,191.08546384926612,184.52578748563184,188.9143090216005,33750804
2021-03-22,191.45501708984375,192.28652072964144,189.4917312926042,189.8843771739857,13245968
2021-03-23,191.9400634765625,195.58946258596242,190.6466102040811,192.95635826035743,23150388
2021-03-24,189.86131286621094,191.91699452046305,189.02980910583088,190.02299806894735,10280694
2021-03-25,184.6181640625,190.18466547970982,183.74046259807872,189.72271585658453,25474258
2021-03-26,186.5814666748047,188.33688385848174,185.08013026515738,186.99721855334388,18066738
2021-03-30,193.14114379882812,194.22672825264624,187.089600805121,187.089600805121,26339126
2021-03-31,191.31640625,193.92641842805162,190.94685224335933,193.92641842805162,14890268
2021-04-01,192.35581970214844,195.33540040185613,191.4088286164715,193.4876019146163,15193886
2021-04-05,196.5364532470703,197.66822125259353,192.26341965822476,192.37890705251786,42432790
2021-04-06,197.32176208496094,198.13017385736603,195.10440971968285,197.69133021089564,16641040
2021-04-07,202.33392333984375,202.79587293651005,195.58945640899904,196.32857858318172,27735300
2021-04-08,204.22793579101562,206.00644469951743,203.25783874114336,204.15864616550704,25833228
2021-04-09,207.92352294921875,208.50095996357584,203.25782905369678,204.59748010748856,23398770
2021-04-12,199.8394012451172,207.92351930440523,198.3611568752427,207.8773215245498,30172534
2021-04-13,193.5338134765625,202.12606577595753,190.60043034968595,199.56225083139364,40840640
2021-04-15,198.96170043945312,200.69401145756683,191.7090860045838,193.51068664390544,53517782
2021-04-16,216.74676513671875,218.80243246624346,201.4100322698014,204.04315071603173,218723272
2021-04-19,218.3866729736328,220.7888165279762,213.0049629636564,213.8826643824262,87619710
2021-04-20,217.1625213623047,220.6040376073149,216.10002876708475,219.88802132815795,35461382
2021-04-22,224.80776977539062,228.4340769509537,217.8554339420035,217.8554339420035,85241858
2021-04-23,219.7494354248047,225.1311455693499,219.12580063091175,223.37572859033335,27192006
2021-04-26,221.87437438964844,223.5143038332109,220.34994643697894,221.45862259324605,18629288
2021-04-27,224.0686492919922,224.96945665685885,222.19775903890988,222.38253606058984,14418934
2021-04-28,226.03192138671875,227.8335360071112,222.31323294735947,224.43820381167143,19231068
2021-04-29,226.2860107421875,227.6487535817329,224.36892275251944,227.60256990054168,15282266
2021-04-30,227.62567138671875,236.4258058591354,226.03193958576924,227.04823437153172,58231142
2021-05-03,225.1311492919922,229.12701067066345,223.2371530374962,225.4083218824815,17199462
2021-05-04,222.63661193847656,225.5699805753423,220.71950984986424,225.10803098243963,16204858
2021-05-05,226.6324920654297,229.12701725636526,223.26025129645296,223.95317574380084,23713182
2021-05-06,236.6567840576172,237.81165810454598,225.084951746424,228.06453242653373,48827088
2021-05-07,238.01953125,238.62006009058834,234.43942185225617,237.44209425036388,29333162
2021-05-10,242.96240234375,244.1403682069451,237.09563667401054,239.10510619386298,25088944
2021-05-11,239.47470092773438,241.73823721141167,237.465203107902,239.26681795393543,15298998
2021-05-12,234.48562622070312,241.391764471861,233.21526478580702,240.19070675693501,15742214
2021-05-14,230.25877380371094,234.85516366643452,227.62565555852157,234.43941186392632,13599758
2021-05-17,230.88241577148438,232.68403057796473,228.66506322170136,230.2587950589467,11505300
2021-05-18,234.69349670410156,237.81165661122913,231.3905597701424,231.89870716711692,18761492
2021-05-19,236.3565216064453,239.1975089661911,233.3538490592573,234.80898755107015,14980792
2021-05-20,234.78590393066406,238.82796327034592,232.63784092966424,238.36601363152513,12584608
2021-05-21,236.84158325195312,238.31982772141652,235.20165359089467,235.59431359974437,10395006
2021-05-24,237.8578643798828,239.52087169021502,235.43261484088467,236.4720014586339,14873624
2021-05-25,239.08204650878906,242.4542734669516,238.22745089578683,239.01277097526395,15909128
2021-05-26,243.56292724609375,245.04117160904823,237.7885572307762,237.85786094902645,17646380
2021-05-27,249.86856079101562,251.76254295536523,242.5466423953051,243.56293719856205,58822252
2021-05-28,248.85226440429688,249.59137251368952,246.0574748594991,248.9908436504121,11757252
2021-05-31,249.01390075683594,249.7068250859219,245.318304335044,248.85222969144777,10772410
2021-06-01,250.74624633789062,252.6864403673129,249.29112196219918,250.33050859990752,11930088
2021-06-02,250.83863830566406,251.76253752594275,246.2191422042706,250.35359685405106,9427136
2021-06-03,249.01390075683594,254.02607032098913,248.66743859229294,252.08587656051574,11275982
2021-06-04,250.00711059570312,251.993488089179,249.66064842142836,251.06958895777964,9543432
2021-06-07,253.26385498046875,254.6266118683706,250.70004047332455,251.6239396251001,8696866
2021-06-08,254.34945678710938,256.61302126808135,253.67965237503728,254.07229828522907,10859468
2021-06-09,251.3929901123047,255.5736285553791,250.46909086763995,255.45814114979598,12413798
2021-06-10,256.03558349609375,256.6130205360037,252.01661605928655,252.01661605928655,11441488
2021-06-11,256.05865478515625,258.20673167926526,254.76520155861527,256.3820251405829,11224718
2021-06-14,259.4308776855469,259.98522283091245,255.45812250156337,255.87388840937888,11904318
2021-06-15,257.7217102050781,260.53959167383795,257.30594425944633,259.3847175972695,7674490
2021-06-16,256.49749755859375,259.86972376499585,255.68908581482512,258.6455743272446,10994538
2021-06-17,258.09124755859375,259.384700801563,253.8643974339836,255.22715439512655,8798696
2021-06-18,253.97987365722656,259.5925723369832,252.2475627307788,258.6917650161974,20014232
2021-06-21,250.4459991455078,251.64705688608026,247.23544362972675,251.64705688608026,10781642
2021-06-22,257.0980529785156,258.6686929499607,250.51527095479796,251.87802796014483,11505842
2021-06-23,249.52210998535156,259.08444500255894,248.7136981132091,258.6917990855857,22485404
2021-06-24,253.63345336914062,254.3263778541825,249.08326052876652,250.33053024087585,17337360
2021-06-25,252.9174346923828,254.53425847580442,249.68378712553954,254.00300509746964,10079644
2021-06-28,252.87123107910156,254.4418428564177,251.4160785106196,253.95680139864606,6519660
2021-06-29,250.65383911132812,255.8045883765705,249.91473103697453,253.0559826457259,15855760
2021-06-30,252.06283569335938,253.14840608371654,250.3767082068875,251.69325342031377,8586644
2021-07-01,249.1525115966797,252.17830410707205,248.52889089944108,251.76253817880186,8658748
2021-07-02,248.8060302734375,250.5152493431064,246.49628239419962,249.49895463720884,8314614
2021-07-05,247.76669311523438,250.79248599630037,247.39713901992582,250.79248599630037,6878338
2021-07-06,246.03436279296875,248.66748133512834,245.6879005688732,247.85906947890544,8386882
2021-07-07,245.82652282714844,247.78980888198936,242.5697551682766,246.7042102639755,10755374
2021-07-08,245.2952423095703,248.04384812137565,243.90939348296257,246.63490745335776,9131020
2021-07-09,242.89309692382812,245.27214867013112,241.71513106888023,243.63223320970042,11449216
2021-07-12,242.9161834716797,245.82648847893597,241.6920339609255,245.17974776728664,7731112
2021-07-13,242.45423889160156,244.6023158327889,241.41485228041407,243.90939142533057,8344716
2021-07-14,259.47711181640625,260.2162199435088,242.80071332016524,243.1009918565825,58696166
2021-07-15,266.0368347167969,267.7691460345521,258.22987376671153,259.153773136181,62132402
2021-07-16,266.891357421875,272.20377734459515,262.5259284550418,267.93074392849417,73815654
2021-07-19,265.0666809082031,269.778572575089,263.31127802705606,264.48924389498586,21715702
2021-07-20,262.4335632324219,267.0761793879751,259.4077989136244,265.9443971998295,21047054
2021-07-22,269.8709716796875,270.2405257339655,263.7732311010159,266.59111248444856,24086770
2021-07-23,276.7771301269531,278.0012797206588,269.64000275510597,270.93345607088656,28114910
2021-07-26,272.75811767578125,277.4007050183209,271.74182302585723,277.2159139200936,12199806
2021-07-27,273.2200927734375,274.6983371119889,269.8478663791945,272.042126948792,7966274
2021-07-28,273.4510803222656,274.0977928663641,269.3166256277125,272.98913070712376,9147860
2021-07-29,272.75811767578125,276.2458311423079,271.5801519612806,274.2132418424598,11668940
2021-07-30,271.2337341308594,273.9361281643632,270.2405311570868,272.0190259387715,6356412
2021-08-02,273.58966064453125,275.0448132160219,268.9701644749317,271.71877033487687,9247796
2021-08-03,276.8926086425781,279.01756557918736,274.46737318017625,279.01756557918736,10331214
2021-08-04,275.6915588378906,279.0176021180672,274.53668465693835,278.78662728187675,9018712
2021-08-05,277.5855407714844,283.8680443895906,276.01490076937404,276.01490076937404,22588728
2021-08-06,276.2458801269531,280.1262683165026,275.4605601129767,278.90209051278924,10540400
2021-08-09,275.6915588378906,279.941501462829,275.0910299028295,277.1698034285436,9293502
2021-08-10,278.9482727050781,281.30423273439885,273.9823141842223,276.43066977854596,14055564
2021-08-11,277.7471923828125,280.1724277424961,276.4537391633477,278.04747089588716,8565026
2021-08-12,279.8721618652344,281.2811307415578,277.4700464328473,278.0936671325695,7905016
2021-08-13,284.3299560546875,286.61661203079694,279.94143520575244,279.94143520575244,16729368
2021-08-16,283.66015625,286.8245280387554,282.0202407511683,284.60714732438163,7144852
2021-08-17,293.2918701171875,294.2850450358132,282.3436568005865,283.5216228736954,23645544
2021-08-18,290.7510986328125,295.2781992156992,288.53371792716706,293.68446740670413,13847154
2021-08-20,286.4318542480469,291.92906596584635,285.48486317267253,287.5636364482017,12341386
2021-08-23,290.4969787597656,294.23878723177637,288.0255598132908,289.180433749992,14072750
2021-08-24,292.6681213378906,293.79990333410626,288.3026926068656,293.79990333410626,8967436
2021-08-25,291.79046630859375,296.94118725833613,290.82035526410755,293.3379861385025,12815436
2021-08-26,290.543212890625,294.9548260277308,289.1804559018942,292.0445491233425,8416702
2021-08-27,293.31494140625,293.7999829088108,288.8571159220972,290.79731012751006,8743108
2021-08-30,292.1600341796875,295.41677326547295,291.2823186495421,293.7768578019379,8743710
2021-08-31,296.08660888671875,296.8257169864449,290.52012171175005,293.15321193900354,15591816
2021-09-01,296.5947570800781,299.04308450297316,293.45350520569383,297.4031689401489,9450444
2021-09-02,300.93707275390625,303.50088739653324,295.99420639167226,297.9574921929436,9077556
2021-09-03,302.6231689453125,303.3623052157281,300.03626248677233,301.6530860721514,7549940
2021-09-06,317.1053466796875,318.14473340463684,303.33925258383687,303.33925258383687,24676832
2021-09-07,311.46954345703125,318.74525025636126,310.77661899995223,318.74525025636126,12812218
2021-09-08,305.903076171875,312.0008174361484,304.8867812619677,312.0008174361484,13432462
2021-09-09,305.97235107421875,306.9886459820307,302.11508262760714,305.30254661229674,11611460
2021-09-13,309.8526916503906,310.3608249281431,303.8935305813589,305.9723037642538,11177578
2021-09-14,311.0999755859375,312.13936222545124,309.50624376631635,309.96819338387803,7322676
2021-09-15,311.37713623046875,314.37980876537233,309.50624590544686,311.35404438846444,8290832
2021-09-16,308.5130920410156,314.47225437518404,307.19654669041114,314.0103046809127,9315692
2021-09-17,307.3119812011719,311.5388314540462,306.1571071643392,310.15298260984696,10815562
2021-09-20,306.0416259765625,309.73722296948705,301.83789567517783,303.84736526201357,9092860
2021-09-21,308.3975524902344,309.0442932309669,303.54708152024165,305.1177214933537,7367102
2021-09-22,308.6516418457031,311.5850105782696,306.2725900865719,309.0442877344142,9583304
2021-09-23,311.49261474609375,312.7398843255687,310.15297780123774,310.84590221259424,6462586
2021-09-24,312.5089416503906,322.9721126156444,311.81601716779556,314.35674027064425,24253176
2021-09-27,302.0688781738281,313.36352421472884,300.7292129517362,313.2249449630013,16798164
2021-09-28,295.4629821777344,302.06888466885687,293.4535124965575,302.06888466885687,16224924
2021-09-29,295.99420166015625,298.6504118194163,289.8040658370317,291.00515169570957,17679132
2021-09-30,292.9222717285156,298.7659462774136,292.2062553857483,295.0703489519875,12027918
2021-10-01,293.9154357910156,295.53225940636895,291.12064632350956,293.2456032256217,8417708
2021-10-04,296.1327819824219,297.31074780963115,293.77685032800326,295.6015568657257,10494244
2021-10-05,298.8120422363281,300.0362197690317,292.8990938906898,294.00778404088027,10912148
2021-10-06,293.68450927734375,300.47517521740343,293.0608884869506,300.45208337242053,9673198
2021-10-07,297.0104675292969,299.5973737200637,294.215678402895,295.1857611756418,7448686
2021-10-08,305.41802978515625,308.37449069978,297.95753147859335,298.48878486704945,22091966
2021-10-11,301.5606994628906,307.79701919156093,293.33800205226976,299.7822047442624,20422932
2021-10-12,304.470947265625,305.99540338751876,296.82568759757527,301.19111662947387,18680432
2021-10-13,310.707275390625,311.6773864231033,303.0389236614053,307.1964698701746,18925882
2021-10-14,327.1758117675781,341.7734081871542,321.05497942600323,321.97887864737305,118377606
2021-10-18,327.8687438964844,332.9732815755998,324.47342545614464,332.14177789583977,21198892
2021-10-19,328.7002258300781,337.20010958236486,327.06031042109583,331.26404042104093,21865148
2021-10-20,324.2655334472656,333.87407966863725,321.40144023445777,329.6472294712098,16108782
2021-10-21,321.655517578125,327.52228344243196,314.9110643452477,327.4991916002636,15916912
2021-10-22,315.234375,325.9053980155704,313.31727314537295,324.17308725361664,10758302
2021-10-25,308.4437561035156,316.0659245663941,305.2562925591545,315.39609200183514,17621916
2021-10-26,308.6516418457031,313.57138825352325,307.1964893025193,309.991278791727,12193966
2021-10-27,310.01434326171875,311.60807490754974,306.4804459898299,308.6516145946457,12631178
2021-10-28,303.4547424316406,310.24537986630645,302.57702680102017,309.9682213488314,10357542
2021-10-29,298.7658996582031,304.6095732952586,297.6110256742132,304.07831998455697,13522634
2021-11-01,302.78485107421875,303.4777754287123,299.11234635637027,300.77535352908905,8802466
2021-11-02,302.0226135253906,305.34865596158426,300.7753440874226,303.50085774093924,8079378
2021-11-03,301.4221496582031,305.74136765109967,300.35967109154524,304.6096135533461,6871182
2021-11-04,301.97650146484375,303.80120827951174,299.06622421615765,302.5770303899425,1565810
2021-11-08,304.12451171875,305.34868945226054,299.1123697735835,301.630000764379,9504460
2021-11-09,304.17071533203125,307.7739165205558,303.3623035437971,306.3187640236682,8284130
2021-11-10,301.46832275390625,304.4248117178526,300.98328127260044,302.9927791168223,8091390
2021-11-11,296.4792785644531,300.1517839065373,294.169530323541,300.1517839065373,12067796
2021-11-12,304.9098205566406,306.04160268863546,298.32703891390395,299.3433336486578,12126506
2021-11-15,304.37860107421875,307.6584319384391,303.57018927858473,305.6027505905079,9435996
2021-11-16,305.5565490722656,308.9287752981698,302.4152976316311,304.14760852115353,11327094
2021-11-17,305.71826171875,308.5823550846169,303.96285875101483,305.55659062514115,8854994
2021-11-18,300.93707275390625,307.63534195824377,298.07297959301843,306.4573761165142,7842498
2021-11-22,297.5186462402344,305.0946312638489,294.7238566865505,303.9628490591696,11582434
2021-11-23,296.94122314453125,299.7822247104314,289.20356666953944,296.8950394585688,9134924
2021-11-24,294.03094482421875,299.1585745320883,292.4603047756843,297.6341463644921,7985552
2021-11-25,294.123291015625,296.47922249776155,292.4140720015438,294.2618702448395,6661362
2021-11-26,287.0785827636719,293.06083568529266,286.24707912790524,291.9521453741599,8277074
2021-11-29,291.3053894042969,292.34477594336335,278.9944502031193,284.81500354382575,10376060
2021-11-30,294.37744140625,298.1885263675706,291.25928098335135,291.3054646745108,26850200
2021-12-01,293.24560546875,298.39635487512754,292.5295892155069,296.84880677149476,9453644
2021-12-02,298.7889709472656,299.38949973860116,290.56627438587145,294.21568720232864,10210456
2021-12-03,295.99420166015625,302.0919419256647,295.6015557842449,297.8420000318154,13405010
2021-12-06,288.487548828125,297.5879623325134,287.8639280951147,294.37740671052467,9409906
2021-12-07,292.1369323730469,293.130107075736,287.79459494334753,290.1043428963439,8557090
2021-12-08,296.43304443359375,301.6530689307282,294.8393127795364,295.18577495671565,15360658
2021-12-09,297.1259765625,299.15853780470337,294.6545293835221,296.45614403006056,6865604
2021-12-10,294.83935546875,298.3732814657142,293.3842028358428,296.640970329,8525212
2021-12-13,298.14227294921875,303.2929938964416,295.74012947211634,297.26455746108894,13123680
2021-12-14,298.835205078125,301.1449530592663,295.3012793889125,298.41943916345326,8609412
2021-12-15,293.9847412109375,298.74281652462037,293.49967156739154,298.74281652462037,7123544
2021-12-16,297.6341552734375,300.22109024285913,295.37061889475893,297.49557601681136,12437240
2021-12-17,309.8758239746094,312.6475219139085,300.3134604449935,304.88677332290484,104600018
2021-12-20,307.6354064941406,312.9709198578489,306.27264924834515,308.3745147316033,26298202
2021-12-21,319.1147766113281,322.02505343925685,309.9681802113382,312.2779282009905,27362096
2021-12-22,316.7357482910156,321.47073159792546,314.6800669723973,321.47073159792546,12327754
2021-12-23,320.84710693359375,324.2886372845502,318.32947583416023,318.7914254599217,12944908
2021-12-24,322.6487121582031,324.47341876473695,318.8145360174253,322.32534179075196,13182426
2021-12-27,323.1799621582031,323.8267029428613,319.2765101924165,323.2954495700943,10188656
2021-12-28,325.88232421875,326.8293151820114,324.0807096485151,324.7505421525852,10158044
2021-12-29,325.0739440917969,327.98422097692503,323.3878167481447,325.7899603436287,7898416
2021-12-30,329.8782043457031,332.5575346327114,325.21252457517704,325.7206578667591,18087350
2021-12-31,330.4556579589844,332.0493898283497,327.568472759108,330.6635409324091,8549558
2022-01-03,332.0032043457031,335.74498506641714,330.7559347070758,331.67983396603415,9280810
2022-01-04,333.296630859375,334.0357389290219,328.70022677675104,333.8740678497758,10228800
2022-01-05,329.6010437011719,332.9963620253529,324.7505728408183,332.6037161385336,14711264
2022-01-06,326.02093505859375,329.0236075033417,323.3416329776981,326.0440268999047,12883220
2022-01-07,328.6771545410156,333.29665073976497,326.87553974543647,327.06033087145335,13120326
2022-01-10,320.362060546875,327.5222796362428,318.74523688153386,327.5222796362428,27537820
2022-01-11,320.662353515625,322.64873132630896,318.2833015942911,321.05499943110647,15487458
2022-01-12,319.3688659667969,324.1731534050529,315.6039933929803,323.364741551175,23460682
2022-01-13,300.1517639160156,307.65844519902487,299.34335208553773,306.3649919092936,61505934
2022-01-14,295.5553283691406,299.9207574317077,294.0309004317012,299.9207574317077,26514548
2022-01-17,298.7197265625,301.02947461232935,292.43719494986414,295.41677557317735,20457876
2022-01-18,292.55267333984375,300.26723722764876,291.5594986261133,299.75910395040677,14329980
2022-01-19,286.9400329589844,291.79050422623004,285.94682994524277,291.4902256792378,17382766
2022-01-20,284.19140625,287.51744908734116,282.0202374398491,286.709037268308,16827124
2022-01-21,279.9576721191406,282.7107530218229,277.9911897945208,282.2480512983829,19646694
2022-01-24,265.012451171875,280.1659348486605,263.02283911596265,280.1659348486605,26150716
2022-01-25,260.3622741699219,264.6653946941826,254.80985330221176,260.26972817391214,34712370
2022-01-27,252.0567626953125,257.6785999059185,248.56337034747435,256.79945533895994,31351744
2022-01-28,255.48072814941406,261.4033036398734,252.93586906639055,254.5321671710694,29899780
2022-01-31,264.9429931640625,265.77587885162626,260.29284653349947,263.2772782710784,26252174
2022-02-01,266.81695556640625,269.4774904307995,262.0973924196161,268.32073614193285,20920202
2022-02-02,272.0686340332031,272.9940375503229,266.0535111719248,269.2924234818439,16368826
2022-02-03,267.5572814941406,272.43877920911353,266.5856191353382,270.5417133691381,14082780
2022-02-04,264.5497131347656,267.3490529425465,262.8377110919755,266.97889720815,13633558
2022-02-07,257.724853515625,265.4982366269485,257.07705982256834,264.61912031902443,15091358
2022-02-08,259.2286682128906,261.79665740373235,256.54500357884814,259.7607865480441,13953814
2022-02-09,263.254150390625,264.0870078420439,260.63987436479186,261.1488632036553,10207476
2022-02-10,265.4288635253906,265.9378241411934,261.9817299261506,264.8504863523998,11603824
2022-02-11,259.78387451171875,261.88916159363015,257.77110517673674,261.88916159363015,15442458
2022-02-14,250.6455078125,257.794254476845,249.8589093016697,254.48592614058953,16241546
2022-02-15,260.6629943847656,261.54213892126546,251.36270140464833,252.45003911567682,13676992
2022-02-16,260.91748046875,263.87875418327343,257.9793079482192,261.49585755061804,14607822
2022-02-17,261.3802185058594,264.8504814799623,259.64508701880794,264.66538949158115,14228840
2022-02-18,260.2465515136719,261.75033189248376,256.961352818396,258.65022515564266,13411838
2022-02-21,264.11016845703125,264.98931312907445,256.98457804144374,257.1465123668371,17534002
2022-02-22,261.0331726074219,263.27726453240354,257.3084013687206,257.3778179194191,21490124
2022-02-23,262.39813232421875,264.1564214410726,260.33913227713265,263.36982287422825,14408512
2022-02-24,248.54022216796875,257.6785804751696,245.76401204932546,253.5605241694208,26953888
2022-02-25,256.91510009765625,258.5345559289787,253.32916218544221,253.5605130184883,15922624
2022-02-28,257.1696472167969,259.1592592499771,251.7560306680408,254.94868429043117,18316874
2022-03-02,256.8919982910156,258.3263623137381,254.67103570312503,256.7994522996303,16354110
2022-03-03,263.5317687988281,266.49307121361574,259.27490716797325,260.5010780680977,25911326
2022-03-04,266.1922912597656,268.3669949706733,256.3598798060987,259.5756623768064,26948372
2022-03-07,264.5959777832031,268.20507393524855,260.15405239140205,260.50107869517,21112334
2022-03-08,271.8141174316406,273.3410273828568,264.66537056791213,264.66537056791213,22039998
2022-03-09,270.911865234375,275.95532543098284,269.36182572203353,272.0686195692784,23527232
2022-03-10,272.18426513671875,276.0015540230391,270.4953926966462,275.30750149825354,16161966
2022-03-11,271.2357482910156,272.99400914236236,269.4774874396689,271.60590401113,9927188
2022-03-14,276.7650451660156,277.9911877796011,271.14320797053904,271.32829995500225,15006442
2022-03-15,271.9298400878906,279.3330685225253,270.3566427491006,279.3330685225253,13853244
2022-03-16,276.811279296875,277.36652695955814,274.1507446442097,275.4231742607018,11150296
2022-03-17,278.1763000488281,282.71077158811505,277.1583505421946,279.9345610651548,16881290
2022-03-21,277.62103271484375,285.0242602539062,276.6956292724609,279.98080019649115,15592952
2022-03-22,282.27117919921875,282.7107514823074,275.8396422230696,279.1942296997418,15580500
2022-03-23,282.8033142089844,284.5615752043085,281.1838580899354,284.0757440168085,11393836
2022-03-24,282.5025939941406,284.0063749274592,280.3047603223673,280.86000816134674,7751490
2022-03-25,279.1711120605469,284.09889739153726,276.34864245455316,282.7107920296894,11986194
2022-03-28,277.713623046875,281.7853931952412,276.2792305375243,281.32269140017513,11476810
2022-03-29,278.7778015136719,280.09649019120764,277.22776196351066,279.00915238629733,9402006
2022-03-30,277.99114990234375,281.92411398719685,277.3896433964033,279.98076137940876,15488764
2022-03-31,273.8731689453125,279.14795179319674,273.08657034558064,277.6210417119953,14476178
2022-04-01,278.4538879394531,279.1942276320859,272.6701164707827,273.7806118891961,8567994
2022-04-04,280.2121276855469,280.62857049631384,277.1583078768211,279.9345179724153,8855948
2022-04-05,279.5356750488281,284.36449470043925,279.02244886686043,282.47495781399056,12862488
2022-04-06,276.9229431152344,278.9991127767855,275.7332368747161,278.9991127767855,8235902
2022-04-07,270.9977111816406,276.1997964408889,269.43476764292797,276.1997964408889,15721530
2022-04-08,272.3041076660156,273.86705133854855,270.83445196256804,273.4004975883977,8636632
2022-04-11,266.4488220214844,272.5840149202161,265.04916084089274,272.4673764885001,17164216
2022-04-12,260.66357421875,265.0025182053982,259.49718989566287,265.0025182053982,16338532
2022-04-13,260.8968505859375,263.83613337927704,258.7506863498412,261.2700878733778,11204576
2022-04-18,251.28582763671875,256.5345571002462,250.0727993289532,256.5345571002462,18930062
2022-04-19,247.48338317871094,254.52833172791603,245.43053577932938,253.80517928364782,13286008
2022-04-20,250.30609130859375,252.19562833432633,247.90332806306193,250.0728144294618,8660976
2022-04-21,251.56578063964844,253.10540227623093,250.70263914064807,252.40557167085888,13388782
2022-04-22,250.8659210205078,252.33554803611204,247.57672325090562,249.60622038129208,9782424
2022-04-25,246.97023010253906,247.81004968085443,244.1475854510622,247.2501794540384,9473768
2022-04-26,246.92355346679688,250.88926004113372,245.92045158987543,250.5393447551628,8718740
2022-04-27,242.1180419921875,245.87379348394592,240.04187238612934,245.87379348394592,16275078
2022-04-28,243.79762268066406,245.7105098770606,240.74170173565045,244.4741312199241,13241338
2022-04-29,237.3825225830078,246.57363638964566,236.54273159801392,246.57363638964566,24151260
2022-05-02,230.944091796875,242.1413810961174,229.82436571456867,240.50844307331124,43822854
2022-05-04,229.4277801513672,235.07308272411265,228.26139591063833,233.27684814577242,17267854
2022-05-05,233.81338500976562,235.0031054932283,231.55059670647924,233.74340480205348,10869532
2022-05-06,226.32521057128906,229.0312164299541,224.41233748729297,228.61132093300117,18441782
2022-05-09,225.41543579101562,228.30807466344206,221.42640702415852,224.87890183963867,16675250
2022-05-10,222.849365234375,225.69534556613414,222.14953470548775,225.34543030169053,14969534
2022-05-11,220.1667022705078,224.85557579839494,215.80442204875447,223.96911232120033,21029342
2022-05-12,221.0531463623047,222.07957023931888,215.6177983836872,218.39379870691448,14573000
2022-05-13,218.650390625,223.71250116317134,217.88057986069032,223.71250116317134,16775318
2022-05-16,218.34713745117188,221.30975637318065,216.94747631366437,221.1464597261869,7314066
2022-05-17,227.04835510253906,228.14475914440914,218.4870918657599,219.7467925501364,11321450
2022-05-18,224.5289764404297,231.0607284823331,224.22571937181638,229.03121696455236,15390968
2022-05-19,210.48570251464844,221.0531411531335,209.94916859807122,217.48400813458414,22945978
2022-05-20,214.42808532714844,215.6411278058515,212.28193543991824,215.54781136976314,12731912
2022-05-23,217.4140167236328,218.25380765951874,213.44831041000432,216.38759292369357,14111568
2022-05-24,214.5913848876953,219.0936253474092,213.68159945678116,218.5570914278321,13779460
2022-05-25,207.5464324951172,215.01129227787538,206.77662167763825,214.68469896714367,15481506
2022-05-26,211.51211547851562,212.14196579950206,207.14983568571452,208.08294305366817,11583082
2022-05-27,217.8572540283203,218.32380772429008,212.86512378620822,214.61470014609486,11414472
2022-05-30,222.19619750976562,224.6456044114481,220.74987820591633,220.74987820591633,12291148
2022-05-31,223.03598022460938,224.29568085130288,219.46684743309555,222.03289266384368,31587004
2022-06-01,219.63015747070312,223.4559035616048,218.58041163042893,223.4559035616048,10514566
2022-06-02,221.21644592285156,222.2895280335048,218.39380158104993,220.12004182117772,10535040
2022-06-03,221.84628295898438,227.6782041724172,221.37972926190974,223.7824779542263,23269778
2022-06-06,220.77322387695312,221.84629172740193,216.57424043731777,220.2133537230993,13791156
2022-06-07,218.18385314941406,219.63017258762505,217.01746880216166,219.28025728344934,4701342
2022-06-08,219.46685791015625,220.21334667871886,216.62087748893634,219.77011496792227,5627652
2022-06-09,221.63633728027344,222.14954921593062,216.5975628383963,217.90390754907867,7402238
2022-06-10,215.05795288085938,217.973913765793,212.88846659199658,217.973913765793,17453098
2022-06-13,208.12960815429688,211.3488258326062,207.6163962373284,209.97248672411192,14130822
2022-06-14,208.0363006591797,211.67542821381414,204.35052912307097,205.2836365619891,13056384
2022-06-15,205.3302764892578,210.25241209581594,204.95702500408873,209.2260025472997,11391596
2022-06-16,197.02561950683594,208.4328630334488,195.83591328100758,208.08294776254766,17944686
2022-06-17,189.04757690429688,195.36937424430963,187.57792126577823,194.08635148807835,41550546
2022-06-20,193.4564971923828,194.972796782712,188.55768313131927,190.82047152142843,20750838
2022-06-21,198.3553009033203,199.1017896641487,194.38959448938883,195.95255221779135,12187804
2022-06-22,191.87022399902344,197.2122699733812,191.42699225442794,197.2122699733812,16202862
2022-06-23,195.50933837890625,196.32580742109633,191.89354690635022,192.4534170876595,19655010
2022-06-24,195.369384765625,198.7518994869403,193.96972350163244,196.4191307136194,15362102
2022-06-27,198.2386932373047,200.96803562857272,197.81879769359216,199.21845899802796,12447870
2022-06-28,199.33506774902344,200.19819493914724,193.9463782248296,196.88566083110098,12091828
2022-06-29,196.30247497558594,198.19201182022212,194.73951718758013,195.95255969042447,16684176
2022-06-30,194.10968017578125,197.35223440317355,193.6198044381017,196.83902243535812,12123284
2022-07-01,196.8856658935547,197.4455360415683,191.94019371306555,193.61978991901705,8907248
2022-07-04,196.09249877929688,196.76900728559096,194.08632372449517,196.3957700505867,6372716
2022-07-05,192.96661376953125,197.37553770543045,192.7100006908774,196.46576653044602,11513210
2022-07-06,194.10968017578125,195.29940077000214,192.73335516901523,195.29940077000214,10522910
2022-07-07,196.3258056640625,197.79546131732397,194.6462236113466,195.95256837192343,10706024
2022-07-08,195.5326690673828,198.14537277596636,194.34294852533927,197.81877947310974,9535432
2022-07-11,191.84690856933594,193.61980713217747,189.2108684793531,193.50316869414604,16689574
2022-07-12,190.8904571533203,193.54981912866225,190.3539232075836,190.82047694093552,9777472
2022-07-13,189.74740600585938,192.22013505772526,189.11755562831925,192.22013505772526,11956780
2022-07-14,187.29800415039062,191.5669680131093,186.85477240326168,191.5669680131093,13161242
2022-07-15,183.75218200683594,188.53435754671656,182.42250108227563,187.06471620402965,22328354
2022-07-18,188.83761596679688,189.28084769086146,185.05852803127027,186.15493210809623,13632394
2022-07-19,189.25750732421875,190.2605949409654,187.18135188268994,188.02114285529433,12897178
2022-07-20,192.2667999267578,194.78618728595205,189.9340312167464,191.66027151930066,25237412
2022-07-21,193.15322875976562,194.78616668406315,187.83451951109998,190.75048009020273,45382342
2022-07-22,191.68359375,194.73951484169532,190.84378853287535,193.96970407123132,15468542
2022-07-25,193.52647399902344,193.92304750175248,190.61051329967648,191.52029873310846,12535662
2022-07-26,189.04757690429688,193.80641640273717,188.62766715724018,193.52648131739602,15186298
2022-07-27,189.7240753173828,190.07399062200287,187.53128128461782,188.9309425030981,14084158
2022-07-28,194.0863494873047,194.55290321203378,191.70692264356833,192.12681814820658,15898464
2022-07-29,197.67881774902344,197.95873859181174,194.92613939816147,196.23249836289537,15919784
2022-08-01,200.15155029296875,201.03799953289538,197.16560926675223,198.84520554340213,10365748
2022-08-02,200.43148803710938,201.38791750164629,198.12204134632404,200.1282309560189,16912426
2022-08-03,201.71449279785156,202.01774985185898,199.45170453041504,200.15153507262704,12034938
2022-08-04,203.18414306640625,205.42359520519744,199.26509470447692,203.907295630075,17789134
2022-08-05,205.2836456298828,206.21675311001866,203.4874108830033,203.4874108830033,12967586
2022-08-08,203.34744262695312,206.58998245272704,203.044185555203,206.58998245272704,9557496
2022-08-10,200.68807983398438,203.41742194392327,198.8918451641552,202.9508682238684,11329742
2022-08-11,204.56048583984375,206.21674586364847,203.55738394347415,204.35053096895484,9154644
2022-08-12,203.46408081054688,204.5838068946213,202.95086886923664,203.93063453208535,7092398
2022-08-16,203.9306182861328,205.19030469108108,203.69734144394735,204.58379059663434,4774208
2022-08-17,206.7066192626953,207.56974648944012,203.7206783122526,204.0006133909387,10401476
2022-08-18,202.97418212890625,206.100097623985,202.50762842743714,206.100097623985,16888260
2022-08-19,201.76116943359375,206.45002879922137,201.08466081912863,204.79376872668965,17253908
2022-08-22,195.9525604248047,201.03799307392578,195.5093287000366,201.03799307392578,12900580
2022-08-23,194.3896026611328,195.2527298821845,191.28702330154275,193.61979187839083,17028776
2022-08-24,194.1563262939453,195.71928409199992,193.31653529939422,194.92613707863205,7429170
2022-08-25,193.71310424804688,195.9992145577238,193.5964658216543,195.62596305041401,8753902
2022-08-26,194.66954040527344,197.11894744452493,194.22630867436348,195.25273255747618,7904194
2022-08-29,188.65098571777344,189.58409308945716,186.15492065090177,188.95424276595293,23519514
2022-08-30,192.94326782226562,194.0630080398237,189.53743166844336,190.8904344868897,19750992
2022-09-01,191.49697875976562,192.05683467708354,188.88427509801357,191.2403656726666,11778706
2022-09-02,190.2139434814453,192.57003390055957,189.9340084222217,192.47671746812216,9815080
2022-09-05,189.18751525878906,190.35389944657445,188.48768474611785,189.8873457714603,18018508
2022-09-06,188.69764709472656,190.0506499587135,187.2046695797893,189.8873533183159,18226162
2022-09-07,190.09732055664062,190.75049292268318,187.08804334132606,187.60125528539152,12248532
2022-09-08,192.59335327148438,193.31652001782194,191.1003900394016,191.2870086636509,14064948
2022-09-09,194.6228790283203,195.69596111381966,191.91687318123212,194.55289881880913,14671342
2022-09-12,196.8856658935547,198.00539195149258,195.04277304125844,195.88257826327884,11678424
2022-09-13,197.18893432617188,198.75189219456877,196.65240037561207,198.2386802356502,9408334
2022-09-14,194.226318359375,197.2122737180181,190.82048171591632,190.82048171591632,17583964
2022-09-15,193.6431121826172,196.37245424137936,192.80332119750082,195.81259833066488,10640314
2022-09-16,187.3912811279297,192.57002977942778,186.71478684054603,192.57002977942778,20192486
2022-09-19,187.53125,189.5141030620606,185.22180367954138,188.95423297283187,13584188
2022-09-20,188.90760803222656,191.00709987949577,188.69766739035384,189.42081999806598,8989822
2022-09-21,186.9713897705078,189.3741384071524,186.38819766267716,189.3741384071524,19290112
2022-09-22,185.66505432128906,186.78478037605223,184.28871518354333,185.68837631151962,16500324
2022-09-23,183.98545837402344,186.34154891413286,183.6588650818092,185.73503478640845,13966710
2022-09-26,184.19541931152344,186.24826725222346,179.4365794879419,182.88907447479696,18994144
2022-09-27,185.875,187.27466116602122,182.88905902677266,185.12851119717075,12454694
2022-09-28,185.71168518066406,186.8547473829863,184.45199879733957,184.75525583935723,8921590
2022-09-29,183.26229858398438,187.50794035456798,182.67910642423635,187.08804484716737,11883068
2022-09-30,183.9387969970703,185.08185926210385,180.78955950885162,183.09900602878093,13570530
2022-10-03,184.05543518066406,185.6883731353721,182.23587859303575,183.77550011223917,8140834
2022-10-04,189.18751525878906,189.42079209634616,186.15491637054708,186.5981480571408,12591696
2022-10-06,191.3570098876953,192.6866908684247,190.0973233570753,190.98377259819824,11203878
2022-10-07,190.40057373046875,192.10349194073473,189.5374465110467,191.19370650224593,7580186
2022-10-10,191.89353942871094,192.9199633084172,186.50484965547707,186.76144850635885,18714926
2022-10-11,188.67433166503906,194.972807223696,187.69456595274102,193.5731459884389,22723292
2022-10-12,190.33058166503906,191.10039239837533,187.3679629149621,188.60432733372502,12610118
2022-10-13,176.87049865722656,183.05233476769166,176.40394498851222,180.5562697924523,84896212
2022-10-14,176.03070068359375,180.78955399362926,175.54082500671743,180.5562771497665,27864794
2022-10-17,175.00430297851562,176.80053764565886,173.74460224101526,176.03071261824778,16909538
2022-10-18,176.9638214111328,179.2732680348594,176.54392590811608,179.0166691824852,22328480
2022-10-19,176.38063049316406,177.85028612115332,175.91407676696807,177.85028612115332,10198278
2022-10-20,177.99024963378906,178.50346158913229,175.424204095163,175.89075782945864,11868814
2022-10-21,178.4801025390625,178.830017795044,177.38371279412436,178.4567805505657,8931540
2022-10-24,179.48321533203125,180.2763480846874,179.15662204452696,180.2763480846874,3472470
2022-10-25,179.4598846435547,180.29968987816483,178.9933309259122,180.29968987816483,5783256
2022-10-27,178.5267791748047,180.53296872561987,177.8036265997289,180.08973699374135,11723118
2022-10-28,178.80670166015625,180.01974410155455,178.22350954776175,178.59674680445875,7609676
2022-10-31,180.34632873535156,181.20945593608434,179.50653776269158,180.34632873535156,6638382
2022-11-01,183.07566833496094,183.35560340151233,180.36966258050498,181.02283491039893,11540196
2022-11-02,183.798828125,184.218723589825,182.25919243652388,183.2856162288413,6716614
2022-11-03,181.256103515625,183.7055103198902,179.87976447323115,181.8392956118786,10312476
2022-11-04,182.21255493164062,183.07568218627367,179.92644448500258,181.25612547315725,9023630
2022-11-07,182.65577697753906,184.2187347494858,180.83622036101283,183.3556075406714,8252598
2022-11-09,182.39918518066406,184.0087869952081,181.55937992960256,183.84549034321645,6862546
2022-11-10,181.44273376464844,182.46915761505767,180.55628456916187,181.3960755463409,5494908
2022-11-11,186.4814910888672,189.35079305778933,185.3384290033037,185.9216210391857,28417046
2022-11-14,185.01187133789062,187.85785186777326,184.54531761948658,187.85785186777326,17623428
2022-11-15,185.29180908203125,186.41153517469067,183.82216769553517,185.71170458701732,12462712
2022-11-16,185.8050079345703,187.41462386803371,184.84857856071386,186.1549232037503,11039528
2022-11-17,185.1051788330078,185.68837095283456,184.28870986525035,185.64171273563065,6057616
2022-11-18,183.75218200683594,186.10827255319992,183.26229206721408,185.6183968516674,9546202
2022-11-21,181.3260955810547,184.03211562753953,180.8362198833916,183.75218055540807,7904612
2022-11-22,181.39608764648438,181.6760227369137,179.38991226823947,181.48940408932418,8410828
2022-11-23,181.3727569580078,182.86573454331594,181.0228416712721,182.30586438930303,6717760
2022-11-24,185.8050079345703,186.5048384729303,181.55936648756878,181.90928175674875,13370266
2022-11-25,187.92782592773438,188.67431470036894,184.7086082237174,186.15492755105518,13648550
2022-11-28,189.25750732421875,191.0304199436234,187.55458915093874,187.92782641918757,13679200
2022-11-29,189.0242462158203,190.77382275287547,187.97450029358723,188.02115851552676,9102602
2022-11-30,189.8406982421875,190.35391016131868,187.85784501134043,189.8406982421875,13892346
2022-12-01,193.0132598876953,194.24962427142896,192.056816316816,192.61668641870088,15852984
2022-12-02,192.40673828125,193.10656881396895,190.84378057722657,193.0599105975033,11726622
2022-12-05,192.38343811035156,193.59648068558718,191.5902910547501,192.80333362998576,9947062
2022-12-06,191.9168701171875,192.50006225061878,190.2605959153891,191.5202966188364,8832518
2022-12-07,189.56076049804688,191.05373801661125,189.0942068032566,190.82046116921612,6568616
2022-12-08,188.3477325439453,190.3539077390973,188.16109967529866,190.0039924675181,8940712
2022-12-09,183.84548950195312,189.42081220672185,182.53914476817715,189.42081220672185,15423336
2022-12-12,184.91856384277344,185.45509775595903,181.02283755801787,183.30894786512758,10365880
2022-12-13,185.5717315673828,186.3182203245111,184.75526260385567,185.85166663106702,6813842
2022-12-14,186.64480590820312,188.72097561202602,186.27156863560296,186.99472119054928,9995152
2022-12-15,184.3820343017578,186.5048480148208,183.84548613776016,186.5048480148208,7766926
2022-12-16,181.8393096923828,184.1954002484531,181.04616268482621,182.6091204714293,18012634
2022-12-19,181.51272583007812,182.18923444450633,179.94978220034767,181.2328049781259,8838046
2022-12-20,181.466064453125,181.90928191829332,178.69006428659642,181.39607000875586,8778558
2022-12-21,181.72268676757812,183.47226334107856,180.95287592285604,182.37585917406682,10215214
2022-12-22,181.3727569580078,182.86573454331594,180.08973423997688,182.00260732174996,9093800
2022-12-23,176.19400024414062,180.01974624217615,175.89074318970717,179.15661905795108,12120710
2022-12-26,177.523681640625,178.03689355474657,175.56415041873865,176.35729739857095,7261148
2022-12-27,180.3696746826172,180.71958997976216,177.40705565250505,178.45680154393997,7685840
2022-12-28,180.92953491210938,181.7460039581714,178.8067210875842,179.62319013364623,7676002
2022-12-29,182.30584716796875,182.93569747221275,179.52984712686168,180.20635564588082,9485398
2022-12-30,183.2389678955078,184.89522785534294,182.67909775348767,183.35560632192124,8256556
2023-01-02,183.37892150878906,183.7754949915001,182.18921529874464,183.35559951960727,5559512
2023-01-03,185.24513244628906,185.57172571663853,182.7490816555303,183.37891773135115,5994422
2023-01-04,181.8159942626953,185.45510766118835,181.30278231211557,185.45510766118835,8926522
2023-01-05,180.50962829589844,182.9823715119509,179.03998695095473,181.95594765048168,9568980
2023-01-06,178.22352600097656,181.39608569005114,177.94359091356645,180.55629466591083,8484754
2023-01-09,182.79574584960938,183.3556160212461,179.6698443992258,180.08973990890837,7347432
2023-01-10,183.37892150878906,183.7754949915001,180.71957402807544,182.88904583126222,7879496
2023-01-11,183.75218200683594,184.75526963831499,182.65577793787958,183.3556085046914,7656600
2023-01-12,184.05543518066406,185.6417149176198,182.18922037528344,184.6386273073455,9510500
2023-01-13,183.77549743652344,185.0351981070501,180.32300294445437,184.755263042701,13621860
2023-01-16,185.9683074951172,187.08803352646075,181.48938913165395,181.9559428312212,23867444
2023-01-17,184.91856384277344,187.57791141868466,183.7055213620349,186.6448040085918,14310032
2023-01-18,188.11447143554688,188.41772851533761,185.68838632104098,185.92166318827847,16080426
2023-01-19,188.20777893066406,188.48771402683687,186.03830685198315,187.60126475403172,9447456
2023-01-20,188.0911102294922,189.14085599266593,187.22798308770948,188.27772885088322,9265614
2023-01-23,189.88735961914062,190.23727490099407,187.7878679280199,189.04756863792804,8815290
2023-01-24,190.16799926757812,191.85173253806494,189.4898243630394,191.00985876624173,9552640
2023-01-25,187.8060760498047,189.84058632730262,187.0811423325295,189.41965661168612,6355554
2023-01-27,186.1691131591797,188.76487253257056,184.36846861075864,187.80607312913207,7410134
2023-01-30,188.13348388671875,189.3261205240334,184.7660174341751,186.1691260772084,7261256
2023-01-31,186.54327392578125,188.2737658080777,186.00541853362367,188.156840102254,9566846
2023-02-01,188.20362854003906,188.9051828320172,186.30943766096152,187.7826988194839,7029896
2023-02-02,191.50094604492188,191.75817691444598,188.2036322438391,188.2036322438391,10835460
2023-02-03,190.7760009765625,193.1612885076814,189.95752094051298,192.95081650343363,8850236
2023-02-06,189.25595092773438,189.98089889200642,187.82946297819063,189.60672805694918,5958022
2023-02-07,187.31500244140625,189.6535168289394,186.636827559758,189.6535168289394,6683580
2023-02-08,190.23812866210938,190.63567892758985,187.5488373534256,187.5488373534256,8300976
2023-02-09,190.96307373046875,191.2670920107048,188.74148512567146,190.23814000027207,5277374
2023-02-10,189.7938232421875,190.3550724081829,188.39071460035814,190.3550724081829,5160140
2023-02-13,187.36175537109375,189.72364893843616,186.70697426785446,189.72364893843616,4825356
2023-02-14,189.4664306640625,190.0978323771063,187.78269752033194,188.48425180745647,4638822
2023-02-15,190.54212951660156,190.75260149873415,187.24483028424166,188.34393478608084,5227672
2023-02-16,191.71141052246094,193.27821804850842,191.0800087703929,191.19693449214034,11189362
2023-02-17,190.0276641845703,190.82276474694595,188.95195332785823,190.2849093185899,5616244
2023-02-20,190.37844848632812,190.72922564060082,188.11010097389197,189.55996845969187,6497188
2023-02-21,188.36732482910156,190.82276481756284,188.063320828019,190.54214024996415,5761172
2023-02-22,184.8127899169922,187.2448505988294,184.48540646534894,186.84730029675768,6883372
2023-02-23,184.25155639648438,186.47314508988276,183.99431124703742,185.11679531117528,6078322
2023-02-24,183.94754028320312,185.4441952352228,183.5967631169322,185.1869643558879,5106634
2023-02-27,182.56781005859375,183.94752489998044,180.27606895191013,183.69029404215735,5554710
2023-02-28,181.02439880371094,183.9007830106504,180.39301131746527,183.26938125124516,10061602
2023-03-01,182.84844970703125,183.22260630803277,181.14132274791834,181.51549362207928,4542612
2023-03-02,181.49209594726562,182.5678211296639,181.14131878905818,181.79611423623936,4438972
2023-03-03,182.6145782470703,183.08228108363787,181.9831765630725,182.68473081792388,4393936
2023-03-06,184.15798950195312,185.51432485571692,183.38628268629077,183.5499815315907,6727722
2023-03-08,183.62014770507812,183.8072259964988,181.86626196083674,183.17582427394015,4908842
2023-03-09,182.4508819580078,184.20476761972958,182.21703053644492,183.71367107055266,4157054
2023-03-10,181.98316955566406,182.35732610124776,180.81391250926833,181.42192046413118,4567396
2023-03-13,180.27606201171875,183.62013440047173,179.48096148934326,181.93640135336685,5982520
2023-03-14,177.46986389160156,181.07116751113995,176.48768498694227,180.79054292792884,8094852
2023-03-15,175.73934936523438,179.4575928055786,175.34179908023552,179.4575928055786,7687926
2023-03-16,174.38302612304688,176.18368511173645,173.05007002632033,175.55228335295445,7686620
2023-03-17,176.0901336669922,176.95538684641534,174.8507238942202,176.41753139104173,9044282
2023-03-20,171.7170867919922,175.83288015471615,170.78168115589455,175.38855676830687,8184754
2023-03-21,171.36631774902344,173.1669765379456,170.9220086148465,172.58234798785128,7211152
2023-03-22,171.36631774902344,173.05005082792675,171.10908689624512,172.04449257639607,5374846
2023-03-23,169.0745849609375,170.6647718403782,168.53672952316236,170.6647718403782,9485192
2023-03-24,169.19149780273438,171.57678507697597,168.84072068220348,169.93982518116513,7906696
2023-03-27,168.95765686035156,170.24383971534385,167.99887171407522,169.19150828853196,6227714
2023-03-28,166.5957794189453,170.2672357814983,166.2216085334106,169.7761534436113,7813096
2023-03-29,167.92869567871094,168.72379620028303,166.03450492335546,167.43761341566548,8823840
2023-03-31,170.82847595214844,171.06232739082353,168.98104387735165,169.93984333981496,7914212
2023-04-03,172.09127807617188,172.30173580542802,170.78170146600024,172.09127807617188,4053500
2023-04-05,172.93313598632812,173.93869430105568,171.74049937844458,172.9097565521182,6443110
2023-04-06,171.48324584960938,173.26052523056717,171.10908928159623,172.58235039374043,6429614
2023-04-10,174.59347534179688,175.10795135248588,171.92757755157743,172.11465584460282,5624940
2023-04-11,173.1669921875,175.31842830090972,172.39528528626587,174.68702655511478,6784354
2023-04-12,174.0556182861328,174.66364057428706,172.74605597391533,173.33068455493364,5578210
2023-04-13,172.2549591064453,173.00328654349664,171.17924822848062,173.00328654349664,6724634
2023-04-17,169.0044403076172,169.2850648931797,164.631415479316,168.34965912341085,13603290
2023-04-18,172.06788635253906,172.53558923160176,168.02225930327845,169.9866171046055,8024898
2023-04-19,168.74717712402344,172.06787010647187,168.56009884469347,172.06787010647187,7475944
2023-04-20,169.70599365234375,170.10354395682555,167.9053347013327,168.6068890245973,4423266
2023-04-21,172.13803100585938,172.4420492817828,170.08014128734465,170.29061328249801,5299988
2023-04-24,176.76829528808594,177.07229928151952,173.30728283004822,175.38856619145,17779044
2023-04-25,175.69256591796875,177.2126001213787,174.96763223791322,176.88521670300042,7528552
2023-04-26,175.1781005859375,176.62798230724957,174.64024515131683,176.62798230724957,7008146
2023-04-27,175.1079559326172,176.13690798090852,174.0088513067513,176.04336169536958,8491700
2023-04-28,180.06561279296875,181.4687214640828,177.727098341112,177.727098341112,27709406
2023-05-02,181.6324005126953,183.4096655929278,181.21147081192004,181.93640450363534,9746608
2023-05-03,180.1123809814453,181.6324153333335,178.68587864116247,181.6324153333335,4828488
2023-05-04,179.4575958251953,180.60345928575674,179.15357754303693,179.94867812641323,6253358
2023-05-05,177.44647216796875,179.78498659894663,177.2593938681224,179.0132796913558,7902194
2023-05-08,177.89077758789062,179.13018725604894,177.54000045879914,178.19478157847163,9613544
2023-05-09,178.80279541015625,179.34066511088892,177.75046398844898,178.89634169023805,5716698
2023-05-10,179.48097229003906,179.85512886828582,178.66249228611053,179.597898004886,3670402
2023-05-11,179.90191650390625,180.93086858672734,179.17698272270937,180.3930131097271,4049964
2023-05-12,179.2471160888672,180.18252178274255,178.45201553980985,179.87851778686468,4580358
2023-05-15,180.4163818359375,181.00101042257373,178.89634751068334,179.24712466266507,5089694
2023-05-16,180.9776153564453,181.84285417140492,180.76714337417224,181.23484620308344,4059352
2023-05-17,178.80279541015625,181.16470338721652,178.35848626266377,180.62684795964225,5376102
2023-05-18,178.943115234375,180.22929808603286,178.7794163804414,180.15914551239229,4237016
2023-05-19,180.62684631347656,181.56225201313586,179.36404290967317,179.97205090518844,7281582
2023-05-22,185.09339904785156,185.49094931673628,180.2526717961378,180.767147775097,12197390
2023-05-23,185.98204040527344,188.06332385251395,185.23371297069488,185.67803639930176,12725634
2023-05-24,186.9408416748047,187.2916188251028,183.97092561431558,184.50878105680758,8256974
2023-05-25,184.3217010498047,186.6134422224664,183.64352618960746,186.6134422224664,13605054
2023-05-26,187.87625122070312,188.27378724724613,184.74263623853273,184.8127888153839,7926180
2023-05-29,186.9875946044922,189.88735799746058,186.77713688489249,188.9519522930396,7959308
2023-05-30,188.25039672851562,188.88179842931743,186.82390874828332,187.08113960597825,7378972
2023-05-31,188.7882537841797,189.32610921057025,187.31499265166343,187.89962121799198,11783582
2023-06-01,190.42523193359375,190.82278225124915,188.97535009617047,189.41967355822524,7065484
2023-06-02,189.3962860107422,191.6646335487828,188.95196256771783,191.15017180190293,6320754
2023-06-05,189.04550170898438,191.64124687255236,188.81165027899956,191.24369658694647,7252860
2023-06-06,187.05776977539062,188.64795668904193,184.99986571555587,188.64795668904193,13707400
2023-06-07,188.3907012939453,188.76487213590022,187.54884187757358,188.20362300954693,8215860
2023-06-08,186.8706817626953,189.30274247096838,186.49652516441913,188.9987384507241,10615052
2023-06-09,185.81834411621094,187.24484643033955,185.23371553004972,186.82391670293526,12018232
2023-06-12,185.02325439453125,186.9875978439515,184.55555153421807,186.9875978439515,11973622
2023-06-13,184.99986267089844,186.37959183287708,184.5087803715684,186.12236096621064,13016186
2023-06-14,185.4208221435547,185.7482056127121,183.66693625219742,185.35065528937247,18512564
2023-06-15,181.9130401611328,185.88851462530786,181.5856424371724,185.72481576332765,28702320
2023-06-16,178.3350830078125,181.77270165596752,177.32952477998478,180.32282003127847,41110648
2023-06-19,177.7972412109375,178.66249436550692,176.3707531824659,178.66249436550692,10629440
2023-06-20,178.89634704589844,180.0422247819919,178.00771445115188,178.5689493289692,11802658
2023-06-21,180.29945373535156,181.11793374582334,179.17696971847917,179.71482515644317,8829264
2023-06-22,178.80279541015625,180.53330167956048,178.4754119761868,180.53330167956048,9356174
2023-06-23,177.7036895751953,179.13017744611693,176.8384365161897,178.80277976763142,6470406
2023-06-26,178.1480255126953,178.61572839630605,177.2827723233836,177.72709577207752,4100400
2023-06-27,178.943115234375,179.71482209073804,178.42863923908018,179.71482209073804,5880750
2023-06-28,178.52218627929688,179.48097142716887,178.1012422893448,179.48097142716887,7140112
2023-06-30,182.00657653808594,182.28720112633115,179.13020662318112,180.06561240189222,9070810
2023-07-03,183.15245056152344,184.22816147566593,182.1702716594338,184.22816147566593,9036924
2023-07-04,185.18695068359375,185.84173182432528,183.80722155552934,184.15799869590248,12617234
2023-07-05,184.22816467285156,184.9297190046394,183.2693794620053,184.32171095968704,12366958
2023-07-06,185.30389404296875,185.65467121674533,183.87739163904817,184.50879340647793,9037242
2023-07-07,185.1401824951172,185.88850993589213,183.9007727539493,184.74263220409688,9065220
2023-07-10,182.3807373046875,185.1401813443063,182.2404178817626,185.1401813443063,5630400
2023-07-11,183.36289978027344,183.7136769237938,181.3985563404546,182.40411463058123,9634838
2023-07-12,183.26934814453125,184.25152689582922,182.56779393262656,184.2281331915382,6848220
2023-07-13,184.4152374267578,186.426368347957,182.9887493709571,183.26937394986382,13595726
2023-07-14,189.4430389404297,189.65351093803375,183.50322114449003,184.6257051610082,31366784
2023-07-17,194.21360778808594,198.7503311265953,189.79381016167056,190.3550592889849,45759860
2023-07-18,195.12564086914062,196.57550833123594,192.81050597952864,195.49979745165064,17769026
2023-07-19,195.47642517089844,196.90291325122197,193.69914565604174,196.4352103693901,10830990
2023-07-20,195.33609008789062,196.4351946267433,193.93298155484246,195.73364036021923,8255710
2023-07-21,189.27935791015625,193.7926877679994,187.54885157538416,189.4196630624204,23514212
2023-07-24,188.975341796875,190.82277387081936,188.71811092371473,190.02767327042733,6808460
2023-07-25,187.26821899414062,189.65350639280013,187.08114070806423,189.65350639280013,6458200
2023-07-26,188.36732482910156,188.7648751104365,187.7359231202941,188.7181019703103,5329662
2023-07-27,187.05776977539062,190.1679910263714,186.6134463367538,188.95196070187603,8948358
2023-07-28,186.49652099609375,188.41410563400828,185.4675689640931,187.57223189696435,6760060
2023-07-31,189.4430389404297,189.88736236952332,186.59006289478396,186.9642194759038,6762180
2023-08-01,190.33169555664062,190.8227778786823,188.9753457659362,189.6535206612884,7181804
2023-08-02,188.3907012939453,189.84058297605944,186.61343618242358,189.84058297605944,5399618
2023-08-03,186.91744995117188,188.01655455506835,185.7014196292685,188.01655455506835,6821698
2023-08-04,191.22032165527344,191.75817710226997,187.2214535444893,187.47869868742427,12481540
2023-08-07,192.2960205078125,193.1612736195778,190.84613884392982,191.73478566167464,8822866
2023-08-08,194.72808837890625,195.26594381262066,191.7347929331768,192.88065637488867,15724284
2023-08-09,195.40623474121094,195.73363242825118,192.95079490788163,194.330523952063,9309388
2023-08-10,195.8037872314453,196.80934546288822,194.35390560154366,195.07885355307332,9901644
2023-08-11,193.18466186523438,197.44076077343814,192.85727842500864,195.8038007528335,7571468
2023-08-14,194.16683959960938,194.6579361668213,191.52432129353662,193.27820701966792,5792180
2023-08-16,195.8037872314453,196.52873518297497,193.62897192317166,193.69912449314995,8131780
2023-08-17,195.28932189941406,196.62227789423193,193.86283389725017,195.803797895872,6340960
2023-08-18,192.5532684326172,194.7280838234643,190.8227621839407,194.12006155653228,10602392
2023-08-21,193.9096221923828,195.1958051474692,192.52989294948088,192.60004552876276,7334260
2023-08-22,195.07887268066406,195.5465755572549,193.04436231286218,194.09669378519152,6350240
2023-08-23,194.21360778808594,195.47641118796412,193.90960379127327,195.14901348483772,6134234
2023-08-24,193.02096557617188,196.43519055997498,192.69356788264213,195.85056201664173,5776956
2023-08-25,191.61788940429688,192.36620264750184,190.40185897434856,191.75819456910776,6598510
2023-08-28,190.8461456298828,192.90404962503564,190.65906734118488,192.43634676671155,3401974
2023-08-29,190.8695526123047,192.64681788828753,190.4018497214503,191.5944863838652,3998562
2023-08-30,190.4486083984375,191.85171696441864,190.19136326411257,191.75817068408986,4018182
2023-08-31,191.0098419189453,191.7581693368427,190.0978299213602,190.82276363276054,22061952
2023-09-01,194.72808837890625,195.38286952747853,190.5889152183064,190.79938721431395,8476130
2023-09-04,203.02981567382812,204.15229969034607,194.564390999276,195.49979672523403,27634648
2023-09-05,201.97747802734375,204.6199962673649,201.25253004810156,203.82489571546273,17973426
2023-09-06,200.78482055664062,203.70796326374963,199.19463377860487,202.86610387336535,13531912
2023-09-07,202.4451904296875,202.84274072439968,199.59220006389054,201.0888549593391,9322650
2023-09-08,201.1122283935547,202.7258089585338,200.78483068458084,202.7258089585338,5748410
2023-09-11,203.38058471679688,204.61999439967184,201.15899620617188,202.51533160013236,8253314
2023-09-12,203.45074462890625,206.49081322680945,199.66234859842595,204.4329234920913,14545328
2023-09-13,203.77813720703125,204.8304686182545,201.81377953015118,203.42736006995682,7445670
2023-09-14,204.12892150878906,207.30929528729456,203.59105179453644,205.04093353329816,14895010
2023-09-15,206.28033447265625,207.54313786583558,204.97077221341397,205.6957059152877,19835876
2023-09-18,203.96522521972656,206.28034587093603,203.54429548979383,206.28034587093603,6025196
2023-09-20,201.1590118408203,204.3160062855001,200.66791525219682,203.09997594106568,9102700
2023-09-21,200.6211395263672,201.69685035231635,197.8616813436004,201.06544866179922,8893070
2023-09-22,195.73365783691406,199.59220664731916,194.84502520793748,198.49310201032947,19818260
2023-09-25,193.67576599121094,196.31828441579106,192.69358708589854,195.7336558141955,9301132
2023-09-26,193.11451721191406,194.93855559792044,192.55328231715168,194.93855559792044,6480566
2023-09-27,194.40069580078125,194.8216255307516,191.89848258212575,192.81050889136057,7773994
2023-09-28,189.58335876464844,194.79824284327609,188.95195704365796,194.79824284327609,16876116
2023-09-29,189.91075134277344,191.40740628874823,187.78270891858867,189.4196690212414,12780272
2023-10-03,189.630126953125,190.86953665564275,188.7648738227475,190.0978298048795,5728104
2023-10-04,189.3728790283203,189.630124156887,187.38514193767435,188.34394133352785,6905870
2023-10-05,190.2615203857422,191.94525355979877,189.41966093529328,190.79939010075213,8125304
2023-10-06,190.7526092529297,191.66462124187694,190.33167954471108,190.82276182543976,6365004
2023-10-09,189.70030212402344,192.22589496972358,188.67135001832781,189.04552090819897,6030450
2023-10-10,190.70584106445312,191.17354392420654,189.98090734109877,190.0744393491543,5128014
2023-10-11,196.9730682373047,198.28264488634204,191.29048100819674,191.29048100819674,19092228
2023-10-12,195.07887268066406,197.32384077903637,193.9563886314779,197.25368820217957,10234398
2023-10-13,192.24925231933594,193.8160597339866,191.31384661186192,192.64680259964408,10914054
2023-10-16,191.85171508789062,192.64680137027472,190.8929156799533,192.22587165922923,5277652
2023-10-17,192.41294860839844,193.55882629404584,192.24924975714052,192.5532680265445,5979388
2023-10-18,190.56553649902344,193.46528567447425,190.35506450222684,191.2904702245965,4881066
2023-10-19,184.8829345703125,185.56110942555463,182.4508882658702,183.31614141019887,25629102
2023-10-20,183.26934814453125,185.23369137397017,182.87179790315386,184.7659885660337,8429336
2023-10-23,179.20034790039062,183.80722392463468,178.7560387474196,182.8016656305693,8837826
2023-10-25,178.5923309326172,181.32839538016802,178.24155380531985,179.784967456165,6678294
2023-10-26,176.9086151123047,177.9843260316155,175.4119601806765,177.1658459881349,10995582
2023-10-27,178.82620239257812,179.76160817020565,177.282774295597,177.282774295597,6202812
2023-10-30,178.66250610351562,179.76161076271106,177.91417861598939,179.5979118946335,4688744
2023-10-31,178.56895446777344,179.6446796592415,177.32954468628913,179.2237499204754,6153536
2023-11-01,178.17141723632812,180.32283905844787,177.79724636971142,179.52775272906075,4241952
2023-11-02,179.4342041015625,180.13575841000585,178.70927035876795,179.50435667777504,4742730
2023-11-03,179.38743591308594,180.86071142002535,178.96650617102867,180.53331369111453,5291528
2023-11-06,179.90191650390625,180.74379028253068,179.13020957837026,180.53331826958467,4939936
2023-11-07,179.27052307128906,181.00102958015677,179.06006532171997,180.01885059601997,5692178
2023-11-08,178.75604248046875,180.46315509997328,178.42864476246675,179.8785265129403,7102052
2023-11-09,178.1246337890625,179.59789491616502,177.58677836464835,179.13019206482082,9231126
2023-11-10,177.39967346191406,178.56893050891628,176.32396268793494,177.86737628071495,10710700
2023-11-13,178.49879455566406,179.08342313358327,177.7270876874424,178.9431179841461,3585902
2023-11-15,183.17581176757812,183.4564363221288,179.71481365654046,180.32282163043544,10792518
2023-11-16,185.7248077392578,186.84729174366186,182.07671688349646,183.17582145426735,13843576
2023-11-17,184.92971801757812,186.61345125951388,184.50878827538403,186.14574837415168,7886928
2023-11-20,187.17469787597656,187.5956276124243,183.90077772313552,183.90077772313552,8610496
2023-11-21,187.38514709472656,188.29717337656265,187.10452252545713,188.29717337656265,5440248
2023-11-22,187.19805908203125,188.29716359523314,186.6602036782135,188.25039045725816,5318582
2023-11-23,188.25039672851562,189.41965385105297,187.31499103048571,187.31499103048571,9677360
2023-11-24,185.21034240722656,188.71811404372707,184.9998703997728,188.25041115886032,6250566
2023-11-28,185.60787963867188,186.49651220268626,183.85399394397578,185.67803221182805,8145314
2023-11-29,190.00428771972656,191.07999859324556,186.14573910757213,186.14573910757213,15544086
2023-11-30,193.18466186523438,193.86283672589119,188.9753360979653,190.33168581927893,19825958
2023-12-01,190.6590576171875,193.5120477620879,190.12120221217822,193.5120477620879,9830426
2023-12-04,190.56553649902344,193.16128166933584,190.23813878693062,193.0209765202438,10662472
2023-12-05,189.11566162109375,191.2904771497043,188.06333014533132,190.54214969008584,11165368
2023-12-06,195.85057067871094,196.6222775354103,189.86397983946685,190.23813641448518,22082070
2023-12-07,195.61672973632812,197.1367640976983,194.86840227302176,196.4352097770659,11250552
2023-12-08,197.6512451171875,198.53987775782028,194.09670028149685,195.8739655627624,15479122
2023-12-11,196.71583557128906,197.4641630392035,195.1490280575968,196.43521098667622,10084242
2023-12-12,197.4641571044922,200.13005489529326,196.5053576586447,196.76260280062473,11903364
2023-12-13,196.27149963378906,198.44631504812236,194.09668421945574,198.09553790796673,9696816
2023-12-14,203.17013549804688,203.9184629874953,197.95525105380136,198.07217677799144,24681376
2023-12-15,208.85269165039062,210.23242069905794,202.7491754683907,203.94181196776526,41567234
2023-12-18,208.2447052001953,212.1032539209176,206.72467085566834,208.59548235662461,20182072
2023-12-19,205.18124389648438,209.22687065279294,203.45073765999817,208.408390673701,16064694
2023-12-20,202.02426147460938,210.23244117727268,200.80823115154396,206.72466963371417,26449942
2023-12-21,202.9830322265625,204.1522893246418,199.80265862905006,200.5977448918492,10663008
2023-12-22,216.38272094726562,218.08983349710155,202.98303713395313,203.5910451303906,46080814
2023-12-26,219.86712646484375,222.53302431358006,209.6945888376961,212.33710725172563,54628644
2023-12-27,220.26466369628906,222.3459328222598,217.06089630781915,219.11878600047044,25262992
2023-12-28,219.56312561035156,223.28135499131406,218.72125185139373,221.01299313887566,16839956
2023-12-29,220.4283447265625,222.32254980916113,217.99629850101053,220.26466014964544,15961140
2024-01-01,223.1644287109375,226.13434488515725,219.02525532428155,221.2234645929253,20347278
2024-01-02,219.44618225097656,223.56196160899177,217.15442687453353,223.56196160899177,14282514
2024-01-03,213.22573852539062,216.9673615371041,212.80480879120466,216.9673615371041,19534364
2024-01-04,211.58876037597656,215.0731522171319,211.12105753948097,213.7401962784879,15170336
2024-01-05,213.55313110351562,216.54642658614375,212.10324936677364,212.82818309856526,16889130
2024-01-08,210.6300048828125,215.14333503489073,210.0219825459919,213.97407777926634,10082886
2024-01-09,210.8170623779297,216.31257093686628,210.4429058023293,214.2079080845076,14465048
2024-01-10,212.1500244140625,213.27250844598856,209.99858836019487,211.1444660994862,8874676
2024-01-11,209.6244354248047,213.69344189554823,208.92288110848762,212.7814298482315,8638818
2024-01-12,217.6923065185547,219.3526459975455,212.8048058185143,212.8048058185143,36086734
2024-01-15,231.32583618164062,247.41481162553117,228.7768498989195,239.44048361416074,127844264
2024-01-16,226.8358917236328,231.51292041896545,224.7312288107331,231.51292041896545,25912492
2024-01-17,225.61985778808594,229.8759566871802,220.7557508776176,222.22901203837677,28668932
2024-01-18,225.73678588867188,228.7067019485662,219.0720200343425,225.61986017192925,26144924
2024-01-19,226.85928344726562,230.74122603857958,226.18112281360038,228.23901269639498,15498620
2024-01-23,219.77359008789062,227.3036096404894,218.4406339668484,223.58536587229156,19972336
2024-01-24,224.0621795654297,224.5074505855251,219.37517642168177,220.7578480705268,11708750
2024-01-25,220.2891387939453,224.67148941577847,219.60951764431206,224.0621704497216,12852980
2024-01-29,221.69525146484375,223.57005274573038,220.28915050417876,220.28915050417876,10051300
2024-01-30,221.46090698242188,226.33538757697656,220.99220665018396,222.35143475295413,11828014
2024-01-31,224.1090545654297,224.92928012330015,219.82044950928383,221.46090062502475,10584480
2024-02-01,220.92189025878906,223.89814003788726,220.5703650322089,223.82782354969277,7828120
2024-02-02,226.4525604248047,228.02270938302317,222.63265561549025,222.63265561549025,16296222
2024-02-05,226.0775909423828,229.42879520260007,224.57774427171316,226.38224327447566,11566604
2024-02-06,234.1861114501953,235.19381427499238,226.42912689474963,227.17905026562138,29024038
2024-02-07,232.10040283203125,235.1469548942664,230.858335548395,234.79542965631617,9103534
2024-02-08,229.12416076660156,234.39703951558627,227.36653451694,232.4284923945257,11303840
2024-02-09,229.8740692138672,231.88947479432915,226.2650711611165,230.0849757679538,7893788
2024-02-12,235.02978515625,239.41212177941034,230.1318610080605,230.1318610080605,48873500
2024-02-13,239.78709411621094,240.44327172413398,230.45996031550723,235.80314127087928,22373576
2024-02-14,241.1463165283203,242.31806733749582,232.96749015883574,236.20153383503916,22594656
2024-02-15,243.02110290527344,245.05993774520698,240.46668057663325,242.2946231696187,14570776
2024-02-16,254.5042724609375,255.44167309615275,244.16943617912892,244.8959159499813,34942644
2024-02-19,251.19993591308594,255.86350970133537,249.04389733094627,255.86350970133537,18602758
2024-02-20,249.32513427734375,252.23108190506485,246.65353680335505,251.12961901820466,10374126
2024-02-21,244.38035583496094,251.36397336846022,243.4898137930316,251.1765104066625,13115574
2024-02-22,248.90328979492188,249.81726110577247,244.40377833608287,245.03651230125843,14596482
2024-02-23,251.29368591308594,253.68404608225237,249.9578728479189,250.75466910670673,19860994
2024-02-26,249.77040100097656,251.4577106359911,246.5597867856682,251.34053556113741,8820636
2024-02-27,249.0907745361328,251.87954697964815,247.2628319644988,250.28595455272642,10399260
2024-02-28,242.6461639404297,248.85644324582205,241.38066734166495,248.41117221569402,12789056
2024-02-29,243.06796264648438,245.71613076812264,240.53699820632337,242.4586579816602,14462764
2024-03-01,243.3023223876953,246.1614114772042,242.57584261994688,244.8490563149495,9420630
2024-03-04,243.95852661132812,246.72387005614186,243.04455522823216,245.10684816407954,5662370
2024-03-05,240.5838623046875,243.9585102427411,239.34180934956996,242.66958439611759,10521548
2024-03-06,240.5135955810547,241.3103632887572,234.35017454757386,240.7713750516172,11091922
2024-03-07,241.61502075195312,243.91166381788676,239.27151909577512,240.7947951722908,9707982
2024-03-11,241.16973876953125,243.23203157624292,240.11516307211664,242.50555181724107,11131512
2024-03-12,239.43556213378906,244.8959180193378,237.9825882762082,240.32608988404874,11652760
2024-03-13,236.41244506835938,243.11486841139475,232.85031967738382,240.8182253371664,13580480
2024-03-14,242.76333618164062,243.20860720655952,232.0769603159742,234.88916223268663,12825472
2024-03-15,242.3180694580078,242.90394486772254,237.34984312290723,241.26349372052132,13649086
2024-03-18,239.13088989257812,243.04452580922387,238.5684438320459,242.78674637524514,6393960
2024-03-19,231.93637084960938,238.56847793542434,231.13957453388622,238.56847793542434,9617386
2024-03-20,231.30361938476562,234.93604704481007,229.28821363030974,232.49879953856632,8385344
2024-03-21,234.5610809326172,236.83426604238932,233.6236802923487,234.1861120943506,11644580
2024-03-22,228.30392456054688,230.01467783656372,224.7652286270561,229.31162736941172,28646502
2024-03-26,224.90585327148438,230.1084297272015,224.53088443022622,227.78835740258748,18273346
2024-03-27,221.3671417236328,225.42141068376674,220.8750121395091,224.83553532000147,14320668
2024-03-28,225.02304077148438,226.40569822106127,222.77327051056673,223.4294624430841,15455150
2024-04-01,227.2962188720703,227.97582573288165,225.70262639050296,226.71034349019942,6041008
2024-04-02,225.53860473632812,226.24165523201043,224.7886813468805,225.89012998416928,6932654
2024-04-03,226.47598266601562,228.5851339413687,223.07790561128016,224.9761360376589,13794516
2024-04-04,228.4445343017578,230.57712935106778,224.78867750808175,227.69461092511693,16004046
2024-04-05,227.3430938720703,228.32736744538963,226.17134302373762,228.02271508554298,6414344
2024-04-08,224.92929077148438,230.41309048229016,224.13250877399244,229.66316707601598,26640770
2024-04-09,223.00759887695312,227.43682247030245,222.72639013748815,226.82751779666413,15801250
2024-04-10,223.71066284179688,224.71837999892492,221.74213002867953,223.80440862967825,10771534
2024-04-12,220.6406707763672,224.97614864079924,220.28914554411594,222.63264709245757,13170046
2024-04-15,215.29750061035156,219.5158036031603,214.75849808865692,218.62527583206491,12176472
2024-04-16,210.1417999267578,214.89910550859463,208.47790514055137,212.34468293868858,21439424
2024-04-18,208.26698303222656,213.4695592695721,207.56393257592578,212.0868876507413,21986258
2024-04-19,212.2040557861328,212.7430582576144,204.82202623642195,206.22812710303353,20470106
2024-04-22,216.53955078125,218.48465427495057,210.9151468648539,212.20407276236133,18881740
2024-04-23,216.58641052246094,218.78929334045404,215.69588281716167,218.78929334045404,10322712
2024-04-24,215.55528259277344,217.78160919834875,214.94597787479248,217.43008394483687,5915168
2024-04-25,216.07086181640625,216.7973416390346,213.63361426970545,215.08658821856173,11805090
2024-04-26,217.7581787109375,223.0076138858216,216.35207770458655,216.492682083782,21478294
2024-04-29,216.98480224609375,219.35173295936585,216.35205400183762,219.18768499921092,7249940
2024-04-30,216.72702026367188,218.76586947082558,216.30519284581896,217.00824331010656,8902956
2024-05-02,214.38351440429688,217.00823894556763,213.46955740126376,216.72701590478897,14937276
2024-05-03,214.36009216308594,216.53954576952708,212.41498871440405,215.78962240397783,9730626
2024-05-06,214.9694061279297,216.82077817555523,213.72735309892985,215.03970831757135,6918126
2024-05-07,217.43006896972656,218.10969013448153,212.78993880367014,216.44579546696352,9278528
2024-05-08,217.10198974609375,218.6018221589237,216.21144771244036,217.9456445843357,8205680
2024-05-09,213.6804656982422,217.66441828159637,212.81336727526312,216.42236533691735,9233484
2024-05-10,211.78224182128906,214.43039576067383,211.05574774529595,213.7507745772607,6654714
2024-05-13,211.8291015625,212.43840621741535,208.5716288290123,211.78222867283012,7111608
2024-05-14,213.89138793945312,215.55526830770268,211.94628452631116,212.18063467978845,4909420
2024-05-15,214.80535888671875,215.484980097318,213.09460551610587,213.89140181104298,4793424
2024-05-16,217.6878662109375,219.11739644491414,213.77421573457067,216.5395447220328,14621472
2024-05-17,216.07086181640625,217.66444014912622,215.6255907615053,217.66444014912622,6876820
2024-05-21,216.02398681640625,217.85191530682715,215.46155498283028,217.0082604046635,8467448
2024-05-22,216.21144104003906,217.21915812032728,215.06313389584702,216.96136437511018,7765884
2024-05-23,218.3206024169922,219.35174883809788,216.4223718504096,216.77389708893222,13171332
2024-05-24,217.31289672851562,220.52349672540754,216.53954407468288,218.88304563393268,8205526
2024-05-27,212.06346130371094,216.6098457354718,211.6650631788849,216.53954354958444,40983758
2024-05-28,213.7507781982422,214.31322431153265,212.36812081710127,212.78994825026973,15778126
2024-05-29,211.2900848388672,213.4929819215162,210.68078018380137,212.7899314870875,9756036
2024-05-30,204.79861450195312,210.68079791015185,203.93151603248188,210.44644774562443,20724568
2024-05-31,205.38449096679688,207.23584869390075,204.11899435041784,205.0798243084693,21438004
2024-06-03,208.1498260498047,211.17293469252593,206.95463158804097,211.00890101467547,8964424
2024-06-04,205.3610382080078,208.99346561479234,195.4480295005349,208.99346561479234,17730732
2024-06-05,211.61819458007812,213.25864570085392,205.78286987187903,206.087536522902,12267428
2024-06-06,216.07086181640625,216.53956216741798,212.13378172862767,213.23523041422513,15425568
2024-06-07,227.10873413085938,227.97583258280136,219.49235393769075,220.28915020241553,72672440
2024-06-10,222.7498321533203,228.9132386409775,221.8593043857575,228.9132386409775,18311752
2024-06-11,223.12478637695312,224.6012038593448,222.32800439810572,224.6012038593448,9371714
2024-06-12,223.52317810058594,227.0384304746891,222.89042981252769,224.03875130950746,13875116
2024-06-13,226.1947784423828,227.48370432893392,224.1090562863424,224.97615474346927,12995932
2024-06-14,223.8043975830078,227.6008729472298,223.19509290265046,227.3196499010655,11322596
2024-06-18,230.53025817871094,231.06926069283247,224.99958575035404,225.44485678144505,31870984
2024-06-19,232.35816955566406,233.01434710317028,228.1398669313555,230.7177185350996,20880284
2024-06-20,229.8506317138672,233.17840681251423,228.84292889690465,233.17840681251423,12571126
2024-06-21,229.92092895507812,234.79542357120258,229.2413220948133,233.3893226558432,95171176
2024-06-24,229.92092895507812,231.9597781430689,229.4053700623249,229.7100223999331,9934518
2024-06-25,232.87374877929688,233.41275126789063,229.33505290381956,229.92092828350803,9258210
2024-06-26,232.10040283203125,234.30328574102677,231.4442109449787,232.873755494802,12812090
2024-06-27,239.41212463378906,239.951141460201,229.28820887292332,230.67086627460867,42137138
2024-06-28,241.3103485107422,241.98996969674948,237.09205993081633,239.97456404050502,16405832
2024-07-01,247.1691131591797,251.12963675847544,240.95883364656513,242.73991782650774,30757528
2024-07-02,252.2545166015625,255.4416730391436,247.6143720154038,248.08307233290682,36276968
2024-07-03,252.62948608398438,255.65260903221764,250.9890348756468,253.98872852805786,16049384
2024-07-04,248.73927307128906,257.22273767708566,247.9893353722806,253.75437236846525,19524632
2024-07-05,250.801513671875,251.45770552058508,248.1533741983706,249.04388758482523,10376090
2024-07-08,253.66062927246094,254.50428416150137,250.75468144825643,251.19995249189395,12176360
2024-07-09,253.5668487548828,255.41822056242484,251.97325637713143,254.97294957977124,8681444
2024-07-10,251.012451171875,254.66830795396993,249.23139567364385,253.56687364257888,9233748
2024-07-11,250.3328399658203,252.88726253836919,248.41118001612216,251.55147801323736,8807618
2024-07-12,262.54248046875,264.72191966606846,253.82463785788934,255.4416595895744,54186042
2024-07-15,262.3315734863281,265.7062214945412,260.66769308026113,265.7062214945412,16099478
2024-07-16,262.3315734863281,263.69078724307144,260.784868159663,263.3392620048659,11239032
2024-07-18,268.6590576171875,269.22150378223347,260.7614392239013,260.85518501927567,25019786
2024-07-19,261.1598205566406,271.79932340076317,259.98806977220414,271.79932340076317,26523490
2024-07-22,237.06861877441406,246.88789630919507,235.0766423922326,244.19286943918488,76014568
2024-07-23,234.60794067382812,238.09976379741474,227.95240467739822,238.09976379741474,25847632
2024-07-24,234.39703369140625,237.32641070138783,234.27985861100697,235.52191160251942,12240276
2024-07-25,237.56076049804688,237.86541284589825,231.2098625679824,232.47535915579414,21887890
2024-07-26,245.9739227294922,247.73154893317167,238.33411321893814,239.03716370040993,26153996
2024-07-29,245.7864532470703,248.6689429803416,245.05994488305888,247.47376291497562,12011554
2024-07-30,244.4272003173828,246.9816226097322,243.60697481296208,245.7864425961582,10816526
2024-07-31,244.66156005859375,246.02080239068675,243.46637999813763,244.56781427582933,7758508
2024-08-01,244.45065307617188,246.91132982564454,242.55242244801832,245.13027428079917,10759752
2024-08-02,235.3578643798828,243.3726427654742,234.81886186904686,241.3806663923336,15652228
2024-08-05,227.3196563720703,232.4050577310106,225.09332984059128,229.66315798415351,21938080
2024-08-06,229.42880249023438,234.04550341945009,228.069574447539,229.545977568115,11271584
2024-08-07,233.1315460205078,234.39704265867312,230.90521940774983,233.74086504405375,7079826
2024-08-08,228.3976593017578,231.5379571546469,227.9524025816965,231.5379571546469,13160570
2024-08-09,230.27244567871094,232.6862636038011,229.499093064547,232.1706904264926,6065948
2024-08-12,229.2178955078125,231.5379679117689,228.44454280769344,230.3896463575684,7338468
2024-08-13,229.8975067138672,230.92865313820266,228.3273577828285,229.21788552915535,6289418
2024-08-14,232.0769500732422,232.8737463025835,229.87406725120098,231.06924729161497,11121756
2024-08-16,241.96653747558594,242.52898357469255,233.3893274376002,234.818857676065,25931140
2024-08-19,243.60699462890625,245.22401647630969,240.77136337582942,241.84936840503246,11466562
2024-08-20,245.9036407470703,247.28628384138884,243.56013908592297,243.67731416898033,9543812
2024-08-21,246.7003936767578,247.520619209121,244.21628778589715,245.31775066510264,6454402
2024-08-22,243.25546264648438,248.6689455446344,242.81019162732986,247.3800196828274,11496506
2024-08-23,240.1620635986328,244.40379591780513,239.66991966369517,243.677316118477,11277706
2024-08-26,243.7241668701172,245.97392268901726,241.82593629189515,241.84936558650088,17351380
2024-08-27,242.3883819580078,245.2474424674489,241.84936514706857,243.72416642727842,7965796
2024-08-28,250.56716918945312,252.20762024110513,242.71643915654712,243.72415624544035,34375566
2024-08-29,252.48887634277344,254.01215243246963,250.3094083407904,250.7546793807566,25685318
2024-08-30,252.34823608398438,254.03554560824637,251.08273963719083,253.89494124909024,19434804
2024-09-02,249.5594940185547,254.03557640536468,249.27825665895344,252.34826667654755,15735982
2024-09-03,251.24679565429688,253.49655142265053,248.1768143427895,249.8172654290969,15056686
2024-09-04,243.32577514648438,247.5909364854662,242.20088296992836,247.47376140904146,20402128
2024-09-05,245.9973602294922,246.53637705947872,243.48982487148137,244.28662116516648,12069118
2024-09-06,244.00538635253906,248.36432241443583,242.99769778258977,245.99736280399995,14579954
2024-09-09,241.3103485107422,244.54439216432323,240.6541852265123,242.36492423162332,11919540
2024-09-10,246.41920471191406,247.47378048100927,240.91197569552796,242.22433093118448,10287272
2024-09-11,241.07598876953125,246.65353380340355,240.56042988046912,246.0676584261983,8261524
2024-09-12,248.4346160888672,249.34858749756313,242.66960747530698,243.93510414833221,15779474
2024-09-13,258.06640625,258.95694837507466,248.8095741587643,250.19224593940146,35919706
2024-09-16,258.67572021484375,260.99576393249436,257.31647783259405,259.19127912827776,11088578
2024-09-17,258.67572021484375,260.08182118660653,256.4025064795087,257.31647783259405,8728238
2024-09-18,252.23109436035156,257.33991079967575,249.65324254199962,257.33991079967575,16665520
2024-09-19,249.98129272460938,258.4647852905048,248.01277435696133,255.06670812688932,20969182
2024-09-20,252.6763458251953,253.44971284123818,248.87988445436426,252.11392829410843,16664232
2024-09-23,250.7078094482422,253.28566117572302,249.34856709450992,252.67632788165184,8544290
2024-09-24,252.88723754882812,253.98870040248872,248.1064888353461,249.4423018356755,12355694
2024-09-25,251.31712341308594,252.81697019497548,248.7627008855675,252.53573283182234,8065196
2024-09-26,253.98870849609375,254.55112598026426,251.08276086336096,252.48886178818037,11403400
2024-09-27,253.9418487548828,261.9566420571596,253.42628980292332,257.2696384677111,26462384
2024-09-30,253.77780151367188,255.20733181063895,250.28597830464867,252.16077964026402,8199446
2024-10-01,256.26190185546875,257.5976863344701,253.19192045820077,253.19192045820077,9411274
2024-10-03,248.48147583007812,254.22305451298524,246.65353321468234,253.14502093574376,14035368
2024-10-04,250.0750274658203,254.01212124169976,247.49717593825977,247.49717593825977,11922754
2024-10-07,249.0907745361328,253.89495250273478,246.51292294429763,252.16075571042475,9878074
2024-10-08,246.9816436767578,250.19222948218297,243.86477505121834,249.13765374368887,11502804
2024-10-09,248.95018005371094,252.48886165790805,247.70811279454935,248.31741747355073,8841688
2024-10-10,246.0676727294922,251.9732854321209,245.3411929409685,250.75467601957777,12620244
2024-10-11,247.61436462402344,250.47345363976524,243.8881914896627,243.8881914896627,8436982
2024-10-14,257.5742492675781,258.65225425758405,251.36397016903481,252.48886235429111,33136266
2024-10-15,249.79385375976562,259.12097342997623,248.8095658742146,259.12097342997623,21601252
2024-10-16,249.4188995361328,252.53573965983412,247.94248200945412,249.81728338570707,12553622
2024-10-17,247.82530212402344,252.16078022264702,246.09110516313436,250.73124992237834,23755278
2024-10-18,257.1524353027344,261.7222633035247,245.97391579802175,249.34856373542928,74653054
2024-10-21,256.8946533203125,263.36274110979775,256.3790943723156,258.535104564011,23966964
2024-10-22,255.65257263183594,260.36300470936936,254.90263502191155,257.69140740045356,18478300
2024-10-23,256.4728088378906,259.8943152925298,254.12930734742596,256.6134132058793,12698576
2024-10-24,256.3322448730469,258.0195547692572,255.5120192221001,256.47284926319765,9576604
2024-10-25,254.71517944335938,258.7225612190634,253.3325078603329,257.66798556192043,10124540
2024-10-28,261.81597900390625,262.378425091504,254.36366131662385,254.7151865454729,11185858
2024-10-29,263.50335693359375,264.06580310586025,259.3084828497403,262.37846458906074,12055630
2024-10-30,264.932861328125,271.26031577824386,262.9877435172464,263.6439354216193,20755492
2024-10-31,258.62884521484375,265.42500023219804,256.98839400375823,264.7219497131614,15680094
2024-11-01,258.4179382324219,260.0818474360335,257.78520417414734,258.5820005266711,1962810
2024-11-04,253.47312927246094,258.9334994850865,250.3797185796895,258.25387829445106,9855560
2024-11-05,254.8323516845703,255.60568999356414,253.28564645938746,254.5042557623327,6862260
2024-11-06,264.3001403808594,265.2140831830394,253.5668908591009,256.59001385603284,19554884
2024-11-07,264.0657653808594,267.01857160441347,259.8708918962945,265.2843747406764,11997142
2024-11-08,266.69049072265625,271.2837482860708,264.81568938189946,264.81568938189946,20852658
2024-11-11,268.79962158203125,273.34602020555536,265.3077986316712,266.6904702357032,16139444
2024-11-12,267.4638366699219,271.70556864813176,266.7138990283183,269.5026715246649,11260890
2024-11-13,266.69049072265625,268.84650082164734,265.0734688448139,267.1591910578455,11391200
2024-11-14,265.6124572753906,269.2917430703783,264.4407065626945,266.6670329168171,9783520
2024-11-18,259.1209411621094,265.6124572747471,253.23875830582824,265.6124572747471,15289764
2024-11-19,263.4095764160156,267.06543314305475,259.9880698459302,260.5973745325706,12919778
2024-11-21,261.13641357421875,266.03430938588815,260.2693007553304,263.4095988473706,11672608
2024-11-22,267.93255615234375,268.8464989137181,261.487926589228,263.3861572118334,14733232
2024-11-25,272.9945373535156,275.3848978074911,268.9871548949329,269.73706404714477,23297474
2024-11-26,276.06451416015625,276.6972482081357,271.5181149118003,274.1897127057579,15771340
2024-11-27,273.2054138183594,279.34537624941964,272.73671352263887,277.2362249186774,13659676
2024-11-28,268.1903381347656,274.6583970538431,267.41697113704186,274.54122196977573,11896556
2024-11-29,270.8384704589844,272.1977128398497,267.9090934374621,269.5026859800492,8540112
2024-12-02,273.9787902832031,274.4474906441725,271.00255443392757,272.99453096804734,11194000
2024-12-03,273.39288330078125,277.65807325800534,271.1899861368519,276.86127701481433,15445286
2024-12-04,275.5957946777344,278.40799666424186,273.533501778083,276.2050993867047,14036431
2024-12-05,280.5639953613281,282.0638420813867,275.50203771242764,276.53318412041773,13487264
2024-12-06,278.736083984375,280.4233936811406,277.6580789777082,280.4233936811406,7894350
2024-12-09,284.7354431152344,286.56338579786535,275.3614367575312,276.5331875522441,9285213
2024-12-10,288.81317138671875,291.53162778935956,284.454263702305,286.84462412715123,17028502
2024-12-11,289.65679931640625,290.5004541755,286.4227556481499,288.8600030466854,8608406
2024-12-12,289.7505187988281,294.1562842662282,288.20381359636644,288.7193724614554,12958440
2024-12-13,290.54736328125,291.5784811827857,285.15730916584226,289.7505669514455,7382211
2024-12-16,289.84429931640625,291.90656363113567,287.8757521831477,290.59420841136273,7221189
2024-12-17,289.51617431640625,292.7033305610442,288.0631862557892,291.5315798382218,10568517
2024-12-18,293.0314636230469,293.6407683546974,289.23497363562603,289.65681539218355,10965226
2024-12-19,293.17205810546875,293.7813628165425,282.2982046653291,287.17269956831524,12405595
2024-12-20,286.09466552734375,299.96818252630743,285.3447279067109,295.7498799595312,22214824
2024-12-23,288.62567138671875,291.20352332581405,285.9072150632945,287.40706191293526,6693583
2024-12-24,286.18841552734375,289.8443010570064,283.8449138325335,288.2507084616561,8837902
2024-12-26,285.95404052734375,287.73512454649966,284.96978134386995,286.282136457567,6516148
2024-12-27,289.7505187988281,291.4378283638418,285.625962056532,286.0946623365019,8063921
2024-12-30,284.6885681152344,290.031734266796,283.7042803400973,289.7505255351542,13709891
2024-12-31,282.95440673828125,284.0324118207817,276.7675564029234,282.11075183055044,9337030
2025-01-01,281.50140380859375,284.3604929559859,280.23593581659793,281.22019505641634,7878201
2025-01-02,284.78228759765625,285.3916208664818,278.54857940000534,279.3453756223808,8800435
2025-01-03,276.01763916015625,284.7823125527354,275.59579741511095,284.3136122169954,12535720
2025-01-06,275.87701416015625,279.15791660531636,272.36176154034183,276.5332060920679,9173687
2025-01-07,275.64263916015625,278.8766827219958,273.06478747112936,275.87698931370414,7381943
2025-01-08,278.92352294921875,279.76720633221146,271.18996839121235,274.658361878287,7937785
2025-01-09,274.002197265625,279.34539238841666,273.1116838166247,278.40799174281796,7964702
2025-01-10,281.7357482910156,284.2667414383746,275.8769943454597,275.8769943454597,19505556
2025-01-13,273.58038330078125,280.517142335508,272.0805365509815,280.23593358556946,9541248
2025-01-14,274.51776123046875,276.11132502693494,268.6121205056024,273.5334734727269,7670070
2025-01-15,274.3302917480469,276.2519802255805,271.56497702261646,274.65838769369384,4662694
2025-01-16,270.01824951171875,277.93929655628637,268.7527815025328,277.3768504370937,10345666
2025-01-17,264.3001403808594,269.7839116227367,262.94089791489023,269.7839116227367,9358955
2025-01-20,281.4545593261719,286.2821671951727,278.3611484683808,283.0950105462245,39380165
2025-01-21,279.6734924316406,286.7039973765929,279.1579049046921,283.4699536590357,15619474
2025-01-22,289.7505187988281,290.594173581335,280.6108633394152,280.6108633394152,30859317
2025-01-23,297.81219482421875,304.28025351993773,291.20350314671674,291.6253448776712,39904371
2025-01-24,300.0619201660156,302.3116757525023,296.7810182586241,299.03077384511084,17479586
2025-01-27,288.6725158691406,299.17138504862663,287.54762374656946,297.9058885625328,12372895
2025-01-28,290.2499694824219,294.0740796754033,288.2900955031316,290.6323746665909,12077491
2025-01-29,298.7108154296875,300.86187738666854,291.63618831954506,291.63618831954506,16338112
2025-01-30,295.41253662109375,299.9058781363986,292.49666403020615,297.3245918743047,9984186
2025-01-31,298.18499755859375,301.81791988250086,295.9383269014854,297.99380954721744,15597644
2025-02-01,291.3971862792969,299.4756307667261,290.01096383380866,298.80639980983835,6046117
2025-02-03,299.81024169921875,300.19264687922254,287.0950579406672,289.6763439630714,14877076
2025-02-04,302.3437194824219,304.8293970034145,299.57124536024196,304.0167677325222,15366864
2025-02-05,303.1563415527344,307.3150672250492,301.0530692751639,303.825543331492,9628027
2025-02-06,303.9689636230469,309.3705133109035,300.71844669347786,305.92880838148284,15062390
2025-02-07,304.0167541503906,304.97278167916545,300.1926440352914,304.97278167916545,8589587
2025-02-10,305.02056884765625,306.88483418351484,301.961298286416,304.781561967451,12304840
2025-02-11,299.23663330078125,306.3112315756385,297.89820052050766,305.45081258658024,10627890
2025-02-12,296.5597839355469,301.86572563753896,295.7471546109734,299.6668737481264,9668342
2025-02-13,294.9822998046875,299.8580463253531,293.4526790085659,296.6553480791362,8832731
2025-02-14,294.5521240234375,298.6630312373382,291.1582083694977,296.41636043063266,7371341
2025-02-17,291.92303466796875,296.65535380159326,288.72033635997207,294.5521105785314,7507772
2025-02-18,298.4718322753906,298.99763579197605,291.92303729501725,291.92303729501725,10368789
2025-02-19,300.28826904296875,302.58272940235975,294.7432915674903,297.5635846018467,7835672
2025-02-20,299.5234069824219,300.47943449168673,296.60753474942175,297.51577255348104,7697134
2025-02-21,292.8790588378906,299.0454193049779,291.6362054620812,299.0454193049779,8722925
2025-02-24,282.075927734375,289.96315532321836,280.450698342668,289.62856900845134,12600963
2025-02-25,278.4908447265625,283.2709830100644,277.3436290439112,281.40674658488786,10810040
2025-02-27,281.5501403808594,282.7929646443696,278.5386591457014,281.0721265601788,15555649
2025-02-28,265.4410705566406,281.07212843212847,264.8196584207469,281.07212843212847,17458839
2025-03-03,271.08160400390625,273.7584986875257,267.0184868583757,267.1619143334405,11471554
2025-03-04,267.6877136230469,270.6514048590025,264.1504000227699,266.7316860743931,9331785
2025-03-05,272.5634765625,274.3321334703956,266.39708682773204,269.0261627467088,10285712
2025-03-06,273.3282775878906,279.16005162477023,271.033817245282,275.7661654071248,9782051
2025-03-07,272.2766418457031,275.0491451553082,270.4601952872919,274.7623193772562,8097300
2025-03-10,268.54815673828125,273.0892880028726,265.7278927214502,271.94207234668045,8165123
2025-03-11,265.5366516113281,267.01848264133116,261.18673793565813,264.81963094991136,8602609
2025-03-12,256.7412109375,265.48888718012614,250.67045876671983,265.48888718012614,18584311
2025-03-13,252.3912811279297,259.17908278127226,251.76986903603944,256.7411949468078,8683943
2025-03-17,248.42376708984375,253.53852036662278,247.5155292383579,252.3912756253402,12697926
2025-03-18,248.42376708984375,248.42376708984375,248.42376708984375,248.42376708984375,0
2025-03-19,254.01654052734375,254.78135092364772,244.98206819581512,250.4792267992334,14044300
2025-03-20,256.21539306640625,261.9037688737735,255.7373792733719,257.3626378399473,17038774
2025-03-21,252.67808532714844,257.69723027318094,248.75839547171705,252.39128871477692,22659168
2025-03-24,257.5538330078125,259.7048951362335,253.72972255728627,255.30716228299886,9269617
2025-03-25,259.0834655761719,262.62077917496083,257.5060259566859,260.0394931244234,12563930
2025-03-26,255.6417694091797,260.278509013699,255.02035731645256,260.0395021183696,7308412
2025-03-27,260.230712890625,261.521326753075,257.74503540533806,258.1274405933101,14783522
2025-03-28,250.71823120117188,259.8961017437606,250.09681911340022,259.08347247099175,14283389
2025-04-01,251.05284118652344,251.4352463724932,247.13312238513114,248.9017791928424,8388635
2025-04-02,252.00888061523438,253.87311692555642,249.61881162073414,251.24404103160617,7136992
2025-04-03,245.0776824951172,249.04519122265188,244.07385059181817,248.4715688242457,12262561
2025-04-04,235.46958923339844,242.78319417909,234.08335219904274,241.87497092125852,14639785
2025-04-07,232.21908569335938,233.12732353468408,217.97428105597103,220.89016799643343,13011904
2025-04-08,236.37782287597656,238.52888496483783,233.1273348879378,233.98775388835296,13806651
2025-04-09,226.24392700195312,231.64549172561502,223.71045968255785,230.11584172171595,19063559
2025-04-11,229.20761108398438,234.2267558522468,227.86917831424364,234.2267558522468,11205821
2025-04-15,233.27073669433594,234.27456860177384,230.7372693645474,234.27456860177384,10694621
2025-04-16,236.76022338867188,237.52504836712504,230.59384844032286,233.27072857099728,16203319
2025-04-17,226.48292541503906,227.3433589804182,221.94179445919988,224.6664788678326,54875421
2025-04-21,227.9647674560547,230.2114380442893,226.9609356062515,226.9609356062515,16298364
2025-04-22,223.85385131835938,228.49059090191665,223.2324392284416,227.9647728170045,18367713
2025-04-23,232.88832092285156,234.56136916342427,225.71811417753992,226.76973574749184,31898042
2025-04-24,232.07568359375,234.37014383740578,230.88064917771626,234.03554295360982,23000820
2025-04-25,230.30703735351562,235.32618213035408,227.58236751306862,233.22292437952927,16620430
2025-04-28,229.9246368408203,231.31087393747262,228.25158854779977,229.9246368408203,14218414
2025-04-29,230.78504943847656,232.88832176160133,229.3032183760337,230.97626662263193,16647246
2025-04-30,230.8806610107422,232.69710758108045,228.68179465498002,230.92846530739808,14206640
2025-05-02,231.052734375,234.99157785344963,230.16363574375234,231.3969048811204,10822257
2025-05-05,232.85964965820312,236.01452906962498,232.02789572604007,233.27073452426686,12170446
2025-05-06,230.5843048095703,235.08718674636222,230.0298070374891,233.7487539088033,8869045
2025-05-07,233.3089599609375,233.70093476268548,225.63205980019728,225.63205980019728,9130056
2025-05-08,230.9475860595703,235.02025823803473,228.7869544247762,232.41986209217805,11434833
2025-05-09,231.36822509765625,232.26689334025846,226.10051848106667,226.19612707242462,10582438
2025-05-12,245.96678161621094,246.59776333804783,234.1120451219244,234.3128027502575,19791711
2025-05-13,240.50787353515625,245.65130675971545,239.59963563280942,245.65130675971545,11714159
2025-05-14,241.81761169433594,242.5346323593957,239.72390901830983,240.5078586142634,8839105
2025-05-15,245.2880096435547,245.79470310723363,239.59963372293012,242.06618669463595,12083645
2025-05-16,243.1273651123047,245.69908156861143,242.381664786632,245.69908156861143,6640387
2025-05-19,240.67994689941406,243.5384746583959,240.23061276300297,243.12737520712,6788784
2025-05-20,238.7296600341797,243.4046344463817,238.34724023889126,241.87498444087518,9366429
2025-05-21,239.88644409179688,241.02411927198438,237.19045384040393,238.7296588628064,5313593
2025-05-22,235.12542724609375,238.90173329983332,234.22675897963038,238.05086933031822,11469037
2025-05-23,236.4829864501953,239.47535749023734,234.8003831348431,235.27839693227736,7437642
2025-05-26,239.23635864257812,239.81953607858665,237.28605411423132,237.56331029525484,3690751
2025-05-27,237.33384704589844,239.95336787014628,237.08528512638918,239.95336787014628,6861143
2025-05-28,236.54989624023438,239.140737391071,236.10057670009755,238.61491930645585,6205160
2025-05-29,239.14073181152344,240.6703817332923,237.19044201969984,238.67227305837383,11785042
2025-05-30,238.69140625,240.0680883113749,237.59198035844764,239.00689710471704,13858429
2025-06-02,236.78890991210938,237.49637559055304,235.37399314304562,236.71244054108845,5846259
2025-06-03,235.3931121826172,238.52888148156134,234.9246534162675,237.09484010992873,8573438
2025-06-04,236.0049591064453,238.82523743186326,235.67034363231838,235.67034363231838,6698150
2025-06-05,237.0374755859375,238.5193212216614,236.0240887062802,236.04319875424977,6468060
2025-06-06,237.6588897705078,238.98776750731147,236.23441802954062,236.23441802954062,4445411
2025-06-09,240.24017333984375,242.25739219424057,238.26120375928954,238.62449892167552,9193904
2025-06-10,243.66275024414062,244.5518634996342,240.75643275281624,241.77937470124814,10739851
2025-06-11,247.53468322753906,250.09683023683849,242.92662311522986,244.7621797999991,17268454
2025-06-12,248.19430541992188,251.43525291234172,245.0489956960389,248.56717017950135,14528657
2025-06-13,248.76792907714844,250.71823351466082,242.83100595890886,243.78703354142425,8692116
2025-06-16,251.33009338378906,253.64366368660225,246.65510472024687,248.5671597955976,10935361
2025-06-17,251.34921264648438,253.77753085038947,250.1541781805768,251.33010259826244,7528454
2025-06-18,250.08724975585938,253.92092966647772,249.551876648098,251.33964354462043,5016660
2025-06-19,253.90179443359375,254.72399333206667,250.29758092368093,251.29185778614354,14184486
2025-06-20,254.81959533691406,255.45057703087332,251.3109613361813,254.30333228264814,12904674
2025-06-23,251.66470336914062,253.53853852582162,250.29759086374162,252.39129370236992,6214062
2025-06-24,253.31863403320312,256.83680859480046,253.0700575212962,253.82532749356554,6319428
2025-06-25,257.5633850097656,258.0891884905033,254.15992927555354,254.20771898265866,5331739
2025-06-26,256.7124938964844,259.370249180491,255.4409901582738,257.2670061850603,8564099
2025-06-27,253.3950958251953,258.12744396820415,252.86929233181482,257.17141639795153,8906108
2025-06-30,254.2842254638672,255.01078658303396,251.33964418799587,254.39894410501742,7119563
2025-07-01,252.9170684814453,256.5499905590356,252.1044684308101,253.825306294754,3886095
2025-07-02,255.25936889648438,256.88462748481066,252.8215101896419,253.34731369875792,8750887
2025-07-03,255.30715942382812,258.9400818165316,254.73356620319072,256.5978025215564,9357962
2025-07-04,258.1752624511719,259.4659056499897,255.73740354557657,256.50221401676157,7141779
2025-07-07,255.97637939453125,258.65324489441184,255.54615532192918,258.1752311140299,4849218
2025-07-08,257.7928161621094,258.41422821794356,255.59396452588237,256.02415940654697,5519016
2025-07-09,256.024169921875,257.553819859123,253.203906113981,256.2153871048982,11564433
2025-07-10,253.3950958251953,255.78516475082685,251.57864927684457,255.78516475082685,6911031
2025-07-11,246.94190979003906,250.5270131794162,246.41610629652217,249.52319590064903,13109857
2025-07-14,243.07000732421875,248.13694172600904,240.58432983110347,246.94190727505418,10388421
2025-07-15,246.0814971923828,248.42377647110078,241.68377900674525,242.83100920352794,8750149
2025-07-16,251.24404907226562,252.39129389660022,244.79086258059118,246.08150571405562,12179338
2025-07-17,249.1407928466797,252.72589626683822,246.65511530690716,252.24788247748376,7484171
2025-07-18,255.21157836914062,259.94389746296383,253.9209352796809,256.7890180670817,30319126
2025-07-21,248.9017791748047,255.40275486275578,247.80235332435427,255.21156685760755,12190000
2025-07-22,248.28036499023438,250.62261496899794,247.37212715265252,250.192420079337,6724044
2025-07-23,249.9055938720703,250.24020934720517,246.79850435773062,248.80616803289453,6510321
2025-07-24,250.33583068847656,251.8176617851558,248.80618070683067,250.47922899208316,8139900
2025-07-25,247.8023681640625,250.52702351184462,244.79085785226582,250.28801660936216,8427780
2025-07-28,243.75680541992188,247.60738980612828,242.7332285894722,247.60738980612828,8998911
2025-07-29,245.46275329589844,246.34009633443347,241.02726376828457,242.9281836016165,12923128
2025-07-30,243.90301513671875,246.14513218703763,242.92818293003742,245.12155539507043,6057152
2025-07-31,242.05084228515625,243.85427296047746,239.85746979845484,241.85587881684572,7338764
2025-08-01,236.64051818847656,240.68606589658398,236.10435749981247,240.29613896378774,7436999
2025-08-04,239.8574676513672,240.21815080825093,235.0320511987707,236.64051839138318,5234393
2025-08-05,239.7209930419922,240.7348119985049,238.37571982827956,239.85746895680657,7383968
2025-08-06,233.92074584960938,239.80872590831794,233.2870959823132,239.80872590831794,7700190
2025-08-07,236.2213592529297,237.05970071274936,232.60472504073846,233.0921411684065,6190830
2025-08-08,233.0336456298828,237.12793798708202,232.3999957607658,236.2993246485287,8922847
2025-08-11,235.53895568847656,238.5901852899006,232.61445903528065,233.0336446237802,3047287
2025-08-12,235.63644409179688,240.09141957743057,235.03205287869676,236.59177549712652,8101435
2025-08-13,235.56820678710938,236.77700412958293,234.07671463760067,236.77700412958293,5820844
2025-08-14,240.5983428955078,242.17756636517944,236.30908698725327,236.98172361315326,12857225
2025-08-18,239.0386199951172,242.7429706054472,238.59993358753013,242.3822874367516,5789317
2025-08-19,240.7445831298828,241.27098600900808,238.61944105359495,239.28233472982822,4090961
2025-08-20,244.52691650390625,246.52532557896734,239.12635241728586,239.12635241728586,10099384
2025-08-21,243.62033081054688,246.3791078589765,243.32787816102336,246.3791078589765,7607486
2025-08-22,242.38229370117188,246.6325629702745,241.37821765850688,245.65773070556986,13572686
2025-08-25,247.451416015625,250.81459919486161,244.2929690295729,244.2929690295729,16391069
2025-08-26,245.6869659423828,248.40675619622257,244.9850855462151,246.63255439625433,15797327
2025-08-28,244.34169006347656,245.99891673776128,242.81121121251053,245.67722032009752,5851451
2025-08-29,243.13291931152344,246.73005275714573,242.4017951111859,244.19548291273827,10117017
2025-09-01,244.0590057373047,246.62281934658193,243.123160220783,243.142661030958,3198345
2025-09-02,244.61463928222656,246.77876797811365,243.31812553289043,244.05899265747667,5046939
2025-09-03,243.2791290283203,246.04764899259635,242.85020046700103,245.56023287741706,3862765
2025-09-04,238.80465698242188,244.03950139425618,238.2879970809629,243.2206458758789,5021036
2025-09-05,237.53736877441406,241.09551535487674,235.19777736172693,239.90621883891225,6233782
2025-09-08,236.41632080078125,240.77382213657367,236.1043673417334,238.21000856602762,6596932
2025-09-09,242.8794403076172,243.5618347576162,238.83389256709856,238.83389256709856,12836972
2025-09-10,249.31333923339844,250.69761406985873,242.97692982961703,243.02567441536718,15261331
2025-09-11,247.5196533203125,249.26459645464794,245.82343989732132,249.26459645464794,5865301
2025-09-12,245.5992431640625,249.45957060265388,244.5074357874524,248.4652524024239,5345794
2025-09-15,244.95584106445312,245.45300014582503,243.31813006128027,245.17030534459616,3700703
2025-09-16,247.61712646484375,248.0947996068193,243.90301809234163,245.65771906058336,7316998
2025-09-17,247.75360107421875,249.06963051215138,246.4863310966648,246.92500261772264,7339871
2025-09-18,250.46363830566406,253.26140205244997,249.557051469507,250.53188370180976,10498239
2025-09-19,249.44007873535156,251.17527893538278,248.28976895541248,250.53188608599783,10741757
2025-09-22,244.02975463867188,245.44325840137773,240.98828283204853,242.29455445414862,15784007
2025-09-23,243.34738159179688,245.6577292858718,242.48952444389133,243.92252905470636,8674114
2025-09-24,238.43421936035156,242.8502083166328,238.10277996125882,242.08009737465142,7888797
2025-09-25,235.90940856933594,239.45779742555374,235.20752814724804,239.27257691489723,7957740
2025-09-26,229.8166961669922,235.47072602537375,229.09531496833094,235.37323685334195,16999628
2025-09-29,233.60879516601562,234.72984628139795,230.34310124332197,230.9182635642424,8894412
2025-09-30,233.3455810546875,235.42197841930238,232.98489789736342,233.89148471164037,5590909
2025-10-01,235.0028076171875,237.43988813817003,231.85408887425157,233.95973001432264,9479378
2025-10-03,234.91506958007812,235.32449733686522,232.0685612175871,234.91506958007812,10968346
2025-10-06,236.0361328125,236.8452453490659,233.29685662380936,233.95973540089406,6064946
2025-10-07,237.40089416503906,238.83389874750486,236.04587794672727,236.786745094051,6587728
2025-10-08,238.1222686767578,240.14992146342618,236.46505689070705,237.1279356552237,7360563
2025-10-09,240.1986541748047,240.5885959894731,237.04020728716665,237.8493198184994,4629760
2025-10-10,242.44078063964844,244.9266058832664,240.05244457215662,241.75840103104505,7070200
2025-10-13,238.96063232421875,241.46594345215223,238.35622621913274,239.86721916970842,6717589
2025-10-14,242.16781616210938,243.85427172283678,238.94112392245552,239.6137605282582,7888607
2025-10-15,243.91278076171875,245.78445687329972,242.28479783482518,243.7080594468892,13278925
2025-10-16,247.4221649169922,247.67563081561443,242.5382608193318,244.0979834561764,10661302
2025-10-17,234.8370819091797,243.70806129004103,233.09213873523723,243.70806129004103,43802251
2025-10-20,235.1685333251953,235.8509129135795,233.24811263554014,234.83707906104348,9871824
2025-10-21,235.28550720214844,236.0653759596895,234.31067497391194,234.93456700499294,2082336
2025-10-23,238.15151977539062,241.56343262353442,237.24491805515171,238.63893589655402,18964626
2025-10-24,236.86473083496094,239.69175322388642,236.06537614206434,238.83389610245257,6803979
2025-10-27,237.77133178710938,239.54551870335686,236.94271844519798,237.1669256922204,9550336
2025-10-28,236.27984619140625,238.5414492830063,235.32449987384408,237.52763028499794,8780789
2025-10-29,236.18235778808594,237.46914350586005,235.55846573925115,237.46914350586005,8776917
2025-10-30,235.83140563964844,238.60968337840853,234.44714569122434,236.77699407004698,8344622
2025-10-31,234.6128692626953,237.06945062894138,234.44714956980002,236.01663004340736,5659566
2025-11-03,234.44715881347656,235.2172697549134,233.47232655229786,234.61287851290575,4902693
2025-11-04,231.9320831298828,234.7785914657564,231.5421561865202,234.4471520764222,6848284
2025-11-06,234.00848388671875,234.56413053267985,232.37075797674785,233.95973929941277,7141517
2025-11-07,230.5380859375,233.2286176133613,230.0604127763982,232.69245689676944,5520619
2025-11-10,233.8037567138672,235.47072635951724,231.05473758082863,231.46416532937656,8566758
2025-11-11,235.60720825195312,235.95814845600435,232.79968661954322,235.0320607959346,8831094
2025-11-12,239.04835510253906,240.1011756715635,236.0068833751967,236.64051836014002,13152546
2025-11-13,239.1555938720703,239.80872968420658,237.8590652152293,239.80872968420658,6211124
2025-11-14,238.21974182128906,239.71123390899896,236.0556131303455,237.78107030280245,6841554
2025-11-17,237.90780639648438,238.61942975254223,236.58203398156658,237.82981803387048,6559062
2025-11-18,234.8370819091797,237.85906781908002,234.25219148693935,236.81599017687407,4730012
2025-11-19,239.87696838378906,240.63733631548203,234.48613259278574,235.12952541952873,13298452
2025-11-20,240.0621795654297,241.56342952924817,239.5260337388253,241.27097688534437,6705862
2025-11-21,238.3367462158203,241.02727791672132,237.4788890612896,238.8339053168725,5516450
2025-11-24,241.04676818847656,243.10366477606482,238.85339568452147,238.85339568452147,19711070
2025-11-25,239.45779418945312,241.75839890303692,237.85906988847182,241.75839890303692,8188793
2025-11-26,243.89328002929688,244.24422023000196,239.43828956131182,239.8087305717115,8202096
2025-11-27,243.2791290283203,245.57973368695687,241.4561975174728,244.09798453187923,5268129
2025-11-28,243.24989318847656,245.647987098301,242.34330632454626,244.68289780384242,7049965
2025-12-01,243.98101806640625,244.4391904208848,242.59675803523524,243.805555398611,3865446
2025-12-02,243.873779296875,245.121563372053,242.60649441199627,243.70805960131725,8535708
2025-12-03,248.280029296875,250.65862237799195,244.24422435793778,244.29296894561833,17215454
2025-12-04,250.46363830566406,252.2865698201472,249.0696353533556,249.557051469507,10687381
2025-12-05,253.36865234375,254.528705095151,251.21428141237067,251.7016975348242,7886562
2025-12-08,254.80165100097656,256.44911983647165,253.17366810009898,253.46613561647285,9684253
2025-12-09,250.9315643310547,255.23057797425164,250.58060926348844,254.80164941918085,8560580
2025-12-10,251.4872283935547,253.81706194413258,250.77559015869068,251.51647217035628,7944200
2025-12-11,252.72525024414062,253.4368884667086,251.233758153992,251.8089055874984,6473376
2025-12-12,254.04129028320312,254.25575456816978,250.88281356373759,252.96896885836975,4008271
2025-12-15,255.15257263183594,255.89345462984815,252.03312741558292,253.44661626763695,4023911
2025-12-16,252.69601440429688,255.1623387811405,252.28657177377085,255.1525809388959,2982041
2025-12-17,254.5677032470703,255.53277763653588,251.80891137183292,252.48154799161765,4923276
2025-12-18,257.2095031738281,258.32079650390807,254.43122522434786,254.60668789496253,9008412
2025-12-19,257.7944030761719,260.2802134395507,256.67332217747196,260.2802134395507,12750745
2025-12-22,265.8075256347656,266.2266963670133,260.0852352744315,260.77738759923454,14651313
2025-12-23,264.5694580078125,265.622293462953,263.40940528846386,265.15436328849967,7572420
2025-12-24,261.31353759765625,264.1600609341609,260.47519611983154,264.1210593132444,4694861
2025-12-26,259.5978088378906,262.112892630566,259.05190517349195,260.47518163736993,2899112
2025-12-29,257.58966064453125,260.66040598902146,256.9657834829414,259.29561705835073,3755074
2025-12-30,257.0145263671875,258.05760405355176,256.40037726681373,257.3557236173418,5117699
2025-12-31,256.6538391113281,257.94062484889497,254.6846886337934,257.35571953640823,5705044
2026-01-01,260.62139892578125,261.30376362734427,257.1119969978968,257.84312115997614,3639755
2026-01-02,262.2298583984375,265.5442818855403,259.45158071457286,260.6213912392056,8286204
2026-01-05,256.6733093261719,262.86349981760594,255.113601587763,262.66855122506394,7006599
2026-01-06,258.9154357910156,259.402851886349,256.332136435652,256.67330390277135,4083654
2026-01-07,263.98455810546875,265.64178480959305,257.8431269069261,258.3305430258428,10242615
2026-01-08,255.6010284423828,264.08205118733326,254.77241507805792,264.08205118733326,9269522
2026-01-09,255.35731506347656,257.3069795274099,253.89506671552655,254.7724097743928,4735387
2026-01-12,256.4783630371094,257.8431221952334,252.53027469631817,254.13877165896557,3802164
2026-01-13,257.5506896972656,258.1843247033359,254.72365240176612,256.8195655172956,6931244
2026-01-14,253.6513671875,257.3557178937383,253.06646187874662,257.3557178937383,5625861
2026-01-15,253.6513671875,253.6513671875,253.6513671875,253.6513671875,0
2026-01-16,260.7189025878906,263.00973462344757,256.3808870853084,256.62459515288,12028289
2026-01-19,239.75997924804688,245.6577170977665,235.47072347084665,245.6577170977665,65833247
2026-01-20,233.86224365234375,239.80872614486398,233.37482754229322,239.75998155890707,16796201
2026-01-21,233.5210723876953,236.4943137751243,231.6201524431948,233.86225475607444,14397792
2026-01-22,234.59336853027344,236.78674103216582,233.17986478178355,235.90939798131257,8537915
2026-01-23,232.39999389648438,237.42038872406175,231.86384807852525,236.2018484564108,13546802
2026-01-27,234.8000030517578,236.39999389648438,231.75,235.1999969482422,15677537
2026-01-28,237.35000610351562,238.10000610351562,234.9499969482422,235.5,10155128
2026-01-29,239.8000030517578,240.89999389648438,235.4499969482422,236.1999969482422,12201949
2026-01-30,236.89999389648438,238.0,235.3000030517578,238.0,11362317
2026-02-02,242.3000030517578,244.0800018310547,239.2899932861328,244.0,12335721
2026-02-03,242.69000244140625,259.8900146484375,242.27999877929688,259.2099914550781,25915412
2026-02-04,233.33999633789062,235.9199981689453,226.25999450683594,235.91000366210938,25995324
2026-02-05,233.38999938964844,235.57000732421875,231.6999969482422,233.33999633789062,10102736
2026-02-06,230.72000122070312,232.92999267578125,228.60000610351562,232.92999267578125,12279085
2026-02-09,230.0800018310547,232.92999267578125,229.61000061035156,231.85000610351562,9112474
2026-02-10,231.47000122070312,232.86000061035156,227.1999969482422,229.97999572753906,12435622
2026-02-11,229.80999755859375,233.0,229.5,231.47000122070312,7874912
2026-02-12,219.0800018310547,226.25999450683594,218.5,226.1999969482422,40899346
2026-02-13,214.08999633789062,216.47999572753906,209.00999450683594,210.64999389648438,23721186
2026-02-16,213.25999450683594,216.91000366210938,210.11000061035156,214.6199951171875,20754327
2026-02-17,215.69000244140625,219.38999938964844,212.25999450683594,213.25999450683594,26941553
2026-02-18,211.9499969482422,216.39999389648438,210.25999450683594,216.1999969482422,22679760
2026-02-19,211.2100067138672,215.44000244140625,210.39999389648438,214.0,14151588
2026-02-20,209.86000061035156,211.9600067138672,208.25,209.6999969482422,17690420
2026-02-23,205.88999938964844,211.74000549316406,204.27999877929688,210.36000061035156,20946229
2026-02-24,200.13999938964844,203.2899932861328,199.36000061035156,203.0,25036686
2026-02-25,201.9199981689453,205.47999572753906,201.30999755859375,201.30999755859375,13979068
2026-02-26,201.0800018310547,204.6300048828125,199.1199951171875,203.7100067138672,14378069
2026-02-27,200.9600067138672,204.0,200.0500030517578,204.0,13288519
2026-03-02,198.57000732421875,200.36000061035156,194.6999969482422,195.0,10486866
2026-03-04,195.5500030517578,197.1199951171875,194.50999450683594,196.00999450683594,19562075
2026-03-05,195.67999267578125,196.97000122070312,193.22000122070312,196.39999389648438,13149281
2026-03-06,195.39999389648438,198.92999267578125,195.0,195.60000610351562,9022914
2026-03-09,198.75,199.5,193.02999877929688,194.0,25862728
2026-03-10,200.92999267578125,201.30999755859375,197.4199981689453,200.5,12982340
2026-03-11,202.22999572753906,205.9499969482422,201.5800018310547,202.69000244140625,29199002
2026-03-12,202.50999450683594,203.8000030517578,199.6999969482422,201.05999755859375,19042475
2026-03-13,197.5800018310547,202.07000732421875,196.0399932861328,200.60000610351562,12629652
2026-03-16,195.11000061035156,198.2899932861328,192.77000427246094,196.24000549316406,12631649
2026-03-17,191.32000732421875,195.11000061035156,188.25,195.0,21778468
2026-03-18,194.3000030517578,198.0,192.69000244140625,193.0,24529164
2026-03-19,188.41000366210938,192.7899932861328,187.67999267578125,191.97999572753906,13685195
2026-03-20,190.89999389648438,192.3000030517578,188.41000366210938,191.19000244140625,24395304
2026-03-23,187.5399932861328,190.6199951171875,187.0,189.41000366210938,12014988
2026-03-24,188.74000549316406,191.5,187.8000030517578,191.5,11843191
2026-03-25,189.0500030517578,190.6199951171875,187.89999389648438,189.0,13862888
2026-03-27,191.60000610351562,192.2899932861328,187.89999389648438,189.0500030517578,26269256
2026-03-30,187.63999938964844,191.6300048828125,186.5,189.99000549316406,27946986
2026-04-01,191.17999267578125,194.49000549316406,190.41000366210938,191.50999450683594,11769673
2026-04-02,194.91000366210938,195.33999633789062,188.5800018310547,190.5,16623045
2026-04-06,197.2899932861328,201.17999267578125,196.11000061035156,197.0,23282287
2026-04-07,204.72000122070312,205.27000427246094,197.00999450683594,197.00999450683594,24771466
2026-04-08,203.4199981689453,209.0,202.8000030517578,207.6999969482422,22084158
2026-04-09,202.8699951171875,204.16000366210938,201.6300048828125,203.7100067138672,14540807
2026-04-10,204.8800048828125,208.6999969482422,200.6199951171875,208.6999969482422,51219565
2026-04-13,202.97000122070312,203.39999389648438,200.30999755859375,203.00999450683594,21930624
2026-04-15,209.75,210.49000549316406,205.10000610351562,206.5,27890080
2026-04-16,210.25999450683594,212.97999572753906,208.2100067138672,212.97999572753906,36305074
2026-04-17,204.32000732421875,206.4499969482422,202.5,205.0,80542603
2026-04-20,202.47999572753906,205.1999969482422,202.0,204.5,27927164
2026-04-21,205.00999450683594,205.6999969482422,202.47999572753906,203.0,21530723
2026-04-22,204.0,205.3800048828125,202.1999969482422,203.5,21790433
2026-04-23,202.75999450683594,204.89999389648438,202.3000030517578,204.0,20307250
2026-04-24,199.36000061035156,202.75,197.8800048828125,202.75,39363394
2026-04-27,205.0500030517578,205.25,199.36000061035156,199.36000061035156,42632215
2026-04-28,201.5800018310547,205.67999267578125,201.02000427246094,204.55999755859375,23455983
2026-04-29,200.67999267578125,203.60000610351562,200.3000030517578,201.5800018310547,15667662
2026-04-30,200.64999389648438,202.14999389648438,200.0,200.88999938964844,15300274
2026-05-01,200.64999389648438,200.64999389648438,200.64999389648438,200.64999389648438,0
2026-05-04,200.75,203.3699951171875,200.05999755859375,202.39999389648438,8446995
2026-05-05,199.77999877929688,202.3000030517578,199.60000610351562,200.0,8899200
2026-05-06,199.1199951171875,201.1300048828125,198.25,200.50999450683594,13166683
2026-05-07,197.36000061035156,200.27999877929688,197.19000244140625,199.5,19303572
2026-05-08,197.91000366210938,198.94000244140625,196.6999969482422,198.0,15970687
2026-05-11,196.67999267578125,198.24000549316406,196.14999389648438,197.8800048828125,9199527
2026-05-12,189.57000732421875,196.13999938964844,189.10000610351562,196.10000610351562,27435195
2026-05-13,187.8000030517578,191.3000030517578,187.30999755859375,190.6699981689453,17242394
2026-05-14,188.3000030517578,190.17999267578125,187.0,188.25,18280387
2026-05-15,190.0,191.89999389648438,188.8000030517578,189.89999389648438,17902610
2026-05-18,192.1699981689453,192.75,189.1999969482422,190.99000549316406,16327369
2026-05-19,195.1699981689453,198.0,192.39999389648438,192.39999389648438,20534622
2026-05-20,197.1199951171875,197.94000244140625,194.00999450683594,194.61000061035156,16201692
2026-05-21,198.10000610351562,199.0800018310547,197.5,198.5,5056283
