,Close,return_1d,return_7d,return_30d,MA_50,MA_200,RSI,VIX_lag1,VIX_lag7,CRUDE_lag7,target
2008-10-21,64.38127136230469,0.0478909513567749,0.18534293491345677,-0.372333493896182,89.53515495300293,121.75349420547485,42.80928790085227,57.130001068115234,39.33000183105469,77.69999694824219,0
2008-10-22,59.250789642333984,-0.07968904017286316,-0.06691753935547529,-0.44937196329694484,88.60539413452149,121.14835868835449,33.662787570263234,56.0,46.4900016784668,81.19000244140625,0
2008-10-23,54.63557815551758,-0.07789282665557751,-0.18629761722688765,-0.48630831122830953,87.51268241882325,120.49190423965454,28.989781336262354,54.75,46.4900016784668,78.62999725341797,1
2008-10-24,46.77930450439453,-0.14379409747912864,-0.24375221663311541,-0.5532096010730915,86.14470207214356,119.8242645072937,28.597019248290692,54.970001220703125,46.06999969482422,74.54000091552734,1
2008-10-27,47.21243667602539,0.009259055392543791,-0.24041826024521384,-0.5396155217344337,84.87649291992187,119.11671936035157,30.01263610488911,45.5,47.810001373291016,69.8499984741211,1
2008-10-29,51.58119583129883,0.09253407497800059,-0.11731629759201279,-0.47097124268793866,83.78512535095214,118.37508241653443,34.7953910013926,67.5,46.720001220703125,71.8499984741211,1
2008-10-31,59.55696487426758,0.15462551641986466,-0.030631063018135007,-0.3638323397505482,82.96454559326172,117.68990322113036,44.28867282391892,68.3499984741211,57.130001068115234,74.25,1
2008-11-03,64.3290023803711,0.0801255993514427,-0.000811866259046834,-0.27734891379471116,82.26464874267577,117.05205894470215,57.91898225822196,68.3499984741211,56.0,70.88999938964844,1
2008-11-04,68.37664031982422,0.06292088777500138,0.15402074356440165,-0.18257278441268043,81.60776718139648,116.39909427642823,54.19720339002529,67.83999633789062,54.75,66.75,1
2008-11-05,67.33858489990234,-0.015181433528563049,0.2325042979910683,-0.21883395284117169,80.92683837890625,115.68309623718261,50.1749605343649,62.150001525878906,54.970001220703125,67.83999633789062,1
2008-11-06,64.7322769165039,-0.03870452560404514,0.3837802336377798,-0.30932256198794494,80.29863388061523,114.97240619659424,52.72238759952226,66.75,45.5,64.1500015258789,1
2008-11-07,64.56797790527344,-0.002538131192919346,0.36760528477576426,-0.3200156998800012,79.66460418701172,114.30329586029053,52.28979949258081,62.150001525878906,67.5,63.220001220703125,0
2008-11-10,70.4751205444336,0.09148718654046162,0.3662948174937457,-0.21246771905537198,79.11107879638672,113.65191047668458,60.9719525205071,67.22000122070312,68.3499984741211,67.5,0
2008-11-11,64.87415313720703,-0.07947439272126156,0.0892790335129523,-0.2762040687290699,78.41745452880859,113.00641170501709,52.989333827987146,63.7599983215332,68.3499984741211,67.80999755859375,0
2008-11-12,59.34040069580078,-0.08529980236817147,-0.0775482519544326,-0.3336130128154491,77.6627424621582,112.39347145080566,45.80276008274073,66.98999786376953,67.83999633789062,63.90999984741211,1
2008-11-14,59.13130187988281,-0.0035237176268808623,-0.13521194367984957,-0.29354040582474783,76.95582565307618,111.82848892211913,49.891627849141315,70.62000274658203,62.150001525878906,70.52999877929688,1
2008-11-17,57.7198600769043,-0.023869621640424388,-0.14284120816165224,-0.21660235566318242,76.10313453674317,111.29184446334838,52.969957849627185,70.08000183105469,66.75,65.30000305175781,1
2008-11-18,53.79917526245117,-0.06792609700074315,-0.16889722059607126,-0.3274203818679218,75.19264114379882,110.71615673065186,57.31402837715046,85.12999725341797,62.150001525878906,60.77000045776367,1
2008-11-19,52.01433563232422,-0.033175966386471245,-0.19442520395119778,-0.3678525511035746,74.09992935180664,110.14592292785645,54.866053629265785,64.66000366210938,67.22000122070312,61.040000915527344,1
2008-11-20,48.28034591674805,-0.07178770372019694,-0.31493063731181625,-0.35907626668546433,72.92477073669434,109.46205701828003,46.6114562101856,60.84000015258789,63.7599983215332,62.40999984741211,1
2008-11-21,49.89344024658203,0.033410993629074515,-0.23091959071806623,-0.318334708727567,71.87119117736816,108.77697671890259,38.589088072086135,65.55000305175781,66.98999786376953,59.33000183105469,1
2008-11-24,48.17580795288086,-0.03442601442619175,-0.18814488294666987,-0.3350168096643038,70.68259063720703,108.12255508422851,29.443079041505584,64.45999908447266,70.62000274658203,56.15999984741211,1
2008-11-25,47.959232330322266,-0.004495526525894911,-0.18893664090560847,-0.29234160938856524,69.51460136413574,107.49129518508911,21.208928904362324,62.810001373291016,70.08000183105469,57.040000915527344,1
2008-11-26,52.40266799926758,0.09265026675866839,-0.09212066818166642,-0.03519873141374774,68.46863906860352,106.91188938140868,30.78401546324511,59.560001373291016,85.12999725341797,54.95000076293945,1
2008-11-27,52.40266799926758,0.0,-0.025957781998905083,-0.17476187749978833,67.46569206237793,106.29496061325074,32.99690474334221,56.209999084472656,64.66000366210938,54.38999938964844,1
2008-11-28,52.52215194702149,0.002280111916354688,0.0097630068427077,-0.21777344304817503,66.56610137939452,105.66828594207763,33.367696236988166,56.209999084472656,60.84000015258789,53.619998931884766,1
2008-12-01,48.62388610839844,-0.0742213655402999,0.007115528795977877,-0.21393217625315986,65.66621215820312,105.03748828887939,18.05679787824917,57.43999862670898,65.55000305175781,49.619998931884766,1
2008-12-02,48.30276107788086,-0.006604265027309597,-0.03188152913168063,-0.2228764732846812,64.85190605163574,104.43387826919556,21.35298646114053,55.2599983215332,64.45999908447266,49.93000030517578,1
2008-12-03,50.00545501708984,0.035250447411559804,0.037978544459461805,-0.1442811772057072,64.17904319763184,103.87248991012574,31.39882988446614,54.29999923706055,62.810001373291016,54.5,1
2008-12-04,54.36674118041992,0.08721620794850438,0.1336032404765266,-0.11510886734252912,63.542324981689454,103.35652927398682,41.85393364685338,54.65999984741211,59.560001373291016,50.77000045776367,1
2008-12-05,53.53032302856445,-0.015384739524477942,0.021519038483167163,-0.16854200148792775,62.738473892211914,102.86576642990113,42.69339651261439,51.84000015258789,56.209999084472656,54.43999862670898,1
2008-12-08,55.26289749145508,0.032366224690370426,0.054581753208204464,-0.06730529964160348,61.94462982177734,102.35916473388671,52.7636783010638,52.04999923706055,56.209999084472656,54.43999862670898,0
2008-12-10,59.75114059448242,0.08121621027419579,0.13763694706859564,0.09363060869244655,61.34988166809082,101.84965925216675,63.254845192386234,50.27999877929688,57.43999862670898,54.43000030517578,0
2008-12-11,60.65476989746094,0.015123214284916253,0.24742744259974936,0.2966154700261292,60.770368118286136,101.30062017440795,73.47690862906468,50.36000061035156,55.2599983215332,49.27999877929688,1
2008-12-12,61.38662338256836,0.012065885112492403,0.27087193387541064,0.30022146079447465,60.21714141845703,100.73392978668213,72.55934759094177,51.75,54.29999923706055,46.959999084472656,0
2008-12-15,62.53670883178711,0.018735115011152992,0.2505977359952949,0.21239354427375678,59.793857650756834,100.15912523269654,78.83058513017255,49.43000030517578,54.65999984741211,46.790000915527344,0
2008-12-16,62.880218505859375,0.005492928561307009,0.15659348234956494,0.0557995800929012,59.57788444519043,99.57840883255005,79.80310407554111,48.09999847412109,51.84000015258789,43.66999816894531,0
2008-12-17,64.49330139160156,0.02565326463666584,0.2047994060709688,0.0025540425803431965,59.267964401245116,99.04383081436157,77.22839489521556,44.90999984741211,52.04999923706055,40.810001373291016,0
2008-12-18,70.49754333496094,0.09309869108578872,0.27567584283581015,0.031017947141252167,59.032275924682615,98.55908067703247,82.07572648858294,44.90999984741211,50.27999877929688,43.709999084472656,0
2008-12-19,70.61703491210938,0.0016949750515515838,0.1818525003793876,0.048686054467589335,58.938030319213865,98.10537164688111,82.07573133680407,45.4900016784668,50.36000061035156,43.52000045776367,0
2008-12-22,66.56938171386719,-0.057318368057791336,0.0975127236721054,0.028380042922526938,58.80554878234863,97.62606943130493,81.64333166606711,44.90999984741211,51.75,47.97999954223633,0
2008-12-23,63.75396347045898,-0.04229299072521997,0.038564429145044876,-0.012607091955221028,58.63169494628906,97.1248040008545,75.04232001473935,41.459999084472656,49.43000030517578,46.27999877929688,1
2008-12-24,65.85993194580078,0.03303274589849825,0.05314035829663766,-0.06548677835496575,58.59345901489258,96.63472858428955,75.36435789694156,45.70000076293945,48.09999847412109,44.5099983215332,0
2008-12-26,62.33505630493164,-0.053520790816636854,-0.00866985220283445,-0.03913880504775569,58.75387077331543,96.13517156600952,63.09843702617347,41.790000915527344,44.90999984741211,43.59999847412109,1
2008-12-29,66.46485137939453,0.06625156564005796,0.03056984128974527,0.12006071074774383,58.81316665649414,95.66899110794067,69.18476154480288,45.15999984741211,44.90999984741211,40.060001373291016,0
2008-12-30,68.49613952636719,0.030561839902080834,-0.028389695781089963,0.1583736083725633,58.840200958251955,95.25984308242798,69.45542215055009,43.88999938964844,45.4900016784668,36.220001220703125,0
2008-12-31,66.92784881591797,-0.02289604525588651,-0.05224215517945496,0.15952895115728305,58.941615676879884,94.88210042953492,61.54213032079268,42.5099983215332,44.90999984741211,33.869998931884766,0
2009-01-02,70.38551330566406,0.051662567240973845,0.05732562769171601,0.3083009723160055,59.1062092590332,94.5296788597107,64.46167117643803,43.09000015258789,41.459999084472656,39.90999984741211,0
2009-01-05,74.66465759277344,0.06079580990659661,0.17113750311963005,0.4354630638860495,59.43076675415039,94.24761953353882,67.8513742927803,40.66999816894531,45.70000076293945,38.97999954223633,0
2009-01-06,78.18208312988281,0.047109645319659554,0.18709632427531964,0.6193356042787197,59.76563034057617,93.99895601272583,69.77530925462491,38.59999847412109,41.790000915527344,35.349998474121094,0
2009-01-07,69.877685546875,-0.10621867889106806,0.12100140256625758,0.4005385317494117,59.875558624267576,93.71992082595825,57.362850283926335,38.72999954223633,45.15999984741211,37.709999084472656,0
2009-01-09,68.1974105834961,-0.02404594471366328,0.026067299755351492,0.4155945376193315,60.05449104309082,93.41513525009155,53.89202144622019,44.36000061035156,43.88999938964844,40.02000045776367,0
2009-01-12,65.41931915283203,-0.04073602512023189,-0.04491961729245708,0.3640610154527142,60.27016586303711,93.12781976699829,44.27609395759611,47.81999969482422,42.5099983215332,39.02999877929688,0
2009-01-13,63.54487228393555,-0.02865280307362139,-0.050546619857559594,0.2126266602460718,60.60547721862793,92.8022289276123,42.33199249447894,47.81999969482422,43.09000015258789,44.59999847412109,0
2009-01-14,65.88233947753906,0.036784513204449976,-0.06397870267094607,0.25723254164196163,60.9788752746582,92.57415451049805,49.226383042624185,53.470001220703125,40.66999816894531,46.34000015258789,0
2009-01-15,61.035621643066406,-0.07356626787858711,-0.18253664302648787,0.1620929337516932,61.16796379089355,92.31579441070556,47.07301370530341,53.470001220703125,38.59999847412109,48.810001373291016,0
2009-01-16,63.29096221923828,0.036951218246960904,-0.1904671801326414,0.3016434366875196,61.24264373779297,92.06871101379394,47.24272021471276,45.16999816894531,38.72999954223633,48.58000183105469,0
2009-01-19,61.6255989074707,-0.02631281392118523,-0.11809330224408587,0.27581938448836896,61.18857566833496,91.78835916519165,49.206879634709175,44.29999923706055,44.36000061035156,42.630001068115234,0
2009-01-20,59.19103240966797,-0.0395057661258299,-0.13206334517351437,0.18369150704535886,61.004863510131834,91.43960531234741,41.5480619018381,44.459999084472656,47.81999969482422,40.83000183105469,0
2009-01-21,55.16582107543945,-0.06800373587623143,-0.15673501666133893,0.014697954625746856,60.76140823364258,91.09632732391357,35.196562668576476,45.0,47.81999969482422,37.59000015258789,0
2009-01-22,56.46523666381836,0.023554722163963593,-0.11141159570647141,0.05482712356672681,60.59606742858887,90.76644220352173,38.31137432917564,45.40999984741211,53.470001220703125,37.77999877929688,0
2009-01-23,54.344337463378906,-0.03756114958070256,-0.17513042350437102,-0.016621640734965082,60.391594619750975,90.42525564193726,31.527368553487406,45.54999923706055,53.470001220703125,37.27999877929688,0
2009-01-27,56.9207878112793,0.047409729663860256,-0.06741692344595873,-0.04736901680943795,60.12050796508789,90.14544109344483,28.73257174240831,34.0099983215332,45.16999816894531,35.400001525878906,0
2009-01-28,60.94602584838867,0.0707164849941122,-0.03705009828617878,0.004801863916392923,60.041945419311524,89.89429899215698,29.58968127980637,42.86000061035156,44.29999923706055,36.5099983215332,0
2009-01-29,61.252197265625,0.005023648596841568,-0.006059196964663283,-0.0021898275151184254,60.08018135070801,89.6250277519226,37.39908939428558,40.7599983215332,44.459999084472656,36.5099983215332,0
2009-01-30,62.17076873779297,0.014996547277879912,0.05034100955533094,-0.005851604614794392,60.14097068786621,89.35873540878296,40.99532236085694,43.11000061035156,45.0,38.7400016784668,0
2009-02-02,57.51822662353516,-0.07483488154827289,0.0426424460333652,-0.08527311147661742,60.13693801879883,89.08546598434448,38.820812306031584,42.09999847412109,45.40999984741211,43.54999923706055,0
2009-02-03,58.54880905151367,0.017917493088300818,0.036900091291575565,-0.0921722444319154,60.23193069458008,88.78305446624756,42.758181996731885,43.68999862670898,45.54999923706055,43.66999816894531,0
2009-02-04,58.20527267456055,-0.005867521176235457,0.07104576836148602,-0.17436452504444144,60.355749435424805,88.47694463729859,38.1893484137435,49.2400016784668,34.0099983215332,46.470001220703125,0
2009-02-05,58.33222961425781,0.002181193109550561,0.02479659641497145,-0.1739637654447167,60.556787109375,88.15489068984985,45.13443171666313,44.38999938964844,42.86000061035156,41.58000183105469,0
2009-02-06,60.80413436889648,0.0423763118774132,-0.0023281498262933686,-0.08660509075705802,60.77500099182129,87.8713484954834,45.55882514439622,43.91999816894531,40.7599983215332,42.15999984741211,0
2009-02-09,63.97800064086914,0.05219819844349627,0.044501315820940635,0.0035140900771444272,61.09104484558105,87.61313875198364,53.98632259045421,50.650001525878906,43.11000061035156,41.43999862670898,0
2009-02-10,64.03028869628906,0.0008172817983704839,0.029909875593442825,-0.027780825085234162,61.41246597290039,87.34073881149293,58.92073721804628,44.58000183105469,42.09999847412109,41.68000030517578,0
2009-02-11,65.00111389160156,0.015161968110394719,0.13009593145218035,0.04276979511541712,61.66443489074707,87.06703088760376,70.43124225288763,44.29999923706055,43.68999862670898,40.08000183105469,0
2009-02-12,62.939971923828125,-0.03170933303097978,0.07500003746363015,-0.05303373711686643,61.87518096923828,86.76790540695191,63.03761807545553,46.650001525878906,49.2400016784668,40.77999877929688,0
2009-02-13,64.88163757324219,0.030849483882260387,0.11470378183795793,-0.052769425811707515,62.122370681762696,86.45831491470337,71.37232436842206,45.650001525878906,44.38999938964844,40.31999969482422,0
2009-02-16,61.08790588378906,-0.05847157734221087,0.047241058463805,-0.08725729327101794,62.371651077270506,86.11651445388794,58.05426276456708,43.310001373291016,43.91999816894531,41.16999816894531,0
2009-02-17,57.60783386230469,-0.056968265176820965,-0.05256715747649576,-0.18153848488494473,62.557752532958986,85.77018808364868,43.40899754869213,42.560001373291016,50.650001525878906,40.16999816894531,0
2009-02-18,55.18821716308594,-0.042001521963178856,-0.13738759244952536,-0.2608522031389128,62.66140777587891,85.40145685195922,38.949386891166434,44.0,44.58000183105469,39.560001373291016,1
2009-02-19,53.99334335327149,-0.021650886207892683,-0.1567530858813584,-0.30938980912579295,62.65393981933594,84.99971885681153,35.24655004745385,43.040000915527344,44.29999923706055,37.54999923706055,1
2009-02-20,50.16228866577149,-0.07095420378830597,-0.22828570677382365,-0.28214152668061854,62.586579132080075,84.59335027694702,36.32324468583852,43.040000915527344,46.650001525878906,35.939998626708984,1
2009-02-24,50.177207946777344,0.00029742026136925226,-0.20277676628926156,-0.26423587761673273,62.48486534118652,84.18217805862427,33.823901646338214,45.209999084472656,45.650001525878906,33.97999954223633,1
2009-02-25,50.87173843383789,0.013841553077190483,-0.21593011001901896,-0.22237438278757093,62.307277297973634,83.79127750396728,36.01935198232297,45.20000076293945,43.310001373291016,37.5099983215332,1
2009-02-26,48.51933670043945,-0.04624181924621851,-0.20574562184631928,-0.23645551629025185,62.0645686340332,83.34639730453492,32.75589558847287,41.93999862670898,42.560001373291016,37.5099983215332,1
2009-02-27,48.9225959777832,0.008311310598359878,-0.1507648752300096,-0.25742473072829875,61.8152880859375,82.90595420837403,27.48365062419107,39.869998931884766,44.0,34.93000030517578,1
2009-03-02,45.46493148803711,-0.07067622681585195,-0.17618408738074798,-0.25510824229965245,61.4738525390625,82.451927318573,15.289789479646856,40.61000061035156,43.040000915527344,34.619998931884766,1
2009-03-03,44.15057373046875,-0.02890926510939973,-0.18229598338452146,-0.3024189839691126,61.09925964355469,81.99851781845092,14.41168404329477,43.36000061035156,43.040000915527344,39.47999954223633,1
2009-03-04,42.55242538452149,-0.03619768014122904,-0.15170486601905453,-0.3095008220786155,60.660442123413084,81.55630069732666,10.695548759905094,44.43999862670898,45.209999084472656,38.93999862670898,1
2009-03-05,40.334449768066406,-0.05212336538781348,-0.19615994156452643,-0.31857161252219723,60.0571802520752,81.11693168640137,10.637131051692805,42.77000045776367,45.20000076293945,39.959999084472656,1
2009-03-06,40.20003509521485,-0.0033325029503185055,-0.20977665924474564,-0.27128728782553313,59.4488402557373,80.67197574615479,4.1353855681012135,41.560001373291016,41.93999862670898,42.5,1
2009-03-09,39.27399826049805,-0.023035722046596763,-0.19054956371358778,-0.30445703266371094,58.90293258666992,80.21648431777955,4.628703228381241,37.970001220703125,39.869998931884766,45.220001220703125,1
2009-03-12,42.440406799316406,0.08062353412087275,-0.1324988800964384,-0.2190463849537998,58.47666145324707,79.7710662651062,18.0358193692781,41.02999877929688,40.61000061035156,44.7599983215332,1
2009-03-13,46.09971618652344,0.0862222976445639,0.013962073134397013,-0.1901075519304668,58.08145713806152,79.32054327011109,31.797773342513523,38.47999954223633,43.36000061035156,40.150001525878906,1
2009-03-16,48.21314239501953,0.04584466854296876,0.09201621454235287,-0.20892065193953546,57.79901885986328,78.86995065689086,38.83437325127763,35.56999969482422,44.43999862670898,41.650001525878906,1
2009-03-17,48.30276107788086,0.0018588019450602733,0.13513532169780995,-0.2114117822024879,57.43577705383301,78.43128646850586,45.80099357121246,36.63999938964844,42.77000045776367,45.380001068115234,1
2009-03-18,49.98304748535156,0.03478654987779062,0.23921480949330176,-0.19603619996792188,57.065515213012695,78.01250457763672,49.59223416708833,38.470001220703125,41.560001373291016,43.61000061035156,1
2009-03-19,50.46847152709961,0.009711773614650143,0.25543351908931666,-0.12256558503754278,56.73632766723633,77.61889081954956,49.14557505286711,38.18999862670898,37.970001220703125,45.52000045776367,1
2009-03-20,48.25048065185547,-0.04394804930942209,0.22856044174106938,-0.17589304661342142,56.29362701416016,77.22775835037231,49.42709604292354,35.97999954223633,41.02999877929688,47.06999969482422,1
2009-03-23,51.79776763916016,0.07351816892560392,0.22048235503705116,-0.11008461503524358,55.83628921508789,76.88498941421508,55.40276226452533,35.97999954223633,38.47999954223633,47.02999877929688,1
2009-03-24,53.0897216796875,0.024942272599999038,0.1516279506989131,-0.08987326507555471,55.33444198608399,76.5559793663025,65.59731414371086,37.630001068115234,35.56999969482422,46.25,1
2009-03-25,54.5982551574707,0.028414793486483347,0.13243510887833687,-0.10206344150506164,55.0288533782959,76.22710289001465,71.20339378541999,36.84999847412109,36.63999938964844,47.34999847412109,1
2009-03-26,56.01715850830078,0.02598807135388692,0.15970924349400284,-0.1244309302076404,54.785248336791994,75.92307350158691,77.52671996231713,28.18000030517578,38.470001220703125,49.15999984741211,1
2009-03-27,57.53315353393555,0.027063047573363086,0.1510533356493855,-0.10146971526508308,54.62752502441406,75.63223596572875,86.19927947284454,36.93000030517578,38.18999862670898,48.13999938964844,1
2009-03-30,50.49834060668945,-0.12227407147248859,0.0005918364215529159,-0.22311576550976508,54.36659439086914,75.32350025177001,66.79656502888213,37.13999938964844,35.97999954223633,51.61000061035156,1
2009-03-31,49.70673370361328,-0.015675899317992847,0.030181109744070733,-0.21025173376674067,54.043082275390624,75.01410762786865,67.09076554144254,40.25,35.97999954223633,51.060001373291016,1
2009-04-01,52.17863082885742,0.04972962295175831,0.007352888108044908,-0.19578739408426415,53.86594245910644,74.71927534103393,66.32448652835964,39.47999954223633,37.630001068115234,53.79999923706055,1
2009-04-02,53.87385940551758,0.03248894326530727,0.01477004777989066,-0.11809287573214844,53.677600402832034,74.41777069091796,63.95067488724497,36.52999877929688,36.84999847412109,53.97999954223633,1
2009-04-06,55.97982406616211,0.03909065888138041,0.02530426851016987,-0.028260215442814207,53.56468490600586,74.13325132369995,63.94101849139562,37.400001525878906,28.18000030517578,52.77000045776367,1
2009-04-08,56.21880340576172,0.004269026271271681,0.0035996987857043194,0.018674026733465743,53.50524032592774,73.86393831253052,64.13333484078515,41.720001220703125,36.93000030517578,54.34000015258789,1
2009-04-09,59.41508865356445,0.05685438063726478,0.032710446134659676,0.10041506903581032,53.59022567749023,73.62480171203613,65.97521268706427,43.54999923706055,37.13999938964844,52.380001068115234,1
2009-04-13,62.22304153442383,0.047259929160955894,0.2321799248623473,0.24043466096637767,53.70538177490234,73.39218553543091,68.45684376525148,43.540000915527344,40.25,48.40999984741211,1
2009-04-15,66.15119934082031,0.06313027633378065,0.3308297369781039,0.3183515394277514,53.941519012451174,73.17770627975464,76.6748439948594,46.560001373291016,39.47999954223633,49.65999984741211,1
2009-04-16,63.858516693115234,-0.0346582173951655,0.22384423812435972,0.25528473488610026,54.08027359008789,72.93558822631836,68.67049479406876,48.02000045776367,36.52999877929688,48.38999938964844,1
2009-04-17,65.84500122070312,0.031107589566076843,0.22220687263328864,0.35708782721480925,54.17825309753418,72.67981784820557,69.32999762748345,50.5099983215332,37.400001525878906,52.63999938964844,1
2009-04-20,63.72409057617188,-0.0322106554060535,0.13834031526888846,0.3025492474910847,54.22769096374512,72.39642383575439,63.57774353473353,50.79999923706055,41.720001220703125,51.04999923706055,1
2009-04-21,59.55696487426758,-0.06539325495627402,0.05937802418903382,0.30995391227936664,54.17541488647461,72.11691587448121,54.86851266080133,54.220001220703125,43.54999923706055,49.380001068115234,1
2009-04-22,59.75114059448242,0.0032603360601866083,0.005656003357622064,0.3533491310725043,54.22007316589355,71.8628437423706,53.165634706949355,53.63999938964844,43.540000915527344,52.2400016784668,1
2009-04-23,63.38804244995117,0.060867488374014345,0.018722982464346893,0.4896458163583002,54.31685783386231,71.64210454940796,70.37294959600885,57.880001068115234,46.560001373291016,50.04999923706055,1
2009-04-24,64.83682250976562,0.022855731204483254,-0.01986928195032156,0.6074800296668046,54.44948883056641,71.43759576797486,73.42733575663642,57.880001068115234,48.02000045776367,49.25,1
2009-04-27,69.83289337158203,0.07705607197305064,0.0935564586815858,0.7371351344888373,54.67950210571289,71.27094175338745,75.35388096959622,47.77999877929688,50.5099983215332,49.97999954223633,1
2009-04-28,65.59855651855469,-0.06063527728253171,-0.0037428004796049574,0.6702795596071001,54.775390548706056,71.08674711227417,65.69369177272151,49.43000030517578,50.79999923706055,50.33000183105469,1
2009-04-29,71.57294464111328,0.09107499371375227,0.1231693382200465,0.6864339915390754,54.927289428710935,70.9329013633728,68.91302515180092,48.79999923706055,54.220001220703125,45.880001068115234,1
2009-04-30,71.8417739868164,0.003756019080269901,0.20626989871770074,0.5583994855009167,55.08351913452148,70.81370435714722,68.9355191410443,46.630001068115234,53.63999938964844,46.5099983215332,1
2009-05-04,79.14543151855469,0.10166310109600807,0.32458444694297905,0.6415738030535527,55.36640548706055,70.74712781906128,71.74839632524544,46.630001068115234,57.880001068115234,48.84999847412109,1
2009-05-05,85.00030517578125,0.07397614170381983,0.3409517298612639,0.7597400910215293,55.80761215209961,70.73997575759887,73.526645974299,49.540000915527344,57.880001068115234,49.619998931884766,1
2009-05-06,80.59422302246094,-0.05183607452006789,0.24303165859680975,0.6124311557049524,56.12186386108399,70.68735544204712,64.7723587411865,50.52999877929688,47.77999877929688,51.54999923706055,1
2009-05-07,82.04299926757812,0.01797617981518873,0.17484748671411787,0.6256287695085876,56.540965728759765,70.67803457260132,68.92584845371475,51.209999084472656,49.43000030517578,50.13999938964844,1
2009-05-08,77.77879333496094,-0.051975256520178426,0.1856784274355343,0.6119796587346527,56.94438491821289,70.6241381263733,61.85811017239672,54.7599983215332,48.79999923706055,49.91999816894531,1
2009-05-11,78.1671371459961,0.004992926662705122,0.09213247460961593,0.5090831267195413,57.403963317871096,70.57104627609253,64.86321544591868,57.02000045776367,46.630001068115234,50.970001220703125,1
2009-05-12,83.35736846923828,0.06639914819380133,0.1602910652587044,0.5701225365649523,57.99124382019043,70.55182836532593,73.9876736973902,61.02999877929688,46.630001068115234,51.119998931884766,1
2009-05-13,82.31932067871094,-0.012452981777014926,0.04010198819134825,0.5077280481086428,58.63438446044922,70.50735670089722,72.36531524927739,50.310001373291016,49.540000915527344,54.470001220703125,1
2009-05-14,80.09385681152344,-0.027034526631644518,-0.05772271469039125,0.42980934671391635,59.23271743774414,70.44712755203247,67.03211995498786,50.72999954223633,50.52999877929688,53.84000015258789,1
2009-05-15,85.83671569824219,0.07170161502189631,0.06504799573934994,0.49195221234678144,59.93201698303223,70.43450666427613,69.68635413177,51.25,51.209999084472656,56.34000015258789,1
2009-05-18,105.61186981201172,0.2303810665739916,0.28727460910546676,1.0913928763437712,61.073867645263675,70.53024572372436,76.26355818468679,49.63999938964844,54.7599983215332,56.709999084472656,1
2009-05-19,112.93795013427734,0.06936796342405449,0.45204039933996576,1.272085524824329,62.35417472839355,70.69976839065552,83.24069136526286,49.63999938964844,57.02000045776367,58.630001068115234,0
2009-05-20,105.88074493408205,-0.06248745609252382,0.354542955005811,1.029197455973196,63.562490997314455,70.84102483749389,73.72934733624834,58.09999847412109,61.02999877929688,58.5,1
2009-05-21,100.52620697021484,-0.050571404339861514,0.20596665677266968,0.8659551789957578,64.69000366210938,70.93153650283813,68.53585825897744,50.790000915527344,50.310001373291016,58.84999847412109,1
2009-05-22,104.94723510742188,0.04397886153724029,0.27487975170527457,0.8747332071530909,65.93789985656738,70.99516351699829,67.31829963584343,50.790000915527344,50.72999954223633,58.02000045776367,1
2009-05-25,105.2459487915039,0.002846322571302462,0.31403272337313304,0.872077355184645,67.23612983703613,71.0412407875061,64.68422115669277,49.63999938964844,51.25,58.619998931884766,0
2009-05-26,99.47321319580078,-0.054849955385352867,0.15886555521878898,0.6742079402726457,68.42159339904785,71.0444519996643,63.42680067565184,43.709999084472656,49.63999938964844,56.34000015258789,1
2009-05-27,106.0823745727539,0.06644161945330751,0.004455036745203866,0.7048728566903251,69.75776092529297,71.02320566177369,65.92775973197149,52.369998931884766,49.63999938964844,59.02999877929688,0
2009-05-28,109.07699584960938,0.02822920667939699,-0.03418650931841327,0.6489042819560882,71.09049270629883,71.0232802772522,71.09208640195459,41.56999969482422,58.09999847412109,59.650001525878906,0
2009-05-29,110.54818725585938,0.013487641411378926,0.044082069168318805,0.7311424220377778,72.37946212768554,71.08556295394898,71.50792194075615,44.58000183105469,50.790000915527344,62.040000915527344,0
2009-06-01,107.9194793701172,-0.023778842068736372,0.07354572128731496,0.6389927461370435,73.5735888671875,71.12973588943481,66.8891834375253,40.29999923706055,50.790000915527344,61.04999923706055,0
2009-06-02,109.375732421875,0.013493885072994871,0.04219737003952706,0.7163953448834854,74.79504829406739,71.22278665542602,68.49790658706823,41.83000183105469,49.63999938964844,61.66999816894531,0
2009-06-03,107.45648193359376,-0.017547315531369123,0.021003498637928608,0.8042639036500305,75.94451698303223,71.28503206253052,68.78591558915973,41.040000915527344,43.709999084472656,61.66999816894531,0
2009-06-04,109.55494689941406,0.01952850984938359,0.10135124200490675,0.8335205957479355,77.12624649047852,71.35687379837036,67.14163525940984,40.66999816894531,52.369998931884766,62.45000076293945,0
2009-06-05,112.72882843017578,0.02897068202384112,0.06265370552073724,0.7783926443095674,78.41581344604492,71.44077627182007,56.767507166998996,41.310001373291016,41.56999969482422,63.45000076293945,0
2009-06-08,108.23312377929688,-0.039880700558008075,-0.007736480673486756,0.6693156695486575,79.54452056884766,71.50365644454956,45.271669797821595,40.54999923706055,44.58000183105469,65.08000183105469,1
2009-06-09,110.20466613769533,0.018215702268916445,-0.003107433298467188,0.578119720047892,80.68681945800782,71.53632871627808,54.840304828732414,42.27000045776367,40.29999923706055,66.30999755859375,1
2009-06-10,111.67584991455078,0.01334955976380603,0.034807159618986505,0.7024132212873164,81.82837135314941,71.56698457717896,63.66966137093402,40.7599983215332,41.83000183105469,68.58000183105469,1
2009-06-11,113.73748016357422,0.01846084225551814,0.03987856945154378,0.5891127678745884,82.98277778625489,71.60697782516479,61.43876763859948,40.470001220703125,41.040000915527344,68.55000305175781,1
2009-06-12,112.54751586914062,-0.010462376102602367,0.04737763459158306,0.5666026828596142,84.08306503295898,71.62335958480836,59.28614829061813,41.02000045776367,40.66999816894531,66.12000274658203,1
2009-06-15,111.3802719116211,-0.01037112146372643,0.016661274217794286,0.4072861790577178,85.30070365905762,71.60436933517457,67.15279450787719,40.83000183105469,41.310001373291016,68.80999755859375,1
2009-06-16,111.32721710205078,-0.00047633937913538205,-0.012433477289202521,0.3097272635883517,86.53311332702637,71.60789094924927,59.31499201903509,52.709999084472656,40.54999923706055,68.44000244140625,1
2009-06-17,109.51570129394533,-0.016271993994468437,0.01185013856999828,0.3588529945058745,87.67985473632812,71.62472158432007,50.81333356718809,41.68999862670898,42.27000045776367,68.08999633789062,1
2009-06-18,106.6052017211914,-0.026576094006301454,-0.032661633510205124,0.2993820639528937,88.7344815826416,71.65481782913209,43.06029818904283,62.04999923706055,40.7599983215332,70.01000213623047,1
2009-06-19,108.24237060546876,0.015357307690848865,-0.030745047489758592,0.391669450814361,89.77973251342773,71.69941045761108,50.58884453903109,54.4900016784668,40.470001220703125,71.33000183105469,1
2009-06-22,110.8118133544922,0.023737864707239043,-0.02572297895886566,0.41762660627476045,90.87159271240235,71.7473659324646,52.516742629338914,48.95000076293945,41.02000045776367,72.68000030517578,1
2009-06-23,105.6880874633789,-0.046238083612279324,-0.0609469551841304,0.26789136226608967,91.79705268859863,71.76888124465943,47.213812571626924,47.52999877929688,40.83000183105469,72.04000091552734,1
2009-06-24,104.50570678710938,-0.011187454562267773,-0.061721568878612576,0.26951614670134405,92.64270599365234,71.8106972694397,41.808218838965225,48.22999954223633,52.709999084472656,70.62000274658203,1
2009-06-25,106.11253356933594,0.01537549318239484,-0.04684104811435896,0.32485233941274116,93.44193267822266,71.85991262435913,38.690822860001425,42.220001220703125,41.68999862670898,70.47000122070312,1
2009-06-26,114.624267578125,0.08021421902274462,0.04664688463682509,0.335375738059283,94.45724769592285,71.94227701187134,59.6055674451415,38.59000015258789,62.04999923706055,71.02999877929688,0
2009-06-29,113.49493408203124,-0.009852481677355418,0.06462848200277138,0.07464183982398298,95.41024635314942,72.01197484970093,55.07354882306349,37.9900016784668,54.4900016784668,71.37000274658203,0
2009-06-30,109.47781372070312,-0.035394710731534884,0.011413673853628126,-0.030637499701918536,96.32532081604003,72.07398389816284,46.857402030584645,40.310001373291016,48.95000076293945,69.55000305175781,0
2009-07-01,110.63746643066406,0.010592581917276966,-0.0015733604437137005,0.04492527418033743,97.34693084716797,72.15478551864624,45.45047797833159,42.540000915527344,47.52999877929688,66.93000030517578,0
2009-07-02,111.19076538085938,0.005001008862961065,0.052065261559276044,0.1060873451020028,98.37572334289551,72.20896726608277,47.97094107203575,43.150001525878906,48.22999954223633,69.23999786376953,1
2009-07-03,114.44237518310548,0.029243523876361754,0.09508254335084576,0.09047537141845208,99.39680999755859,72.28455991744995,54.31071296311414,43.880001068115234,42.220001220703125,68.66999816894531,0
2009-07-06,103.03527069091795,-0.09967553079824143,-0.028999994391871176,-0.021004875968816505,100.16077896118163,72.26648664474487,41.15458050990228,45.86000061035156,38.59000015258789,70.2300033569336,1
2009-07-07,105.33184051513672,0.02228916184544172,-0.0810685839859766,0.058896532353930775,100.87075790405274,72.25795446395874,45.58258783036928,39.88999938964844,37.9900016784668,69.16000366210938,1
2009-07-08,99.00298309326172,-0.06008494099147077,-0.12768808675015486,-0.06673485117583755,101.53884643554687,72.24010728836059,42.51379155836722,36.16999816894531,40.310001373291016,71.48999786376953,1
2009-07-09,96.3198699951172,-0.02710133588214203,-0.12018822150718245,-0.11695523657509921,102.03378494262695,72.1836774635315,38.49640737711147,37.380001068115234,42.540000915527344,69.88999938964844,1
2009-07-10,95.3269500732422,-0.010308567919841805,-0.13838455318404175,-0.1376887089734744,102.50348846435547,72.12851873397827,34.590411767224765,36.63999938964844,43.150001525878906,69.30999755859375,1
2009-07-13,95.94847106933594,0.006519887561872162,-0.13708237603468532,-0.1109253711253172,102.8395492553711,72.08475717544556,39.353758760110296,35.83000183105469,43.880001068115234,66.7300033569336,1
2009-07-14,103.00495910644533,0.07354455947515937,-0.09994039409231525,-0.058246680267765916,103.19964233398437,72.08703187942506,48.54624213206195,36.58000183105469,45.86000061035156,66.7300033569336,1
2009-07-15,105.56681823730467,0.02487122127986008,0.02456971801414265,-0.01758538584444702,103.69909423828125,72.12735754013062,49.48097483386811,35.04999923706055,39.88999938964844,64.05000305175781,1
2009-07-16,105.18026733398438,-0.003661670492439817,-0.0014390062910802914,-0.03993137406607683,104.16183959960938,72.18516714096069,39.37587136558372,36.150001525878906,36.16999816894531,62.93000030517578,1
2009-07-17,112.6081314086914,0.07062031940954228,0.13742159973718682,-0.0010706846080560384,104.85842636108399,72.3031174659729,49.12620860005892,37.59000015258789,37.380001068115234,60.13999938964844,1
2009-07-20,118.959716796875,0.05640432274940821,0.2350485606231143,0.09910637929522581,105.67427795410157,72.47967306137085,58.93187891053402,35.88999938964844,36.63999938964844,60.40999984741211,0
2009-07-21,117.13306427001952,-0.015355219195540837,0.2287507801311497,0.06286846442298089,106.34979187011719,72.63432512283325,56.04286690718201,36.970001220703125,35.83000183105469,59.88999938964844,0
2009-07-22,115.13968658447266,-0.017018061449768362,0.2000158553987632,0.03101688209735798,107.00619918823242,72.74140916824341,53.57782404803086,36.59000015258789,36.58000183105469,59.68999862670898,0
2009-07-23,117.5954360961914,0.021328436654350913,0.14164829651229005,0.033919829479858166,107.75623077392578,72.85461084365845,52.89855540035297,37.13999938964844,35.04999923706055,59.52000045776367,0
2009-07-24,116.35240173339844,-0.010570430316497847,0.10216831080244115,0.0338069288768823,108.36654449462891,72.98893011093139,65.05572289858095,34.04999923706055,36.150001525878906,61.540000915527344,0
2009-07-27,114.88957214355467,-0.012572405623354377,0.09231108700969393,0.03150737712975027,108.55209854125977,73.11522573471069,61.01313944948676,36.470001220703125,37.59000015258789,62.02000045776367,1
2009-07-28,112.22917938232422,-0.02315608554888071,-0.0033652279069603663,0.008101902695067276,108.5379231262207,73.2311318397522,66.64763988525547,37.38999938964844,35.88999938964844,63.560001373291016,1
2009-07-29,111.07706451416016,-0.01026573369336703,-0.06626320652876605,0.01425698052212665,108.64184951782227,73.36801267623902,69.31927027931343,36.06999969482422,36.970001220703125,63.97999954223633,1
2009-07-30,114.78343200683594,0.033367531892268376,-0.020059513322106204,0.07671511477491855,108.9269940185547,73.5735354423523,73.78171625993485,37.33000183105469,36.59000015258789,64.72000122070312,1
2009-07-31,114.98050689697266,0.0017169280155779898,-0.0013824919297762417,0.06225045011314134,109.1276594543457,73.74849145889283,73.50682211943389,37.59000015258789,37.13999938964844,65.4000015258789,1
2009-08-03,117.29224395751952,0.020105469378546736,-0.0025782645035975493,0.058481405608769466,109.36858535766602,73.92354284286499,69.98937906490939,39.209999084472656,34.04999923706055,67.16000366210938,1
2009-08-04,115.74603271484376,-0.013182553172362832,-0.005211486909776575,0.09516630958952632,109.69404174804687,74.12562643051147,64.65835585940923,40.650001525878906,36.470001220703125,68.05000305175781,1
2009-08-05,117.23918151855467,0.012900215831928241,0.02045102380626984,0.12184477884432576,109.91717788696289,74.3458550453186,66.82883077026602,36.79999923706055,37.38999938964844,68.37999725341797,1
2009-08-06,116.14019012451172,-0.009373925848066622,0.03484843036109275,0.09450020857925812,110.05844177246094,74.56432271957398,55.98668883297886,36.70000076293945,36.06999969482422,67.2300033569336,1
2009-08-07,111.88810729980467,-0.03661163995123884,0.007301622429364052,-0.023870689306306203,110.08524017333984,74.78490461349487,37.095492437088915,37.650001525878906,37.33000183105469,63.34999847412109,1
2009-08-10,108.94725799560548,-0.0262838417341279,-0.05084509069987453,-0.04006941916137696,110.1057957458496,75.05806856155395,35.645968220535124,40.84999847412109,37.59000015258789,66.94000244140625,1
2009-08-11,108.70470428466795,-0.0022263406661167107,-0.05458144847046187,-0.007061790967140658,110.09237518310547,75.284091796875,37.9779001555917,38.18999862670898,39.209999084472656,69.44999694824219,1
2009-08-12,107.6511459350586,-0.009691929678134037,-0.08219723399573375,-0.02699194578426989,110.09626846313476,75.48662540435791,30.39448153039453,38.20000076293945,40.650001525878906,71.58000183105469,1
2009-08-13,114.78343200683594,0.06625369390939828,-0.008316489865180299,0.03231083636910559,110.2008381652832,75.75125699996948,47.48966437224763,42.52000045776367,36.79999923706055,71.41999816894531,1
2009-08-14,112.91132354736328,-0.01630991883359234,-0.03691477469506599,-0.013378362982178205,110.20448806762695,76.00503444671631,46.875740269529814,42.79999923706055,36.70000076293945,71.97000122070312,1
2009-08-17,106.86289978027344,-0.053567911322487394,-0.0798801029539582,0.03714872648646206,110.17708358764648,76.2471650314331,42.34427799354207,44.2400016784668,37.650001525878906,71.94000244140625,1
2009-08-18,109.15191650390624,0.02142012549106731,-0.024454706241180735,0.03626705818570164,110.1560285949707,76.48573009490967,47.33981014864118,46.4900016784668,40.84999847412109,70.93000030517578,1
2009-08-19,108.621337890625,-0.00486091889428486,-0.0029915402275991765,0.09715217154924205,110.09493835449219,76.70693042755127,40.66593227884114,45.040000915527344,38.18999862670898,70.5999984741211,1
2009-08-20,109.07611083984376,0.0041867735939387085,0.003416655770510202,0.13243623403326055,110.00171096801758,76.95605703353881,41.125564556245536,40.209999084472656,38.20000076293945,69.44999694824219,1
2009-08-21,112.99469757080078,0.035925251650296364,0.04963766608639464,0.18533843245780957,110.01065460205078,77.24785263061523,43.838319664240885,36.83000183105469,42.52000045776367,70.16000366210938,1
2009-08-24,116.41304779052734,0.03025230646406807,0.014197308402438713,0.21328715812889754,110.11131011962891,77.5960213470459,50.90761938516459,38.5099983215332,42.79999923706055,70.5199966430664,1
2009-08-25,115.08663177490234,-0.011394049385355376,0.01926563394349534,0.1172921456720526,110.18649841308594,77.93539232254028,47.05763587598687,38.5099983215332,44.2400016784668,67.51000213623047,1
2009-08-26,115.49590301513672,0.0035562013930068304,0.08078578489460853,0.09405497810412689,110.30610244750977,78.25496585845947,49.102385532046604,48.29999923706055,46.4900016784668,66.75,1
2009-08-27,113.77539825439452,-0.014896673525438553,0.042358227858718456,0.08171809350053816,110.44950637817382,78.5260580253601,52.82890440864507,36.27000045776367,45.040000915527344,69.19000244140625,1
2009-08-28,115.75360870361328,0.017386978903783934,0.06566178387684785,0.027932949917319094,110.59973114013673,78.78318105697632,60.50536618912252,34.84000015258789,40.209999084472656,72.41999816894531,1
2009-08-31,113.8663101196289,-0.01630444705025824,0.043916117313887115,-0.04281623069045415,110.66082107543946,79.01062940597534,57.58181463642051,33.27000045776367,36.83000183105469,72.54000091552734,1
2009-09-01,112.90373229980467,-0.008453578752248503,-0.0008050401740232749,-0.03610707187225315,110.80513397216797,79.23845514297486,57.73613188349285,34.5099983215332,38.5099983215332,73.88999938964844,1
2009-09-02,111.58490753173828,-0.011680966972503426,-0.04147421917409788,-0.030873621061374035,110.94671798706055,79.47271829605103,44.31574343161583,34.97999954223633,38.5099983215332,74.37000274658203,1
2009-09-03,111.56217956542967,-0.00020368315761831735,-0.030624340595579613,-0.051305192880330974,111.05571090698243,79.7076893043518,47.433678508786286,34.959999084472656,48.29999923706055,72.05000305175781,1
2009-09-04,112.76731872558594,0.010802398849239614,-0.023624944420696736,-0.030812281950372666,111.01857192993164,79.91915029525757,63.768172149830505,34.11000061035156,36.27000045776367,71.43000030517578,1
2009-09-07,119.5812530517578,0.06042472591507875,0.05102908789105509,0.04083643816116633,111.14029830932617,80.19268579483033,70.08175528532962,32.5099983215332,34.84000015258789,72.48999786376953,1
2009-09-08,119.74800872802734,0.0013944968129524504,0.034507779663627725,0.06699531607630482,111.34570220947266,80.49472383499146,71.72891800523553,32.209999084472656,33.27000045776367,72.73999786376953,1
2009-09-09,120.19517517089844,0.0037342286324502094,0.055581541586974925,0.08208814930985064,111.53685638427734,80.80004320144653,71.72051645241206,31.96999931335449,34.5099983215332,69.95999908447266,1
2009-09-10,123.78785705566406,0.029890400173363085,0.09640181537097181,0.07844707978667054,111.78879821777343,81.13038318634034,71.35579654552855,31.65999984741211,34.97999954223633,68.05000305175781,0
2009-09-11,126.59984588623048,0.022716192827394677,0.13456065597600175,0.1010548596699894,112.03194763183593,81.49438653945923,70.6515680110768,32.58000183105469,34.959999084472656,68.05000305175781,0
2009-09-14,125.00056457519533,-0.012632569177630448,0.12045645811252936,0.06571892869973217,112.47125350952149,81.85931768417359,69.87846566225855,31.170000076293945,34.11000061035156,67.95999908447266,0
2009-09-15,128.0019989013672,0.024011366159600867,0.1350983631423759,0.1058867064300828,112.92465667724609,82.25792594909667,72.71479364196016,31.670000076293945,32.5099983215332,68.0199966430664,0
2009-09-16,131.04901123046875,0.023804412081481985,0.09589929764113947,0.117791932125767,113.56557723999023,82.66370380401611,79.93171494997337,30.200000762939453,32.209999084472656,68.0199966430664,0
2009-09-17,132.03433227539062,0.007518721703203335,0.10260148521774659,0.13685307501080457,114.2798664855957,83.08299642562866,79.21656584829952,28.31999969482422,31.96999931335449,71.0999984741211,0
2009-09-18,127.71405792236328,-0.032720840697829545,0.06255561207655957,0.1414444394894705,114.92760864257812,83.48177055358887,72.85474969792298,27.270000457763672,31.65999984741211,71.30999755859375,1
2009-09-22,129.1540985107422,0.011275505702389443,0.04335030577890264,0.18547360334623364,115.59172119140625,83.86552770614624,76.40396843971773,25.86000061035156,32.58000183105469,71.94000244140625,1
2009-09-23,128.12330627441406,-0.007981103567088033,0.012033667004244464,0.17863626158159707,116.09408813476563,84.24413089752197,77.1258694722363,26.799999237060547,31.170000076293945,69.29000091552734,1
2009-09-24,130.43505859375,0.018043183450048073,0.04347575578577079,0.21164579773666303,116.59145294189453,84.63369543075561,78.79282947730498,26.51000022888184,31.670000076293945,68.86000061035156,1
2009-09-25,127.18346405029295,-0.02492883875327101,-0.006394703661658951,0.10802980732200562,117.0315168762207,85.0264933204651,70.7009374155744,24.36000061035156,30.200000762939453,70.93000030517578,1
2009-09-29,131.32945251464844,0.032598486723997455,0.0021399725304793726,0.16312029997203292,117.40594329833985,85.44162677764892,68.26973227425694,26.11000061035156,28.31999969482422,72.51000213623047,1
2009-09-30,137.58248901367188,0.04761335998355709,0.042020561187897654,0.2874672996574361,117.77839874267578,85.87951194763184,73.3201396095235,26.059999465942383,27.270000457763672,72.47000122070312,1
2009-10-01,140.4626922607422,0.020934373754381674,0.09982169970770749,0.28685502517690953,118.24499130249023,86.30999170303345,74.91617709789861,25.270000457763672,25.86000061035156,72.04000091552734,0
2009-10-05,138.31011962890625,-0.015324870947511782,0.07089222273037299,0.27332366103035866,118.70839996337891,86.73389068603515,68.5085190477709,25.3700008392334,26.799999237060547,71.55000305175781,0
2009-10-06,142.2211151123047,0.028277001667642576,0.11003313329813702,0.3038704260470715,119.20091354370118,87.1686817741394,69.36666658469177,28.71999931335449,26.51000022888184,68.97000122070312,0
2009-10-07,139.21966552734375,-0.02110410667635987,0.06734851065582048,0.23209025308564413,119.65825881958008,87.5660243988037,67.03601746119438,27.75,24.36000061035156,65.88999938964844,0
2009-10-08,139.9093780517578,0.00495413145694279,0.10005950141783027,0.20183588272260988,120.15865493774415,87.9622974395752,65.10293488080795,30.479999542236328,26.11000061035156,66.0199966430664,0
2009-10-09,136.70326232910156,-0.0229156598885758,0.04091854273019013,0.1878292050155672,120.64813659667969,88.33888063430786,57.142840620608695,29.8700008392334,26.059999465942383,66.70999908447266,1
2009-10-12,139.49252319335938,0.020403762256550273,0.013882829082251025,0.20777031523860812,121.21644577026368,88.72365970611573,59.011005380277034,30.25,25.270000457763672,70.61000061035156,0
2009-10-13,139.61376953125,0.0008691959620126255,-0.0060437594910706105,0.22709980956588294,121.71305252075196,89.10732746124268,66.00079074560908,28.200000762939453,25.3700008392334,70.81999969482422,0
2009-10-14,139.61376953125,0.0,0.009425556899534948,0.2061288723078223,122.2057177734375,89.48292980194091,64.63107122702198,28.200000762939453,28.71999931335449,70.41000366210938,0
2009-10-15,141.88002014160156,0.016232285812212144,-0.002398342682335075,0.2460228138818341,122.69747329711915,89.83984218597412,68.60011809205815,26.3799991607666,27.75,70.87999725341797,0
2009-10-16,145.3893280029297,0.024734334389195256,0.04431602713751803,0.2877282711687752,123.29033920288086,90.21370365142822,69.5850666022919,26.63999938964844,30.479999542236328,69.56999969482422,0
2009-10-20,143.16854858398438,-0.015274707225420014,0.023294868275526737,0.2830458146256267,123.80892654418945,90.59669948577881,71.51602993763917,26.020000457763672,29.8700008392334,71.69000244140625,0
2009-10-21,140.8416748046875,-0.01625268819381731,0.03027296060881901,0.26245001086668274,124.30295623779297,90.98213804244995,63.46279850538367,26.690000534057617,30.25,71.7699966430664,0
2009-10-22,135.12672424316406,-0.04057712725618079,-0.03129772729211877,0.19827912705797957,124.76772857666016,91.32847200393677,46.470559597259445,26.780000686645508,28.200000762939453,73.2699966430664,0
2009-10-23,136.9912567138672,0.01379839910385039,-0.01878405565717367,0.14559141351842086,125.3286085510254,91.70175300598144,44.860794355873445,25.489999771118164,28.200000762939453,74.1500015258789,0
2009-10-26,135.04336547851562,-0.014219091656485161,-0.03273605510458888,0.12772952897469225,125.85538177490234,92.04464557647705,45.134322605161266,24.489999771118164,26.3799991607666,75.18000030517578,0
2009-10-27,126.49371337890624,-0.06331041935540016,-0.10844590201875659,0.05240258769998274,126.2322331237793,92.33463344573974,29.41871828325945,24.489999771118164,26.63999938964844,77.58000183105469,1
2009-10-28,122.70401000976562,-0.029959618291770185,-0.1560315210529547,-0.008755681467294996,126.39064468383789,92.61351425170898,28.824061103589685,28.18000030517578,26.020000457763672,78.52999877929688,1
2009-10-29,116.98906707763672,-0.04657502987615536,-0.18285776984733804,-0.07591461696746882,126.47219955444336,92.84653202056884,23.966917083175417,28.479999542236328,26.690000534057617,79.08999633789062,1
2009-10-30,119.87684631347656,0.024684180393740984,-0.14885387098871095,-0.04098956096023498,126.73247848510742,93.07259296417236,30.74920455803175,28.21999931335449,26.780000686645508,81.37000274658203,1
2009-11-03,119.19469451904295,-0.005690438274041587,-0.11790435839657454,-0.06880599098386553,126.93333404541016,93.27765602111816,25.601261463746198,25.38999938964844,25.489999771118164,81.19000244140625,1
2009-11-04,125.47805786132812,0.052715126018308744,-0.08404331143984334,-0.04251045709412715,127.27046844482422,93.55565788269043,35.20074252048002,24.43000030517578,24.489999771118164,80.5,0
2009-11-05,128.03993225097656,0.020416911397207693,-0.05186062419818216,-0.030252737720388834,127.64974487304687,93.85487049102784,38.49977636436689,29.88999938964844,24.489999771118164,78.68000030517578,0
2009-11-06,128.631103515625,0.00461708510974268,0.016897204450914582,0.007180459286785679,127.96247299194336,94.1709294128418,36.38202921771884,29.56999969482422,28.18000030517578,79.55000305175781,0
2009-11-09,134.68710327148438,0.04708036851385433,0.09765853015533121,0.04284033433350154,128.3279541015625,94.52664056777954,39.54690710325831,29.040000915527344,28.479999542236328,77.45999908447266,0
2009-11-10,135.9074249267578,0.0090604194880759,0.16171047707019004,0.0607548999373444,128.7443699645996,94.87676599502564,42.76653824136276,28.920000076293945,28.21999931335449,79.87000274658203,0
2009-11-11,140.14434814453125,0.03117506802926151,0.16906936121805716,0.07443772905428414,129.2373388671875,95.27230962753296,49.33079670628975,30.059999465942383,25.38999938964844,77.0,0
2009-11-12,135.3086395263672,-0.03450519897653659,0.13519011959672267,0.06388547077834938,129.66800369262694,95.6323980140686,50.177575288526334,28.959999084472656,24.43000030517578,79.5999984741211,0
2009-11-13,137.78712463378906,0.018317271654622713,0.09809736444968165,0.04917154526643852,130.10867401123048,96.0132056427002,50.767679229653794,29.63999938964844,29.88999938964844,80.4000015258789,0
2009-11-16,139.35606384277344,0.011386689526719618,0.08837970618115953,0.01289099246434855,130.61846908569336,96.41403079986573,54.19058342305978,29.09000015258789,29.56999969482422,79.62000274658203,0
2009-11-17,139.54554748535156,0.0013597086294852012,0.08485073727444759,-0.006529454623353748,131.15130538940429,96.83592943191529,65.14244643543131,27.950000762939453,29.040000915527344,77.43000030517578,0
2009-11-18,137.26416015625,-0.016348693098509948,0.01913365735968897,-0.007562421863726354,131.66489044189453,97.23992404937744,67.50500633634508,26.780000686645508,28.920000076293945,79.43000030517578,0
2009-11-19,134.3763885498047,-0.021038059775822848,-0.011265288690284758,-0.055158663017832676,132.12117462158204,97.64008430480958,72.42867819473128,26.38999938964844,30.059999465942383,79.05000305175781,1
2009-11-20,135.9756622314453,0.011901448601945974,-0.029745658446295398,-0.02330132947533403,132.5853414916992,98.0353586769104,71.48063722885338,28.549999237060547,28.959999084472656,79.27999877929688,0
2009-11-23,139.0453338623047,0.0225751548511266,0.027616080902279183,-0.006175741765741316,132.97462310791016,98.42585521697998,74.90021684043825,26.63999938964844,29.63999938964844,76.94000244140625,0
2009-11-24,137.84776306152344,-0.008612808265591965,0.00044008776506188063,0.00837215376518663,133.33661819458007,98.80883304595947,67.78555559992225,26.690000534057617,29.09000015258789,76.3499984741211,0
2009-11-25,136.71084594726562,-0.008247628318425404,-0.018981720798976087,-0.019941407484886375,133.6669316101074,99.18153343200683,63.00001692898201,26.09000015258789,27.950000762939453,78.9000015258789,0
2009-11-26,131.20054626464844,-0.040306236454294986,-0.05980127185053408,-0.060260698460107176,133.8151853942871,99.5499450302124,53.357102785068946,24.850000381469727,26.780000686645508,79.13999938964844,0
2009-11-27,128.98736572265625,-0.0168686838965435,-0.060298292170164025,-0.07611286368294223,133.86293579101562,99.90213781356812,41.721738652511505,28.309999465942383,26.38999938964844,79.58000183105469,0
2009-11-30,131.55679321289062,0.019919993526800628,-0.020982818241681023,-0.0727602584099436,133.99406036376953,100.26889541625977,43.91945927432649,30.059999465942383,28.549999237060547,77.45999908447266,0
2009-12-01,134.4900665283203,0.0222966313163544,-0.010925452972579408,-0.07496603515761313,134.12382171630858,100.64968460083008,41.798587678283155,27.559999465942383,26.63999938964844,76.72000122070312,0
2009-12-02,135.45263671875,0.007157184283398399,-0.025838315057105765,-0.05389390296646146,134.2118942260742,101.02292711257934,50.2353029765814,25.450000762939453,26.690000534057617,77.55999755859375,0
2009-12-03,134.04287719726562,-0.010407767287775704,-0.027602086386847136,-0.04827262681198674,134.25206512451172,101.37325149536133,43.660163276315636,26.030000686645508,26.09000015258789,76.0199966430664,0
2009-12-04,132.10250854492188,-0.01447573114599876,-0.03370864520962258,-0.02238058914830221,134.33983413696288,101.7136125946045,37.8706963552051,25.989999771118164,24.850000381469727,77.95999908447266,1
2009-12-07,130.47296142578125,-0.012335474451543038,-0.005545593060257148,-0.04758183437721619,134.36621139526366,102.04097183227539,35.526019187279246,26.13999938964844,28.309999465942383,77.95999908447266,0
2009-12-08,132.25408935546875,0.013651318328515849,0.025325919438005107,-0.02065466980301689,134.44882705688477,102.3875424194336,41.87751709397481,27.670000076293945,30.059999465942383,76.05000305175781,0
2009-12-09,129.65438842773438,-0.019656866115852045,-0.014460711139999471,0.0249868152685222,134.43321365356445,102.71140617370605,42.27236564332735,26.459999084472656,27.559999465942383,77.27999877929688,0
2009-12-10,132.78466796875,0.02414325946830842,-0.012680479708225834,0.0821542666631847,134.54523773193358,103.06988998413085,45.027077902652714,26.989999771118164,25.450000762939453,78.37000274658203,0
2009-12-11,131.04901123046875,-0.013071213452819141,-0.03251044494190847,0.12018169307651227,134.53962890625,103.43709587097167,36.997713887032184,27.200000762939453,26.030000686645508,76.5999984741211,0
2009-12-14,128.95706176757812,-0.01596310756753161,-0.037941705937891146,0.0757461989812187,134.36712036132812,103.80594009399414,35.95202102395332,27.149999618530277,25.989999771118164,76.45999908447266,0
2009-12-15,125.15972900390624,-0.029446489487453542,-0.05255600077158806,0.05004446304369936,134.0610610961914,104.16177202224732,33.163833112858484,27.88999938964844,26.13999938964844,75.47000122070312,1
2009-12-16,124.69737243652344,-0.0036941320587899895,-0.044266558573848425,-0.00622168878057916,133.78880615234374,104.53444744110108,38.885945020121454,28.31999969482422,27.670000076293945,73.93000030517578,0
2009-12-17,125.18247985839844,0.0038902778173770525,-0.05346987402456371,-0.022316884602665232,133.44803344726563,104.90947380065919,43.08917718203763,27.36000061035156,26.459999084472656,72.62000274658203,1
2009-12-18,122.68881225585938,-0.01992026044986328,-0.05372418362651421,-0.04619637939313648,133.11741638183594,105.26855916976929,33.84861656124593,27.25,26.989999771118164,70.66999816894531,1
2009-12-21,122.92378997802734,0.001915233490710877,-0.07426217304729299,-0.08733808217514416,132.77770462036133,105.64058143615722,26.637940041465697,26.65999984741211,27.200000762939453,70.54000091552734,0
2009-12-22,125.1672821044922,0.018251081640631828,-0.044881903882759366,-0.07902543093619507,132.54698501586915,106.02180486679077,30.24730827996588,26.190000534057617,27.149999618530277,69.87000274658203,0
2009-12-23,130.76095581054688,0.044689583507812936,0.01398833083076867,-0.06695519625455926,132.3723536682129,106.44828498840332,44.56981450661669,24.520000457763672,27.88999938964844,69.51000213623047,0
2009-12-24,131.10963439941406,0.0026665344154594983,0.04753849694994261,-0.031032793926916047,132.20227096557616,106.88308029174804,48.26587638949223,23.84000015258789,28.31999969482422,70.69000244140625,0
2009-12-29,133.42892456054688,0.017689700469053937,0.07002194154867358,-0.03162995152722303,132.0785740661621,107.33746278762817,55.04133057275711,22.690000534057617,27.36000061035156,72.66000366210938,0
2009-12-30,133.36830139160156,-0.0004543480294469937,0.0653911117790813,-0.04296736206561835,131.9083396911621,107.80263204574585,52.01873510919875,24.40999984741211,27.25,72.6500015258789,0
2009-12-31,132.94384765625,-0.003182568353369497,0.0835857419420154,-0.04730856661545979,131.65943008422852,108.26635110855102,56.469827001499375,24.6200008392334,26.65999984741211,73.36000061035156,0
2010-01-04,133.35311889648438,0.0030785271184012863,0.08484386073941641,-0.028492807265302345,131.46312149047853,108.73674671173096,51.25206526575887,23.34000015258789,26.190000534057617,72.47000122070312,0
2010-01-05,134.618896484375,0.009491923386307777,0.07551186077518568,0.0018046915621670045,131.33866592407227,109.19763916015626,58.02919607826986,23.63999938964844,24.520000457763672,74.4000015258789,0
2010-01-06,135.6497344970703,0.007657454039633693,0.03738714401573007,-0.002396956404008832,131.3491261291504,109.64538925170899,65.8073170257041,22.270000457763672,23.84000015258789,76.66999816894531,0
2010-01-07,134.36880493164062,-0.00944291981240375,0.024858360311628802,-0.03363312382201322,131.29667709350585,110.0761675643921,74.68505920886878,22.1200008392334,22.690000534057617,78.05000305175781,0
2010-01-08,132.48150634765625,-0.014045660262770987,-0.007100545972404282,-0.03892886322335276,131.24543991088868,110.49706129074097,69.38465782615933,22.5,24.40999984741211,78.87000274658203,0
2010-01-11,131.79177856445312,-0.005206219360105679,-0.011820821069913667,-0.0359815444687539,131.3514012145996,110.90610494613648,66.29294630719498,22.56999969482422,24.6200008392334,79.27999877929688,0
2010-01-12,127.75192260742188,-0.030653322999625088,-0.03905351876269425,-0.026285131848995835,131.45235946655274,111.29252220153809,61.597270473892365,22.68000030517578,23.34000015258789,79.36000061035156,1
2010-01-13,127.43357849121094,-0.0024918929571745574,-0.044389965935993536,-0.012046042050243955,131.66124969482422,111.68843769073486,60.2905626334615,23.07999992370605,23.63999938964844,81.51000213623047,1
2010-01-14,126.62258911132812,-0.006364016372174208,-0.05939959085888802,-0.03750626616124464,131.79616455078124,112.0625617980957,53.553038718901796,21.989999771118164,22.270000457763672,81.7699966430664,1
2010-01-15,127.70642852783205,0.008559605549930627,-0.058557475240836654,-0.05043969547787974,131.96639923095702,112.43564533233642,40.436621474492085,20.979999542236328,22.1200008392334,83.18000030517578,1
2010-01-18,130.8746337890625,0.024808502576986413,-0.026004332957755838,-0.033797813321221115,132.07433074951172,112.81702722549439,49.374647246799334,21.07999992370605,22.5,82.66000366210938,1
2010-01-19,131.20054626464844,0.0024902646613034207,-0.009668972812298282,-0.021204639829046967,132.13754302978515,113.19294416427613,43.366368475226366,21.549999237060547,22.56999969482422,82.75,1
2010-01-20,133.0878448486328,0.014384837851036503,0.009834196778411686,0.007458876554004901,132.22667785644532,113.5707176208496,49.24700522753716,22.34000015258789,22.68000030517578,82.5199966430664,1
2010-01-21,129.26022338867188,-0.028760113023952538,0.01180648205103707,-0.009294937616628252,132.11814025878905,113.96452703475953,41.63797463092921,22.290000915527344,23.07999992370605,80.79000091552734,1
2010-01-22,127.441162109375,-0.014072861949396054,5.951036025075851e-05,-0.03639151930612672,131.9488150024414,114.35319917678834,37.38685654236458,23.5,21.989999771118164,79.6500015258789,1
2010-01-25,125.94041442871094,-0.011776004360161574,-0.0053874643332194605,-0.028645185435381526,131.664736328125,114.7220080947876,31.66827931238764,24.850000381469727,20.979999542236328,79.38999938964844,1
2010-01-27,119.34625244140624,-0.052359379768734615,-0.06546401917898603,-0.10120457228169144,131.34548858642577,115.04937005996705,22.115540699595314,25.81999969482422,21.07999992370605,78.0,1
2010-01-28,119.45996856689452,0.0009528252723653985,-0.08721831642765543,-0.08843288899901136,130.9789454650879,115.36677078247071,23.440422597885316,28.920000076293945,21.549999237060547,78.0,1
2010-01-29,125.87220764160156,0.05367688566832629,-0.04061216797298184,-0.023921560275128262,130.70926834106444,115.7150378036499,39.8604636572998,26.959999084472656,22.34000015258789,79.0199966430664,1
2010-02-01,126.69837188720705,0.006563515974533862,-0.04800944044659239,0.012293434122510716,130.45232482910157,116.05145421981811,42.218616724304155,26.1299991607666,22.290000915527344,77.62000274658203,1
2010-02-02,124.15164947509766,-0.020100671967407835,-0.039521623742001966,-0.004376378994702335,130.19007461547852,116.36109725952149,44.236800986410245,25.61000061035156,23.5,76.08000183105469,1
2010-02-03,127.2516860961914,0.02496975782601707,-0.0014867724842384522,0.016529519467369358,130.04758056640625,116.66659969329834,49.73264262928665,26.690000534057617,24.850000381469727,74.54000091552734,1
2010-02-04,125.63724517822266,-0.012686990384931929,-0.002407243551353355,0.024031799380488827,129.8408122253418,116.97549333572388,48.58509593336824,25.540000915527344,25.81999969482422,75.26000213623047,1
2010-02-05,120.9910125732422,-0.036981331438695086,0.013781414147406634,-0.015723379543785887,129.47972579956055,117.25122339248657,41.25199592357519,27.06999969482422,28.920000076293945,73.66999816894531,1
2010-02-08,122.0824966430664,0.009021199563591376,0.021953195766189593,-0.024645301947601284,129.16442047119142,117.54301542282104,37.89156612580929,30.06999969482422,26.959999084472656,73.63999938964844,1
2010-02-09,123.15116119384766,0.008753626278677151,-0.02161753177080672,-0.05819622967367011,128.89322677612304,117.86098640441895,39.136719210927936,30.36000061035156,26.1299991607666,72.88999938964844,1
2010-02-10,121.24114990234376,-0.015509486658411675,-0.04307255021178613,-0.07526894985464472,128.69403884887694,118.16843645095825,34.0217451703125,29.90999984741211,25.61000061035156,74.43000030517578,1
2010-02-11,125.22039031982422,0.032820873281766305,0.008608349943356464,-0.06151990108409977,128.6186993408203,118.47759819030762,44.573460769606484,30.549999237060547,26.690000534057617,77.2300033569336,1
2010-02-15,123.90154266357422,-0.010532211670012726,-0.026326907999354665,-0.07098207467028206,128.46559432983398,118.77292179107666,45.180612379939916,28.809999465942383,25.540000915527344,76.9800033569336,1
2010-02-16,126.19053649902344,0.018474296495762266,0.004403879757279849,-0.0507982225299245,128.29960372924805,119.05471000671386,50.333398689673174,29.68000030517578,27.06999969482422,73.13999938964844,1
2010-02-17,127.47903442382812,0.010210733392156168,0.053623998283826024,-0.044049097023490136,128.1401316833496,119.36411239624023,62.62646841712762,28.729999542236328,30.06999969482422,71.19000244140625,1
2010-02-18,127.3426284790039,-0.0010700264984021546,0.043086699408815265,-0.05405086652315294,128.00612670898437,119.64296081542969,62.22952777174114,29.040000915527344,30.36000061035156,71.88999938964844,1
2010-02-19,126.35730743408205,-0.007737558559067437,0.0260342347498268,-0.06850309805205668,127.89122268676758,119.91553848266602,50.905001011993356,29.76000022888184,29.90999984741211,73.75,1
2010-02-22,126.0616683959961,-0.0023397066943688927,0.039759755640185857,-0.061823401196957395,127.80299682617188,120.15011966705322,48.78817958884008,31.899999618530277,30.549999237060547,74.5199966430664,1
2010-02-23,128.50987243652344,0.019420685698342766,0.026269540514109346,-0.029978779835960645,127.72811248779297,120.36766750335693,58.326111183502675,32.130001068115234,28.809999465942383,75.27999877929688,1
2010-02-24,127.50936889648438,-0.00778542162613427,0.029118493243513344,-0.032493754273711595,127.68521209716796,120.60224323272705,50.53522264152617,30.989999771118164,29.68000030517578,75.27999877929688,1
2010-02-25,129.09344482421875,0.012423212046640764,0.023004168186714802,0.010500994344479153,127.61138763427735,120.83749546051025,57.18780077359804,30.399999618530277,28.729999542236328,77.01000213623047,1
2010-02-26,132.2086181640625,0.024131150455281025,0.03710087514869298,0.037470812084123395,127.63457977294922,121.10964458465577,74.91576203919922,29.549999237060547,29.040000915527344,77.33000183105469,1
2010-03-02,135.99838256835938,0.028665033013158148,0.06797216448836396,0.07404518832566231,127.77540618896484,121.39880081176757,77.60065176883396,24.020000457763672,29.76000022888184,79.05999755859375,1
2010-03-03,137.69615173339844,0.012483745269438629,0.08973635581172568,0.078224121688512,128.02613464355468,121.67049472808839,78.14602251101888,21.6299991607666,31.899999618530277,79.80999755859375,1
2010-03-04,136.18785095214844,-0.010953833947155656,0.0803272135376083,0.040597761455054115,128.2559442138672,121.93983737945557,79.38014615284021,20.75,32.130001068115234,80.16000366210938,1
2010-03-05,136.6956787109375,0.0037288771005534738,0.06369787876380761,0.041883457064307184,128.48620819091798,122.22284648895264,76.12137244406901,20.979999542236328,30.989999771118164,78.86000061035156,1
2010-03-08,140.0306396484375,0.024396974132242066,0.09819882931205037,0.05216700899846316,128.83304473876953,122.49381610870361,83.62829451260541,20.739999771118164,30.399999618530277,80.0,1
2010-03-09,140.24288940429688,0.00151573795843718,0.08636724037583687,0.08496555032712028,129.17942672729492,122.66697120666504,82.0761229525212,20.729999542236328,29.549999237060547,78.16999816894531,1
2010-03-10,139.12869262695312,-0.007944764843882401,0.052342082982088645,0.09170922741231302,129.45865493774414,122.79792491912842,76.80498805229604,20.799999237060547,24.020000457763672,79.66000366210938,1
2010-03-11,141.10693359375,0.01421878499283502,0.0375633219227649,0.12042614941230112,129.6655744934082,122.97405586242675,79.19602130850039,20.09000015258789,21.6299991607666,79.68000030517578,1
2010-03-12,141.98614501953125,0.006230816611127787,0.031155506033595737,0.189699233239353,129.88310470581055,123.18135555267334,83.30085887966868,20.13999938964844,20.75,80.87000274658203,0
2010-03-15,140.0306396484375,-0.013772508372734249,0.028216824550959974,0.17219719148029022,130.01513900756837,123.35677257537841,77.79785887342017,19.729999542236328,20.979999542236328,80.20999908447266,1
2010-03-16,141.05386352539062,0.0073071427761954855,0.03188238908172902,0.12061165977970356,130.16885025024413,123.53581214904786,76.46299514121507,20.26000022888184,20.739999771118164,81.5,1
2010-03-17,143.79006958007812,0.019398306337032434,0.026847195307249105,0.1349006892376401,130.38577468872072,123.75739643096924,82.00237549639476,19.59000015258789,20.729999542236328,81.87000274658203,0
2010-03-18,146.0790557861328,0.015918944978185134,0.04161470436487691,0.17661792174121183,130.64029342651367,123.95737983703613,82.48768252941689,17.729999542236328,20.799999237060547,81.48999786376953,0
2010-03-19,145.00279235839844,-0.007367677877861412,0.04222062049555508,0.13949603975218605,130.84797134399415,124.13700881958007,76.54094878750566,17.969999313354492,20.09000015258789,82.08999633789062,0
2010-03-22,141.77392578125,-0.02226761653780951,0.004726856225366616,0.12843866944182558,130.97045516967773,124.29313751220702,62.26656624553744,17.75,20.13999938964844,82.11000061035156,0
2010-03-23,140.29591369628906,-0.010425133372136686,-0.011904198983708425,0.1595564886388614,131.0889973449707,124.45501968383789,55.57361325382711,19.959999084472656,19.729999542236328,81.23999786376953,0
2010-03-25,141.5617218017578,0.009022416064155436,0.0109339081587021,0.15955788662844084,131.27060165405274,124.6159496307373,61.64205688172626,18.1299991607666,20.26000022888184,79.80000305175781,0
2010-03-26,143.6309051513672,0.014616828075226795,0.018269911660467653,0.1662976114799528,131.507384185791,124.79682174682617,64.07258306721235,17.049999237060547,19.59000015258789,81.69999694824219,0
2010-03-29,144.40399169921875,0.005382452662515913,0.004269572446369274,0.19104769144413414,131.84042556762697,124.97106697082519,59.90385439386525,17.889999389648438,17.729999542236328,82.93000030517578,0
2010-03-30,145.49545288085938,0.0075583865016284335,-0.003995116905245233,0.1619150244560874,132.2016630554199,125.13490009307861,61.43938024394653,18.729999542236328,17.969999313354492,82.19999694824219,0
2010-03-31,144.3888397216797,-0.007605826417722117,-0.004234074577000313,0.16535142838159778,132.55698806762695,125.31567867279053,61.45968173552867,19.799999237060547,17.75,80.68000030517578,0
2010-04-01,144.4115753173828,0.00015746089342472125,0.0186046166218361,0.14439306879799485,132.89109100341796,125.48671321868896,57.87000731863839,19.8700008392334,19.959999084472656,81.25,0
2010-04-05,149.36856079101562,0.03432540267453299,0.06466793547791361,0.17171079516033694,133.26096954345704,125.67517677307129,64.72188074343651,17.6200008392334,18.1299991607666,81.91000366210938,0
2010-04-06,151.25584411621094,0.012635077389785199,0.06847982767565308,0.18778641467377755,133.66207550048827,125.86276859283447,72.44617561751355,17.170000076293945,17.049999237060547,80.52999877929688,0
2010-04-07,149.67176818847656,-0.010472824617059562,0.042058239699479305,0.1845121681352475,133.99375396728516,126.04838985443115,66.85451501523457,17.200000762939453,17.889999389648438,80.0,0
2010-04-08,145.6925048828125,-0.0265865991551133,0.008922974832147323,0.15572407327777293,134.32239959716796,126.21995101928711,53.54817778739051,17.31999969482422,18.729999542236328,82.16999816894531,0
2010-04-09,148.29986572265625,0.01789632789923523,0.01927491743740828,0.1539958986101082,134.73957366943358,126.40481426239013,54.09335722060192,19.920000076293945,19.799999237060547,82.37000274658203,0
2010-04-12,146.23065185546875,-0.013952904522902654,0.012755917544176487,0.14682280306934015,135.14537841796874,126.58838901519775,52.18325339457118,18.440000534057617,19.8700008392334,83.76000213623047,0
2010-04-13,142.82749938964844,-0.02327249740488002,-0.010969175595882397,0.106388473745749,135.61500335693358,126.76950050354004,51.861816726716576,20.049999237060547,17.6200008392334,84.87000274658203,0
2010-04-15,139.15902709960938,-0.025684635701918146,-0.06835128916914857,0.05257152697051759,136.0089845275879,126.92408378601074,48.13531580277749,20.13999938964844,17.170000076293945,86.62000274658203,0
2010-04-16,139.83360290527344,0.004847517403101742,-0.07551603230723247,0.028200484921107716,136.28821243286131,127.06919273376465,47.1095371441347,21.57999992370605,17.200000762939453,86.83999633789062,0
2010-04-19,139.43190002441406,-0.0028727206659439064,-0.06841549537363512,0.012605641255510891,136.54288299560548,127.23791179656982,42.56180878335058,21.780000686645508,17.31999969482422,85.87999725341797,0
2010-04-20,141.43283081054688,0.014350595421725343,-0.02923742766103088,0.03851283225139768,136.88850662231445,127.42254741668701,44.956239645316806,22.65999984741211,19.920000076293945,85.38999938964844,0
2010-04-21,144.29786682128906,0.020257220295477163,-0.02698585654050112,0.05561396074873359,137.2294302368164,127.61347408294678,48.08247565744564,20.8700008392334,18.440000534057617,84.91999816894531,0
2010-04-22,143.07760620117188,-0.008456539566371157,-0.021562139088412757,0.021759284685009872,137.57823745727538,127.75574077606201,47.90812121129501,19.229999542236328,20.049999237060547,84.33999633789062,0
2010-04-23,148.2089080810547,0.035863766637722616,0.03767767911923747,0.05680158695100124,138.12259536743164,127.92931064605713,55.209016218442855,20.530000686645508,20.13999938964844,84.05000305175781,0
2010-04-26,145.5485076904297,-0.017950340671628484,0.04591495588889649,0.046142998559542736,138.5919155883789,128.10966411590576,44.40744634319713,20.209999084472656,21.57999992370605,85.51000213623047,0
2010-04-27,143.54754638671875,-0.013747728063051134,0.026559735315990096,0.01729619325436782,138.99984329223633,128.27421451568603,38.75249754753857,19.790000915527344,21.780000686645508,83.23999786376953,0
2010-04-28,139.37884521484375,-0.029040560265965576,-0.00038050696835534303,-0.01836305791898818,139.36259719848633,128.41515491485595,36.0345312325964,19.81999969482422,22.65999984741211,81.44999694824219,0
2010-04-29,143.56268310546875,0.03001773966612986,0.015059108148481215,0.025223361586427462,139.7294430541992,128.56075645446776,47.12620486095098,22.729999542236328,20.8700008392334,83.44999694824219,0
2010-04-30,144.3054656982422,0.005173925261815704,5.266104843082431e-05,0.023052202127496146,140.13752151489257,128.7671074295044,44.32473846626131,21.190000534057617,19.229999542236328,83.68000030517578,0
2010-05-03,142.0240478515625,-0.015809642660731704,-0.0073635447054379854,-0.012281945016600071,140.45419174194336,128.95056846618652,44.059061997081294,20.350000381469727,20.530000686645508,83.69999694824219,0
2010-05-04,138.7345428466797,-0.02316160576074311,-0.06392574749416224,-0.05027765890139557,140.6793019104004,129.14922626495363,44.200949688640144,22.13999938964844,20.209999084472656,85.12000274658203,0
2010-05-05,136.98370361328125,-0.012620067053764283,-0.05884501471746528,-0.055302995305750224,140.87212341308594,129.35254543304444,46.74082019712091,23.299999237060547,19.790000915527344,84.19999694824219,0
2010-05-06,136.8624267578125,-0.0008853378341348028,-0.046570769039106064,-0.03464317572058839,141.08222579956055,129.56022281646727,45.47338390932215,23.690000534057617,19.81999969482422,82.44000244140625,0
2010-05-07,132.8831787109375,-0.02907480264043949,-0.04660439318386933,-0.052836428303953076,141.21865600585937,129.7448963546753,41.00363856501603,24.36000061035156,22.729999542236328,83.22000122070312,1
2010-05-10,139.78053283691406,0.051905396852226726,-0.026344939971455705,-0.012582419471685369,141.44406921386718,129.92877422332765,47.99929642339939,27.399999618530277,21.190000534057617,85.16999816894531,0
2010-05-11,138.94680786132812,-0.0059645285267202475,-0.037134129403799454,-0.03261204324447209,141.67281799316407,130.09567417144774,43.185380457193006,24.13999938964844,20.350000381469727,86.1500015258789,0
2010-05-12,138.6663055419922,-0.0020187748365970704,-0.023642068793023552,-0.039733570310006905,141.86427520751954,130.26310436248778,44.24440594538399,25.809999465942383,22.13999938964844,86.19000244140625,0
2010-05-13,140.5233154296875,0.013391933104707654,0.01289349102468762,-0.03417383397708906,142.03056915283204,130.40268028259277,39.035481656179236,25.81999969482422,23.299999237060547,82.73999786376953,0
2010-05-14,138.10546875,-0.017206017893146686,0.008189040791929614,-0.04351701269842845,142.07271087646484,130.4984090423584,39.307517248061245,24.86000061035156,23.690000534057617,79.97000122070312,0
2010-05-17,136.59713745117188,-0.010921589944845156,-0.0019383647720208064,-0.0541122680023165,142.0507305908203,130.59572940826416,39.87186351556636,26.530000686645508,24.36000061035156,77.11000061035156,0
2010-05-18,134.7932586669922,-0.013205831526480583,0.014374129025086724,-0.09757945076819763,142.02283874511718,130.69399726867675,42.823259135078075,27.170000076293945,27.399999618530277,75.11000061035156,0
2010-05-19,124.9778060913086,-0.07281857173534734,-0.10589977334595102,-0.17373238157140392,141.7884812927246,130.73090911865233,25.272369105183003,26.540000915527344,24.13999938964844,76.80000305175781,1
2010-05-20,126.06926727294922,0.008733240050983193,-0.09267964328645073,-0.15769507637409297,141.50925384521486,130.7794934463501,25.959355731191096,32.040000915527344,25.809999465942383,76.37000274658203,1
2010-05-21,126.54676818847656,0.003787607605377108,-0.08740073737556586,-0.1314119536192735,141.23533142089843,130.8377794265747,28.577526233221164,31.040000915527344,25.81999969482422,75.6500015258789,1
2010-05-24,126.13744354248048,-0.0032345721021215246,-0.10237355874516896,-0.14944330577900145,140.97550643920897,130.90732074737548,31.05343301222655,32.2599983215332,24.86000061035156,74.4000015258789,1
2010-05-25,122.68881225585938,-0.027340266218885856,-0.11162958739923634,-0.160991141740089,140.60714401245116,130.96537948608398,29.544562298656416,31.299999237060547,26.530000686645508,71.61000061035156,1
2010-05-26,128.50987243652344,0.047445729350811705,-0.059205230545474,-0.10024418976954153,140.33761856079101,131.03401168823243,39.724062970485875,34.52000045776367,27.170000076293945,70.08000183105469,1
2010-05-27,129.88172912597656,0.010675107394030992,-0.03643750132304169,-0.06666687865669085,140.13464035034178,131.10851779937744,46.054247947518085,32.150001525878906,26.540000915527344,69.41000366210938,1
2010-05-28,131.08688354492188,0.009278860291245472,0.048881298565522924,-0.06255091178818295,139.9353007507324,131.17749099731446,36.559705182425695,29.01000022888184,32.040000915527344,69.87000274658203,1
2010-05-31,131.62503051757812,0.004105269406849743,0.04406913250792743,-0.05599055528518926,139.69199996948242,131.25688598632811,38.576200958300184,26.43000030517578,31.040000915527344,68.01000213623047,1
2010-06-01,127.0242919921875,-0.03495337100625562,0.003773496633274087,-0.10187548913349553,139.3109046936035,131.30581153869628,33.993445245012396,26.43000030517578,32.2599983215332,70.04000091552734,1
2010-06-02,127.68367767333984,0.005191020322261597,0.012258327800488633,-0.11513814801244193,138.96452239990234,131.36352897644042,31.745682581355027,29.07999992370605,31.299999237060547,70.20999908447266,1
2010-06-03,129.47244262695312,0.014009347053658416,0.055291352539520444,-0.0950893989314403,138.71849273681642,131.45145065307617,37.50274453048759,27.76000022888184,34.52000045776367,68.75,1
2010-06-04,131.25363159179688,0.013757282466477117,0.021350570997015872,-0.1144011969913783,138.53764709472657,131.56298252105714,42.325315859257714,25.290000915527344,32.150001525878906,71.51000213623047,1
2010-06-07,127.63062286376952,-0.0276031122650765,-0.0173319702267255,-0.12310593293591243,138.2590251159668,131.65761211395264,40.22343960193167,24.71999931335449,29.01000022888184,74.55000305175781,1
2010-06-08,123.92428588867188,-0.02903955878248521,-0.054640078874065745,-0.13670216588155104,137.86489273071288,131.7389778137207,48.27419423779068,27.989999771118164,26.43000030517578,73.97000122070312,1
2010-06-09,124.99297332763672,0.0086237127073292,-0.05038598786159987,-0.10321417045055947,137.47667236328124,131.79002552032472,48.235571338090104,28.770000457763672,26.43000030517578,73.97000122070312,1
2010-06-10,127.5311508178711,0.02030656142230658,0.00399025113806406,-0.1116692161278432,137.11738632202147,131.86312465667726,51.51162259402755,28.15999984741211,29.07999992370605,72.58000183105469,1
2010-06-11,130.13851928710938,0.020444953664394472,0.01922596261716314,-0.09817331826333853,136.83237991333007,131.97950275421144,55.75553456674655,26.5,27.76000022888184,72.86000061035156,1
2010-06-14,131.31533813476562,0.009042817254282465,0.014233882287386868,-0.07540067952428142,136.57045516967773,132.09031986236573,63.27701395177563,25.100000381469727,25.290000915527344,74.61000061035156,1
2010-06-15,132.30751037597656,0.007555646242883629,0.008029330475649576,-0.046326115607746354,136.22923416137695,132.20875072479248,56.865399744673624,22.950000762939453,24.71999931335449,71.51000213623047,1
2010-06-16,134.86875915527344,0.019358302276405892,0.05671159576828022,-0.015439387330178467,135.90149246215822,132.33771396636962,58.64387235325543,21.979999542236328,27.989999771118164,71.44000244140625,1
2010-06-17,135.96090698242188,0.008097856271451764,0.09712883158804853,-0.006587050929514282,135.6272752380371,132.45254501342774,58.48122587784979,22.670000076293945,28.770000457763672,71.98999786376953,1
2010-06-18,133.72274780273438,-0.0164617847097539,0.06984212186244121,0.006318099099835717,135.38788009643554,132.53909351348878,53.446315333491086,20.850000381469727,28.15999984741211,74.37999725341797,1
2010-06-21,138.41448974609375,0.03508559329247829,0.08533867104959558,-0.009772770664811525,135.1901725769043,132.65573280334473,68.65703574106473,19.959999084472656,26.5,75.4800033569336,1
2010-06-22,137.15310668945312,-0.009113085334884308,0.053900931413460196,-0.012909265059656172,135.00862167358397,132.76401882171632,65.2108566253381,19.40999984741211,25.100000381469727,73.77999877929688,1
2010-06-23,138.50677490234375,0.009869759756559127,0.054764636559041735,-0.0011504643397319825,134.92220718383788,132.88767570495605,64.71767959042238,20.63999938964844,22.950000762939453,75.12000274658203,1
2010-06-24,136.24549865722656,-0.016326105684805192,0.029763905843738447,-0.03044204272707607,134.86393661499022,132.99013515472413,58.00692250872656,20.34000015258789,21.979999542236328,76.94000244140625,1
2010-06-25,131.7614288330078,-0.03291169153044826,-0.023039659753139596,-0.04593619625936929,134.70249313354492,133.079610748291,56.44768346495066,20.06999969482422,22.670000076293945,77.66999816894531,1
2010-06-28,133.8534698486328,0.015877491874169092,-0.015500316823140459,-0.02008583527981922,134.5909245300293,133.18435943603515,66.32071539178855,20.0,20.850000381469727,76.79000091552734,1
2010-06-29,130.4923553466797,-0.025110402485299943,-0.024157389143843466,-0.03190740666740555,134.37211502075195,133.27889667510988,58.405913684444734,19.549999237060547,19.959999084472656,77.18000030517578,1
2010-06-30,132.5536346435547,0.01579616898935421,-0.042342785883834555,0.06061739111271658,134.13723037719726,133.38385395050048,57.79054347190641,20.63999938964844,19.40999984741211,77.81999969482422,1
2010-07-01,129.4386444091797,-0.023499847761635606,-0.05624708376267984,0.026726395806961678,133.86445114135742,133.46721057891847,48.93123129182906,20.06999969482422,20.63999938964844,77.20999908447266,1
2010-07-02,129.22325134277344,-0.0016640553320795837,-0.06702577232135976,0.021150150198309126,133.48473800659178,133.51542057037352,46.708556212637056,21.440000534057617,20.34000015258789,76.3499984741211,1
2010-07-05,129.307861328125,0.0006547582147358177,-0.0509201213799777,0.025134628517953006,133.1599250793457,133.56321983337403,45.14197343845528,21.899999618530277,20.06999969482422,76.51000213623047,1
2010-07-06,132.10752868652344,0.021651176731584343,0.0026267160016477664,0.0767691548844891,132.9311247253418,133.62278160095215,45.56236960046613,21.989999771118164,20.0,78.86000061035156,1
2010-07-07,130.1693115234375,-0.014671511777993418,-0.027523816374439236,0.01291293077684541,132.74693405151368,133.654688873291,40.9386289172803,20.899999618530277,19.549999237060547,78.25,1
2010-07-08,132.6459503173828,0.019026287878148418,0.0165036102305125,0.021282602333736467,132.52859939575194,133.68491939544677,48.32775119277081,22.11000061035156,20.63999938964844,75.94000244140625,1
2010-07-09,134.7379913330078,0.01577161617538536,0.01647904031697811,0.02785257906321914,132.33724990844726,133.73360652923583,43.788941081000544,21.1200008392334,20.06999969482422,75.62999725341797,1
2010-07-12,137.43768310546875,0.02003660397302931,0.061797917714609296,0.04416069318300653,132.2455226135254,133.78078495025636,50.45848103879757,20.209999084472656,21.440000534057617,72.94999694824219,1
2010-07-13,138.3606414794922,0.006715468081015086,0.07071010860484539,0.0892455239034271,132.23804458618164,133.81734310150148,49.761251017743255,19.90999984741211,21.899999618530277,72.13999938964844,1
2010-07-14,137.09927368164062,-0.009116521753323337,0.060254746103522105,0.07374157903243694,132.24035598754884,133.84266780853272,51.44198877087292,19.11000061035156,21.989999771118164,72.13999938964844,1
2010-07-15,135.6532745361328,-0.010547095594872213,0.026839846940313494,0.04773859041949513,132.21617294311523,133.88236389160156,57.324859422295994,20.06999969482422,20.899999618530277,71.9800033569336,1
2010-07-16,138.814453125,0.02330337103676161,0.06641459112277714,0.05760466542150633,132.33479843139648,133.93066566467286,58.97585827815959,20.18000030517578,22.11000061035156,74.06999969482422,1
2010-07-19,138.45294189453125,-0.002604276588859311,0.04377812939825154,0.08479406264680911,132.30824661254883,133.98231384277344,66.15670960009663,19.700000762939453,21.1200008392334,75.44000244140625,1
2010-07-20,136.4224090576172,-0.014665869927566133,0.012501431169819721,0.1008528964223614,132.25775863647462,134.01225059509278,57.861829457364344,20.709999084472656,20.209999084472656,76.08999633789062,1
2010-07-21,138.84518432617188,0.017759364354366758,0.010241013882801075,0.1108239177751631,132.2613362121582,134.07055919647217,69.6685990677255,20.3799991607666,19.90999984741211,74.94999694824219,1
2010-07-22,139.78358459472656,0.006758608684261036,0.01028430556564941,0.09607404699384636,132.24654159545898,134.11282985687257,71.43308405356893,20.0,19.11000061035156,77.1500015258789,1
2010-07-23,140.42193603515625,0.004566712481157698,0.02423544825796231,0.07901900839489162,132.2928709411621,134.12702709197998,72.06107554603564,18.899999618530277,20.06999969482422,77.04000091552734,1
2010-07-26,141.01417541503906,0.004217570250096392,0.03951914096609821,0.07385913494979368,132.38121170043945,134.12978450775145,69.37752217254416,19.239999771118164,20.18000030517578,76.62000274658203,1
2010-07-27,142.16786193847656,0.008181351414082494,0.024157490362022083,0.07452601545052095,132.52870376586915,134.1490732192993,77.02696107242114,19.96999931335449,19.700000762939453,76.01000213623047,1
2010-07-28,139.806640625,-0.016608685544545865,0.009777320091182595,0.03661249277189249,132.82528045654297,134.1370008468628,66.21389573945713,19.21999931335449,20.709999084472656,76.54000091552734,1
2010-07-29,142.86012268066406,0.021840751211913867,0.04718956121298179,0.05074411352032371,133.16109756469726,134.1552031326294,67.62355546255658,19.520000457763672,20.3799991607666,77.44000244140625,1
2010-07-30,139.19900512695312,-0.02562728832240091,0.0025483116501185954,0.04095232422457573,133.4141423034668,134.15165126800537,53.66868381240545,18.32999992370605,20.0,76.55999755859375,1
2010-08-02,144.52914428710938,0.03829150327112618,0.03394933465286054,0.04417640488529995,133.78197631835937,134.1907806777954,60.85545236354926,18.940000534057617,18.899999618530277,79.30000305175781,1
2010-08-03,147.98257446289062,0.023894351501320354,0.05384228875637698,0.07895896808198422,134.2878515625,134.23323093414308,67.78080918676471,17.989999771118164,19.239999771118164,78.9800033569336,1
2010-08-04,149.0978546142578,0.007536564054349881,0.05732529496007421,0.07646614917848926,134.6996112060547,134.2806513595581,72.20530908863635,17.549999237060547,19.96999931335449,78.9800033569336,1
2010-08-05,146.96734619140625,-0.014289329838873654,0.03375927714947746,0.07869505884487427,135.04132354736328,134.31741924285888,63.94005994423016,17.040000915527344,19.21999931335449,77.5,1
2010-08-06,146.1059112548828,-0.005861403630446738,0.04505702019390623,0.10886708309800541,135.3417041015625,134.33854869842529,62.86533371707834,17.709999084472656,19.520000457763672,76.98999786376953,1
2010-08-09,150.7668914794922,0.031901380201368124,0.05534622713787085,0.12635773768125547,135.72454132080077,134.3654365158081,72.15497737556561,17.3700008392334,18.32999992370605,78.36000061035156,1
2010-08-10,152.12059020996094,0.008978753340237677,0.09282814249443083,0.16574330968140938,136.22646728515625,134.410196723938,71.20402897924825,17.0,18.940000534057617,78.94999694824219,1
2010-08-11,149.49778747558594,-0.017241602407372603,0.03437814022205976,0.12782865500139007,136.66274948120116,134.4534772872925,64.72367694361417,17.329999923706055,17.989999771118164,81.33999633789062,1
2010-08-12,148.18252563476562,-0.008797868269689979,0.0013511805197383708,0.14480900438305766,137.03695114135743,134.5187562942505,61.526101760060335,18.11000061035156,17.549999237060547,82.55000305175781,1
2010-08-13,150.1977081298828,0.013599326145136148,0.007376722612612463,0.16231178653347156,137.41583267211914,134.58478855133058,63.08634502000833,18.0,17.040000915527344,82.47000122070312,1
2010-08-16,147.22882080078125,-0.019766528837671937,0.0017791340467865346,0.13859141500438965,137.80779663085937,134.6457158279419,56.857030981561735,16.739999771118164,17.709999084472656,82.01000213623047,1
2010-08-17,147.5057373046875,0.0018808579896252287,0.009580899484365801,0.11655814601378478,138.27942565917968,134.7507759475708,61.05584542045115,18.11000061035156,17.3700008392334,80.69999694824219,1
2010-08-18,148.89016723632812,0.009385600566715224,-0.01244785393362935,0.1438192727132912,138.75736953735353,134.88170673370362,59.095070570023886,17.6299991607666,17.0,81.4800033569336,1
2010-08-19,155.82781982421875,0.04659577403038795,0.02437033414832923,0.17476499999712414,139.32330291748048,135.07590049743652,72.82509527683271,16.399999618530273,17.329999923706055,80.25,1
2010-08-20,152.9051055908203,-0.018756049059117985,0.02279176282652884,0.13483290108512969,139.77863464355468,135.24104179382323,62.31064539235813,16.530000686645508,18.11000061035156,78.0199966430664,1
2010-08-23,155.59707641601562,0.017605499926203416,0.05003660687715028,0.13212819730533054,140.2642694091797,135.4230537033081,61.447720613806894,16.700000762939453,18.0,75.73999786376953,1
2010-08-24,154.08958435058594,-0.009688434385483835,0.02591168846156844,0.11368075995387095,140.69991088867187,135.56611133575439,57.41714665063244,17.139999389648438,16.739999771118164,75.38999938964844,1
2010-08-25,151.41294860839844,-0.017370646779717447,0.028419217004249653,0.10440372543472187,141.03079467773438,135.6829764175415,56.500167553667374,16.989999771118164,18.11000061035156,75.23999786376953,1
2010-08-26,151.29757690429688,-0.0007619672238201591,0.0257063872151424,0.11532565226795932,141.33752807617188,135.79630878448486,57.76033800159568,18.920000076293945,17.6299991607666,75.7699966430664,1
2010-08-27,147.28268432617188,-0.02653639708099631,-0.010796434311238001,0.061003958957691395,141.60872680664062,135.8592866897583,44.689341564034855,17.09000015258789,16.399999618530273,75.41999816894531,1
2010-08-30,148.89016723632812,0.01091426950500396,-0.0445212709496714,0.0753846411566148,141.8182403564453,135.92420040130617,45.11396193529656,19.6299991607666,16.530000686645508,74.43000030517578,1
2010-08-31,150.39768981933594,0.01012506474396635,-0.01639850913935026,0.10244124010312983,142.08313201904298,135.97546710968018,51.408632363576956,18.36000061035156,16.700000762939453,73.45999908447266,1
2010-09-01,153.0589141845703,0.017694582732162623,-0.016312403098494577,0.10237106837647225,142.3741748046875,136.0642184829712,57.32446150440023,18.46999931335449,17.139999389648438,73.0999984741211,1
2010-09-02,154.42799377441406,0.008944788332895248,0.0021961862331860704,0.10476487079756835,142.73782470703125,136.1474228286743,56.479765749021624,16.700000762939453,16.989999771118164,71.62999725341797,1
2010-09-03,153.9818878173828,-0.0028887635339154283,0.016966443310132417,0.09656576575636788,143.18223388671876,136.22055194854735,61.21045984342759,16.149999618530273,18.920000076293945,72.5199966430664,1
2010-09-06,159.8965606689453,0.03841148420375973,0.05683490734347796,0.13390416387806958,143.703095703125,136.32230701446534,67.32631016558511,15.859999656677246,17.09000015258789,73.36000061035156,1
2010-09-07,159.76585388183594,-0.000817445894786939,0.08475653205789535,0.1237831933561393,144.28856567382812,136.43481548309327,65.7602545171352,15.220000267028809,19.6299991607666,75.16999816894531,1
2010-09-08,158.07371520996094,-0.010591366244795508,0.061680016512145386,0.13065956311730775,144.79896728515624,136.55330211639404,53.83808625296161,15.829999923706056,18.36000061035156,74.69999694824219,1
2010-09-09,161.5502166748047,0.021992912991423585,0.07415357821563373,0.13082792905000296,145.44119873046876,136.68117488861083,64.49947946150627,15.970000267028809,18.46999931335449,71.91999816894531,1
2010-09-13,168.9031982421875,0.04551514518970978,0.10351755166975063,0.21339371706100474,146.23479766845702,136.83046421051026,69.29944538135013,15.920000076293944,16.700000762939453,73.91000366210938,1
2010-09-14,169.2339324951172,0.0019581290133738882,0.09587600252277717,0.17093291688582446,147.03331909179687,136.9873950576782,72.74195839768295,18.13999938964844,16.149999618530273,75.0199966430664,1
2010-09-15,169.81076049804688,0.0034084653971291345,0.10279697765127138,0.14750511074957728,147.78738372802735,137.15289463043212,79.48722338280157,18.600000381469727,15.859999656677246,74.5999984741211,1
2010-09-16,169.75694274902344,-0.00031692778988556825,0.06166725562342368,0.1385605996022834,148.57913635253905,137.345676612854,79.64437134485011,19.43000030517578,15.220000267028809,74.5999984741211,0
2010-09-17,171.3952178955078,0.009650710715887856,0.0727900470038676,0.16621291965282792,149.35412170410157,137.55771587371825,91.92307059679342,18.850000381469727,15.829999923706056,74.08999633789062,1
2010-09-20,173.4795684814453,0.01216107783828746,0.09745993033074218,0.1873548920194541,150.1289532470703,137.76732975006104,92.05481797195216,19.489999771118164,15.970000267028809,74.66999816894531,1
2010-09-21,173.3872833251953,-0.0005319655626182529,0.07327174728721197,0.15003553912750145,150.84794525146484,137.9618158340454,91.31890662091541,21.950000762939453,15.920000076293944,74.25,1
2010-09-22,173.2257843017578,-0.0009314352260459957,0.0255920912366161,0.1387398909159301,151.54524810791017,138.15068157196046,89.82402960159578,22.6299991607666,18.13999938964844,77.19000244140625,1
2010-09-23,169.24928283691406,-0.022955597983708498,9.070486970652603e-05,0.13211898112240417,152.1882482910156,138.32671360015868,76.53539133998088,24.290000915527344,18.600000381469727,76.80000305175781,1
2010-09-24,171.37982177734375,0.012588171156285632,0.009240058019261532,0.156545422904681,152.90277923583983,138.5231001663208,79.3766595676377,23.899999618530277,19.43000030517578,76.0199966430664,1
2010-09-27,171.53363037109375,0.0008974720136529779,0.010466067503919652,0.14205224904471114,153.55716278076173,138.72840351104736,74.39538301205874,21.709999084472656,18.850000381469727,74.56999969482422,1
2010-09-28,170.85682678222656,-0.003945602896662348,-0.003141225991552976,0.16048492308049478,154.20524047851563,138.92141719818116,72.73013835883233,22.36000061035156,19.489999771118164,73.66000366210938,1
2010-09-29,169.51077270507812,-0.007878257500732566,-0.022877597696997265,0.14918087799484758,154.86700775146485,139.12069911956786,73.77669782801095,21.209999084472656,21.950000762939453,74.86000061035156,1
2010-09-30,171.2029266357422,0.009982574580130965,-0.012598136654325853,0.14986053017186696,155.51416259765625,139.31279041290284,71.67528058626735,22.15999984741211,22.6299991607666,73.5199966430664,1
2010-10-01,174.62557983398438,0.019991791410928217,0.008080757364551161,0.1206316050046159,156.2110025024414,139.53067325592042,65.60396708629861,22.25,24.290000915527344,74.70999908447266,1
2010-10-04,177.84829711914062,0.018455012651755087,0.050806798930500774,0.1631285720116451,156.9595297241211,139.77512943267823,70.28982538309984,21.43000030517578,23.899999618530277,75.18000030517578,1
2010-10-05,176.54847717285156,-0.007308588090772172,0.030159066230229348,0.13465163510411182,157.67021575927734,140.03207317352295,65.3469799436813,22.799999237060547,21.709999084472656,76.48999786376953,1
2010-10-06,176.77149963378906,0.0012632363898508192,0.03053552385828806,0.14719953576873213,158.3622885131836,140.29244380950928,65.8553426668359,22.170000076293945,22.36000061035156,76.5199966430664,0
2010-10-07,174.99478149414062,-0.010050930966412519,0.024218843284431912,0.1557451532545755,159.0660513305664,140.54150531768798,58.085663107253346,21.729999542236328,21.209999084472656,76.18000030517578,1
2010-10-08,173.2411651611328,-0.010020963585514298,0.022006816419537945,0.14503595302597838,159.67367218017577,140.79426708221436,49.45639996492903,22.450000762939453,22.15999984741211,77.86000061035156,1
2010-10-11,174.22564697265625,0.0056827244876109795,0.017655774911753186,0.18293367458469567,160.37420501708985,141.0507763671875,51.83687415457919,21.399999618530277,22.25,79.97000122070312,0
2010-10-12,175.1639862060547,0.005385769831841802,0.003083204491473479,0.17646443319539729,160.98690185546874,141.3007598876953,54.106842171968644,21.200000762939453,21.43000030517578,81.58000183105469,0
2010-10-13,178.2405548095703,0.01756393348970997,0.002205574620525619,0.18512827573136525,161.59206146240234,141.53815788269043,69.80692307175174,20.51000022888184,22.799999237060547,81.47000122070312,0
2010-10-14,175.31785583496094,-0.016397497066433342,-0.006970444365180017,0.145427280527739,162.1164614868164,141.75919898986817,58.38255689698293,20.020000457763672,22.170000076293945,82.81999969482422,1
2010-10-15,173.0027313232422,-0.013205297889897438,-0.021319999651270072,0.12028089658382668,162.63716918945312,141.95706802368164,52.8636583466633,20.600000381469727,21.729999542236328,83.2300033569336,1
2010-10-18,171.6951904296875,-0.007557920522720862,-0.01885536835030477,0.11503497497908355,163.14895477294922,142.14870246887207,51.59496860458027,22.649999618530277,22.450000762939453,81.66999816894531,1
2010-10-19,172.2182159423828,0.003046244401991638,-0.005904769907305485,0.07706016453317366,163.57798126220703,142.34507431030272,55.31736998538161,22.350000381469727,21.399999618530277,82.66000366210938,1
2010-10-20,171.34909057617188,-0.005046651781027145,-0.016510522110076198,0.07250132874389403,163.96255126953125,142.53505416870118,50.29665365755161,23.229999542236328,21.200000762939453,82.20999908447266,1
2010-10-21,173.76419067382812,0.014094618708131668,-0.007991343212410684,0.09926049655394231,164.4478793334961,142.73078063964843,48.17717784818383,23.799999237060547,20.51000022888184,81.66999816894531,1
2010-10-22,174.1102752685547,0.0019916911153241568,-0.02317250159722828,0.07774708602856895,164.96643432617188,142.92308334350585,40.99326815960822,22.190000534057617,20.020000457763672,83.01000213623047,0
2010-10-25,175.68699645996094,0.009055876736592694,0.0021055506482323683,0.04016382335191948,165.47622009277345,143.12967430114747,47.95160300180974,21.61000061035156,20.600000381469727,82.69000244140625,0
2010-10-26,174.0026092529297,-0.009587432427960674,0.005779549964556985,0.02817801777400697,166.0116958618164,143.33727981567384,43.84404637031388,21.36000061035156,22.649999618530277,81.25,0
2010-10-27,170.24920654296875,-0.021570956470572278,-0.008421807757689637,0.00258196856097892,166.46656524658204,143.5295669555664,40.30178032178758,20.549999237060547,22.350000381469727,83.08000183105469,1
2010-10-28,167.52645874023438,-0.015992719484699602,-0.027243094909995547,-0.013139280035731504,166.83929107666015,143.72843963623046,38.766211678827744,21.020000457763672,23.229999542236328,79.48999786376953,1
2010-10-29,178.9020233154297,0.06790309220846247,0.04407921112309743,0.04379821976420861,167.30077514648437,143.98578186035155,56.52643338510965,20.520000457763672,23.799999237060547,81.7699966430664,0
2010-11-01,189.51614379882807,0.05932923667768808,0.090651319261561,0.09244071482168792,168.03299591064453,144.30024963378906,65.77083486332978,20.76000022888184,22.190000534057617,80.55999755859375,0
2010-11-02,189.4161834716797,-0.0005274501957706068,0.08790927577086727,0.09244565021773532,168.70937805175782,144.6087984085083,63.139882265897114,20.920000076293945,21.61000061035156,81.69000244140625,0
2010-11-03,190.5391540527344,0.005928588362792198,0.08453760319226733,0.09994684002017196,169.4383694458008,144.90712100982665,68.68750259927748,21.25,21.36000061035156,82.5199966430664,0
2010-11-04,194.75401306152344,0.022120697605398698,0.11925915305344392,0.15069328387751768,170.3051907348633,145.22488834381105,75.51433464398943,21.530000686645508,20.549999237060547,82.55000305175781,0
2010-11-08,193.1003570556641,-0.008490998361799895,0.13422177393189783,0.12673916364867965,171.14124633789064,145.52495090484618,74.9061055786266,19.36000061035156,21.020000457763672,81.94000244140625,0
2010-11-09,195.2308807373047,0.011033245686989712,0.16537341149214302,0.13814929652537877,172.1002102661133,145.85480419158935,75.81097529251666,19.61000061035156,20.520000457763672,82.18000030517578,0
2010-11-10,193.08499145507807,-0.010991546389190532,0.07927785207125249,0.1300981944443076,172.98410675048828,146.18302333831787,73.70017749128348,18.75,20.76000022888184,81.43000030517578,0
2010-11-11,190.3007049560547,-0.014420004776348194,0.00413981174110134,0.12264667265217266,173.78216705322265,146.5048247909546,67.88691406553025,19.07999992370605,20.920000076293945,82.94999694824219,0
2010-11-12,184.6628570556641,-0.02962599587685455,-0.025094616145754478,0.07861974490985046,174.41424591064452,146.83140781402588,60.241856706950514,19.36000061035156,21.25,83.9000015258789,0
2010-11-15,188.16246032714844,0.018951311201848453,-0.01247351882819936,0.07751945909661973,175.08893524169923,147.17492027282714,61.67244203125326,21.6299991607666,21.530000686645508,84.69000244140625,0
2010-11-16,184.9474334716797,-0.01708644141811788,-0.050353671463220784,0.03991680813105192,175.70824615478514,147.47029640197755,59.955187223251166,20.25,19.36000061035156,86.48999786376953,0
2010-11-18,179.11740112304688,-0.03152264532249127,-0.07241289527282657,0.014550813415853847,176.09266296386718,147.73239154815673,57.77269690191993,21.1299991607666,19.61000061035156,87.05999755859375,0
2010-11-19,176.70228576660156,-0.013483421160103926,-0.09490606660549006,-0.0003915442666430069,176.4313916015625,147.99514472961425,58.08593141762074,20.6200008392334,18.75,86.72000122070312,0
2010-11-22,181.52479553222656,0.027291722598285162,-0.05987102278501555,0.03731547868074325,176.90041320800782,148.26651027679443,52.613030766648755,21.600000381469727,19.07999992370605,87.80999755859375,0
2010-11-23,177.9713592529297,-0.019575487023016813,-0.0647887547551238,0.027304099966063422,177.2288360595703,148.52818084716796,36.614965146851695,19.93000030517578,19.36000061035156,87.80999755859375,0
2010-11-24,173.07192993164062,-0.027529313378598652,-0.06276804826283788,-0.006621970192463689,177.31221069335936,148.78858543395995,32.948158525228195,23.26000022888184,21.6299991607666,84.87999725341797,0
2010-11-25,171.71058654785156,-0.007865766472510916,-0.0874344104062672,-0.019715237892226956,177.36174377441407,149.03672588348388,30.453513079737988,24.68000030517578,20.25,84.86000061035156,0
2010-11-26,172.92581176757812,0.007077171210919442,-0.0650002083210438,-0.02981781024902208,177.42404479980468,149.28559913635254,25.834472744177617,21.6299991607666,21.1299991607666,82.33999633789062,0
2010-11-29,177.56373596191406,0.02682031182579947,-0.00867400459917067,0.01281033307335977,177.5801806640625,149.5672120666504,33.865831706513134,22.57999992370605,20.6200008392334,81.8499984741211,0
2010-11-30,175.68699645996094,-0.01056938508184846,-0.005745762157155498,0.015515738486830077,177.66601623535155,149.81954509735107,29.596904302525004,21.309999465942383,21.600000381469727,81.51000213623047,0
2010-12-01,179.58656311035156,0.02219610289301821,-0.010677507809289333,0.04596152437884227,177.78815612792968,150.09797019958495,36.40589267048938,20.709999084472656,19.93000030517578,81.73999786376953,0
2010-12-02,183.23226928710935,0.020300550963368025,0.02956043071347758,0.06395405552459899,177.98505584716796,150.3831788635254,43.002865997762626,19.200000762939453,23.26000022888184,81.25,0
2010-12-03,181.7401428222656,-0.0081433607226995,0.05008445271309281,0.06064258766214148,178.15534301757813,150.65448440551756,46.848063368171765,18.799999237060547,24.68000030517578,83.86000061035156,0
2010-12-06,177.08682250976562,-0.025604251434151903,0.031309868948679265,0.019121499217145344,178.31209381103517,150.90320537567138,38.34572800485017,18.600000381469727,21.6299991607666,83.86000061035156,0
2010-12-07,170.82603454589844,-0.03535434130634951,-0.01214264776447549,-0.018862991960643893,178.30101806640624,151.12554901123048,36.035910160019824,19.3700008392334,22.57999992370605,83.76000213623047,0
2010-12-08,169.88771057128906,-0.005492862824473366,-0.04322969073072125,-0.03300919251581336,178.26809967041015,151.34467922210695,39.89558091510194,19.239999771118164,21.309999465942383,85.7300033569336,0
2010-12-09,162.79624938964844,-0.04174204925002434,-0.07337337042613912,-0.06440340125584965,178.1068881225586,151.51611110687256,36.19005333979875,20.43000030517578,20.709999084472656,84.11000061035156,1
2010-12-10,171.84130859375,0.05556061173407301,-0.043128251816046514,0.00935159747942449,178.15349884033202,151.73777080535888,41.12753608518678,22.600000381469727,19.200000762939453,86.75,0
2010-12-13,172.34896850585938,0.0029542367680028825,-0.05939620146381952,0.028786555878332898,178.17641967773437,151.9540484237671,44.54398216494639,21.6299991607666,18.799999237060547,88.0,0
2010-12-14,172.21051025390625,-0.0008033599107291067,-0.05243548519535901,-0.0374032274063516,178.1281182861328,152.15405788421631,49.078965486412066,22.56999969482422,18.600000381469727,89.19000244140625,0
2010-12-15,165.93434143066406,-0.03644474901089745,-0.0629774757999656,-0.12443162833239241,177.88983917236328,152.30373767852782,44.41136835789729,21.459999084472656,19.3700008392334,89.37999725341797,0
2010-12-16,170.09536743164062,0.025076340226506177,-0.004277258534977513,-0.10200192869437574,177.76077697753905,152.46573375701905,47.409172425737324,21.420000076293945,19.239999771118164,88.69000244140625,0
2010-12-20,169.2185516357422,-0.005154848183921423,-0.003938830732939214,-0.11189617442665578,177.60971801757813,152.63088726043702,41.79644516123612,20.239999771118164,20.43000030517578,88.27999877929688,0
2010-12-21,175.11016845703125,0.03481661297971206,0.07564006611669405,-0.10086490283661897,177.61202575683595,152.8229597091675,49.47444606423316,20.780000686645508,22.600000381469727,88.37000274658203,0
2010-12-22,174.09487915039062,-0.005798003140461638,0.013114253930458064,-0.0984228004290787,177.62910003662108,152.99328090667726,44.718907035636725,19.770000457763672,21.6299991607666,87.79000091552734,0
2010-12-23,173.77186584472656,-0.00185538659862039,0.008255908643971965,-0.10991608915319373,177.6200244140625,153.16092578887938,40.28129821165619,19.559999465942383,22.56999969482422,88.61000061035156,0
2010-12-24,172.0028533935547,-0.010180085496420799,-0.0012058315142635667,-0.10918579379292781,177.5568017578125,153.3252965927124,40.053437544129956,19.030000686645508,21.459999084472656,88.27999877929688,0
2010-12-27,173.1411590576172,0.00661794639800517,0.04343174272918371,-0.09017069013170542,177.45481384277343,153.48546772003175,45.65771182976843,17.649999618530273,21.420000076293945,88.62000274658203,0
2010-12-28,171.0337371826172,-0.012171697858963215,0.0055167272639196074,-0.07380542081041552,177.36913146972657,153.63070568084717,50.251580045407124,18.450000762939453,20.239999771118164,87.69999694824219,0
2010-12-29,173.7410888671875,0.015829342965707482,0.026726013121660896,-0.07664319139368836,177.38389862060546,153.79925792694092,54.47560768556488,18.1299991607666,20.780000686645508,88.80999755859375,0
2010-12-30,174.87940979003906,0.0065518233497530165,-0.00131779135972232,-0.05443721760638709,177.4475830078125,153.96838565826417,66.28654941894425,17.1299991607666,19.770000457763672,89.81999969482422,0
2010-12-31,176.1484832763672,0.00725684909305091,0.01179589047075047,-0.016575261968211352,177.52618835449218,154.13017772674561,57.34523038170998,17.020000457763672,19.559999465942383,90.4800033569336,0
2011-01-03,176.11004638671875,-0.00021820732675925658,0.013455460874670422,-0.0033516226307624963,177.62140747070313,154.28033267974854,56.518262219857476,16.559999465942383,19.030000686645508,91.51000213623048,0
2011-01-04,169.83389282226562,-0.03563768049138638,-0.012610026685582532,-0.06440388860201429,177.54280151367186,154.40448818206787,46.603668423628,16.989999771118164,17.649999618530273,91.51000213623048,0
2011-01-05,164.4960174560547,-0.03142997712357165,-0.04993117551376447,-0.07571635039166102,177.35051635742187,154.5180986404419,47.88790588496793,17.030000686645508,18.450000762939453,91.0,0
2011-01-06,162.05015563964844,-0.01486882086406538,-0.052525201699690105,-0.06368319979066239,177.07777954101562,154.6268698501587,37.559418558174144,17.8799991607666,18.1299991607666,91.48999786376952,0
2011-01-07,161.39642333984375,-0.004034135587369647,-0.07105207874448372,-0.06006713630981342,176.8256558227539,154.7260433578491,37.820349857469175,18.200000762939453,17.1299991607666,91.12000274658205,0
2011-01-10,155.98165893554688,-0.03354946963660588,-0.10806161158240934,-0.09798509926791688,176.54030487060547,154.78779712677002,19.766487266581322,20.81999969482422,17.020000457763672,89.83999633789062,1
2011-01-11,157.35841369628906,0.008826388757097847,-0.10667176481217577,-0.11379194155927685,176.33694396972658,154.85256923675536,23.84606763810301,23.15999984741211,16.559999465942383,91.37999725341795,0
2011-01-12,164.5114288330078,0.045456833026573884,-0.0658600562073649,-0.06361067040895108,176.04913208007812,154.94764911651612,38.07446317674236,22.32999992370605,16.989999771118164,91.5500030517578,0
2011-01-13,157.82760620117188,-0.04062831791838939,-0.07069429088373169,-0.12116138608771831,175.415361328125,155.01484294891358,33.79634361646869,21.40999984741211,17.030000686645508,89.37999725341797,0
2011-01-14,155.2432403564453,-0.016374612191940918,-0.056249246897915106,-0.15275163615862664,174.73190246582033,155.0690012741089,30.195699831024257,23.149999618530277,17.8799991607666,90.3000030517578,0
2011-01-17,154.0049285888672,-0.007976590573186337,-0.04964652467641839,-0.15260918035330429,174.00121795654297,155.09218311309814,30.787862887315654,23.809999465942383,18.200000762939453,88.37999725341797,1
2011-01-18,155.58937072753906,0.010288256052517042,-0.03598005762542267,-0.12139498285391093,173.21792510986327,155.11385074615478,28.988601548030374,23.56999969482422,20.81999969482422,88.02999877929688,1
2011-01-19,157.40457153320312,0.01166661191041607,0.00912230711845563,-0.07856801832562099,172.50400939941406,155.1525147628784,30.084206813966276,21.459999084472656,23.15999984741211,89.25,0
2011-01-20,161.60406494140625,0.026679615257027445,0.026980770493222783,-0.04875953417717516,171.8314730834961,155.23207256317139,34.461832186750854,21.09000015258789,22.32999992370605,91.11000061035156,0
2011-01-21,163.9114990234375,0.014278317088545212,-0.0036467363624888005,0.006850585550774779,171.2480032348633,155.31013072967528,37.570570522013526,21.01000022888184,21.40999984741211,91.86000061035156,0
2011-01-24,166.73422241210938,0.01722102113329016,0.056432562245066764,-0.029719781718575478,170.77667358398438,155.4126485824585,46.602564617167204,21.030000686645508,23.149999618530277,91.4000015258789,0
2011-01-25,159.65811157226562,-0.04243946286176359,0.028438411912065087,-0.07363465556895565,170.2765786743164,155.49680164337158,44.89198572590845,20.170000076293945,23.809999465942383,91.54000091552734,0
2011-01-27,156.0354766845703,-0.022689951998183355,0.01318495527583985,-0.0939259371886626,169.63403900146486,155.58118389129638,43.80349149197994,20.780000686645508,23.56999969482422,91.54000091552734,0
2011-01-28,156.6661834716797,0.004042072998465374,0.006920863161187896,-0.05585436913827202,169.06841400146484,155.66534679412842,45.12444729497344,22.09000015258789,21.459999084472656,91.37999725341795,1
2011-01-31,157.15072631835938,0.003092836219931838,-0.001612692772332891,-0.07610225550959548,168.6290805053711,155.75394092559816,51.34130243729933,22.57999992370605,21.09000015258789,90.86000061035156,0
2011-02-01,153.0281219482422,-0.02623344140176309,-0.053067619284660306,-0.09567762831554849,168.15559722900392,155.81191738128663,45.32622393676906,23.40999984741211,21.01000022888184,88.86000061035156,1
2011-02-02,155.58169555664062,0.01668695646191165,-0.05081890847454096,-0.11152106740838719,167.6367352294922,155.86833652496338,39.29954914020683,23.729999542236328,21.030000686645508,89.11000061035156,1
2011-02-03,157.98138427734375,0.015423978457861143,-0.05249575047125976,-0.09255582330556289,167.23693572998047,155.94285541534424,50.2053559639219,23.520000457763672,20.170000076293945,87.87000274658203,0
2011-02-04,153.21275329589844,-0.03018476514342827,-0.04036975142005139,-0.11831093859116804,166.83975219726562,155.96787464141846,47.43794225194614,22.690000534057617,20.780000686645508,86.19000244140625,1
2011-02-07,150.5592041015625,-0.017319375425694283,-0.03509633001011836,-0.12467031138679774,166.41672454833986,155.99292812347412,45.802129245617984,24.40999984741211,22.09000015258789,85.63999938964844,1
2011-02-08,146.3751220703125,-0.027790277294688304,-0.06568782856210631,-0.15459083867168522,165.88571075439452,156.0070660018921,39.443122597292714,24.690000534057617,22.57999992370605,89.33999633789062,1
2011-02-09,147.22116088867188,0.005779935868835517,-0.06318497955632718,-0.13922736347928832,165.2788592529297,156.04627758026123,38.067755154583885,24.739999771118164,23.40999984741211,92.19000244140624,1
2011-02-10,147.65187072753906,0.0029255973548047987,-0.03513243939908972,-0.15016147481147513,164.71815673828124,156.0667235183716,32.06798535741028,25.239999771118164,23.729999542236328,90.7699966430664,1
2011-02-11,153.9126434326172,0.042402257920802766,-0.010727818064020345,-0.11989270996851298,164.20467834472657,156.11475940704346,38.334457841620576,24.81999969482422,23.520000457763672,90.86000061035156,1
2011-02-14,159.09666442871094,0.03368157989153975,0.007059566900675218,-0.09680366546729158,163.72196624755858,156.20012248992919,41.55467480600731,23.46999931335449,22.690000534057617,90.54000091552734,1
2011-02-15,162.16554260253906,0.019289393557356815,0.05843370812187021,-0.07918062637698164,163.33047424316408,156.3172774887085,53.04222837438402,22.57999992370605,24.40999984741211,89.02999877929688,1
2011-02-16,161.6117401123047,-0.003415044166267367,0.0734098992930814,-0.0484129084797319,163.02097259521486,156.44041767120362,57.30994924085311,22.850000381469727,24.690000534057617,87.4800033569336,1
2011-02-17,162.59625244140625,0.006091836697120101,0.1108189024313968,-0.01154900309459439,162.856376953125,156.56908679962157,57.70230712670468,23.049999237060547,24.739999771118164,86.94000244140625,1
2011-02-18,157.8583526611328,-0.029139046620898057,0.07225314423722518,-0.025867318435885744,162.61578979492188,156.69396266937255,50.82765707815903,22.56999969482422,25.239999771118164,86.70999908447266,1
2011-02-21,159.6196746826172,0.011157610552704256,0.08105419793266444,-0.011008599945770525,162.55225830078126,156.79315837860108,58.16039086697541,24.18000030517578,24.81999969482422,86.7300033569336,1
2011-02-22,157.99681091308594,-0.010167066013372694,0.026535620397272863,0.012919159799241076,162.27536834716796,156.88840839385986,53.06045736026102,24.90999984741211,23.46999931335449,85.58000183105469,1
2011-02-23,154.76641845703125,-0.02044593455643684,-0.027217704326038872,-0.016471920238472326,161.9237173461914,156.96890895843507,46.009968639689724,26.850000381469727,22.57999992370605,84.80999755859375,1
2011-02-24,146.34432983398438,-0.054418062438946646,-0.09756211162152872,-0.11043061948884103,161.40639373779297,156.99801403045655,42.184481578546205,26.549999237060547,22.850000381469727,84.31999969482422,1
2011-02-25,151.712890625,0.0366844468597165,-0.06125080690564888,-0.03874300398612063,161.1219647216797,157.06605113983153,51.23637676590211,28.200000762939453,23.049999237060547,84.98999786376953,1
2011-02-28,149.34393310546875,-0.015614741171775415,-0.08150445743337875,-0.03800041301271151,160.70693603515625,157.12978511810303,53.31038885380143,27.270000457763672,22.56999969482422,86.36000061035156,1
2011-03-01,157.8583526611328,0.05701215562369755,0.0,0.025021433453943365,160.47973205566407,157.24511058807374,60.128883662095355,24.399999618530277,24.18000030517578,86.19999694824219,1
2011-03-03,156.83538818359375,-0.006480268293024727,-0.017443253812912674,0.008008371331719388,160.1142364501953,157.40439849853516,58.64714284852231,22.21999931335449,24.90999984741211,86.19999694824219,1
2011-03-04,156.34317016601562,-0.0031384372065437205,-0.010466291930284477,-0.006743141935770303,159.7592022705078,157.5557680130005,52.567481267784835,22.959999084472656,26.850000381469727,93.56999969482422,1
2011-03-07,155.38938903808594,-0.006100561520640091,0.004025230972361404,-0.038456185527100506,159.391552734375,157.69998111724854,45.69948201202503,22.90999984741211,26.549999237060547,98.0999984741211,1
2011-03-08,156.99691772460938,0.010345163826658954,0.07279125814241993,-0.04218484572482262,159.0914340209961,157.85427848815917,43.7938735912906,25.21999931335449,28.200000762939453,97.27999877929688,1
2011-03-09,159.25050354003906,0.01435433158874333,0.04968340451484998,-0.04488412015124976,158.81362091064454,158.03708694458007,47.275984174071134,23.670000076293945,27.270000457763672,97.87999725341795,1
2011-03-10,156.06625366210938,-0.019995226433485613,0.0450123444378101,-0.022497183981350477,158.51427124023436,158.174868850708,42.83061110433551,23.280000686645508,24.399999618530277,96.97000122070312,1
2011-03-11,154.88946533203125,-0.0075403125433248785,-0.018807286906602494,-0.007344556359165422,158.13723876953125,158.29990753173828,46.46390298282593,23.530000686645508,22.21999931335449,99.62999725341795,1
2011-03-14,156.76620483398438,0.012116637486804027,-0.00044112078537017485,0.0006384361965565688,157.77497467041016,158.4283041381836,46.610689563051636,24.1299991607666,22.959999084472656,101.91000366210938,1
2011-03-15,153.30503845214844,-0.022078523783243487,-0.019432455608013433,-0.02447133370812593,157.3181057739258,158.53670417785645,44.66036311197956,23.299999237060547,22.90999984741211,104.41999816894533,1
2011-03-16,158.0506591796875,0.030955412656057835,0.017126459908721747,0.03282100810950328,156.95691802978516,158.69183601379393,53.61313187337085,26.6299991607666,25.21999931335449,105.44000244140624,1
2011-03-17,155.6509246826172,-0.015183324824618816,-0.008573372404375612,0.00044496960731055246,156.67325866699218,158.83167224884033,61.802516638975355,24.88999938964844,23.670000076293945,105.0199966430664,1
2011-03-18,154.22032165527344,-0.009191098801763276,-0.03158659955822951,-0.023806998775675936,156.46774475097655,158.95541164398193,53.53275158926203,25.26000022888184,23.280000686645508,104.37999725341795,1
2011-03-21,154.3818359375,0.0010472957162390717,-0.01079296571221744,0.007630452533828658,156.3143783569336,159.07105266571045,57.5687566537588,25.88999938964844,23.530000686645508,102.6999969482422,1
2011-03-22,154.46644592285156,0.0005480566080702243,-0.0027311051030673994,0.02595153079218826,156.17577880859375,159.20523178100586,43.175541340577,25.209999084472656,24.1299991607666,101.16000366210938,1
2011-03-23,160.11964416503906,0.036598228232758157,0.02139134091181183,0.09389930406428126,156.2585385131836,159.3862085723877,55.570059143238225,22.26000022888184,23.299999237060547,101.19000244140624,1
2011-03-24,161.99635314941406,0.011720666718698425,0.0566929488098884,0.10036051999287743,156.35129730224608,159.57122547149658,59.157672223422416,20.96999931335449,26.6299991607666,97.18000030517578,1
2011-03-25,167.841796875,0.0360837982580664,0.06194936323663769,0.13674006328519384,156.41790466308595,159.77277870178222,67.41230594993691,19.84000015258789,24.88999938964844,97.9800033569336,0
2011-03-28,169.33389282226562,0.008889894978763024,0.08790804274082498,0.10019481860435886,156.64803039550782,159.968755569458,67.30676528081142,20.46999931335449,25.26000022888184,101.41999816894533,0
2011-03-29,169.13392639160156,-0.0011809002163196691,0.09670323973039241,0.06308907857328583,156.92584411621092,160.15784851074218,64.71253632023956,21.020000457763672,25.88999938964844,101.06999969482422,0
2011-03-30,170.61070251464844,0.008731400935065192,0.1051216062990632,0.05207740051663201,157.25795959472657,160.34936447143554,72.81055217624994,21.21999931335449,25.209999084472656,102.33000183105467,0
2011-03-31,171.702880859375,0.0064015816629838795,0.11158691995239023,0.06244064162701268,157.58022979736327,160.53353507995607,76.43921747034034,22.040000915527344,22.26000022888184,104.0,0
2011-04-01,169.6569366455078,-0.0119156079596755,0.05956353781699919,0.043424642930475654,157.82527709960937,160.70201522827148,70.16346881347275,22.18000030517578,20.96999931335449,105.75,0
2011-04-04,172.164306640625,0.014779059699493668,0.0627665579720349,0.09062525826683432,158.03648193359376,160.89422302246095,80.40663515363954,20.11000061035156,19.84000015258789,105.5999984741211,0
2011-04-05,170.94140625,-0.00710310060480579,0.01846744632571129,0.07092942389398171,158.177080078125,161.05685760498048,73.44706309442793,20.059999465942383,20.46999931335449,105.4000015258789,0
2011-04-06,169.28778076171875,-0.009673639199286987,-0.00027231441844466353,0.07146327690654442,158.22815124511717,161.2175309753418,75.4961842949861,19.899999618530277,21.020000457763672,103.9800033569336,0
2011-04-07,169.82618713378906,0.003180420758354341,0.004092973875535089,0.09730643654417159,158.43151275634764,161.37412803649903,80.18456409511768,20.36000061035156,21.21999931335449,104.79000091552734,0
2011-04-08,168.94935607910156,-0.005163108643525871,-0.009737644890151165,0.15446465381173802,158.68979034423828,161.5376473236084,77.4175446416007,20.31999969482422,22.040000915527344,104.2699966430664,0
2011-04-11,169.3031768798828,0.0020942417834111104,-0.013975909824469057,0.11594457255687018,158.94253021240235,161.72535606384278,77.6440913505387,20.540000915527344,22.18000030517578,106.72000122070312,0
2011-04-13,173.34117126464844,0.023850671081207864,0.0217157912431174,0.1606843857676663,159.26633911132814,161.92279457092286,76.2123205039623,21.239999771118164,20.11000061035156,107.94000244140624,0
2011-04-15,169.47239685058594,-0.022318843156746926,-0.015635701978913286,0.0735725667578988,159.595224609375,162.11769477844237,63.73660264195844,20.40999984741211,20.059999465942383,108.47000122070312,0
2011-04-18,166.76499938964844,-0.015975447985930424,-0.024431803575101108,0.06331231312687513,159.81889068603516,162.28875160217285,47.763575136003304,21.59000015258789,19.899999618530277,108.33999633789062,1
2011-04-19,167.68026733398438,0.0054883695480811845,-0.009495743995823536,0.0725141824611224,160.01286834716797,162.47995971679688,46.4812366388816,22.450000762939453,20.36000061035156,108.83000183105467,0
2011-04-20,171.11062622070312,0.020457737462251213,0.007563256931053752,0.1011731707032062,160.37082580566405,162.68939659118652,53.69785621677724,22.06999969482422,20.31999969482422,110.3000030517578,0
2011-04-21,172.05667114257812,0.005528849626526222,0.01839199115989376,0.0959238795017956,160.80077514648437,162.90314064025878,52.75980711085068,20.989999771118164,20.540000915527344,112.79000091552734,0
2011-04-25,171.15676879882812,-0.005230267084525231,0.010948358755609178,0.07476438060866508,161.2964080810547,163.09838684082033,48.94997183495282,20.51000022888184,21.239999771118164,109.91999816894533,0
2011-04-26,172.51046752929688,0.007909115952404067,-0.004792304847665352,0.1053668777286727,161.80219421386718,163.31009262084962,55.63662799985292,20.90999984741211,20.40999984741211,107.11000061035156,0
2011-04-27,170.26458740234375,-0.013018804940469586,0.004674451807371582,0.09926512456707992,162.25444854736327,163.49818580627442,46.20828196494442,21.709999084472656,21.59000015258789,109.66000366210938,0
2011-04-28,171.90286254882812,0.009621937077338716,0.030809001756867405,0.09655561752530462,162.6142529296875,163.6840101623535,51.8877047834637,21.350000381469727,22.450000762939453,107.12000274658205,0
2011-04-29,171.43368530273438,-0.002729316075004151,0.022384374908432036,0.1182521268291159,162.86099334716798,163.85399017333984,54.418745530479455,20.920000076293945,22.06999969482422,108.1500015258789,0
2011-05-02,168.94935607910156,-0.014491488176584078,-0.012630835321787104,0.06895698477931278,162.99666961669922,164.0069337463379,48.328428925649646,19.57999992370605,20.989999771118164,111.4499969482422,0
2011-05-03,164.257568359375,-0.02777037941198124,-0.045328685783652345,0.05529452326934359,163.04958618164062,164.14272521972657,42.191470374766546,20.8799991607666,20.51000022888184,112.29000091552734,1
2011-05-04,162.6962432861328,-0.009505346321858399,-0.0494314397968072,0.05495982332215266,163.05158599853516,164.27794006347656,39.4289785128422,21.57999992370605,20.90999984741211,112.27999877929688,0
2011-05-05,158.44290161132812,-0.02614283888119262,-0.08154615844154323,0.02630533345562891,163.06327697753906,164.3760823059082,26.326070120802456,21.18000030517578,21.709999084472656,112.20999908447266,1
2011-05-06,166.71885681152344,0.05223304493941194,-0.020824827081873276,0.07932085713159576,163.2052606201172,164.51741188049317,46.16207194009586,21.600000381469727,21.350000381469727,112.76000213623048,0
2011-05-09,166.59576416015625,-0.0007383247085621658,-0.030872658604881753,0.04044550578967132,163.37723968505858,164.66827865600587,49.74580478192292,20.96999931335449,20.920000076293945,112.86000061035156,0
2011-05-10,165.54977416992188,-0.006278610956931718,-0.034321791090368925,0.021935191449837133,163.5929067993164,164.8018016052246,46.81246741102697,21.5,19.57999992370605,113.93000030517578,0
2011-05-11,165.62664794921875,0.00046435447998849355,-0.019666888391851156,-0.013197838482574054,163.9785531616211,164.93101692199707,40.880001055631794,21.739999771118164,20.8799991607666,113.5199966430664,0
2011-05-12,161.85018920898438,-0.0228010334508022,-0.01465612315119369,-0.04419495405527707,164.18129913330077,165.0381581878662,34.486784502648106,21.239999771118164,21.57999992370605,111.0500030517578,0
2011-05-13,165.06520080566406,0.019864120100152594,0.014560615977868618,-0.02405623562783632,164.4957244873047,165.15841331481934,41.3499560799289,21.229999542236328,21.18000030517578,109.23999786376952,1
2011-05-16,162.7116241455078,-0.014258466646323464,0.0269417089107038,-0.046298844402580364,164.5927899169922,165.2611321258545,36.46982528130582,20.6299991607666,21.600000381469727,99.8000030517578,1
2011-05-17,159.94271850585938,-0.017017257704786348,-0.04064410250440076,-0.06849135142436669,164.6549365234375,165.36181251525878,35.95056255571349,21.459999084472656,20.96999931335449,97.18000030517578,1
2011-05-18,158.7890167236328,-0.007213218538512534,-0.04686041974643751,-0.06405821145163748,164.70385345458985,165.44145698547362,31.91170076050797,21.030000686645508,21.5,102.5500030517578,1
2011-05-19,158.4582977294922,-0.0020827573654935705,-0.04283591733052394,-0.0796100491360423,164.76523162841798,165.53775344848634,32.034057657162776,20.709999084472656,21.739999771118164,103.87999725341795,1
2011-05-20,160.47344970703125,0.012717238582097945,-0.031113340190085048,-0.06123710324261333,164.8347622680664,165.61747497558594,38.10962883809461,20.40999984741211,21.239999771118164,98.20999908447266,1
2011-05-23,154.88946533203125,-0.03479693609874046,-0.04300720259254864,-0.08505230185487433,164.74754150390626,165.65200942993164,37.178956002970395,19.450000762939453,21.229999542236328,98.97000122070312,1
2011-05-24,156.7200164794922,0.01181843544709027,-0.050556896822831265,-0.07717402642957438,164.7606167602539,165.69012023925782,41.88085783157306,21.040000915527344,20.6299991607666,99.6500015258789,1
2011-05-25,155.174072265625,-0.009864369903696879,-0.04632460599829191,-0.0815349885502199,164.7663088989258,165.7311538696289,45.20642109455764,19.93000030517578,21.459999084472656,97.37000274658205,1
2011-05-26,157.8660430908203,0.017348071013997934,-0.01298386969059162,-0.06755415934797793,164.7883056640625,165.7899545288086,34.475247757896724,20.65999984741211,21.030000686645508,96.91000366210938,1
2011-05-27,164.31146240234375,0.04082840860092629,0.03477851171736002,-0.05209211866071095,165.0084341430664,165.85767738342284,46.72118509017924,19.18000030517578,20.709999084472656,100.0999984741211,1
2011-05-30,165.78048706054688,0.008940488002023628,0.04620893595332287,-0.02178472635454609,165.1630307006836,165.9259768676758,50.327184628208336,17.25,20.40999984741211,98.44000244140624,0
2011-05-31,167.07266235351562,0.007794495696570314,0.04112339242742169,0.0018448893052691595,165.39146545410156,166.01385124206544,51.98233001487699,17.8700008392334,19.450000762939453,99.48999786376952,0
2011-06-01,166.85726928710938,-0.0012892178970039803,0.07726673940944373,-0.004908138923918615,165.64420440673828,166.10722496032716,57.60687842217267,16.81999969482422,21.040000915527344,97.6999969482422,0
2011-06-02,163.45999145507812,-0.020360382538597066,0.04300647184061468,-0.044711628579729434,165.82576751708984,166.17353637695314,47.57475787692471,16.729999542236328,19.93000030517578,99.58999633789062,1
2011-06-03,163.22622680664062,-0.0014301031485233207,0.051891107988917495,-0.05132288261360107,166.0009631347656,166.25352340698242,50.830701444546094,17.979999542236328,20.65999984741211,101.31999969482422,1
2011-06-06,164.8859405517578,0.010168180552769357,0.04446743152293342,-0.03663792142769906,166.0962890625,166.34042442321777,58.27600283872167,17.610000610351562,19.18000030517578,100.2300033569336,0
2011-06-07,164.58982849121094,-0.0017958599717841084,0.0016941367619598413,-0.04591396192663377,166.14815856933595,166.41892272949218,59.99891636893114,18.209999084472656,17.25,100.58999633789062,1
2011-06-08,163.48336791992188,-0.006722533108102446,-0.0138563903469896,-0.03982753892562241,166.06098999023436,166.4572004699707,58.43615432498828,18.030000686645508,17.8700008392334,100.58999633789062,0
2011-06-09,163.31973266601562,-0.0010009290607861931,-0.022462859181348493,-0.04993011608736009,165.94070678710938,166.5092736053467,55.095126286933606,18.57999992370605,16.81999969482422,102.6999969482422,0
2011-06-10,161.43408203125,-0.011545761213200945,-0.032501953789785154,-0.05832927906686536,165.78670989990235,166.53845863342286,63.50346946742731,18.57999992370605,16.729999542236328,100.29000091552734,1
2011-06-13,162.0106964111328,0.003571825556459629,-0.008866359474536067,-0.04106946501009501,165.61470977783202,166.5780641937256,61.5119106591003,18.540000915527344,17.979999542236328,100.4000015258789,1
2011-06-14,164.49632263183594,0.015342358719299565,0.007781199443517517,0.001453535900023617,165.47057861328125,166.64348106384278,69.48725554928248,18.90999984741211,17.610000610351562,100.22000122070312,0
2011-06-15,160.69381713867188,-0.023116051668064075,-0.025424383662171812,-0.01230775896859082,165.29131622314452,166.69046226501465,55.64891103897094,18.51000022888184,18.209999084472656,99.01000213623048,0
2011-06-16,160.28086853027344,-0.0025697852957347056,-0.026179989373812385,0.011600184673807412,165.0536474609375,166.75545318603517,39.39144452806911,19.13999938964844,18.030000686645508,99.08999633789062,0
2011-06-17,160.8574676513672,0.0035974294772731508,-0.016062186031308823,-0.03515732576539066,164.85196868896483,166.81528968811034,36.40386179461355,19.65999984741211,18.57999992370605,100.73999786376952,1
2011-06-20,159.71205139160156,-0.007120690611940539,-0.022089683931773685,-0.04131985469892896,164.6604541015625,166.86186149597168,29.505717249976,20.270000457763672,18.57999992370605,101.93000030517578,1
2011-06-21,158.02117919921875,-0.010587004409810752,-0.021141154266114515,-0.045476322806551894,164.4243539428711,166.88667282104493,27.26547495473369,22.18000030517578,18.540000915527344,99.29000091552734,1
2011-06-22,158.78482055664062,0.004832525369647733,-0.01991149921549573,-0.04130873550417946,164.22106323242187,166.90845695495605,36.08543692142244,21.309999465942383,18.90999984741211,97.3000030517578,0
2011-06-23,160.5457763671875,0.011090202478887035,-0.024016015686200265,-0.00805938410187823,164.04591522216796,166.94127639770508,42.68705528940222,20.88999938964844,18.51000022888184,99.37000274658205,0
2011-06-24,165.8287353515625,0.032906247077420625,0.03195467196139479,0.004625654239486687,163.89566650390626,166.97093727111817,52.14759665349336,19.5,19.13999938964844,94.80999755859376,0
2011-06-27,168.21310424804688,0.014378502564283746,0.04948959779485618,0.03381122972271022,163.87048065185547,167.01317352294922,57.53647870882478,19.31999969482422,19.65999984741211,94.9499969482422,0
2011-06-28,168.82086181640625,0.0036130215364384988,0.04950590284249934,0.055508268169279784,163.91159790039063,167.06690925598144,61.337289199112206,19.989999771118164,20.270000457763672,93.01000213623048,0
2011-06-29,169.43646240234375,0.003646472238762577,0.0608871461233611,0.06705404377711144,163.9467218017578,167.10634048461915,62.74769320006004,19.489999771118164,22.18000030517578,93.26000213623048,0
2011-06-30,170.589599609375,0.006805720508334279,0.07953630313257642,0.07655832514743044,163.93630126953124,167.11477249145508,69.68166413217328,19.459999084472656,21.309999465942383,93.4000015258789,0
2011-07-01,170.6208038330078,0.00018291984801099836,0.07454102498510018,0.06323385048743013,163.90758392333984,167.12170684814453,68.95364507127032,18.40999984741211,20.88999938964844,95.41000366210938,0
2011-07-04,171.38442993164062,0.004475574381774594,0.06751129683825385,0.10649507094785093,163.9121371459961,167.1295751953125,66.40682413744226,18.209999084472656,19.5,91.0199966430664,0
2011-07-05,171.0026092529297,-0.0022278609489977397,0.031200104676661677,0.09113445170742729,163.88197998046874,167.13580352783202,79.33483105476468,18.170000076293945,19.31999969482422,91.16000366210938,0
2011-07-06,167.5975341796875,-0.019912415887208712,-0.003659465599372469,0.0800614544213043,163.82863891601562,167.11681510925294,67.79082218342128,18.25,19.989999771118164,90.61000061035156,0
2011-07-07,169.8415985107422,0.013389602311503879,0.006046271079021004,0.07585896995614405,163.7874136352539,167.09862525939943,70.20676807847907,18.34000015258789,19.489999771118164,92.88999938964844,0
2011-07-08,165.220947265625,-0.027205650945548165,-0.02487962199487259,0.0055351273123858125,163.6631588745117,167.05779357910157,60.715305425278,18.6200008392334,19.459999084472656,94.7699966430664,0
2011-07-11,164.25477600097656,-0.005847752846345422,-0.037134875882845475,-0.009203200488927754,163.56926727294922,167.01293853759765,62.476659233048515,18.670000076293945,18.40999984741211,95.41999816894533,0
2011-07-12,163.109375,-0.006973319308351544,-0.044024108808908724,-0.02372193809379508,163.5463034057617,166.9822389984131,58.52539081300657,19.690000534057617,18.209999084472656,94.94000244140624,0
2011-07-13,164.25477600097656,0.007022287964603802,-0.04160035969141329,-0.01559712260216084,163.5774740600586,166.94661376953124,57.49376477878453,20.82999992370605,18.170000076293945,94.94000244140624,0
2011-07-14,166.6001434326172,0.01427883857469503,-0.02574502131602463,0.019210523318802686,163.74061889648436,166.92194633483888,51.76850201879639,19.520000457763672,18.25,96.88999938964844,0
2011-07-15,165.29110717773438,-0.007857353708775494,-0.013761700094467533,0.012650420287787512,163.7120639038086,166.8941177368164,42.95371654141314,19.96999931335449,18.34000015258789,96.6500015258789,0
2011-07-18,163.25738525390625,-0.012303879855080746,-0.03876678808118672,-0.009876859678890293,163.6452963256836,166.86285079956053,37.4471870748112,19.950000762939453,18.6200008392334,98.66999816894533,0
2011-07-19,165.47035217285156,0.013555080007581877,0.0015095235280644381,0.0053498061800802965,163.64370788574217,166.8341879272461,41.65298099334546,20.200000762939453,18.670000076293945,96.1999969482422,0
2011-07-20,162.90673828125,-0.015492889559596712,-0.00820699253042445,-0.0035271455806704655,163.5893096923828,166.77559371948243,34.736919325483285,19.25,19.690000534057617,95.1500015258789,0
2011-07-21,162.22885131835938,-0.004161196584270721,-0.00539836340885147,-0.006679421585186307,163.59688293457032,166.69749649047853,33.74585278747652,19.11000061035156,20.82999992370605,97.43000030517578,0
2011-07-22,166.44430541992188,0.02598461412569608,0.013330080696906554,0.031035722603495852,163.62446502685546,166.64697563171387,41.560141771349386,18.75,19.520000457763672,98.0500030517578,0
2011-07-25,167.5040283203125,0.006366831822314678,0.005425474846970424,0.03390721742988689,163.72031311035155,166.60063827514648,44.158231186096934,17.90999984741211,19.96999931335449,95.69000244140624,0
2011-07-26,162.00291442871094,-0.03284168116292674,-0.019893343357472393,-0.015157835526241947,163.76151702880858,166.53567893981935,41.26947615761609,19.200000762939453,19.950000762939453,97.23999786376952,0
2011-07-27,159.7198486328125,-0.014092745207390012,-0.021668463056614518,-0.006061020412620355,163.78013366699219,166.46807235717773,34.223996095829136,19.299999237060547,20.200000762939453,95.93000030517578,0
2011-07-28,158.558837890625,-0.007269044843991823,-0.04176889812264828,-0.010743831471833998,163.78214447021483,166.3897383117676,38.36106792575958,18.25,19.25,97.5,0
2011-07-29,161.5665283203125,0.018968923269746973,-0.008226854058201671,0.004408005915411239,163.80400604248047,166.32175102233887,45.616242226025406,18.51000022888184,19.11000061035156,98.13999938964844,0
2011-08-01,162.90673828125,0.008295096607389363,0.004178584495801774,0.020002791660444608,163.96435150146485,166.24508193969726,49.67164409384649,19.770000457763672,18.75,99.12999725341795,0
2011-08-02,159.22113037109375,-0.022624035991643532,-0.043396949091197734,0.007593609780383925,164.01437377929688,166.16459831237793,42.46380566106098,18.780000686645508,17.90999984741211,99.87000274658205,0
2011-08-03,156.14334106445312,-0.01933028172496498,-0.06782336741260153,-0.016635592010164735,164.03375915527343,166.080301361084,34.68042461318629,19.149999618530277,19.200000762939453,99.1999969482422,0
2011-08-04,154.77194213867188,-0.00878294851661432,-0.044634828426009854,-0.03596378776922893,163.97187713623046,165.99568511962892,34.617169725601784,19.479999542236328,19.299999237060547,99.58999633789062,0
2011-08-05,150.61880493164062,-0.02683391543481528,-0.05698129430422072,-0.09172071648304081,163.6980239868164,165.8876880645752,32.59660219796474,20.21999931335449,18.25,97.4000015258789,0
2011-08-08,148.18772888183594,-0.016140587829707287,-0.06540858363217272,-0.11904765360421354,163.34616882324218,165.7718812561035,26.34382505900291,24.899999618530277,18.51000022888184,97.44000244140624,0
2011-08-09,146.51243591308594,-0.011305207127412453,-0.09317581162220179,-0.13214258986298066,162.9349642944336,165.6356224822998,27.000431984306417,28.780000686645508,19.770000457763672,95.6999969482422,0
2011-08-10,150.18246459960938,0.025049264000365,-0.07810771866092381,-0.11363550400983846,162.6014682006836,165.51598342895508,34.409039167778516,34.880001068115234,18.780000686645508,94.88999938964844,0
2011-08-11,146.88648986816406,-0.021946468519027706,-0.07746861534132787,-0.13894815273315353,162.2699981689453,165.3719808959961,24.070276063727988,28.950000762939453,19.149999618530277,93.79000091552734,0
2011-08-12,146.48129272460938,-0.002758573262376718,-0.06187934928237149,-0.14148046759892519,161.93509948730468,165.2343743133545,21.63581578739327,29.09000015258789,19.479999542236328,91.93000030517578,0
2011-08-16,145.80340576171875,-0.004627805710078481,-0.05794678449481194,-0.14926107453358084,161.5534487915039,165.11214530944824,24.873081549216906,27.020000457763672,20.21999931335449,86.62999725341797,0
2011-08-17,141.78271484375,-0.027576111113204127,-0.0586652516058731,-0.17087396816244238,161.0973065185547,164.98342658996583,23.600891821703925,26.459999084472656,24.899999618530277,86.87999725341797,0
2011-08-18,134.6141357421875,-0.050560317662576515,-0.09159728165124892,-0.19680121547693707,160.519921875,164.7619871520996,20.054569061654874,25.479999542236328,28.780000686645508,81.30999755859375,0
2011-08-19,129.6818084716797,-0.03664048536443598,-0.11487507757628512,-0.2364543809714701,159.84716339111327,164.46281547546386,11.956127136921353,27.450000762939453,34.880001068115234,79.30000305175781,0
2011-08-22,132.61936950683594,0.022652067161738954,-0.11694504507964454,-0.19732109213957993,159.270869140625,164.17883140563964,15.188971663457835,29.190000534057617,28.950000762939453,82.88999938964844,0
2011-08-23,132.79856872558594,0.0013512296085886888,-0.0959102580177561,-0.1915086309283549,158.68662658691406,163.89012847900392,16.968610022863686,27.07999992370605,29.09000015258789,85.72000122070312,0
2011-08-24,131.2480010986328,-0.011676086887330905,-0.1039947923904232,-0.19533747769781584,158.02166015625,163.57259841918946,17.642266329089026,25.920000076293945,27.020000457763672,85.37999725341797,1
2011-08-25,129.9467315673828,-0.009914585520217511,-0.1087537983869179,-0.20887090938159247,157.4067184448242,163.25683029174806,17.674487175258676,28.600000381469727,26.459999084472656,86.6500015258789,0
2011-08-26,127.82731628417967,-0.01630987757552127,-0.09842806702459972,-0.2327298545461307,156.75764739990234,162.91981246948242,18.66293558171901,27.940000534057617,25.479999542236328,87.58000183105469,1
2011-08-29,133.718017578125,0.04608327441412752,-0.006656939548895124,-0.1910150530098358,156.2148583984375,162.62297760009767,31.833241313725836,33.2599983215332,27.450000762939453,82.37999725341797,1
2011-08-30,136.0867919921875,0.017714698863812828,0.04938999228952423,-0.16642795803363908,155.7423532104492,162.3519080352783,37.13460764276857,26.06999969482422,29.190000534057617,82.26000213623047,1
2011-09-02,138.2529754638672,0.015917661368665792,0.04247951093404101,-0.16448491437640078,155.34698913574218,162.11985862731933,34.71139995689998,24.8799991607666,27.07999992370605,84.12000274658203,1
2011-09-05,137.6374053955078,-0.004452490561552169,0.03643741582728066,-0.15511533256602317,154.92404083251952,161.86723335266115,37.272108786400025,26.09000015258789,25.920000076293945,85.44000244140625,0
2011-09-06,138.58021545410156,0.006849955183945378,0.05586534114114694,-0.14577330525412846,154.48472961425782,161.63539726257324,39.28566846809714,27.82999992370605,28.600000381469727,85.16000366210938,1
2011-09-07,139.84251403808594,0.009108793631529943,0.07615260769811472,-0.15982398024806166,153.96500518798828,161.43902282714845,42.04279685649606,28.65999984741211,27.940000534057617,85.30000305175781,0
2011-09-08,143.20867919921875,0.024071114455336717,0.12032923292267172,-0.145043372178695,153.4649166870117,161.27155479431153,51.93737670089534,27.86000061035156,33.2599983215332,85.37000274658203,0
2011-09-09,139.75680541992188,-0.024103802916127348,0.045160614486889905,-0.1373191901345603,152.88363555908202,161.06271484375,57.77197173744603,27.63999938964844,26.06999969482422,87.2699966430664,0
2011-09-12,134.3881378173828,-0.03841435546847283,-0.012482138420179756,-0.15860089420486467,152.18266906738282,160.84479873657227,57.019959614645785,28.149999618530277,24.8799991607666,88.9000015258789,1
2011-09-13,132.83753967285156,-0.011538206940841178,-0.03917048275341428,-0.16221926547869991,151.42762786865234,160.64362678527831,50.33946836092196,32.75,26.09000015258789,86.44999694824219,1
2011-09-14,134.65310668945312,0.013667574851754072,-0.021682323184450958,-0.1665779534329188,150.70827392578124,160.45833938598633,52.745798920196755,32.77000045776367,27.82999992370605,86.44999694824219,1
2011-09-15,136.54652404785156,0.0140614457768522,-0.014675192989027863,-0.16181168754289899,150.01151580810546,160.2764429473877,57.76606356093305,32.45000076293945,28.65999984741211,86.0199966430664,1
2011-09-16,137.7464599609375,0.008787744114712392,-0.014988675593872514,-0.13487324427420933,149.3463928222656,160.07735656738282,61.46614930670984,30.790000915527344,27.86000061035156,89.33999633789062,1
2011-09-19,133.9440155029297,-0.027604661920793583,-0.06469345117973546,-0.14217273314498857,148.67332244873046,159.86864166259767,58.56800387123031,28.450000762939453,27.63999938964844,89.05000305175781,1
2011-09-20,137.5049285888672,0.02658508536247073,-0.0161128241611459,-0.11156423645788371,148.02658905029296,159.65823348999024,55.674938020865966,29.600000381469727,28.149999618530277,87.23999786376953,1
2011-09-21,140.4425048828125,0.02136342547203185,0.045051350243849875,-0.06756327706521581,147.5310202026367,159.44428466796876,56.417914474571695,27.25,32.75,88.19000244140625,0
2011-09-22,134.3881378173828,-0.043109221602687486,0.01167289117481407,-0.09312236018852038,146.93368743896485,159.20752464294435,44.89078216302311,27.670000076293945,32.77000045776367,90.20999908447266,0
2011-09-23,131.48951721191406,-0.02156902128823024,-0.023494366786762422,-0.1025368161244945,146.30129028320312,158.97953811645507,42.33530847250239,33.880001068115234,32.45000076293945,88.91000366210938,0
2011-09-26,133.718017578125,0.016948121899477364,-0.02071459884790139,-0.10962962330774795,145.6905551147461,158.7939980316162,44.12649575296294,35.15999984741211,30.790000915527344,89.4000015258789,0
2011-09-27,138.08155822753906,0.032632406076949616,0.002432717811380325,-0.059943781409221075,145.12018341064453,158.63496726989746,48.021050537752416,35.43000030517578,28.450000762939453,87.95999908447266,0
2011-09-28,135.38551330566406,-0.01952501808700835,0.010761942572214744,-0.07574878138060825,144.52207153320313,158.49791358947755,41.073942442050146,32.0099983215332,29.600000381469727,85.69999694824219,0
2011-09-29,138.80616760253906,0.025266028937321217,0.009463217260833767,-0.04799091024399682,144.03304718017577,158.3327378845215,48.91457020631895,32.0,27.25,86.88999938964844,0
2011-09-30,136.42185974121094,-0.017177247254282046,-0.028628406656207472,-0.037810357267082484,143.45207733154297,158.15310234069824,52.49191001438137,31.06999969482422,27.670000076293945,85.91999816894531,0
2011-10-03,130.76486206054688,-0.0414669444574004,-0.0269612766102878,-0.028594869776623955,142.8092398071289,157.94587409973144,47.69255805594258,31.940000534057617,33.880001068115234,80.51000213623047,0
2011-10-04,124.8196029663086,-0.04546526490798042,-0.05072582504699563,-0.037493350552964544,142.06105484008788,157.74030040740968,39.97452438967665,35.06999969482422,35.15999984741211,79.8499984741211,0
2011-10-05,121.43789672851562,-0.027092749515520875,-0.0918359475560927,-0.08431251648910876,141.16092666625977,157.49701305389405,35.0501012957216,37.18999862670898,35.43000030517578,80.23999786376953,0
2011-10-07,128.48182678222656,0.058004381197890975,-0.06952218361769558,-0.03250593726111206,140.38048263549805,157.29332942962645,41.78301042363915,35.369998931884766,32.0099983215332,84.44999694824219,0
2011-10-10,131.31809997558594,0.02207528694440808,-0.030043194657725314,0.0005340948156646874,139.76678634643554,157.07436908721922,47.63041188963402,33.02000045776367,32.0,81.20999908447266,0
2011-10-11,129.73631286621094,-0.012045461438058291,-0.06534187127980484,-0.0016192689006784278,139.1671156311035,156.85257625579834,42.73004032488377,30.030000686645508,31.06999969482422,82.13999938964844,0
2011-10-12,133.9751739501953,0.03267289620258951,-0.017934704860767425,0.048095022603369175,138.6754423522949,156.65359279632568,44.091695171322066,30.299999237060547,31.940000534057617,79.19999694824219,0
2011-10-13,137.11532592773438,0.023438312374995718,0.048563993163905916,0.025406511486939287,138.18641830444335,156.47915515899658,52.63157584761423,28.40999984741211,35.06999969482422,77.61000061035156,0
2011-10-14,138.7594451904297,0.011990776753590948,0.11167991159116042,0.019639328395628652,137.70347244262695,156.30724658966065,57.1891032218346,28.239999771118164,37.18999862670898,75.66999816894531,0
2011-10-17,140.07627868652344,0.009490045843629336,0.1534807705017771,0.013188166233230714,137.32057540893555,156.15245929718017,56.40302247185141,25.979999542236328,35.369998931884766,79.68000030517578,0
2011-10-18,136.59327697753906,-0.02486503597642664,0.06313305467753971,-0.007586080360701297,136.92957412719727,155.96672023773192,48.47418141497397,25.43000030517578,33.02000045776367,82.9800033569336,0
2011-10-19,140.90223693847656,0.031545915408750735,0.07298412758540107,0.016755793579669165,136.65218002319335,155.79683437347413,55.47480382447628,25.899999618530277,30.030000686645508,85.41000366210938,0
2011-10-20,136.83485412597656,-0.02886670148661996,0.05471514569005764,-0.021507478843595718,136.37650100708007,155.60026622772216,48.06845970156751,24.049999237060547,30.299999237060547,85.80999755859375,0
2011-10-21,135.666015625,-0.008541964753369546,0.012620559652591012,-0.05266903944925072,136.12606674194336,155.39804607391358,49.24133520103583,25.600000381469727,28.40999984741211,85.56999969482422,0
2011-10-24,135.33877563476562,-0.002412099955370617,-0.012956613572906228,-0.031612269412438,135.90259353637694,155.22557048797609,55.14103740027702,26.299999237060547,28.239999771118164,84.2300033569336,0
2011-10-25,136.8893585205078,0.01145704827363514,-0.013477184687178734,0.018611915781762356,135.63673141479492,155.08753719329835,65.053449022986,25.21999931335449,25.979999542236328,86.80000305175781,0
2011-10-28,145.45274353027344,0.06255698107083107,0.0383824077435837,0.09496715979903136,135.6080564880371,155.00455013275146,76.52322977866146,22.309999465942383,25.43000030517578,86.37999725341797,0
2011-10-31,145.10989379882812,-0.0023571211042434648,0.06235019035885281,0.07765722875960979,135.5806285095215,154.9231174850464,71.55555098406047,20.88999938964844,25.899999618530277,88.33999633789062,0
2011-11-01,139.47628784179688,-0.03882303135609311,-0.010120131004749844,0.021456157997244985,135.45408615112305,154.84059062957763,59.86060101059841,22.65999984741211,24.049999237060547,86.11000061035156,0
2011-11-02,137.9179229736328,-0.011172973501643924,0.007915153303405642,0.0012447725534574516,135.3767903137207,154.74338817596436,59.89451314839611,24.020000457763672,25.600000381469727,85.30000305175781,0
2011-11-03,136.83485412597656,-0.007852995639031746,0.008615558550841396,0.021582439590096092,135.4212046813965,154.6050053024292,53.744175323269054,24.88999938964844,26.299999237060547,87.4000015258789,0
2011-11-04,137.80885314941406,0.007118062350845111,0.018251070345976395,0.002210281214396259,135.58374557495117,154.50491153717041,50.9626377685425,24.65999984741211,25.21999931335449,91.2699966430664,0
2011-11-08,137.34129333496094,-0.003392814059240412,0.0033014605323424817,-0.022081716289803155,135.67818405151368,154.415401802063,47.96509616639356,23.43000030517578,22.309999465942383,93.16999816894533,0
2011-11-09,134.35699462890625,-0.021729070941368667,-0.07628421872329827,-0.00023174060584785217,135.7093525695801,154.31716213226318,42.168183290324606,23.709999084472656,20.88999938964844,93.31999969482422,0
2011-11-11,127.94418334960938,-0.04772964218951936,-0.118294555938524,-0.02696286318087915,135.6432762145996,154.17893619537352,39.03594406508795,24.299999237060547,22.65999984741211,93.19000244140624,0
2011-11-14,127.94418334960938,0.0,-0.08268146988015601,-0.043179179089626096,135.60322525024415,154.03163425445555,31.559090587312014,24.739999771118164,24.020000457763672,92.19000244140624,0
2011-11-15,123.08978271484376,-0.03794155003905797,-0.1075142370119937,-0.10857188827483355,135.50847457885743,153.83906284332275,30.86764093064116,25.290000915527344,24.88999938964844,92.51000213623048,0
2011-11-16,122.93394470214844,-0.0012660515703106778,-0.10158895197147866,-0.09197120356151645,135.2927931213379,153.6341750717163,31.76339351086294,25.96999931335449,24.65999984741211,94.06999969482422,0
2011-11-17,121.27425384521484,-0.013500671933653341,-0.1199821268831851,-0.12630500546290946,134.99654235839844,153.40687522888183,30.595550544208564,25.040000915527344,23.43000030517578,94.26000213623048,0
2011-11-18,120.0119400024414,-0.010408753735847043,-0.12617729825985446,-0.12028805185546332,134.63172164916992,153.2086443710327,26.527966555787216,26.920000076293945,23.709999084472656,96.8000030517578,0
2011-11-21,114.01213073730467,-0.04999343619488761,-0.15142392807902594,-0.1281134018669735,134.15921615600587,152.9985276412964,2.9171594712625506,26.57999992370605,24.299999237060547,95.73999786376952,0
2011-11-22,116.17051696777344,0.018931198079631617,-0.09202189637386027,-0.06929268955349688,133.7110221862793,152.79604930877684,8.89777338946638,28.61000061035156,24.739999771118164,98.98999786376952,0
2011-11-23,113.24851989746094,-0.02515265616940554,-0.11485995742371746,-0.06743674793184795,133.1791423034668,152.57653827667235,9.640321757314553,27.350000381469727,25.290000915527344,98.13999938964844,1
2011-11-24,113.7783660888672,0.004678614712898765,-0.07564735610548501,-0.11444000339659988,132.59053604125975,152.3802894973755,11.639426466979643,30.68000030517578,25.96999931335449,99.37000274658205,1
2011-11-25,111.92388153076172,-0.01629909640868832,-0.08956080599270233,-0.14768884448092,132.03387756347655,152.16200042724608,11.360887142105597,27.950000762939453,25.040000915527344,102.58999633789062,1
2011-11-28,116.85620880126952,0.04406858664164681,-0.036430197703662515,-0.09927909758175324,131.6832389831543,151.95637454986573,21.05489704971913,29.1200008392334,26.920000076293945,98.81999969482422,1
2011-11-29,114.37834167480467,-0.021204411403409562,-0.046941982002141835,-0.1462721166734643,131.31405502319336,151.76220249176026,19.946983355313776,26.63999938964844,26.57999992370605,97.41000366210938,1
2011-11-30,111.0278091430664,-0.029293417640765873,-0.02617547426698341,-0.1902596708876818,130.84154907226562,151.56454551696777,19.757582207213687,26.8700008392334,28.61000061035156,96.91999816894533,1
2011-12-01,118.77302551269533,0.06975924706979231,0.022402487419797223,-0.14403646288946703,130.4860791015625,151.4265350341797,38.508101522563145,26.549999237060547,27.350000381469727,98.01000213623048,1
2011-12-02,122.75475311279295,0.03352383744465648,0.08394134619983795,-0.12365780798970472,130.1862449645996,151.3042029953003,44.087391196937546,25.020000457763672,30.68000030517578,96.16999816894533,1
2011-12-05,121.48460388183594,-0.010347047252744157,0.06773025538923405,-0.11061066422901289,129.93705673217772,151.17336666107178,48.00847218577923,23.989999771118164,27.950000762939453,96.16999816894533,1
2011-12-07,119.66131591796876,-0.015008387117437794,0.06913121919454213,-0.15074935275713486,129.58018447875978,151.00211002349855,46.101008911096656,25.020000457763672,29.1200008392334,96.7699966430664,1
2011-12-08,115.99130249023438,-0.030670007258237764,-0.007401457910602205,-0.15232633358568604,129.0911604309082,150.78658321380615,43.99363736557512,26.459999084472656,26.63999938964844,98.20999908447266,1
2011-12-09,113.9420166015625,-0.017667582350361255,-0.003814752573373714,-0.16012852535955424,128.6822380065918,150.54546558380127,43.22022473556987,28.57999992370605,26.8700008392334,99.79000091552734,1
2011-12-12,110.1940689086914,-0.03289346462926912,-0.0075092919585639795,-0.18579085415942753,128.25632904052733,150.2883772277832,45.50954341253561,29.530000686645508,26.549999237060547,100.36000061035156,1
2011-12-13,110.09278106689452,-0.0009191768921865684,-0.07308262468124971,-0.1957535468295647,127.78382431030273,150.02585987091064,42.488456232691405,29.270000457763672,25.020000457763672,100.1999969482422,1
2011-12-14,109.7732925415039,-0.0029019934122336277,-0.10575118471674216,-0.24529926437134186,127.21765899658203,149.7854345703125,45.409630781156366,28.11000061035156,23.989999771118164,100.95999908447266,1
2011-12-15,108.86943817138672,-0.008233827638680413,-0.1038416828746429,-0.24974489801283328,126.68733749389648,149.53168338775635,43.579318921212426,28.790000915527344,25.020000457763672,100.98999786376952,1
2011-12-16,105.34745025634766,-0.032350565725292046,-0.11961982493518353,-0.24469275827128678,126.01816314697265,149.26843658447265,41.75781977596968,28.809999465942383,26.459999084472656,100.48999786376952,1
2011-12-19,102.4176788330078,-0.027810558454055445,-0.11702277124070903,-0.25740123817998595,125.33807952880859,149.00669288635254,30.947995977155543,29.690000534057617,28.57999992370605,98.33999633789062,1
2011-12-20,101.82550048828124,-0.005781993416313469,-0.10633931603695268,-0.2558511415919228,124.75929229736329,148.78409873962403,32.56875660296039,30.57999992370605,29.530000686645508,99.41000366210938,1
2011-12-21,109.45382690429688,0.07491567809080957,-0.006717621118137562,-0.20575620213872847,124.45197677612305,148.5728034210205,48.04641817607112,30.530000686645508,29.270000457763672,97.7699966430664,1
2011-12-22,113.47450256347656,0.0367339888690712,0.03071701399319937,-0.17377723910955012,124.29270889282226,148.39345626831056,42.753657666230495,27.530000686645508,28.11000061035156,100.13999938964844,1
2011-12-23,112.4770965576172,-0.008789692691549056,0.024630800019877608,-0.16284896913421798,123.97261428833008,148.16654998779296,34.69478136960109,26.84000015258789,28.790000915527344,94.9499969482422,1
2011-12-26,113.7004623413086,0.010876576842154817,0.044374475069088426,-0.11132761674190061,123.62026153564453,147.95087535858156,38.39188458271413,27.38999938964844,28.809999465942383,93.87000274658205,1
2011-12-27,113.15503692626952,-0.004797037793934478,0.07411272556595572,-0.11559061175081553,123.2886360168457,147.7349346923828,39.91306312326936,26.600000381469727,29.690000534057617,93.52999877929688,1
2011-12-28,108.67462158203124,-0.039595368142185894,0.06109240924338266,-0.11711094791845922,122.78262496948243,147.50136085510255,38.934713549971754,26.290000915527344,30.57999992370605,93.87999725341795,1
2011-12-29,106.89805603027344,-0.016347566026873928,0.049816161154798255,-0.1304431311524875,122.17827957153321,147.25086654663085,39.258553452095086,26.739999771118164,30.530000686645508,97.22000122070312,1
2011-12-30,106.69548034667967,-0.0018950361785474712,-0.02520100608294873,-0.12021326073992922,121.5370002746582,146.98809143066407,44.01814149352681,26.6200008392334,27.530000686645508,98.66999816894533,1
2012-01-02,108.54996490478516,0.017381097606757212,-0.04339774616713277,-0.09550695620305016,120.90647399902343,146.75050998687743,47.511307539475496,27.11000061035156,26.84000015258789,99.52999877929688,1
2012-01-03,113.10826110839844,0.04199260872734145,0.005611493984981397,-0.007927837354332445,120.43677368164063,146.54160396575926,54.73242153879133,27.530000686645508,27.38999938964844,99.68000030517578,1
2012-01-04,115.80427551269533,0.02383569845276945,0.01850311887977596,-0.0031526196546040053,119.934814453125,146.33679431915283,59.36444461019763,26.15999984741211,26.600000381469727,99.68000030517578,1
2012-01-05,116.58350372314452,0.006728838007054039,0.030298843869486225,0.029448365671385313,119.52978744506837,146.15318664550782,66.38638220753717,26.40999984741211,26.290000915527344,101.33999633789062,1
2012-01-06,117.14451599121094,0.004812106774545688,0.07793810814226165,0.029585148900051816,119.15935745239258,145.94865592956543,73.07126687368077,25.90999984741211,26.739999771118164,99.36000061035156,1
2012-01-09,116.5367431640625,-0.00518823115197331,0.09016709462947947,0.04121427500736696,118.78331680297852,145.75308502197265,73.03558091182211,25.459999084472656,26.6200008392334,99.6500015258789,1
2012-01-10,120.6976547241211,0.03570471807506048,0.13123493452529522,0.03287327188052536,118.45948272705078,145.5854716873169,69.75085858381448,25.68000030517578,27.11000061035156,98.83000183105467,1
2012-01-11,121.57815551757812,0.00729509446947918,0.12002021948344876,0.06294735294592435,117.98199096679687,145.4214532852173,65.99996264232071,24.0,27.530000686645508,98.83000183105467,1
2012-01-12,121.77294921875,0.0016022097089942733,0.07660526318274563,0.09677881747479855,117.5152520751953,145.25798580169678,68.95460077957374,24.540000915527344,26.15999984741211,102.95999908447266,1
2012-01-13,123.0274429321289,0.010301907947760647,0.062373926933653845,0.0358197275944514,117.18627517700196,145.07252479553222,68.993960493999,24.030000686645508,26.40999984741211,103.22000122070312,1
2012-01-16,123.36251068115234,0.00272352038730328,0.05814722273321116,0.004950990107901898,116.89516693115235,144.87935558319091,70.966679328973,23.479999542236328,25.90999984741211,101.80999755859376,1
2012-01-17,122.41967010498048,-0.007642845228796991,0.04503116572836685,0.00769699363759746,116.60686325073242,144.65224494934083,83.03374350680909,24.06999969482422,25.459999084472656,101.55999755859376,1
2012-01-18,119.94184112548828,-0.02024044810255865,0.029219093214506886,0.0023443266135549923,116.24952301025391,144.40528469085694,80.32617298570209,22.61000061035156,25.68000030517578,101.30999755859376,1
2012-01-19,124.23519134521484,0.03579526693470281,0.029309075053525424,0.07107333634497759,115.98740097045898,144.180791015625,84.26180410891575,22.68000030517578,24.0,102.23999786376952,1
2012-01-20,131.28695678710938,0.05676141651603084,0.079856461287797,0.15222602427864196,115.92600021362304,143.9841722869873,86.91804078821372,21.68000030517578,24.540000915527344,100.87000274658205,1
2012-01-23,133.51544189453125,0.016974154645350792,0.09642940202332873,0.21163909470630693,116.03742538452148,143.7932350921631,85.84726986562282,21.959999084472656,24.030000686645508,99.0999984741211,1
2012-01-24,138.39321899414062,0.03653343036876966,0.12489714242446404,0.2570598876056207,116.2464060974121,143.63691650390626,86.85484252429166,22.13999938964844,23.479999542236328,98.6999969482422,1
2012-01-25,137.14649963378906,-0.009008529243071828,0.11173563894353089,0.24936126500838718,116.52754043579101,143.46182746887206,83.04532642159249,21.420000076293945,24.06999969482422,98.6999969482422,1
2012-01-27,138.37759399414062,0.008976491296816658,0.13035424679281915,0.2710416836752749,116.83641342163087,143.29900840759277,83.40277787779584,21.020000457763672,22.61000061035156,100.70999908447266,1
2012-01-30,132.80638122558594,-0.0402609454879711,0.1072564834705032,0.2606511206718434,117.06705596923828,143.1166014099121,72.13746464743355,21.700000762939453,22.68000030517578,100.58999633789062,1
2012-01-31,140.59056091308594,0.058612994463554724,0.13164844349475913,0.3727177037698646,117.47862838745117,142.9704232788086,74.63816225260994,23.459999084472656,21.68000030517578,100.38999938964844,1
2012-02-01,138.68153381347656,-0.013578629228099826,0.05632377509030073,0.3619528816304416,117.97201644897461,142.81908416748047,70.65693462941482,22.65999984741211,21.959999084472656,98.45999908447266,1
2012-02-02,140.62171936035156,0.013990222732065405,0.0532243863704831,0.28475836192833115,118.46104049682617,142.67567687988281,71.8440084781999,22.88999938964844,22.13999938964844,99.58000183105467,1
2012-02-03,142.7957000732422,0.015459779063856205,0.03181139300826552,0.2583945895102173,119.0519841003418,142.52294952392577,72.43154826782752,23.690000534057617,21.420000076293945,98.9499969482422,0
2012-02-06,144.6267852783203,0.012823111649292951,0.05454230085715084,0.2858332025332304,119.66895248413086,142.39872146606444,73.33680086958574,24.09000015258789,21.020000457763672,99.4000015258789,1
2012-02-07,146.13845825195312,0.01045223380111615,0.05608468852364301,0.2852934389419757,120.35324401855469,142.29558876037598,75.709548096578,24.6200008392334,21.700000762939453,99.55999755859376,0
2012-02-08,143.44241333007812,-0.01844856551878238,0.0800867549159836,0.26766264433764,120.88496810913085,142.17439949035645,75.35308101302789,24.90999984741211,23.459999084472656,98.77999877929688,0
2012-02-09,146.45791625976562,0.021022394002452094,0.04173363637340444,0.3476735794218,121.52655960083008,142.05113594055175,74.65425953773068,24.270000457763672,22.65999984741211,98.4800033569336,0
2012-02-10,145.00079345703125,-0.009949088720816901,0.045566698534311945,0.3564399470086448,122.20601928710937,141.915856552124,67.37068095775219,23.299999237060547,22.88999938964844,97.61000061035156,0
2012-02-13,145.6553192138672,0.004513946035956673,0.03579532291606191,0.3651498520893057,122.74366516113281,141.78834930419922,66.01561383399704,23.82999992370605,23.690000534057617,96.36000061035156,0
2012-02-14,147.065673828125,0.009682822583272577,0.029902677410402978,0.35482009558569616,123.22988357543946,141.66112533569336,62.59333806615492,23.709999084472656,24.09000015258789,97.83999633789062,0
2012-02-15,152.90187072753906,0.03968429034116272,0.057216824900685914,0.35181877282158913,123.85822891235351,141.57431175231935,70.18770934691193,22.709999084472656,24.6200008392334,96.91000366210938,0
2012-02-16,150.9772491455078,-0.012587299114611872,0.03311100275337697,0.3037277637383653,124.48454757690429,141.46968368530273,65.8623049174949,22.100000381469727,24.90999984741211,98.41000366210938,0
2012-02-17,152.97201538085938,0.013212363098688229,0.06643503709640264,0.3121240183699412,125.2241618347168,141.37737533569336,77.89989372675404,23.32999992370605,24.270000457763672,98.70999908447266,0
2012-02-21,154.48362731933594,0.009881623999743017,0.054798752191281164,0.318743997635591,126.03499404907227,141.30504669189452,73.25845635718606,24.18000030517578,23.299999237060547,99.83999633789062,0
2012-02-22,149.2474365234375,-0.03389479446307031,0.02928703329933624,0.2806899564142127,126.8160614013672,141.22999603271484,65.91544608261589,26.25,23.82999992370605,98.66999816894533,0
2012-02-23,147.1046600341797,-0.014357207997480859,0.009950483292576529,0.2187863995403816,127.5562989807129,141.1520381164551,59.70603151685727,26.799999237060547,23.709999084472656,100.91000366210938,0
2012-02-24,145.18785095214844,-0.013030240385218828,-0.012768600769280547,0.19419356490530704,128.26459014892578,141.08576286315918,53.609237614972905,24.32999992370605,22.709999084472656,100.73999786376952,0
2012-02-27,138.29971313476562,-0.04744293528838739,-0.09550018926055859,0.13571785870380237,128.85319564819335,140.9436671447754,41.717697299694194,24.81999969482422,22.100000381469727,101.8000030517578,0
2012-02-28,141.93856811523438,0.026311370414216828,-0.059867834931620734,0.15371468944159283,129.5850180053711,140.82038116455078,44.79225714266253,27.3799991607666,23.32999992370605,102.30999755859376,0
2012-02-29,141.23724365234375,-0.004941042256543349,-0.07671188549944374,0.14489598884211397,130.36140930175782,140.69881851196288,47.123351258561186,25.850000381469727,24.18000030517578,103.23999786376952,0
2012-03-01,137.6841583251953,-0.025156858313479802,-0.10874595117717001,0.12468983299109393,131.0785824584961,140.55910606384276,38.71292076978675,26.93000030517578,26.25,105.83999633789062,1
2012-03-02,140.67628479003906,0.021731813603251826,-0.05742913870451938,0.17287081363756562,131.70303161621095,140.45323654174805,44.6480684507005,27.670000076293945,26.799999237060547,106.27999877929688,0
2012-03-05,135.63485717773438,-0.03583708241818495,-0.07797035698107935,0.0917587497478316,132.1462387084961,140.3060848236084,38.813523232302586,27.84000015258789,24.32999992370605,107.83000183105467,1
2012-03-06,132.96998596191406,-0.01964739205887389,-0.08415211679289325,0.012819469778203807,132.55609649658203,140.15737663269044,34.69284275753688,28.920000076293945,24.81999969482422,109.7699966430664,1
2012-03-07,134.04530334472656,0.008086918074282634,-0.030762245948358302,0.003968540587341751,132.9629933166504,140.02788955688476,27.161228511908547,27.34000015258789,27.3799991607666,108.55999755859376,0
2012-03-09,142.46839904785156,0.06283767870227552,0.0037328186387439732,0.029446385331086677,133.54926055908203,139.94628646850586,41.0958772868833,26.32999992370605,25.850000381469727,106.5500030517578,0
2012-03-12,144.7670440673828,0.01613442022858136,0.02499199448927003,0.055564994031508386,134.27110900878907,139.87783020019532,41.46813440122669,25.46999931335449,26.93000030517578,107.06999969482422,0
2012-03-13,144.90728759765625,0.0009687531521895831,0.05246158570690951,0.04718750640939828,135.0312936401367,139.79999938964843,39.74979233201268,26.270000457763672,27.670000076293945,108.83999633789062,0
2012-03-14,148.65525817871094,0.025864610698263624,0.05671868147911763,0.11933821859210192,135.87048919677736,139.76882835388184,49.34529302308319,24.75,27.84000015258789,106.6999969482422,0
2012-03-15,144.96182250976562,-0.02484564430613767,0.06876525346142626,0.03109214138054428,136.59872634887697,139.7100373840332,47.70943695728125,24.71999931335449,28.920000076293945,106.72000122070312,0
2012-03-16,143.0138702392578,-0.013437691640339255,0.07553497283379862,0.031239461423956616,137.19683853149414,139.64923637390137,47.67769298225597,25.420000076293945,27.34000015258789,104.6999969482422,0
2012-03-19,141.48663330078125,-0.010678942790105173,0.0555135448268389,0.006150642620243341,137.71048568725587,139.56733932495118,53.84470384488793,23.1299991607666,26.32999992370605,106.16000366210938,0
2012-03-20,141.595703125,0.0007708842996276832,-0.006125540321109679,-0.00840359301874416,138.21072967529298,139.45376052856446,49.547860031792666,22.96999931335449,25.46999931335449,107.4000015258789,0
2012-03-21,145.56182861328125,0.028010210767342114,0.005490093073451829,0.006465215507359456,138.77907592773437,139.35266723632813,55.25075477654613,21.940000534057617,26.270000457763672,106.33999633789062,0
2012-03-22,140.2009735107422,-0.0368287150114156,-0.03247810489684566,-0.04062917326645321,139.25236053466796,139.21830879211427,52.927320832886686,21.0,24.75,106.70999908447266,0
2012-03-23,141.8996124267578,0.012115742661982898,-0.0454450507484343,-0.010755542015109198,139.6763996887207,139.0935205078125,51.466999644283874,24.770000457763672,24.71999931335449,105.43000030517578,0
2012-03-26,135.96994018554688,-0.04178779730121929,-0.06202931343259699,-0.07161085137669654,139.9642353820801,138.95607025146484,50.393445724556464,23.34000015258789,25.420000076293945,105.11000061035156,0
2012-03-27,136.8114471435547,0.0061889190865236365,-0.04336938148255598,-0.056477941383840435,140.26500534057618,138.82399635314943,54.71232000814606,26.739999771118164,23.1299991607666,107.05999755859376,0
2012-03-28,133.92063903808594,-0.02112987009365863,-0.05347497559441561,-0.08056472114520652,140.48286926269532,138.66916984558105,49.85359535404478,25.049999237060547,22.96999931335449,108.08999633789062,0
2012-03-29,133.35960388183594,-0.004189310626649956,-0.05816630774376874,-0.09319693433225817,140.682811126709,138.51301872253418,36.87992425374643,24.8700008392334,21.940000534057617,105.61000061035156,0
2012-03-30,138.72825622558594,0.04025696078481844,-0.046946183987907175,-0.09269745644387539,141.00898284912108,138.3892431640625,42.008634337037996,24.32999992370605,21.0,107.2699966430664,0
2012-04-02,138.7672119140625,0.000280805724345079,-0.010226473902264499,-0.0808733587381607,141.38549026489258,138.26648056030274,41.85275531054188,22.3799991607666,24.770000457763672,105.3499984741211,0
2012-04-03,141.53335571289062,0.01993369875112272,-0.002581097351877726,-0.07477615849859565,141.73145355224608,138.16697692871094,40.29715900326671,20.8799991607666,23.34000015258789,106.87000274658205,0
2012-04-04,138.73602294921875,-0.019764477070312925,0.020343340299313395,-0.10193704435464235,141.88043487548828,138.05060356140137,41.305717147179784,20.01000022888184,26.739999771118164,107.02999877929688,0
2012-04-09,135.1205596923828,-0.026060018011034525,-0.01235925418870576,-0.0946540668310657,141.9125372314453,137.9037247467041,39.46758033857115,20.6299991607666,25.049999237060547,107.33000183105467,0
2012-04-10,134.6141357421875,-0.0037479414779530984,0.005178415433817696,-0.0849091000182457,141.83695556640626,137.77332633972168,40.57288247980603,22.32999992370605,24.8700008392334,105.41000366210938,0
2012-04-11,134.75436401367188,0.001041705395285808,0.010458640332133617,-0.07186198342391104,141.78911285400392,137.64569381713866,40.62363805035314,21.920000076293945,24.32999992370605,102.77999877929688,0
2012-04-12,137.0373992919922,0.01694219920097484,-0.012188266324376307,-0.00912737860521362,141.76230895996093,137.5265934753418,37.751817417655495,22.290000915527344,22.3799991607666,103.0199966430664,0
2012-04-13,134.80113220214844,-0.01631866265265902,-0.028580812839060443,-0.05028538760015766,141.8022039794922,137.40203887939452,41.47595286246543,21.780000686645508,20.8799991607666,105.2300033569336,0
2012-04-16,136.14132690429688,0.009942013692723739,-0.038097230023513506,-0.03608054516123593,141.7132192993164,137.29263961791992,40.80607823293494,22.75,20.01000022888184,104.01000213623048,0
2012-04-17,137.98802185058594,0.013564543465829582,-0.005391542028753471,0.0022069606924053353,141.69934906005858,137.18865562438964,53.70524870778412,22.229999542236328,20.6299991607666,101.47000122070312,0
2012-04-18,137.33349609375,-0.004743351981265853,0.016377495818587384,-0.023762275932138865,141.63358459472656,137.07259422302246,50.965121573216145,20.309999465942383,22.32999992370605,102.45999908447266,0
2012-04-19,136.8036346435547,-0.0038582098706174683,0.016264999877579678,0.00861708774676373,141.5137432861328,136.92746871948242,55.83961368424176,20.030000686645508,21.920000076293945,101.0199966430664,0
2012-04-20,134.18557739257812,-0.019137336941361105,-0.004220914292883626,0.009141848228909621,141.30491912841796,136.75733108520507,51.54434701832127,19.350000381469727,22.290000915527344,102.6999969482422,0
2012-04-23,131.5128936767578,-0.019917816562364354,-0.04031385332600368,-0.018892192451205214,141.01240783691406,136.57079124450684,34.99666850691999,20.09000015258789,21.780000686645508,103.63999938964844,0
2012-04-24,132.1206817626953,0.0046215094881219,-0.01988448016470301,-0.0726316667718061,140.7859732055664,136.3842123413086,36.49886030366693,21.56999969482422,22.75,102.83000183105467,0
2012-04-25,130.65577697753906,-0.011087626597230171,-0.040293054662336125,-0.09747568709958299,140.46993041992187,136.1845432281494,26.67103440015552,19.25,22.229999542236328,102.93000030517578,1
2012-04-26,131.131103515625,0.0036380062870671193,-0.049692127207864756,-0.09506895277952931,140.19253662109375,135.9870947265625,31.885678231237122,18.940000534057617,20.309999465942383,104.1999969482422,1
2012-04-27,134.15438842773438,0.023055437124031686,-0.023148814793482186,-0.09754696825822229,139.9625180053711,135.80094451904296,47.631849213882695,18.739999771118164,20.030000686645508,102.66999816894533,0
2012-04-30,137.5049285888672,0.02497525575123216,0.005126281528555321,-0.05144039852559168,139.77130310058592,135.63345611572265,56.21852595617743,17.889999389648438,19.350000381469727,102.2699966430664,0
2012-05-02,137.4582061767578,-0.0003397871813676234,0.02438882663674935,-0.03884702968464204,139.46242980957032,135.482759475708,55.83986036986431,17.81999969482422,20.09000015258789,103.0500030517578,0
2012-05-03,133.64012145996094,-0.027776331606475302,0.016175051158341835,-0.055457619265981806,139.11568725585937,135.3017520904541,43.118722770857346,18.540000915527344,21.56999969482422,103.11000061035156,0
2012-05-04,129.86880493164062,-0.02821994238796177,-0.017044090304493942,-0.08281959081065426,138.653623046875,135.1249913787842,40.59433655366505,19.25,19.25,103.5500030517578,1
2012-05-07,132.19082641601562,0.017879747839346427,0.011748806474438878,-0.09185788832585218,138.2077670288086,134.96467163085939,42.73853451341731,21.1200008392334,18.940000534057617,104.12000274658205,0
2012-05-08,129.37008666992188,-0.021338392553932994,-0.013429436636238523,-0.07725257941943209,137.81022003173828,134.79597518920897,34.70688040776959,20.21999931335449,18.739999771118164,104.5500030517578,1
2012-05-09,128.09222412109375,-0.00987757356991259,-0.04518796871043962,-0.09730391837955732,137.42997131347656,134.61516242980957,33.955676216392646,22.15999984741211,17.889999389648438,104.93000030517578,1
2012-05-10,126.87667846679688,-0.009489613148942921,-0.07729359399071611,-0.06687700021299692,137.06374786376952,134.41654510498046,33.16602158751057,23.040000915527344,17.81999969482422,104.87000274658205,1
2012-05-11,126.7286376953125,-0.001166808378602946,-0.07805695112628008,-0.07369858048254119,136.83232635498047,134.22373275756837,36.19844943025656,22.71999931335449,18.540000915527344,105.22000122070312,1
2012-05-14,124.7806396484375,-0.01537141156333166,-0.06629357796698632,-0.06824937108498341,136.48916778564453,134.03134902954102,37.19625549855394,22.479999542236328,19.25,102.54000091552734,1
2012-05-15,127.29747772216795,0.020170100752981535,-0.019799421507159853,-0.04545698984708568,136.21037246704103,133.8404846572876,41.44798517584204,23.26000022888184,21.1200008392334,98.48999786376952,1
2012-05-16,123.798828125,-0.027484044929813156,-0.06348396873324103,-0.10761634656683927,135.9326658630371,133.64494510650636,38.65981644819586,22.280000686645508,20.21999931335449,97.94000244140624,1
2012-05-17,122.7157745361328,-0.008748496292498298,-0.051436250102908754,-0.11567168610312817,135.573455657959,133.4473797225952,36.35677941950624,23.709999084472656,22.15999984741211,97.01000213623048,1
2012-05-18,125.48189544677734,0.02254087480684963,-0.020378510032339592,-0.11341114739535096,135.37039642333986,133.24256767272948,35.821630501079554,23.59000015258789,23.040000915527344,96.80999755859376,1
2012-05-21,126.40135955810548,0.007327464317098409,-0.003746306369580621,-0.08890743102552467,135.23902389526367,133.03705432891846,30.27957460151076,23.549999237060547,22.71999931335449,97.08000183105467,1
2012-05-22,124.79623413085938,-0.012698640527740945,-0.01524835743203612,-0.07640825041746369,135.05404251098633,132.8510209274292,28.69134126055208,23.920000076293945,22.479999542236328,96.12999725341795,1
2012-05-23,123.62741088867188,-0.00936585346767671,-0.00924204879070012,-0.08161642752405562,134.67722274780274,132.6705587387085,31.50015026706943,24.38999938964844,23.26000022888184,94.77999877929688,1
2012-05-24,127.8818588256836,0.034413467906748485,0.0045906730751654745,-0.05100024209450471,134.33951904296876,132.5171738433838,46.39323742924149,27.1299991607666,22.280000686645508,93.9800033569336,1
2012-05-25,126.9468002319336,-0.007311893980400996,0.025428125246509392,-0.0736339065991618,133.9803092956543,132.3440752029419,39.976159024614205,25.489999771118164,23.709999084472656,92.80999755859376,1
2012-05-28,130.03244018554688,0.024306559503475267,0.059622861666082994,-0.03537575641019397,133.60785293579102,132.17970371246338,51.25338119558614,25.13999938964844,23.59000015258789,92.55999755859376,1
2012-05-29,130.70254516601562,0.00515336772510433,0.04160480442736536,-0.03994952790569273,133.32266738891602,132.03711078643798,55.055839735761666,23.68000030517578,23.549999237060547,91.4800033569336,1
2012-05-30,127.35978698730467,-0.025575310522569006,0.00758241392774428,-0.07702288010759051,133.00958572387697,131.89319301605224,50.864480686320256,24.030000686645508,23.920000076293945,92.56999969482422,1
2012-05-31,124.5763931274414,-0.02185457376856892,-0.0017615996584275928,-0.09289141636356524,132.67138092041014,131.7422152709961,46.48067006483026,25.299999237060547,24.38999938964844,91.66000366210938,1
2012-06-01,124.32987213134766,-0.0019788740860522402,0.005682083266374871,-0.09118005193873491,132.3260643005371,131.61077060699463,49.21947720310133,25.25,27.1299991607666,89.9000015258789,1
2012-06-04,125.4670867919922,0.009146753239182459,-0.018882834953024674,-0.0649733806717453,131.92416946411132,131.49716739654542,46.6715778696201,26.770000457763672,25.489999771118164,90.66000366210938,1
2012-06-05,125.9760513305664,0.0040565581905795955,-0.007646895389199382,-0.04210113694099282,131.63967102050782,131.3944854736328,54.44209952178313,25.600000381469727,25.13999938964844,90.86000061035156,1
2012-06-06,128.5764923095703,0.020642343933929386,-0.011196804996499554,-0.026825394827214022,131.37320861816406,131.2864556121826,61.26018314713336,26.26000022888184,23.68000030517578,90.86000061035156,1
2012-06-07,132.0199432373047,0.02678134133138177,0.010079360502243784,0.010440918046816572,131.29420867919922,131.21212287902833,62.24288939361512,24.899999618530277,24.030000686645508,90.76000213623048,1
2012-06-08,131.87680053710938,-0.0010842505812778125,0.03546656018084393,0.005686652529355962,131.19551574707032,131.13910041809083,60.5601207515009,23.63999938964844,25.299999237060547,87.81999969482422,1
2012-06-11,131.49505615234375,-0.002894704627431466,0.055537512775992504,-0.01982292421856291,131.14700408935548,131.06755867004395,63.559431967488045,23.46999931335449,25.25,86.52999877929688,1
2012-06-12,133.451416015625,0.014877820661293173,0.07336566609383244,-0.02947903478690561,131.14884033203126,131.02590217590333,69.27088477865118,25.020000457763672,26.770000457763672,83.2300033569336,1
2012-06-13,135.08963012695312,0.012275734197802146,0.07669376552046536,-0.017231245159411768,131.0760678100586,131.02827964782716,65.7560629363935,24.200000762939453,25.600000381469727,83.9800033569336,1
2012-06-14,130.2386016845703,-0.03590970260133186,0.03383619591964182,-0.025452833611871117,130.90549560546876,131.0310636138916,56.14394730134409,24.36000061035156,26.26000022888184,84.29000091552734,1
2012-06-15,134.5091094970703,0.03278987763430452,0.04614076088820496,0.0357307096794508,130.76501068115235,131.04051231384278,58.00152621456242,25.709999084472656,24.899999618530277,85.0199966430664,1
2012-06-18,129.87277221679688,-0.03446857463861519,-0.01626398987801636,-0.01753566614315305,130.5877456665039,131.02588333129881,48.70104742681747,25.540000915527344,23.63999938964844,84.81999969482422,1
2012-06-19,131.50306701660156,0.012553014553991604,-0.0028339595666990736,0.01648743076227377,130.5153958129883,131.02715866088866,56.853468228371895,22.600000381469727,23.46999931335449,84.0999984741211,1
2012-06-20,132.48916625976562,0.007498678666099545,0.00756005690639916,0.034326378270356006,130.47289642333985,131.03987083435058,63.916081363904595,21.43000030517578,25.020000457763672,82.69999694824219,1
2012-06-21,135.13734436035156,0.019987884106642984,0.012633274303579967,0.06510783536721032,130.48055603027345,131.07642097473143,67.52640113391809,21.030000686645508,24.200000762939453,83.31999969482422,1
2012-06-22,135.46340942382812,0.0024128420239419857,0.0027668985141475755,0.06892500296196835,130.44907623291016,131.08514793395997,66.64897875162964,19.940000534057617,24.36000061035156,82.62000274658203,1
2012-06-25,134.699951171875,-0.005635900168173613,0.03425520106634594,0.0794939948327289,130.44705261230467,131.0782137298584,64.40760869976089,20.57999992370605,25.709999084472656,83.91000366210938,1
2012-06-26,134.254638671875,-0.0033059588821363617,-0.0018918482632647171,0.054652779255307316,130.40931884765624,131.05822204589845,60.0962078480209,21.56999969482422,25.540000915527344,84.02999877929688,1
2012-06-27,135.5906524658203,0.009951341772336031,0.04402678214551825,0.09524988660566369,130.36137145996094,131.04798828125,56.863381144223396,20.229999542236328,22.600000381469727,83.2699966430664,1
2012-06-28,136.29843139648438,0.005219968469747371,0.03646579877317557,0.11068387020082948,130.34067016601563,131.03657936096192,58.318406040730835,20.3700008392334,21.43000030517578,84.02999877929688,1
2012-06-29,143.06602478027344,0.049652760596360146,0.07983187470415687,0.1401327998026165,130.46591796875,131.05269691467285,67.55132091734447,20.6200008392334,21.030000686645508,81.80000305175781,1
2012-07-02,142.25486755371094,-0.00566981033972469,0.052668810587102266,0.12542197371158625,130.62730377197266,131.0479278564453,63.834057395190065,19.07999992370605,19.940000534057617,78.19999694824219,1
2012-07-03,143.40003967285156,0.008050143652963193,0.0585887383373902,0.14907345298965136,130.86504669189452,131.06614402770995,63.264820998433926,19.01000022888184,20.57999992370605,79.76000213623047,1
2012-07-04,143.59088134765625,0.001330834184147145,0.06600544468228176,0.1614809395058976,131.09445068359375,131.11215774536132,75.0372674184051,18.559999465942383,21.56999969482422,79.20999908447266,1
2012-07-05,146.4617919921875,0.019993683565325604,0.09092537465425976,0.14528982716641847,131.4105709838867,131.18027900695802,73.65442652138175,18.270000457763672,20.229999542236328,79.36000061035156,1
2012-07-06,148.72824096679688,0.01547467734609076,0.09689155013313533,0.1715792812033725,131.76251373291015,131.25065467834472,91.17755260358769,18.350000381469727,20.3700008392334,80.20999908447266,1
2012-07-09,147.91705322265625,-0.005454160816180997,0.0852439878223834,0.1375396248166174,132.0377670288086,131.30750732421876,87.17572109785338,18.040000915527344,20.6200008392334,77.69000244140625,1
2012-07-10,149.96881103515625,0.013871002482800598,0.04824895544196739,0.14740543762685743,132.28704467773437,131.36861907958985,87.76626538118165,18.71999931335449,19.07999992370605,84.95999908447266,1
2012-07-11,148.95884704589844,-0.006734493540934028,0.04712653849722437,0.1695908934014374,132.5170574951172,131.4436932373047,82.13755548995788,17.829999923706055,19.01000022888184,83.75,1
2012-07-12,147.57510375976562,-0.009289433380928691,0.029114804266713756,0.1846153196039042,132.79575714111328,131.4940441131592,76.84169946840888,18.38999938964844,18.559999465942383,87.66000366210938,1
2012-07-13,147.28880310058594,-0.0019400335956785142,0.02575317957674783,0.18466142187441026,133.1441571044922,131.52827560424805,78.50196468065907,18.709999084472656,18.270000457763672,87.66000366210938,0
2012-07-16,146.3424530029297,-0.006425132649153009,-0.0008148131170222506,0.16638121394773497,133.42718963623048,131.58804718017578,76.76045252323252,18.26000022888184,18.350000381469727,87.22000122070312,0
2012-07-17,146.78782653808594,0.003043365243763807,-0.013046711344781747,0.1652042192758414,133.77554443359375,131.66453872680665,75.80638581604978,18.770000457763672,18.040000915527344,84.44999694824219,0
2012-07-18,149.38034057617188,0.017661641971470132,0.009892621044261585,0.1618013362544739,134.2013067626953,131.74285034179687,77.74022289609614,17.780000686645508,18.71999931335449,85.98999786376953,0
2012-07-19,151.23330688476562,0.012404351880888065,0.008431725509332466,0.1455337972152062,134.6884393310547,131.80860908508302,71.87896753539256,17.440000534057617,17.829999923706055,83.91000366210938,0
2012-07-20,148.73617553710938,-0.016511781690781713,-0.001494852526083612,0.12784185642459422,135.12859008789061,131.87536239624023,65.92407143730117,16.3799991607666,18.38999938964844,85.80999755859375,0
2012-07-23,145.2132110595703,-0.023685996125805242,-0.01600468263292021,0.10432449179939796,135.53724151611328,131.9073976135254,53.98876962697008,16.889999389648438,18.709999084472656,86.08000183105469,0
2012-07-24,145.74603271484375,0.003669236782146923,-0.010474458025764521,0.0921280348031619,135.9062126159668,131.95401847839355,54.67080791352061,18.65999984741211,18.26000022888184,87.0999984741211,0
2012-07-25,146.00050354003906,0.001745988007050503,-0.002336638862297735,0.08076766072149444,136.35024612426758,132.03019668579103,48.87237564650687,16.969999313354492,18.770000457763672,88.43000030517578,1
2012-07-26,144.2191619873047,-0.012200927459444455,-0.017499166050495174,0.10734574943145048,136.78031387329102,132.127194480896,38.70973904259326,16.75,17.780000686645508,89.22000122070312,1
2012-07-27,147.63876342773438,0.023711144852794908,-0.011658677050273791,0.09761163373808546,137.22345123291015,132.2581988143921,49.3836956095662,16.3700008392334,17.440000534057617,89.87000274658203,1
2012-07-30,153.40432739257812,0.03905183050158678,0.01435543897394731,0.18118928836369164,137.7635105895996,132.38281131744384,56.53360912911909,16.440000534057617,16.3799991607666,92.66000366210938,0
2012-07-31,152.91127014160156,-0.003214102622507986,0.028070471688647958,0.16279622681573902,138.32581130981444,132.49077716827392,57.66740195294878,16.600000381469727,16.889999389648438,91.44000244140624,0
2012-08-01,152.62498474121094,-0.001872232178344424,0.05104062934466835,0.15198086794482424,138.90576278686524,132.60522052764892,60.23206561898078,16.010000228881836,18.65999984741211,88.13999938964844,1
2012-08-02,152.51364135742188,-0.0007295226530430465,0.04643425633285769,0.12858249567740065,139.3983984375,132.69791286468507,60.66215828252111,16.450000762939453,16.969999313354492,88.5,1
2012-08-03,149.49961853027344,-0.019762316343132524,0.023966458370979327,0.10361623973695977,139.84945480346678,132.75983432769775,55.94134348998654,16.770000457763672,16.75,88.97000122070312,1
2012-08-06,151.73431396484375,0.014947833690410306,0.05210924730099742,0.12646153650963976,140.28349227905272,132.82470867156982,58.72126276754474,16.1200008392334,16.3700008392334,89.38999938964844,1
2012-08-07,154.96298217773438,0.021278431546068788,0.04960904968284319,0.15424676354365374,140.7687010192871,132.89914218902587,59.62692583774863,16.219999313354492,16.440000534057617,90.12999725341795,1
2012-08-08,152.4102325439453,-0.016473286703150736,-0.0064802268979597955,0.12404675228157691,141.26970993041994,132.9782269668579,51.98170880537369,16.209999084472656,16.600000381469727,89.77999877929688,1
2012-08-09,151.51956176757812,-0.0058439040574941314,-0.009101411378864777,0.11167502233988547,141.80857330322266,133.03131359100342,54.9547151443509,16.3700008392334,16.010000228881836,88.05999755859375,1
2012-08-10,151.8535919189453,0.00220453483015981,-0.005054171330949431,0.061423158658166166,142.35904769897462,133.10640727996827,63.33446092111665,16.329999923706055,16.450000762939453,88.91000366210938,1
2012-08-13,150.9310760498047,-0.006075034890403064,-0.010376549228854781,0.060990591361085755,142.86832748413087,133.18273258209229,60.2515716439767,16.06999969482422,16.770000457763672,87.12999725341797,1
2012-08-14,154.24729919433594,0.021971771694233144,0.0317571423307752,0.0756433509100205,143.43375244140626,133.27727519989014,64.54421860972789,16.010000228881836,16.1200008392334,91.4000015258789,1
2012-08-16,152.1160125732422,-0.013817335099064132,0.0025155721103855555,0.05937097917064271,143.90454284667967,133.3534084701538,63.75723711142893,15.640000343322754,16.219999313354492,92.1999969482422,1
2012-08-17,153.03053283691406,0.006011992085524387,-0.012470393339513164,0.04484951846743046,144.32475463867186,133.39129741668702,60.29135165897095,15.6899995803833,16.209999084472656,93.66999816894533,1
2012-08-21,155.10618591308594,0.013563653198436665,0.017688795064093155,0.0428832137382229,144.7893423461914,133.4412788772583,53.780946278988566,15.729999542236328,16.3700008392334,93.3499984741211,1
2012-08-22,154.89141845703125,-0.0013846479093685415,0.02225360639984797,0.04715051498407452,145.25726959228516,133.51835453033448,54.454289395804345,16.299999237060547,16.329999923706055,93.36000061035156,1
2012-08-23,154.89141845703125,0.0,0.020004969916730175,0.0328242078329275,145.68606964111328,133.60322200775147,55.164802303303,16.0,16.06999969482422,92.87000274658205,1
2012-08-24,151.78997802734375,-0.020023319952666596,0.005690690081979088,0.019006128454881033,146.0200765991211,133.6779976272583,48.54868186063478,16.1200008392334,16.010000228881836,92.7300033569336,1
2012-08-27,148.7521209716797,-0.020013554881184725,-0.035625766229675615,0.007975716648182862,146.39034698486327,133.73271396636963,48.50231372779213,16.15999984741211,15.640000343322754,93.43000030517578,1
2012-08-28,146.7003631591797,-0.013793133160707183,-0.035602099492681116,-0.003995143751724273,146.63417205810546,133.7795093154907,39.83949165582054,16.469999313354492,15.6899995803833,95.5999984741211,1
2012-08-29,145.75401306152344,-0.006450904941723956,-0.04754946376057689,-0.004020979075664899,146.951796875,133.83649440765382,29.52636317561722,16.350000381469727,15.729999542236328,96.01000213623048,1
2012-08-30,146.31861877441406,0.0038736889711044054,-0.05665516876029697,-0.0031965032437490937,147.24810791015625,133.92836658477782,35.143621827362054,16.739999771118164,16.299999237060547,96.68000030517578,1
2012-08-31,143.48751831054688,-0.019348873626479635,-0.07362512565309065,-0.039448445778714314,147.46807495117187,134.0060832595825,32.10497115108727,16.670000076293945,16.0,97.26000213623048,1
2012-09-03,143.59088134765625,0.0007203625676044378,-0.07295779987004192,-0.05053401062593066,147.63714569091798,134.10858875274658,31.399877305586728,17.299999237060547,16.1200008392334,96.2699966430664,1
2012-09-04,145.1575469970703,0.010910620749105426,-0.04369478878953825,-0.024060243092281164,147.8310284423828,134.2197067642212,37.36954756907169,17.280000686645508,16.15999984741211,96.1500015258789,1
2012-09-05,139.90887451171875,-0.03615845399659101,-0.059449548700180044,-0.036527919940256504,147.9352069091797,134.3128798675537,21.077938010808197,16.59000015258789,16.469999313354492,95.47000122070312,1
2012-09-06,142.5809326171875,0.019098560508003626,-0.028080574943923797,-0.02171654376245602,148.10173278808594,134.42572483062744,31.17740364312398,17.010000228881836,16.350000381469727,96.33000183105467,1
2012-09-07,149.1656036376953,0.046181988710838784,0.0234064949877697,0.02167869302442682,148.37323181152342,134.6014921951294,43.766034570682066,16.979999542236328,16.739999771118164,95.48999786376952,1
2012-09-10,148.60098266601562,-0.0037851955002380366,0.015598588277547787,0.03038306850719774,148.61928283691407,134.7636445236206,38.969718828411175,15.260000228881836,16.670000076293945,94.62000274658205,1
2012-09-11,150.43006896972656,0.012308709342937929,0.04838435245743167,0.018906318890691942,148.76656372070312,134.94955226898193,42.82793108235863,15.270000457763672,17.299999237060547,96.47000122070312,1
2012-09-12,150.9549560546875,0.003489243131747699,0.05128511391473145,-0.015966768210015525,148.94056549072266,135.13543521881104,43.776764399946735,15.380000114440918,17.280000686645508,96.47000122070312,1
2012-09-13,152.6011199951172,0.010905000958254751,0.05127926967653362,-0.002028301420798906,149.12458709716796,135.3388214111328,51.34420280143607,15.039999961853027,16.59000015258789,95.3000030517578,1
2012-09-14,160.322998046875,0.0506017128314975,0.14591014048537976,0.050437438658662126,149.45922943115235,135.55615535736084,66.59817056754432,15.670000076293944,17.010000228881836,95.36000061035156,1
2012-09-17,168.69703674316406,0.05223229853673694,0.18316687685088384,0.10611113367764746,149.90393432617188,135.82774883270264,76.70914960506208,15.380000114440918,16.979999542236328,95.52999877929688,1
2012-09-18,166.85203552246094,-0.010936773142684708,0.11856910342228599,0.11606997504594752,150.26641021728517,136.1068699645996,75.07084197326174,17.780000686645508,15.260000228881836,96.41999816894533,1
2012-09-20,162.63720703125,-0.025260875469772515,0.09445579775728086,0.07185515775246731,150.56081329345704,136.32619087219237,67.84347932288362,17.829999923706055,15.270000457763672,96.54000091552734,1
2012-09-21,169.46844482421875,0.04200292121135707,0.1265596431942313,0.09360598539493359,150.95080596923827,136.5597593307495,76.1234703521412,18.6200008392334,15.380000114440918,97.16999816894533,1
2012-09-24,170.33526611328125,0.0051149421354612645,0.12838472194031647,0.1176104338281061,151.37833435058593,136.80401264190675,76.48450235331165,18.93000030517578,15.039999961853027,97.01000213623048,1
2012-09-25,169.69110107421875,-0.003781747924320622,0.11199119036379557,0.11992866858019746,151.820654296875,137.054161567688,74.74730621576686,18.82999992370605,15.670000076293944,98.30999755859376,0
2012-09-26,169.46844482421875,-0.0013121268504387995,0.05704388571045693,0.11599892161046599,152.26424713134764,137.3215472793579,83.18159769135272,17.110000610351562,15.380000114440918,99.0,0
2012-09-27,167.85406494140625,-0.00952613853562545,-0.0049969567814116544,0.11212395309510192,152.6944793701172,137.59110752105713,79.05997481925021,16.969999313354492,17.780000686645508,96.62000274658205,0
2012-09-28,168.40277099609375,0.0032689470754196925,0.009294075848562677,0.09177127817274355,153.12677825927733,137.88215103149415,75.68485015420359,16.90999984741211,17.829999923706055,95.29000091552734,0
2012-10-01,167.1065216064453,-0.007697316273248878,0.027480271315385663,0.09854655522202416,153.4813018798828,138.1672197341919,74.23453473004044,16.15999984741211,18.6200008392334,91.87000274658205,0
2012-10-03,167.4802703857422,0.002236590024757401,-0.011731826774824095,0.0944238857498283,153.80624114990235,138.4557546234131,73.21349479847466,16.34000015258789,18.93000030517578,92.88999938964844,0
2012-10-04,172.31544494628906,0.02887011436875797,0.011625184133571498,0.1109514680661825,154.27782653808595,138.7729846572876,76.02712703396048,16.5,18.82999992370605,91.93000030517578,0
2012-10-05,169.6593017578125,-0.015414423177820713,-0.00018739530950617755,0.09534345703521363,154.76674835205077,139.0945439147949,70.28561080297577,16.440000534057617,17.110000610351562,91.37000274658205,0
2012-10-08,167.35304260253906,-0.013593473103912679,-0.012482572928983249,0.0804539352124587,155.19888854980468,139.4192207336426,59.596175035252415,16.780000686645508,16.969999313354492,89.9800033569336,0
2012-10-09,169.2537078857422,0.011357219765147475,0.008338451289961357,0.11505192955000298,155.66395263671876,139.7563617706299,50.92298459853889,17.170000076293945,16.90999984741211,91.8499984741211,0
2012-10-10,167.67117309570312,-0.009350074570344868,-0.004344334098918101,0.12718509154989022,156.13299285888672,140.04744850158693,51.370089913506426,16.799999237060547,16.15999984741211,92.19000244140624,0
2012-10-11,168.267578125,0.003556992047502705,0.006948002432179745,0.14701541633144055,156.54556915283203,140.32141387939453,60.71425252966373,16.829999923706055,16.34000015258789,92.4800033569336,1
2012-10-12,166.1681365966797,-0.012476803622624821,-0.007834557384224339,0.14005874079459724,156.80084533691405,140.58986907958985,42.34030874056655,16.489999771118164,16.5,88.13999938964844,1
2012-10-15,167.54391479492188,0.00827943447173296,-0.027690670170944176,0.14506216774251945,157.09349822998047,140.8590863418579,43.6710673807448,16.489999771118164,16.440000534057617,91.70999908447266,1
2012-10-16,165.92953491210938,-0.009635562621229998,-0.02198386299518873,0.15640396367432974,157.35958923339842,141.12295883178712,41.83068178504299,15.899999618530272,16.780000686645508,89.87999725341797,1
2012-10-17,166.9315643310547,0.00603888523809859,-0.0025184978111535417,0.16254989707101908,157.6479476928711,141.41424354553223,44.67084348100913,15.56999969482422,17.170000076293945,89.33000183105469,1
2012-10-18,169.38095092773438,0.014672998521850111,0.0007517888002670503,0.16687664149596682,158.0455743408203,141.72665802001953,53.098778400152604,15.170000076293944,16.799999237060547,92.38999938964844,1
2012-10-19,168.1641845703125,-0.007183608019422416,0.0029403472612907766,0.20195509510890308,158.3741717529297,142.03400154113768,49.52857778587132,14.760000228881836,16.829999923706055,91.25,1
2012-10-22,171.07484436035156,0.01730844054265357,0.016683346052952297,0.1998437744804682,158.69640899658202,142.3466259384155,57.37075640464622,14.539999961853027,16.489999771118164,92.06999969482422,1
2012-10-23,171.6871795654297,0.003579341003451697,0.03321360569954357,0.1509837078957994,159.0819479370117,142.63952053070068,57.74526020550346,13.039999961853027,16.489999771118164,91.86000061035156,1
2012-10-25,172.911865234375,0.007133238906045225,0.03203906537592638,0.16359839707788937,159.50979400634765,142.9250584793091,51.26642116060904,13.710000038146973,15.899999618530272,91.8499984741211,1
2012-10-29,169.9376220703125,-0.01720092001801632,0.024155357033491143,0.12967854920356214,159.871474609375,143.19182907104494,50.583100071992405,13.520000457763672,15.56999969482422,92.08999633789062,1
2012-10-30,166.2317657470703,-0.02180715652069598,-0.004192128593466959,0.10120111383986874,160.17748840332033,143.4372653198242,47.78098271628201,15.119999885559082,15.170000076293944,92.12000274658205,1
2012-10-31,167.03494262695312,0.004831669063209532,-0.013850484885884029,0.09458529945453731,160.43324127197266,143.68975631713866,45.40964344544601,15.170000076293944,14.760000228881836,92.0999984741211,1
2012-11-01,168.17214965820312,0.006808198412650457,4.736494819623793e-05,0.048958363472177524,160.75436401367188,143.92712879180908,51.055916761649435,14.399999618530272,14.539999961853027,90.05000305175781,1
2012-11-02,171.71896362304688,0.021090376569796954,0.0037651313675233222,0.017913337058099055,161.12813262939454,144.17783283233643,56.46986944130121,14.079999923706056,13.039999961853027,88.7300033569336,1
2012-11-05,171.40087890625,-0.0018523563739595295,-0.0016675715676870428,0.027262738327077374,161.4540264892578,144.42597248077394,60.51114368261056,13.65999984741211,13.710000038146973,86.66999816894531,1
2012-11-06,171.885986328125,0.0028302504921244864,-0.005932958417049439,0.056867548734391926,161.79391784667968,144.6702651977539,59.04570630779091,14.630000114440918,13.520000457763672,86.05000305175781,1
2012-11-07,173.83438110351562,0.011335390493505404,0.022930525834890192,0.02576253227452141,162.17277709960936,144.92262454986573,66.24189084287579,15.210000038146973,15.119999885559082,86.05000305175781,1
2012-11-08,171.13845825195312,-0.015508571057397003,0.029517177314644982,0.004715360224568643,162.55974670410157,145.16621849060058,58.0812785457726,14.510000228881836,15.170000076293944,86.05000305175781,1
2012-11-09,168.46644592285156,-0.015613161158480104,0.008570082842459303,-0.007216967440334732,162.954033203125,145.4088415145874,48.25816974278701,14.220000267028809,14.399999618530272,86.23999786376953,1
2012-11-12,168.33917236328125,-0.000755483140117974,0.0009931650717291962,-0.006663614940874862,163.38680938720702,145.62936141967774,50.34772547274048,14.369999885559082,14.079999923706056,87.08999633789062,1
2012-11-15,167.74273681640625,-0.0035430585674252058,-0.02315543212436999,-0.0006632435445567131,163.8265838623047,145.81164031982422,42.70795418800177,14.859999656677246,13.65999984741211,84.86000061035156,1
2012-11-16,163.3927001953125,-0.025932786740297753,-0.046721923259901654,-0.02975052471611328,164.16806549072265,145.96102661132812,34.40022361362138,15.529999732971191,14.630000114440918,85.6500015258789,1
2012-11-19,162.41453552246094,-0.0059865873547735315,-0.05510310065407753,-0.028077815508807835,164.54660583496093,146.08113319396972,30.072445086855893,16.219999313354492,15.210000038146973,88.70999908447266,1
2012-11-20,162.8837432861328,0.0028889517934000963,-0.06299466048009161,-0.027445185567366304,164.93246307373047,146.20981941223144,35.20187712272683,16.68000030517578,14.510000228881836,84.44000244140625,1
2012-11-21,166.12037658691406,0.019870818508238353,-0.0293217650567551,-0.03595190414478522,165.35171966552736,146.34853332519532,49.7616270488645,15.8100004196167,14.220000267028809,85.08999633789062,1
2012-11-22,164.2356719970703,-0.011345414864609826,-0.025113451539891307,-0.031967771319042604,165.83825561523437,146.50567977905274,44.274583310706674,15.460000038146973,14.369999885559082,86.06999969482422,1
2012-11-23,163.0428009033203,-0.00726316688235229,-0.031462501482015126,-0.025755382944877225,166.24749298095702,146.61794097900392,39.532651903389144,14.90999984741211,14.859999656677246,85.56999969482422,1
2012-11-26,161.9612274169922,-0.006633678275494437,-0.03446652599773603,-0.04308608986972928,166.50340545654296,146.73433944702148,27.859981345802694,14.68000030517578,15.529999732971191,85.44999694824219,1
2012-11-27,164.47425842285156,0.015516250685043476,0.006619379116975299,-0.01906657306576387,166.82087097167968,146.85360214233398,35.707327394307526,14.670000076293944,16.219999313354492,86.66999816894531,1
2012-11-29,172.05299377441406,0.04607855006756201,0.0593448007652011,0.022496405377642192,167.25332946777343,146.99988861083983,50.26657216689439,13.960000038146973,16.68000030517578,89.27999877929688,1
2012-11-30,174.9318389892578,0.0167323168966087,0.07396745347361322,0.05273996911844314,167.73286712646484,147.15141387939454,51.70119774274289,15.369999885559082,15.8100004196167,86.75,1
2012-12-03,175.3214874267578,0.0022274300650548806,0.05538821322759113,0.04642109885850454,168.18727447509767,147.29732902526857,56.983547055685676,15.149999618530272,15.460000038146973,87.37999725341797,1
2012-12-04,178.03334045410156,0.01546788740585292,0.08401139831106463,0.07294545572253552,168.54148132324218,147.47028366088867,65.95066552692637,15.619999885559082,14.90999984741211,87.37999725341797,1
2012-12-05,178.10488891601562,0.0004018823762537149,0.09238119027179059,0.06693356424074648,168.72963836669922,147.62851852416992,66.31246852232852,15.90999984741211,14.68000030517578,88.27999877929688,1
2012-12-06,180.6337738037109,0.014198851604167784,0.11529022522559429,0.06643499646413908,169.00527313232422,147.80668342590332,70.22711198729331,16.6200008392334,14.670000076293944,87.73999786376953,1
2012-12-07,179.99758911132812,-0.0035219587067594205,0.09438152108013886,0.07036816175365734,169.35248077392578,147.97839477539063,79.49161012530345,15.239999771118164,13.960000038146973,87.18000030517578,1
2012-12-10,178.3673095703125,-0.009057229872158512,0.03669983100774998,0.04262733797728968,169.53045806884765,148.13490295410156,77.69194135293822,14.960000038146973,15.369999885559082,88.06999969482422,1
2012-12-11,178.5581817626953,0.001070107481256688,0.020730032876749238,0.04002047336706993,169.69491638183592,148.26318450927735,77.47427329204513,14.510000228881836,15.149999618530272,88.91000366210938,1
2012-12-12,177.0551300048828,-0.008417714287716427,0.009888363392132726,0.023961714627806385,169.84219696044923,148.39357391357422,70.40668714682272,14.670000076293944,15.619999885559082,89.08999633789062,1
2012-12-13,178.33546447753906,0.007231275776200086,0.0016970081146985283,0.04941720558942464,170.01953735351563,148.52039115905762,76.92062522796961,14.510000228881836,15.90999984741211,88.5,1
2012-12-14,180.68946838378903,0.013199864161323127,0.014511558236855349,0.08697316407452971,170.27624542236327,148.65142036437987,82.26217881265438,14.710000038146973,16.6200008392334,87.87999725341797,1
2012-12-17,181.96978759765625,0.007085743432194924,0.007396256889351971,0.08941150118546037,170.54758575439453,148.81503211975098,86.31635037685032,14.229999542236328,15.239999771118164,86.26000213623047,1
2012-12-18,182.7411956787109,0.004239209658035481,0.015242462862576911,0.08663174045237709,170.86027923583984,148.99321479797362,85.39285249701405,14.920000076293944,14.960000038146973,85.93000030517578,1
2012-12-19,181.118896484375,-0.008877577868036779,0.015426520255819698,0.05474021426056708,171.1330517578125,149.17287002563478,72.836564147229,14.4399995803833,14.510000228881836,85.55999755859375,1
2012-12-20,181.2620391845703,0.000790324493875616,0.015142724882069247,0.05753272877739457,171.31198364257813,149.3876816558838,68.4943989329264,14.470000267028809,14.670000076293944,85.79000091552734,1
2012-12-21,178.7570037841797,-0.013819967002797973,0.009612112223181146,0.03997427366148476,171.49393768310546,149.5717738342285,58.93306332456762,14.31999969482422,14.510000228881836,86.7699966430664,1
2012-12-24,178.37525939941406,-0.002135549246655044,0.0002231464279502937,0.02612186534719174,171.71438201904297,149.75746391296386,51.01164785553048,14.630000114440918,14.710000038146973,85.88999938964844,1
2012-12-26,182.69346618652344,0.024208552249054494,0.011090838999414432,0.06751847628286334,171.9831771850586,149.9825104522705,60.84987180773114,14.489999771118164,14.229999542236328,86.7300033569336,1
2012-12-27,180.75308227539065,-0.01062098142662482,-0.006686304019630884,0.07293224644963248,172.24481536865235,150.18289443969726,50.290185646072366,14.100000381469728,14.920000076293944,87.19999694824219,1
2012-12-28,181.56423950195312,0.004487653634180466,-0.006440562963301755,0.07856203017400953,172.5107485961914,150.41254135131837,53.77829526285268,13.739999771118164,14.4399995803833,87.93000030517578,0
2012-12-31,181.03936767578125,-0.002890832619967698,-0.0004390972457178899,0.07926799759996817,172.80817321777343,150.6528882598877,56.80715622920338,13.630000114440918,14.470000267028809,89.51000213623047,0
2013-01-01,184.252197265625,0.01774657982454686,0.01649632815842894,0.12766480415207027,173.1423388671875,150.9039227294922,62.5702430285837,14.949999809265137,14.31999969482422,90.12999725341795,0
2013-01-02,186.72540283203125,0.013422936622247139,0.044576709606702236,0.1496840614133843,173.55825622558595,151.1252077484131,70.47143500414445,13.6899995803833,14.630000114440918,88.66000366210938,0
2013-01-03,186.4152984619141,-0.0016607508427555207,0.04507373438205886,0.1444684085780379,173.94793090820312,151.33344902038573,67.83729231034589,13.710000038146973,14.489999771118164,88.61000061035156,0
2013-01-04,188.0614471435547,0.008830544999379075,0.029382446286014163,0.13207934515583686,174.32154083251953,151.54921981811523,66.7996600635922,13.470000267028809,14.100000381469728,90.9800033569336,0
2013-01-07,188.0216827392578,-0.00021144367918490836,0.04021287146181507,0.14482852874137975,174.71869079589842,151.74605194091797,64.61789085333729,13.369999885559082,13.739999771118164,90.87000274658205,0
2013-01-08,187.6081695556641,-0.0021992845589365873,0.0332881082215859,0.15066822034608163,175.04935729980468,151.95928367614746,61.96263014191869,13.920000076293944,13.630000114440918,90.8000030517578,0
2013-01-09,187.7512969970703,0.0007629062302840772,0.037074418715984825,0.15923607144367913,175.3706396484375,152.18297080993653,67.58023039569801,13.270000457763672,14.949999809265137,91.81999969482422,0
2013-01-10,187.6002197265625,-0.0008046669872547874,0.01817086857374539,0.1406053538436134,175.66440673828126,152.41353874206544,66.79328978339053,13.31999969482422,13.6899995803833,91.81999969482422,0
2013-01-11,185.0633544921875,-0.01352271995242127,-0.008901029611588784,0.07561833381889227,175.96692138671875,152.63087699890136,66.68081984005852,13.270000457763672,13.710000038146973,93.12000274658205,0
2013-01-14,188.4988250732422,0.018563753966751584,0.011176800555099176,0.07755584210612176,176.41226257324217,152.84556198120117,73.05344986226143,13.229999542236328,13.470000267028809,92.91999816894533,0
2013-01-15,191.5526123046875,0.016200563744939833,0.018563959887365256,0.09257921043312156,176.90261596679687,153.1023201751709,71.40685986412434,13.699999809265137,13.369999885559082,93.08999633789062,0
2013-01-16,187.65586853027344,-0.020342942482119875,-0.0019455958677472296,0.05404902279330459,177.29229034423827,153.33110145568847,65.23883600585599,13.579999923706056,13.920000076293944,93.19000244140624,0
2013-01-17,184.89633178710935,-0.014705304794232488,-0.01445479573185715,0.03813170380907516,177.55583770751954,153.5757334136963,56.77335867671797,13.989999771118164,13.270000457763672,93.1500015258789,0
2013-01-18,187.0753326416016,0.01178498693527974,-0.0036003179007561004,0.035660877267008395,177.86932678222655,153.82705284118651,61.49656154945639,14.010000228881836,13.31999969482422,93.0999984741211,0
2013-01-21,187.29006958007807,0.001147863459304288,-0.0016532504436108653,0.04051432302373548,178.17740844726563,154.09389999389649,56.5321927615337,13.890000343322754,13.270000457763672,93.81999969482422,0
2013-01-22,186.1130828857422,-0.006284298451993742,0.005672265027482748,0.043425969333109826,178.42298248291016,154.357667388916,48.605629740820646,13.65999984741211,13.229999542236328,93.55999755859376,0
2013-01-23,187.83876037597656,0.009272198727124481,-0.0035016913076734157,0.05197509585763593,178.75698852539062,154.60321990966796,53.045172275117864,13.890000343322754,13.699999809265137,94.13999938964844,0
2013-01-24,185.2144470214844,-0.013971096004037453,-0.03308837821079402,0.046083482677833576,179.09194854736327,154.83545608520507,44.154148188948675,13.670000076293944,13.579999923706056,93.27999877929688,0
2013-01-25,186.55841064453125,0.007256256974872866,-0.005848247083011682,0.04610942748310087,179.45633331298828,155.06058135986328,47.14815147447261,14.460000038146973,13.989999771118164,94.23999786376952,0
2013-01-28,189.30999755859372,0.01474919787618334,0.023871029396982824,0.04770908482886482,179.88767852783204,155.31345123291015,53.039752177792614,14.770000457763672,14.010000228881836,95.48999786376952,0
2013-01-29,191.0515899658203,0.009199685329283946,0.02125484567137681,0.04990829789967299,180.4408563232422,155.59310638427735,55.576450860053505,15.170000076293944,13.890000343322754,95.55999755859376,0
2013-01-30,192.88067626953125,0.009573782160295918,0.029849989921984843,0.05548546704623303,181.05017913818358,155.88443908691406,58.443502753178244,14.470000267028809,13.65999984741211,95.55999755859376,0
2013-01-31,189.45314025878903,-0.017770240529189074,0.017946386794835734,0.04601531886615162,181.58156707763672,156.15793296813965,56.82491166656147,14.380000114440918,13.890000343322754,96.23999786376952,0
2013-02-01,186.2721405029297,-0.01679043034870875,-0.008340237498965286,0.02764010236725767,181.98460235595704,156.40410667419434,46.51050569068207,14.130000114440918,13.670000076293944,95.2300033569336,0
2013-02-04,187.95803833007807,0.00905072450768274,0.014813052397988136,0.051472302349658605,182.45904968261718,156.669891204834,44.114522644100056,13.760000228881836,14.460000038146973,95.9499969482422,0
2013-02-05,185.46096801757807,-0.013285254169948413,-0.00588256848437807,0.03972360652492646,182.90741302490235,156.9164894104004,46.233609675809355,14.34000015258789,14.770000457763672,95.87999725341795,0
2013-02-06,183.7432556152344,-0.009261853966926692,-0.02940543032671239,0.005746179382458916,183.34305358886718,157.14526557922363,47.94798268623977,14.609999656677246,15.170000076293944,96.44000244140624,0
2013-02-07,182.089111328125,-0.009002476208287313,-0.04691130097006113,0.007391459309660897,183.69535064697266,157.3690436553955,40.95758899293974,14.260000228881836,14.470000267028809,97.56999969482422,0
2013-02-08,179.75106811523438,-0.012840104473229363,-0.06807114330079167,-0.00998639044611671,183.84931213378906,157.5837808227539,37.30577482983619,14.890000343322754,14.380000114440918,97.94000244140624,0
2013-02-11,178.56613159179688,-0.006592097259070839,-0.05746544318094038,-0.013661316407233781,183.92199798583985,157.80568359375,37.29579001606394,15.15999984741211,14.130000114440918,97.48999786376952,0
2013-02-12,179.54428100585938,0.005477799207178613,-0.0361184419683227,-0.025551479600422367,184.0064538574219,158.0458405303955,35.67696407614464,15.649999618530272,13.760000228881836,97.7699966430664,0
2013-02-13,181.7312164306641,0.012180479448038461,-0.033128787439667184,-0.026746154115193876,184.08041137695312,158.29389320373537,43.89285223172792,15.3100004196167,14.34000015258789,96.16999816894533,0
2013-02-14,179.12283325195312,-0.014352972647966311,-0.03417503334191707,-0.03911945677275441,184.10077026367188,158.53622848510742,37.516689739409486,15.140000343322754,14.609999656677246,96.63999938964844,0
2013-02-15,178.4309539794922,-0.00386259674380951,-0.02891154626576542,-0.05120928989082574,184.0567138671875,158.77272773742675,30.378580514340257,15.09000015258789,14.260000228881836,96.62000274658205,0
2013-02-18,178.4547576904297,0.00013340572589348731,-0.0199592035525189,-0.050882030782030685,184.02585723876953,158.99422958374024,25.77958686472995,15.239999771118164,14.890000343322754,95.83000183105467,0
2013-02-19,179.9498748779297,0.00837813015943012,0.0011060115791237113,-0.040820688650566206,184.0575085449219,159.20645431518554,24.813995193625047,16.290000915527344,15.15999984741211,95.72000122070312,0
2013-02-20,178.38323974609375,-0.00870595288214937,-0.0010242247176033281,-0.04989609872640588,184.05400970458984,159.41107948303224,26.75338840920203,15.8100004196167,15.649999618530272,97.02999877929688,0
2013-02-21,171.7110595703125,-0.03740362707437239,-0.04362835391727815,-0.08469691655697054,183.94712829589844,159.60143417358398,23.332221098809413,15.600000381469728,15.3100004196167,97.51000213623048,0
2013-02-22,173.770751953125,0.011995106127506538,-0.04380350626539853,-0.06102019802920633,183.85583404541015,159.82094390869142,24.367752336675423,16.940000534057617,15.140000343322754,97.01000213623048,0
2013-02-25,173.98544311523438,0.0012354850266591555,-0.028680822223778324,-0.0769945486523248,183.72175354003906,160.0299169921875,27.40353702579769,16.790000915527344,15.09000015258789,97.30999755859376,0
2013-02-26,169.22984313964844,-0.02733332105511954,-0.05156678611325072,-0.11653596835073177,183.4669546508789,160.22921577453613,24.475351827312267,16.729999542236328,15.239999771118164,95.86000061035156,0
2013-02-27,172.27566528320312,0.01799813843141873,-0.03462554031731446,-0.0819596177168801,183.25764404296876,160.45013298034667,33.54656094997665,17.360000610351562,16.290000915527344,95.86000061035156,0
2013-02-28,165.4762725830078,-0.03946809718608735,-0.08043129957572992,-0.10503214972626873,182.9447915649414,160.64313095092774,29.18107429059748,16.229999542236328,15.8100004196167,96.66000366210938,1
2013-03-01,168.01309204101562,0.015330412139512362,-0.058134092192959064,-0.10189606684867081,182.6798126220703,160.84955322265625,35.192914906426466,14.859999656677246,15.600000381469728,94.45999908447266,1
2013-03-04,168.37892150878906,0.0021773866746297443,-0.0194054947297031,-0.10097250811903469,182.4722509765625,161.06754463195801,34.059861810440964,14.0600004196167,16.940000534057617,92.83999633789062,1
2013-03-05,173.93775939941406,0.03301385850921279,0.0009610791483143366,-0.06541895549493826,182.3835009765625,161.30074604034425,39.85086442675838,13.670000076293944,16.790000915527344,93.12999725341795,1
2013-03-06,176.28375244140625,0.013487543188394513,0.013209779421889056,-0.061515567454991205,182.25530670166015,161.56317066192628,46.277327515628016,13.390000343322754,16.729999542236328,93.11000061035156,1
2013-03-07,177.68338012695312,0.007939629524349234,0.049952991921932144,-0.04066133617350964,182.1939126586914,161.83800868988038,49.037624817269915,13.399999618530272,17.360000610351562,92.62999725341795,1
2013-03-08,181.20635986328125,0.019827289045328822,0.05183955937942253,-0.028688338214071796,182.18675506591796,162.11663101196288,53.24947211327319,13.06999969482422,16.229999542236328,92.76000213623048,1
2013-03-11,180.037353515625,-0.006451243480296465,0.08799497780150278,-0.0489812696769949,182.16671478271485,162.3848109817505,50.10410874524355,13.34000015258789,14.859999656677246,92.0500030517578,1
2013-03-12,178.62977600097656,-0.007818252641256906,0.06318962308823628,-0.06501811352141085,182.05426635742188,162.6539786911011,50.29451899726826,14.25,14.0600004196167,90.68000030517578,1
2013-03-13,172.68124389648438,-0.03330089886279464,0.025551430957887034,-0.10472501840889548,181.77338317871093,162.89924785614014,51.179400502017785,15.130000114440918,13.670000076293944,90.12000274658205,1
2013-03-14,176.6495361328125,0.022980447365244627,0.015590500548942732,-0.06758190499501393,181.5780679321289,163.1430862426758,53.34439006680838,16.200000762939453,13.390000343322754,90.81999969482422,1
2013-03-15,169.7865447998047,-0.038850887940333645,-0.036856531311705076,-0.08850274474011166,181.2125698852539,163.35728496551513,45.774676650573795,14.65999984741211,13.399999618530272,90.43000030517578,1
2013-03-18,167.22581481933594,-0.015082054844146264,-0.05885505611242514,-0.11030240416924186,180.79665252685547,163.54325183868409,47.89016033599104,15.15999984741211,13.06999969482422,91.55999755859376,1
2013-03-19,164.2356719970703,-0.017880868605699707,-0.09365393068441519,-0.11444616216225079,180.32920257568358,163.71091747283936,41.52556520732176,15.850000381469728,13.34000015258789,91.9499969482422,1
2013-03-20,159.2971649169922,-0.030069637247663317,-0.11519936387441299,-0.13304483267365896,179.76011993408204,163.8706043624878,43.22107497505741,16.709999084472656,14.25,92.05999755859376,1
2013-03-21,164.6730499267578,0.033747524713116706,-0.07813213668331787,-0.09564581470214006,179.30157653808592,164.0710876464844,46.55060746863852,16.65999984741211,15.130000114440918,92.54000091552734,1
2013-03-22,163.55970764160156,-0.006760925881019619,-0.0528229705152623,-0.09007657447271966,178.8715036010742,164.26723682403565,45.098683700041285,16.510000228881836,16.200000762939453,92.5199966430664,1
2013-03-25,161.0546417236328,-0.01531591095441398,-0.08828154746726757,-0.09806725223904955,178.32261993408204,164.44517459869385,36.02961567659835,15.539999961853027,14.65999984741211,93.02999877929688,1
2013-03-26,162.37477111816406,0.008196779555081468,-0.04365348084784837,-0.09562827505006966,177.73906311035157,164.62716819763185,34.57396345361913,16.360000610351562,15.15999984741211,93.4499969482422,1
2013-03-28,166.2396697998047,0.023802334901079192,-0.0058970860485664245,-0.08524427962969083,177.31073913574218,164.815484085083,37.96617001127367,15.800000190734863,15.850000381469728,93.73999786376952,1
2013-04-01,167.24966430664062,0.006075532440916298,0.01835163014782859,-0.06628506667607126,176.9578057861328,164.9916326904297,34.50464522162214,15.220000267028809,16.709999084472656,92.16000366210938,1
2013-04-02,166.51011657714844,-0.004421818916995113,0.045279849543554906,-0.06680924546149014,176.54650146484374,165.16479927062989,34.83685250275805,14.850000381469728,16.65999984741211,92.95999908447266,1
2013-04-03,164.0447998046875,-0.014805807737926169,-0.003815136249372575,-0.08074852176672997,176.08159606933594,165.3275479888916,34.02989712941444,14.100000381469728,16.510000228881836,92.4499969482422,1
2013-04-04,160.45025634765625,-0.021911962228067794,-0.01901110816827123,-0.10836138976757359,175.5683395385742,165.46254219055174,35.879519040109585,14.869999885559082,15.539999961853027,93.70999908447266,1
2013-04-05,158.75636291503906,-0.010557125125103761,-0.014270180505182584,-0.11002646245797021,174.98669158935547,165.58087585449218,28.197662636203376,15.850000381469728,16.360000610351562,94.80999755859376,1
2013-04-08,157.3169708251953,-0.009066673381866619,-0.031148929468162723,-0.08382738293699177,174.42874206542967,165.71626770019532,32.49215452038453,16.15999984741211,15.800000190734863,96.33999633789062,1
2013-04-09,157.4680633544922,0.0009604337567925558,-0.052764821151748964,-0.0938172184639593,173.8469351196289,165.83106246948242,35.30536649034198,16.770000457763672,15.220000267028809,97.2300033569336,1
2013-04-10,159.7345733642578,0.01439345833995076,-0.0449333693645233,-0.08190840277101741,173.2554266357422,165.98037147521973,43.070567530159934,16.81999969482422,14.850000381469728,97.06999969482422,1
2013-04-11,165.44444274902344,0.0357459832552649,-0.006400054543420186,-0.022368397443359278,172.74328369140625,166.15007835388184,59.2441710516292,16.489999771118164,14.100000381469728,97.19000244140624,1
2013-04-12,166.2635498046875,0.0049509493462203125,0.013525268723188155,-0.03489822818929378,172.21094116210938,166.31895027160644,52.77161037117004,16.969999313354492,14.869999885559082,94.4499969482422,1
2013-04-15,166.5418701171875,0.0016739707099178158,0.03796574656965479,0.006439579025719011,171.75271575927735,166.47597290039062,55.35249586318749,16.450000762939453,15.850000381469728,93.26000213623048,1
2013-04-16,171.59970092773438,0.03036972508467639,0.08089967404688303,0.021347198859022143,171.45926696777343,166.65665435791016,67.33788966165724,16.610000610351562,16.15999984741211,92.6999969482422,1
2013-04-17,174.5819091796875,0.017378866255769454,0.10974619117015894,0.03683945481605111,171.19174438476563,166.8560641479492,69.03052231190277,16.25,16.770000457763672,93.36000061035156,1
2013-04-18,178.5581817626953,0.022775971472022594,0.1339326715457536,0.026563653454172442,171.05368865966796,167.0775818634033,69.13769365125421,16.360000610351562,16.81999969482422,94.1999969482422,1
2013-04-22,182.6616973876953,0.02298139230860663,0.14353263379715941,0.03617999309612485,171.0320574951172,167.3129370880127,71.8440479233683,15.359999656677246,16.489999771118164,94.63999938964844,1
2013-04-23,184.70550537109372,0.011189034223526795,0.11642012449634831,0.039520439329347345,171.08438537597655,167.55497245788575,74.86953667217674,16.219999313354492,16.969999313354492,93.51000213623048,1
2013-04-25,187.25823974609372,0.013820564632717858,0.1262735576503029,0.03339772338773628,171.23452880859375,167.77593353271484,81.65259206057392,15.06999969482422,16.450000762939453,91.29000091552734,0
2013-04-26,182.03343200683597,-0.02790161728713325,0.0930190220558218,0.011087024177111937,171.30387481689453,167.97482635498048,78.17693876502159,14.199999809265137,16.610000610351562,88.70999908447266,0
2013-04-29,183.41717529296875,0.007601588734979403,0.06886652075350086,0.026800679031059316,171.3813327026367,168.17491203308106,82.45765186505321,13.880000114440918,16.25,88.72000122070312,0
2013-04-30,185.0792236328125,0.009061574180220466,0.060128305976541396,0.07179691005561795,171.4482928466797,168.38235374450684,86.32674094829886,14.329999923706056,16.360000610351562,86.68000030517578,0
2013-05-02,186.3595733642578,0.006917846889100021,0.04369103406267083,0.05496780486389108,171.59302764892578,168.5818426513672,86.71922149046267,15.100000381469728,15.359999656677246,87.7300033569336,0
2013-05-03,179.71923828125,-0.03563184312527179,-0.016108790997381384,0.058501063751293936,171.61879333496094,168.73679763793945,72.85792922133845,16.280000686645508,16.219999313354492,88.76000213623047,0
2013-05-06,181.7392120361328,0.01123960781383726,-0.016059582680014284,0.08678921512492899,171.684482421875,168.90590843200684,70.35571133498692,15.550000190734863,15.06999969482422,89.18000030517578,0
2013-05-07,185.126953125,0.01864067226281163,-0.011381537196886837,0.12720306662916903,171.7880239868164,169.08169914245605,72.14342521010818,15.84000015258789,14.199999809265137,93.63999938964844,0
2013-05-08,184.1726837158203,-0.005154675713456736,0.011751971521934523,0.15615795053094916,171.90381286621093,169.25776832580567,70.37319283046034,16.5,13.880000114440918,93.0,0
2013-05-09,183.3296813964844,-0.004577238612848089,-0.0004770212841005428,0.11329498954458272,172.13618530273436,169.43654121398924,65.01733153714646,16.760000228881836,14.329999923706056,94.5,0
2013-05-10,185.3496551513672,0.011018258142903914,0.0014611662684040905,0.13322319918492775,172.36776336669922,169.62684547424317,64.13365459144745,16.600000381469727,15.100000381469728,93.45999908447266,0
2013-05-13,182.71734619140625,-0.014201855179127532,-0.019544084090236002,0.13450530972554198,172.54240142822266,169.80871994018554,55.65894092943864,16.860000610351562,16.280000686645508,93.98999786376952,0
2013-05-14,182.5026092529297,-0.0011752411194261292,0.015487329004387762,0.12395914707783096,172.80785675048827,169.98729385375975,49.75792917768361,17.510000228881836,15.550000190734863,95.61000061035156,0
2013-05-15,189.4690704345703,0.03817184428298126,0.04253269457832065,0.1397344007163861,173.15172485351562,170.18773750305175,56.30393281728263,17.170000076293945,15.84000015258789,96.16000366210938,0
2013-05-16,192.0536193847656,0.013641007180049458,0.03741576330643026,0.14830496181235175,173.6832717895508,170.39183906555175,56.34069594116372,18.1299991607666,16.5,95.62000274658205,0
2013-05-17,195.70384216308597,0.019006269134701492,0.06261057945519388,0.17532703829686724,174.2370867919922,170.62667739868164,68.86108919303786,17.739999771118164,16.760000228881836,96.62000274658205,0
2013-05-20,192.41943359375,-0.016782545161269535,0.049581454176027995,0.17296880987904206,174.7178970336914,170.86270851135254,61.801479295622286,17.56999969482422,16.600000381469727,96.38999938964844,0
2013-05-21,192.6102752685547,0.0009918004187019491,0.03917255800264674,0.2004360706736148,175.0913473510742,171.0970297241211,60.26891360551209,17.709999084472656,16.860000610351562,96.04000091552734,0
2013-05-22,192.46717834472656,-0.0007429350465784079,0.05336018914759655,0.21234308225950205,175.41501586914063,171.32936309814454,58.59453238398708,17.8799991607666,17.510000228881836,95.16999816894533,0
2013-05-23,186.45504760742188,-0.031237173989927758,0.02165688682847544,0.18521890314430034,175.59044921875,171.5405425262451,59.649128942709126,17.719999313354492,17.170000076293945,94.20999908447266,0
2013-05-24,191.52078247070312,0.02716866573624266,0.010828743875857638,0.2162515902640616,175.79673767089844,171.75995262145997,62.88762179555997,18.729999542236328,18.1299991607666,94.3000030517578,0
2013-05-27,193.94631958007807,0.012664615704282456,0.009855061317644687,0.21417871845316783,176.0749169921875,171.96266258239746,61.92216330211488,17.700000762939453,17.739999771118164,95.16000366210938,0
2013-05-28,195.94239807128903,0.010291912192676556,0.0012189638464239483,0.18433955722846807,176.42116943359375,172.1778182220459,65.47462277422143,17.030000686645508,17.56999969482422,96.0199966430664,0
2013-05-29,193.23062133789065,-0.013839662880984926,0.004215726701770173,0.16219472978221505,176.83215698242188,172.3808464050293,62.40785911901196,17.1200008392334,17.709999084472656,96.70999908447266,0
2013-05-30,191.27389526367188,-0.0101263767650841,-0.006938259150606085,0.14850334711073931,177.12464416503906,172.57464767456054,57.43604633569052,17.860000610351562,17.8799991607666,96.16000366210938,0
2013-05-31,186.68930053710935,-0.023968742416431876,-0.03002006813477831,0.08793488291526597,177.46269927978517,172.76059608459474,54.75263150591588,16.040000915527344,17.719999313354492,94.27999877929688,0
2013-06-03,185.1853485107422,-0.008055909053385824,-0.006809679399793045,0.06073618613106779,177.8218899536133,172.92785125732422,53.11395249653209,16.989999771118164,18.729999542236328,94.25,0
2013-06-04,184.0614776611328,-0.006068897235378068,-0.03894775654809868,0.030820743379608384,178.21840606689454,173.0733437347412,42.73827360442205,17.290000915527344,17.700000762939453,94.1500015258789,0
2013-06-05,183.44696044921875,-0.0033386519532643266,-0.05413538732568868,0.004299002323715051,178.70140197753906,173.22852737426757,37.796642879272824,17.260000228881836,17.030000686645508,94.1500015258789,0
2013-06-06,186.71356201171875,0.01780679033602328,-0.04709974028292019,0.010871666421586212,179.14221221923827,173.4044973754883,37.11250818610013,16.780000686645508,17.1200008392334,95.01000213623048,0
2013-06-07,184.62745666503903,-0.011172757480513273,-0.04452278118905273,-0.014048957656666028,179.56356719970702,173.56836669921876,38.43287554561903,17.350000381469727,17.860000610351562,93.12999725341795,0
2013-06-10,180.7625274658203,-0.020933664304495503,-0.054954534090298046,-0.006981709497011157,179.9577249145508,173.71752395629883,34.1419608355731,17.350000381469727,16.040000915527344,93.61000061035156,0
2013-06-11,174.0837860107422,-0.03694759942068737,-0.06752135494696698,-0.05088612485345778,180.19190521240233,173.81670639038086,29.058043567440507,18.11000061035156,16.989999771118164,91.97000122070312,0
2013-06-12,174.85191345214844,0.004412400827259466,-0.05580050010270832,-0.05525909380814409,180.3641500854492,173.93038589477538,34.98842580254413,19.489999771118164,17.290000915527344,93.4499969482422,0
2013-06-13,172.84671020507812,-0.011468008599282875,-0.06092946551641665,-0.07250962703572783,180.47609100341796,174.0294667816162,23.76261355090051,18.850000381469727,17.260000228881836,93.30999755859376,0
2013-06-14,178.23175048828125,0.031155005940315172,-0.0284289799523888,-0.008276731012185401,180.71052368164064,174.1450946044922,29.615963783881426,19.440000534057617,16.780000686645508,93.73999786376952,0
2013-06-17,178.11856079101562,-0.0006350703337397734,-0.04603308473202217,-0.019922234748092404,180.9919989013672,174.2612303161621,25.69258576868127,18.350000381469727,17.350000381469727,94.76000213623048,0
2013-06-18,176.42054748535156,-0.009533050896679551,-0.04445118471504961,-0.047029378989291604,181.3114047241211,174.3688759613037,26.423202514367574,18.18000030517578,17.350000381469727,96.02999877929688,0
2013-06-19,175.7332763671875,-0.0038956410007804365,-0.02782242077016639,-0.045823339153024834,181.65094299316405,174.48859245300292,27.398854397733302,18.290000915527344,18.11000061035156,95.7699966430664,0
2013-06-20,169.17587280273438,-0.03731452403329516,-0.02819282209145524,-0.07720413020922556,181.88812103271485,174.5907112121582,25.91196879821763,18.459999084472656,19.489999771118164,95.37999725341795,0
2013-06-21,168.96559143066406,-0.001242974950189879,-0.033664613130443555,-0.08839543676152495,182.11807159423827,174.70203735351564,26.868107619711665,19.190000534057617,18.850000381469727,95.87999725341795,0
2013-06-24,169.66098022460938,0.004115564524453275,-0.01843095524750782,-0.07145663090530896,182.3165997314453,174.82157218933105,29.208548774765205,19.030000686645508,19.440000534057617,96.69000244140624,0
2013-06-25,167.02503967285156,-0.015536516105637,-0.06287718537649967,-0.08480738792412457,182.34821166992188,174.92510429382324,27.59765549380714,21.01000022888184,18.350000381469727,97.8499984741211,0
2013-06-26,165.94155883789062,-0.006486936552047129,-0.06836458760416397,-0.12417600161713194,182.34177185058593,175.03737449645996,19.868674545190544,21.13999938964844,18.18000030517578,97.7699966430664,0
2013-06-27,166.65310668945312,0.004287942433140568,-0.055364530578329796,-0.13225740174375145,182.34399658203125,175.15268562316894,22.843949771426352,21.06999969482422,18.290000915527344,98.44000244140624,0
2013-06-28,173.15396118164062,0.03900830066313388,-0.014677443218878539,-0.11522451849797533,182.37508178710937,175.2926676940918,39.35283624718306,18.850000381469727,18.459999084472656,98.23999786376952,0
2013-07-01,172.69305419921875,-0.0026618333145631556,0.02079008867053722,-0.10251760451690672,182.3373046875,175.4565885925293,47.6438377553653,17.950000762939453,19.190000534057617,95.4000015258789,0
2013-07-02,174.50425720214844,0.010487989869240932,0.032779844254605006,-0.09400338606629999,182.25622619628905,175.6162052154541,49.431111111111115,18.09000015258789,19.030000686645508,93.69000244140624,0
2013-07-03,172.0623779296875,-0.013993236105593887,0.014154095431365477,-0.10601703932341222,182.04423980712892,175.73068908691405,48.73463777092222,18.209999084472656,21.01000022888184,95.18000030517578,0
2013-07-04,172.01385498046875,-0.0002820078962211259,0.029868667101583535,-0.07745133646024338,181.7904067993164,175.84775344848632,37.882125677418124,18.90999984741211,21.13999938964844,95.31999969482422,0
2013-07-05,170.04904174804688,-0.011422412646033497,0.02475258722963347,-0.11211180554747768,181.44622283935547,175.94584831237793,35.332151423506104,18.57999992370605,21.06999969482422,95.5,0
2013-07-08,166.23263549804688,-0.022442974160681084,-0.0025230324220104627,-0.1428935807703665,181.1302069091797,176.02223670959472,32.80573434907855,18.670000076293945,18.850000381469727,97.0500030517578,0
2013-07-09,167.26759338378906,0.00622596088091476,-0.03399499357497626,-0.1463430322878223,180.8072152709961,176.09556907653808,35.87809498210348,19.34000015258789,17.950000762939453,96.55999755859376,0
2013-07-10,167.9468231201172,0.004060737185173968,-0.027483624637423487,-0.13084778200635816,180.4645672607422,176.1336882019043,47.44961899593254,19.31999969482422,18.09000015258789,97.98999786376952,0
2013-07-11,171.0840301513672,0.01867976406440408,-0.019599676853838566,-0.105554733877683,180.15905639648437,176.14562316894532,53.91979156784887,19.979999542236328,18.209999084472656,99.5999984741211,0
2013-07-12,171.48023986816406,0.002315877855147086,-0.003383296619097753,-0.08146723259012956,179.99427642822266,176.16876419067384,53.40390069484374,18.88999938964844,18.90999984741211,101.23999786376952,0
2013-07-15,171.5853271484375,0.0006128244301164543,-0.0024912402089930508,-0.07344005058540459,179.79119873046875,176.21350479125977,59.42507791079852,18.690000534057617,18.57999992370605,101.23999786376952,0
2013-07-16,162.2706756591797,-0.05428582760575884,-0.045741898977543216,-0.11838871598146772,179.33407318115235,176.17751594543458,44.33915869180034,18.790000915527344,18.670000076293945,103.22000122070312,0
2013-07-17,158.51893615722656,-0.023120255626672637,-0.04640303823439618,-0.1358868210786882,178.82099822998046,176.1184342956543,38.531684957965226,18.989999771118164,19.34000015258789,103.13999938964844,0
2013-07-18,159.19815063476562,0.004284752938698677,-0.04824271447792283,-0.1473669672437944,178.3383676147461,176.06596954345704,26.459420782242546,19.36000061035156,19.31999969482422,103.52999877929688,0
2013-07-19,155.1310272216797,-0.02554755439601042,-0.07630865330076242,-0.159761879279274,177.73399505615234,175.99428245544433,23.589543070377246,18.270000457763672,19.979999542236328,106.5199966430664,0
2013-07-22,157.58102416992188,0.015793081449407165,-0.07892616259681562,-0.1282428588540384,177.23126861572266,175.94291725158692,25.02993262401607,18.1299991607666,18.88999938964844,104.91000366210938,0
2013-07-23,160.03903198242188,0.015598374394682812,-0.06672026989546032,-0.08067812833214494,176.7819970703125,175.90109855651855,32.26810832998031,17.6299991607666,18.690000534057617,105.9499969482422,0
2013-07-24,153.91819763183594,-0.038245884611812886,-0.102964104275174,-0.11972254353419709,176.07097961425782,175.83515693664552,27.366553516960806,16.719999313354492,18.790000915527344,106.31999969482422,1
2013-07-25,151.1772003173828,-0.01780814326457647,-0.06836401769286227,-0.12536836750890434,175.25345123291015,175.7536415863037,26.84531139951646,16.90999984741211,18.989999771118164,106.0,1
2013-07-26,150.64352416992188,-0.0035301364646291855,-0.04968120641116014,-0.15478850565501967,174.35224487304689,175.64528198242186,29.197284208434397,16.719999313354492,19.36000061035156,106.4800033569336,1
2013-07-29,150.16650390625,-0.0031665500810629243,-0.056732108334827,-0.15692950111786186,173.5071862792969,175.54781799316407,26.834694846918083,16.780000686645508,18.270000457763672,108.04000091552734,1
2013-07-30,149.75411987304688,-0.002746178558306056,-0.034660425093100855,-0.15115261794842139,172.6500631713867,175.4598233795166,25.17652427992209,18.25,18.1299991607666,108.0500030517578,1
2013-07-31,147.00497436523438,-0.018357728723210176,-0.06711499598633908,-0.16347673358076198,171.74081909179688,175.34857971191406,16.793086425156744,18.1200008392334,17.6299991607666,106.91000366210938,1
2013-08-01,147.8378143310547,0.005665386286528795,-0.07623901182248671,-0.12612944220811373,170.96847442626952,175.24941291809083,17.783218987530233,18.770000457763672,16.719999313354492,107.2300033569336,1
2013-08-02,143.45538330078125,-0.029643505283836302,-0.0679764608216189,-0.1509787165178602,170.0071664428711,175.12535194396972,15.670123135298354,19.809999465942383,16.90999984741211,105.38999938964844,1
2013-08-05,145.9376983642578,0.017303742852730286,-0.03465801683140801,-0.13982756570747723,169.0469940185547,175.02419975280762,26.077818750698412,20.88999938964844,16.719999313354492,105.48999786376952,1
2013-08-06,140.099853515625,-0.04000230861570575,-0.0699908656040461,-0.16120448891953187,167.9301431274414,174.88697944641115,24.576015231901053,20.799999237060547,16.780000686645508,104.6999969482422,1
2013-08-07,140.40708923339844,0.0021929767238419995,-0.06499062320145932,-0.15387627899432343,166.87367248535156,174.7593672180176,23.793458169457026,22.729999542236328,18.25,104.5500030517578,1
2013-08-08,141.5067596435547,0.007832014865917891,-0.055072676708219026,-0.15089035869434442,165.87832977294923,174.63224319458007,29.28460330599988,22.040000915527344,18.1200008392334,103.08000183105467,1
2013-08-12,140.21304321289062,-0.009142435555183681,-0.04620204983995424,-0.1902406259952354,164.94880462646483,174.48640365600585,22.62998633216212,21.190000534057617,18.770000457763672,105.02999877929688,1
2013-08-13,144.33673095703125,0.029410157925746416,-0.023681920555071456,-0.16420071654691815,164.13183227539062,174.36726638793945,26.489196233394992,21.280000686645508,19.809999465942383,107.88999938964844,1
2013-08-14,146.50369262695312,0.015013237833181758,0.021249180449230742,-0.1604577734900704,163.38067657470702,174.24441062927247,37.407398769031424,19.26000022888184,20.88999938964844,106.94000244140624,1
2013-08-16,138.8465576171875,-0.052265815778877456,-0.048590191749981915,-0.19304522413420033,162.48866851806642,174.08020751953126,32.054634144608244,18.700000762939453,20.799999237060547,106.55999755859376,1
2013-08-19,131.85252380371094,-0.05037239621568257,-0.05886751131395196,-0.23347730437945202,161.39144775390625,173.87491081237792,26.981078115624797,23.63999938964844,22.729999542236328,105.3000030517578,1
2013-08-20,134.28628540039062,0.018458210176566903,-0.04359326773616978,-0.21030848501130706,160.38462432861328,173.69665412902833,31.436703003943364,25.59000015258789,22.040000915527344,104.37000274658205,1
2013-08-21,134.14883422851562,-0.0010235682032991855,-0.05199698893235305,-0.19300542985079616,159.4523504638672,173.53623947143555,31.640075772916788,27.229999542236328,21.190000534057617,103.4000015258789,1
2013-08-22,134.39950561523438,0.0018686065231976468,-0.04146217402063901,-0.19650003388964965,158.65866485595703,173.37306228637695,34.24306788981866,28.09000015258789,21.280000686645508,106.11000061035156,1
2013-08-23,137.94908142089844,0.02641063141873423,-0.044255190579551074,-0.1786145229896018,157.92060821533204,173.22194694519044,38.425157922862496,29.059999465942383,19.26000022888184,106.83000183105467,1
2013-08-26,134.29437255859375,-0.02649317287698172,-0.08333796813878502,-0.21503852557263037,157.14956146240235,173.03482398986816,39.09111788168804,25.75,18.700000762939453,106.8499984741211,1
2013-08-27,129.7906951904297,-0.03353586067948655,-0.06522208819699837,-0.2431157357243363,156.1807403564453,172.82677307128907,31.655356959595707,26.3799991607666,23.63999938964844,107.45999908447266,1
2013-08-28,128.7799835205078,-0.007787242902420388,-0.02330285530049636,-0.24946972063001072,155.19396881103515,172.611243057251,35.55512545869246,29.420000076293945,25.59000015258789,107.0999984741211,1
2013-08-29,130.53453063964844,0.01362437757154411,-0.02793848046027847,-0.19557535513186197,154.2762484741211,172.39474380493164,37.85074667223485,32.380001068115234,27.229999542236328,104.97000122070312,1
2013-08-30,129.9766387939453,-0.0042739024147046,-0.031101242575564902,-0.18005607440471116,153.36111572265625,172.1889347076416,35.619177829830676,29.40999984741211,28.09000015258789,103.8499984741211,1
2013-09-02,133.67176818847656,0.02842918103451808,-0.005414732914577947,-0.1603434609290909,152.6510336303711,172.01496131896974,42.30256110257015,27.809999465942383,29.059999465942383,105.02999877929688,1
2013-09-03,126.71005249023438,-0.052080673373200215,-0.0814722998870322,-0.18320625628831944,151.8059228515625,171.8068157196045,30.556511212833442,27.549999237060547,25.75,106.41999816894533,1
2013-09-04,132.2406005859375,0.043647271759510664,-0.01529306056186508,-0.16080885193803174,151.05751525878907,171.62930503845215,35.35362968301969,32.4900016784668,26.3799991607666,105.91999816894533,1
2013-09-05,144.52268981933594,0.09287684099269367,0.11350578411874124,-0.09695348672685167,150.60746826171874,171.53495498657227,55.323052724395716,31.11000061035156,29.420000076293945,109.01000213623048,1
2013-09-06,154.9855194091797,0.0723957573923033,0.20349075354943436,0.006934344306036788,150.38834747314453,171.49780990600587,70.36882080848436,28.530000686645508,32.380001068115234,110.0999984741211,1
2013-09-10,156.7967071533203,0.011686173979640557,0.20118949664109054,0.037171655673870596,150.19121948242187,171.46737472534178,70.04035394537044,28.649999618530277,29.40999984741211,108.8000030517578,1
2013-09-11,156.82095336914062,0.00015463472582122328,0.2065318416007984,0.041006934969542996,149.86455932617187,171.42087760925293,70.22507515118716,29.440000534057617,27.809999465942383,107.6500015258789,1
2013-09-12,153.8211669921875,-0.01912873447397001,0.15073787888629098,0.024337405419114777,149.48712158203125,171.3688050842285,66.51539875663954,29.75,27.549999237060547,107.6500015258789,1
2013-09-13,152.3253631591797,-0.00972430428306259,0.20215689414949534,0.017169766603500225,149.04354370117187,171.3152178955078,62.66747193742551,29.709999084472656,32.4900016784668,108.54000091552734,1
2013-09-16,156.85328674316406,0.02972534245168812,0.18612049588531487,0.06699305530615263,148.7393618774414,171.28967819213867,69.57624337967177,28.290000915527344,31.11000061035156,107.2300033569336,1
2013-09-17,155.64048767089844,-0.007732060305828958,0.07692769810374123,0.05277860319533101,148.41189453125,171.2455093383789,73.79083403269532,28.81999969482422,28.530000686645508,108.37000274658205,1
2013-09-18,157.36270141601562,0.011065332490854285,0.015338091041653401,0.09694525081763627,148.15816772460937,171.1720578765869,75.96601291316342,27.93000030517578,28.649999618530277,110.52999877929688,1
2013-09-19,167.57485961914062,0.06489567166318144,0.06873966080984806,0.14826300193440667,148.18501220703126,171.13527297973633,79.16730248636543,27.690000534057617,29.440000534057617,107.38999938964844,1
2013-09-20,159.65090942382812,-0.04728603212511606,0.01804577764570836,0.13955086616862622,148.03267852783202,171.05692008972167,70.93795764331766,24.5,29.75,107.55999755859376,1
2013-09-23,152.54367065429688,-0.04451737102645337,-0.008305075061324385,0.08643852306291899,147.72461547851563,170.92947174072265,62.704161533289245,24.729999542236328,29.709999084472656,108.5999984741211,1
2013-09-24,152.7943115234375,0.0016430761634722568,0.0030785967256665714,0.0797668740936146,147.35882110595702,170.80291885375976,69.30353789074393,27.020000457763672,28.290000915527344,108.20999908447266,1
2013-09-25,151.23379516601562,-0.010213183605218834,-0.03582641903035122,0.07860004818804045,146.95389221191405,170.65591896057128,64.93331023481784,26.71999931335449,28.81999969482422,106.58999633789062,1
2013-09-26,152.9964599609375,0.011655230849605624,-0.01698804565269496,0.05999671009927643,146.58211486816407,170.52091331481932,57.98298284628355,25.68000030517578,27.93000030517578,105.41999816894533,1
2013-09-27,149.30938720703125,-0.02409907232394537,-0.05117676639074742,0.01915101612641501,146.32288909912108,170.37562370300293,43.87002961901971,24.0,27.690000534057617,108.06999969482422,1
2013-09-30,142.89749145507812,-0.04294368808213267,-0.14726175644812423,0.029175615927471643,146.01046020507812,170.19732025146484,36.3462542168671,24.059999465942383,24.5,106.38999938964844,1
2013-10-01,147.27992248535156,0.03066835523597078,-0.07748773234755013,0.11700495551080548,145.77209564208985,170.04844421386719,41.36669162067297,26.649999618530277,24.729999542236328,104.68000030517578,1
2013-10-03,151.66232299804688,0.029755586767987285,-0.005777674370032404,0.12939547434682197,145.7027215576172,169.91507850646974,48.09423104899325,25.770000457763672,27.020000457763672,103.58999633789062,1
2013-10-04,150.48989868164062,-0.007730491616044555,-0.015081797344552283,0.12181294416087751,145.56089904785156,169.76408065795897,48.37039764578824,25.170000076293945,26.71999931335449,103.12999725341795,1
2013-10-07,148.16123962402344,-0.015473856238972128,-0.020316593514163372,0.10239423088494726,145.32334320068358,169.5950379180908,41.96921798130951,26.1299991607666,25.68000030517578,102.66000366210938,1
2013-10-08,151.54104614257812,0.022811678190134854,-0.009512728717585794,0.09852885268738443,145.27580017089844,169.43903717041016,46.35825792373489,26.82999992370605,24.0,103.02999877929688,1
2013-10-09,153.6918182373047,0.014192670233403204,0.02935134295472519,0.14443975059526548,145.3260925292969,169.3019017791748,46.76361059310644,26.549999237060547,24.059999465942383,102.87000274658205,1
2013-10-10,153.31178283691406,-0.0024727106800430665,0.07287945558589337,0.1812232195225867,145.37945770263673,169.16215049743653,34.78783905927722,25.8700008392334,26.649999618530277,102.33000183105467,1
2013-10-11,161.23573303222656,0.051685200241534224,0.09475704706636479,0.2520247993862359,145.60084228515626,169.07454414367675,51.69027988572957,25.8799991607666,25.770000457763672,102.04000091552734,1
2013-10-14,161.2519073486328,0.00010031471375526735,0.06322983956080797,0.2353199307375784,145.83079803466796,168.98892738342286,60.94289819802649,23.59000015258789,25.170000076293945,103.30999755859376,1
2013-10-15,157.5972137451172,-0.022664498445987613,0.04722785466493007,0.21250414849517196,146.04264282226563,168.86344612121582,55.5597515692954,22.850000381469727,26.1299991607666,103.83999633789062,1
2013-10-17,156.0366668701172,-0.00990212223880993,0.05315443678845133,0.1673120583705172,146.20661987304686,168.73986404418946,55.55971231459294,23.239999771118164,26.82999992370605,103.02999877929688,1
2013-10-18,163.14393615722656,0.04554871255373172,0.07656598862153685,0.28753743646187946,146.6003909301758,168.64776252746583,60.45309722272433,21.059999465942383,26.549999237060547,103.48999786376952,1
2013-10-21,163.3703155517578,0.0013876053248653708,0.06297340629745984,0.23540209911244658,146.94904327392578,168.5594172668457,65.59641459009984,20.1200008392334,25.8700008392334,101.61000061035156,1
2013-10-22,163.35415649414062,-9.891061030653514e-05,0.0655029474669222,0.1303011084165775,147.4141293334961,168.45492706298828,76.44230238212828,20.18000030517578,25.8799991607666,103.01000213623048,1
2013-10-23,165.87689208984375,0.015443351120322468,0.02878492856598691,0.07027348569197356,147.923525390625,168.35068450927736,75.25252085744584,19.959999084472656,23.59000015258789,102.0199966430664,1
2013-10-24,165.0925750732422,-0.004728307883757221,0.023817812686740547,0.052908432010692286,148.39524169921876,168.24407089233398,70.21171940553779,20.350000381469727,22.850000381469727,102.41000366210938,1
2013-10-25,165.3027801513672,0.0012732557962207292,0.04889405226866672,0.054086055466460614,148.89703643798828,168.13027755737303,72.95737649712459,20.63999938964844,23.239999771118164,101.20999908447266,1
2013-10-28,164.1384735107422,-0.007043478878932641,0.05192245388943628,0.06707338606447255,149.2930712890625,168.01086151123047,75.68905925232434,20.420000076293945,21.059999465942383,100.66999816894533,1
2013-10-29,173.78465270996094,0.05876854458858749,0.06522287498616941,0.1408779805655631,149.83869049072266,167.94174392700197,79.76631386275565,21.290000915527344,20.1200008392334,100.80999755859376,1
2013-10-30,177.72235107421875,0.02265849315721602,0.08784971415394027,0.1330483075259128,150.61620635986327,167.8915991973877,80.689826122847,19.76000022888184,20.18000030517578,99.22000122070312,0
2013-10-31,181.27194213867188,0.019972676722978866,0.1096867446110803,0.16468371984268715,151.6045947265625,167.85995780944825,83.03405412012344,19.530000686645508,19.959999084472656,97.8000030517578,0
2013-11-01,183.2933349609375,0.011151162162312378,0.10499619718978392,0.16478259023000463,152.58473571777344,167.851107711792,80.28422063069544,18.38999938964844,20.350000381469727,96.86000061035156,0
2013-11-05,177.2372283935547,-0.03304051709612599,0.07356268635899954,0.057660014135619164,153.44650360107423,167.79479972839354,68.82504941599281,18.63999938964844,20.63999938964844,97.11000061035156,0
2013-11-06,174.71444702148438,-0.014233924751229421,0.056935926071533416,0.0943529708162627,154.25280242919922,167.71060890197754,70.71017114305958,19.940000534057617,20.420000076293945,97.8499984741211,0
2013-11-07,170.03292846679688,-0.026795257258329763,0.035911476632983996,0.11465082580931951,154.89447937011718,167.62249420166015,65.74501648726078,20.25,21.290000915527344,98.68000030517578,1
2013-11-08,169.78224182128906,-0.001474341751143582,-0.023030865075017393,0.11118169340516149,155.6042367553711,167.54692375183106,58.82986902385304,19.8700008392334,19.76000022888184,98.1999969482422,1
2013-11-11,167.72848510742188,-0.012096416514684405,-0.05623302812724629,0.1090674866903878,156.36299255371094,167.45018951416014,55.528225758063165,19.63999938964844,19.530000686645508,96.7699966430664,1
2013-11-12,163.7746124267578,-0.023573054261664672,-0.09652530615316468,0.07044707092289682,157.06288513183594,167.33261222839354,50.48489735239534,19.979999542236328,18.38999938964844,96.37999725341795,1
2013-11-13,164.12228393554688,0.002122865709387911,-0.10459218841468654,0.09920941345754897,157.73464019775392,167.2226582336426,47.86959134838064,20.86000061035156,18.63999938964844,94.61000061035156,1
2013-11-14,170.1379852294922,0.036653775158940416,-0.04005503374437036,0.1906296149570792,158.53786712646485,167.13415435791015,55.435520916142764,20.450000762939453,19.940000534057617,93.37000274658205,1
2013-11-18,173.6229248046875,0.020483018947794696,-0.006247463992846813,0.17886349934734658,159.33689025878905,167.07619674682618,58.3726911601896,19.26000022888184,20.25,94.8000030517578,1
2013-11-19,175.45835876464844,0.010571380259983831,0.03190811536784777,0.15690143271053558,160.31185638427735,167.02069648742676,61.239560538122035,18.81999969482422,19.8700008392334,94.1999969482422,1
2013-11-20,169.66098022460938,-0.03304133573832979,-0.0007142183739529129,0.12739115190398875,161.0602639770508,166.92245140075684,45.56675676996886,19.299999237060547,19.63999938964844,94.5999984741211,1
2013-11-21,166.60458374023438,-0.018014728432717564,-0.006700718524153437,0.12448157266376203,161.50190185546876,166.8002163696289,37.81674027314324,20.82999992370605,19.979999542236328,95.13999938964844,1
2013-11-22,165.03598022460938,-0.00941512820602064,0.007701851826489081,0.08905134566204898,161.70291107177735,166.6609928894043,31.400503426094247,21.13999938964844,20.86000061035156,93.04000091552734,1
2013-11-25,173.77655029296875,0.05296160301810371,0.058823616914892796,0.13068185597656634,162.04250793457032,166.5826099395752,40.55226269924272,20.040000915527344,20.450000762939453,93.87999725341795,0
2013-11-26,168.78770446777344,-0.028708394871371556,-0.007936386221439107,0.10094411104280177,162.28184295654296,166.4951877593994,41.430182703748045,21.049999237060547,19.26000022888184,93.76000213623048,1
2013-11-27,168.60984802246094,-0.0010537286816793001,-0.028873357523874765,0.04573499218538912,162.57761657714843,166.39844680786132,43.499277085411165,21.59000015258789,18.81999969482422,93.02999877929688,1
2013-11-28,167.8740234375,-0.004364066474117911,-0.04322584219154646,0.04106690083702347,162.88858978271483,166.31051208496095,47.49008529942076,21.13999938964844,19.299999237060547,93.33999633789062,0
2013-11-29,172.8143768310547,0.02942893303200056,0.01858645754769661,0.09655731040111082,163.20781158447267,166.25586769104004,53.17852485888792,20.709999084472656,20.82999992370605,93.33000183105467,0
2013-12-02,175.9920196533203,0.018387606867755757,0.056345604078472444,0.1278888685812143,163.6148422241211,166.22538223266602,58.46307858725898,21.3799991607666,21.13999938964844,95.44000244140624,0
2013-12-03,175.52304077148438,-0.0026647735662092,0.06354408615989304,0.0758784231019638,163.97804901123047,166.20424209594728,62.95700692626735,23.36000061035156,20.040000915527344,94.83999633789062,0
2013-12-04,172.42623901367188,-0.017643277738358387,-0.007770388335022194,0.05543187837600172,164.0750765991211,166.17354263305663,58.63460391201148,24.71999931335449,21.049999237060547,94.08999633789062,0
2013-12-05,183.68142700195312,0.06527537834533881,0.08823938083134086,0.12443681228608106,164.5556869506836,166.1942283630371,62.69900520646294,23.709999084472656,21.59000015258789,93.68000030517578,0
2013-12-06,184.9832305908203,0.007087290261814871,0.09710810347316268,0.11518384664832038,165.20447814941406,166.2104884338379,61.106700310088755,21.68000030517578,21.13999938964844,92.3000030517578,0
2013-12-09,194.33023071289065,0.050528905199767715,0.1575955989715132,0.17709854986923168,166.03519653320313,166.28652542114258,66.08766255304836,22.209999084472656,20.709999084472656,92.3000030517578,0
2013-12-10,187.3199615478516,-0.036074002173116626,0.0839373724732273,0.13319304960463074,166.75691986083984,166.33097045898438,64.74872348814941,19.15999984741211,21.3799991607666,92.72000122070312,0
2013-12-11,187.3199615478516,0.0,0.06436622476886011,0.14123128807818652,167.44338989257812,166.37529647827148,68.23224193497703,17.979999542236328,23.36000061035156,93.81999969482422,0
2013-12-12,183.1558990478516,-0.022229678383402174,0.043486360781001654,0.053924476021083745,168.12032012939454,166.3913265991211,65.25112254021715,17.540000915527344,24.71999931335449,96.04000091552734,0
2013-12-13,175.45835876464844,-0.042027258325936234,0.017585025158126655,-0.012738928423385754,168.77153747558594,166.37670219421386,51.44083791589832,17.739999771118164,23.709999084472656,97.1999969482422,0
2013-12-16,177.48785400390625,0.011566819919819782,-0.03371910322746463,-0.02087520048674063,169.37569610595702,166.40558616638182,57.85172130495121,17.84000015258789,21.68000030517578,97.37999725341795,0
2013-12-17,177.60916137695312,0.0006834685884713476,-0.0398634470287661,-0.031011349022569523,169.89463287353516,166.42477821350099,58.130009238599854,18.36000061035156,22.209999084472656,97.6500015258789,0
2013-12-18,177.20484924316406,-0.002276414857513842,-0.08812515380084196,-0.00018268820091638105,170.42893188476563,166.4408752441406,58.480293844286145,18.32999992370605,19.15999984741211,97.33999633789062,0
2013-12-19,171.98153686523438,-0.029476125513710705,-0.081883556647533,-0.015642153255442826,170.90533782958985,166.45463371276855,49.24694901284247,17.540000915527344,17.979999542236328,98.51000213623048,0
2013-12-20,175.89500427246094,0.022755160109385386,-0.06099166997998828,0.03447612094035524,171.3924169921875,166.47273040771483,49.91343097107086,16.579999923706055,17.540000915527344,97.44000244140624,0
2013-12-23,177.56871032714844,0.009515370044819171,-0.03050509838748594,0.045861501310928254,171.86995483398437,166.53319259643555,51.78697722602059,16.020000457763672,17.739999771118164,97.5,0
2013-12-24,177.6980743408203,0.0007285293306098506,0.01276494087794422,0.05943885576152086,172.3576806640625,166.58161750793457,54.856969662548885,16.260000228881836,17.84000015258789,96.5999984741211,0
2013-12-26,177.82742309570312,0.0007279130928268263,0.0019131962223701837,0.08580579407708822,172.68951446533202,166.62886001586915,43.215893618150005,15.579999923706056,18.36000061035156,97.4800033569336,0
2013-12-27,179.54161071777344,0.009639613464722974,0.010880347195147966,0.09395023279277503,173.05530853271483,166.65687927246094,43.75350314722748,14.880000114440918,18.32999992370605,97.22000122070312,0
2013-12-30,177.3503875732422,-0.012204542087882353,0.0008212999288659262,0.04239148790919023,173.45037200927734,166.66221244812013,26.677062308880494,14.65999984741211,17.540000915527344,97.8000030517578,0
2013-12-31,177.68190002441406,0.0018692513487457152,0.03314520420669642,0.023378106458536996,173.88327667236328,166.66220504760742,33.786775199751915,15.079999923706056,16.579999923706055,98.7699966430664,0
2014-01-01,177.5121307373047,-0.0009554675354441766,0.009193703206822335,0.011705181714432245,174.17064056396484,166.64373390197753,33.594889747131475,15.119999885559082,16.020000457763672,99.31999969482422,0
2014-01-02,173.93826293945312,-0.020133090527432396,-0.020445310330894806,0.02521076271739786,174.38199951171876,166.61323844909668,34.271541370043025,15.579999923706056,16.260000228881836,98.91000366210938,0
2014-01-03,172.51516723632812,-0.008181613861582449,-0.029166928925473345,0.03547671596664692,174.5652197265625,166.58266540527345,43.60952873815319,16.549999237060547,15.579999923706056,99.22000122070312,0
2014-01-06,168.31065368652344,-0.024371848673716556,-0.05351688307409119,0.01984217900519214,174.6138949584961,166.56081245422362,31.793427753052455,15.869999885559082,14.880000114440918,99.5500030517578,0
2014-01-07,169.79844665527344,0.008839565031462548,-0.05426688567373694,-0.022892062427229964,174.70801239013673,166.52655700683593,35.301336907762604,16.5,14.65999984741211,100.31999969482422,0
2014-01-08,170.49375915527344,0.004094928509043694,-0.038661479750852545,0.0101076953020931,174.81183197021485,166.53009307861328,37.50749860253316,16.31999969482422,15.079999923706056,99.29000091552734,0
2014-01-09,169.9358673095703,-0.003272212710114686,-0.043594945313953914,0.007864423713451973,174.9277798461914,166.54364334106447,45.39160923293746,16.31999969482422,15.119999885559082,98.41999816894533,0
2014-01-10,165.67474365234375,-0.02507489280920383,-0.06668494730919972,-0.013100774855587138,174.76558166503906,166.55083869934083,27.331339234404098,16.18000030517578,15.579999923706056,98.41999816894533,1
2014-01-13,170.59080505371094,0.029672968208619643,-0.019245092075614312,-0.01286682172003284,174.6229507446289,166.6073069000244,36.469094890079,15.579999923706056,16.549999237060547,95.44000244140624,0
2014-01-14,167.60719299316406,-0.017489876195891596,-0.02844952314506144,-0.04764322084986117,174.34965576171874,166.62197761535646,32.38281512233431,15.949999809265137,15.869999885559082,93.95999908447266,0
2014-01-15,171.1487274169922,0.02112996680263346,0.016862115785936105,-0.024921590551676642,174.10676361083983,166.6599227142334,39.58130507248896,15.739999771118164,16.5,93.43000030517578,0
2014-01-16,171.23768615722656,0.0005197744767195811,0.008476164124605168,-0.006893108979492801,173.9867727661133,166.71083793640136,36.354021231524726,15.420000076293944,16.31999969482422,93.66999816894533,0
2014-01-17,167.29995727539062,-0.022995690786316803,-0.01873266151034969,-0.08918413796071123,173.8384829711914,166.7354638671875,34.380535695229966,15.539999961853027,16.31999969482422,92.33000183105467,0
2014-01-20,168.828125,0.009134298355461423,-0.0065185903782887245,-0.08733281140794391,173.81438690185547,166.74840614318848,36.7337037512935,15.40999984741211,16.18000030517578,91.66000366210938,1
2014-01-21,174.33445739746094,0.0326150183653402,0.05226936559074424,-0.10289584508841587,173.9054312133789,166.78383010864258,45.89511463213485,15.350000381469728,15.579999923706056,92.72000122070312,1
2014-01-22,175.9354248046875,0.009183310236693831,0.03133005761531993,-0.06077588661182742,174.06957000732422,166.83095664978026,52.718477655835905,15.550000190734863,15.949999809265137,91.8000030517578,1
2014-01-23,174.5608673095703,-0.007812852338539233,0.04148792299558335,-0.06811390592252453,174.28529510498046,166.8835369873047,52.78823072850007,15.850000381469728,15.739999771118164,92.58999633789062,1
2014-01-24,171.12445068359375,-0.019686065261593444,-0.00014184583061072065,-0.06568965797336668,174.4253384399414,166.93690795898436,53.917141532852334,15.579999923706056,15.420000076293944,94.16999816894533,1
2014-01-27,163.2975616455078,-0.04573799364625997,-0.046369024774302936,-0.06930873629937773,174.2885299682617,166.95961395263672,42.30765619696237,15.829999923706056,15.539999961853027,93.95999908447266,1
2014-01-28,164.72872924804688,0.008764170071601463,-0.015368970017794359,-0.07188731210631782,174.11064605712892,166.99667274475098,43.29513732992367,18.670000076293945,15.40999984741211,94.37000274658205,1
2014-01-29,161.93917846679688,-0.016934209314815485,-0.040804495893105086,-0.08822733460746812,173.84026245117187,167.0190283203125,41.158617543582615,17.719999313354492,15.350000381469728,94.37000274658205,1
2014-01-30,157.5972137451172,-0.026812317826905296,-0.09600651473153643,-0.11064954250287407,173.59898712158204,167.0083415222168,41.085173408078106,18.040000915527344,15.550000190734863,94.98999786376952,1
2014-01-31,159.72372436523438,0.013493326243422032,-0.09214574300457312,-0.07127400256694583,173.46136993408203,166.97973793029786,37.2195170447714,17.25,15.850000381469728,96.7300033569336,1
2014-02-03,155.8102569580078,-0.024501478554793676,-0.10741588673657154,-0.11418600202733387,173.27685546875,166.92747146606445,36.422891583191664,16.81999969482422,15.579999923706056,97.31999969482422,1
2014-02-04,156.64305114746094,0.005344925332339212,-0.08462495849239382,-0.1178454196188875,172.93418548583983,166.87797737121582,32.19527726584859,18.270000457763672,15.829999923706056,96.63999938964844,1
2014-02-05,156.25497436523438,-0.002477459289663808,-0.0431273266379919,-0.12067153825459376,172.68353088378908,166.80125373840332,31.743802995861657,18.690000534057617,18.670000076293945,95.72000122070312,1
2014-02-06,154.9289093017578,-0.008486546229094616,-0.059490654672219256,-0.12876818094373332,172.409912109375,166.70298873901368,33.90147671742615,18.93000030517578,17.719999313354492,97.41000366210938,1
2014-02-07,155.3170623779297,0.002505362478321338,-0.040892612594208955,-0.13492442360853607,172.1587728881836,166.58678314208984,31.88035555766558,18.940000534057617,18.040000915527344,97.36000061035156,1
2014-02-10,155.33323669433594,0.00010413740872139421,-0.014365590589963007,-0.12414492677561029,171.80915008544923,166.45014083862304,20.11705870213143,18.549999237060547,17.25,98.2300033569336,1
2014-02-11,156.67543029785156,0.00864073672884813,-0.01908479206515612,-0.11822515249823506,171.42281829833985,166.30999046325684,19.46152420557135,19.049999237060547,16.81999969482422,97.48999786376952,1
2014-02-12,161.58343505859375,0.03132593764964753,0.037052619084903204,-0.08973299803540402,171.14402618408204,166.18161643981932,31.49645871796757,18.6299991607666,18.270000457763672,96.43000030517578,1
2014-02-13,159.06068420410156,-0.015612682411271783,0.015434026845944748,-0.0855336743274846,170.87671508789063,166.06675270080567,32.33903751104074,17.43000030517578,18.690000534057617,97.19000244140624,1
2014-02-14,159.84500122070312,0.004930929478431878,0.02297544043031441,-0.07344378015335995,170.39998657226562,165.94889183044432,43.63259170208227,17.799999237060547,18.93000030517578,97.37999725341795,1
2014-02-17,163.19244384765625,0.020941803630951217,0.05333758937012467,-0.03040930402658759,169.96417083740235,165.83945793151855,47.35373833544301,16.65999984741211,18.940000534057617,97.83999633789062,1
2014-02-18,167.82554626464844,0.028390422422482242,0.08053515624884877,-0.011619072079206982,169.4340771484375,165.7467877960205,59.533809188879,15.829999923706056,18.549999237060547,99.87999725341795,1
2014-02-19,166.7096710205078,-0.006649018990118272,0.0732388931581871,-0.0221948777099773,169.02187133789062,165.6817399597168,66.48124618460285,15.40999984741211,19.049999237060547,100.05999755859376,1
2014-02-20,162.98220825195312,-0.02235900740333263,0.040253777775570265,-0.04091931366643031,168.53511627197267,165.5879549407959,55.570842581201234,15.06999969482422,18.6299991607666,99.94000244140624,1
2014-02-21,165.80410766601562,0.01731415621575172,0.02612070108480724,0.000780831228828216,168.18808044433592,165.491340713501,67.74834821130972,15.15999984741211,17.43000030517578,100.37000274658205,1
2014-02-24,167.56674194335938,0.010630823941311984,0.053476808438363665,-0.017726999467523652,168.03024810791015,165.40831100463868,68.77945541035194,14.039999961853027,17.799999237060547,100.3499984741211,1
2014-02-25,166.74205017089844,-0.004921571923500734,0.04314835557899199,-0.005161728484414763,167.81533203125,165.32537284851074,67.76220064062505,14.359999656677246,16.65999984741211,100.3000030517578,1
2014-02-26,167.60719299316406,0.0051885101651258925,0.02705241150521087,-0.020692730102511492,167.61529266357422,165.23666053771973,71.81409381947486,13.949999809265137,15.829999923706056,100.3000030517578,1
2014-02-28,168.8039093017578,0.0071400056717287885,0.0058296430959716705,-0.014212857637156517,167.44727386474608,165.1670933532715,72.57711029009081,13.960000038146973,15.40999984741211,102.43000030517578,1
2014-03-03,166.5317840576172,-0.013460145878961383,-0.00106704645148481,-0.004591592432441338,167.33827880859374,165.08723922729493,67.42999341662147,14.18000030517578,15.06999969482422,103.30999755859376,1
2014-03-04,172.8871307373047,0.038162965200016385,0.060773029102904275,0.024042236667052297,167.27812133789064,165.0043295288086,71.82658379090853,15.279999732971191,15.15999984741211,102.91999816894533,1
2014-03-05,177.78704833984375,0.028341713935806423,0.0722716755483872,0.019804409259790434,167.28248809814454,164.93299667358397,71.82044734054051,14.390000343322754,14.039999961853027,102.1999969482422,1
2014-03-06,183.3742218017578,0.0314262119433697,0.09433542524650651,0.04228140526746338,167.3960110473633,164.87134857177733,80.24534725512349,13.84000015258789,14.359999656677246,102.81999969482422,1
2014-03-07,194.3625946044922,0.0599232143687769,0.16564834368585912,0.11343737917963614,167.72671447753908,164.88106437683106,84.24506876883396,14.479999542236328,13.949999809265137,101.83000183105467,1
2014-03-10,193.0203857421875,-0.006905695332149353,0.15162352101475696,0.12795328178483945,167.99628997802733,164.88311492919922,80.81865713667703,16.719999313354492,13.960000038146973,102.58999633789062,1
2014-03-11,193.7561798095703,0.0038120018492016072,0.14781808437390653,0.18652218598452297,168.3244058227539,164.88955993652343,79.13858070923386,17.780000686645508,14.18000030517578,102.58999633789062,1
2014-03-12,195.9392852783203,0.01126728175016467,0.1765879191597961,0.1894663801071208,168.68955352783203,164.93698112487792,82.07632979346883,17.329999923706055,15.279999732971191,104.91999816894533,1
2014-03-13,197.2895965576172,0.00689147802789436,0.14114680321342776,0.2182944141467802,169.0851028442383,164.9658251953125,89.72101274785784,17.040000915527344,14.390000343322754,103.33000183105467,1
2014-03-14,196.4810028076172,-0.0040985118531774445,0.10514801073720248,0.24672891187903212,169.53595764160156,164.9784986114502,87.25443869875998,16.81999969482422,13.84000015258789,101.4499969482422,1
2014-03-18,194.78305053710935,-0.008641813947633303,0.06221609898737768,0.21949980387200396,169.9813153076172,164.9727018737793,83.10386196380271,16.450000762939453,14.479999542236328,101.55999755859376,1
2014-03-19,195.66436767578125,0.004524608975173594,0.0066976522614241585,0.2557861818334235,170.52838958740233,164.98487060546876,85.13053016073886,17.1299991607666,16.719999313354492,102.58000183105467,1
2014-03-20,194.1765899658203,-0.007603723292256337,0.005990062755221848,0.2396118981558013,171.0159524536133,164.9993840789795,81.79168124259179,16.8799991607666,17.780000686645508,101.12000274658205,1
2014-03-21,193.9825439453125,-0.0009993275736378537,0.0011682937595314247,0.24144875856491277,171.48572814941406,165.0358502960205,80.86824305238315,16.90999984741211,17.329999923706055,100.02999877929688,1
2014-03-24,200.87960815429688,0.035555076599721236,0.02521353933163084,0.2965921535214584,172.1046029663086,165.11432159423828,87.82051820561213,16.18000030517578,17.040000915527344,97.98999786376952,1
2014-03-25,202.55332946777344,0.008331962257667191,0.026680235562339893,0.30412799705743043,172.84217468261718,165.20678085327148,86.42048204868438,16.540000915527344,16.81999969482422,98.1999969482422,1
2014-03-26,203.19210815429688,0.003153632123460426,0.034156510048204636,0.30810451438759,173.4942007446289,165.30550659179687,84.83369249116048,16.920000076293945,16.450000762939453,98.88999938964844,1
2014-03-27,203.5963897705078,0.001989652156686894,0.04524695146264479,0.2994787337328899,174.21398468017577,165.38992073059083,82.32100143206652,17.770000457763672,17.1299991607666,99.6999969482422,1
2014-03-28,203.6287078857422,0.000158736190120079,0.04070409091121774,0.26020781654939995,174.86358428955077,165.48492698669435,72.79232048810654,18.3700008392334,16.8799991607666,100.37000274658205,1
2014-03-31,201.34048461914065,-0.011237233150276027,0.03689370924981916,0.2658092452361578,175.46564025878905,165.58781677246094,69.55527534023929,18.6299991607666,16.90999984741211,99.43000030517578,1
2014-04-01,197.9283599853516,-0.016947036957040695,0.020341088222616044,0.23825179688957276,176.0782083129883,165.707039642334,58.71032810427373,21.6200008392334,16.18000030517578,99.45999908447266,1
2014-04-02,201.0170440673828,0.015605060751576083,0.0006841705554323507,0.23177911506145876,176.72198669433592,165.83786529541015,60.214683438618465,20.690000534057617,16.540000915527344,99.5999984741211,1
2014-04-03,199.51315307617188,-0.007481410336064975,-0.015009263977984966,0.1888127732446312,177.22556060791015,165.97119750976563,54.445552860781895,21.209999084472656,16.920000076293945,99.19000244140624,1
2014-04-04,198.9794921875,-0.002674815572024647,-0.02073218298221491,0.1935689811482053,177.6864419555664,166.0749362182617,55.05075088358297,22.11000061035156,17.770000457763672,100.26000213623048,1
2014-04-07,195.53500366210935,-0.017310771514809642,-0.03959493642046008,0.1997322024244086,178.1059246826172,166.16201843261717,51.41983084190668,22.690000534057617,18.3700008392334,101.27999877929688,1
2014-04-09,203.7257537841797,0.04188891998193944,0.0004765825970469706,0.22871355029726304,178.7579507446289,166.29854446411133,61.928723578641915,24.950000762939453,18.6299991607666,101.66999816894533,1
2014-04-10,201.71241760253903,-0.009882580597902813,0.0018472836404557214,0.20377358456203387,179.52624786376953,166.4284401702881,60.98025160834753,26.90999984741211,21.6200008392334,101.58000183105467,1
2014-04-11,199.88507080078125,-0.009059168609829693,0.009885954774618844,0.19876822070925493,180.22937469482423,166.58198616027832,58.209659701553356,28.71999931335449,20.690000534057617,99.73999786376952,1
2014-04-15,197.2006378173828,-0.013429882345109778,-0.018985485871141905,0.1765642887738459,180.93460388183593,166.72316139221192,44.20379709527548,29.190000534057617,21.209999084472656,99.62000274658205,1
2014-04-16,197.70193481445312,0.002542065799678195,-0.009078189752368071,0.17119286888691976,181.73669830322265,166.86336616516112,42.063447289763396,31.8799991607666,22.11000061035156,100.29000091552734,1
2014-04-17,204.218994140625,0.03296406447558664,0.02633186915658503,0.22630640929162604,182.62660369873046,167.0493359375,51.40893606045582,31.15999984741211,22.690000534057617,101.13999938964844,1
2014-04-21,207.31578063964844,0.01516404736031074,0.060248941401288114,0.19913946026819507,183.65671417236328,167.2562070465088,54.75207352716407,30.850000381469727,24.950000762939453,100.44000244140624,1
2014-04-22,208.5933074951172,0.0061622267804557485,0.023892677388711592,0.17327617193118927,184.6957192993164,167.4659080505371,56.14740934385058,34.38999938964844,26.90999984741211,103.5999984741211,1
2014-04-23,210.15383911132807,0.007481216127930734,0.041848794482362006,0.14603806929046526,185.7736965942383,167.65090744018553,61.11340291877088,33.349998474121094,28.71999931335449,103.4000015258789,1
2014-04-24,210.15383911132807,0.0,0.05137336305011675,0.08124631459550868,186.8781951904297,167.8382113647461,66.86747977167252,31.1299991607666,29.190000534057617,103.73999786376952,1
2014-04-25,205.45606994628903,-0.022353953584214104,0.04186311068907966,0.06442679179344069,187.88097534179687,167.9929704284668,55.86414477291342,31.1299991607666,31.8799991607666,103.75,1
2014-04-28,206.26461791992188,0.003935381290239848,0.04331107388253419,0.06455762145313382,188.8996029663086,168.16398162841796,59.08589860585307,30.68000030517578,31.15999984741211,103.76000213623048,1
2014-04-29,204.2108917236328,-0.009956754663014378,-3.967513906477649e-05,0.042215150645074306,189.85031219482423,168.3249668121338,56.763528141303674,31.38999938964844,30.850000381469727,104.3000030517578,1
2014-04-30,201.0736541748047,-0.015362733703126241,-0.030109268313219584,0.019180218740436183,190.64011657714843,168.48008987426758,57.21811009248021,31.049999237060547,34.38999938964844,104.37000274658205,1
2014-05-02,202.529052734375,0.007238136520387073,-0.029072144420952406,0.03078185595723837,191.5094839477539,168.6615719604492,48.1083412245914,30.59000015258789,33.349998474121094,102.12999725341795,1
2014-05-05,202.53717041015625,4.008153729873065e-05,-0.03624330030505374,0.03980900726046288,192.36332733154296,168.83791984558104,51.3919512967699,33.060001373291016,31.1299991607666,101.44000244140624,1
2014-05-06,206.28082275390625,0.018483779230097586,-0.018429434236364894,0.05425849992123566,193.22509490966797,169.02958984375,60.13844235180749,34.189998626708984,31.1299991607666,101.94000244140624,1
2014-05-07,205.48033142089844,-0.003880590169852094,0.00011808594711149034,0.0582137190537122,193.97819061279296,169.20157135009765,63.95855070495291,33.27000045776367,30.68000030517578,100.5999984741211,1
2014-05-08,208.4477386474609,0.014441320033128369,0.010584077625890087,0.07456956903414169,194.81295196533202,169.38640884399413,66.72537577869134,33.61000061035156,31.38999938964844,100.83999633789062,1
2014-05-09,222.93722534179688,0.06951136427937676,0.09170095414649682,0.10980515837405158,196.0120523071289,169.64316833496093,73.34137308507273,34.29999923706055,31.049999237060547,101.27999877929688,1
2014-05-12,226.18768310546875,0.014580148105317159,0.12489964950271903,0.11668212860186822,197.21972381591797,169.9627533721924,73.44315269232828,37.709999084472656,30.59000015258789,99.73999786376952,1
2014-05-13,226.52723693847656,0.0015012039044119962,0.1184925514640911,0.11484269244581014,198.3989337158203,170.30279487609863,72.80952003900056,37.09999847412109,33.060001373291016,99.76000213623048,1
2014-05-14,227.91799926757807,0.006139492751060294,0.12531442404385973,0.11945992522011495,199.6224526977539,170.6463941192627,72.69158951369266,32.04999923706055,34.189998626708984,99.4800033569336,1
2014-05-15,225.60549926757807,-0.010146192961640987,0.09368140118738144,0.10792580088543913,200.78241882324218,170.9987664794922,68.63661761144172,32.41999816894531,33.27000045776367,99.5,1
2014-05-16,236.95773315429688,0.050318959083770265,0.15318936618279677,0.17690058014179533,202.14549530029296,171.39565002441407,82.73949549447829,36.77000045776367,33.61000061035156,100.7699966430664,0
2014-05-19,237.4590301513672,0.002115554493188343,0.13917777037136325,0.19972211242967508,203.56404022216796,171.78275001525878,82.6285530423047,24.290000915527344,34.29999923706055,100.26000213623048,0
2014-05-20,234.4673767089844,-0.012598608865183047,0.05171927366329254,0.16640545480505975,204.79564514160157,172.18549591064453,81.0385002258753,20.6299991607666,37.709999084472656,99.98999786376952,1
2014-05-21,232.9553375244141,-0.00644882544340919,0.02992052584839322,0.1676189460825892,205.89901092529297,172.5943865966797,83.8338625243383,19.229999542236328,37.09999847412109,100.58999633789062,1
2014-05-22,234.72610473632807,0.007601316332700003,0.03619373947547988,0.17964973252190108,206.92604858398437,173.01479949951172,83.94135246429033,17.90999984741211,32.04999923706055,101.6999969482422,1
2014-05-23,236.2300262451172,0.006407133584389824,0.03646937496928748,0.20812141980128596,207.76339721679688,173.44511711120606,84.4323077167778,17.84000015258789,32.41999816894531,102.37000274658205,1
2014-05-26,235.21929931640625,-0.004278570953813454,0.042613323168269934,0.15458794456389535,208.60737548828126,173.87244300842286,81.32324125201006,17.700000762939453,36.77000045776367,101.5,1
2014-05-27,234.0145568847656,-0.005121783948603964,-0.012420680390349603,0.16013956734124224,209.41254302978516,174.3074909210205,80.61773184182286,19.84000015258789,24.290000915527344,102.0199966430664,1
2014-05-28,235.4861602783203,0.0062885121897753304,-0.008308253730293091,0.1781077963197235,210.20348052978517,174.74573265075685,79.97491701028628,19.100000381469727,20.6299991607666,102.61000061035156,0
2014-05-29,232.3731842041016,-0.013219358923426738,-0.008931701007949044,0.17835919181605409,210.90515228271485,175.19032165527344,63.98946347802054,17.559999465942383,19.229999542236328,102.44000244140624,0
2014-05-30,229.31678771972656,-0.013152965540509598,-0.015619087518465635,0.15991170210319172,211.56186798095703,175.60721710205078,54.66596344298678,16.690000534057617,17.90999984741211,104.06999969482422,0
2014-06-02,236.7798309326172,0.032544687578704545,0.008749458005943067,0.15944078526589367,212.40180358886718,176.09061698913575,62.609370261497766,16.34000015258789,17.84000015258789,103.73999786376952,0
2014-06-03,235.8338165283203,-0.003995333557637704,-0.0016772199668884102,0.13755844249136673,213.20519256591797,176.56775062561036,59.84311609340787,16.5,17.700000762939453,104.3499984741211,0
2014-06-04,241.42840576171875,0.02372259125411147,0.0263970960858968,0.1574120409753328,214.15022888183594,177.06735885620117,68.19059240246267,15.800000190734863,19.84000015258789,104.3499984741211,1
2014-06-05,244.2242889404297,0.011580589160127053,0.043628619482383835,0.16212147240885266,215.15506378173828,177.58741508483888,60.39991386927435,15.56999969482422,19.100000381469727,104.11000061035156,0
2014-06-06,248.0883331298828,0.015821703100118878,0.05351555622915605,0.1805082133115785,216.09923828125,178.10617309570313,63.87695404322999,15.449999809265137,17.559999465942383,102.72000122070312,0
2014-06-09,249.0731658935547,0.003969685922942112,0.07186707772091694,0.2122940245020173,217.02963500976563,178.61902046203613,70.12283442054648,15.979999542236328,16.690000534057617,103.58000183105467,0
2014-06-10,247.24542236328125,-0.007338179220215735,0.07818282656857756,0.19868072797278957,217.91070129394532,179.1610147857666,69.51808911276956,17.100000381469727,16.34000015258789,102.70999908447266,1
2014-06-11,245.35096740722656,-0.0076622448170997615,0.03619876085243323,0.20145877301819115,218.74579284667968,179.7285070037842,64.4630838887156,16.65999984741211,16.5,102.47000122070312,1
2014-06-12,243.59829711914065,-0.007143523038068422,0.032923525154790134,0.21148789043922633,219.54518463134767,180.27506706237793,59.96258308737397,17.059999465942383,15.800000190734863,102.66000366210938,1
2014-06-13,238.41552734375,-0.021275886722869175,-0.012479386625873445,0.1771917368143796,220.28668548583985,180.7964005279541,53.883464186209316,16.899999618530273,15.56999969482422,102.63999938964844,1
2014-06-16,236.01193237304688,-0.010081537043674205,-0.03362628919102284,0.16527712861348443,221.04835693359374,181.30446266174317,52.358142165887855,17.760000228881836,15.449999809265137,102.4800033569336,1
2014-06-17,241.9458465576172,0.025142432947801163,-0.024759272210716277,0.17289548939922272,221.86693298339844,181.82444648742677,56.89946843671894,17.979999542236328,15.979999542236328,102.66000366210938,1
2014-06-18,237.2721710205078,-0.01931703149116215,-0.0473796317267281,0.15471962391616034,222.62211334228516,182.33933547973632,55.063696015474,17.700000762939453,17.100000381469727,104.41000366210938,1
2014-06-19,235.6447296142578,-0.006858964535328194,-0.046919747343101004,0.13047390748044552,223.3554180908203,182.86860565185546,56.73978715229902,18.57999992370605,16.65999984741211,104.3499984741211,1
2014-06-20,233.15768432617188,-0.01055421562857417,-0.04969730997969379,0.045844559914592464,224.10787170410157,183.3904941558838,45.68470208063454,18.739999771118164,17.059999465942383,104.4000015258789,1
2014-06-23,236.0536651611328,0.012420696505587525,-0.03097161206475041,0.04361856454873214,224.75442993164063,183.91808982849122,50.25029080150035,18.850000381469727,16.899999618530273,106.52999877929688,1
2014-06-24,240.2433013916016,0.01774865993971697,0.007666338129128203,0.06054929481548488,225.52504760742187,184.4694231414795,48.606208435429664,18.959999084472656,17.760000228881836,106.91000366210938,1
2014-06-25,237.1052398681641,-0.013062014654562137,0.0046324246580427,0.04030941228911056,226.26945098876953,184.98659049987793,41.69419519034741,19.190000534057617,17.979999542236328,106.9000015258789,1
2014-06-26,234.1257781982422,-0.012565988299451103,-0.0323215648073244,0.03776627324389237,227.00795379638672,185.52366912841796,33.366537847693095,18.309999465942383,17.700000762939453,106.36000061035156,1
2014-06-27,231.12127685546875,-0.01283285149501745,-0.02592336951520302,-0.024630790568154537,227.67634063720703,186.01807250976563,29.595930060135487,17.700000762939453,18.57999992370605,105.97000122070312,1
2014-06-30,236.7129821777344,0.02419381459960701,0.004533318293285404,-0.003141796600269142,228.3262203979492,186.4790239715576,38.97240152783082,17.6299991607666,18.739999771118164,106.43000030517578,1
2014-07-01,240.03460693359372,0.014032288070137566,0.029494728545174098,0.02374415708808497,228.98059692382813,186.90426940917968,44.59522641650508,17.8700008392334,18.850000381469727,107.26000213623048,1
2014-07-02,242.3631134033203,0.00970071149103413,0.02672887217353992,0.04038446158341524,229.6559930419922,187.33210144042968,48.75880690660805,17.65999984741211,18.959999084472656,106.16999816894533,1
2014-07-03,242.705322265625,0.0014119675948180976,0.010248031307271477,0.033993737246482025,230.3070227050781,187.7615232849121,54.77520837692919,17.56999969482422,19.190000534057617,106.02999877929688,1
2014-07-04,244.17416381835935,0.006051954440153606,0.02981344467176572,0.03362882229458486,230.98742919921875,188.21328826904298,59.278931351311556,17.809999465942383,18.309999465942383,106.5,1
2014-07-07,242.25462341308597,-0.00786135754600692,0.034719992293889224,0.029909638014932183,231.72340026855468,188.6629345703125,50.38627785892578,18.15999984741211,17.700000762939453,105.83999633789062,1
2014-07-08,235.5529327392578,-0.02766382981430493,0.019174590691450666,0.006573846836587016,232.3091665649414,189.05643280029298,47.95310482344367,19.40999984741211,17.6299991607666,105.73999786376952,1
2014-07-09,234.1925506591797,-0.005775271249048641,-0.010647626908194985,-0.005493357306483371,232.90879974365234,189.44919311523438,48.259996109353494,19.18000030517578,17.8700008392334,105.37000274658205,1
2014-07-10,231.8473663330078,-0.010013915129114537,-0.03410858419615692,-0.0022628164815778895,233.5242739868164,189.82161643981934,48.42461860664613,18.190000534057617,17.65999984741211,105.33999633789062,1
2014-07-11,226.4392547607422,-0.023326172118331656,-0.06570248425584047,-0.012548287404502312,234.00247802734376,190.11593841552735,39.09917366238285,15.970000267028809,17.56999969482422,104.4800033569336,1
2014-07-14,224.3778381347656,-0.009103618664328739,-0.07551331779531878,-0.05237774158805342,234.43929138183594,190.43957305908202,31.09960020024519,15.720000267028809,17.809999465942383,104.05999755859376,1
2014-07-15,232.78207397460935,0.0374557305200347,-0.04665559068822922,-0.012940224598131378,234.96931640625,190.8407650756836,45.42400212420179,15.5600004196167,18.15999984741211,104.05999755859376,1
2014-07-16,243.84033203125,0.047504766444545155,0.0065456278845095195,0.009990234007143828,235.73651641845703,191.29599517822265,58.78092895763354,14.770000457763672,19.40999984741211,103.52999877929688,1
2014-07-17,242.12940979003903,-0.007016567878490698,0.02791931721801566,-0.008577685534388535,236.4101498413086,191.75047325134278,60.18844619589669,14.729999542236328,19.18000030517578,103.4000015258789,1
2014-07-18,247.1118927001953,0.02057776836971925,0.05516546963023239,-0.003935857915480012,236.89364318847657,192.22105041503906,59.73436373821915,14.970000267028809,18.190000534057617,102.29000091552734,1
2014-07-21,247.4707489013672,0.0014522012568907172,0.06738650007315217,-0.006433519188784542,237.31930450439452,192.71185722351075,57.36972047280176,15.100000381469728,15.970000267028809,102.93000030517578,1
2014-07-22,247.57928466796875,0.0004385801840556258,0.09335850327525286,0.0013503275470028164,237.74034545898436,193.23526618957519,55.4075255192836,14.899999618530272,15.720000267028809,100.83000183105467,1
2014-07-23,251.3766326904297,0.01533790691557102,0.12032736735545191,0.024559370386348922,238.2095181274414,193.75574974060058,58.38848327020994,14.640000343322754,15.5600004196167,100.91000366210938,1
2014-07-24,251.44338989257807,0.00026556645871922413,0.08016646470812105,0.03220503946955122,238.72627593994142,194.25465507507323,57.22821004104513,14.6899995803833,14.770000457763672,99.95999908447266,1
2014-07-25,246.31069946289065,-0.020412906586568913,0.010131086236070397,0.03311517587425139,238.91333526611328,194.7337590789795,53.79094693025127,14.720000267028809,14.729999542236328,101.1999969482422,1
2014-07-28,242.19618225097656,-0.01670458173715672,0.00027577179077686864,0.026203123781702198,239.00807830810547,195.20393379211427,56.524542188658614,14.220000267028809,14.970000267028809,103.19000244140624,1
2014-07-30,248.4472503662109,0.025809936627145813,0.0054038583551123676,0.026871318111449716,239.28767578125,195.68846481323243,62.77294039214269,14.31999969482422,15.100000381469728,103.12999725341795,1
2014-07-31,245.57627868652344,-0.011555658899245924,-0.007655329865263405,0.03499823696263937,239.5400946044922,196.1478871154785,62.18697445299769,13.890000343322754,14.899999618530272,104.58999633789062,1
2014-08-01,246.31069946289065,0.002990601455056252,-0.005123955369607747,0.04526292553240063,239.77178649902345,196.6128816986084,69.23571170929523,13.81999969482422,14.640000343322754,104.41999816894533,1
2014-08-04,248.9396514892578,0.01067331639307545,-0.009694541513622035,0.06768795636607905,240.02597900390626,197.05140129089355,73.51762313608054,15.220000267028809,14.6899995803833,103.12000274658205,1
2014-08-05,248.13011169433597,-0.0032519519894835813,-0.013177034399900478,0.05115975015664187,240.28419525146484,197.48579231262207,67.1965574367471,14.81999969482422,14.720000267028809,102.06999969482422,1
2014-08-06,241.54525756835935,-0.02653790820071167,-0.01934727928962454,0.005419323532503073,240.43480926513672,197.9055325317383,47.14201131262641,13.949999809265137,14.220000267028809,102.08999633789062,1
2014-08-07,241.16964721679688,-0.0015550309509023696,-0.004238444324923041,0.017141786283983773,240.54847900390624,198.3311974334717,48.76372163049827,14.300000190734863,14.31999969482422,101.66999816894533,1
2014-08-08,239.8843688964844,-0.0053293535697594985,-0.03446559161795848,0.024596141196234322,240.6987026977539,198.71489959716797,39.71006936524176,14.140000343322754,13.890000343322754,100.2699966430664,1
2014-08-11,240.5103454589844,0.0026094929210254136,-0.02062875638736128,0.04062399070851064,240.92257385253907,199.1005997467041,40.16517678693935,14.619999885559082,13.81999969482422,98.16999816894533,1
2014-08-12,244.24925231933597,0.015545721549800051,-0.00836929596663849,0.031837164452362066,241.07196228027342,199.50507522583007,45.73257604288759,14.0,15.220000267028809,97.87999725341795,1
2014-08-13,242.39651489257807,-0.007585437454422972,-0.026284027303549506,0.009839864297725098,241.2032162475586,199.88767333984376,37.888366208162736,13.470000267028809,14.81999969482422,98.29000091552734,1
2014-08-14,246.97837829589844,0.018902348514997724,-0.004641651069968944,0.019042769453525565,241.31421569824218,200.29710235595704,44.63177190291153,13.760000228881836,13.949999809265137,97.37999725341795,0
2014-08-18,255.4994659423828,0.034501350706398703,0.05777057481691328,0.052714722352711574,241.53971923828124,200.74808578491212,60.2152376241419,13.220000267028809,14.300000190734863,96.91999816894533,0
2014-08-19,257.53582763671875,0.0079701211383163,0.06786169241774309,0.054721857584814515,241.72866912841798,201.21507255554198,67.8793628231956,13.5,14.140000343322754,97.33999633789062,0
2014-08-20,257.51080322265625,-9.716867082976144e-05,0.07347887820810062,0.06297580452595053,241.897421875,201.63370330810548,62.357732609498,13.90999984741211,14.619999885559082,97.6500015258789,0
2014-08-21,257.8780822753906,0.0014262665804229968,0.07221201559235224,0.09477763353023216,242.1100750732422,202.03448196411134,68.00199354509385,13.65999984741211,14.0,98.08000183105467,0
2014-08-22,256.9766845703125,-0.0034954413229872916,0.052108377528773175,0.09728803861182822,242.3425894165039,202.41300567626953,65.53229311563118,13.729999542236328,13.470000267028809,97.37000274658205,0
2014-08-25,252.76199340820312,-0.016401064435696555,0.04276248988240883,0.09020860321162827,242.52586334228516,202.76034896850587,55.32054171181851,13.619999885559082,13.760000228881836,97.58999633789062,0
2014-08-26,251.7188262939453,-0.004127072667025278,0.019193777328829542,0.11163952804876409,242.79192932128908,203.1327569580078,54.96306244101886,13.789999961853027,13.220000267028809,95.58000183105467,0
2014-08-27,257.10186767578125,0.021385136189813192,0.006271644159756562,0.1458434122239871,243.21372802734376,203.5446940612793,72.2539794520488,13.899999618530272,13.5,96.41000366210938,0
2014-08-28,259.8559875488281,0.010712173730764052,0.009009076264845817,0.11630583537618899,243.57193084716798,203.99380935668944,75.02795807923083,13.0600004196167,13.90999984741211,94.4800033569336,0
2014-09-01,266.7830810546875,0.02665743272341481,0.036007335288430475,0.0940892297525957,244.16214904785156,204.47881355285645,81.29740769857337,13.06999969482422,13.65999984741211,96.06999969482422,0
2014-09-02,265.58123779296875,-0.0045049455796351,0.029871307594694585,0.09685658600194746,244.7608792114258,204.96807731628417,78.7849482936591,13.529999732971191,13.729999542236328,93.95999908447266,0
2014-09-03,263.8620300292969,-0.006473378081820913,0.026793658228166706,0.06778361472640015,245.37496612548827,205.46851440429688,73.61339986677135,13.449999809265137,13.619999885559082,93.6500015258789,0
2014-09-04,262.334716796875,-0.005788302440681958,0.037872479400857584,0.06006353462579139,245.90058715820314,205.95957656860352,74.19479674941269,13.390000343322754,13.789999961853027,93.3499984741211,1
2014-09-05,258.22857666015625,-0.01565229408770219,0.025861197837499628,0.04301366330575429,246.2602926635742,206.40002952575685,63.81145951778385,13.079999923706056,13.899999618530272,93.86000061035156,1
2014-09-08,261.6921081542969,0.01341265764981081,0.01785378114912861,0.041035936210390256,246.75203002929686,206.8403754425049,58.6804113303643,12.9399995803833,13.0600004196167,93.87999725341795,1
2014-09-09,258.0115661621094,-0.014064398113287413,-0.007097859872758128,0.02612188879706623,247.2297457885742,207.2531414794922,50.63747323585651,12.789999961853027,13.06999969482422,94.5500030517578,1
2014-09-10,262.07598876953125,0.015752869795256252,-0.017643893557820256,0.06400570231426683,247.84884002685547,207.7152165222168,55.51967004186466,12.760000228881836,13.529999732971191,94.5500030517578,1
2014-09-11,261.3665771484375,-0.002706892853574616,-0.01586957226179042,0.0791523413758668,248.34191192626952,208.1890264892578,54.18325658058453,12.93000030517578,13.449999809265137,92.87999725341795,1
2014-09-12,261.12457275390625,-0.0009259194391707526,-0.010374578241085675,0.05102621328676005,248.76371124267578,208.6694694519043,55.053897381171055,12.520000457763672,13.390000343322754,95.54000091552734,1
2014-09-15,259.2801208496094,-0.007063494196829834,-0.011643887566855193,0.055802792665405665,249.10205139160155,209.0969873046875,58.42869511616656,12.369999885559082,13.079999923706056,94.4499969482422,1
2014-09-16,254.6732177734375,-0.017768053567222886,-0.013768262725615377,0.03395109643544636,249.3414093017578,209.52641487121582,53.49797495074229,13.260000228881836,12.9399995803833,93.29000091552734,1
2014-09-17,255.3409118652344,0.002621767996000557,-0.024269728016856118,0.025714105156336764,249.5647442626953,209.9600701904297,47.65297763489394,13.279999732971191,12.789999961853027,92.66000366210938,1
2014-09-18,261.2247314453125,0.02304299587989056,0.012453570710021067,0.05277319895421395,249.94414642333984,210.42682373046875,51.6838046755041,12.949999809265137,12.760000228881836,92.75,1
2014-09-19,262.4265441894531,0.004600685155234707,0.0013376098343376164,0.08644875428855903,250.48161865234374,210.87488456726075,43.76195674117681,12.329999923706056,12.93000030517578,91.66999816894533,1
2014-09-22,263.5364685058594,0.004229466648788982,0.008302099606980473,0.0927431024060672,251.06849700927734,211.31260681152344,47.064405805381455,11.890000343322754,12.520000457763672,92.83000183105467,1
2014-09-23,256.8014221191406,-0.025556411319099914,-0.01655589356900522,0.07052169885215132,251.567578125,211.71899871826173,41.139466411760026,11.56999969482422,12.369999885559082,92.2699966430664,1
2014-09-24,253.112548828125,-0.014364691832992271,-0.02378729229712817,0.05239776004267438,252.10104400634765,212.12243026733398,39.02242506934727,12.40999984741211,13.260000228881836,92.91999816894533,1
2014-09-25,244.5830841064453,-0.03369830836586285,-0.039619924526059,0.0013667668741637051,252.50514892578124,212.42693855285646,35.30464235864278,12.539999961853027,13.279999732971191,94.87999725341795,1
2014-09-26,246.6946258544922,0.008633228891364864,-0.033861733897565194,0.0177317358041178,252.7833999633789,212.7354955291748,33.364194448722884,13.300000190734863,12.949999809265137,94.41999816894533,1
2014-09-29,243.4480438232422,-0.013160327348050616,-0.06805131935140629,-0.01429410338271253,252.77555419921876,212.98108459472655,33.68852445008041,12.93000030517578,12.329999923706056,93.06999969482422,1
2014-09-30,239.28350830078125,-0.01710646533469229,-0.08818862421159757,-0.06346767724852465,252.71863616943358,213.24090232849122,24.52902514685138,13.390000343322754,11.890000343322754,92.41000366210938,1
2014-10-01,238.4990081787109,-0.0032785381978109873,-0.09500567594724296,-0.07391911111047922,252.54637847900392,213.4967975616455,24.487928210362668,13.149999618530272,11.56999969482422,91.5199966430664,1
2014-10-07,238.63255310058597,0.0005599391079018634,-0.07075065577372619,-0.07331051701837632,252.3696145629883,213.77418083190918,24.84603394710436,13.0,12.40999984741211,91.55999755859376,1
2014-10-08,241.7872467041016,0.013219879528280076,-0.04474413527285759,-0.06239706542452672,252.25377380371094,214.10582527160645,30.993830359591257,14.460000038146973,12.539999961853027,92.8000030517578,1
2014-10-09,248.4388885498047,0.027510308903278657,0.015764804248201036,-0.033224010321340036,252.19501892089843,214.46058044433593,43.51451045604291,14.109999656677246,13.300000190734863,92.52999877929688,1
2014-10-10,243.523193359375,-0.019786335461101645,-0.012855701595168911,-0.03655138149629855,252.03661499023437,214.79015060424805,38.704511684806846,13.15999984741211,12.93000030517578,93.54000091552734,1
2014-10-13,246.686279296875,0.012988848798611619,0.013301546493361682,-0.01999273185547723,252.04412658691408,215.1375577545166,35.34162545630883,14.329999923706056,13.390000343322754,94.56999969482422,1
2014-10-14,246.7113037109375,0.00010144226153885327,0.031041819233189605,-0.04041419091496756,252.13442901611327,215.51120658874513,33.76999372807586,14.5,13.149999618530272,91.16000366210938,1
2014-10-15,246.7113037109375,0.0,0.03443324815033599,-0.05058449474988791,252.0997100830078,215.8652880859375,32.216003845000074,14.59000015258789,13.0,90.7300033569336,1
2014-10-16,243.7902374267578,-0.011840018030151556,0.021613498490282712,-0.08618553896682979,252.0639892578125,216.19639572143555,35.04126234967164,14.59000015258789,14.460000038146973,88.8499984741211,1
2014-10-17,251.2430725097656,0.03057068716808997,0.03910804202686502,-0.05398786978461301,252.16263671875,216.56412071228027,48.02189449156754,16.43000030517578,14.109999656677246,87.30999755859375,1
2014-10-20,256.5343322753906,0.021060321037983387,0.03258525174074367,-0.027770944357142446,252.31453033447266,216.9576552581787,63.576025095740064,16.399999618530273,13.15999984741211,85.7699966430664,1
2014-10-21,264.0789794921875,0.029409892819716843,0.08440997282126506,0.006648996810677765,252.6335076904297,217.38034210205078,67.5780241102454,14.1899995803833,14.329999923706056,85.81999969482422,1
2014-10-22,262.2261962890625,-0.007016019248059169,0.06299465473507726,0.01548093429708719,253.04712646484376,217.80472114562988,69.53806067468459,13.329999923706056,14.5,85.73999786376953,1
2014-10-27,262.56842041015625,0.0013050722084093636,0.06427397715751981,0.0033486384516521195,253.47510192871093,218.2291537475586,76.32074606033967,13.029999732971191,14.59000015258789,81.83999633789062,1
2014-10-28,267.2754211425781,0.017926758766606765,0.08335296000759995,0.03590480503749305,254.0229229736328,218.67797019958496,79.8786344009463,13.520000457763672,14.59000015258789,81.77999877929688,1
2014-10-29,268.043212890625,0.002872661259926579,0.09948296420669234,0.022769060794582296,254.57358032226563,219.14849494934083,80.14020394153529,13.31999969482422,16.43000030517578,82.69999694824219,1
2014-10-30,269.4119567871094,0.005106429973449345,0.07231596117595473,0.03078197574628172,255.0768344116211,219.63297889709472,79.38561394293868,13.010000228881836,16.399999618530273,82.75,1
2014-10-31,271.5151062011719,0.007806444224464748,0.058396760359152644,0.03979148089237117,255.65920623779297,220.14900115966796,77.1770707577872,13.270000457763672,14.1899995803833,82.70999908447266,1
2014-11-03,274.6948547363281,0.011711129371933637,0.040199622342355745,0.05945204682953609,256.2135357666016,220.67348320007324,88.27621690004887,13.300000190734863,13.329999923706056,82.80999755859375,1
2014-11-05,278.97625732421875,0.015586031241831,0.06387638333697221,0.0954283287550155,256.6830715942383,221.21589569091796,88.5895923736831,13.739999771118164,13.029999732971191,80.5199966430664,1
2014-11-07,281.2046203613281,0.00798764403280261,0.0709765474540327,0.10129089109599576,257.1564474487305,221.77223945617675,89.16044641669254,13.760000228881836,13.520000457763672,81.0,1
2014-11-10,278.2502136230469,-0.010506252473679312,0.041061734870915245,0.0651756136700199,257.5712356567383,222.33511680603027,83.55529999103865,14.109999656677246,13.31999969482422,81.41999816894531,1
2014-11-11,281.3464660644531,0.011127583339795022,0.04963100177155577,0.07209606761936849,258.04060333251954,222.888895111084,89.80892955977814,13.93000030517578,13.010000228881836,82.19999694824219,1
2014-11-12,285.08544921875,0.013289604119073317,0.05817667715477781,0.08176849615942827,258.60277862548827,223.4762863922119,88.93799188337567,14.800000190734863,13.270000457763672,81.12000274658203,1
2014-11-13,282.5065612792969,-0.009046017418708363,0.04048192836085218,0.10009733960207812,259.19766998291016,224.03307556152345,81.87215754183919,14.4399995803833,13.300000190734863,80.54000091552734,1
2014-11-14,282.4732360839844,-0.0001179625533707096,0.028316443550143955,0.11599854448858893,259.81275817871096,224.58925331115722,77.67463344172212,13.800000190734863,13.739999771118164,78.77999877929688,1
2014-11-17,279.39361572265625,-0.010902343896440847,0.0014960355495501343,0.14232599831418025,260.25859313964844,225.14972160339354,74.90927060473865,13.970000267028809,13.760000228881836,78.68000030517578,1
2014-11-18,280.62042236328125,0.004390961609669786,-0.002077483639124522,0.1375214250868988,260.6738818359375,225.70868309020997,75.53722775970326,14.40999984741211,14.109999656677246,78.6500015258789,1
2014-11-19,280.9042053222656,0.0010112698020852129,0.00953814793046015,0.15385690067905755,260.95630432128905,226.24153182983397,72.03788288519465,14.06999969482422,13.93000030517578,77.4000015258789,1
2014-11-20,281.7470703125,0.0030005424421020166,0.0014238822816956542,0.1774612981616006,261.27962097167966,226.77059005737306,72.10560723371744,14.350000381469728,14.800000190734863,77.94000244140625,1
2014-11-21,288.8828125,0.025326766236061893,0.013320088035556843,0.21125372682277876,261.78003662109376,227.34219978332519,76.48135035499614,14.170000076293944,14.4399995803833,77.18000030517578,1
2014-11-24,295.9934997558594,0.024614435155637215,0.047740266333951675,0.24037351949671004,262.4532122802734,227.9665450286865,79.30079167238966,13.850000381469728,13.800000190734863,74.20999908447266,0
2014-11-25,289.9761047363281,-0.02032948366938636,0.026561343497027767,0.19930272869685273,263.0881628417969,228.59993774414062,67.12817397443581,13.020000457763672,13.970000267028809,75.81999969482422,0
2014-11-26,285.4944152832031,-0.015455375046161679,0.021835858864444946,0.14915348780418447,263.564208984375,229.2037661743164,57.273299983995045,13.529999732971191,14.40999984741211,75.63999938964844,1
2014-11-27,287.63092041015625,0.007483526866309376,0.02498213774975877,0.1811233108531476,264.15659606933593,229.8322248840332,57.18553045994465,12.989999771118164,14.06999969482422,74.61000061035156,0
2014-11-28,292.83868408203125,0.018105715701388636,0.04248593838626902,0.18708946811595495,264.77184997558595,230.50843223571778,65.52946060841143,12.739999771118164,14.350000381469728,74.58000183105469,0
2014-12-01,293.46466064453125,0.002137615678960758,0.04158904054986157,0.1895063429617838,265.4138116455078,231.17713691711427,63.6159396287282,12.899999618530272,14.170000076293944,75.58000183105469,0
2014-12-02,295.5261535644531,0.007024671779539915,0.02299666431159908,0.19786223460077124,266.1018432617187,231.87571640014647,62.19066439853222,13.199999809265137,13.850000381469728,76.51000213623047,0
2014-12-03,299.4653625488281,0.013329476720969291,0.01172952377613834,0.22837307067637136,266.9055480957031,232.58982795715332,69.19160593016638,12.399999618530272,13.020000457763672,75.77999877929688,0
2014-12-04,302.2862243652344,0.009419659730919072,0.042452186327903485,0.20316242492013292,267.85780822753907,233.3199842071533,71.09093082697584,12.369999885559082,13.529999732971191,74.08999633789062,0
2014-12-05,300.2832336425781,-0.006626139602829428,0.0518007273266794,0.17053819260426661,268.75665466308595,234.0467558288574,72.75866494397368,12.449999809265137,12.989999771118164,73.69000244140625,1
2014-12-08,295.27569580078125,-0.016676048745889238,0.026578419940817444,0.11813403841753578,269.4376739501953,234.7465489959717,64.75130457433463,11.949999809265137,12.739999771118164,73.69000244140625,1
2014-12-09,292.4381103515625,-0.009609952629264895,-0.0013678989568076672,0.11521318041465323,270.0379052734375,235.4320733642578,61.041815057347215,12.210000038146973,12.899999618530272,66.1500015258789,1
2014-12-10,293.8152160644531,0.0047090501003275165,0.001194540491355811,0.11900439361857185,270.6434802246094,236.1177722930908,61.43628143069414,12.5,13.199999809265137,69.0,1
2014-12-11,290.39337158203125,-0.01164624667250469,-0.017368283383766392,0.08649486114595195,271.3153192138672,236.76182197570802,51.53985811578459,12.239999771118164,12.399999618530272,66.87999725341797,1
2014-12-12,289.016357421875,-0.00474189253237578,-0.03489219934492227,0.07824538552971338,272.0333953857422,237.41160034179688,41.946038489584986,12.770000457763672,12.369999885559082,67.37999725341797,1
2014-12-15,288.1399841308594,-0.0030322619066726064,-0.046797502149098724,0.06951446241322157,272.90453338623047,238.05307525634765,47.595060773021316,13.75,12.449999809265137,66.80999755859375,1
2014-12-16,275.9968566894531,-0.04214315301652627,-0.08087823172316255,0.016506449865668404,273.4905780029297,238.61709732055664,39.639491482315464,14.020000457763672,11.949999809265137,65.83999633789062,1
2014-12-17,277.3739013671875,0.004989349133362797,-0.06062738887142227,0.009752809652845196,274.1690951538086,239.16483909606933,38.62250922109505,16.309999465942383,12.210000038146973,63.04999923706055,1
2014-12-18,288.5573425292969,0.04031901021323825,-0.013270390160845524,0.03434372981046652,275.1545718383789,239.77407745361327,45.80684923236208,16.93000030517578,12.5,63.81999969482422,1
2014-12-19,297.11181640625,0.029645663499568098,0.011219978277345888,0.05656804651531777,276.3268280029297,240.44472549438476,53.09185267972639,14.600000381469728,12.239999771118164,60.93999862670898,0
2014-12-22,299.782470703125,0.008988717881295294,0.03233234653374817,0.07738451230534715,277.5498263549805,241.11461730957032,53.57137918725651,14.510000228881836,12.770000457763672,59.95000076293945,0
2014-12-23,294.6080627441406,-0.017260542108576415,0.01934736626032363,0.04713617649154833,278.60624267578123,241.74982391357423,46.00711656638717,14.210000038146973,13.75,57.810001373291016,0
2014-12-24,294.6915283203125,0.00028331056317476566,0.02273736569124596,0.033695438079660134,279.5312954711914,242.3895713043213,43.46266175684841,15.300000190734863,14.020000457763672,55.90999984741211,0
2014-12-26,292.8971252441406,-0.006089089450245333,0.06123355445929368,0.03677990315620039,280.5187741088867,243.01602096557616,43.619296389994105,15.06999969482422,16.309999465942383,55.93000030517578,0
2014-12-29,291.3948974609375,-0.005128858065612474,0.050549082032014914,0.03158409448143451,281.41294647216796,243.62897590637206,46.43132962900601,14.649999618530272,16.93000030517578,56.470001220703125,0
2014-12-30,292.31298828125,0.003150675692375815,0.013015249305506238,0.04624075795424876,282.3249801635742,244.25788192749025,49.880730881160254,14.579999923706056,14.600000381469728,54.11000061035156,0
2014-12-31,294.6915283203125,0.008136963236043293,-0.008146051258453357,0.050142843626738154,283.2845846557617,244.86690391540526,50.81967119524417,14.859999656677246,14.510000228881836,56.52000045776367,0
2015-01-01,294.0238647460937,-0.002265635452855963,-0.01920928179531234,0.04670510150881024,284.28925720214846,245.44808799743652,53.580302497700636,15.119999885559082,14.210000038146973,55.2599983215332,0
2015-01-02,302.3696594238281,0.028384752662650392,0.02634549987326129,0.07319539858375301,285.31178894042966,246.04306518554688,61.577396874988395,15.029999732971191,15.300000190734863,57.119998931884766,0
2015-01-05,302.9956359863281,0.002070236027294614,0.028178983336736962,0.04885310885820915,286.24101501464844,246.58623039245606,62.93611109339487,13.800000190734863,15.06999969482422,55.84000015258789,0
2015-01-06,290.1430053710937,-0.04241853376335225,-0.009403028011119141,-0.01976561779090169,286.7622955322266,247.0718434906006,62.16793147711127,14.149999618530272,14.649999618530272,54.72999954223633,0
2015-01-07,282.2979431152344,-0.02703860548292547,-0.031218646671473005,-0.026478601152586045,287.16373046875,247.5145523071289,53.81136471758753,17.420000076293945,14.579999923706056,53.61000061035156,0
2015-01-08,289.9761047363281,0.027198786984995893,-0.007994456759045643,0.015697993421970313,287.7118841552734,247.98473640441895,51.161177072385115,18.13999938964844,14.859999656677246,54.119998931884766,0
2015-01-09,285.3024597167969,-0.01611734533706133,-0.031860666837053575,-0.00809530731271535,288.07242492675783,248.42480072021485,39.679070732567325,16.469999313354492,15.119999885559082,53.27000045776367,0
2015-01-12,289.2249755859375,0.013748622682868916,-0.016321427392637977,-0.012340270232471973,288.4960601806641,248.88852058410646,40.970725091898444,15.960000038146973,15.029999732971191,53.27000045776367,0
2015-01-13,284.5096130371094,-0.01630344177322629,-0.059066926293965594,-0.03051490965813075,288.7980133056641,249.33715339660645,41.29497122052342,16.110000610351562,13.800000190734863,52.68999862670898,0
2015-01-14,281.1712646484375,-0.011733692767127879,-0.07202866558406595,-0.04857400518659971,288.9911364746094,249.76468788146974,38.96456761167651,16.479999542236328,14.149999618530272,50.040000915527344,0
2015-01-15,294.48291015625,0.04734354886676173,0.01495781288818443,-0.016637825323674083,289.3868975830078,250.2662194824219,51.08950217489484,17.25,17.420000076293945,47.93000030517578,0
2015-01-16,295.3174743652344,0.002833998782956648,0.0461198232843143,-0.023053481893306804,289.71372192382813,250.7728941345215,52.719931776869736,16.15999984741211,18.13999938964844,48.650001525878906,0
2015-01-19,301.1177978515625,0.019640976202967897,0.0384227973727882,0.00277925676655566,290.1119854736328,251.2740850830078,55.718134021664675,17.270000457763672,16.469999313354492,48.790000915527344,0
2015-01-20,306.91815185546875,0.019262740513151577,0.07576412821722078,0.039429103784222486,290.68534423828123,251.7959091949463,57.6024823316794,17.649999618530273,15.960000038146973,48.36000061035156,0
2015-01-21,307.5023803710937,0.0019035319745444035,0.06319442070356551,0.051512677336826185,291.2084625244141,252.31746055603028,58.389610547494726,17.270000457763672,16.110000610351562,46.06999969482422,0
2015-01-22,308.62908935546875,0.003664065894434243,0.08477561113273668,0.050419013315382344,291.67933532714846,252.8426240539551,54.28085787048458,17.709999084472656,16.479999542236328,45.88999938964844,0
2015-01-23,309.3802185058594,0.002433760057936496,0.10032658882369416,0.06538319666316705,292.2168084716797,253.37138160705567,54.35898846298412,18.56999969482422,17.25,48.47999954223633,0
2015-01-27,320.0628356933594,0.034529089284025094,0.08686387105973958,0.10742118040802118,292.9686004638672,253.96499336242675,71.05112969033097,17.889999389648438,16.15999984741211,46.25,0
2015-01-28,320.5218811035156,0.0014342352780878365,0.08534681800478094,0.11238251806784971,293.7911657714844,254.57796096801758,80.01315044123947,18.09000015258789,17.270000457763672,48.68999862670898,0
2015-01-29,317.3921813964844,-0.009764387056060198,0.054046568024333164,0.14998476868020472,294.52660095214844,255.15983665466308,73.18280864047796,19.770000457763672,17.649999618530273,48.68999862670898,0
2015-01-30,301.0343322753906,-0.05153828632174029,-0.019170647107405014,0.08530157592902543,294.92920349121096,255.6674425506592,61.10782151362281,19.43000030517578,17.270000457763672,46.38999938964844,0
2015-02-02,293.6482849121094,-0.024535564789083253,-0.04505362021024095,0.017642740739808538,295.16722778320315,256.14078651428224,52.977539700049995,20.170000076293945,17.709999084472656,47.77999877929688,0
2015-02-03,289.26666259765625,-0.01492132779104971,-0.06273688199076888,-0.026404718275717554,295.17490478515623,256.60944480895995,53.21664892697203,20.40999984741211,18.56999969482422,46.310001373291016,0
2015-02-04,287.6393127441406,-0.005625777401729537,-0.0702724494368634,-0.04050656441153211,295.00782104492185,257.0290126037598,54.47719985787539,19.809999465942383,17.889999389648438,45.59000015258789,0
2015-02-05,280.0863037109375,-0.026258611735460624,-0.12490213646898374,-0.04929179092364111,294.8100250244141,257.42088203430177,39.17133940368316,20.049999237060547,18.09000015258789,46.22999954223633,0
2015-02-06,274.87017822265625,-0.018623279393427783,-0.14242928664865695,-0.0672613502350553,294.5975402832031,257.79580757141116,35.5712540157196,20.6200008392334,19.770000457763672,44.45000076293945,0
2015-02-09,267.1085205078125,-0.02823754022728686,-0.15842753487949923,-0.08804662973333166,294.18709228515627,258.1453469848633,26.647575397660262,20.690000534057617,19.43000030517578,44.52999877929688,0
2015-02-10,276.2889709472656,0.03436974014157146,-0.08220112683189762,-0.051840051577076385,293.8560980224609,258.53828216552733,29.90146348926504,22.020000457763672,20.170000076293945,48.2400016784668,0
2015-02-11,279.335205078125,0.011025536489622567,-0.04874225585301262,-0.04439687500522005,293.5735089111328,258.91386322021486,32.09551366509467,21.190000534057617,20.40999984741211,49.56999969482422,0
2015-02-12,283.0490417480469,0.013295268918513736,-0.0214944259175055,-0.03950736771642416,293.3239666748047,259.29252952575683,34.25778774747013,20.5,19.809999465942383,53.04999923706055,0
2015-02-13,286.9716491699219,0.013858402055169972,-0.002321183317569142,-0.023985180870477296,293.07409240722654,259.68442123413087,36.72763567822301,20.15999984741211,20.049999237060547,48.45000076293945,0
2015-02-16,282.13104248046875,-0.016867891666144663,0.007300388281897385,-0.06693335892868513,292.6709887695313,260.04430725097654,25.86303389450684,20.100000381469727,20.6200008392334,50.47999954223633,0
2015-02-18,285.761474609375,0.012867893220780857,0.03962341952533088,-0.05687923959977681,292.3805535888672,260.42234542846677,28.73916966531938,20.82999992370605,20.690000534057617,51.68999862670898,0
2015-02-19,282.54833984375,-0.011244114588984555,0.05780354481610739,-0.026175594057937346,292.1260064697266,260.8078067779541,28.70986713467444,20.90999984741211,22.020000457763672,52.86000061035156,0
2015-02-20,276.2055053710937,-0.022448670114869285,-0.0003020952153310885,-0.02158158744236316,291.80135437011717,261.15751121521,32.71357029488814,20.399999618530277,21.190000534057617,50.02000045776367,0
2015-02-23,274.5780639648437,-0.005892139637345251,-0.017030223998979355,-0.05310106770861578,291.416611328125,261.509347076416,35.56540407388634,21.270000457763672,20.5,48.84000015258789,0
2015-02-24,272.1159973144531,-0.008966727402906494,-0.038625972255810326,-0.04621923840205644,291.05106384277343,261.8645587921143,36.62982765585604,21.6299991607666,20.15999984741211,51.209999084472656,0
2015-02-25,269.1532897949219,-0.010887663896171462,-0.06209100943086321,-0.06939817610962762,290.6538024902344,262.197679977417,35.8827439238118,21.549999237060547,20.100000381469727,52.77999877929688,0
2015-02-26,268.1517639160156,-0.00372102410365982,-0.04954888494916643,-0.05749489075773395,290.2540380859375,262.5257529449463,39.8725362489609,20.780000686645508,20.82999992370605,52.77999877929688,0
2015-02-27,279.794189453125,0.04341729984202436,-0.02088204914398295,-0.004897638444790298,290.3299847412109,262.8933197784424,53.767532393540066,20.57999992370605,20.90999984741211,52.13999938964844,0
2015-03-02,291.3114929199219,0.041163483377936405,0.031014703823841083,-0.010769444089795854,290.6087365722656,263.3224755859375,67.51209046863455,19.56999969482422,20.399999618530277,51.15999984741211,0
2015-03-03,290.9776306152344,-0.0011460663681376326,0.05348237075974893,-0.014695519658388667,290.6571423339844,263.7351250457764,62.18833913564028,15.850000381469728,21.270000457763672,50.34000015258789,0
2015-03-04,291.56182861328125,0.0020077075918574216,0.0618540476365661,-0.03173498646198225,290.546142578125,264.0782480621338,60.57758210099555,15.489999771118164,21.6299991607666,49.45000076293945,0
2015-03-05,290.2265014648437,-0.004579910733817916,0.0665543530300512,-0.05438469601656326,290.3550231933594,264.39844215393066,56.47592609011458,15.199999809265137,21.549999237060547,49.27999877929688,0
2015-03-09,277.7494506835937,-0.04299073557471589,0.03193778866764574,-0.09675674592045169,290.0178509521484,264.65455322265626,42.791881877627034,14.4399995803833,20.780000686645508,50.9900016784668,0
2015-03-10,278.4588928222656,0.0025542521755699266,0.038437669608163194,-0.09775551810819127,289.69319824218746,264.9072576904297,46.93168042700307,15.8100004196167,20.57999992370605,48.16999816894531,0
2015-03-11,277.6242980957031,-0.002997191858746695,-0.007755312437556561,-0.10264366792266266,289.38774169921874,265.1673516845703,42.86762089968251,15.529999732971191,19.56999969482422,49.7599983215332,0
2015-03-12,282.2562255859375,0.0166841574098735,-0.03108448363372185,-0.11812246187696407,289.2049682617187,265.3938441467285,49.7501704332502,15.130000114440918,15.850000381469728,49.59000015258789,0
2015-03-13,275.57958984375,-0.023654520740250873,-0.05291829732384312,-0.14021598495876508,288.8703002929687,265.58444694519045,49.467727301982144,14.75,15.489999771118164,50.52000045776367,0
2015-03-16,276.6227722167969,0.003785412314599723,-0.05123803917521419,-0.12845120821914202,288.5089251708984,265.7952239227295,51.75625255897911,14.970000267028809,15.199999809265137,51.52999877929688,0
2015-03-17,279.4603881835937,0.010258070743983883,-0.0370955554606861,-0.07166605858118791,288.2176556396484,266.0277491760254,56.267850120194446,15.18000030517578,14.4399995803833,50.7599983215332,0
2015-03-18,279.4186706542969,-0.00014927886405646795,0.006009804759631088,-0.04845801930044136,287.75863586425777,266.25121200561523,59.22037838045272,15.130000114440918,15.8100004196167,50.0,0
2015-03-19,275.57958984375,-0.013739528577518256,-0.010340136561389768,-0.04731645406696494,287.21031494140624,266.4479598236084,56.348095610439046,15.510000228881836,15.529999732971191,48.290000915527344,0
2015-03-20,265.8983459472656,-0.035130482275459896,-0.04223676468114945,-0.07558412857220909,286.72542175292966,266.6013550567627,37.71218480931905,15.199999809265137,15.130000114440918,48.16999816894531,0
2015-03-23,261.8924255371094,-0.015065608610257075,-0.07214650449801341,-0.06495811445533972,286.31731140136714,266.7407444000244,20.000012448075964,14.260000228881836,14.75,47.04999923706055,1
2015-03-24,260.3066711425781,-0.006054983802143421,-0.055421080747784734,-0.052983219839443874,285.72392272949213,266.8648469543457,19.502080480865402,14.270000457763672,14.970000267028809,44.84000015258789,1
2015-03-25,264.4795837402344,0.01603075549059052,-0.04389800730883264,-0.00984220481840159,285.3074652099609,267.02537895202636,24.86445577528012,13.670000076293944,15.18000030517578,43.880001068115234,0
2015-03-26,257.0101318359375,-0.028242073730852524,-0.08033430603018887,-0.06977780924526233,284.6631683349609,267.1638456726074,22.322704539606008,13.140000343322754,15.130000114440918,43.459999084472656,1
2015-03-27,262.518310546875,0.021431757073505864,-0.06048400440760593,-0.06020327629861988,284.2233422851562,267.2925380706787,35.64120239041904,15.15999984741211,15.510000228881836,44.65999984741211,1
2015-03-30,265.9818115234375,0.013193369138127409,-0.03482760942402996,-0.06029778486161275,283.9195532226562,267.4432780456543,38.818159888807614,14.5,15.199999809265137,43.959999084472656,0
2015-03-31,263.3111572265625,-0.010040740310694796,-0.009729991781205816,-0.08244888305795495,283.2961181640625,267.55269180297853,37.58138731917384,14.260000228881836,14.260000228881836,45.720001220703125,1
2015-04-01,269.6957397460937,0.024247292012915533,0.029795875894389257,-0.04407633638980346,282.78368347167964,267.68004905700684,39.42371637463259,14.489999771118164,14.270000457763672,47.45000076293945,0
2015-04-06,268.1100158691406,-0.005879677144496109,0.029977505733183252,-0.06176990360356738,282.1235278320312,267.7801574707031,43.12061154866411,13.670000076293944,13.670000076293944,47.5099983215332,0
2015-04-07,264.8968811035156,-0.01198438915162825,0.0015778055809825275,-0.062472349864082344,281.28310241699216,267.85927604675294,39.615656539449404,14.56999969482422,13.140000343322754,49.209999084472656,0
2015-04-08,262.9773864746094,-0.0072461956551166384,0.023217974311149137,-0.04789230713816428,280.39260253906247,267.9379358673096,35.161504610767494,14.25,15.15999984741211,51.43000030517578,0
2015-04-09,267.5675354003906,0.017454538533960395,0.019233800655646283,-0.025532005227302812,279.5713714599609,268.04901870727537,40.138810028531914,14.350000381469728,14.5,48.869998931884766,0
2015-04-10,265.6479797363281,-0.007174097788769651,-0.0012550925388368217,-0.02376933970056405,278.69672668457025,268.15926712036133,41.463326343578025,14.420000076293944,14.260000228881836,48.68000030517578,0
2015-04-13,264.4795837402344,-0.004398286775052718,0.004437436400260619,-0.01736447679405506,277.5850616455078,268.2895874023437,48.5714496421403,14.260000228881836,14.489999771118164,47.59999847412109,0
2015-04-15,262.8938903808594,-0.005995522743004744,-0.025220455360688843,-0.019607827516670784,276.43250183105465,268.4239971923828,51.06003871131129,14.489999771118164,13.670000076293944,50.09000015258789,0
2015-04-16,260.8074035644531,-0.007936612042917845,-0.027237372244428792,-0.06785982913291633,275.300806274414,268.518304977417,50.52445987792436,14.619999885559082,14.56999969482422,52.13999938964844,1
2015-04-17,258.8044128417969,-0.007679961133316704,-0.02299939597755385,-0.11158873188384921,274.4562078857422,268.62596618652344,43.77285403155161,14.949999809265137,14.25,53.97999954223633,1
2015-04-20,259.68072509765625,0.0033860019859670576,-0.012535912008051708,-0.10755777154211099,273.7768566894531,268.7461461639404,53.42604656698469,15.039999961853027,14.350000381469728,50.41999816894531,0
2015-04-21,259.43035888671875,-0.0009641308989850605,-0.030411673454686206,-0.1102046515464159,273.18013061523436,268.87750953674316,45.42078491003221,16.299999237060547,14.420000076293944,50.790000915527344,0
2015-04-22,261.18292236328125,0.006755429411126723,-0.01680817364949927,-0.10007211248791015,272.65100280761715,269.0031558227539,42.50316559494112,17.030000686645508,14.260000228881836,51.63999938964844,0
2015-04-23,260.26495361328125,-0.0035146583922635033,-0.015935559438465474,-0.06295060900131322,272.25457580566405,269.1032640838623,44.96552155457639,17.209999084472656,14.489999771118164,51.90999984741211,0
2015-04-24,257.26043701171875,-0.011544069072114915,-0.021428620349371097,-0.07612777453682329,271.9023809814453,269.20404006958006,26.863134321917514,18.5,14.619999885559082,56.38999938964844,0
2015-04-27,252.29466247558597,-0.019302519243977634,-0.03263995182852775,-0.09123709917993372,271.60610382080074,269.2948844909668,23.86186019275864,19.11000061035156,14.949999809265137,56.709999084472656,0
2015-04-28,272.78369140625,0.08121071103772048,0.054014838506631024,-0.03356005402546358,271.5359982299804,269.5031965637207,58.29678831929321,18.739999771118164,15.039999961853027,55.7400016784668,0
2015-04-29,275.53778076171875,0.010096239042997501,0.0610636606090007,-0.0001517132747564931,271.4600497436523,269.69732055664065,62.985301504049765,17.40999984741211,16.299999237060547,56.380001068115234,0
2015-04-30,276.37237548828125,0.0030289665695037993,0.06530468012404178,-0.0009051920292353355,271.326516418457,269.8790093994141,59.86905206584546,17.239999771118164,17.030000686645508,55.2599983215332,0
2015-05-04,274.82843017578125,-0.005586467568519549,0.0522450231011673,-0.016574649587795753,271.0836520385742,270.0413359832764,60.37744115224181,17.229999542236328,17.209999084472656,56.15999984741211,0
2015-05-05,274.1189880371094,-0.002581400105579057,0.05323050311419708,-0.01896681637192521,270.923410949707,270.1984043121338,61.010479099317564,17.309999465942383,18.5,57.7400016784668,0
2015-05-06,260.5153503417969,-0.049626761694709365,0.012652210996321411,-0.054663843249401545,270.41848846435545,270.280110244751,47.86837532128895,17.360000610351562,19.11000061035156,57.150001525878906,0
2015-05-07,254.2142333984375,-0.02418712346543994,0.00760844840717656,-0.04394202794757285,269.85180633544917,270.33990829467774,44.50627273319066,19.670000076293945,18.739999771118164,56.9900016784668,1
2015-05-08,264.5630187988281,0.0407089141392436,-0.030136231990419926,0.010197290953496196,269.61895660400387,270.48495872497557,54.21245462131485,19.649999618530277,17.40999984741211,57.060001373291016,0
2015-05-11,269.9878845214844,0.020505003863677818,-0.02014205175381678,0.03719156845428495,269.52715301513666,270.66393539428714,57.06931484714146,19.11000061035156,17.239999771118164,58.58000183105469,0
2015-05-12,257.2186889648437,-0.04729543912413803,-0.06930391103523914,-0.02745351710218269,269.2292068481445,270.79079200744627,48.70540727188409,18.6299991607666,17.229999542236328,59.630001068115234,1
2015-05-13,265.1055603027344,0.03066212400673818,-0.03537796241396163,0.03149847988080334,269.1482522583008,270.98412353515624,52.14225762624182,20.549999237060547,17.309999465942383,58.93000030517578,1
2015-05-14,262.8522033691406,-0.008499847875768962,-0.04110180308429956,0.0012718839366674395,269.04226104736324,271.17649536132814,51.392653379302274,20.690000534057617,17.360000610351562,60.400001525878906,1
2015-05-15,260.6822509765625,-0.008255408799182518,0.000640655664039258,-0.01992452234429576,268.660022277832,271.3159962463379,51.85857732623845,20.700000762939453,19.670000076293945,60.93000030517578,1
2015-05-18,263.9371032714844,0.012485899146292612,0.03824675645839215,0.0023772104893500234,268.11253448486326,271.4164801025391,56.443413496933736,19.81999969482422,19.649999618530277,58.93999862670898,1
2015-05-19,263.1860046386719,-0.0028457485647249703,-0.005204862593450099,-0.024137330139328284,267.55670196533197,271.52176307678224,43.20333020546671,17.899999618530273,19.11000061035156,59.38999938964844,0
2015-05-20,266.0235595703125,0.010781557079892146,-0.014683343877441302,-0.007782090094860528,267.0459365844726,271.6163214111328,43.27039224709954,18.270000457763672,18.6299991607666,59.25,0
2015-05-21,261.6837158203125,-0.016313757161244724,0.017358874168272642,-0.01212987208387517,266.475080871582,271.68738624572757,40.10125016144253,17.719999313354492,20.549999237060547,60.75,1
2015-05-22,261.7254638671875,0.00015953628120923824,-0.012750002043288022,-0.004760571333546015,266.1546011352539,271.75811714172363,40.98737941764465,17.40999984741211,20.690000534057617,60.5,1
2015-05-25,260.5153503417969,-0.0046235987416367585,-0.008890368798095794,-0.02635665439770485,265.79573028564454,271.80381072998046,40.70700820717917,16.950000762939453,20.700000762939453,59.880001068115234,1
2015-05-26,258.4705505371094,-0.007849056886685246,-0.00848427705057675,-0.027018572497117366,265.4126553344727,271.8389465332031,48.341179662789386,16.93000030517578,19.81999969482422,59.68999862670898,1
2015-05-27,261.34991455078125,0.011140008050002148,-0.009802292624398357,-0.011833311082820708,264.99452911376954,271.9141426086426,56.129004185574445,17.06999969482422,17.899999618530273,59.43000030517578,0
2015-05-28,262.4765930175781,0.004310996116962507,-0.002695476235781258,-0.0015873224085836135,264.7324691772461,272.0155446624756,47.87057236154423,17.280000686645508,18.270000457763672,57.2599983215332,1
2015-05-29,264.77166748046875,0.008743920501653735,-0.004705944435394516,0.01519996695583048,264.49544708251955,272.0971667480469,44.31295279276691,17.1299991607666,17.719999313354492,58.97999954223633,1
2015-06-01,264.1040344238281,-0.002521542667286658,0.009249022607037416,0.02047732310217909,264.1883200073242,272.1898055267334,60.19781000584886,16.65999984741211,17.40999984741211,60.720001220703125,1
2015-06-02,254.1307373046875,-0.03776275944022767,-0.02901791232034623,-0.021372351724917582,263.68256134033203,272.2289057159424,34.69143464775949,16.90999984741211,16.950000762939453,59.720001220703125,1
2015-06-03,246.8281707763672,-0.028735471378910638,-0.05253886017646203,-0.048576381594007456,263.1075329589844,272.21834831237794,30.408120394005067,16.81999969482422,16.93000030517578,59.720001220703125,1
2015-06-04,246.27633666992188,-0.0022357014789259333,-0.047178349107268036,-0.05707335517375711,262.7150927734375,272.20907943725587,31.66087935534351,17.510000228881836,17.06999969482422,58.02999877929688,1
2015-06-05,241.18272399902344,-0.020682509492275236,-0.07716547597278534,-0.07331847545871062,262.30089874267577,272.20726676940916,22.32851999627394,18.1200008392334,17.280000686645508,57.5099983215332,1
2015-06-08,240.376220703125,-0.003343951351597263,-0.0841994025462417,-0.06563083117138857,261.90228973388673,272.2032996368408,22.298471772223877,18.09000015258789,17.1299991607666,57.68000030517578,1
2015-06-09,243.72950744628903,0.013950160017306645,-0.07947285385333736,-0.033949014003123335,261.48728820800784,272.22252532958987,23.259773122344114,18.88999938964844,16.65999984741211,60.29999923706055,1
2015-06-10,248.31378173828125,0.018808860445436393,-0.05978800255738248,-0.08970444509282016,261.3133612060547,272.2615425109863,34.057138781415844,18.010000228881836,16.90999984741211,60.20000076293945,1
2015-06-11,244.91802978515625,-0.013675245608010922,-0.03625184272174742,-0.11112723232333077,260.9613555908203,272.2648863983154,31.44251737997105,17.079999923706055,16.81999969482422,61.2599983215332,1
2015-06-12,251.24256896972656,0.025823085340504592,0.017884499080775162,-0.09092734566599348,260.6665707397461,272.30911666870117,40.80066897509902,17.809999465942383,17.510000228881836,59.63999938964844,1
2015-06-15,254.00164794921875,0.01098173367199018,0.03136846756678424,-0.07578103260001745,260.4803805541992,272.3442330169678,45.62845135224048,17.479999542236328,18.1200008392334,58.0,0
2015-06-16,256.4210510253906,0.009525147162256165,0.06318166895912869,-0.06456297368689712,260.21488677978516,272.3488409423828,45.134728870386155,17.520000457763672,18.09000015258789,59.130001068115234,0
2015-06-17,255.8268585205078,-0.002317253215002091,0.0642768979901096,-0.017996988719235718,259.9692236328125,272.34029609680175,43.36632536038698,17.170000076293945,18.88999938964844,58.13999938964844,0
2015-06-18,257.52471923828125,0.006636757092638668,0.05660049920312704,0.013022425202506849,259.8217803955078,272.34036567687986,42.68337321303897,16.729999542236328,18.010000228881836,60.13999938964844,0
2015-06-19,258.54345703125,0.003955883520549097,0.041196566784805544,-0.022752846542605232,259.7331018066406,272.34369255065917,44.42547950134063,16.020000457763672,17.079999923706055,61.43000030517578,0
2015-06-22,267.457275390625,0.03447706030440201,0.092027710762006,-0.009373046999292312,259.7308966064453,272.39609550476075,63.64991544681902,15.09000015258789,17.809999465942383,60.77000045776367,0
2015-06-23,266.14141845703125,-0.004919877134289652,0.05930065732252521,0.03468927366085395,259.7407653808594,272.46299263000486,72.54705939985571,15.489999771118164,17.479999542236328,59.959999084472656,1
2015-06-24,269.7494201660156,0.013556708797533013,0.061998700968842746,0.017517021740238947,259.846162109375,272.5531455993652,75.57821219947098,15.039999961853027,17.520000457763672,59.52000045776367,0
2015-06-25,267.2450256347656,-0.009284151675687302,0.042211723905239085,0.016712137883264644,259.9331848144531,272.60386138916016,80.09802542937669,15.920000076293944,17.170000076293945,59.970001220703125,0
2015-06-26,264.61334228515625,-0.009847454946480427,0.03434543118522515,0.015080011369654756,260.00930358886717,272.6276481628418,76.85798848984898,15.93000030517578,16.729999542236328,59.91999816894531,0
2015-06-29,264.1889343261719,-0.0016038796657766863,0.025877962735392446,0.0009541328277307137,260.1169940185547,272.6146774291992,74.24562266395913,15.760000228881836,16.020000457763672,60.45000076293945,0
2015-06-30,261.4722900390625,-0.010282960162727228,0.011328203936944004,-0.006511419944089103,260.1528253173828,272.59413269042966,66.31582572053259,17.299999237060547,15.09000015258789,59.61000061035156,0
2015-07-01,265.0378112792969,0.013636325438927788,-0.009046170487583383,-0.0037054924481418894,260.26497436523437,272.6000115966797,74.84283057203493,16.93000030517578,15.489999771118164,59.68000030517578,0
2015-07-02,265.7169494628906,0.0025624199819476168,-0.0015949001722523892,0.015412627529897804,260.35565490722655,272.61692276000974,70.76743757353273,15.850000381469728,15.039999961853027,61.0099983215332,0
2015-07-03,267.0328369140625,0.00495221495592113,-0.010070765862188802,0.020278397709013962,260.4910125732422,272.6609440612793,69.50452800162246,15.5600004196167,15.920000076293944,60.27000045776367,0
2015-07-06,267.542236328125,0.0019076283649206438,0.0011121280654464716,0.026973020887670618,260.6966485595703,272.69019470214846,67.65517234696904,16.309999465942383,15.93000030517578,59.70000076293945,0
2015-07-07,265.3773803710937,-0.008091641853424036,0.002887375516817725,0.026721921780379798,260.95830291748047,272.72702377319337,64.44151364980675,16.020000457763672,15.760000228881836,59.630001068115234,0
2015-07-08,261.0902709960937,-0.01615476559835305,-0.011728967142327518,-0.0009934709760048843,260.72443450927733,272.7220951843262,55.00000855902035,16.309999465942383,17.299999237060547,58.33000183105469,0
2015-07-09,262.7457580566406,0.006340669279751632,0.004870374667188981,0.0010254820666788511,260.4685940551758,272.7289910888672,55.789536529313665,17.790000915527344,16.93000030517578,59.470001220703125,0
2015-07-10,265.84429931640625,0.011792925916991104,0.003042916907654014,0.0040511579133239994,260.2580325317383,272.75258972167967,47.353775228604505,17.440000534057617,15.850000381469728,56.959999084472656,0
2015-07-13,268.60333251953125,0.010378380165456225,0.010862623037314778,0.017036082411686193,260.13353057861326,272.7992057800293,53.856368993783676,17.06999969482422,15.5600004196167,56.93000030517578,0
2015-07-14,266.0989685058594,-0.009323652056661524,-0.003497204385030983,0.04709478014390167,259.97313018798826,272.8563345336914,44.07710879644761,16.270000457763672,16.309999465942383,56.93000030517578,0
2015-07-15,267.11767578125,0.0038283022332279426,-0.0015868916725144677,0.08220092925805322,260.10517669677733,272.9152183532715,49.78290748935346,16.010000228881836,16.020000457763672,52.52999877929688,0
2015-07-16,269.1976013183594,0.00778655149280616,0.014395427906943814,0.0930713236942382,260.4048440551758,272.95508270263673,57.96458440920815,15.56999969482422,16.309999465942383,52.33000183105469,0
2015-07-17,269.4947204589844,0.0011037213525302292,0.032189822435078064,0.11738816110259864,260.5034780883789,272.99042358398435,59.259101463476945,14.779999732971191,17.790000915527344,51.650001525878906,0
2015-07-20,268.0939636230469,-0.005197715315356954,0.020355059605770442,0.11530983738260225,260.46559967041014,273.0132110595703,62.111704164485,14.800000190734863,17.440000534057617,52.77999877929688,0
2015-07-21,264.4010925292969,-0.013774540253887801,-0.005428767104731724,0.08481363335772252,260.6092477416992,273.0512094116211,48.84077811879802,14.960000038146973,17.06999969482422,52.7400016784668,0
2015-07-22,268.94287109375,0.01717760891608222,0.0012640892092954381,0.08307669921120797,260.68599395751954,273.1303610229492,55.14897928367193,15.100000381469728,16.270000457763672,52.20000076293945,0
2015-07-23,265.6320495605469,-0.012310501184651268,-0.001754681530463098,0.08457531604986812,260.74159088134763,273.2356058502197,47.898026752636575,15.130000114440918,16.010000228881836,53.040000915527344,0
2015-07-24,255.19017028808597,-0.03930956106288985,-0.0446526253205789,0.01571231075429358,260.63174926757813,273.2780835723877,35.721227878623324,15.520000457763672,15.56999969482422,51.40999984741211,0
2015-07-27,247.125244140625,-0.031603592483035015,-0.08199314209947617,-0.027072280294687334,260.29551208496093,273.2964695739746,31.433465618977692,15.460000038146973,14.779999732971191,50.90999984741211,0
2015-07-28,241.94674682617188,-0.02095495072735809,-0.10222082861547244,-0.05644740999749476,259.87072692871095,273.3097857666016,30.873578007945852,16.3700008392334,14.800000190734863,50.88999938964844,0
2015-07-29,245.5547332763672,0.014912316439565476,-0.08407212919710094,-0.040152645830645595,259.461350402832,273.34506439208985,33.46928079411002,15.920000076293944,14.960000038146973,50.150001525878906,0
2015-07-30,247.04039001464844,0.006050206072017339,-0.06566047949565412,-0.0407119334199989,259.1684838867188,273.38710357666014,31.339523747367878,15.880000114440918,15.100000381469728,50.36000061035156,0
2015-07-31,256.7182312011719,0.03917513725569166,-0.04545441135086559,-0.00705964811887505,259.06833923339843,273.4617584991455,39.629623120515475,15.329999923706056,15.130000114440918,49.18999862670898,0
2015-08-03,265.6320495605469,0.034722186724595705,0.0,-0.006824364106051584,259.1706732177734,273.5477243041992,49.63357400894942,14.56999969482422,15.520000457763672,48.45000076293945,0
2015-08-04,266.6083374023437,0.003675339039140635,0.04474375757251026,0.0017544016561550357,259.33342895507815,273.66315002441405,49.60001802195607,15.390000343322754,15.460000038146973,48.13999938964844,0
2015-08-05,264.316162109375,-0.008597537928866528,0.06956358517128103,-0.020141871123566357,259.39275390625,273.75129943847656,46.179356126382324,14.829999923706056,16.3700008392334,47.38999938964844,0
2015-08-06,264.0615234375,-0.0009633866875292663,0.09140348817013288,-0.011912297299843444,259.42445251464846,273.8380505371094,45.74467220579116,14.670000076293944,15.920000076293944,47.97999954223633,0
2015-08-07,263.2974853515625,-0.0028934093691175278,0.0722557933966852,-0.0049727535362738,259.3949688720703,273.9209814453125,46.205510943036906,14.729999542236328,15.880000114440918,48.790000915527344,0
2015-08-10,262.8305969238281,-0.0017732354227043556,0.06391751125491418,-0.0051415378384724875,259.3695001220703,274.01618324279787,48.6907568891598,14.90999984741211,15.329999923706056,48.52000045776367,0
2015-08-11,256.5909118652344,-0.02374032982317542,-0.0004959497241071587,-0.01866881639006135,259.41870361328125,274.0429224395752,39.986273924761896,15.470000267028809,14.56999969482422,47.119998931884766,0
2015-08-12,247.59214782714844,-0.03507047062840729,-0.06791312179100029,-0.06582330033567996,259.43398315429687,273.99821151733397,36.60994942586222,15.890000343322754,15.390000343322754,45.16999816894531,0
2015-08-13,247.80441284179688,0.0008573172312258404,-0.0705301444949542,-0.06741209643307067,259.46454467773435,273.91683868408205,43.53640027145264,17.450000762939453,14.829999923706056,45.7400016784668,0
2015-08-14,256.8880920410156,0.03665664826161885,-0.028102973382632568,-0.03799062688425725,259.7786520385742,273.8901481628418,58.394217467877745,17.020000457763672,14.670000076293944,45.150001525878906,0
2015-08-17,257.14276123046875,0.000991362376627558,-0.02620132655816032,-0.03887040506345285,260.1139828491211,273.8630198669434,64.27435001272802,16.020000457763672,14.729999542236328,44.65999984741211,0
2015-08-18,255.6146240234375,-0.005942758021726391,-0.02917939500207012,-0.03678820076528122,260.35168518066405,273.80471588134765,59.833995162990306,16.459999084472656,14.90999984741211,43.869998931884766,0
2015-08-19,258.5009765625,0.011291813017700658,-0.016473045421659616,-0.009917238293541852,260.55542907714846,273.757004699707,60.90461681592236,16.360000610351562,15.470000267028809,44.959999084472656,0
2015-08-20,253.19515991210935,-0.020525325362195757,-0.013234108443047732,-0.03634920013617282,260.7209716796875,273.67592071533204,46.34363334729018,16.68000030517578,15.890000343322754,43.08000183105469,0
2015-08-21,251.7095184326172,-0.005867574561882916,0.01662964937136535,-0.05316939622228245,260.7303106689453,273.5768927764893,32.91673672145102,16.979999542236328,17.450000762939453,43.29999923706055,0
2015-08-24,229.17027282714844,-0.08954466937054872,-0.07519696603040249,-0.14680778277207518,260.2336831665039,273.34926986694336,19.959183863374207,17.110000610351562,17.020000457763672,42.22999954223633,1
2015-08-25,240.67333984375,0.05019441166908134,-0.06311990590313821,-0.09554951980788873,259.9187289428711,273.157755279541,33.47184875634797,28.1299991607666,16.020000457763672,42.5,1
2015-08-26,236.0466461181641,-0.019223956124885477,-0.0820404782594556,-0.1163196316837184,259.5231246948242,272.9319654083252,31.54364696489702,26.850000381469727,16.459999084472656,41.869998931884766,1
2015-08-27,239.781982421875,0.015824568428059793,-0.061939498422871164,-0.109271474754698,259.16826995849607,272.73962425231935,35.091528076000785,25.520000457763672,16.360000610351562,42.619998931884766,1
2015-08-28,240.84312438964844,0.004425444969032188,-0.06830864783438162,-0.1063159828160587,258.81426330566404,272.5371075439453,36.16452582158542,22.040000915527344,16.68000030517578,40.79999923706055,0
2015-08-31,235.9193115234375,-0.020444066562784413,-0.06823135321650198,-0.12001259433371092,258.1835040283203,272.29127685546877,36.77349790658049,23.32999992370605,16.979999542236328,41.13999938964844,1
2015-09-01,230.01919555664065,-0.025009041984300207,-0.08617204073584939,-0.13003689449144973,257.4610595703125,272.02884002685545,38.291875524707855,24.600000381469727,17.110000610351562,40.45000076293945,1
2015-09-02,224.8406982421875,-0.02251332677658191,-0.018892391807843745,-0.1639834239599125,256.5628851318359,271.7406773376465,35.64986803161139,28.71999931335449,28.1299991607666,38.2400016784668,1
2015-09-03,226.53854370117188,0.0075513262156636785,-0.058730211463200344,-0.14717164560545326,255.74875549316405,271.47640197753907,29.105697445312046,26.649999618530277,26.850000381469727,39.310001373291016,1
2015-09-04,218.813232421875,-0.03410153147928496,-0.07300850903707445,-0.14254835060905668,254.83275329589844,271.16736602783203,26.073060508972915,24.1200008392334,25.520000457763672,38.59999847412109,1
2015-09-07,211.46994018554688,-0.033559635105477326,-0.11807410194196999,-0.144280298352639,253.77837341308594,270.82019470214846,24.308247814519177,26.420000076293945,22.040000915527344,42.560001373291016,1
2015-09-08,221.4024810791016,0.04696904385010825,-0.08071911274118326,-0.08491234545025905,252.9769772338867,270.51847175598147,30.045637650873218,26.350000381469727,23.32999992370605,45.220001220703125,1
2015-09-09,224.58599853515625,0.014378869832616159,-0.04803893719041874,-0.08539332335985161,252.1679409790039,270.19698768615723,34.25231041929558,24.56999969482422,24.600000381469727,49.20000076293945,1
2015-09-10,227.00547790527344,0.010773064153144274,-0.013102026742046857,-0.08109974287276267,251.39371154785155,269.8520475769043,36.54022658254619,24.299999237060547,28.71999931335449,45.40999984741211,1
2015-09-11,227.1328125,0.0005609318149568665,0.010194392188479728,-0.11524471231646916,250.5957110595703,269.53783111572267,48.53119991551982,24.75,26.649999618530277,46.25,1
2015-09-14,231.25018310546875,0.01812759046194068,0.020798400692961128,-0.12943417976843674,249.8698699951172,269.266609954834,42.39728213017331,24.979999542236328,24.1200008392334,46.75,1
2015-09-15,227.93931579589844,-0.014317252704878047,0.04170718229886683,-0.14504055643274616,249.1211087036133,268.9681519317627,43.31701039097075,24.31999969482422,26.420000076293945,46.04999923706055,1
2015-09-16,231.63217163085935,0.016201048169625754,0.09534325033440605,-0.12365490712970817,248.5319467163086,268.66211936950685,43.27728490448336,23.739999771118164,26.350000381469727,46.04999923706055,1
2015-09-18,235.8768615722656,0.01832513122646362,0.06537587303727044,-0.10673520889500343,247.9945687866211,268.3741803741455,46.10779388357187,22.0,24.56999969482422,45.93999862670898,0
2015-09-21,237.10780334472656,0.0052185778810858174,0.05575505548539428,-0.09946802937318866,247.4198388671875,268.0820886230469,50.98868525386651,18.290000915527344,24.299999237060547,44.150001525878906,0
2015-09-22,229.6796417236328,-0.03132820394904545,0.011780173073511868,-0.12613050226341382,246.64136505126953,267.7331600189209,49.72453437731249,18.18000030517578,24.75,45.91999816894531,0
2015-09-23,232.05665588378903,0.010349259265287403,0.021678256565369702,-0.0956162313119302,245.96051879882813,267.3820121765137,56.132761933860216,20.350000381469727,24.979999542236328,44.630001068115234,0
2015-09-24,227.76953125,-0.01847447390578605,-0.015051455565253669,-0.08006157202928421,245.17355590820313,267.0194436645508,51.0020982526817,20.690000534057617,24.31999969482422,44.0,0
2015-09-28,227.5997314453125,-0.0007454895470682121,-0.0014898015702127232,-0.08153479255990259,244.3415985107422,266.6810638427734,58.156038815941564,20.8799991607666,23.739999771118164,44.59000015258789,0
2015-09-29,228.36376953125,0.0033569375547399805,-0.014110311519325736,-0.11103793205490953,243.5189794921875,266.3606921386719,67.8635575384699,21.670000076293945,22.0,47.150001525878906,0
2015-09-30,229.5098419189453,0.005018626159691619,-0.026992981044771214,-0.10746139296045343,242.74729705810546,266.0391652679443,60.529240359432556,21.56999969482422,18.290000915527344,44.68000030517578,0
2015-10-01,226.7507781982422,-0.01202154860826199,-0.04368065917858677,-0.11291938376166133,241.99429077148437,265.72095230102536,52.84279743562924,19.6299991607666,18.18000030517578,46.68000030517578,0
2015-10-05,238.508544921875,0.05185325852929745,0.03844007737031285,-0.07733986891067413,241.3856042480469,265.4684132385254,62.13068405816693,19.239999771118164,20.350000381469727,45.83000183105469,0
2015-10-06,240.03663635253903,0.006406862408911085,0.0343880697511485,-0.05196988585460316,240.8736959838867,265.2278964996338,63.217377577510916,19.1299991607666,20.690000534057617,44.47999954223633,0
2015-10-07,240.2489013671875,0.0008843025709488472,0.054789462175650394,-0.045531123085032266,240.57487060546876,265.04915672302246,60.01889138810931,19.309999465942383,20.8799991607666,44.90999984741211,0
2015-10-08,236.3862152099609,-0.0160778514917036,0.03860498300614035,0.031487253096980306,240.36009002685546,264.84421829223635,59.29035774798407,19.34000015258789,21.670000076293945,44.43000030517578,0
2015-10-09,242.88058471679688,0.027473554247093412,0.06356881923671498,0.0091711232930074,240.37876678466796,264.6158345031738,61.653467825770264,19.559999465942383,21.56999969482422,45.22999954223633,0
2015-10-12,244.15399169921875,0.005242934440011782,0.06380619522819964,0.03434637057709411,240.350751953125,264.35104537963866,59.13776060600142,18.93000030517578,19.6299991607666,45.09000015258789,0
2015-10-13,244.0266265869141,-0.0005216589391729975,0.0761887060584554,0.01770209805660472,240.2904766845703,264.0722661590576,57.82898585356862,19.1200008392334,19.239999771118164,44.7400016784668,0
2015-10-14,240.1639862060547,-0.015828766044444942,0.006940804928904809,-0.0028198362951603606,239.95939178466796,263.8000457763672,62.904855562200055,18.020000457763672,19.1299991607666,46.2599983215332,0
2015-10-15,243.0928192138672,0.012195138222346191,0.012732151673878533,0.03040661505879738,239.50860717773438,263.54205223083494,63.40201486242696,17.719999313354492,19.309999465942383,48.52999877929688,0
2015-10-16,245.7245178222656,0.010825900233947694,0.022791431818909302,0.0682783114149168,239.09093078613282,263.3061891937256,72.71742311740638,17.170000076293945,19.34000015258789,47.810001373291016,0
2015-10-19,243.8144378662109,-0.007773257520180654,0.031424094038868366,0.08438747865649221,238.68089630126954,263.06828689575195,69.65019902666837,16.270000457763672,19.559999465942383,49.43000030517578,0
2015-10-20,242.96548461914065,-0.003481964622358058,0.0003495540923650342,0.07251278590206556,238.25897552490235,262.8215493774414,67.65911021844096,16.8799991607666,18.93000030517578,49.630001068115234,0
2015-10-21,239.9941864013672,-0.012229301715143248,-0.017037629689774514,0.09679923716247196,237.79290954589842,262.5480626678467,62.14350752821046,17.0,19.1200008392334,47.09999847412109,0
2015-10-23,243.00791931152344,0.012557524644018159,-0.004174574265271125,0.14913693690131402,237.39645599365235,262.2929829406738,68.71942404583345,16.6200008392334,18.020000457763672,46.65999984741211,0
2015-10-26,242.243896484375,-0.003144024397694678,0.008660375400897147,0.09413361270250298,237.10951568603517,261.9923541259766,55.7591977776272,16.190000534057617,17.719999313354492,46.63999938964844,0
2015-10-27,240.84312438964844,-0.005782486638696072,-0.009254468443345987,0.0723870853950288,236.97453521728517,261.68159156799317,51.248351403338425,17.229999542236328,17.170000076293945,46.380001068115234,0
2015-10-28,230.23146057128903,-0.04406048063548329,-0.06305051440647369,0.014211034446321769,236.623076171875,261.3820338439941,38.270393966453994,16.540000915527344,16.270000457763672,47.2599983215332,0
2015-10-29,230.4436798095703,0.000921764722139562,-0.05483989452658078,0.014576789998452133,236.09418792724608,261.1227625274658,42.39132558366713,17.040000915527344,16.8799991607666,45.88999938964844,0
2015-10-30,235.1552734375,0.02044574896488016,-0.032145352636748004,0.016886863740342317,235.65443817138672,260.8486583709717,39.63554090338493,17.579999923706055,17.0,45.54999923706055,0
2015-11-02,237.32005310058597,0.009205745767216778,-0.011142491994822756,0.04115453831179883,235.28854675292968,260.60874633789064,41.04559644374215,17.8799991607666,16.6200008392334,45.20000076293945,0
2015-11-03,237.2351531982422,-0.0003577443255829982,-0.023755464964418938,0.02418913369388087,234.86323028564453,260.3487972259521,41.09132410586184,19.479999542236328,16.190000534057617,44.59999847412109,0
2015-11-04,232.05665588378903,-0.021828541194844786,-0.042053652324912316,-0.016195762751007092,234.44046020507812,260.0865324401855,39.720131378749386,19.559999465942383,17.229999542236328,43.97999954223633,0
2015-11-05,229.25515747070312,-0.012072476018480827,-0.04811416953800063,-0.03311846241773253,233.99137298583983,259.8269519042969,32.397389845023525,19.36000061035156,16.540000915527344,43.20000076293945,0
2015-11-06,226.7507781982422,-0.010923982256673903,-0.015118187429337349,-0.012751950949639879,233.94298309326172,259.48829124450685,25.78545292384517,19.290000915527344,17.040000915527344,45.93999862670898,0
2015-11-09,223.39749145507807,-0.014788424409429957,-0.030576617941160067,-0.03731487207609918,233.59746612548827,259.12869132995604,24.869345652073534,19.46999931335449,17.579999923706055,46.060001373291016,0
2015-11-10,223.1003570556641,-0.0013300704384754392,-0.05126364467875688,-0.020499555707523598,233.33854034423828,258.73860412597656,25.21183253852901,17.040000915527344,17.8799991607666,46.59000015258789,1
2015-11-13,222.208984375,-0.003995388857408688,-0.06367379632761705,-0.023685208396688195,232.9870803833008,258.3150582885742,26.592167820820464,16.829999923706055,19.479999542236328,46.13999938964844,1
2015-11-16,226.8781280517578,0.02101239826054102,-0.043657211028205745,-0.006505591856981852,232.70778045654296,257.9119370269775,29.657354036961138,17.649999618530273,19.559999465942383,47.900001525878906,0
2015-11-17,227.38748168945312,0.002245053950635123,-0.02012083720052471,-0.009247360425796991,232.53714385986328,257.50572898864743,31.142180017679678,17.8799991607666,19.36000061035156,46.31999969482422,0
2015-11-18,221.1053771972656,-0.027627310199807353,-0.03554895062493413,-0.024896942122249133,232.35886749267578,257.0643547821045,27.708506740699804,16.969999313354492,19.290000915527344,45.20000076293945,1
2015-11-19,226.15655517578125,0.022845115946723782,-0.002620599705026927,-0.05178845793612852,232.38518463134767,256.5948233795166,44.73682032232653,17.420000076293945,19.46999931335449,44.290000915527344,0
2015-11-20,224.92556762695312,-0.005443077021894616,0.006840167102692529,-0.06295317646174836,232.3529251098633,256.11684181213377,43.0555208834612,15.84000015258789,17.040000915527344,43.869998931884766,0
2015-11-23,225.7745056152344,0.0037743063060278192,0.011986303360792538,-0.06024750027818426,232.49215057373047,255.65875343322753,36.923044852923745,15.899999618530272,16.829999923706055,44.209999084472656,0
2015-11-24,223.5672912597656,-0.009776189519069778,0.0061127451195821525,-0.0542287287725699,232.73409759521485,255.2714182281494,30.851063377747153,17.079999923706055,17.649999618530273,40.7400016784668,0
2015-11-26,224.11911010742188,0.0024682449948150165,-0.012160792968577971,-0.0772456745822282,232.78843017578126,254.923772354126,31.972020099018664,16.25,17.8799991607666,41.7400016784668,0
2015-11-27,229.25515747070312,0.02291659716487149,0.008213626218002146,-0.06102228402994936,232.88181335449218,254.62371482849122,46.14484622346161,16.690000534057617,16.969999313354492,40.66999816894531,0
2015-11-30,232.2264404296875,0.012960593740902304,0.050297570205630526,-0.04835614179595993,232.98623260498047,254.34665046691896,54.06977764884785,16.729999542236328,17.420000076293945,40.75,0
2015-12-01,232.5235595703125,0.0012794371738000798,0.028153083555692016,-0.031813373672049616,233.09404754638672,254.10883674621581,58.41587374042734,16.43000030517578,15.84000015258789,40.540000915527344,0
2015-12-02,229.55227661132807,-0.012778416795593328,0.020569955799993878,-0.055701121268524556,233.0600894165039,253.88224723815918,59.073845118354065,15.640000343322754,15.899999618530272,40.38999938964844,0
2015-12-03,225.64720153808597,-0.01701170265391916,-0.0005638549702569051,-0.08170660568231003,233.01424713134764,253.67494064331055,53.39371852001257,15.489999771118164,17.079999923706055,41.75,0
2015-12-04,221.9542999267578,-0.01636582056482916,-0.007214791233184581,-0.08965891491400724,232.82068969726564,253.403267288208,49.68420590584716,16.059999465942383,16.25,42.869998931884766,0
2015-12-07,223.3126373291016,0.00611989676610003,-0.0035984114783149668,-0.0808874039077846,232.56940521240233,253.1231544494629,45.18354505001808,16.09000015258789,16.690000534057617,42.869998931884766,0
2015-12-08,221.9542999267578,-0.006082671444795906,-0.031845990399925084,-0.07516801446364785,232.26633514404296,252.81768074035645,42.8251385829977,15.869999885559082,16.729999542236328,41.709999084472656,0
2015-12-09,220.2564239501953,-0.007649664715316473,-0.05154458922655025,-0.0936245017272952,232.07787078857422,252.4841046142578,48.72446792267351,15.970000267028809,16.43000030517578,41.650001525878906,0
2015-12-10,219.8319549560547,-0.0019271582936287723,-0.054582015851258325,-0.09251808550629848,231.83337677001953,252.17260917663575,38.96295341630295,16.729999542236328,15.640000343322754,41.84999847412109,0
2015-12-11,211.63975524902344,-0.03726573649708431,-0.07803242741361982,-0.1212547346519981,231.51078125,251.802000579834,31.346910164713904,16.290000915527344,15.489999771118164,39.93999862670898,0
2015-12-14,211.3850555419922,-0.001203458710919203,-0.06320550797385593,-0.08185851309170333,231.1864877319336,251.4461841583252,29.454597267169348,17.18000030517578,16.059999465942383,41.08000183105469,0
2015-12-15,209.1778564453125,-0.01044160426109797,-0.0575633969950633,-0.09228208550493144,230.80276947021486,251.1110459136963,29.454610101517233,17.799999237060547,16.09000015258789,39.970001220703125,0
2015-12-16,213.9743194580078,0.022930070583017548,-0.04181723875004739,-0.09007220493025303,230.4920590209961,250.8080271911621,37.08107427485051,17.34000015258789,15.869999885559082,37.650001525878906,0
2015-12-17,214.9081268310547,0.004364109559559237,-0.03174605357061466,-0.0944375579590494,230.25520599365234,250.5219878387451,29.539930393108804,16.729999542236328,15.970000267028809,37.5099983215332,0
2015-12-18,212.31887817382807,-0.012048165397030797,-0.03603774924704173,-0.10502775279510612,229.7314126586914,250.23781578063964,21.29739466824833,14.220000267028809,16.729999542236328,37.15999984741211,0
2015-12-21,219.1952667236328,0.03238708026789294,-0.0028962496946777216,-0.055423487471943256,229.31458526611328,249.99303329467773,33.847737881129675,14.489999771118164,16.290000915527344,36.7599983215332,0
2015-12-22,220.34130859375,0.005228406102227412,0.04111492821605278,-0.038881781222707024,228.91643341064454,249.69576889038086,38.320749577058976,14.229999542236328,17.18000030517578,35.619998931884766,0
2015-12-23,222.29388427734372,0.008861596112210268,0.051606433138715824,-0.019655473539331947,228.63458679199218,249.35068084716798,45.526589518895044,14.479999542236328,17.799999237060547,36.310001373291016,0
2015-12-24,218.9830322265625,-0.014894031212529746,0.04687482675210153,-0.01976055863368209,228.1566357421875,248.9907078552246,45.99543369417104,13.649999618530272,17.34000015258789,37.34999847412109,0
2015-12-28,224.16156005859372,0.023648078024024466,0.04760964131765877,0.00475661723241827,227.756787109375,248.65370651245118,51.037328925097086,13.75,16.729999542236328,35.52000045776367,0
2015-12-29,224.75579833984372,0.0026509374805148145,0.04582270412012179,0.011461345597735706,227.3713705444336,248.32635299682616,53.488391534942394,14.399999618530272,14.220000267028809,34.95000076293945,0
2015-12-30,222.7183380126953,-0.009065218082016546,0.04898038237727076,-0.01833490991301512,227.0224575805664,248.05119743347169,53.03983757789696,14.239999771118164,14.489999771118164,34.72999954223633,0
2015-12-31,221.86944580078125,-0.0038115056869079122,0.012199985506621935,-0.02426710497725615,226.5979901123047,247.76825019836426,52.48968821702831,14.350000381469728,14.229999542236328,34.7400016784668,0
2016-01-01,223.2701568603516,0.006313221969410199,0.013292324917619558,0.009790714683318713,226.1489028930664,247.4964794921875,67.03983002422478,13.869999885559082,14.479999542236328,36.13999938964844,0
2016-01-04,216.9455718994141,-0.028327050286856448,-0.024059646963822123,-0.04072834974519257,225.61152557373046,247.16992622375489,56.91658283827133,14.260000228881836,13.649999618530272,37.5,0
2016-01-05,217.921875,0.004500221378284541,-0.004845842236144593,-0.0311378235068811,225.11065338134765,246.88163764953615,61.22003444438266,16.84000015258789,13.75,38.09999847412109,0
2016-01-06,212.31887817382807,-0.025711034407041256,-0.05283101117635913,-0.059597638824365085,224.55714721679686,246.56011817932128,47.918868660702884,16.700000762939453,14.399999618530272,36.810001373291016,0
2016-01-07,209.47494506835935,-0.013394631367354748,-0.06798869432671473,-0.06303402484325038,223.88648773193358,246.2101909637451,43.48269826969882,16.549999237060547,14.239999771118164,37.869998931884766,0
2016-01-08,208.03176879882807,-0.006889493486012421,-0.06594234379133201,-0.07178031940642204,223.20224517822265,245.85325645446778,44.71206182912673,18.959999084472656,14.350000381469728,36.59999847412109,0
2016-01-11,203.2777404785156,-0.022852415031425988,-0.08379569911108598,-0.1133122468379244,222.4509375,245.4917472076416,29.281781562100093,17.799999237060547,13.869999885559082,37.040000915527344,0
2016-01-12,200.9856109619141,-0.011275851016475436,-0.09980978296340692,-0.13452744403250827,221.8660205078125,245.16718353271483,25.536530265973013,18.690000534057617,14.260000228881836,37.040000915527344,0
2016-01-13,203.3201446533203,0.011615426996157474,-0.06280574029144581,-0.1255933591028715,221.3235498046875,244.8743221282959,26.248604193893513,18.709999084472656,16.84000015258789,36.7599983215332,0
2016-01-14,200.1366424560547,-0.015657583771120143,-0.08161288325894456,-0.12814350870097957,220.62317718505858,244.5734719848633,26.332561356094274,18.350000381469727,16.700000762939453,35.970001220703125,0
2016-01-15,190.54368591308597,-0.04793203495994047,-0.10255890784668942,-0.15556814082214543,219.6876498413086,244.20379249572753,11.996049155788185,18.61000061035156,16.549999237060547,33.970001220703125,0
2016-01-18,189.3976287841797,-0.006014668622653985,-0.09584590786085512,-0.1466818671831157,218.73089935302735,243.86572998046876,10.521247723427734,19.420000076293945,18.959999084472656,33.27000045776367,0
2016-01-19,194.19412231445312,0.02532499250948428,-0.06651698711342635,-0.13039349390574684,217.9736486816406,243.52410903930664,19.99996148415663,20.229999542236328,17.799999237060547,33.15999984741211,0
2016-01-20,190.5012359619141,-0.019016468204734016,-0.06285245244523885,-0.14170964011610876,217.19857025146484,243.14670616149903,18.87104272127219,18.43000030517578,18.690000534057617,31.40999984741211,0
2016-01-21,192.1142120361328,0.008467011072522457,-0.04413947288725251,-0.12777022076970634,216.50583892822266,242.79072143554689,19.211398668715674,20.96999931335449,18.709999084472656,30.440000534057617,0
2016-01-22,197.58985900878903,0.02850204008658319,-0.028183560730305146,-0.1011777198256365,215.98968627929688,242.43019203186034,30.54609141602191,20.809999465942383,18.350000381469727,30.479999542236328,0
2016-01-25,200.39134216308597,0.014178273967857313,0.0012726290593547684,-0.05314886644384065,215.5355059814453,242.09159866333007,33.00409038795814,18.81999969482422,18.61000061035156,31.200000762939453,0
2016-01-27,201.45249938964844,0.005295424518384939,0.057250983806088396,-0.046987977115395596,215.1203762817383,241.77437675476074,38.44763240533371,18.270000457763672,19.420000076293945,29.420000076293945,0
2016-01-28,197.9718780517578,-0.017277627969054965,0.04527115425161199,-0.05357153278069082,214.5422512817383,241.4493492126465,37.93409427240603,19.059999465942383,20.229999542236328,29.420000076293945,0
2016-01-29,195.3826141357422,-0.013078948088468878,0.0061201225203126874,-0.08688755440072438,213.90215393066407,241.08842460632323,37.04344749093249,17.899999618530273,18.43000030517578,28.459999084472656,0
2016-02-01,184.38890075683597,-0.056267613306004494,-0.03208554093738336,-0.14201057225821312,213.16782440185546,240.68212921142577,32.84499003736438,17.239999771118164,20.96999931335449,26.549999237060547,1
2016-02-02,178.6161346435547,-0.03130755750257519,-0.07026069154133896,-0.15873644312815427,212.21701599121093,240.25281196594239,30.89191384556345,17.889999389648438,20.809999465942383,29.530000686645508,1
2016-02-03,173.22540283203125,-0.03018054232492018,-0.12330823200635022,-0.20972106094590803,211.1830126953125,239.80446952819824,25.568585110565664,18.040000915527344,18.81999969482422,32.189998626708984,1
2016-02-04,173.14048767089844,-0.0004902003963884738,-0.1359881829126618,-0.2142168494146377,210.1303323364258,239.36613494873046,26.923076923076906,18.59000015258789,18.270000457763672,30.34000015258789,1
2016-02-05,177.76719665527344,0.02672228227270179,-0.1175726427129753,-0.2003054999323185,209.21433044433593,238.96094886779784,38.0650268740724,18.209999084472656,19.059999465942383,32.29999923706055,1
2016-02-08,177.0456085205078,-0.00405917485533025,-0.10570324299181033,-0.19150992330157213,208.27286041259765,238.5477732849121,38.36930434962517,18.11000061035156,17.899999618530273,33.220001220703125,1
2016-02-09,177.76719665527344,0.004075718911051407,-0.09015857198138633,-0.20696841773938957,207.24310119628908,238.13945747375487,33.24673643179473,20.26000022888184,17.239999771118164,33.619998931884766,1
2016-02-10,175.94200134277344,-0.010267334732399602,-0.045810237923170516,-0.2171859296073021,206.11741241455078,237.71325286865235,34.56346240337538,21.729999542236328,17.889999389648438,31.6200008392334,1
2016-02-11,169.1505126953125,-0.0386007240774171,-0.05299421559609785,-0.24051825186630726,204.84995147705078,237.2576806640625,28.06164173286541,22.46999931335449,18.040000915527344,29.8799991607666,1
2016-02-12,164.31158447265625,-0.028607233555197786,-0.05145791675842326,-0.2594222071470209,203.54513763427735,236.7929364013672,17.816075161567127,25.96999931335449,18.59000015258789,32.279998779296875,1
2016-02-15,172.7584686279297,0.05140772138728367,-0.0022064108060899645,-0.22623573585795154,202.48736297607422,236.39525543212892,25.906697837633857,24.670000076293945,18.209999084472656,31.71999931335449,1
2016-02-16,166.9008026123047,-0.03390667943602044,-0.061127104704479795,-0.23067891567896326,201.38629302978515,235.8658409881592,22.19942728644665,22.3799991607666,18.11000061035156,30.88999938964844,1
2016-02-17,161.93453979492188,-0.029755775524453187,-0.08535127672390452,-0.2569147094805334,200.15873107910156,235.29782478332518,21.681093454167424,23.040000915527344,20.26000022888184,29.690000534057617,1
2016-02-18,166.51878356933594,0.028309240142465386,-0.06327608972621901,-0.2157137179624462,199.05002075195313,234.74855682373047,28.007732788175176,21.82999992370605,21.729999542236328,27.940000534057617,1
2016-02-19,168.76846313476562,0.013510064853992532,-0.040772175792363474,-0.19432625663326808,198.02026153564452,234.21825698852538,36.268627607207726,21.489999771118164,22.46999931335449,27.450000762939453,1
2016-02-22,168.47134399414062,-0.001760513398689545,-0.004015173766545144,-0.19016530519885821,196.99304931640626,233.69001876831055,40.13210252951617,20.920000076293945,25.96999931335449,26.209999084472656,1
2016-02-23,162.99571228027344,-0.032501858084883706,-0.00800839573549239,-0.19816251451545208,196.02016845703125,233.20242057800294,40.06592753305786,21.020000457763672,24.670000076293945,29.440000534057617,1
2016-02-24,158.75100708007812,-0.026041821228379836,-0.08108118611550941,-0.210137450535398,194.96748748779297,232.72510444641114,37.07090928883413,23.84000015258789,22.3799991607666,29.440000534057617,1
2016-02-25,155.3552703857422,-0.02139033166966331,-0.06917601381092042,-0.23590812582473164,193.89103576660156,232.1790657043457,29.407131404549418,22.959999084472656,23.040000915527344,29.040000915527344,1
2016-02-26,156.8833770751953,0.009836207588316048,-0.03119262095735409,-0.21611867197360812,192.7492169189453,231.61354316711424,31.744793609478577,22.75,21.82999992370605,30.65999984741211,1
2016-02-29,161.3402862548828,0.028409059409469917,-0.031098577610596534,-0.15326353911052137,191.67786010742188,231.13415115356446,36.06910412980847,21.8700008392334,21.489999771118164,30.770000457763672,1
2016-03-01,173.98944091796875,0.07840047242201487,0.030935742888373863,-0.08135364716613591,190.9112713623047,230.67857055664064,48.60096731723733,20.15999984741211,20.920000076293945,29.63999938964844,1
2016-03-02,186.7659149169922,0.07343246769237677,0.10859158886681541,-0.038251453282569736,190.26268432617186,230.2981391143799,61.6246423571931,18.670000076293945,21.020000457763672,31.479999542236328,1
2016-03-03,185.06805419921875,-0.009090848929945494,0.13541670274731898,-0.02852045413385962,189.55721923828125,229.92006813049318,64.28988626465078,18.989999771118164,23.84000015258789,31.8700008392334,1
2016-03-04,187.1903839111328,0.011467833933291649,0.17914454436631777,-0.025629692217012723,188.85514923095704,229.53633453369142,60.883488755304754,18.040000915527344,22.959999084472656,32.150001525878906,1
2016-03-08,184.09176635742188,-0.016553294506741256,0.18497277820268265,-0.06831369139631172,188.15732391357423,229.14086334228514,63.527067775156844,17.8799991607666,22.75,33.06999969482422,1
2016-03-09,183.66729736328125,-0.0023057467617345617,0.1707250365680757,-0.08345692293529361,187.34743865966797,228.72908203125,68.41726726617998,18.46999931335449,21.8700008392334,32.779998779296875,1
2016-03-10,182.94569396972656,-0.003928861609627798,0.13391204525763567,-0.09186684442234738,186.51123657226563,228.33539192199706,64.89607173001619,17.510000228881836,20.15999984741211,33.75,1
2016-03-11,181.54495239257807,-0.0076565976861979745,0.04342511496529,-0.0829760560986601,185.68776885986327,227.93448936462403,61.76700729697226,17.899999618530273,18.670000076293945,34.400001525878906,1
2016-03-14,188.16665649414065,0.036474184571342994,0.007499985089736594,-0.03693244495433068,185.01371307373046,227.57274589538574,66.24649267621956,17.100000381469727,18.989999771118164,34.65999984741211,1
2016-03-15,187.91195678710935,-0.0013535857615626368,0.015366793584100868,0.019106659976890095,184.30654907226562,227.21995292663576,72.49038149787758,17.100000381469727,18.040000915527344,34.56999969482422,0
2016-03-16,192.19908142089844,0.02281453882493545,0.026757237231499476,0.07604546366681708,183.8116192626953,226.87419876098633,80.16844374505736,17.600000381469727,17.8799991607666,35.91999816894531,0
2016-03-17,193.3451385498047,0.005962864756863695,0.05026499759047898,0.11614772076635105,183.3200845336914,226.52854148864745,85.7142611232307,17.110000610351562,18.46999931335449,36.5,0
2016-03-18,195.425048828125,0.01075749974331286,0.06401657580656694,0.1287079726816096,182.98220794677735,226.18180839538573,85.86095382666164,16.84000015258789,17.510000228881836,38.290000915527344,0
2016-03-21,199.37261962890625,0.02019992229477774,0.08979126702975582,0.1215377380087177,182.78016143798828,225.85815132141113,85.72565819403941,16.3799991607666,17.899999618530273,37.84000015258789,0
2016-03-22,198.3114471435547,-0.005322558771243213,0.09235450796076261,0.1201150302498668,182.5857550048828,225.57905487060546,79.20486371819675,16.329999923706055,17.100000381469727,38.5,0
2016-03-23,198.82081604003903,0.002568529975557121,0.05662086867250116,0.1184336580701828,182.49661651611328,225.33901809692384,70.52021710084739,16.43000030517578,17.100000381469727,37.18000030517578,0
2016-03-28,191.39260864257807,-0.03736131631189488,0.018522780109261783,0.0878164803281023,182.30475646972656,225.0645994567871,59.008418863679296,16.350000381469727,17.600000381469727,36.34000015258789,1
2016-03-29,189.65231323242188,-0.00909280364847398,-0.013250678253239778,0.12120448357161573,182.0313998413086,224.8069474029541,53.545247638881975,17.489999771118164,17.110000610351562,38.459999084472656,1
2016-03-30,201.62228393554688,0.06311534248704698,0.042810206906805925,0.2270728481052391,182.06111267089844,224.6131777191162,70.1070809519675,17.639999389648438,16.84000015258789,40.20000076293945,0
2016-03-31,200.9007110595703,-0.0035788349476649772,0.02801924453533644,0.16289935107175935,182.26825317382813,224.3990337371826,69.63250619269039,16.809999465942383,16.3799991607666,39.43999862670898,0
2016-04-01,202.3014373779297,0.0069722317605138695,0.01469017036780107,0.21210583898663105,182.52632934570312,224.16897201538086,71.71429725678743,16.579999923706055,16.329999923706055,39.90999984741211,0
2016-04-04,202.68348693847656,0.0018885162928088395,0.022046330950109105,0.25163839163133583,182.69611663818358,223.95779930114747,74.26903064025667,17.280000686645508,16.43000030517578,41.45000076293945,0
2016-04-05,191.5199432373047,-0.05507870359740019,-0.0367208673022652,0.15014017717441863,182.7164907836914,223.65918617248536,53.48630533588213,17.450000762939453,16.350000381469727,39.790000915527344,0
2016-04-06,188.93069458007807,-0.013519472768527163,-0.012863161644332766,0.1194668190419701,182.65282043457032,223.33383140563964,51.010115069965465,17.829999923706055,17.489999771118164,39.38999938964844,0
2016-04-07,187.0205993652344,-0.010110031189421553,-0.013876518679538985,0.11010332636593034,182.44143524169922,222.98682914733888,44.61133740934797,17.350000381469727,17.639999389648438,38.27999877929688,1
2016-04-08,187.8271026611328,0.004312376811087981,-0.06842091561081609,0.15234382569623328,182.19015045166014,222.646830368042,44.21713619753236,16.93000030517578,16.809999465942383,38.31999969482422,1
2016-04-11,190.75592041015625,0.015593158322350531,-0.05049653929002751,0.20160447431954887,181.97621887207032,222.31298637390137,45.19232823818207,16.43000030517578,16.579999923706055,38.34000015258789,1
2016-04-12,194.19412231445312,0.01802409014044848,-0.040075419970105663,0.25000022099202246,181.90066375732422,221.99123970031738,44.61131982000577,16.010000228881836,17.280000686645508,36.790000915527344,1
2016-04-13,204.29641723632807,0.052021630734613966,0.007957877191747231,0.30221838058985284,182.07893981933594,221.6754354095459,55.241615080973986,16.020000457763672,17.450000762939453,35.70000076293945,1
2016-04-18,201.3251800537109,-0.014543755699739314,0.05119694926108531,0.24782957020207963,182.41766540527342,221.3513542175293,52.102642940415336,16.040000915527344,17.829999923706055,35.88999938964844,1
2016-04-20,202.08920288085935,0.0037949690492993238,0.06964727637310442,0.16150268553445635,182.88712677001953,221.0130531311035,60.11238548388313,16.950000762939453,17.350000381469727,37.75,1
2016-04-21,214.8232421875,0.0630119725601963,0.1486608583045419,0.15022723650071712,183.7190835571289,220.7509442138672,69.70101218365681,17.079999923706055,16.93000030517578,37.2599983215332,0
2016-04-22,213.9319000244141,-0.004149188672554982,0.1389831232736316,0.15596341545864267,184.53491180419923,220.4975370025635,61.65601756718532,16.510000228881836,16.43000030517578,39.720001220703125,0
2016-04-25,214.7383575439453,0.0037696926893053817,0.1257231601631179,0.14716553840655977,185.27433502197266,220.25028411865233,63.081884974089114,16.3799991607666,16.010000228881836,40.36000061035156,0
2016-04-26,215.67218017578125,0.004348653135455072,0.11060096776023576,0.17154712806136407,186.04686645507812,220.02128356933594,62.753066723485105,16.56999969482422,16.020000457763672,42.16999816894531,1
2016-04-27,207.64971923828125,-0.03719747688812425,0.0164139050861285,0.1305753512971033,186.6445169067383,219.73434310913086,54.134248794976116,16.579999923706055,16.040000915527344,41.7599983215332,1
2016-04-28,203.82952880859372,-0.01839728194047685,0.012439322066989833,0.11415319150568792,187.2022674560547,219.42490600585938,61.67477333410517,16.350000381469727,16.950000762939453,39.77999877929688,1
2016-04-29,201.1553649902344,-0.013119609479500416,-0.004620919263932599,0.10801959701556574,187.8423645019531,219.09551864624024,61.575592248608736,16.600000381469727,17.079999923706055,42.630001068115234,1
2016-05-02,192.4962310791016,-0.04304699460316752,-0.10393200885084475,0.02300925501695228,188.40605743408204,218.72028861999513,54.59730017461623,16.540000915527344,16.510000228881836,43.18000030517578,1
2016-05-03,187.6997528076172,-0.02491725809173584,-0.12261914755958914,-0.0011292734274092053,188.7048831176758,218.33190048217773,49.89979185137016,17.09000015258789,16.3799991607666,43.72999954223633,1
2016-05-04,182.0543365478516,-0.03007684440347591,-0.1522039256046981,-0.052782483652098144,189.00795379638672,217.93672080993653,43.433684900424126,17.459999084472656,16.56999969482422,42.63999938964844,1
2016-05-05,182.22413635253903,0.0009326875036717031,-0.15508742850367052,-0.05751891296920786,189.41374572753907,217.534112701416,40.498632686791595,17.450000762939453,16.579999923706055,44.040000915527344,1
2016-05-06,185.57737731933597,0.018401738836119952,-0.10629603545775534,-0.05039104028803387,189.79491760253907,217.13277809143065,33.35842921996834,17.170000076293945,16.350000381469727,45.33000183105469,1
2016-05-09,191.2652587890625,0.03064964895984601,-0.061641068852833936,-0.04066436431910281,190.244853515625,216.74608772277833,41.468634936557656,16.950000762939453,16.600000381469727,46.02999877929688,1
2016-05-10,191.43505859375,0.0008877712856090181,-0.04832238204015238,-0.03467469300865411,190.7041278076172,216.37276817321776,40.87271023629541,16.610000610351562,16.540000915527344,45.91999816894531,1
2016-05-11,190.1192169189453,-0.006873566861110181,-0.012348367273640304,-0.043766036647497564,191.2465979003906,215.98777587890626,23.688908896187513,16.420000076293945,17.09000015258789,44.77999877929688,1
2016-05-12,196.78335571289065,0.03505242080176729,0.04839432534886545,0.028165910421231066,192.0072448730469,215.6257046508789,33.73584398872235,16.959999084472656,17.459999084472656,43.650001525878906,1
2016-05-13,192.2839813232422,-0.022864608509944873,0.05619006374342428,0.013876277309600615,192.74581909179688,215.2396509552002,30.097781985393567,16.329999923706055,17.450000762939453,43.77999877929688,1
2016-05-16,189.9494171142578,-0.012141230865507335,0.0423943881219615,-0.05789472568925247,193.40713989257813,214.84892822265624,27.753280129138545,17.0,17.170000076293945,44.31999969482422,1
2016-05-17,191.81707763671875,0.00983240986381917,0.03362317329577147,-0.04521454092891741,194.01667572021483,214.48600814819335,34.67542456840148,17.030000686645508,16.950000762939453,44.65999984741211,1
2016-05-18,192.24156188964844,0.002212963820320546,0.0051044455577928805,-0.0497271577437578,194.38171813964843,214.10250160217285,37.99472445672435,16.3700008392334,16.610000610351562,43.43999862670898,1
2016-05-19,191.4774932861328,-0.0039745234901609194,0.00022166625431374598,-0.055288143210923124,194.47594970703125,213.73172882080078,39.560433048898204,16.450000762939453,16.420000076293945,44.65999984741211,1
2016-05-20,186.85081481933597,-0.024163040717704698,-0.01719132948566049,-0.024379332716193414,194.51160491943358,213.39003204345704,43.32999452666466,17.059999465942383,16.959999084472656,46.22999954223633,1
2016-05-23,187.6997528076172,0.004543399979828999,-0.04616042282827293,-0.00651530856432192,194.52179229736328,213.092904586792,50.0,16.43000030517578,16.329999923706055,46.70000076293945,1
2016-05-24,190.6285858154297,0.015603819205954883,-0.008609118120087578,0.01929192004753033,194.65252868652342,212.83631378173828,62.02380616132279,16.15999984741211,17.0,46.209999084472656,1
2016-05-25,199.4999542236328,0.046537450667512026,0.05027937044750286,0.0621467903040569,194.96918182373048,212.6060398864746,69.47366538102192,16.219999313354492,17.030000686645508,47.720001220703125,1
2016-05-26,204.7209014892578,0.026170167737344485,0.06727150685184324,0.07320863776639053,195.4046859741211,212.39444244384765,70.7070833776219,15.520000457763672,16.3700008392334,48.310001373291016,1
2016-05-27,206.4187774658203,0.008293613227624341,0.07374688093883641,0.06295069596170455,195.90216247558592,212.1429451751709,67.93970847777274,15.329999923706056,16.450000762939453,48.18999862670898,1
2016-05-30,207.5648498535156,0.005552171182125365,0.08401695829254874,0.01599848231017509,196.29012634277345,211.85260917663575,68.66405401950513,15.260000228881836,17.059999465942383,48.15999984741211,1
2016-05-31,207.6921844482422,0.0006134689703793939,0.11154015918559157,0.03162547473114219,196.6857308959961,211.55802841186522,70.90907836524356,15.979999542236328,16.43000030517578,47.75,1
2016-06-01,203.78707885742188,-0.01880237140937524,0.08570776364470434,0.008401616476084062,196.91749084472656,211.25538299560546,58.918916818231246,16.049999237060547,16.15999984741211,48.08000183105469,1
2016-06-02,204.8907012939453,0.005415566299449059,0.07481624761316996,-0.04623587649275618,197.14840209960937,210.9595288848877,67.5739891160445,15.84000015258789,16.219999313354492,48.619998931884766,1
2016-06-03,206.9281463623047,0.009944058249067966,0.037234054351436674,-0.03273823895038619,197.37846405029296,210.6776821899414,73.86635059867605,15.09000015258789,15.520000457763672,49.560001373291016,1
2016-06-06,206.7159118652344,-0.0010256434458107977,0.009745025356296066,-0.037359164755039864,197.52532989501952,210.39710876464844,71.96495720881443,15.0,15.329999923706056,49.47999954223633,1
2016-06-07,215.71463012695312,0.043531812237005196,0.04503394882605605,0.00019682627187833646,197.8733935546875,210.19272735595703,77.62236607022624,15.359999656677246,15.260000228881836,49.33000183105469,1
2016-06-08,218.72836303710935,0.013970924959436415,0.05378325468629286,0.05335255852725318,198.2715444946289,210.04840843200682,80.45544880660331,14.869999885559082,15.979999542236328,49.33000183105469,1
2016-06-09,216.0966644287109,-0.012031812298398337,0.04046603873321564,0.060183309512708894,198.76562561035155,209.8898696899414,84.21053195233871,15.140000343322754,16.049999237060547,49.09999847412109,1
2016-06-10,214.44125366210935,-0.007660510498752604,0.05228091429752313,0.06604789622449259,199.26140441894532,209.67763549804687,80.7017857349326,15.670000076293944,15.84000015258789,49.0099983215332,1
2016-06-13,206.9281463623047,-0.035035736694782216,0.009944058249067966,0.07497245635563976,199.36752166748047,209.42656242370606,66.93120485494941,15.970000267028809,15.09000015258789,49.16999816894531,1
2016-06-14,207.9468688964844,0.004923073791982091,0.004923073791982091,0.10786970033796206,199.50844482421874,209.1882236480713,60.48471868308285,16.579999923706055,15.0,48.619998931884766,1
2016-06-15,210.49368286132807,0.01224742636596976,0.018275182408582724,0.1562135066527317,199.6722897338867,208.94818717956542,57.674959457063395,17.190000534057617,15.359999656677246,49.68999862670898,1
2016-06-16,207.1147003173828,-0.016052655348195444,-0.03986716063026907,0.13659312351844188,199.76091400146484,208.7177848815918,50.885645887673206,17.059999465942383,14.869999885559082,50.36000061035156,1
2016-06-17,206.59483337402344,-0.0025100436741705145,-0.05547305111512835,0.11325440825969468,200.06241180419923,208.49221145629883,48.745542770655234,17.700000762939453,15.140000343322754,51.22999954223633,1
2016-06-20,206.29161071777344,-0.0014677165507863688,-0.04537346162588318,0.07856289230906688,200.40963012695312,208.37781814575195,48.19693462385259,17.350000381469727,15.670000076293944,50.560001373291016,1
2016-06-21,206.07501220703125,-0.001049962768667867,-0.03901414169244044,0.07647477803085767,200.79071838378906,208.20482650756836,53.25451184709861,17.520000457763672,15.970000267028809,49.06999969482422,1
2016-06-22,207.0713806152344,0.004834979251158167,0.0006921931861261221,0.08916596633951213,201.1756039428711,208.0599501800537,53.11144039401323,17.260000228881836,16.579999923706055,48.880001068115234,1
2016-06-23,208.7175445556641,0.007949741463734616,0.003706118121756141,0.06064633261049557,201.53483642578124,207.90462799072264,52.5819818312322,18.18000030517578,17.190000534057617,48.4900016784668,1
2016-06-24,200.0968017578125,-0.041303393139298206,-0.04939284144866696,0.040631676028365815,201.65289001464845,207.70089637756348,42.31411167296831,18.020000457763672,17.059999465942383,48.0099983215332,1
2016-06-27,201.61302185058597,0.0075774329197355605,-0.02656343783597237,0.0614037406038066,201.59922210693358,207.52936492919923,30.18192953645473,18.6299991607666,17.700000762939453,46.209999084472656,1
2016-06-28,202.00286865234372,0.0019336389990061154,-0.02222690977642372,0.05310158585001368,201.61277587890626,207.38928329467774,24.62278749690914,18.530000686645508,17.350000381469727,47.97999954223633,1
2016-06-29,205.03530883789065,0.015011866939206309,-0.0060899319924431206,0.06655036935033931,201.67169799804688,207.29025634765625,33.41849957066158,17.729999542236328,17.520000457763672,49.369998931884766,1
2016-06-30,208.4143218994141,0.016480152031741246,0.011351738705868364,0.08845336505409462,201.54351959228515,207.19963523864746,41.40926947438301,16.15999984741211,17.260000228881836,48.84999847412109,1
2016-07-01,208.2410430908203,-0.0008314150727002367,0.00564859553314756,0.11447757555762506,201.4297024536133,207.1467742919922,52.366579090973104,16.290000915527344,18.18000030517578,49.130001068115234,1
2016-07-04,214.9989776611328,0.03245246215639219,0.030095376595394407,0.1454409206467946,201.43491485595703,207.1644194793701,60.53261172270859,15.739999771118164,18.020000457763672,50.11000061035156,0
2016-07-05,212.35646057128903,-0.012290835605780148,0.06126863950736716,0.1139801497394346,201.36860046386718,207.11918937683106,52.77420369384797,15.579999923706056,18.6299991607666,47.63999938964844,1
2016-07-07,212.13986206054688,-0.0010199760824768367,0.05221309672032137,0.06335794855744759,201.4584033203125,207.05695869445802,58.26213006202196,15.359999656677246,18.530000686645508,46.33000183105469,1
2016-07-08,209.6272735595703,-0.011844018736372308,0.03774404273608889,0.02396615115809242,201.57435821533204,206.9700676727295,54.67918127630557,15.3100004196167,17.729999542236328,47.84999847412109,1
2016-07-11,216.47189331054688,0.03265137992185685,0.055778609730573026,0.0487025258464735,201.8806887817383,206.91676307678222,63.07009965540813,15.079999923706056,16.15999984741211,49.880001068115234,1
2016-07-12,226.73883056640625,0.04742850029555856,0.08792346178510724,0.09237585615494281,202.56554077148436,206.89420631408692,71.08756463032476,14.850000381469728,16.290000915527344,48.33000183105469,0
2016-07-13,226.2622985839844,-0.00210167786978277,0.08654036315648139,0.08941171371024792,203.33679168701173,206.88582122802734,69.79447798882299,14.779999732971191,15.739999771118164,48.9900016784668,0
2016-07-14,232.717041015625,0.02852769759715268,0.08240998886245054,0.1419617098414947,204.35004577636718,206.89124557495117,72.52035425903793,15.329999923706056,15.579999923706056,48.9900016784668,0
2016-07-15,230.2477569580078,-0.010610671426728002,0.08425124594084377,0.12375893832138396,205.31051818847655,206.86310005187988,81.98527685933959,15.609999656677246,15.359999656677246,46.59999847412109,0
2016-07-18,228.2117156982422,-0.008842827772419737,0.07576064904345148,0.10285487842080543,206.1632049560547,206.81861961364746,77.90909609067847,15.640000343322754,15.3100004196167,45.13999938964844,0
2016-07-19,233.19357299804688,0.021829980483526246,0.11242000641571903,0.12808719412985603,207.00177124023438,206.83618927001953,79.85077198786877,15.989999771118164,15.079999923706056,45.40999984741211,0
2016-07-20,231.76397705078125,-0.006130511784205983,0.07064235225353999,0.07440082721502339,207.808349609375,206.8347258758545,76.3900623229052,15.800000190734863,14.850000381469728,44.7599983215332,0
2016-07-21,226.9120941162109,-0.020934586109157327,0.0007641547297911888,0.037415042866265624,208.54420715332031,206.83043869018556,67.74727189147876,15.989999771118164,14.779999732971191,46.79999923706055,0
2016-07-22,228.2550201416016,0.005918265531950517,0.008807130353082337,0.05626350478399744,209.17364044189452,206.833715133667,68.78045511714697,15.710000038146973,15.329999923706056,44.75,1
2016-07-25,232.7603454589844,0.019738121486168714,0.00018608196103908625,0.0854270877642791,209.9831677246094,206.85569801330567,67.40237477787477,15.5,15.609999656677246,45.68000030517578,1
2016-07-26,226.6955108642578,-0.02605613332789669,-0.015427929204095747,0.09552767397501838,210.71808959960939,206.84162635803222,63.166261381652966,15.720000267028809,15.640000343322754,45.95000076293945,1
2016-07-27,234.4498443603516,0.03420594199916449,0.02733483091796174,0.12745070702199568,211.57074493408203,206.88012168884276,67.99438793405822,15.619999885559082,15.989999771118164,45.2400016784668,1
2016-07-28,235.66282653808597,0.005173738464377076,0.010588857609981295,0.1195719668857671,212.4391702270508,206.86589309692383,71.44895391682823,15.43000030517578,15.800000190734863,44.650001525878906,0
2016-07-29,227.77850341796875,-0.03345594736318336,-0.017196260107062544,0.09976985249680825,213.1651904296875,206.804602432251,59.157879021426005,15.149999618530272,15.989999771118164,44.93999862670898,1
2016-08-01,216.1686553955078,-0.05096990211212826,-0.047346258746353787,0.04634105250905152,213.75154724121094,206.6842012023926,41.62088187899754,14.920000076293944,15.710000038146973,44.75,1
2016-08-02,212.5297393798828,-0.01683368945866437,-0.06889347166149229,0.030239371540143445,214.24814697265626,206.56491882324218,39.63375345348811,15.18000030517578,15.5,44.18999862670898,1
2016-08-03,209.7572479248047,-0.013045192937081063,-0.09882739041660848,0.017868424115749182,214.63072021484376,206.3993021392822,31.64820990242667,15.6899995803833,15.720000267028809,43.130001068115234,1
2016-08-04,208.2410430908203,-0.007228378752032083,-0.08140641031258788,0.00564859553314756,214.8055419921875,206.21973739624025,32.137860653138915,16.239999771118164,15.619999885559082,42.91999816894531,1
2016-08-05,213.09292602539065,0.023299359542942266,-0.09109376205059516,0.020963170484978866,214.97298248291017,206.06506889343262,38.26498066281531,15.140000343322754,15.43000030517578,41.91999816894531,1
2016-08-08,212.4864044189453,-0.002846277526702523,-0.09834568506032526,0.06191804442795945,215.09433502197265,205.92668098449707,32.75611658390768,14.350000381469728,15.149999618530272,41.13999938964844,1
2016-08-09,212.5730743408203,0.0004078845520116836,-0.06675532962496811,0.054361828366209286,215.19449951171876,205.77408226013185,33.65316603702669,14.59000015258789,14.920000076293944,41.59999847412109,1
2016-08-10,207.3746337890625,-0.02445484014322108,-0.040681298546061395,0.026592519069438714,215.18814849853516,205.58233283996583,33.455645116483126,14.539999961853027,15.18000030517578,40.060001373291016,1
2016-08-11,210.27706909179688,0.013996096097687039,-0.010599317980903522,0.025565158916362796,215.31794830322266,205.41464599609375,35.16798205760932,14.920000076293944,15.6899995803833,39.5099983215332,1
2016-08-12,213.09292602539065,0.013391174538220918,0.015902564195453994,0.02244857303153358,215.48199279785158,205.265283203125,33.308858455435825,14.210000038146973,16.239999771118164,40.83000183105469,1
2016-08-16,215.34555053710935,0.010571090057913457,0.034116749228875864,0.034116749228875864,215.65034088134766,205.1420400238037,39.701240424061915,13.770000457763672,15.140000343322754,41.93000030517578,1
2016-08-17,214.52249145507807,-0.003822038950785922,0.0067086479891738104,-0.0022162254501775225,215.80647247314454,204.9996128845215,29.316566873095653,14.18000030517578,14.350000381469728,41.79999923706055,1
2016-08-18,219.11444091796875,0.021405445329970352,0.031192755683113527,0.03182375675550042,215.87446868896484,204.88396560668946,33.94957052930316,14.779999732971191,14.59000015258789,43.02000045776367,1
2016-08-19,219.9808349609375,0.003954070938177567,0.03484806645003524,0.03696133684744618,215.8995181274414,204.77965415954588,41.245125121036814,14.550000190734863,14.539999961853027,42.77000045776367,1
2016-08-22,218.55128479003903,-0.006498521433252691,0.0538959408716555,0.04257085005655403,215.94861053466798,204.72125328063964,53.46786250787298,14.539999961853027,14.920000076293944,41.709999084472656,1
2016-08-23,216.77513122558597,-0.008126941766365747,0.03090238113863175,0.0014008188795395782,215.9952880859375,204.65291053771972,56.53333521190264,14.239999771118164,14.210000038146973,43.4900016784668,1
2016-08-24,215.2589263916016,-0.00699436704483658,0.010164581277338325,-0.050630516820287075,216.16190368652343,204.55342880249023,58.807209562724616,13.899999618530272,13.770000457763672,44.4900016784668,1
2016-08-25,213.95932006835935,-0.006037409667638993,-0.006437237571394028,-0.054374849865049035,216.28215270996094,204.4366251373291,59.21786857527689,13.489999771118164,14.18000030517578,46.58000183105469,1
2016-08-26,212.5297393798828,-0.006681553708526411,-0.009289245438455773,-0.08674612545622207,216.32287384033202,204.3130980682373,48.97955121154961,13.289999961853027,14.779999732971191,46.790000915527344,0
2016-08-29,217.0350646972656,0.02119856416578858,-0.009489909528517249,-0.05738467308131878,216.52128112792968,204.2379901123047,57.221505430524736,13.56999969482422,14.550000190734863,48.220001220703125,0
2016-08-30,222.01690673828125,0.02295408830810186,0.009255678012610957,-0.027145008489187994,216.82972259521483,204.20179885864258,62.97621049391748,13.170000076293944,14.539999961853027,48.52000045776367,1
2016-08-31,223.53309631347656,0.006829162686167178,0.022794702525878563,-0.041426856496817877,217.17455230712892,204.18571044921876,74.70201369647637,13.020000457763672,14.239999771118164,47.04999923706055,1
2016-09-01,226.0890045166016,0.011434137697178937,0.042965598675261285,-0.024485999103028067,217.5748321533203,204.19916801452638,74.43111222811055,13.239999771118164,13.899999618530272,48.09999847412109,1
2016-09-02,226.39227294921875,0.0013413674551117083,0.051720719527157843,-0.0022908482203947145,217.96125,204.21562759399413,72.27871229223916,13.34000015258789,13.489999771118164,46.77000045776367,1
2016-09-06,236.269287109375,0.043627876656248565,0.10427200382711854,0.035111021710723556,218.5122848510742,204.28592910766602,77.919127539735,12.9399995803833,13.289999961853027,47.33000183105469,1
2016-09-07,240.99122619628903,0.019985412173898487,0.1339176667672528,0.035362040389972815,219.33017333984375,204.35649459838868,81.98953632687085,12.75,13.56999969482422,47.63999938964844,1
2016-09-08,239.43167114257807,-0.0064714183928036295,0.10319349307243364,0.05618179305697191,220.0865463256836,204.41671554565428,76.49714195197389,13.149999618530272,13.170000076293944,46.97999954223633,1
2016-09-09,237.48228454589844,-0.008141724055873989,0.06965855904770413,0.01293428107755945,220.7961346435547,204.49860008239747,72.19783482205932,13.119999885559082,13.020000457763672,46.34999847412109,1
2016-09-12,232.37046813964844,-0.021525043082790574,0.03953495912649374,-0.013970631035885694,221.34283782958985,204.5296696472168,66.03012549338911,13.229999542236328,13.239999771118164,44.70000076293945,1
2016-09-14,235.186279296875,0.012117766856390544,0.04023758165384561,0.032521839276962616,221.87827697753906,204.5809732055664,70.85377214192259,15.239999771118164,13.34000015258789,43.15999984741211,1
2016-09-15,234.4498443603516,-0.0031312835881629475,0.03559119446157166,0.08456910152582497,222.4024530029297,204.62434989929199,72.1278716005802,14.760000228881836,12.9399995803833,44.43999862670898,1
2016-09-16,231.63401794433597,-0.012010357369602986,-0.019618585308945558,0.08988990726754498,222.73515380859374,204.66468353271483,69.69110741729119,14.68000030517578,12.75,44.83000183105469,1
2016-09-19,235.31625366210935,0.01589678299608943,-0.02354846117740972,0.12185040560060756,223.19434967041016,204.72066925048827,74.17279861075818,14.579999923706056,13.149999618530272,45.5,0
2016-09-20,235.74945068359372,0.001840914151669315,-0.015379003293142568,0.13209887534407017,223.6665414428711,204.75314071655274,71.73037780190565,14.9399995803833,13.119999885559082,47.619998931884766,0
2016-09-21,233.8433532714844,-0.008085267671175012,-0.015322958853003388,0.09737736316794154,224.1508630371094,204.76122528076172,64.78872218211026,14.779999732971191,13.229999542236328,45.880001068115234,1
2016-09-22,238.69525146484372,0.02074849734012507,0.027218533300859216,0.12334364223239502,224.59533020019532,204.79208374023438,67.50002201444508,14.8100004196167,15.239999771118164,46.290000915527344,1
2016-09-23,235.01300048828125,-0.015426578258113444,-0.0007367726089795301,0.10556335141243145,224.7608135986328,204.81938735961913,60.038978859616066,13.34000015258789,14.760000228881836,43.58000183105469,1
2016-09-26,227.4752655029297,-0.032073693666693215,-0.029748703294944057,0.09692907636096493,224.7850729370117,204.82852767944337,51.047762622679386,13.25,14.68000030517578,43.90999984741211,1
2016-09-27,225.26593017578125,-0.009712420039443725,-0.027492023084817463,0.0712814818502201,224.63605072021485,204.84508583068848,37.50002600131039,14.56999969482422,14.579999923706056,43.02999877929688,1
2016-09-28,225.9157257080078,0.002884570834655431,-0.03994848552875463,0.06017468492168199,224.54941009521485,204.858101272583,31.127965409508946,14.25,14.9399995803833,43.29999923706055,1
2016-09-29,216.9051055908203,-0.039884873392273645,-0.07993378155550812,0.00724210483950638,224.3232778930664,204.83285530090333,26.234009924946264,13.850000381469728,14.779999732971191,43.43999862670898,1
2016-09-30,218.4646148681641,0.00718982281719871,-0.06576512946881197,0.01837627088118876,224.02869873046876,204.82389625549317,29.769539923904944,18.450000762939453,14.8100004196167,45.34000015258789,1
2016-10-03,221.9302520751953,0.01586360889209737,-0.07023599877569264,0.012850869825967948,223.83202423095702,204.83438774108888,38.49090791649784,17.18000030517578,13.34000015258789,46.31999969482422,1
2016-10-04,223.7063751220703,0.008003068668048119,-0.048110637891177976,0.016935748797364036,223.76790985107422,204.8947208404541,37.04787905268628,15.619999885559082,13.25,44.47999954223633,1
2016-10-05,221.3237762451172,-0.010650563157411197,-0.027042453359542362,0.012685770562921528,223.62928497314454,204.94441444396972,35.72100595507227,14.989999771118164,14.56999969482422,45.93000030517578,1
2016-10-06,217.68484497070312,-0.016441664497825692,-0.0336539360353445,0.004196577992936268,223.3277749633789,204.98694938659668,35.09256677315139,14.93000030517578,14.25,44.66999816894531,1
2016-10-07,217.1216735839844,-0.002587095058429578,-0.03892625047000742,0.008653518920716419,223.13629821777343,205.00268615722655,29.166622987161006,14.84000015258789,13.850000381469728,47.04999923706055,1
2016-10-10,216.68849182128903,-0.0019951106471542968,-0.000998656850152324,0.012755563777533618,222.78107116699218,205.01158798217773,28.17458390014785,14.489999771118164,18.450000762939453,47.83000183105469,1
2016-10-13,208.93414306640625,-0.035785697199268385,-0.04362478476209597,-0.016918085553427775,222.2464974975586,204.99466430664063,24.846873243464387,14.289999961853027,17.18000030517578,48.2400016784668,1
2016-10-14,209.4540100097656,0.0024881856824814363,-0.05621695081571154,-0.034930091587156875,221.88000762939453,204.94595802307128,17.641399200302544,15.43000030517578,15.619999885559082,48.810001373291016,1
2016-10-17,224.1829071044922,0.07032043499210094,0.0021301671986855286,0.009756015422574427,222.0402926635742,204.965166015625,40.36978371934559,14.890000343322754,14.989999771118164,48.68999862670898,1
2016-10-18,234.23324584960935,0.04483097696842986,0.05832843548717892,0.047868300992561785,222.47436279296875,205.02486282348633,55.752221124600894,15.65999984741211,14.93000030517578,49.83000183105469,0
2016-10-19,229.6412811279297,-0.0196042398038917,0.054925441221393756,0.01571185037911582,222.87204345703125,205.07815406799315,53.57902007720138,14.539999961853027,14.84000015258789,50.43999862670898,0
2016-10-20,240.5146942138672,0.04734955767765503,0.10774152687633087,0.06238031484323758,223.5175164794922,205.15991973876953,60.2307319528938,14.609999656677246,14.489999771118164,49.810001373291016,0
2016-10-21,240.3414459228516,-0.0007203231036750912,0.10915648497415376,0.01723524400186416,224.06248687744142,205.23784797668458,68.74570389695606,14.170000076293944,14.289999961853027,49.810001373291016,0
2016-10-24,246.53623962402344,0.025774970593962054,0.17997104736331182,0.023009192140538648,224.74348358154296,205.35693748474122,70.90326266431606,13.829999923706056,15.43000030517578,50.43999862670898,0
2016-10-25,250.6083984375,0.01651748570387368,0.19648412759352585,0.04668023758755946,225.50419006347656,205.5006322479248,71.16373512109534,14.329999923706056,14.890000343322754,50.34999847412109,0
2016-10-26,241.2078399658203,-0.03751094747937633,0.07594215402601034,0.015687719305234493,226.18085418701173,205.59032066345216,61.60921452860341,14.479999542236328,15.65999984741211,49.93999862670898,0
2016-10-27,246.31964111328125,0.02119251657900212,0.0515998282815584,0.06002988712511326,226.9017056274414,205.7371910095215,66.00110690027097,14.449999809265137,14.539999961853027,50.290000915527344,0
2016-10-28,239.86489868164065,-0.02620474113419191,0.044519946516129894,0.019893249719979744,227.4371450805664,205.84690612792969,63.70450599396309,14.09000015258789,14.609999656677246,51.59999847412109,0
2016-11-01,238.5652618408203,-0.005418203530251686,-0.008105252693265452,0.017553509117042898,227.90153930664061,205.97813804626466,63.1299680226534,14.649999618530272,14.170000076293944,50.43000030517578,0
2016-11-02,235.576171875,-0.012529443485425618,-0.019827100688165178,0.01701889025476122,228.32261291503906,206.10864418029786,61.213983064283106,15.739999771118164,13.829999923706056,50.84999847412109,0
2016-11-03,233.71339416503903,-0.007907326514115298,-0.05201201039871339,-0.0068115120486825775,228.61459197998047,206.23705230712892,65.8185718084666,16.799999237060547,14.329999923706056,50.52000045776367,0
2016-11-04,233.75669860839844,0.0001852886674045262,-0.06724315679031112,-0.008452838678592811,228.89010925292968,206.38944709777832,65.60931975867952,16.469999313354492,14.479999542236328,49.959999084472656,0
2016-11-07,241.4677581787109,0.03298754481141275,0.0010775695057316792,0.03260475356926151,229.34843872070311,206.5918578338623,62.20183711552439,16.850000381469727,14.449999809265137,49.18000030517578,0
2016-11-08,245.3665771484375,0.016146333569060145,-0.0038692162774199845,0.027949134482787796,229.92026763916016,206.80208999633788,58.60682153190512,16.510000228881836,14.09000015258789,49.720001220703125,0
2016-11-09,243.8503875732422,-0.006179283229264199,0.01661555698022843,0.03760382219962177,230.49209686279298,207.02065872192384,61.53306736828859,16.770000457763672,14.649999618530272,48.70000076293945,0
2016-11-10,253.51080322265625,0.039616158684646186,0.06264760119102397,0.11445436787232266,231.2831265258789,207.33549430847168,60.76040010844883,16.6200008392334,15.739999771118164,46.66999816894531,0
2016-11-11,239.4750061035156,-0.05536567649471391,0.016550206234713594,0.06307689723273557,231.82203186035156,207.58588119506837,49.41654783489851,15.460000038146973,16.799999237060547,45.34000015258789,0
2016-11-15,233.71339416503903,-0.02405934561699541,0.0,0.03451582855772317,232.15559844970704,207.78347755432128,41.31454933239404,17.360000610351562,16.469999313354492,44.65999984741211,0
2016-11-16,230.6376495361328,-0.013160326732212235,-0.013343143066418928,0.0633112987723683,232.32801330566406,207.98415962219238,36.28788502635869,20.149999618530277,16.850000381469727,44.06999969482422,0
2016-11-17,231.8939666748047,0.005447146817523674,-0.039648322310677275,0.061471519379670436,232.49523071289062,208.18305839538573,42.799736333755796,19.5,16.510000228881836,44.88999938964844,0
2016-11-18,229.25140380859372,-0.01139556541338027,-0.06567794818319816,0.03298852529090013,232.55847869873048,208.34136611938476,36.281331649687935,18.709999084472656,16.770000457763672,44.97999954223633,0
2016-11-21,226.3056182861328,-0.012849585535887886,-0.0719489087620977,0.011618994597915044,232.55674560546876,208.4709375,38.450182679322715,17.809999465942383,16.6200008392334,45.27000045776367,0
2016-11-22,227.605224609375,0.005742704635812501,-0.10218727677072059,0.028381263282355462,232.38346435546876,208.60170112609865,40.664217423730214,19.100000381469727,15.460000038146973,44.65999984741211,0
2016-11-23,229.5546417236328,0.008564904947166552,-0.04142546874221442,0.05452743738098609,232.15473266601563,208.759614944458,44.7783628892705,18.46999931335449,17.360000610351562,44.65999984741211,0
2016-11-24,224.6594390869141,-0.021324781759857414,-0.0387395643731544,0.03471678058899097,231.85928802490236,208.90599906921386,42.5410433689504,18.040000915527344,20.149999618530277,45.810001373291016,0
2016-11-25,225.35256958007807,0.003085249816259905,-0.022915078985084603,0.03998402354442798,231.61669372558595,209.11081741333007,43.1497378041818,17.15999984741211,19.5,45.56999969482422,0
2016-11-28,221.1938018798828,-0.018454494252915343,-0.046142488950250304,0.058677144068215004,231.39316040039063,209.32370574951173,32.45874880257196,17.610000610351562,18.709999084472656,45.41999816894531,1
2016-11-29,221.3237762451172,0.0005876040111871816,-0.03458049735693425,0.056670035750560066,231.11591033935548,209.56419761657716,27.74660486756865,18.059999465942383,17.809999465942383,45.68999862670898,1
2016-11-30,230.0744781494141,0.03953801102058496,0.016653850186415076,0.02628019736658982,231.02840301513672,209.84886756896972,38.75528408906912,17.709999084472656,19.100000381469727,47.4900016784668,0
2016-12-01,224.5294647216797,-0.024100949711307718,-0.01351357330647418,-0.041427855779960554,230.8863119506836,210.08267890930176,24.639898010603204,16.850000381469727,18.46999931335449,48.02999877929688,1
2016-12-02,224.8327178955078,0.0013506163843752805,-0.020569933993362044,-0.020939454826256143,230.67664123535155,210.32161445617675,33.13375940819627,16.690000534057617,18.040000915527344,47.959999084472656,1
2016-12-05,226.0023956298828,0.005202435594443111,0.0059777436836259135,-0.06033851125569878,230.48170013427733,210.5627904510498,40.06702597305595,17.93000030517578,17.15999984741211,47.959999084472656,1
2016-12-06,226.13233947753903,0.0005749666825169975,0.0034602219043429194,-0.0591204999651771,230.32747985839845,210.81374214172362,43.719833890180624,17.290000915527344,17.610000610351562,46.060001373291016,1
2016-12-07,224.1395721435547,-0.008812394275796498,0.013317598588370672,-0.0908453358200988,230.03636627197267,211.08868743896485,39.408244608790795,17.110000610351562,18.059999465942383,47.08000183105469,1
2016-12-08,227.6485290527344,0.015655231584596363,0.02857692433646397,-0.09161652014823285,229.8890768432617,211.40537216186524,47.86124804440799,16.850000381469727,17.709999084472656,45.22999954223633,1
2016-12-09,232.5870819091797,0.021693761330218386,0.010920827811826461,-0.03573995794606932,229.9913131713867,211.70451522827148,57.958278301376176,15.529999732971191,16.850000381469727,49.43999862670898,0
2016-12-12,229.46798706054688,-0.01341043889037119,0.021994985580128024,-0.06841376504354513,230.07535430908203,212.0173511505127,52.2560095327574,15.06999969482422,16.690000534057617,51.060001373291016,0
2016-12-13,229.078125,-0.0016989823527933101,0.01888251471685387,-0.04497020506513272,230.13860229492187,212.35306907653808,49.40022916089699,16.190000534057617,17.93000030517578,51.68000030517578,0
2016-12-14,225.7424468994141,-0.01456131221864121,-0.001150203429234553,-0.05374971545506102,230.31534912109376,212.64918739318847,51.41883555372889,15.920000076293944,17.290000915527344,51.790000915527344,0
2016-12-15,225.52584838867188,-0.0009594939441704975,-0.0026820183714917345,-0.04266273369813045,230.4565737915039,212.932974319458,50.22988077616956,16.59000015258789,17.110000610351562,50.93000030517578,1
2016-12-16,221.45372009277344,-0.018056148884896372,-0.011982944488985847,-0.05245601826144508,230.44704315185547,213.19788619995117,50.345615668234935,15.65999984741211,16.850000381469727,49.77000045776367,1
2016-12-19,222.75335693359372,0.005868661137305997,-0.021503201182585863,-0.047071770521699974,230.42798278808593,213.49667442321777,51.84357994815328,15.25,15.529999732971191,50.84000015258789,1
2016-12-20,217.9880828857422,-0.02139260262314313,-0.06276788419890877,-0.0972373101488413,230.36126892089842,213.79285980224608,32.62771936042495,14.84000015258789,15.06999969482422,51.5,1
2016-12-21,219.41769409179688,0.0065582080778425755,-0.04379823563841245,-0.10575557338823105,230.39592590332032,214.11317192077638,41.66677860379082,14.539999961853027,16.190000534057617,52.83000183105469,1
2016-12-22,219.15774536132807,-0.001184720911158843,-0.04330566106507083,-0.10126144336964615,230.43664733886717,214.42454376220704,40.73556497821104,14.710000038146973,15.920000076293944,52.97999954223633,1
2016-12-23,218.2047271728516,-0.004348548972819666,-0.03339079481990881,-0.13926852663077893,230.46697204589844,214.70886596679688,37.17955665271798,15.550000190734863,16.59000015258789,51.040000915527344,1
2016-12-26,214.9989776611328,-0.014691475997123282,-0.04667700311405998,-0.1022070271158183,230.58826873779296,214.91391365051268,33.37653035000518,15.130000114440918,15.65999984741211,50.900001525878906,1
2016-12-27,219.6776123046875,0.021761194841255715,-0.008020221052696175,-0.06005553045214018,230.7927407836914,215.07847213745117,43.832428435297636,16.600000381469727,15.25,51.900001525878906,1
2016-12-28,218.11805725097656,-0.007099289897360417,-0.02080911258275231,-0.05428251766498715,230.6714437866211,215.24372215270995,36.07606534689391,15.079999923706056,14.84000015258789,52.119998931884766,1
2016-12-29,217.55491638183597,-0.0025818168208450176,-0.001987110938230785,-0.061834512120261476,230.3378771972656,215.3955448150635,24.81874778259342,15.539999961853027,14.539999961853027,52.22999954223633,1
2016-12-30,221.1938018798828,0.016726284832194516,0.00809464248285674,-0.035147448586349106,230.16892761230469,215.58105499267577,36.3766776757266,15.279999732971191,14.710000038146973,52.4900016784668,1
2017-01-02,218.29135131835935,-0.013121753579241835,-0.003953289634095691,-0.03541346886775254,229.72446075439453,215.75417526245118,33.59691003153816,15.470000267028809,15.550000190734863,52.95000076293945,1
2017-01-03,220.4140472412109,0.009724141199509928,0.010124987194293,-0.031594957367546694,229.3259127807617,215.9415170288086,41.5869130508106,15.829999923706056,15.130000114440918,53.02000045776367,1
2017-01-04,217.55491638183597,-0.012971636314295543,0.011888143601927581,-0.05227393901380417,228.74628631591796,216.1215668487549,38.383904869445864,15.960000038146973,16.600000381469727,53.02000045776367,1
2017-01-05,222.88331604003903,0.024492205217973906,0.01459276483260985,-0.007905846529724148,228.19178466796876,216.2951501464844,52.009771492263354,15.890000343322754,15.079999923706056,53.900001525878906,1
2017-01-06,223.6630859375,0.003498556604931702,0.02542214411960897,-0.007497068463546919,227.84088958740233,216.47390579223634,51.297897241021424,15.050000190734863,15.539999961853027,54.060001373291016,1
2017-01-09,224.1395721435547,0.0021303748182559534,0.03026663736783508,0.013317598588370672,227.3972882080078,216.63360824584962,59.999990077996905,14.90999984741211,15.279999732971191,53.77000045776367,1
2017-01-10,225.4392242431641,0.005798405373848903,0.019193224797441344,0.018594694469197037,227.10877471923828,216.7940786743164,59.83026148300753,15.479999542236328,15.470000267028809,53.720001220703125,1
2017-01-11,229.33804321289065,0.017294323926173583,0.05060526597968895,-0.0032008545339182737,226.92423034667968,216.96364364624023,64.85464104000496,15.199999809265137,15.829999923706056,53.720001220703125,1
2017-01-12,232.5004425048828,0.013789248603017779,0.054834959091536906,0.03550080962907787,226.86271575927734,217.12928276062013,69.5961808443172,14.8100004196167,15.960000038146973,52.33000183105469,1
2017-01-13,232.24053955078125,-0.001117860040615204,0.06750306273552642,0.03294814795912515,226.83325866699218,217.29892822265626,75.71070943748964,14.609999656677246,15.890000343322754,53.2599983215332,1
2017-01-16,233.32351684570312,0.004663170766898261,0.04684155364858533,0.03239399828225675,226.82459503173828,217.47144172668456,72.79311765077703,14.380000114440918,15.050000190734863,53.7599983215332,1
2017-01-17,232.5437469482422,-0.003342011589755889,0.039705528400085566,0.028352457174043222,226.6461148071289,217.6771974182129,74.74009090014601,15.06999969482422,14.90999984741211,53.9900016784668,1
2017-01-18,232.5870819091797,0.00018635186499826872,0.0376886137723802,0.0376886137723802,226.39052490234374,217.8918712615967,76.248186882461,15.390000343322754,15.479999542236328,51.959999084472656,1
2017-01-19,233.6700592041016,0.0046562228909377,0.03651021683812905,0.026450995209252204,226.18691833496095,218.05211013793945,73.92033692626177,15.18000030517578,15.199999809265137,50.81999969482422,1
2017-01-20,228.2550201416016,-0.023173867807215198,-0.004722387337558809,-0.0186255476100331,225.68180267333983,218.18888168334962,67.42426870420658,15.020000457763672,14.8100004196167,52.25,1
2017-01-23,223.14321899414065,-0.022395131306596205,-0.04024604602868942,-0.027562746975844488,225.35516693115235,218.29309059143065,54.320981689236525,15.789999961853027,14.609999656677246,53.0099983215332,1
2017-01-24,222.79666137695312,-0.0015530725905528175,-0.0406642104435998,-0.027420617411840986,225.13683227539062,218.39365646362305,59.016384837109584,15.90999984741211,14.380000114440918,52.369998931884766,1
2017-01-25,225.2226104736328,0.010888624100947375,-0.03471963084384433,-0.0023027854660090386,225.02853149414062,218.56216979980468,54.47019964100313,15.289999961853027,15.06999969482422,52.369998931884766,1
2017-01-27,235.66282653808597,0.04635509748554045,0.013412872333815162,0.044948187632771974,225.10390869140625,218.79583045959473,66.74730661850985,15.170000076293944,15.390000343322754,52.47999954223633,1
2017-01-30,234.6231384277344,-0.0044117611828080605,0.00875395358092046,0.05946803842104753,225.21134338378906,219.03384315490723,64.4048230560698,16.010000228881836,15.18000030517578,51.08000183105469,1
2017-01-31,233.0202789306641,-0.006831634372515216,-0.0027807596559469294,0.04609098663384503,225.3456365966797,219.2598090362549,60.330582292925484,16.670000076293945,15.020000457763672,51.369998931884766,1
2017-02-01,243.46047973632807,0.04480382932152649,0.06661610152229525,0.11685224491807267,225.66274169921874,219.52333183288573,66.33268181051335,16.829999923706055,15.789999961853027,52.41999816894531,0
2017-02-02,247.6192169189453,0.01708177519045906,0.1096873928552915,0.12852893630059703,226.024033203125,219.7904573059082,67.09108145907518,13.970000267028809,15.90999984741211,52.75,0
2017-02-03,243.93702697753903,-0.014870372288640188,0.0948863662046453,0.1130659634016451,226.4095849609375,219.98866035461427,62.27274226442313,13.520000457763672,15.289999961853027,53.18000030517578,0
2017-02-06,251.51806640625,0.03107785448827749,0.11675317978651889,0.15267010786163748,226.93289489746093,220.23962478637696,66.80002637512754,13.130000114440918,15.170000076293944,52.75,0
2017-02-07,249.61196899414065,-0.0075783717620929725,0.05919110222417845,0.16099142288742674,227.5012582397461,220.47723861694337,65.43889728215518,13.399999618530272,16.010000228881836,53.16999816894531,0
2017-02-08,247.6192169189453,-0.00798339952697591,0.05539129080917049,0.12719368314830137,228.02716705322266,220.64121849060058,63.133984113567436,13.510000228881836,16.670000076293945,52.630001068115234,0
2017-02-09,246.92608642578125,-0.002799178923948209,0.05967638335569436,0.13207539778174748,228.36419921875,220.80618942260742,61.6615939396819,13.350000381469728,16.829999923706055,52.810001373291016,0
2017-02-10,243.98033142089844,-0.011929703530000335,0.002135261070434824,0.12146549238484039,228.7532165527344,220.95239929199218,64.46219106740001,13.239999771118164,13.970000267028809,53.880001068115234,0
2017-02-13,244.0236358642578,0.00017749153428558984,-0.01452060586987669,0.10321190643837541,229.13703491210939,221.09415657043456,71.17754753042946,13.18000030517578,13.520000457763672,53.540000915527344,1
2017-02-14,246.62289428710935,0.010651666645510538,0.011010494564310802,0.12978774833562157,229.5494448852539,221.2890224456787,73.10930016001379,13.6899995803833,13.130000114440918,53.83000183105469,0
2017-02-15,243.24386596679688,-0.01370119481437404,-0.03289704217942224,0.10357696803508198,229.89167541503906,221.4860941314697,67.16170883418064,13.800000190734863,13.399999618530272,53.0099983215332,0
2017-02-16,241.55441284179688,-0.00694551173278346,-0.032280327681453946,0.11031465920925831,230.2399722290039,221.68808937072754,56.73270375657075,14.210000038146973,13.510000228881836,52.16999816894531,1
2017-02-17,245.1932830810547,0.01506439148201788,-0.009797033800832633,0.1000970706888078,230.5908673095703,221.9515746307373,61.40187091250188,13.729999542236328,13.350000381469728,52.34000015258789,1
2017-02-20,244.6301727294922,-0.0022965977880248234,-0.009297979527080669,0.09374406466810159,230.83172912597655,222.2362267303467,62.8107965038045,13.43000030517578,13.239999771118164,53.0,0
2017-02-21,246.7528381347656,0.00867703841104106,0.01136364844543225,0.10088921726292832,231.17742614746095,222.55971923828125,54.44968715586117,13.609999656677246,13.18000030517578,53.86000061035156,0
2017-02-22,247.92247009277344,0.004740095258272348,0.015977281113393582,0.09973085174103691,231.55431304931642,222.8882109069824,50.44587810660871,13.529999732971191,13.6899995803833,52.93000030517578,0
2017-02-23,246.49288940429688,-0.005766240905641262,-0.0005271403662189256,0.07480157217301131,231.96932189941407,223.19278846740724,54.02451406985751,13.699999809265137,13.800000190734863,53.20000076293945,0
2017-02-27,241.5977020263672,-0.019859345191498012,-0.006767545540714237,0.03912792347177274,232.29075897216796,223.44445068359374,32.93583322528367,13.399999618530272,14.210000038146973,53.11000061035156,1
2017-02-28,239.43167114257807,-0.008965444892984675,-0.008787840694962079,0.030964152967033698,232.65031799316407,223.6844337463379,32.643921199735146,13.68000030517578,13.729999542236328,53.36000061035156,1
2017-03-01,241.81430053710935,0.009951187255893279,-0.01378089359335477,0.03639060393994131,233.0315368652344,223.9429091644287,40.23321309834021,13.789999961853027,13.43000030517578,53.400001525878906,1
2017-03-02,241.42442321777344,-0.00161230050691763,-0.013104473074397105,0.03818927142129458,233.500263671875,224.16611450195313,40.648005058875825,13.579999923706056,13.609999656677246,53.400001525878906,1
2017-03-03,239.0851287841797,-0.009689551713181976,-0.031074452511051343,0.02793812460116496,233.89361236572265,224.4001202392578,41.50372148503461,13.359999656677246,13.529999732971191,54.060001373291016,1
2017-03-06,239.7782440185547,0.002899031143842823,-0.03284989081938061,0.02614021169531977,234.3060223388672,224.6492643737793,42.79409616573999,13.350000381469728,13.699999809265137,53.59000015258789,0
2017-03-07,239.12844848632807,-0.0027099853653792527,-0.029876889900420922,0.04763719254884724,234.7244967651367,224.88582122802734,36.37783159583355,13.640000343322754,13.399999618530272,54.45000076293945,0
2017-03-08,237.74220275878903,-0.005797075740314073,-0.01595834412016628,0.06542427697537034,235.17936126708983,225.11332443237305,39.21897304302218,13.880000114440918,13.68000030517578,54.04999923706055,0
2017-03-09,236.96243286132807,-0.0032798968311575916,-0.01031291419997482,0.06358161471911661,235.52505767822265,225.34074913024904,40.66890905550526,14.079999923706056,13.789999961853027,54.0099983215332,0
2017-03-10,234.4065399169922,-0.010786068126805604,-0.030634088239046675,0.04077712013037238,235.85082733154297,225.5785277557373,27.07175439415883,14.390000343322754,13.579999923706056,53.83000183105469,1
2017-03-14,248.87551879882807,0.06172600340826517,0.03086305636250186,0.056066085834741486,236.4772393798828,225.88440658569337,55.671245006475864,13.960000038146973,13.359999656677246,52.61000061035156,0
2017-03-15,247.0560760498047,-0.0073106537670106775,0.03333936872677823,0.05299109757625087,236.99448486328126,226.16654403686525,50.40839602886087,12.399999618530272,13.350000381469728,53.33000183105469,0
2017-03-16,246.49288940429688,-0.0022795903444782217,0.028003563931440656,0.05781733047208992,237.558515625,226.40150871276856,48.04269064906316,12.420000076293944,13.640000343322754,53.20000076293945,0
2017-03-17,243.1139068603516,-0.01370823536578003,0.01666660072965498,-0.001423528271823904,238.0125128173828,226.59347373962402,45.60810958217297,11.90999984741211,13.880000114440918,53.13999938964844,0
2017-03-20,238.30535888671875,-0.019778991813886426,0.002368768024333834,-0.037613631720979535,238.42752166748048,226.75290664672852,45.71106099295178,11.850000381469728,14.079999923706056,50.27999877929688,1
2017-03-21,235.7061462402344,-0.010907067548237226,-0.005301627797807296,-0.03374182607408138,238.68397827148436,226.8936131286621,45.200917690144436,12.020000457763672,14.390000343322754,49.27999877929688,1
2017-03-22,229.59796142578125,-0.025914406187047878,-0.02051384100850495,-0.0871512145972988,238.80267578125,227.0031420135498,35.641528356461535,11.9399995803833,13.960000038146973,48.4900016784668,1
2017-03-23,231.28746032714844,0.007358510027160259,-0.0706701026945783,-0.07341197916443809,238.94563354492186,227.14064392089844,38.438722108601524,12.270000457763672,12.399999618530272,47.720001220703125,1
2017-03-24,238.0454559326172,0.02921903157183614,-0.03647196321280122,-0.03866323908722302,239.19775817871093,227.3064176940918,48.92281638553485,11.84000015258789,12.420000076293944,48.86000061035156,1
2017-03-27,236.65919494628903,-0.005823513752434617,-0.03989443460934339,-0.04157880452447915,239.3441812133789,227.45507293701172,46.8141757877983,11.979999542236328,11.90999984741211,48.75,1
2017-03-28,239.994873046875,0.014094859493386735,-0.012829516228654914,-0.016335162555165095,239.49406982421874,227.62146774291992,50.838942833334364,12.4399995803833,11.850000381469728,48.77999877929688,1
2017-03-29,244.50015258789065,0.01877239910927475,0.025995192597060512,0.0019527482325438772,239.73926208496093,227.7653953552246,56.17086460293567,12.119999885559082,12.020000457763672,48.220001220703125,1
2017-03-30,243.76373291015625,-0.0030119395425313167,0.03418488146554077,-0.011593252058848091,239.94806640625,227.89057220458983,56.21536946120548,12.09000015258789,11.9399995803833,47.34000015258789,1
2017-03-31,239.86489868164065,-0.015994316225673266,0.044717022712670085,-0.013891274387233477,240.09448944091798,228.00941337585448,54.86862223267487,12.149999618530272,12.270000457763672,48.040000915527344,1
2017-04-03,248.3990173339844,0.03557885584447518,0.07398393748901144,0.028335663222473606,240.41072814941407,228.17920219421387,49.5246549836641,12.420000076293944,11.84000015258789,47.70000076293945,1
2017-04-05,246.7961578369141,-0.00645276102246084,0.0367606340982789,0.006537188685260764,240.6732501220703,228.3785422515869,49.73958731453587,11.489999771118164,11.979999542236328,47.970001220703125,1
2017-04-06,243.3304901123047,-0.01404263240961623,0.028189461083604872,-0.005312846746115318,240.97475952148437,228.55546035766602,47.00573134207603,11.550000190734863,12.4399995803833,47.72999954223633,1
2017-04-07,240.29812622070312,-0.012461915028412762,0.0012635818839716872,-0.026158612654080926,241.3178576660156,228.7044825744629,47.31630657701581,11.289999961853027,12.119999885559082,48.369998931884766,1
2017-04-10,240.55799865722656,0.0010814584391920512,-0.01612331889750862,-0.029704735648975578,241.6730844116211,228.8716990661621,52.350797473994234,11.6899995803833,12.09000015258789,49.5099983215332,1
2017-04-11,245.7564849853516,0.021610116301027382,0.008174932552127423,-0.0029875280407680727,242.08376190185547,229.06750732421875,59.948560910823474,11.619999885559082,12.149999618530272,50.34999847412109,1
2017-04-12,243.28717041015625,-0.010047810438623905,0.01426749702572283,0.006992899227181715,242.2362487792969,229.25248512268067,64.60255494578826,11.399999618530272,12.420000076293944,50.59999847412109,1
2017-04-13,245.02001953125,0.007122649000242509,-0.01360310454928726,0.023340055064579035,242.44418640136718,229.44721015930176,64.6352620608211,11.630000114440918,11.489999771118164,50.2400016784668,1
2017-04-17,244.6734313964844,-0.0014145298634318237,-0.008601132444826853,0.011823663253266892,242.6772494506836,229.635220413208,58.18175790701784,11.579999923706056,11.550000190734863,51.150001525878906,1
2017-04-18,245.53982543945312,0.003541022161759555,0.009079566338475509,0.01704633759430152,242.7188363647461,229.81933181762696,61.105028584905064,11.890000343322754,11.289999961853027,51.70000076293945,1
2017-04-19,243.07058715820312,-0.010056365711064164,0.01153758866581267,0.016669620541815755,242.62786376953125,230.03420074462892,53.93129967515142,12.380000114440918,11.6899995803833,52.2400016784668,1
2017-04-20,236.3126220703125,-0.02780247979362549,-0.017648037523638305,-0.014453446193283481,242.47537567138673,230.20769874572753,40.10473988746305,12.220000267028809,11.619999885559082,53.08000183105469,1
2017-04-21,233.19357299804688,-0.013198825542791282,-0.051119350881233205,-0.02481877637666563,242.10888580322265,230.36365226745605,37.92081148454577,11.5600004196167,11.399999618530272,53.400001525878906,1
2017-04-24,232.7603454589844,-0.0018578022262478733,-0.04326913307193614,-0.02095487146158559,241.77185333251953,230.50227745056154,41.18279113772074,11.420000076293944,11.630000114440918,53.11000061035156,1
2017-04-25,236.0959930419922,0.014330824163498068,-0.03642162181821085,-0.0036564438036594815,241.54138885498048,230.6406858062744,32.46909172661475,11.630000114440918,11.579999923706056,53.18000030517578,1
2017-04-26,239.9081878662109,0.016146800185383503,-0.019475933709171667,0.023470539478834374,241.40103088378908,230.79902153015138,40.76651374683045,11.15999984741211,11.890000343322754,52.650001525878906,1
2017-04-27,237.5255889892578,-0.009931294542901536,-0.03263925286194158,-0.04560484640815421,241.27193603515624,230.911654586792,41.98567647438018,11.739999771118164,12.380000114440918,52.40999984741211,1
2017-04-28,241.29446411132807,0.015867238296757513,-0.007307025780618481,-0.023321069574970155,241.21735260009766,231.05634460449218,51.34814052572849,11.06999969482422,12.220000267028809,50.43999862670898,1
2017-05-02,238.78189086914065,-0.010412892195604484,0.010449161696041154,-0.03128284371119794,241.0605325317383,231.18955474853516,47.734845421332125,10.859999656677246,11.5600004196167,50.27000045776367,1
2017-05-03,236.3126220703125,-0.01034110580932368,0.01337536464734268,-0.02797571261090326,240.9219076538086,231.32298149108885,37.05461294963294,11.449999809265137,11.420000076293944,49.619998931884766,1
2017-05-04,258.01611328125,0.09184228510857895,0.1085054577164477,0.08271217435735889,241.25114166259766,231.53070259094238,63.21930820200894,11.529999732971191,11.630000114440918,49.22999954223633,1
2017-05-05,258.6658935546875,0.0025183709078246963,0.09559628785686769,0.0974083522245206,241.52059387207032,231.69033790588378,62.49006991006781,11.329999923706056,11.15999984741211,49.560001373291016,1
2017-05-08,262.4781188964844,0.014738028618337617,0.09407736864262417,0.14320753227302419,241.87755279541017,231.8714170074463,65.324420984505,11.989999771118164,11.739999771118164,49.619998931884766,1
2017-05-09,260.4421081542969,-0.007756877985667265,0.09648021193234668,0.1260537332456768,242.15133819580078,232.01004234313965,62.57318855431432,11.670000076293944,11.06999969482422,48.970001220703125,1
2017-05-10,258.7525634765625,-0.00648721779173056,0.07235184375046266,0.08698803958604784,242.36794006347657,232.15256637573242,63.40742024042548,11.109999656677246,10.859999656677246,49.33000183105469,1
2017-05-11,260.09552001953125,0.0051901187950564864,0.08925982231236729,0.0990298520983357,242.63999267578126,232.31198539733887,72.4081811981502,10.949999809265137,11.449999809265137,47.65999984741211,1
2017-05-12,256.9331359863281,-0.012158548647687839,0.08725946898376091,0.07057760328132012,242.94670135498046,232.4306832122803,72.34910080478815,10.84000015258789,11.529999732971191,47.81999969482422,1
2017-05-15,261.48175048828125,0.017703495053262186,0.013431863471462968,0.06945434479549539,243.38770294189453,232.57927207946778,75.09464389418235,10.630000114440918,11.329999923706056,45.52000045776367,1
2017-05-16,262.2181701660156,0.0028163329806352166,0.013733069182455315,0.07570624651806224,243.79578033447265,232.7558024597168,73.90961139721982,10.68000030517578,11.989999771118164,46.220001220703125,1
2017-05-17,268.3697204589844,0.023459664481199294,0.02244606745609734,0.11883698671215992,244.33468627929688,232.9563759613037,74.9810290669784,10.5600004196167,11.670000076293944,46.43000030517578,1
2017-05-18,266.8102111816406,-0.00581104781372721,0.02445112686452,0.0741194310881732,244.8891879272461,233.126625289917,76.08029133002904,10.640000343322754,11.109999656677246,45.880001068115234,1
2017-05-19,266.0303955078125,-0.002922735491923234,0.02812660842260306,0.0779357257401414,245.41423095703124,233.32329971313476,73.268111760839,11.789999961853027,10.949999809265137,47.33000183105469,1
2017-05-22,263.2579040527344,-0.010421709330566742,0.012158548647687839,0.08189443884008352,245.89682006835938,233.4673400115967,72.91158174272337,11.300000190734863,10.84000015258789,47.83000183105469,1
2017-05-23,265.1640014648437,0.007240418550652494,0.032035048523105125,0.10347927233232923,246.44525604248048,233.61484588623046,77.29507373176625,11.199999809265137,10.630000114440918,47.84000015258789,1
2017-05-24,265.7271728515625,0.00212386064325365,0.016236017830512095,0.10462829893342995,247.02055084228516,233.80458923339845,62.158499921084946,12.199999809265137,10.68000030517578,48.84999847412109,1
2017-05-25,275.25762939453125,0.03586557009091629,0.049727519722451374,0.12004218082358276,247.83757263183594,234.10003410339357,70.4375780959842,11.829999923706056,10.5600004196167,48.65999984741211,1
2017-05-26,278.59332275390625,0.01211844106451232,0.03809521535230109,0.145121307811783,248.4319287109375,234.43035202026368,70.08639925019723,10.449999809265137,10.640000343322754,49.06999969482422,1
2017-05-29,272.8316650390625,-0.020681248415753584,0.022568303629588504,0.1135076454610493,248.94744049072267,234.74572410583497,64.13030842407667,10.859999656677246,11.789999961853027,49.34999847412109,1
2017-05-30,278.4633483886719,0.02064160459088593,0.04673508400093418,0.1381021094089785,249.58684967041015,235.09683563232423,70.62552650924133,11.789999961853027,11.300000190734863,50.33000183105469,1
2017-05-31,282.8387451171875,0.01571264855441079,0.07437892941869961,0.15190578396388,250.38134643554687,235.4455647277832,72.37848206478394,11.770000457763672,11.199999809265137,50.72999954223633,1
2017-06-01,277.3370361328125,-0.01945175149923506,0.04590756890347625,0.14097324310286452,251.16197998046874,235.76981788635254,69.19309732287877,11.760000228881836,12.199999809265137,51.470001220703125,1
2017-06-02,275.6474914550781,-0.00609202687565058,0.037332721742601827,0.16645268052191442,251.96080688476562,236.08518997192382,64.0825982829644,11.3100004196167,11.829999923706056,51.36000061035156,1
2017-06-05,277.03375244140625,0.005029107934232835,0.006452584259996064,0.18799908968214396,252.90952270507813,236.43348556518555,64.54075107510812,10.8100004196167,10.449999809265137,48.900001525878906,1
2017-06-06,276.3406677246094,-0.0025018060459743863,-0.008085818450454196,0.1872325897252307,253.81058685302733,236.76380355834962,58.76186846865221,11.020000457763672,10.859999656677246,49.79999923706055,1
2017-06-07,281.3224792480469,0.01802778999000676,0.031121073163442148,0.19155973645859659,254.67612731933593,237.1049513244629,64.83602741965476,11.130000114440918,11.789999961853027,49.79999923706055,1
2017-06-08,277.42364501953125,-0.013858950194584163,-0.0037337171127075353,0.15637422585277294,255.4914163208008,237.415341796875,60.94917441417134,10.890000343322754,11.770000457763672,49.65999984741211,1
2017-06-09,279.1131286621094,0.006089904998758167,-0.013172228060672864,0.17508656582989213,256.27378143310546,237.73829498291016,65.56115450094109,11.06999969482422,11.760000228881836,48.31999969482422,1
2017-06-12,273.56817626953125,-0.019866325955920083,-0.013589457491268497,0.1337523936865488,256.85514190673825,238.01056365966798,57.698423347869884,10.859999656677246,11.3100004196167,48.36000061035156,1
2017-06-13,272.78839111328125,-0.0028504234918089733,-0.010372306770159101,0.14241657991885637,257.4356350708008,238.27460144042968,56.44267577287495,11.420000076293944,10.8100004196167,47.65999984741211,1
2017-06-14,276.4272766113281,0.013339590747231345,-0.002189176678774496,0.16975248376313945,258.16688262939454,238.56398139953615,51.19574353115448,11.34000015258789,11.020000457763672,47.400001525878906,1
2017-06-15,274.4345397949219,-0.0072089008032595325,-0.006897746702946628,0.06363333787520076,258.6875930786133,238.8522784423828,45.628391986075016,11.18000030517578,11.130000114440918,48.18999862670898,1
2017-06-16,274.2179260253906,-0.0007893094276438806,-0.025254125591549492,0.06012401657203825,259.2360284423828,239.14707344055176,51.64949449393835,11.329999923706056,10.890000343322754,45.720001220703125,1
2017-06-19,277.77020263671875,0.012954210043143677,0.0012491999993839986,0.05826041349475397,259.9248226928711,239.46612785339354,49.1322960974145,10.920000076293944,11.06999969482422,45.63999938964844,1
2017-06-20,280.9094543457031,0.01130161435310617,0.006435833714466321,0.07858693180013931,260.7370492553711,239.80802642822266,47.50771312307172,10.630000114440918,10.859999656677246,45.83000183105469,1
2017-06-21,279.6127014160156,-0.004616266592763485,0.02209513266093155,0.08061809189126201,261.51814331054686,240.1209146118164,53.29803937178519,10.65999984741211,11.420000076293944,46.08000183105469,1
2017-06-22,278.1719055175781,-0.005152827075240229,0.019735130158311076,0.0694990267294473,262.1664517211914,240.4016896057129,53.685111827462634,10.920000076293944,11.34000015258789,46.459999084472656,1
2017-06-23,280.3330993652344,0.007769274340034604,0.014129657542435892,0.09107413603573278,262.907370300293,240.6856896209717,54.70979231485684,11.210000038146973,11.18000030517578,44.72999954223633,1
2017-06-27,276.5389404296875,-0.013534466476267326,0.007668133305444025,0.057584094925511975,263.5377487182617,240.9379393005371,50.26001250237121,11.5600004196167,11.329999923706056,44.459999084472656,1
2017-06-28,278.8923645019531,0.00851028093406625,0.017046436548898924,0.06358901187274979,264.2221273803711,241.20043975830077,46.5772207875272,12.510000228881836,10.920000076293944,44.7400016784668,1
2017-06-29,281.6778564453125,0.009987695246995054,0.014067937350732862,0.04958881338612886,264.9448880004883,241.42748260498047,56.18599978344874,11.989999771118164,10.630000114440918,44.20000076293945,0
2017-06-30,278.7001647949219,-0.010571266367786825,-0.007864774633260962,0.04456333796455314,265.65747955322263,241.61602729797363,49.421197879151315,11.380000114440918,10.65999984741211,43.22999954223633,0
2017-07-03,278.6041564941406,-0.00034448598497205385,-0.003606935295741298,0.04726437729916788,266.50331024169924,241.81188972473146,58.33080072494863,11.729999542236328,10.920000076293944,42.52999877929688,1
2017-07-04,278.07586669921875,-0.0018962021298235543,-0.0003452498848892649,0.056286867054582856,267.40095611572264,242.01485763549806,58.820229409452914,11.199999809265137,11.210000038146973,42.7400016784668,1
2017-07-05,281.29364013671875,0.011571566693993285,0.0034264265392112137,0.060828915624934865,268.37162200927736,242.2594734954834,58.2334322963728,11.279999732971191,11.5600004196167,43.0099983215332,1
2017-07-06,282.1581420898437,0.0030733078526223867,0.02031974828364147,0.06183398205745294,269.29286499023436,242.49433280944825,63.58630241409476,11.149999618530272,12.510000228881836,44.2400016784668,0
2017-07-07,278.2679748535156,-0.013787187594570205,-0.0022388194440264853,0.010936465105821247,270.0600607299805,242.71342346191406,56.30892391945086,10.979999542236328,11.989999771118164,44.7400016784668,1
2017-07-10,279.94891357421875,0.006040719279996276,-0.006138014868873554,0.004865841029183526,270.90852722167966,242.95499794006346,53.60398198816712,10.869999885559082,11.380000114440918,44.93000030517578,1
2017-07-11,278.219970703125,-0.006175922774693587,-0.0017229774232470074,0.019749561192946796,271.6470373535156,243.16951652526856,45.33337145895087,10.90999984741211,11.729999542236328,46.040000915527344,1
2017-07-12,280.8133850097656,0.009321452734275315,0.007929632290577304,0.008439303178289892,272.48766723632815,243.3948361968994,51.993643689902875,10.890000343322754,11.199999809265137,47.06999969482422,1
2017-07-13,286.1443786621094,0.018984115205756158,0.029015505943268183,0.011687343413832041,273.48430236816404,243.65634132385253,61.723194011900844,11.050000190734863,11.279999732971191,47.06999969482422,1
2017-07-14,286.4805603027344,0.001174867184869477,0.018439521645404522,0.03296899792908725,274.05359130859375,243.895267868042,59.552279572992646,11.25,11.149999618530272,45.130001068115234,1
2017-07-17,291.5233764648437,0.01760264695370739,0.03319143763010013,0.05759488296432713,274.7107409667969,244.17781974792481,72.41391588242386,11.170000076293944,10.979999542236328,45.52000045776367,0
2017-07-18,291.9075927734375,0.001317960546605157,0.04901612529110455,0.053689632403824517,275.29933044433596,244.49998138427733,70.68705089362899,11.460000038146973,10.869999885559082,44.22999954223633,0
2017-07-19,290.3226928710937,-0.005429457614601785,0.03705597269312033,0.050597059280533596,275.8969421386719,244.8252651977539,64.28575751218403,11.489999771118164,10.90999984741211,44.400001525878906,0
2017-07-20,288.73785400390625,-0.005458887321257877,0.037804199584235976,0.02635898409426818,276.49664794921875,245.1393758392334,67.38791412696993,11.260000228881836,10.890000343322754,45.040000915527344,0
2017-07-21,290.130615234375,0.0048236184177288255,0.03317943774042442,0.045803486627641776,277.09734985351565,245.50550338745117,69.10838433806506,11.31999969482422,11.050000190734863,45.4900016784668,0
2017-07-24,291.0910949707031,0.0033105080467024095,0.017287483793050562,0.04291437800152398,277.78050903320315,245.86863578796385,71.27163034467907,11.09000015258789,11.25,46.08000183105469,0
2017-07-25,292.147705078125,0.0036298262835152695,0.019781952288148164,0.06791553411639661,278.393828125,246.2197230529785,69.08792124097846,11.3100004196167,11.170000076293944,46.540000915527344,0
2017-07-26,298.1030578613281,0.020384732379159276,0.022569995848267466,0.09279964827218179,279.11152587890626,246.5917064666748,73.78232794917302,10.90999984741211,11.460000038146973,46.02000045776367,0
2017-07-27,295.077392578125,-0.010149729106806449,0.010858915229203125,0.06746843580498019,279.64567932128904,246.96047454833985,75.73544046999415,11.170000076293944,11.489999771118164,46.400001525878906,0
2017-07-28,284.46343994140625,-0.03597006379913903,-0.020181863400836608,0.0365438700025833,279.99874389648437,247.29436752319336,55.42727121974556,11.220000267028809,11.260000228881836,47.119998931884766,0
2017-07-31,290.6589050292969,0.021779477493370614,0.006653270427661395,0.05995588706474253,280.4913140869141,247.66205368041992,63.503657857021224,11.140000343322754,11.31999969482422,46.790000915527344,0
2017-08-01,290.6589050292969,0.0,0.001820868833491085,0.046400593981041904,281.0393341064453,248.03190574645996,61.32600215132885,11.899999618530272,11.09000015258789,45.77000045776367,0
2017-08-02,289.9385070800781,-0.002478499494609099,-0.0039595436292581,0.03214221733976719,281.53482421875,248.4369275665283,54.882590978638916,11.90999984741211,11.3100004196167,46.34000015258789,0
2017-08-03,284.0312194824219,-0.020374277487828496,-0.027782130253368398,0.015802279524606666,281.90090515136717,248.8098136138916,47.24326960727068,11.9399995803833,10.90999984741211,47.88999938964844,0
2017-08-04,284.5594787597656,0.0018598634273596648,-0.045432540003875865,0.02296268284283598,282.0869421386719,249.11169647216798,41.27553856659057,11.640000343322754,11.170000076293944,48.75,0
2017-08-07,288.3056030273437,0.013164644115547741,-0.022949198146341887,0.02843939470637502,282.28118774414065,249.38205825805665,45.83797621902189,11.390000343322754,11.220000267028809,49.040000915527344,0
2017-08-08,283.83905029296875,-0.015492424314595521,-0.0021949732751812556,0.026398126252810128,282.50133544921874,249.65304710388185,42.97603886889818,11.899999618530272,11.140000343322754,49.709999084472656,0
2017-08-09,279.1324462890625,-0.016581946702006856,-0.039656306897160376,0.0008608403013761201,282.51471740722656,249.8461358642578,40.25336603371605,12.770000457763672,11.899999618530272,50.16999816894531,0
2017-08-10,277.35546875,-0.006366073033381103,-0.045769924984599974,-0.015345145514310876,282.4050518798828,250.03120597839356,37.137317560301085,13.449999809265137,11.90999984741211,49.15999984741211,0
2017-08-11,275.62646484375,-0.006233891525710189,-0.049362336795006234,-0.01102869800394135,282.37084045410154,250.1766571044922,34.66670055608907,13.800000190734863,11.9399995803833,49.59000015258789,0
2017-08-14,280.2850646972656,0.016901859754855364,-0.01318923600012245,0.006033320623342275,282.4635919189453,250.325040435791,39.02222187077616,15.199999809265137,11.640000343322754,49.02999877929688,0
2017-08-16,283.310791015625,0.010795174982396682,-0.004388143208523432,0.018825525488943784,282.58913269042966,250.53555519104003,35.5263322912094,14.380000114440918,11.390000343322754,49.58000183105469,0
2017-08-17,281.5818176269531,-0.006102744560042228,-0.023321729892820886,0.0010244721142445012,282.69395568847654,250.7118660736084,36.451293677905575,14.239999771118164,11.899999618530272,49.38999938964844,0
2017-08-18,281.5818176269531,0.0,-0.007952509225512827,-0.0020425583278297355,282.6991424560547,250.92045066833495,46.3235208230641,14.34000015258789,12.770000457763672,49.16999816894531,0
2017-08-21,281.91802978515625,0.0011940123159817073,0.00997943282168312,0.01311704997156804,282.7890301513672,251.13721450805664,36.88765873055835,14.56999969482422,13.449999809265137,49.560001373291016,0
2017-08-22,282.35028076171875,0.00153325055829856,0.018008702097094487,0.00857787643052732,282.85377319335936,251.37108505249023,37.69565551432867,14.81999969482422,13.800000190734863,48.59000015258789,0
2017-08-23,286.8167419433594,0.015818865735111265,0.04059942903506397,0.03089918821610249,283.1187445068359,251.63660179138185,45.83864889317026,14.109999656677246,15.199999809265137,48.81999969482422,0
2017-08-24,285.9522399902344,-0.0030141265369220127,0.020219326702583418,0.018299893291375824,283.382021484375,251.897579498291,52.958488664798,13.18000030517578,14.380000114440918,47.59000015258789,0
2017-08-28,289.0259704589844,0.010749104356919892,0.020172826537497413,0.010070412042857857,283.6339953613281,252.13537055969238,56.378566746625026,12.56999969482422,14.239999771118164,46.77999877929688,0
2017-08-29,287.6812438964844,-0.004652614989457571,0.02166129305128628,0.00419115207147458,283.89892944335935,252.3469438934326,49.042697049809405,12.640000343322754,14.34000015258789,47.09000015258789,0
2017-08-30,288.4496765136719,0.002671125189739554,0.02439027826653728,-0.010543579689714866,284.183564453125,252.56994033813476,57.97349574359164,13.539999961853027,14.56999969482422,48.5099983215332,0
2017-08-31,286.28839111328125,-0.007492764167784327,0.015502241312680631,-0.01924993319552859,284.35392822265624,252.7338282775879,63.5699487262584,12.890000343322754,14.81999969482422,47.369998931884766,0
2017-09-01,286.528564453125,0.0008389209877137649,0.014798227507102801,-0.01306865949901248,284.4663104248047,252.96909606933593,68.47174152442382,11.949999809265137,14.109999656677246,47.63999938964844,0
2017-09-04,285.3759765625,-0.004022593324420787,-0.005023295959285079,-0.011643355364692742,284.5815759277344,253.22740898132324,70.0990507635163,11.68000030517578,13.18000030517578,48.40999984741211,0
2017-09-05,285.8562316894531,0.0016828856189579078,-0.000335749427192944,-0.014732618070895098,284.7352624511719,253.50350189208984,63.87566354731024,13.170000076293944,12.56999969482422,47.43000030517578,0
2017-09-06,283.69500732421875,-0.007560529124942317,-0.018444581731876353,-0.025408154953104112,284.80250061035156,253.7625070953369,51.0,12.890000343322754,12.640000343322754,46.56999969482422,0
2017-09-07,281.1015625,-0.00914166537042671,-0.02287142987622759,-0.03781012955474383,284.8937530517578,254.02175788879396,48.80386484592454,13.119999885559082,13.539999961853027,46.43999862670898,0
2017-09-08,280.4771728515625,-0.002221224396209087,-0.027639149256357354,-0.059126817202810655,284.92544921875,254.29261566162108,47.33173420690652,13.010000228881836,12.890000343322754,45.959999084472656,0
2017-09-11,279.3245849609375,-0.004109382160789932,-0.02432444475049722,-0.05338534233189951,284.8783837890625,254.5512124633789,43.97323264845299,12.960000038146973,11.949999809265137,47.22999954223633,1
2017-09-12,279.70880126953125,0.0013755191246322962,-0.023801337910620224,-0.016714410375035738,284.8985565185547,254.8019832611084,43.847872812254785,12.359999656677246,11.68000030517578,47.290000915527344,1
2017-09-13,280.4771728515625,0.0027470411318621935,-0.01716613910514153,-0.03502983050427477,284.93601684570314,255.08107192993165,32.16208557665061,11.760000228881836,13.170000076293944,47.290000915527344,1
2017-09-14,282.110107421875,0.005821987414201146,-0.01310492426713239,-0.029411786322391165,285.01670166015623,255.36485961914062,39.63734536146116,11.760000228881836,12.890000343322754,48.65999984741211,1
2017-09-15,280.0929870605469,-0.0071501173061895296,-0.012696805268607836,-0.0339572694868433,284.9926885986328,255.65935554504395,24.450546573051554,11.470000267028809,13.119999885559082,49.15999984741211,1
2017-09-18,281.437744140625,0.004801109425090377,0.0011959436925044198,-0.009130951683842592,284.97828063964846,255.95992538452148,32.14283843915349,11.68000030517578,13.010000228881836,49.09000015258789,1
2017-09-19,283.0225830078125,0.005631223601606283,0.009075284560134733,-0.005400964883164661,285.07337280273435,256.22466590881345,35.17040669118322,11.4399995803833,12.960000038146973,47.47999954223633,1
2017-09-20,279.0844116210937,-0.013914689580124762,-0.000859836021513849,-0.031984086710154735,285.0560827636719,256.49744064331054,32.0574017208354,11.470000267028809,12.359999656677246,48.06999969482422,1
2017-09-21,273.70538330078125,-0.01927384008683164,-0.021463099986492873,-0.035702159310806225,284.965791015625,256.7418039703369,24.571234916062508,11.630000114440918,11.760000228881836,48.22999954223633,1
2017-09-22,266.1651916503906,-0.027548569046976112,-0.05102725849545775,-0.04645556190641953,284.6728271484375,256.94261795043946,19.604662010064516,11.630000114440918,11.760000228881836,49.29999923706055,1
2017-09-25,268.470458984375,0.008661039859082509,-0.04834866982310171,-0.03203473796881817,284.3193487548828,257.15430854797364,23.99406201469705,12.8100004196167,11.470000267028809,49.88999938964844,1
2017-09-26,271.5922241210937,0.011627965134519247,-0.03034978857794679,-0.014636623246404468,284.02158203125,257.39157180786134,32.40213845274555,13.34000015258789,11.68000030517578,49.88999938964844,1
2017-09-27,265.4928283691406,-0.02245791745949821,-0.05665521453127209,-0.05277568515504749,283.50097106933595,257.5807933044434,29.404217998371493,12.93000030517578,11.4399995803833,49.90999984741211,1
2017-09-28,265.0605773925781,-0.001628107919968036,-0.06346492009345617,-0.06441764380955173,282.96403076171873,257.74316078186035,29.55407351404375,13.859999656677246,11.470000267028809,49.47999954223633,1
2017-09-29,265.6849060058594,0.0023554185968461816,-0.048012375673015084,-0.05645574616665905,282.47127502441407,257.9242453765869,31.6536036838514,13.170000076293944,11.630000114440918,50.40999984741211,1
2017-10-03,267.4138488769531,0.00650749377179749,-0.02298652057169881,-0.05031563781142323,282.044794921875,258.1159239959717,34.03972785838616,12.489999771118164,11.630000114440918,50.54999923706055,1
2017-10-04,265.20465087890625,-0.008261344755796096,-0.003608814381506509,-0.05928453358938024,281.5462756347656,258.31323501586917,30.88937258945272,12.460000038146973,12.8100004196167,50.65999984741211,1
2017-10-05,261.07427978515625,-0.015574278505530281,-0.027549322287444666,-0.07535321345941126,280.94593933105466,258.49097717285156,25.226102045305154,11.800000190734863,13.34000015258789,52.220001220703125,1
2017-10-06,261.2184143066406,0.0005520824249825029,-0.03819626960243072,-0.08924976785969463,280.327353515625,258.6898006439209,26.745509891623726,11.710000038146973,12.93000030517578,51.880001068115234,1
2017-10-09,261.0263061523437,-0.0007354311326284169,-0.01682351363023138,-0.08716817129581478,279.5858184814453,258.88116539001464,24.116863074110483,11.119999885559082,13.859999656677246,52.13999938964844,1
2017-10-10,259.1532287597656,-0.007175818484305818,-0.022286787008930387,-0.1033566002798284,278.8673352050781,259.0869911193848,19.951639931862474,11.390000343322754,13.170000076293944,51.560001373291016,1
2017-10-11,257.04010009765625,-0.008153973894989508,-0.03253781345039031,-0.10651074565658392,278.3188684082031,259.27510314941406,20.912567126579646,11.109999656677246,12.489999771118164,51.66999816894531,1
2017-10-12,256.99200439453125,-0.0001871136180958688,-0.03897271785358192,-0.10905774795573264,277.6455303955078,259.4642744445801,24.336269915651272,11.729999542236328,12.460000038146973,50.41999816894531,1
2017-10-13,260.5940246582031,0.014016079107823431,-0.017385163515885593,-0.08974994185115648,277.04423278808594,259.67622093200686,40.268392693031814,11.039999961853027,11.800000190734863,49.97999954223633,1
2017-10-16,263.4276123046875,0.010873571065955767,0.0090140343256635,-0.08062355734943394,276.51401489257813,259.9183641052246,41.350890746661115,11.260000228881836,11.710000038146973,50.790000915527344,1
2017-10-17,263.0914306640625,-0.001276182241048307,0.007170307508348905,-0.07808837368466082,276.09521911621096,260.1354331970215,33.87975295953191,11.3100004196167,11.119999885559082,49.290000915527344,1
2017-10-18,252.76565551757807,-0.03924785813213838,-0.031646812754360654,-0.11575950601568064,275.4593426513672,260.3086711883545,29.199344025504743,11.609999656677246,11.390000343322754,49.58000183105469,1
2017-10-19,247.67481994628903,-0.020140535156426775,-0.04429197686792874,-0.12696799890018617,274.64672698974607,260.45927070617677,25.340600044756826,11.539999961853027,11.109999656677246,50.91999816894531,1
2017-10-23,252.18931579589844,0.018227512391402634,-0.01887170250834358,-0.10285338312234238,274.0137322998047,260.61424827575684,32.760708979821146,12.399999618530272,11.729999542236328,51.29999923706055,1
2017-10-24,256.0314636230469,0.015235172889948911,-0.003737629012028565,-0.08715757143435365,273.55171264648436,260.80294883728027,36.2048941856672,12.329999923706056,11.039999961853027,50.59999847412109,1
2017-10-25,293.6365661621094,0.14687687992296206,0.126797003681282,0.05123781425531648,273.87733459472656,261.16906143188476,68.54632834627674,11.59000015258789,11.260000228881836,51.45000076293945,0
2017-10-26,287.4410705566406,-0.0210991964878392,0.09115771137984763,0.027643997085592176,274.1136267089844,261.5184922027588,66.74801075610651,11.760000228881836,11.3100004196167,51.869998931884766,1
2017-10-27,289.26611328125,0.006349276117971314,0.09948892121313357,0.03133567106489221,274.2932476806641,261.8504061889648,67.44322918011031,11.619999885559082,11.609999656677246,51.880001068115234,1
2017-10-30,288.6897888183594,-0.001992367707206233,0.1421242661595814,0.023323096987251768,274.40082763671876,262.17553970336917,67.1224521560293,11.479999542236328,11.539999961853027,52.040000915527344,1
2017-10-31,288.2575378417969,-0.00149728529828419,0.16385483960100844,0.029149429505298974,274.53434204101563,262.49612953186033,68.34139860736994,12.109999656677246,12.399999618530272,51.290000915527344,1
2017-11-01,301.03271484375,0.04431862249848417,0.19367751125262367,0.06962453015304892,274.92335998535157,262.8740969848633,74.4396536962698,12.4399995803833,12.329999923706056,51.900001525878906,0
2017-11-02,304.1544189453125,0.010369982887683094,0.18795719339056194,0.07466484021494746,275.3680877685547,263.24817886352537,75.3353941530906,12.140000343322754,11.59000015258789,52.470001220703125,0
2017-11-03,303.4340515136719,-0.0023684266503132267,0.03336602617180029,0.08724829792943467,275.7897631835938,263.60284690856935,73.74869438026074,12.010000228881836,11.760000228881836,52.18000030517578,0
2017-11-06,303.62615966796875,0.0006331133679247092,0.05630750358668335,0.10931745662564074,276.1259515380859,263.9597750091553,72.95669092768505,11.90999984741211,11.619999885559082,52.63999938964844,0
2017-11-07,300.1202087402344,-0.011546933016471028,0.03752287240237884,0.1275712157525235,276.40931091308596,264.2937584686279,70.40765216946693,13.020000457763672,11.479999542236328,53.900001525878906,1
2017-11-08,293.4444580078125,-0.022243589528487928,0.016469821149249997,0.09302326638809455,276.4976806640625,264.59826202392577,73.3590880414973,13.239999771118164,12.109999656677246,54.150001525878906,1
2017-11-09,299.0155639648437,0.018985214424744212,0.037320883969220287,0.10097247788479713,276.7243670654297,264.9304044342041,79.31980044877241,13.609999656677246,12.4399995803833,54.380001068115234,1
2017-11-10,305.9314880371094,0.023128976901947595,0.01627322530676456,0.15231545016252923,277.0740032958984,265.29171157836913,79.87188001197573,13.270000457763672,12.140000343322754,54.29999923706055,0
2017-11-13,301.8491516113281,-0.013343956360863607,-0.007579266288414099,0.1387930811161815,277.38521850585937,265.65968223571775,75.39934048339738,13.479999542236328,12.010000228881836,54.540000915527344,1
2017-11-14,301.70513916015625,-0.0004771007319487319,-0.005697819163310802,0.13557500761259833,277.68875,266.05249183654786,57.65032208257884,14.050000190734863,11.90999984741211,55.63999938964844,0
2017-11-15,303.0498352050781,0.004456987536457069,-0.0018981383669999241,0.13326155873296752,278.04222717285154,266.4537577056885,66.29894290838497,14.170000076293944,13.020000457763672,57.34999847412109,0
2017-11-16,306.3637390136719,0.010935177728610856,0.0208034317303889,0.15519745976686905,278.45237731933594,266.85946334838866,67.31523931440609,14.270000457763672,13.239999771118164,57.20000076293945,0
2017-11-17,312.27099609375,0.019281841575299774,0.06415707494955059,0.19610019168002557,279.0238970947266,267.242504196167,71.55403117334349,13.460000038146973,13.609999656677246,56.810001373291016,0
2017-11-20,305.9794921875,-0.020147576896194286,0.02328951754322417,0.17135498659108683,279.5214556884766,267.5992859649658,64.6312980318863,13.710000038146973,13.270000457763672,57.16999816894531,0
2017-11-21,307.2762145996094,0.004237938963944643,0.004395515385251514,0.1771848559212752,280.0574365234375,267.9705656433105,56.36010030074056,13.43000030517578,13.479999542236328,56.7400016784668,0
2017-11-22,306.3156433105469,-0.0031260841009583817,0.014797098734171676,0.18198659833985964,280.5972576904297,268.28484146118166,52.30298651033107,13.720000267028809,14.050000190734863,56.7599983215332,0
2017-11-23,306.8440246582031,0.0017249571126884966,0.01703280730434953,0.19375935716499115,281.1399621582031,268.58096549987795,53.64857345865094,14.039999961853027,14.170000076293944,55.70000076293945,0
2017-11-24,304.68280029296875,-0.007043397268829965,0.0053884374719608275,0.18557307263623324,281.62407470703124,268.88469436645505,51.084861321736085,13.869999885559082,14.270000457763672,55.33000183105469,0
2017-11-27,304.4906311035156,-0.0006307188632517224,-0.006114000032075184,0.1684482462822683,282.0716851806641,269.1495571899414,54.81477197998378,13.510000228881836,13.460000038146973,55.13999938964844,0
2017-11-28,300.8406066894531,-0.011987312715778242,-0.036604070013806944,0.14202381465422365,282.4866375732422,269.405700378418,58.7301438640046,13.029999732971191,13.710000038146973,56.54999923706055,0
2017-11-29,302.4255065917969,0.005268237954259236,-0.011615110445131749,0.14950724859586728,282.9063928222656,269.67973182678224,54.44308098998994,13.149999618530272,13.43000030517578,56.09000015258789,0
2017-11-30,295.4135437011719,-0.02318575231846931,-0.03860588725975722,0.16872501169617138,283.15421203613283,269.92216911315916,36.32956097777679,13.0600004196167,13.720000267028809,56.83000183105469,1
2017-12-01,293.20428466796875,-0.007478529946609136,-0.04280342492755307,0.18382758784907272,283.4366094970703,270.16828887939454,38.18897145339757,13.550000190734863,14.039999961853027,58.02000045776367,1
2017-12-04,292.2438049316406,-0.0032758038901641306,-0.047581893578751755,0.1588270661242408,283.8073779296875,270.40938972473145,37.35557130749924,14.800000190734863,13.869999885559082,58.02000045776367,1
2017-12-05,293.20428466796875,0.0032865700491162553,-0.03767365802717715,0.1451884878479277,284.34815979003906,270.64229667663574,36.70556413136734,14.859999656677246,13.510000228881836,58.95000076293945,1
2017-12-06,287.6812438964844,-0.01883683513608536,-0.05520494061216841,-0.020281269269227242,284.73237548828126,270.8644835662842,26.19335018471709,15.010000228881836,13.029999732971191,58.11000061035156,1
2017-12-07,293.73260498046875,0.021034951747364694,-0.02362713527007909,0.02188808443986212,285.17518310546876,271.12537452697757,26.463418036191413,15.09000015258789,13.149999618530272,57.9900016784668,1
2017-12-08,298.4872741699219,0.016187066429922847,-0.01302215698092779,0.031877777815289,285.8350720214844,271.3918444824219,40.10150687880863,14.270000457763672,13.0600004196167,57.29999923706055,1
2017-12-11,299.15966796875,0.0022526715777013706,0.01268094962960653,0.03626688423322855,286.5170538330078,271.66449195861816,39.096793765450066,13.670000076293944,13.550000190734863,57.400001525878906,1
2017-12-12,295.4615783691406,-0.012361591469595035,0.007698706394171806,0.02499168133218954,287.11258728027343,271.90803565979,36.41830576511543,14.149999618530272,14.800000190734863,58.36000061035156,1
2017-12-13,290.9951171875,-0.015116893392007724,-0.0042727603564862715,-0.033343876466914835,287.5842126464844,272.1233988952637,31.947419391393638,15.260000228881836,14.859999656677246,57.470001220703125,1
2017-12-14,292.33984375,0.004621131019300062,-0.0029482547260442082,-0.03884400310960723,288.1269165039063,272.3526336669922,35.67438295436675,15.949999809265137,15.010000228881836,57.619998931884766,1
2017-12-15,291.1871643066406,-0.003942943351728401,0.012186823036046679,-0.04036095206170176,288.72917419433594,272.60058097839357,34.89633571705748,16.40999984741211,15.09000015258789,55.959999084472656,1
2017-12-18,296.71026611328125,0.018967531827139172,0.010137319052512028,-0.022777660403999422,289.43901123046874,272.8869739532471,45.50205151622104,14.9399995803833,14.270000457763672,56.68999862670898,1
2017-12-19,301.3208923339844,0.015539152996286276,0.009493262893510712,0.004000675591923297,290.2449029541016,273.1845069122314,48.87144528336713,13.119999885559082,13.670000076293944,57.36000061035156,1
2017-12-20,303.3380126953125,0.006694259882558562,0.013966938641605253,0.03371525485492932,291.1285986328125,273.49407485961916,59.01645378073061,12.1899995803833,14.149999618530272,57.9900016784668,1
2017-12-21,303.0018005371094,-0.0011083746320340593,0.025520144478982765,0.013331200956263167,292.0478326416016,273.8136582183838,61.64390318563003,12.1899995803833,15.260000228881836,57.13999938964844,1
2017-12-22,304.1064147949219,0.0036455699466289015,0.045056761550310576,-0.005965627317074729,292.99012084960935,274.13529907226564,64.05003903652084,12.09000015258789,15.949999809265137,56.59999847412109,1
2017-12-26,305.59527587890625,0.004895855567494056,0.04534254366039092,0.012410584053593077,293.89014587402346,274.4676332092285,64.49443609108447,11.59000015258789,16.40999984741211,57.040000915527344,1
2017-12-27,300.4563903808594,-0.01681598474736623,0.0318325366308303,-0.004138970860002478,294.6307214355469,274.7812041473389,65.07932734217741,12.050000190734863,14.9399995803833,57.29999923706055,1
2017-12-28,302.85772705078125,0.007992296875023897,0.02071873352421494,-0.0006339160493747942,295.42604736328127,275.11068061828615,61.78658543315343,12.489999771118164,13.119999885559082,57.15999984741211,1
2017-12-29,301.6090087890625,-0.004123118382610591,0.0009561781556082227,-0.015519885740776895,296.4029144287109,275.44669296264647,54.43380009171616,12.300000190734863,12.1899995803833,57.459999084472656,1
2018-01-01,298.0550231933594,-0.01178341989840459,-0.017416180237389556,-0.04552447418498873,297.4105184936523,275.69259048461913,48.5497799248868,12.670000076293944,12.1899995803833,58.09000015258789,1
2018-01-02,297.4787292480469,-0.0019335152923715127,-0.018227849733143953,-0.027782132974598084,298.3163067626953,275.94470375061036,52.88464224116862,13.350000381469728,12.09000015258789,58.36000061035156,1
2018-01-03,302.5696105957031,0.01711342979218977,-0.005053507997373585,-0.01531717646951325,299.24706970214845,276.22508735656737,66.2617727237257,13.6899995803833,11.59000015258789,58.470001220703125,1
2018-01-04,302.2813720703125,-0.0009526354111476509,-0.010844093708787916,-0.013170307584142504,299.4199658203125,276.5209246826172,64.39484591659081,13.619999885559082,12.050000190734863,59.970001220703125,1
2018-01-05,300.55242919921875,-0.005719647424028418,0.00031964312104548753,-0.020504213715722974,299.68219299316405,276.8321600341797,63.337862141683026,13.420000076293944,12.489999771118164,59.63999938964844,1
2018-01-08,301.75311279296875,0.0039949222734585454,-0.0036473041931905925,-0.009615532931898207,299.93193298339844,277.1623948669434,58.19032173644099,13.109999656677246,12.300000190734863,59.84000015258789,1
2018-01-09,300.2642822265625,-0.0049339360665608956,-0.004458509272978861,-0.013880062127482384,300.1634228515625,277.51572647094724,48.090252305343405,13.739999771118164,12.670000076293944,60.41999816894531,1
2018-01-10,299.6879577636719,-0.0019193906734993327,0.005478634625302625,-0.0038314273410938737,300.39203125,277.8577289581299,43.04030518964375,13.850000381469728,13.350000381469728,60.41999816894531,1
2018-01-11,297.2865905761719,-0.008012891827284152,-0.000645890455296394,-0.01699233663700639,300.3171087646484,278.1539346313477,39.89815953567652,14.039999961853027,13.6899995803833,60.369998931884766,1
2018-01-12,305.1629943847656,0.026494312418627652,0.008571197166683753,0.03300272073326438,300.3372802734375,278.49645362854005,51.50682689813534,14.010000228881836,13.619999885559082,61.630001068115234,1
2018-01-15,316.3052673339844,0.036512529875001754,0.0463935146503498,0.07878801188794249,300.59470458984373,278.8780055999756,61.97632888126287,13.729999542236328,13.420000076293944,62.0099983215332,0
2018-01-16,320.9158630371094,0.014576411395187838,0.06775334969724334,0.09811006297353497,300.94049865722656,279.2600841522217,73.15212211209725,14.3100004196167,13.109999656677246,61.43999862670898,0
2018-01-17,329.7048034667969,0.027387055119401094,0.09263099364613891,0.1244883540503583,301.5321905517578,279.6897895050049,76.54316815706882,14.09000015258789,13.739999771118164,61.72999954223633,0
2018-01-18,332.4903259277344,0.008448534663881624,0.10732559817706155,0.155759483740878,302.31310791015625,280.1529166412354,79.63130088895161,13.859999656677246,13.850000381469728,62.959999084472656,0
2018-01-19,339.6463623046875,0.02152254011296706,0.1333333672770598,0.1563114088995048,303.12572387695315,280.6091533660889,87.3275381816648,13.960000038146973,14.039999961853027,63.56999969482422,0
2018-01-22,337.62921142578125,-0.005938973893960697,0.1357027936289399,0.13113435862453815,303.7596783447266,281.0633186340332,85.12593424795342,13.979999542236328,14.010000228881836,63.79999923706055,0
2018-01-23,348.0030517578125,0.03072554145485018,0.1403841820972298,0.16326861211172572,304.68275634765627,281.5866814422607,86.38450540722185,15.390000343322754,13.729999542236328,64.30000305175781,0
2018-01-24,338.82989501953125,-0.026359414642907142,0.07121167432777309,0.14678157779353485,305.42525146484377,282.0793402862549,75.62288833281416,16.229999542236328,14.3100004196167,64.30000305175781,0
2018-01-25,346.56219482421875,0.022820594989830578,0.07991606131400153,0.19095536094825483,306.2954986572266,282.60936126708987,79.75150509090535,18.040000915527344,14.09000015258789,63.72999954223633,0
2018-01-29,343.5365295410156,-0.008730511661082296,0.041951848831986105,0.175127294091316,307.03895446777346,283.09826148986815,76.39561447985086,17.510000228881836,13.859999656677246,63.970001220703125,0
2018-01-30,339.3101501464844,-0.012302561827057912,0.020511346306756106,0.1652647909616196,307.5797375488281,283.5783763885498,73.84161455613905,17.889999389648438,13.960000038146973,63.95000076293945,0
2018-01-31,339.0220031738281,-0.0008492141261670083,-0.0018382623815628163,0.1426028752385422,308.2405877685547,284.0483863067627,74.10239973431032,16.420000076293945,13.979999542236328,63.369998931884766,0
2018-02-01,332.53839111328125,-0.019124457999330824,-0.015078139391440315,0.10360217155037277,308.74583129882814,284.4877111053467,70.57177345619671,15.93000030517578,15.390000343322754,63.4900016784668,0
2018-02-02,321.8763732910156,-0.03206251701215923,-0.07507600388797553,0.06111453170995729,309.0570458984375,284.8693938446045,59.446254745860585,14.109999656677246,16.229999542236328,64.47000122070312,0
2018-02-05,316.68951416015625,-0.016114445051764736,-0.06534364642794799,0.04517370391457631,309.25395568847654,285.2374884796143,50.23284800985318,15.25,18.040000915527344,65.61000061035156,0
2018-02-06,317.6500244140625,0.003032971446665922,-0.08342563280689319,0.04453575774872731,309.51330017089845,285.644175491333,47.92934763469834,16.049999237060547,17.510000228881836,65.51000213623047,0
2018-02-07,319.427001953125,0.005594136321381837,-0.07018038989944486,0.04526158342742059,309.8120275878906,286.0753426361084,42.84755562219425,20.020000457763672,17.889999389648438,65.55999755859375,0
2018-02-08,320.6757507324219,0.0039093400735110695,-0.05491848506747532,0.06729549112246325,310.20873046875,286.51491966247556,41.59839303044666,19.46999931335449,16.420000076293945,64.5,0
2018-02-09,313.8558959960937,-0.021267135792936265,-0.07423148628152876,0.036314638732886984,310.4373382568359,286.9037191772461,31.57171466601072,17.770000457763672,15.93000030517578,64.7300033569336,0
2018-02-12,313.37567138671875,-0.001530079936369666,-0.057625586213997826,0.039012967964380474,310.79658081054686,287.27105659484863,32.28072412830545,19.229999542236328,14.109999656677246,65.80000305175781,0
2018-02-14,306.3637390136719,-0.02237548416575663,-0.04819438630656636,0.027876449560530814,311.0597698974609,287.6152473449707,18.007355951422397,17.8799991607666,15.25,65.44999694824219,0
2018-02-15,315.6809387207031,0.030412214373109814,-0.003184745292649893,0.061188272246109676,311.5285125732422,287.98717971801756,32.25329329857665,17.18000030517578,16.049999237060547,64.1500015258789,0
2018-02-16,308.3808288574219,-0.023124962479093458,-0.02918052839359475,0.019206219191271634,311.83204345703126,288.33517440795896,20.533721215592593,16.31999969482422,20.020000457763672,63.38999938964844,0
2018-02-19,307.13214111328125,-0.0040491743561592575,-0.038490361693492625,0.01604719804513932,312.2210614013672,288.6892720031738,21.11279169953984,16.3799991607666,19.46999931335449,61.790000915527344,0
2018-02-20,304.7308044433594,-0.007818578222447137,-0.04972295614072575,0.01390231732704117,312.441025390625,288.9228454589844,21.74253722037956,16.670000076293945,17.770000457763672,61.150001525878906,0
2018-02-21,306.6038513183594,0.006146562302493219,-0.02310628785455282,0.016075189682363655,312.6033569335938,289.16253524780274,24.177493723515767,16.8700008392334,19.229999542236328,59.20000076293945,0
2018-02-22,305.78741455078125,-0.0026628392437588744,-0.024214569058149005,0.018394236847828926,312.73591186523436,289.3790817260742,26.576944412676056,15.920000076293944,17.8799991607666,59.290000915527344,0
2018-02-23,310.0137634277344,0.013821199551858232,0.011914022285449466,0.03445519046249168,313.02695556640623,289.6269400024414,38.29384845371132,14.829999923706056,17.18000030517578,60.59999847412109,0
2018-02-26,314.14410400390625,0.01332308775747193,-0.004868316481270285,0.056704587297606635,313.48993530273435,289.9038977050781,47.43467033446968,14.199999809265137,16.31999969482422,61.34000015258789,0
2018-02-27,309.4374084472656,-0.014982600331031826,0.0034262168428513817,0.014006986892750817,313.8318865966797,290.1506071472168,42.30422326734853,13.699999809265137,16.3799991607666,61.68000030517578,0
2018-02-28,300.8886413574219,-0.027626805474945115,-0.02032838286878136,-0.0487397067601919,314.02591613769533,290.3703846740723,34.58469668294312,13.920000076293944,16.670000076293945,61.68000030517578,0
2018-03-01,292.91619873046875,-0.02649632299506699,-0.03877063145772852,-0.0872492373597713,313.95003479003907,290.5275569152832,29.23849646657868,13.8100004196167,16.8700008392334,61.900001525878906,0
2018-03-05,291.3792724609375,-0.005246982844214321,-0.04965553691500624,-0.11624195523653924,313.75120239257814,290.6733624267578,31.747244914851862,14.06999969482422,15.920000076293944,61.68000030517578,0
2018-03-06,283.40679931640625,-0.02736115399423289,-0.07319011237677442,-0.14762392401755553,313.352578125,290.7485478210449,28.303155743934738,15.399999618530272,14.829999923706056,62.77000045776367,0
2018-03-07,275.3863525390625,-0.02830012122747072,-0.11169636633485691,-0.18919681438536684,312.8002691650391,290.791428527832,27.89579699446233,16.25,14.199999809265137,63.54999923706055,0
2018-03-08,285.2318420410156,0.03575155199659563,-0.09203502976624733,-0.15519204977405754,312.42277770996094,290.887435760498,28.43534597904562,15.699999809265137,13.699999809265137,63.90999984741211,0
2018-03-09,281.1495666503906,-0.014312130656289002,-0.0914170072029149,-0.1921060311676449,311.9338635253906,290.97689407348633,29.793284673119658,14.59000015258789,13.920000076293944,63.0099983215332,0
2018-03-12,288.7858581542969,0.027160957759547077,-0.040223463233855505,-0.14769663952571155,311.70045288085936,291.0950033569336,37.56509918408058,14.529999732971191,13.8100004196167,61.63999938964844,0
2018-03-13,292.33984375,0.012306646933536003,-0.001967644612919095,-0.15645777838439967,311.49009521484373,291.22806671142575,41.730755836048495,14.489999771118164,14.06999969482422,60.9900016784668,0
2018-03-14,293.9727478027344,0.005585636332660737,0.008900685762212479,-0.14427514245574202,311.3373699951172,291.3216423034668,41.54338841455492,14.460000038146973,15.399999618530272,62.56999969482422,0
2018-03-15,289.55426025390625,-0.015030262437091935,0.0216912965826086,-0.14663837751714148,311.16735473632815,291.37644699096677,39.6318658228618,14.359999656677246,16.25,62.59999847412109,0
2018-03-16,286.33648681640625,-0.011112851300058124,0.03976280660382581,-0.15540441583199605,310.9445098876953,291.4439710998535,34.67991913613572,14.329999923706056,15.699999809265137,61.150001525878906,0
2018-03-19,282.926513671875,-0.01190897179204986,-0.008082296677133005,-0.1491914280192258,310.55164794921876,291.4662869262695,29.610986736571533,15.220000267028809,14.59000015258789,60.119998931884766,0
2018-03-20,280.4771728515625,-0.008657162556186315,-0.002391587534133599,-0.12861832639708282,310.1155639648438,291.4544790649414,30.510645970993792,15.81999969482422,14.529999732971191,62.040000915527344,0
2018-03-21,277.7877197265625,-0.009588848524308746,-0.0380840616574033,-0.1228389090707952,309.66026977539065,291.4567324829102,33.12280248017355,15.609999656677246,14.489999771118164,61.36000061035156,1
2018-03-22,272.0725402832031,-0.02057390963497252,-0.06932788636272535,-0.1434833326864421,309.0666583251953,291.4388577270508,34.252535830406345,15.109999656677246,14.460000038146973,60.709999084472656,1
2018-03-23,264.67633056640625,-0.02718469754095021,-0.09965691532735887,-0.17140276511361818,308.3548992919922,291.37707061767577,31.466659549880205,15.25,14.359999656677246,60.959999084472656,1
2018-03-26,270.5356140136719,0.022137542237822272,-0.06568249496159084,-0.156357743309964,307.7718524169922,291.3480453491211,40.79671079017759,15.550000190734863,14.329999923706056,61.18999862670898,1
2018-03-27,272.6968078613281,0.007988574278974703,-0.047635141112224555,-0.1311400826297615,307.2800567626953,291.3049169921875,47.901018160166714,15.199999809265137,15.220000267028809,62.34000015258789,1
2018-03-28,267.3658447265625,-0.01954904854433248,-0.05499897744952609,-0.1468200337842378,306.52411376953125,291.25462799072267,34.99999743779347,15.550000190734863,15.81999969482422,62.060001373291016,1
2018-04-02,251.5169677734375,-0.059277866884357655,-0.10325334066830338,-0.1790250093461183,305.2283477783203,291.1166471862793,29.22557916928932,15.760000228881836,15.609999656677246,63.400001525878906,1
2018-04-03,259.39337158203125,0.0313155962332079,-0.06621728333648991,-0.17830524505780176,303.9978979492187,291.0457731628418,29.46305544976947,15.350000381469728,15.109999656677246,65.16999816894531,1
2018-04-04,258.0486145019531,-0.005184238409318254,-0.05154480406825457,-0.1632144726439514,302.56477416992186,290.97207427978515,25.27697628193252,15.1899995803833,15.25,64.30000305175781,1
2018-04-05,267.65399169921875,0.03722313028420832,0.011250198030327452,-0.12853799433352553,301.2680474853516,290.9282078552246,32.98134883407026,16.34000015258789,15.550000190734863,65.87999725341797,1
2018-04-06,269.5751037597656,0.007177595403492942,-0.00355040225446146,-0.1153664157708355,299.86662231445314,290.90391067504885,36.64957104606845,14.800000190734863,15.199999809265137,65.55000305175781,1
2018-04-09,269.7672119140625,0.0007126331460789448,-0.0107430518539674,-0.12014408575072943,298.50938232421873,290.8816571044922,38.46154500053129,14.75,15.550000190734863,65.25,1
2018-04-10,277.4034118652344,0.02830662739549128,0.03754244357179348,-0.09282266481517742,297.0973895263672,290.87982315063476,46.367644963241126,14.869999885559082,15.760000228881836,64.37999725341797,1
2018-04-11,273.3211669921875,-0.014715914435220023,0.08669076846692447,-0.11835795943330785,295.78721496582034,290.84188171386717,45.39269599825837,14.5,15.350000381469728,63.0099983215332,1
2018-04-12,275.43438720703125,0.0077316376118947705,0.06184049934339653,-0.12322280222198179,294.3646588134766,290.82099014282227,48.47351001243141,14.720000267028809,15.1899995803833,63.5099983215332,1
2018-04-13,276.8751525878906,0.00523088418795159,0.07295733062653209,-0.10523050856316962,293.03143127441405,290.8145063781738,53.298102603910806,14.5600004196167,16.34000015258789,63.369998931884766,1
2018-04-16,276.2508239746094,-0.002254910227392326,0.03211920069195706,-0.08188350770458475,291.7702447509766,290.7940950012207,58.763664595555696,14.140000343322754,14.800000190734863,63.540000915527344,1
2018-04-17,280.2370910644531,0.014429883076874095,0.039551083004271126,-0.043285785221057416,290.59454650878905,290.81258575439455,57.559928086296445,14.260000228881836,14.75,62.060001373291016,0
2018-04-18,278.6041564941406,-0.005826975166313475,0.032757667313895844,-0.043843598959186436,289.51586181640624,290.81114471435546,54.641546894557386,14.039999961853027,14.869999885559082,63.41999816894531,0
2018-04-19,278.1719055175781,-0.0015514878959517198,0.002770310744112603,-0.01847130630406535,288.6417724609375,290.7936149597168,59.19870690797319,14.109999656677246,14.5,65.51000213623047,0
2018-04-20,271.015869140625,-0.025725230460057813,-0.008434391953362264,-0.01587037032932692,287.7282995605469,290.7551934814453,69.48175494956222,13.75,14.720000267028809,66.81999969482422,1
2018-04-23,268.3743896484375,-0.009746586059936169,-0.025632229984729804,-0.05910087833094757,286.7427868652344,290.7040446472168,60.02142608070264,12.9399995803833,14.5600004196167,67.06999969482422,1
2018-04-24,272.88897705078125,0.016821975480811435,-0.01439701432162288,-0.02938147726146567,285.8120263671875,290.6781101989746,65.46550538649373,13.149999618530272,14.140000343322754,67.38999938964844,0
2018-04-25,267.89410400390625,-0.018303681962007268,-0.030250479801179564,-0.0723434114257363,284.7563934326172,290.61111251831056,50.27682858863862,11.899999618530272,14.260000228881836,66.22000122070312,1
2018-04-26,267.8460998535156,-0.00017919076856554028,-0.04421609988838926,-0.08378517133446461,283.8361975097656,290.53955230712893,47.91662682997504,12.399999618530272,14.039999961853027,66.5199966430664,1
2018-04-27,276.5389404296875,0.03245460949749113,-0.007412725245886875,-0.05930416170666797,283.099462890625,290.5309071350098,56.77226586582187,12.039999961853027,14.109999656677246,68.47000122070312,0
2018-04-30,272.9849853515625,-0.012851553826751627,-0.01864645588980174,-0.057223384963544954,282.4318878173828,290.4960874938965,45.1883445895422,12.020000457763672,13.75,68.29000091552734,1
2018-05-02,265.9730529785156,-0.02568614667219371,-0.018607088131406657,-0.07111714634868482,281.43773010253904,290.43485290527343,42.4778960114414,12.359999656677246,12.9399995803833,68.37999725341797,1
2018-05-03,270.7757873535156,0.018057221666692547,0.00894793913914027,-0.04294658058258627,280.6856292724609,290.38466491699216,45.47998292109653,12.84000015258789,13.149999618530272,68.63999938964844,1
2018-05-04,271.68829345703125,0.0033699693478290715,-0.0043998977412949,-0.031335453453043116,279.97675231933596,290.3123844909668,44.915315591301024,12.989999771118164,11.899999618530272,67.69999694824219,0
2018-05-07,278.364013671875,0.024571247181467415,0.039082269865170716,0.002074583951658271,279.44941650390626,290.2718017578125,51.85185185185185,13.25,12.399999618530272,68.05000305175781,1
2018-05-08,297.0945129394531,0.067287789899656,0.10919857747390527,0.09196801937529009,279.2592297363281,290.29965744018557,61.73909384491537,13.760000228881836,12.039999961853027,68.19000244140625,0
2018-05-09,294.6931457519531,-0.008082839241091544,0.06564791668781811,0.11340951841560987,279.03734436035154,290.31358520507814,61.08533710355292,14.0600004196167,12.020000457763672,68.0999984741211,0
2018-05-10,294.7411804199219,0.00016299893180815594,0.0796974054830919,0.08947275387197906,278.7318927001953,290.33567764282225,61.477019833056,14.270000457763672,12.359999656677246,68.56999969482422,0
2018-05-11,298.679443359375,0.013361766868960068,0.12296881212060717,0.09528030673266841,278.4225994873047,290.3853855895996,70.05571918099176,14.43000030517578,12.84000015258789,67.93000030517578,0
2018-05-14,297.8629150390625,-0.002733794837464054,0.10003526515531047,0.11406494477142215,278.1911096191406,290.42404708862307,71.95987098791693,13.979999542236328,12.989999771118164,68.43000030517578,0
2018-05-15,296.0859375,-0.0059657562232259265,0.089800129893441,0.17720064821515158,278.09505554199217,290.4490213012695,68.0088779462452,14.25,13.25,69.72000122070312,0
2018-05-16,285.5200500488281,-0.035685205249478824,0.02570747663305495,0.10072222858838353,277.9471325683594,290.415883026123,62.59441444183887,13.170000076293944,13.760000228881836,70.7300033569336,0
2018-05-17,284.3193664550781,-0.004205251412447764,-0.04300027744699053,0.10180543694771971,277.80593444824217,290.3469645690918,61.58002677284272,13.4399995803833,14.0600004196167,69.05999755859375,0
2018-05-18,274.8099975585937,-0.033446082182329584,-0.0674706842693088,0.026736032644028906,277.6339984130859,290.24562759399413,48.79841830839419,13.40999984741211,14.270000457763672,71.13999938964844,0
2018-05-21,277.8837585449219,0.011185040623104658,-0.057193982364401874,0.030821298663249674,277.68394653320314,290.21272918701175,53.42742856703623,14.149999618530272,14.43000030517578,71.36000061035156,0
2018-05-22,278.84423828125,0.0034564083246804156,-0.06640967605614234,0.03364762642125352,277.55619445800784,290.15365585327146,59.83842847525502,14.40999984741211,13.979999542236328,70.69999694824219,0
2018-05-23,280.52520751953125,0.006028344887606396,-0.0582070027658782,0.011253631068580683,277.5437072753906,290.10298736572264,57.8256994943544,13.600000381469728,14.25,70.95999908447266,0
2018-05-24,285.9522399902344,0.019345970790611622,-0.03422552788332145,0.04621329967615684,277.4870349121094,290.08305603027344,60.67571610969878,14.15999984741211,13.170000076293944,71.30999755859375,0
2018-05-25,283.983154296875,-0.006886064936671321,-0.005382794489179665,0.03103739942034922,277.31990112304686,290.0828157043457,54.52434518772316,13.149999618530272,13.4399995803833,71.48999786376953,0
2018-05-28,287.4410705566406,0.012176483736604737,0.010979568998356282,0.03816130797578876,277.189267578125,290.09722366333006,39.69229786640566,12.649999618530272,13.40999984741211,71.48999786376953,0
2018-05-29,278.4601135253906,-0.031244515663186312,0.01328232596784873,0.00799740438415597,276.9673846435547,290.0479962158203,34.80222353523362,13.0600004196167,14.149999618530272,71.27999877929688,0
2018-05-30,273.6573486328125,-0.01724758649191671,-0.015209272878127345,-0.023479199011979923,276.7138018798828,289.99708770751954,31.874495293075043,13.06999969482422,14.40999984741211,72.23999786376953,0
2018-05-31,274.5218200683594,0.0031589556789384243,-0.015501192492028193,-0.014652819531309147,276.5457080078125,289.974034576416,28.073162124595697,13.40999984741211,13.600000381469728,72.12999725341797,0
2018-06-01,277.8837585449219,0.012246525524729934,-0.009416084201365305,-0.0010358593622893375,276.4938397216797,289.97667602539065,32.6667002030718,13.220000267028809,14.15999984741211,71.83999633789062,0
2018-06-04,275.43438720703125,-0.008814373861632752,-0.03678185134539358,0.016303540011945117,276.44677307128904,289.97571563720703,32.28997428982987,13.56999969482422,13.149999618530272,70.70999908447266,0
2018-06-05,272.88897705078125,-0.009241439248240058,-0.03906632163996582,0.016821975480811435,276.4631018066406,289.9387351989746,37.440318793382126,13.880000114440918,12.649999618530272,67.87999725341797,0
2018-06-06,272.6968078613281,-0.0007042028283076318,-0.05129490600198394,-0.0007042028283076318,276.6235113525391,289.88566528320314,38.20660124137131,13.31999969482422,13.0600004196167,67.87999725341797,0
2018-06-07,279.42059326171875,0.024656634058620286,0.0034492542726072273,0.04302628943877185,276.8012109375,289.87485916137695,54.958684196015774,12.550000190734863,13.06999969482422,66.7300033569336,0
2018-06-08,276.8751525878906,-0.009109710362127599,0.011758514694212296,0.033709853304987325,276.88477783203126,289.8513258361816,48.9027778146654,12.779999732971191,13.40999984741211,68.20999908447266,0
2018-06-11,275.0981750488281,-0.006417974030726414,0.0020994869563564222,-0.005209990964096023,277.03942443847654,289.8172265625,45.99593823454771,12.699999809265137,13.220000267028809,67.04000091552734,0
2018-06-12,276.0587158203125,0.0034916290204902722,-0.006567648048831032,0.011259705235405093,277.53025939941404,289.785768737793,45.151216784254686,13.18000030517578,13.56999969482422,65.80999755859375,0
2018-06-13,279.2765197753906,0.011656230253467514,0.013949356895192055,0.050018100134187726,277.92792236328125,289.7480676269531,42.38776697623661,12.729999542236328,13.880000114440918,64.75,0
2018-06-14,273.5132751464844,-0.020636337897440682,0.002287736582291311,0.010109795339251493,278.2372155761719,289.68587280273437,39.01210574963858,12.640000343322754,13.31999969482422,65.5199966430664,1
2018-06-15,271.35211181640625,-0.007901493369638746,-0.004931102991149405,-0.0012373799266333085,278.3111779785156,289.59750350952146,32.64257404684503,12.100000381469728,12.550000190734863,64.7300033569336,1
2018-06-18,281.437744140625,0.037168062767989785,0.007219048729944166,0.011042125841644213,278.5484307861328,289.5662860107422,53.137603586163436,12.06999969482422,12.779999732971191,65.94999694824219,1
2018-06-19,281.24560546875,-0.0006827039936014856,0.015784922698948378,-0.053346348654823794,278.7779986572266,289.53026565551755,58.85649074216546,12.380000114440918,12.699999809265137,65.73999786376953,1
2018-06-20,281.6298217773437,0.0013661237762394585,0.02374296640592477,-0.04432856400944252,278.86252685546873,289.5069728088379,58.39002569797703,12.920000076293944,13.18000030517578,66.0999984741211,1
2018-06-21,286.19244384765625,0.016200777465675387,0.03670859656515901,-0.02900421502039896,279.1199523925781,289.5052922058105,59.536945377965814,12.170000076293944,12.729999542236328,66.36000061035156,1
2018-06-22,288.7858581542969,0.009061784692055541,0.03404990289392806,-0.0331244262872622,279.3869818115234,289.5223416137695,65.27468890330428,12.449999809265137,12.640000343322754,66.63999938964844,1
2018-06-25,278.2679748535156,-0.03642104695847537,0.017383798663830108,-0.06578509507629426,279.41483825683594,289.48440032958985,55.204437586256375,12.020000457763672,12.100000381469728,66.88999938964844,1
2018-06-26,276.7311096191406,-0.005522968409081286,0.019822944316621793,-0.0653689535014117,279.42444396972655,289.44958084106446,53.80438536309094,12.579999923706056,12.06999969482422,65.05999755859375,1
2018-06-27,268.0381774902344,-0.03141291971426763,-0.04761112156902203,-0.06122817839098893,279.1804656982422,289.38426391601564,39.65063229040241,12.800000190734863,12.380000114440918,65.8499984741211,1
2018-06-28,260.6900939941406,-0.027414316739866162,-0.07308740501153665,-0.0831082059430196,278.8221844482422,289.2853285217285,36.465875301253405,13.510000228881836,12.920000076293944,65.06999969482422,1
2018-06-29,264.5322265625,0.014738314408086817,-0.06070946289331902,-0.037399552736076536,278.5493908691406,289.2113667297363,41.45960626250318,13.949999809265137,12.170000076293944,66.22000122070312,1
2018-07-02,266.453369140625,0.007262414122806593,-0.06897133425905055,-0.04113370808049244,278.4581408691406,289.1450895690918,42.35477749892881,12.9399995803833,12.449999809265137,65.54000091552734,1
2018-07-03,262.1309509277344,-0.016222043755090954,-0.0922999048392491,-0.05993771812010018,278.33327209472657,289.05335845947263,36.58907563907807,13.369999885559082,12.020000457763672,68.58000183105469,1
2018-07-04,262.4671325683594,0.0012824950256167256,-0.05678282703381177,-0.06437237890614378,278.1248352050781,288.95514358520506,40.55834025450433,13.0,12.579999923706056,68.08000183105469,1
2018-07-05,260.834228515625,-0.006221365840193727,-0.05744522589236234,-0.08783988359548145,277.9836376953125,288.85884979248044,40.92794262111256,12.65999984741211,12.800000190734863,70.52999877929688,1
2018-07-06,259.39337158203125,-0.0055240331830430645,-0.03225214403839205,-0.08658887804710302,277.8145831298828,288.7486279296875,27.65340833860276,12.579999923706056,13.510000228881836,72.76000213623047,1
2018-07-09,260.498046875,0.004258687437660225,-0.0007366874444602045,-0.09373407783885734,277.49376525878904,288.6360052490234,29.350044710547806,12.4399995803833,13.949999809265137,73.44999694824219,1
2018-07-10,262.6111755371094,0.008111879100281216,-0.007262068029872948,-0.05691636689947732,277.2862890625,288.5536390686035,31.700607882208004,12.390000343322754,12.9399995803833,74.1500015258789,1
2018-07-11,258.1446533203125,-0.017008119352353024,-0.031182626240043643,-0.05668656584594256,277.1297210693359,288.4758354187012,22.962931148096544,12.399999618530272,13.369999885559082,73.94000244140625,1
2018-07-12,261.5545959472656,0.013209425735120517,-0.002198729216938755,-0.04723567736023593,276.94529724121094,288.45278244018556,24.156860155560352,12.779999732971191,13.0,74.13999938964844,1
2018-07-13,257.18414306640625,-0.016709524315682622,-0.02012819452956527,-0.07449019542165647,276.65521423339845,288.3963508605957,27.347840770116036,12.510000228881836,12.65999984741211,74.13999938964844,1
2018-07-16,249.01954650878903,-0.03174611179472708,-0.04529575000210606,-0.09590247959267117,276.0683248901367,288.2834874725342,23.938627293691525,12.300000190734863,12.579999923706056,72.94000244140625,1
2018-07-17,255.9354248046875,0.027772431493261918,-0.013330898766818366,-0.062126189299829826,275.2451431274414,288.2357004547119,38.22435495441568,12.949999809265137,12.4399995803833,73.80000305175781,1
2018-07-18,252.33343505859372,-0.014073822523171908,-0.03134231490159334,-0.07467404170381631,274.39794891357417,288.172064743042,41.22988675087753,12.829999923706056,12.390000343322754,73.8499984741211,1
2018-07-19,250.89263916015625,-0.005709888973305932,-0.04462314428540837,-0.10209682031145728,273.52097808837885,288.0981034088135,34.925796287689565,13.68000030517578,12.399999618530272,74.11000061035156,1
2018-07-20,255.3110809326172,0.017610886422380956,-0.010976684394773617,-0.07788373732246767,272.65361083984374,288.0375895690918,38.3299415171407,13.59000015258789,12.779999732971191,70.37999725341797,1
2018-07-23,264.67633056640625,0.036681720196315215,0.011935307838253584,-0.037884091672262366,271.9898791503906,288.0349479675293,52.41123692432935,13.539999961853027,12.510000228881836,70.33000183105469,1
2018-07-24,263.52374267578125,-0.004354707079996412,0.024650040759853775,-0.045406909567348386,271.3386352539062,288.0471952819824,50.98568012298581,13.010000228881836,12.300000190734863,71.01000213623047,1
2018-07-25,263.81182861328125,0.0010932067622249075,0.05940209237337979,-0.055374118721283505,270.9044708251953,288.06016235351564,52.84920335024497,12.470000267028809,12.949999809265137,68.05999755859375,1
2018-07-26,274.3777770996094,0.04005107936921437,0.07205861521122303,0.0031607312393229225,270.7056390380859,288.12691970825193,62.206599497624346,12.210000038146973,12.829999923706056,68.08000183105469,1
2018-07-27,281.6298217773437,0.026430874812071847,0.11610188206706384,0.03787591661675083,270.8420355224609,288.23930267333986,65.64721710901838,12.029999732971191,13.68000030517578,68.76000213623047,1
2018-07-30,295.2214660644531,0.04826067140664869,0.17668444579595555,0.04897609581798257,271.1887896728515,288.43020950317384,70.63833214424083,12.3100004196167,13.59000015258789,69.45999908447266,1
2018-07-31,292.2438049316406,-0.010086194518668323,0.14465774013455723,0.03910532022201729,271.45678100585934,288.60646850585937,71.99510476680909,12.59000015258789,13.539999961853027,70.45999908447266,1
2018-08-01,287.4891357421875,-0.01626952944499649,0.086191330849124,0.020805019610019126,271.5960595703125,288.7409440612793,66.44339623371667,12.479999542236328,13.010000228881836,67.88999938964844,1
2018-08-02,286.7687072753906,-0.002505932841382008,0.08820823643282938,0.002013552209789049,271.61238891601556,288.85764953613284,69.66796673702626,12.529999732971191,12.470000267028809,68.5199966430664,1
2018-08-03,292.9642028808594,0.021604503728222646,0.11050442438770358,0.014468661150055517,271.79200988769526,289.0070133972168,80.00007083455819,12.5600004196167,12.210000038146973,69.30000305175781,1
2018-08-06,302.6656188964844,0.03311468063410561,0.1030981521021852,0.08767679448492771,272.09650085449215,289.25651321411135,80.73284936989083,12.079999923706056,12.029999732971191,69.61000061035156,1
2018-08-07,300.7926025390625,-0.006188401458516735,0.068042441815231,0.08694899880623175,272.5431506347656,289.5221021270752,82.6115798207494,12.5600004196167,12.3100004196167,68.69000244140625,0
2018-08-08,306.12359619140625,0.017723154117965434,0.036928649777021816,0.14208953014747117,273.1924755859375,289.79177352905276,85.31947414066994,12.579999923706056,12.59000015258789,70.12999725341797,0
2018-08-09,319.8592529296875,0.044869643860099284,0.09449455397183337,0.22697125935624074,274.09922424316403,290.11091247558596,86.88260509970755,12.539999961853027,12.479999542236328,68.76000213623047,0
2018-08-10,315.6329040527344,-0.01321315184176386,0.09789506736625153,0.193173732192365,274.85420715332026,290.22089416503906,80.93301553296833,12.68000030517578,12.529999732971191,67.66000366210938,0
2018-08-13,312.078857421875,-0.011260063780503593,0.08825980486838292,0.17123254409731414,275.58709655761714,290.3440830993652,78.64018634390098,12.850000381469728,12.5600004196167,68.95999908447266,0
2018-08-14,319.3309631347656,0.023238055191566742,0.08999993854071286,0.21821159235332122,276.51593627929685,290.4944073486328,80.26176893977325,13.399999618530272,12.079999923706056,68.48999786376953,0
2018-08-16,321.10797119140625,0.005564784696091785,0.06093309296960281,0.22342164540458764,277.4841595458984,290.65649826049804,78.1702228333237,13.279999732971191,12.5600004196167,69.01000213623047,0
2018-08-17,326.5830078125,0.01705045377970449,0.08574148784157098,0.2520711321939728,278.427407836914,290.8481256103516,77.69228976038792,13.649999618530272,12.579999923706056,69.16999816894531,0
2018-08-20,325.09423828125,-0.00455862520595296,0.061970531921956784,0.2532866059703509,279.3917895507812,290.96843322753904,71.62729861757057,13.15999984741211,12.539999961853027,66.94000244140625,0
2018-08-21,325.4784240722656,0.0011817674562513147,0.01756763667491379,0.24944669634489225,280.39939453125,291.07505325317385,75.00002295618765,13.029999732971191,12.68000030517578,66.80999755859375,0
2018-08-23,323.8935546875,-0.004869353135413146,0.026171703040775096,0.23335784939483983,281.3560913085937,291.17735076904296,78.7557480158558,12.899999618530272,12.850000381469728,67.62999725341797,0
2018-08-24,318.5387268066406,-0.016532678107861187,0.020699477811894962,0.23395438452637496,282.14133544921873,291.25191360473633,73.38308055420039,12.760000228881836,13.399999618530272,67.19999694824219,0
2018-08-27,327.94580078125,0.029531963252680704,0.02697777115602995,0.2538330653053029,283.22998596191405,291.3910415649414,74.5845971180775,12.40999984741211,13.279999732971191,67.04000091552734,0
2018-08-28,326.98101806640625,-0.0029418968394941958,0.018289944199171515,0.2713887184793431,284.342564086914,291.55872436523435,69.48077001128112,12.239999771118164,13.649999618530272,65.45999908447266,0
2018-08-29,328.66943359375,0.0051636499798310975,0.006388653822577028,0.3198539560513969,285.2871978759765,291.7069937133789,72.40034135049241,12.43000030517578,13.15999984741211,65.91000366210938,0
2018-08-30,332.23931884765625,0.01086162839930771,0.02197849031155319,0.2981372902996866,286.30707214355465,291.83853286743164,71.59644507614377,12.4399995803833,13.029999732971191,66.43000030517578,0
2018-08-31,330.5509033203125,-0.005081925682968169,0.015584686642456713,0.30997663168797307,287.2854937744141,291.98204162597654,61.041495428897036,12.40999984741211,12.899999618530272,67.3499984741211,0
2018-09-03,322.3980712890625,-0.02466437680053679,-0.004617206414867958,0.28500410521514374,288.00960632324217,292.08550628662107,56.46243391981231,12.600000381469728,12.760000228881836,67.83000183105469,0
2018-09-04,316.9467468261719,-0.016908675790442196,-0.004997759601880758,0.24141398668795677,288.5728240966797,292.15499084472657,54.48739985630058,13.390000343322754,12.40999984741211,68.72000122070312,0
2018-09-05,318.0562744140625,0.0035006751102548694,-0.030155978041579212,0.20168008122760117,289.36859008789065,292.2134535217285,48.674875843965985,13.779999732971191,12.239999771118164,68.87000274658203,0
2018-09-06,317.0914611816406,-0.0030334670623910487,-0.030245048912157846,0.20327473328186918,290.1757971191406,292.237555847168,45.7528492791206,13.649999618530272,12.43000030517578,68.52999877929688,0
2018-09-07,323.3146057128906,0.01962570833052224,-0.016292442598961565,0.2255500726119215,291.28132568359376,292.3242314147949,46.59774413399232,13.720000267028809,12.4399995803833,69.51000213623047,0
2018-09-10,321.1920471191406,-0.0065649944550753014,-0.03325094623608116,0.17061975832880938,292.4913647460937,292.39381057739257,45.990898652983084,13.890000343322754,12.40999984741211,70.25,0
2018-09-11,315.0653381347656,-0.019074908732414575,-0.04684774729095498,0.11872150522417346,293.50202697753906,292.4375590515137,40.43076370815759,15.199999809265137,12.600000381469728,69.80000305175781,1
2018-09-12,311.543701171875,-0.011177481419375579,-0.03366760251941914,0.05528810396144568,294.4038336181641,292.461057434082,39.04104543898645,15.329999923706056,13.390000343322754,69.80000305175781,1
2018-09-14,316.8020324707031,0.016878310423381615,-0.0004565888652207084,0.08403335545404289,295.49725524902345,292.5216535949707,48.45625662577,14.25,13.779999732971191,69.87000274658203,1
2018-09-17,314.2452392578125,-0.00807063386857243,-0.011982266859130064,0.09306822480978605,296.5328173828125,292.5704266357422,36.132801881990126,13.84000015258789,13.649999618530272,68.72000122070312,1
2018-09-18,307.6361389160156,-0.0210316641786088,-0.02981891164899164,0.0727674642009859,297.46885559082034,292.604404296875,32.42764038776602,14.5,13.720000267028809,67.7699966430664,1
2018-09-19,309.66229248046875,0.006586201385807566,-0.042226094927939606,0.056997030474743804,298.47423400878904,292.64058822631836,32.8397250943941,14.420000076293944,13.890000343322754,67.75,1
2018-09-21,305.9477233886719,-0.011995548641206222,-0.047461709800100116,0.010843995113003047,299.3832275390625,292.69325912475585,26.32493035071144,14.010000228881836,15.199999809265137,67.54000091552734,1
2018-09-24,297.8913879394531,-0.02633239221389494,-0.05450917037394487,-0.009645232546011906,300.08883178710937,292.7166946411133,23.616501252134356,15.539999961853027,15.329999923706056,69.25,1
2018-09-25,300.1587219238281,0.00761127738555456,-0.03654376321916364,-0.019485182918890565,300.9291131591797,292.7562692260742,30.146391751453862,17.43000030517578,14.25,70.37000274658203,1
2018-09-26,302.08837890625,0.00642878864240215,-0.04644431555474249,-0.055558417837435314,301.7397888183594,292.8006896972656,35.845577867796834,16.68000030517578,13.84000015258789,68.98999786376953,1
2018-09-27,295.8651733398437,-0.020600612274256358,-0.058489560450872835,-0.06262886555575331,302.51340942382814,292.84160934448244,30.737005734727504,17.09000015258789,14.5,68.91000366210938,1
2018-09-28,294.8038635253906,-0.003587140055967275,-0.04171250957654293,-0.05535457941366295,303.42909576416014,292.846965637207,30.685598827891525,16.920000076293945,14.420000076293944,69.8499984741211,1
2018-10-01,302.9567565917969,0.027655312820227262,-0.02165435072820443,-0.05127660149904856,304.36952239990234,292.8693130493164,32.9288827562487,17.0,14.010000228881836,71.12000274658203,1
2018-10-03,293.0189819335937,-0.032802617673892365,-0.04225800836783378,-0.08747521636910482,305.1832333374023,292.83860961914064,29.113054558667585,16.84000015258789,15.539999961853027,70.77999877929688,1
2018-10-04,305.3687438964844,0.042146627776112666,0.025100947055747058,-0.06495825994779036,306.2727554321289,292.88814544677734,43.41843942249934,18.1200008392334,17.43000030517578,72.08000183105469,1
2018-10-05,296.4923400878906,-0.02906782041715028,-0.01221481025917992,-0.08798032947177281,307.09638061523435,292.91563156127927,40.476187717601,18.920000076293945,16.68000030517578,72.27999877929688,1
2018-10-08,299.9175109863281,0.011552308222944951,-0.007186201361938482,-0.07853335642384163,307.8012042236328,292.9535198974609,39.0625111199148,19.729999542236328,17.09000015258789,71.56999969482422,1
2018-10-09,295.4792785644531,-0.014798177029674453,-0.0013042926649137199,-0.08772720454552307,308.44031494140626,292.97498046875,38.13300953299187,20.149999618530277,16.920000076293945,72.12000274658203,1
2018-10-10,308.6009826660156,0.044408204072084345,0.04680101195294095,-0.0311979150549484,309.33609802246093,293.0344340515137,50.563705335587954,19.76000022888184,17.0,73.25,1
2018-10-11,300.73760986328125,-0.02548071213125247,-0.007324961996162727,-0.08296551092635418,309.86329467773436,293.03151763916014,45.11873509468631,17.90999984741211,16.84000015258789,75.30000305175781,1
2018-10-12,308.1667785644531,0.024703158027189476,0.05169561552258872,-0.05753924069724492,310.39403381347654,293.05566146850583,51.16629925422546,20.549999237060547,18.1200008392334,76.41000366210938,1
2018-10-15,302.3295593261719,-0.018941753765519542,-0.009952507029805102,-0.08014093059878324,310.53619567871095,293.0523002624512,52.38834256284939,18.6299991607666,18.920000076293945,74.33000183105469,1
2018-10-16,309.3728332519531,0.023296676452938314,0.043442920516072236,-0.06882534455889677,310.8787762451172,293.0786323547363,54.71603628527639,18.88999938964844,19.729999542236328,74.33999633789062,1
2018-10-17,303.72857666015625,-0.018244189486412266,0.012707046218457974,-0.0811443151137442,311.20356506347656,293.0692988586426,50.80874612299634,17.3700008392334,20.149999618530277,74.29000091552734,1
2018-10-19,304.3557434082031,0.0020648921314658786,0.030040904685009195,-0.05596289025154433,311.5553057861328,293.0887956237793,54.4310474491046,17.979999542236328,19.76000022888184,74.95999908447266,1
2018-10-22,315.59600830078125,0.036931338198874286,0.022666893586453796,-0.00426172074304787,312.00794189453126,293.1524870300293,59.80884954121412,19.790000915527344,17.90999984741211,73.16999816894531,1
2018-10-23,311.4954833984375,-0.01299295553331492,0.035771626768088316,-0.020627767924753515,312.1845391845703,293.20191940307615,54.18834836294897,21.36000061035156,20.549999237060547,70.97000122070312,1
2018-10-24,310.67535400390625,-0.0026328773232394687,0.008140317561610377,-0.020234247727216492,312.3821942138672,293.26502105712893,59.51142494154042,19.040000915527344,18.6299991607666,71.33999633789062,1
2018-10-25,308.6974792480469,-0.006366371617088418,0.021062842601523135,-0.04521022622103266,312.433671875,293.3211148071289,52.018767004127255,18.8799991607666,18.88999938964844,71.77999877929688,1
2018-10-26,304.5486755371094,-0.013439707123762523,-0.015593346268109265,-0.051817508345272545,312.1274603271484,293.3310101318359,55.183112152659426,18.959999084472656,17.3700008392334,71.91999816894531,1
2018-10-29,337.1116943359375,0.1069222144584907,0.10991102003923015,0.06997391820912324,312.5570361328125,293.5051617431641,67.40404263978238,19.229999542236328,17.979999542236328,69.75,1
2018-10-30,333.54180908203125,-0.010589621522737236,0.09589457832140735,0.07061002301574426,312.9862951660156,293.6701086425781,67.95628296349149,19.82999992370605,19.790000915527344,69.12000274658203,1
2018-10-31,342.5147705078125,0.026902058996671308,0.08529500215153574,0.08116342510992958,313.44997131347657,293.87391693115234,66.650864167934,20.5,21.36000061035156,69.16999816894531,0
2018-11-01,341.260498046875,-0.003661951451255363,0.09555520460103972,0.08596871301174658,313.85302185058595,294.0788980102539,71.27658824441797,19.799999237060547,19.040000915527344,66.43000030517578,1
2018-11-02,341.9841003417969,0.0021203810551271296,0.10077640834521095,0.11165125640573126,314.1610437011719,294.29037872314456,69.10081255408122,19.190000534057617,18.8799991607666,66.81999969482422,1
2018-11-05,337.3529357910156,-0.013542046387983064,0.09282698586580707,0.08942207037459493,314.4062176513672,294.49071044921874,70.05525634259632,18.229999542236328,18.959999084472656,67.33000183105469,1
2018-11-06,340.6815490722656,0.009866857312046617,0.11864400155880328,0.1135286293321045,314.7102801513672,294.6683032226563,68.7247398053943,19.479999542236328,19.229999542236328,67.58999633789062,1
2018-11-07,343.38311767578125,0.007929894092804535,0.018603398948225713,0.15271247031006618,315.10007141113283,294.8036924743652,74.58133785737905,18.51000022888184,19.82999992370605,67.04000091552734,0
2018-11-09,344.2996826171875,0.0026692195807707098,0.03225344842004629,0.14705873082895504,315.61529052734375,294.9206115722656,74.67221102752262,17.719999313354492,20.5,66.18000030517578,0
2018-11-12,339.9579467773437,-0.012610339361454503,-0.007464856848882873,0.12535923430158213,315.8555334472656,294.97187728881835,66.44949462063367,17.770000457763672,19.799999237060547,65.30999755859375,1
2018-11-13,348.207275390625,0.024265732545690977,0.02035623045593682,0.1769120084662985,316.28005859375,295.0504620361328,73.47315568508475,19.3700008392334,19.190000534057617,63.68999862670898,0
2018-11-14,353.706787109375,0.015793787515153257,0.03427845550673814,0.1998037708176481,316.7808056640625,295.1207641601562,75.96042530753637,18.700000762939453,18.229999542236328,63.13999938964844,0
2018-11-15,356.9872436523437,0.00927450832871446,0.05820108787638123,0.17834389194147393,317.27576416015626,295.2175543212891,78.68193799509069,18.82999992370605,19.479999542236328,63.09999847412109,0
2018-11-16,354.62335205078125,-0.006621781712358721,0.04092326988791006,0.21024020256526876,317.7572131347656,295.2506558227539,80.3863819278059,18.450000762939453,18.51000022888184,62.209999084472656,0
2018-11-19,349.6545104980469,-0.014011602800547807,0.018263544418590127,0.14502390138715282,318.30234191894533,295.30477890014646,61.44367442287827,18.350000381469727,17.719999313354492,61.66999816894531,1
2018-11-20,345.3127746582031,-0.012417216736770764,0.002942471608787578,0.16466001973555344,318.8696624755859,295.2985317993164,60.59030552036537,19.26000022888184,17.770000457763672,60.18999862670898,1
2018-11-21,344.2032165527344,-0.00321319738769299,0.012487632119307701,0.14765961954260498,319.39260131835937,295.301865234375,51.76945724960326,19.32999992370605,19.3700008392334,59.93000030517578,1
2018-11-22,339.66851806640625,-0.013174480272857614,-0.02452205317835421,0.14955106062476076,319.84414245605467,295.3036570739746,48.43896816172537,19.559999465942383,18.700000762939453,55.68999862670898,1
2018-11-26,343.8172912597656,0.01221418227681692,-0.027959587460647972,0.11411599629241276,320.2541961669922,295.3276335144043,51.684408995927356,19.15999984741211,18.82999992370605,56.25,1
2018-11-27,342.17706298828125,-0.004770639270277766,-0.041486582300642394,0.13779271951997907,320.673896484375,295.3758268737793,54.69040318412259,20.399999618530277,18.450000762939453,56.459999084472656,1
2018-11-28,346.37408447265625,0.012265642377434105,-0.02326205403682413,0.1239825593342212,321.3000714111328,295.4983154296875,55.442827738862846,18.31999969482422,18.350000381469727,56.459999084472656,1
2018-11-29,349.4615783691406,0.00891375548833273,-0.0005517793224845136,0.15589616558835995,322.0584289550781,295.66217575073244,55.76924747988806,17.959999084472656,19.26000022888184,56.7599983215332,1
2018-11-30,342.6595153808594,-0.019464408705600622,-0.007683640664525093,0.1075940695212807,322.57557861328127,295.7872232055664,48.59971163100441,18.700000762939453,19.32999992370605,53.43000030517578,1
2018-12-03,342.9971618652344,0.0009853702267679232,-0.003503903012815779,0.12928841150503922,323.1506170654297,295.90507400512695,52.785140695903486,19.15999984741211,19.559999465942383,54.630001068115234,1
2018-12-04,345.36102294921875,0.0068917803025820845,0.01675900055506352,0.13472812795262157,323.9051147460938,296.02850036621095,47.07631560468661,18.21999931335449,19.15999984741211,54.630001068115234,1
2018-12-05,339.0413513183594,-0.018298740190460405,-0.013890924228699864,0.07428909872406675,324.49269592285157,296.15442764282227,35.18521372996693,18.11000061035156,20.399999618530277,51.630001068115234,1
2018-12-06,335.4232482910156,-0.010671568566119727,-0.01973777739011373,0.07681576834284898,325.08220642089844,296.26466552734377,28.363994667310124,18.38999938964844,18.31999969482422,51.560001373291016,1
2018-12-07,339.813232421875,0.013087894632308306,-0.01894152116134773,0.09378883146811323,325.9206433105469,296.4319129943848,35.720968989100456,19.309999465942383,17.959999084472656,50.290000915527344,1
2018-12-10,334.1689758300781,-0.016609878760664554,-0.043760468920302165,0.08251281041904535,326.60084838867186,296.52435317993167,35.261723991704756,18.59000015258789,18.700000762939453,51.45000076293945,1
2018-12-11,330.74383544921875,-0.010249725823144762,-0.0347741107332058,0.08601304821277234,327.17395751953126,296.63616821289065,35.88787035860082,20.440000534057617,19.15999984741211,50.93000030517578,1
2018-12-12,337.6423645019531,0.020857619442444797,-0.015611783299201654,0.0015741671823665815,328.00950134277343,296.788719329834,44.285715804559814,17.950000762939453,18.21999931335449,52.95000076293945,1
2018-12-13,337.25640869140625,-0.0011430905926635981,-0.023467078562030452,0.011136833548988312,328.8585522460937,296.9513473510742,47.735479737929914,15.8100004196167,18.11000061035156,53.25,1
2018-12-14,339.5238037109375,0.006723059847340007,0.0014229898232238636,-0.008732373183324649,329.58989318847654,297.1159471130371,45.82161442632844,15.550000190734863,18.38999938964844,53.25,0
2018-12-17,345.8434143066406,0.01861315915594397,0.03106572388382678,0.01342937810263689,330.6463818359375,297.31622711181643,53.27021499106904,15.15999984741211,19.309999465942383,51.4900016784668,0
2018-12-18,349.5097961425781,0.010601277006497378,0.028534979793443993,0.022005981544930497,331.5292028808594,297.51370727539063,52.82363797548639,14.539999961853027,18.59000015258789,52.61000061035156,1
2018-12-19,353.6102905273437,0.011732130057644508,0.05817809582404587,0.04819093895895188,332.67156188964844,297.71103820800784,53.668888141620194,14.579999923706056,20.440000534057617,51.0,0
2018-12-20,349.4132995605469,-0.011868972932144617,0.0564468997161236,0.025630241825714606,333.66147766113284,297.9109176635742,56.26115395714392,14.65999984741211,17.950000762939453,51.650001525878906,0
2018-12-21,341.7428894042969,-0.02195225586975935,0.01214458057830603,-0.00477667126615422,334.58674987792966,298.1151889038086,48.97638462036571,14.329999923706056,15.8100004196167,51.150001525878906,1
2018-12-24,340.3438720703125,-0.0040937715966030686,0.009154647026237361,-0.011489440004141094,335.22160766601564,298.3523272705078,45.83997562720966,15.989999771118164,15.550000190734863,52.58000183105469,0
2018-12-26,343.3348693847656,0.008788162678701639,0.011224737800925366,0.009933353932254585,336.0735528564453,298.61210525512695,53.76801114146446,15.75,15.15999984741211,51.20000076293945,1
2018-12-27,343.14190673828125,-0.0005620246112203464,-0.007811360449859861,-0.014546992582683216,336.7730554199219,298.9107807922363,57.20721619226463,15.920000076293944,14.539999961853027,49.880001068115234,1
2018-12-28,348.0625,0.01433982024664715,-0.004140931551994909,-0.015957531252092316,337.6877142333984,299.274161529541,57.627089949956336,16.06999969482422,14.579999923706056,46.2400016784668,0
2018-12-31,347.483642578125,-0.001663084710001761,-0.017325988845182994,-0.0266216825480573,338.4499304199219,299.5854205322266,63.582697879107336,15.270000457763672,14.65999984741211,47.20000076293945,0
2019-01-01,350.95703125,0.0099958336055892,0.0044180679195515715,-0.010338633312157786,339.3944995117188,299.9344578552246,70.59981961247789,16.0,14.329999923706056,45.880001068115234,0
2019-01-02,351.77716064453125,0.0023368370527019344,0.02936204834495726,0.0060707071773817844,340.3429278564453,300.2494143676758,66.44223921935321,15.329999923706056,15.989999771118164,45.59000015258789,0
2019-01-03,350.4746398925781,-0.0037026870919266708,0.029766270685704255,0.014948376119256812,341.0405004882812,300.5400883483887,65.05501884940432,16.389999389648438,15.75,42.52999877929688,0
2019-01-04,352.3560485839844,0.005368173548827793,0.026275161667628222,0.023686100649791264,341.8577117919922,300.8320048522949,64.74504141012545,16.790000915527344,15.920000076293944,46.220001220703125,0
2019-01-07,354.7680969238281,0.006845485836094012,0.033881580644168574,0.04445386620867198,342.7395666503906,301.1580740356445,61.26677433472853,16.15999984741211,16.06999969482422,44.61000061035156,0
2019-01-08,366.7802429199219,0.03385914939998913,0.0537769593677051,0.06678823969562075,343.90122192382813,301.56029281616213,68.008069802519,16.299999237060547,15.270000457763672,45.33000183105469,0
2019-01-09,368.8063659667969,0.005524079025481576,0.061363243548587576,0.07782316776571196,345.1863757324219,301.98969207763673,66.56154357331164,15.699999809265137,16.0,45.40999984741211,0
2019-01-10,366.1531066894531,-0.007194179716471072,0.043298962797039264,0.057103066030213645,345.7672039794922,302.4180717468262,68.87925646299524,15.270000457763672,15.329999923706056,45.40999984741211,0
2019-01-11,365.2364807128906,-0.0025033953278454923,0.03826092644473844,0.04514059147036398,346.4010974121094,302.8553155517578,81.25803947300037,15.350000381469728,16.389999389648438,46.540000915527344,0
2019-01-14,360.2193908691406,-0.013736551819679477,0.02780443965802859,0.051245842301398836,346.75518981933595,303.2960498046875,74.12185801133498,15.350000381469728,16.790000915527344,47.09000015258789,0
2019-01-15,359.6404724121094,-0.0016071274109770162,0.020673474621477173,0.04852317277603091,347.12278930664064,303.770870513916,71.01992065727626,16.15999984741211,16.15999984741211,47.959999084472656,0
2019-01-16,362.100830078125,0.006841159031724109,0.02066908839289261,0.04847045849573961,347.5251239013672,304.2286965942383,73.09052659748446,15.579999923706056,16.299999237060547,48.52000045776367,0
2019-01-17,361.4254150390625,-0.0018652678562398606,-0.014599553777024155,0.06602163315378173,348.00657348632814,304.67233963012694,68.15204612422832,16.079999923706055,15.699999809265137,49.77999877929688,0
2019-01-18,358.9169006347656,-0.0069406143008116095,-0.026814790211407535,0.07004181273495602,348.3712805175781,305.13009490966795,64.75718174047654,16.239999771118164,15.270000457763672,52.36000061035156,0
2019-01-21,358.6274108886719,-0.0008065648220570987,-0.020553412393040427,0.05536623259991025,348.6761663818359,305.66564712524416,60.78692914805135,16.6200008392334,15.350000381469728,52.59000015258789,1
2019-01-22,356.07061767578125,-0.0071293859176991825,-0.025095694217671993,0.06554061995521665,348.9115850830078,306.1490333557129,55.75673804484992,18.149999618530277,15.350000381469728,51.59000015258789,1
2019-01-23,354.4786376953125,-0.004470966997671022,-0.015936824389094606,0.07176188851367993,349.2019989013672,306.63118347167966,55.327274779585,17.989999771118164,16.15999984741211,50.5099983215332,1
2019-01-24,351.9700927734375,-0.007076716775331282,-0.021327910029776742,0.04243462840517309,349.2772552490234,307.0527639770508,49.4949188363684,18.09000015258789,15.579999923706056,52.11000061035156,1
2019-01-25,344.6374206542969,-0.020833224952043428,-0.04822802924826297,0.02188546095100108,349.0958679199219,307.4280755615234,38.25508627131309,17.43000030517578,16.079999923706055,52.310001373291016,1
2019-01-28,331.4674377441406,-0.03821402471372071,-0.08288840808741704,-0.023728427517429318,348.5854718017578,307.7365766906738,10.13075093236013,17.690000534057617,16.239999771118164,52.06999969482422,1
2019-01-29,334.6513977050781,0.009605649298786378,-0.0676075796006611,-0.03236151431132683,348.18603271484375,308.022816619873,12.420488672321994,18.899999618530277,16.6200008392334,53.79999923706055,1
2019-01-30,353.0314025878906,0.054922839136056556,-0.015603961467737348,0.010075844752219565,348.2535705566406,308.4213677978516,39.274457077573175,18.43000030517578,18.149999618530277,53.79999923706055,1
2019-01-31,351.6324157714844,-0.003962782931351105,-0.01246438679289752,-0.005593374426150599,348.37996337890627,308.8023579406738,38.967180072031184,17.850000381469727,17.989999771118164,52.56999969482422,1
2019-02-01,342.17706298828125,-0.026889878063312223,-0.0347032892786191,-0.02070967699674442,348.33944030761717,309.1288674926758,36.350384107636025,17.1200008392334,18.09000015258789,52.619998931884766,1
2019-02-04,342.0805358886719,-0.0002820969318234612,-0.02809771934552263,0.000988013196012938,348.3876806640625,309.4580160522461,36.61765266793869,15.720000267028809,17.43000030517578,53.130001068115234,1
2019-02-05,340.24737548828125,-0.005358856199252471,-0.012738155820923636,-0.00028352672091391806,348.3162823486328,309.75806747436525,33.184834523859834,15.720000267028809,17.690000534057617,53.68999862670898,1
2019-02-06,346.6635437011719,0.0188573628339761,0.045844943504710356,0.009695124536494237,348.4060119628906,310.0983644104004,39.56347201179931,15.779999732971191,18.899999618530277,51.9900016784668,1
2019-02-07,346.0363464355469,-0.0018092391802400076,0.034020323263380225,0.008435109907672267,348.3992572021484,310.43768661499024,40.64468280538493,15.630000114440918,18.43000030517578,53.310001373291016,1
2019-02-08,342.6112670898437,-0.009898033489788793,-0.02951617171068155,-0.01566164958924421,348.2622509765625,310.7956636047363,38.87403260430359,15.4399995803833,17.850000381469727,54.22999954223633,1
2019-02-11,337.7388610839844,-0.0142213828729153,-0.03951158671482957,-0.02804385674629184,348.163837890625,311.1424859619141,37.662365403234716,15.56999969482422,17.1200008392334,53.790000915527344,1
2019-02-12,332.1910705566406,-0.01642627238552863,-0.029183699060455814,-0.053470821275530045,347.9477160644531,311.43899642944336,35.75834869004788,15.84000015258789,15.720000267028809,55.2599983215332,1
2019-02-14,331.8533935546875,-0.0010165143854928838,-0.029896884683648706,-0.056637466324815255,347.6775634765625,311.75879287719727,36.778718675914305,15.75,15.720000267028809,54.560001373291016,1
2019-02-15,330.1166687011719,-0.005233409955259116,-0.02977453322768775,-0.05808685957319493,347.49906982421874,312.07014572143555,39.698820794952375,15.770000457763672,15.779999732971191,53.65999984741211,1
2019-02-18,326.83624267578125,-0.009937171722643745,-0.05719465281437841,-0.0724261893921212,347.32732971191405,312.321632232666,46.178343467839454,16.459999084472656,15.630000114440918,54.0099983215332,1
2019-02-19,331.177978515625,0.01328413215223101,-0.04293874927583485,-0.06649447515927043,347.15462463378907,312.61259719848636,47.187480076841005,18.0,15.4399995803833,52.63999938964844,1
2019-02-20,333.0594482421875,0.005681143821806733,-0.02787946505317762,-0.0919373257656535,347.13243408203124,312.9480291748047,27.931884473369195,18.46999931335449,15.56999969482422,52.720001220703125,1
2019-02-21,338.94488525390625,0.01767083036611261,0.003570877707264941,-0.08096791017858684,347.296455078125,313.28887466430666,37.24541918667899,17.059999465942383,15.84000015258789,52.40999984741211,1
2019-02-22,339.66851806640625,0.002134957168502316,0.02250947774494949,-0.0723320057625767,347.33697814941405,313.6287757873535,46.94120413852848,16.049999237060547,15.75,53.09999847412109,1
2019-02-25,343.0936889648437,0.010083863285109684,0.03387126854348055,-0.060625903811216464,347.4537237548828,313.95242416381836,51.14263470588998,15.449999809265137,15.770000457763672,54.40999984741211,1
2019-02-26,335.9539489746094,-0.020809884354841435,0.01768247661169009,-0.06736295299368356,347.38232666015625,314.14672134399416,45.675493737032184,15.359999656677246,16.459999084472656,55.59000015258789,1
2019-02-27,333.3970947265625,-0.0076107283627736555,0.02007382044619077,-0.07297114673866512,347.1334002685547,314.3402410888672,35.51107446324163,17.110000610351562,18.0,55.59000015258789,1
2019-02-28,337.8353271484375,0.013312150861767513,0.020102026900011394,-0.0670131104765822,346.89991088867185,314.55571182250975,41.73157264146239,18.899999618530277,18.46999931335449,56.09000015258789,1
2019-03-01,341.7911071777344,0.011709195905254655,0.02621651774669842,-0.05432464637055501,346.6635272216797,314.7712701416016,49.1818539934354,18.280000686645508,17.059999465942383,56.91999816894531,1
2019-03-05,350.4746398925781,0.02540596443993559,0.03401660606276691,-0.02352149126234193,346.6847540283203,315.03432876586913,61.806773661303374,16.270000457763672,16.049999237060547,56.959999084472656,1
2019-03-06,358.8686218261719,0.02395032615246162,0.05652600326066115,0.0006725948161694362,347.0272686767578,315.3482421875,73.49186812714319,15.65999984741211,15.449999809265137,57.2599983215332,1
2019-03-07,357.7590637207031,-0.003091822572345748,0.042744519143172566,0.004741885348313879,347.3755725097656,315.70943725585937,72.50620800022062,15.609999656677246,15.359999656677246,55.47999954223633,1
2019-03-08,357.56610107421875,-0.000539364801767861,0.06433069819709947,0.008709871486134668,347.6601971435547,316.0756709289551,74.50469599577619,15.289999961853027,17.110000610351562,55.5,1
2019-03-11,362.6314697265625,0.014166244051452503,0.08768635198809016,0.030290576307537842,348.0499884033203,316.51477828979495,80.96823489156063,14.9399995803833,18.899999618530277,56.93999862670898,1
2019-03-12,374.547119140625,0.03285883992100125,0.10866771187625712,0.08678598635500556,348.5796807861328,316.99809509277344,83.17338621952445,14.899999618530272,18.280000686645508,57.220001220703125,1
2019-03-13,378.1169738769531,0.009531123198915248,0.1062809006330554,0.14073640672005072,349.19234741210937,317.494458770752,83.59706055159947,15.100000381469728,16.270000457763672,55.79999923706055,1
2019-03-14,374.2576904296875,-0.010206586093438719,0.06785954768196345,0.11835089587617276,349.65836059570313,317.9631211853027,77.15133113393938,15.279999732971191,15.65999984741211,56.560001373291016,1
2019-03-15,381.39739990234375,0.019076988009141704,0.06277723017835846,0.08034978505174517,350.2507653808594,318.44034698486325,79.20322305619679,15.149999618530272,15.609999656677246,56.220001220703125,1
2019-03-18,384.0506896972656,0.006956759001506718,0.07348975509698885,0.0921936444757383,350.92228637695314,318.94068466186525,78.97608598870653,15.869999885559082,15.289999961853027,56.65999984741211,0
2019-03-19,384.3883666992188,0.0008792511275512727,0.07501344658908993,0.12336099720507332,351.5629327392578,319.4254211425781,87.91537681997985,16.899999618530273,14.9399995803833,56.06999969482422,0
2019-03-20,379.081787109375,-0.013805255438430475,0.04536373358665391,0.10816532172629945,352.04920654296876,319.92852951049804,84.28676916537026,16.489999771118164,14.899999618530272,56.790000915527344,0
2019-03-22,378.0205383300781,-0.002799524575921364,0.009273650795720068,0.11101676475120326,352.27401245117187,320.4503454589844,81.76973984206673,16.030000686645508,15.100000381469728,56.869998931884766,0
2019-03-25,370.0124206542969,-0.021184345462173737,-0.021433984144000995,0.06735313642686358,352.2981335449219,320.92779846191405,70.9677931345349,16.270000457763672,15.279999732971191,58.2599983215332,0
2019-03-26,380.2396545410156,0.02764024480214422,0.015983543596552963,0.09884310841271549,352.5798645019531,321.4395779418945,71.61882039183139,16.670000076293945,15.149999618530272,58.61000061035156,0
2019-03-27,379.3713073730469,-0.002283683875678122,-0.005312287209654931,0.10729372853217778,352.86256103515626,321.9592625427246,66.71917601631719,16.489999771118164,15.869999885559082,58.52000045776367,0
2019-03-28,386.4627685546875,0.018692666113168555,0.006280626287439306,0.14426503161147064,353.3874285888672,322.52713150024414,71.326208596936,17.049999237060547,16.899999618530273,59.09000015258789,0
2019-04-01,384.24365234375,-0.0057421216000617115,-0.0003764795399805454,0.15669470494762772,353.8794921875,323.0848657226563,69.24150390874343,16.649999618530273,16.489999771118164,59.02999877929688,0
2019-04-02,383.1823425292969,-0.002762075073926451,0.01081707314716951,0.15467356962902556,354.3011224365234,323.60367446899414,65.73118934165088,18.010000228881836,16.030000686645508,59.83000183105469,1
2019-04-03,378.3099670410156,-0.012715553269286528,0.0007656428198743459,0.14598868493814,354.6388134765625,324.11084854125977,53.228493251116085,18.07999992370605,16.270000457763672,59.040000915527344,1
2019-04-04,375.0777587890625,-0.008543809398504965,0.01368964351469204,0.14760148910760917,354.96203063964845,324.6107464599609,47.37718138056615,18.780000686645508,16.670000076293945,58.81999969482422,1
2019-04-05,376.8144226074219,0.004630143424036115,-0.009008087117395314,0.13780035827365178,355.3257708740234,325.1145249938965,52.29034908967241,18.649999618530277,16.489999771118164,59.93999862670898,1
2019-04-08,373.48583984375,-0.008833480259697213,-0.015513739217788314,0.12137890642323423,355.6740753173828,325.5855715942383,42.393346767804694,18.38999938964844,17.049999237060547,59.40999984741211,1
2019-04-09,383.1823425292969,0.025962169515190814,-0.008488336503045146,0.13051519347239005,356.2481494140625,326.1339169311523,49.26470360221328,20.149999618530277,16.649999618530273,59.29999923706055,1
2019-04-10,380.3361206054688,-0.007427852507609911,-0.010169411295272268,0.11972732348163007,356.81546997070313,326.6788369750977,46.70848648482499,20.280000686645508,18.010000228881836,61.59000015258789,1
2019-04-11,376.33203125,-0.010527765149138557,-0.017877418969985848,0.09687832610806835,357.44936218261716,327.1533084106445,47.71817668885416,21.1299991607666,18.07999992370605,62.58000183105469,1
2019-04-12,380.7220458984375,0.011665269719018934,0.006375932614961721,0.13325664740798038,358.4344543457031,327.65069061279297,52.12441977611313,20.959999084472656,18.780000686645508,62.459999084472656,1
2019-04-15,378.9371032714844,-0.0046883090858081955,0.010289451698980434,0.13659389738315442,359.32016845703123,328.13722702026365,57.77966121533863,21.0,18.649999618530277,62.09999847412109,1
2019-04-16,392.6859130859375,0.036282564298284026,0.04212017780182231,0.1623589409683015,360.1132586669922,328.6696943664551,60.22185161736937,21.38999938964844,18.38999938964844,63.08000183105469,1
2019-04-18,390.1773681640625,-0.006388171406917831,0.04469119452372139,0.14156676393914158,360.88415771484375,329.1766519165039,58.64196657071884,21.690000534057617,20.149999618530277,64.4000015258789,1
2019-04-22,380.6255493164063,-0.02448070961317217,-0.00667252357197301,0.08602879065107127,361.65312744140624,329.68843978881836,45.50853236550539,22.739999771118164,20.280000686645508,63.97999954223633,1
2019-04-23,382.5552062988281,0.0050696990411900344,0.005834538381015886,0.06600349830565433,362.4626208496094,330.2175602722168,48.69500650763108,24.049999237060547,21.1299991607666,64.61000061035156,1
2019-04-24,386.9934692382813,0.011601627337379128,0.028329871238621296,0.08171534555558035,363.39754272460937,330.81233673095704,52.799470964704874,24.649999618530277,20.959999084472656,63.58000183105469,1
2019-04-25,381.493896484375,-0.014211022125854234,0.0020273335738045795,0.0669185231437519,364.0941497802734,331.4163557434082,52.31740889824955,23.709999084472656,21.0,63.88999938964844,1
2019-04-26,392.87890625,0.02984322913300219,0.036791865610814156,0.08341095312617286,365.0310009765625,332.0580891418457,61.581945358906324,23.229999542236328,21.38999938964844,63.400001525878906,1
2019-04-30,393.1683654785156,0.0007367644938702789,0.0012285961286127023,0.04971669887787655,366.0421429443359,332.69166412353513,60.84457550644418,21.71999931335449,21.690000534057617,64.05000305175781,1
2019-05-02,381.63861083984375,-0.02932523481292626,-0.021884296786348623,0.009313617759028725,366.9201379394531,333.28920242309573,54.87590399971966,21.82999992370605,22.739999771118164,64.0,1
2019-05-03,387.6687927246094,0.015800764685458546,0.018504389473729566,0.035833872323437044,368.0296923828125,333.91521072387695,52.80626444535561,22.979999542236328,24.049999237060547,65.69999694824219,1
2019-05-06,387.1864013671875,-0.0012443388956627777,0.012105952270694775,0.015178397824227474,369.1363525390625,334.54697158813474,54.41540487887777,24.030000686645508,24.649999618530277,66.30000305175781,1
2019-05-07,372.9069213867188,-0.036880117509413224,-0.036399962715879974,-0.029016399682372906,369.9921575927734,335.1145393371582,48.05054540401587,26.43000030517578,23.709999084472656,65.88999938964844,1
2019-05-08,368.7581481933594,-0.011125492597272024,-0.03338388479705923,-0.04066256905763743,370.830595703125,335.65583984375,43.17181031074356,26.479999542236328,23.229999542236328,65.20999908447266,1
2019-05-09,367.98626708984375,-0.002093190638084219,-0.0633595715223162,-0.029269462149944747,371.5667614746094,336.18271530151367,43.676878828855976,26.3700008392334,21.71999931335449,63.29999923706055,1
2019-05-10,371.55615234375,0.009701137170520235,-0.054969359267910356,-0.017100621079703338,372.3366955566406,336.74977279663085,36.17427782277325,25.489999771118164,21.82999992370605,63.90999984741211,1
2019-05-13,363.0656433105469,-0.02285121368505294,-0.0486663744227156,-0.01877444365642089,372.8191107177734,337.25732803344727,33.54803918409554,26.34000015258789,22.979999542236328,61.810001373291016,1
2019-05-14,367.02142333984375,0.01089549535237433,-0.05326033400741914,-0.03476289504083285,373.36616882324216,337.80651443481446,41.14321613032173,27.3799991607666,24.030000686645508,61.93999862670898,1
2019-05-15,363.7892761230469,-0.008806426576914217,-0.06042858210289259,-0.04107329929060166,373.78008056640624,338.38036308288576,37.98643525801379,27.1299991607666,26.43000030517578,62.25,1
2019-05-16,369.0475769042969,0.014454249001752961,-0.010349350631708054,-0.04506305152116152,374.441953125,338.9459238433838,38.630777065394014,28.65999984741211,26.479999542236328,61.400001525878906,1
2019-05-17,375.994384765625,0.018823610547996195,0.019623258788227016,-0.021468845426091954,375.29389892578126,339.56422859191895,46.57864439833899,28.3700008392334,26.3700008392334,62.119998931884766,1
2019-05-20,393.3613586425781,0.04618945011048181,0.06895662643448341,0.0265644185118028,376.40441955566405,340.27657218933103,50.279351129296685,28.07999992370605,25.489999771118164,61.70000076293945,1
2019-05-21,386.0768432617188,-0.018518634890821284,0.0390807441254124,0.020530456232629835,377.2901342773437,340.9304010009766,46.20154197371723,23.68000030517578,26.34000015258789,61.65999984741211,1
2019-05-22,391.0939331054688,0.012995055081169271,0.07719895922773401,0.04270094384725587,378.1025201416016,341.5624890136719,55.444436634568106,25.649999618530277,27.3799991607666,61.040000915527344,1
2019-05-23,396.4005432128906,0.013568633154917187,0.08004742504048123,0.05197816068169514,378.85315856933596,342.22687301635744,55.07004667415627,27.6299991607666,27.1299991607666,61.77999877929688,1
2019-05-24,416.56549072265625,0.05087013086895764,0.14507358535153325,0.11534480369303668,380.029287109375,342.9906413269043,63.88508438122361,19.40999984741211,28.65999984741211,62.02000045776367,0
2019-05-27,420.1836242675781,0.008685629572063647,0.13856220867842772,0.09656311795069805,381.28163757324216,343.7196705627441,74.84785697352544,16.469999313354492,28.3700008392334,62.869998931884766,0
2019-05-28,419.0257873535156,-0.0027555498291508274,0.11444692881441343,0.10172493395172544,382.40952392578123,344.406650390625,77.2774393980042,16.190000534057617,28.07999992370605,62.7599983215332,0
2019-05-29,408.4126586914063,-0.025328103860002837,0.038263290783740356,0.08524554057981559,383.0868347167969,344.9726063537598,69.82022689785772,15.920000076293944,23.68000030517578,63.09999847412109,1
2019-05-30,411.210693359375,0.006850998881704262,0.06510064132651983,0.08008111899322667,383.7487091064453,345.56744079589845,69.59007090658885,16.40999984741211,25.649999618530277,62.9900016784668,1
2019-05-31,408.7986145019531,-0.00586579798719844,0.04526963958735153,0.07880334486294638,384.4395275878906,346.17398818969724,74.03648929297108,15.609999656677246,27.6299991607666,61.41999816894531,0
2019-06-03,408.0267333984375,-0.0018881695684218602,0.02932940023571784,0.03906638817762409,384.9721142578125,346.7802783203125,72.29797993208032,16.06999969482422,19.40999984741211,57.90999984741211,1
2019-06-04,404.3603515625,-0.008985641223555052,-0.029299448542851714,0.03635009243404874,385.3783074951172,347.3372590637207,71.95815138558876,15.970000267028809,16.469999313354492,58.630001068115234,1
2019-06-06,397.0758972167969,-0.018014759156171123,-0.05499435417327436,0.04321924245478259,385.63205810546873,347.80931045532225,64.84411315009427,15.630000114440918,16.190000534057617,58.630001068115234,1
2019-06-07,401.94830322265625,0.012270717109780005,-0.040755210410121534,0.05069359037471699,386.0893884277344,348.31508895874026,64.05429505925409,15.529999732971191,15.920000076293944,59.13999938964844,0
2019-06-10,401.46588134765625,-0.0012002087610076817,-0.01700921162925806,0.03739704480765771,386.55829528808596,348.7918003845215,55.37079604245853,14.859999656677246,16.40999984741211,58.810001373291016,0
2019-06-11,406.53131103515625,0.01261733542710064,-0.011379524899974403,0.06562992168816173,387.28867309570313,349.2251606750488,63.96574802427709,14.979999542236328,15.609999656677246,56.59000015258789,0
2019-06-12,403.299072265625,-0.007950774471223276,-0.013452937562003053,0.02652258965767529,387.74986145019534,349.66349151611325,58.54151520924401,14.489999771118164,16.06999969482422,53.5,0
2019-06-13,404.8427734375,0.0038276834191630638,-0.007803312136973051,0.029693151799676798,388.25929077148436,350.1273110961914,56.23658885969631,14.119999885559082,15.970000267028809,53.25,0
2019-06-14,403.057861328125,-0.004408901989825353,-0.00322111262724456,0.056124432591203144,388.5911926269531,350.5459455871582,36.30142328180531,13.65999984741211,15.630000114440918,53.47999954223633,0
2019-06-17,399.6327209472656,-0.008497887547889826,0.006439131028576961,0.030861210515738202,388.89897399902344,350.9385693359375,29.076681013001135,13.899999618530272,15.529999732971191,52.59000015258789,1
2019-06-18,407.3031311035156,0.01919364895364062,0.013322180583738241,0.051956188712450224,389.38138977050784,351.34216995239257,39.46232995837907,14.649999618530272,14.859999656677246,53.9900016784668,1
2019-06-19,405.0357360839844,-0.005566848979010164,0.008892050114805983,0.08615773227750512,389.9159051513672,351.74187744140625,46.42856912318792,14.600000381469728,14.979999542236328,53.2599983215332,1
2019-06-20,418.1574401855469,0.03239641081655509,0.02859836090063239,0.13396122156000434,390.7774987792969,352.20527252197263,56.03010402897022,14.729999542236328,14.489999771118164,53.27000045776367,0
2019-06-21,415.6488952636719,-0.005999044093922823,0.03062199704221702,0.1295228448353789,391.5541882324219,352.6640492248535,55.936424953560106,14.0,14.119999885559082,51.13999938964844,0
2019-06-24,414.3464050292969,-0.00313363093037633,0.023474870283843874,0.11516496878231997,392.3713995361328,353.1430876159668,55.426694821758666,14.609999656677246,13.65999984741211,52.27999877929688,0
2019-06-25,418.3986511230469,0.009779850976294746,0.03806101125126826,0.1524049681703732,393.07572570800784,353.5953518676758,61.97531352716038,15.220000267028809,13.899999618530272,52.5099983215332,0
2019-06-26,423.2228393554688,0.011530123769455392,0.05902949676464564,0.15312843458618852,393.9334600830078,354.0765609741211,73.28177979803581,15.010000228881836,14.649999618530272,51.93000030517578,0
2019-06-27,425.4419250488281,0.005243303260142662,0.044533892720560964,0.1694735193484045,394.91565795898435,354.5604234313965,71.95669348605458,14.75,14.600000381469728,53.900001525878906,0
2019-06-28,421.7273254394531,-0.008731155513055477,0.04121016460633431,0.14274514136375815,395.7357635498047,355.00786346435547,67.85712940903079,14.649999618530272,14.729999542236328,53.7599983215332,0
2019-07-01,423.56048583984375,0.004346790662616895,0.012921079801663682,0.12650747724296196,396.6282312011719,355.4729113769531,65.91517111007929,14.949999809265137,14.0,56.650001525878906,0
2019-07-02,421.3896179199219,-0.005125284327732849,0.013811470983480678,0.07125320945113778,397.2023052978516,355.9678691101074,67.24931516734824,14.600000381469728,14.609999656677246,57.43000030517578,0
2019-07-03,420.6177978515625,-0.001831606749518988,0.015135627451195566,0.08946652769440666,397.81111389160156,356.48622436523436,65.26618271599105,14.25,15.220000267028809,57.900001525878906,0
2019-07-04,420.8589477539063,0.0005733231060967015,0.005880269031115715,0.07610707333680522,398.61578186035155,357.00023773193357,67.75747310073407,13.699999809265137,15.010000228881836,57.83000183105469,0
2019-07-05,421.0037231445313,0.0003439997923238014,-0.005243375367730674,0.06206646371427227,399.38475219726564,357.51979904174806,72.81158200390509,13.529999732971191,14.75,59.380001068115234,0
2019-07-08,410.9212036132813,-0.0239487657162325,-0.03413091324716122,-0.013549579202019935,399.8633068847656,357.95783203125,53.67283095813876,13.06999969482422,14.649999618530272,59.43000030517578,0
2019-07-09,413.4297790527344,0.006104760273733412,-0.019675145256647597,-0.016073556475734607,400.5020245361328,358.419020690918,58.479563172523676,13.850000381469728,14.949999809265137,58.470001220703125,0
2019-07-10,415.745361328125,0.0056009082865200455,-0.01845102357983841,-0.007828697241067495,400.9593536376953,358.92242080688476,46.882781805374904,13.6899995803833,14.600000381469728,59.09000015258789,0
2019-07-11,411.5483703613281,-0.010095099927006523,-0.02335427153419789,0.007677802348166507,401.32695373535154,359.42244415283204,44.92233438237846,13.640000343322754,14.25,56.25,0
2019-07-12,412.0307312011719,0.0011720635399923296,-0.020415366858587025,0.001994203592074806,401.93479614257814,359.8985876464844,47.07305933959454,12.470000267028809,13.699999809265137,57.34000015258789,0
2019-07-15,407.4478759765625,-0.011122605372781869,-0.03186595378075652,-0.003304166103978212,402.3303778076172,360.36460083007813,36.34176067526326,12.0,13.529999732971191,57.34000015258789,0
2019-07-16,409.66693115234375,0.0054462308104139545,-0.026928008872490694,0.004019829142676734,402.7799884033203,360.87475479125976,31.91745043378569,12.020000457763672,13.06999969482422,57.5099983215332,0
2019-07-17,409.7634582519531,0.00023562336197802125,-0.002817438845082676,0.013362108002366702,403.517119140625,361.37526062011716,27.830748836631273,11.5600004196167,13.850000381469728,57.65999984741211,0
2019-07-18,403.9261779785156,-0.014245487624346187,-0.022987219488624477,0.017251817120439883,404.2204797363281,361.8651528930664,26.2547017732402,11.800000190734863,13.6899995803833,57.83000183105469,0
2019-07-19,395.8698425292969,-0.01994506889733516,-0.047806952638832834,-0.015122493725249653,404.7781512451172,362.3550451660156,18.32219530911246,11.75,13.640000343322754,60.43000030517578,0
2019-07-22,397.9976501464844,0.005375018222131933,-0.03292619091881377,-0.008638918927629913,405.3069812011719,362.84423980712893,23.213444508900807,12.520000457763672,12.470000267028809,60.20000076293945,0
2019-07-23,398.4329528808594,0.0010937319208161878,-0.03300185469339045,-0.019920625876702847,406.01432739257814,363.32596267700194,24.398429856671243,13.010000228881836,12.0,60.209999084472656,0
2019-07-24,395.0960998535156,-0.008374942391729201,-0.030314984692072278,-0.020339675878814467,406.57582092285156,363.82211730957033,22.251957851224915,13.43000030517578,12.020000457763672,59.58000183105469,0
2019-07-25,395.5797119140625,0.001224036533709505,-0.03438700604575429,-0.02288063942647489,407.21162963867187,364.3259965515137,22.81532298800606,12.760000228881836,11.5600004196167,57.619998931884766,0
2019-07-26,402.1082458496094,0.01650371275098439,-0.018682028004646467,-0.002356027681451267,407.87284301757813,364.8217539978027,39.80162858650295,12.640000343322754,11.800000190734863,56.77999877929688,0
2019-07-29,415.261962890625,0.032711880884768396,0.02806400161742495,0.039109014663045505,408.65819458007815,365.4329689025879,51.7011031655587,12.130000114440918,11.75,55.29999923706055,0
2019-07-30,411.3932495117188,-0.00931632011748973,0.039213411365815576,0.010041951794285797,409.0188323974609,365.96309143066406,46.07252269570194,13.0600004196167,12.520000457763672,55.630001068115234,0
2019-07-31,410.6678771972656,-0.0017632090835572045,0.03183492929196419,0.013905294302509308,409.5106530761719,366.5339691162109,49.15230134964249,13.609999656677246,13.010000228881836,56.220001220703125,0
2019-08-01,403.3655395507813,-0.017781613931728613,0.012379966652499519,-0.035373998435139775,409.75608520507814,367.0512092590332,42.625908902741024,13.59000015258789,13.43000030517578,56.77000045776367,0
2019-08-02,397.1272277832031,-0.015465653745547092,0.005140845304321129,-0.04456084857080955,409.7706188964844,367.55944900512696,41.457797320241866,14.5600004196167,12.760000228881836,55.880001068115234,0
2019-08-05,389.4380798339844,-0.019361925879875286,-0.015525649812426101,-0.06011473707259829,409.22807067871094,367.9636344909668,34.64716403142373,15.1899995803833,12.640000343322754,56.02000045776367,1
2019-08-06,396.7887268066406,0.018875008257512427,-0.013229072265676156,-0.05164912520248777,408.7601727294922,368.4438900756836,41.12947713580148,16.59000015258789,12.130000114440918,56.20000076293945,1
2019-08-07,394.9993591308594,-0.004509623270252949,-0.04879475023119939,-0.06668704427103067,408.2796441650391,368.8780529785156,43.5393486738298,16.1200008392334,13.0600004196167,56.869998931884766,1
2019-08-08,400.802490234375,0.014691494984408582,-0.02574363893893239,-0.05791491943730098,408.12744079589845,369.37041763305666,53.69028652786169,16.739999771118164,13.609999656677246,58.04999923706055,1
2019-08-09,406.3638610839844,0.013875589561225699,-0.010480527823737762,-0.036429852724054634,408.03050415039064,369.8553727722168,55.9532071800529,16.09000015258789,13.59000015258789,58.58000183105469,1
2019-08-13,396.7887268066406,-0.023562957227057257,-0.016304845355567865,-0.06320646030075161,407.79030639648437,370.3206735229492,48.96467464826839,15.850000381469728,14.5600004196167,53.95000076293945,1
2019-08-14,403.6073303222656,0.017184468849458456,0.016317447119491124,-0.042199159261288366,407.70191833496096,370.81693145751956,55.13417528388401,17.780000686645508,15.1899995803833,55.65999984741211,1
2019-08-16,405.2032470703125,0.003954132217501183,0.0404818328065113,-0.03664740498377539,407.71877624511717,371.2649676513672,55.728273924786066,16.360000610351562,16.59000015258789,54.68999862670898,1
2019-08-19,409.5072326660156,0.0106217944372895,0.03205359678873343,-0.026972730765198127,407.96740295410154,371.7550263977051,54.523948846630944,16.649999618530273,16.1200008392334,53.630001068115234,1
2019-08-20,403.2204895019531,-0.01535197100948349,0.020813022049410934,-0.042240086405300414,407.9928466796875,372.21775207519534,41.962575740107084,16.75,16.739999771118164,51.09000015258789,0
2019-08-21,398.5296325683594,-0.011633478594770263,-0.0056707673265367076,-0.030155589285637552,407.9341217041016,372.6669128417969,41.5070252434868,16.6299991607666,16.09000015258789,52.540000915527344,1
2019-08-22,386.0045776367188,-0.031428164703642625,-0.05010111724245547,-0.06633581518693021,407.5235870361328,373.0741923522949,35.9116143452887,17.020000457763672,15.850000381469728,54.5,1
2019-08-23,382.4259643554688,-0.009270908918126763,-0.036197506332308005,-0.0801437612345578,407.1061248779297,373.3007637023926,37.50724641903092,17.850000381469727,17.780000686645508,57.09999847412109,1
2019-08-26,398.1427307128906,0.041097539974594754,-0.013539396336066822,-0.03257366718927279,406.9721240234375,373.6237683105469,50.544299316861505,17.350000381469727,16.360000610351562,55.22999954223633,1
2019-08-27,404.8647155761719,0.016883354497632785,-0.0008354609608591801,-0.01739194453799431,407.0082611083984,373.93551803588866,58.35514541424003,16.65999984741211,16.649999618530273,54.869998931884766,1
2019-08-28,399.400146484375,-0.013497271759086549,-0.02468109321498535,-0.019751555884047423,407.0036096191406,374.22621627807615,51.44385661964331,16.010000228881836,16.75,56.209999084472656,1
2019-08-29,391.1306457519531,-0.02070480145090625,-0.029983207859632932,-0.045247209356757856,406.6801599121094,374.47194900512693,48.004011815015645,16.84000015258789,16.6299991607666,56.34000015258789,1
2019-08-30,396.2083740234375,0.012982179552109452,-0.005824556959446947,-0.03308026607921921,406.50361267089846,374.76622619628904,47.6118787378841,16.43000030517578,17.020000457763672,55.68000030517578,1
2019-09-03,379.2826232910156,-0.0427193160016871,-0.01741418297901487,-0.061010045971347626,405.72611633300784,374.9592315673828,37.41007275899072,16.280000686645508,17.850000381469727,55.34999847412109,1
2019-09-04,384.45703125,0.013642618040569099,0.00531100679305152,-0.0288297062650138,405.1022790527344,375.1646011352539,44.02247314007103,18.059999465942383,17.350000381469727,54.16999816894531,1
2019-09-05,376.2359924316406,-0.02138350491764973,-0.055022323883761715,-0.0546778547733493,404.34007080078123,375.3242826843262,36.91029454259936,17.239999771118164,16.65999984741211,53.63999938964844,1
2019-09-06,378.50885009765625,0.006041042621483417,-0.06509795609382263,-0.05000616198821506,403.54227478027343,375.51703720092775,37.316148962406736,17.270000457763672,16.010000228881836,54.93000030517578,1
2019-09-09,382.4743347167969,0.010476596830212959,-0.04237808102116025,-0.0319460636067993,402.7273046875,375.6883724975586,37.11385827504741,16.270000457763672,16.84000015258789,55.77999877929688,1
2019-09-11,381.6522216796875,-0.0021494593557973563,-0.024233396629004256,-0.03520779710108257,401.8515106201172,375.82809967041015,39.15368713772035,15.850000381469728,16.43000030517578,56.709999084472656,1
2019-09-12,389.4864196777344,0.020527059854565488,-0.01696570488261684,-0.03138912544607608,401.2066925048828,375.99059555053714,45.59169013179348,15.369999885559082,16.280000686645508,55.09999847412109,1
2019-09-13,399.8353271484375,0.026570650343254343,0.054188361383622485,-0.037149166359478736,400.7321893310547,376.2166554260254,56.88824053685005,14.899999618530272,18.059999465942383,53.93999862670898,1
2019-09-16,398.6263427734375,-0.0030237057431174996,0.036855384013574355,-0.031033340370641205,400.276923828125,376.46151458740235,58.263450869535404,14.119999885559082,17.239999771118164,56.2599983215332,1
2019-09-17,387.5036926269531,-0.02790244635891015,0.029948490899258662,-0.05640612732703587,399.6146417236328,376.6724691772461,44.30642295330424,14.949999809265137,17.270000457763672,56.29999923706055,1
2019-09-18,386.2463684082031,-0.003244676741598007,0.020442106726303866,-0.04244083706715107,398.9223901367188,376.88268493652345,39.417246554498355,16.020000457763672,16.270000457763672,56.52000045776367,1
2019-09-19,373.9147033691406,-0.03192694106065952,-0.022379622815722366,-0.05845110279553667,397.9806097412109,377.0539158630371,36.562932927859435,15.350000381469728,15.850000381469728,57.84999847412109,1
2019-09-20,403.80078125,0.07992752788690116,0.05803335684208677,0.036880577837016704,397.8382012939453,377.3538333129883,55.44019915053356,15.550000190734863,15.369999885559082,55.75,1
2019-09-23,431.6557922363281,0.06898206313544164,0.10826917301374772,0.08787312510185963,398.20272155761717,377.80122695922853,62.73012882238355,15.399999618530272,14.899999618530272,55.09000015258789,1
2019-09-24,426.4330139160156,-0.012099405160890475,0.06652160267395235,0.07957900198704526,398.416474609375,378.20152160644534,68.48694207993414,16.790000915527344,14.119999885559082,54.84999847412109,1
2019-09-25,419.952880859375,-0.01519613361341876,0.05350007211655505,0.047780118865532906,398.5845648193359,378.5539781188965,63.776318993641084,16.729999542236328,14.949999809265137,62.900001525878906,1
2019-09-26,437.1204528808594,0.04087975771556396,0.12804203210954146,0.07568732050835214,399.0863592529297,379.02628280639647,72.09549119796148,16.170000076293945,16.020000457763672,59.34000015258789,1
2019-09-27,434.460693359375,-0.006084729057986515,0.12482790491952733,0.09494212916762712,399.6266156005859,379.48360046386716,70.24854030447193,16.34000015258789,15.350000381469728,58.11000061035156,1
2019-09-30,419.4692687988281,-0.03450582478389208,0.1218314364725972,0.03930042217988783,399.8226623535156,379.85414169311525,62.3987135816874,16.110000610351562,15.550000190734863,58.130001068115234,1
2019-10-01,410.6678771972656,-0.02098220836717246,0.017006148244706143,0.013486145943951033,399.8407507324219,380.21227432250976,59.23078431642867,15.869999885559082,15.399999618530272,58.09000015258789,1
2019-10-03,413.27923583984375,0.006358809119427988,-0.042572245587807034,0.009211078273932527,400.02781188964843,380.6015542602539,57.82941532677169,16.760000228881836,16.790000915527344,58.63999938964844,1
2019-10-04,400.3189086914063,-0.03135973459227914,-0.061238469753545854,-0.007196015297066816,400.1167932128906,380.9040826416016,50.15644171415733,17.700000762939453,16.729999542236328,57.290000915527344,1
2019-10-07,402.44677734375,0.005315433785777035,-0.04168587551965641,0.009828992514675061,400.2057757568359,381.24547164916993,51.2286303815636,17.579999923706055,16.170000076293945,56.4900016784668,1
2019-10-09,422.3708190917969,0.049507271196332026,-0.03374272169571213,0.09421194348970507,400.68453308105467,381.7036065673828,60.61231427711583,17.829999923706055,16.34000015258789,56.40999984741211,1
2019-10-10,409.7973937988281,-0.029768688376731967,-0.05676762003449187,0.07157314616305,400.97855895996094,382.0643817138672,56.706146484095974,17.15999984741211,16.110000610351562,55.90999984741211,1
2019-10-11,414.48822021484375,0.011446696555416302,-0.011874644829757974,0.041054346195611435,401.3567291259766,382.4505407714844,62.07890285568093,17.229999542236328,15.869999885559082,54.06999969482422,1
2019-10-14,414.7784118652344,0.0007001203803578271,0.010009389329456164,0.024486441785755764,401.6101324462891,382.82681381225586,53.9671651094603,17.139999389648438,16.760000228881836,53.619998931884766,1
2019-10-15,417.6799621582031,0.006995422640056592,0.010648312174252883,0.04576817468579275,401.65849243164064,383.18599655151365,43.8379613657562,17.43000030517578,17.700000762939453,52.45000076293945,1
2019-10-16,421.0167236328125,0.007988799504213606,0.051703315761588264,0.07640945092247398,401.8509619140625,383.54353118896483,47.57153252291829,16.850000381469727,17.579999923706055,52.810001373291016,1
2019-10-17,426.142822265625,0.012175522598202537,0.0588799470038619,0.07555228562740268,402.1604608154297,383.90619384765625,52.80945690186292,16.360000610351562,17.829999923706055,52.75,1
2019-10-18,423.4347229003906,-0.006354910193809071,0.00251888568173686,0.11640949755691299,402.56184448242186,384.27630096435547,42.84990433673469,15.880000114440918,17.15999984741211,52.59000015258789,1
2019-10-22,436.3466796875,0.030493382070007513,0.06478637075399529,0.1349686550634519,403.34623352050784,384.7493199157715,50.88999131322395,15.93000030517578,17.229999542236328,53.54999923706055,1
2019-10-23,440.1670837402344,0.008755432848647882,0.06195318050795362,0.16992284787907308,404.36081359863283,385.2484359741211,60.918377071707596,16.809999465942383,17.139999389648438,54.70000076293945,1
2019-10-24,439.8285217285156,-0.000769167037302898,0.060393957705350054,0.16200327050487395,405.2216094970703,385.73090423583983,66.89072475183681,16.540000915527344,17.43000030517578,53.59000015258789,1
2019-10-25,453.7077026367188,0.0315558910405771,0.08625680842422012,0.18624352395479482,406.3957763671875,386.283733215332,70.71357674605656,16.239999771118164,16.850000381469727,52.810001373291016,1
2019-10-27,454.1428833007813,0.0009591652544875817,0.07868133926399468,0.1899390531569698,407.46258422851565,386.81413513183594,81.63728545280122,15.31999969482422,16.360000610351562,53.36000061035156,1
2019-10-29,461.7353210449219,0.01671816959666428,0.08352246458139612,0.1854978703159076,408.57001342773435,387.3853935241699,82.74571077501858,15.31999969482422,15.880000114440918,53.93000030517578,1
2019-10-30,455.6904296875,-0.01309168062720889,0.0761763385066021,0.13969526639232277,409.74804748535155,387.90906051635744,71.73502868429676,16.420000076293945,15.93000030517578,53.77999877929688,1
2019-10-31,447.856201171875,-0.017191997034033624,0.026377011720629673,0.12349875840096614,410.6330249023438,388.38945571899416,76.46266973750605,16.65999984741211,16.809999465942383,54.15999984741211,1
2019-11-01,447.08245849609375,-0.0017276587300938395,0.01571079485793736,0.15375018871496704,411.4706091308594,388.8724948120117,73.96871818901582,16.280000686645508,16.540000915527344,55.970001220703125,1
2019-11-04,455.061767578125,0.017847510968943547,0.03463451117208827,0.17816452088216028,412.38169982910154,389.3860234069824,76.6134225497901,15.729999542236328,16.239999771118164,56.22999954223633,1
2019-11-05,452.9822998046875,-0.004569638500954709,-0.0015988329662812717,0.2114589122147701,413.37693603515623,389.87709442138674,73.57880460150598,15.93000030517578,15.31999969482422,56.65999984741211,1
2019-11-06,464.9270629882813,0.026369160977689488,0.023746226317847174,0.15137732410784266,414.7048846435547,390.36782852172854,76.30359512849671,15.920000076293944,15.31999969482422,56.65999984741211,1
2019-11-07,462.84759521484375,-0.004472675262377601,0.002408899902664574,0.07226082341422257,416.2417449951172,390.83803466796877,72.82019445534362,15.779999732971191,16.420000076293945,55.540000915527344,1
2019-11-08,473.3899841308594,0.022777236016797486,0.03884118096466782,0.11011570090136535,418.061025390625,391.3742190551758,78.30134593280982,15.210000038146973,16.65999984741211,55.060001373291016,1
2019-11-11,480.4987487792969,0.01501671959006301,0.07288622446671122,0.14417300292362123,419.7081457519531,391.9505303955078,76.77415128286077,15.859999656677246,16.280000686645508,54.18000030517578,1
2019-11-13,469.8113708496094,-0.022242259645501083,0.05083830045574067,0.07478697863094541,421.0070788574219,392.49849029541014,66.59447251804852,16.25,15.729999542236328,56.20000076293945,1
2019-11-14,482.2880554199219,0.026556795651304865,0.05982987317677191,0.11008443983903815,422.66483703613284,393.1117282104492,70.92470850383145,16.459999084472656,15.93000030517578,56.540000915527344,1
2019-11-15,483.4486999511719,0.0024065379977935564,0.06725737442637514,0.15252471613844842,424.5111981201172,393.7184675598144,66.75750246491256,15.649999618530272,15.920000076293944,57.22999954223633,1
2019-11-18,481.9979248046875,-0.003000887470854474,0.03671729003402091,0.17369278574754032,426.2269891357422,394.3213301086426,65.51727420786167,15.029999732971191,15.779999732971191,56.34999847412109,1
2019-11-19,477.3070373535156,-0.009732173542184253,0.031240179895414943,0.15492624831140622,428.1874774169922,394.9132807922363,58.96436838635957,15.760000228881836,15.210000038146973,57.150001525878906,1
2019-11-20,478.7578430175781,0.0030395647885408383,0.011339189815293915,0.1959411175019914,430.07349365234376,395.51393295288085,64.02115695464207,15.40999984741211,15.859999656677246,57.2400016784668,1
2019-11-21,481.9012145996094,0.006565681644437937,0.0029187710142335455,0.19742843458774506,432.1867980957031,396.1430859375,71.94514201363381,15.15999984741211,16.25,56.86000061035156,1
2019-11-22,480.4987487792969,-0.0029102765832987876,0.022748231721936296,0.1376229773933948,434.2265960693359,396.77318649291993,71.3666866351983,14.979999542236328,16.459999084472656,57.119998931884766,1
2019-11-25,481.4659729003906,0.002012958667532372,-0.0017045467128881109,0.17488783527194673,436.2064288330078,397.4206658935547,68.54616300400453,14.869999885559082,15.649999618530272,56.77000045776367,1
2019-11-26,493.9426879882813,0.025914012183934743,0.021706518267955444,0.19169294541652726,438.4522381591797,398.1671922302246,75.10371115741276,15.0,15.029999732971191,57.720001220703125,1
2019-11-27,488.913330078125,-0.010182067742797729,0.014347375616274194,0.17873379156718938,440.4407763671875,398.95442169189454,66.06217553049302,14.84000015258789,15.760000228881836,57.04999923706055,1
2019-11-28,502.1154479980469,0.02700298213962027,0.05197579064009683,0.20215354694909315,442.4863787841797,399.7917419433594,72.8861431590525,14.619999885559082,15.40999984741211,55.209999084472656,1
2019-11-29,495.78033447265625,-0.012616846485502431,0.035555535441020636,0.17757871990151264,444.42945861816406,400.5054866027832,63.72255300493136,13.989999771118164,15.15999984741211,57.11000061035156,1
2019-12-02,494.1361083984375,-0.003316440689338007,0.025388800501350728,0.15955515986710833,446.5621069335937,401.21800506591796,58.958065965928505,13.899999618530272,14.979999542236328,58.58000183105469,1
2019-12-03,492.636962890625,-0.0030338716040635427,0.02526169764679964,0.16343071611185178,448.6899188232422,401.9703045654297,67.0519577575055,14.199999809265137,14.869999885559082,57.77000045776367,1
2019-12-04,511.8839416503906,0.0390692948552438,0.06317781621567087,0.17311295233640478,451.44930358886717,402.81932159423826,70.0786667969636,14.5600004196167,15.0,58.0099983215332,1
2019-12-05,510.771728515625,-0.002172783797787625,0.03407083642817876,0.16040419055291766,453.5887225341797,403.671943359375,68.54888665783542,13.31999969482422,14.84000015258789,58.40999984741211,1
2019-12-06,507.5800476074219,-0.006248742305057897,0.03818001347255984,0.1540407739194456,455.1072076416016,404.4765258789063,66.96600423808567,14.3100004196167,14.619999885559082,58.11000061035156,1
2019-12-09,509.2242431640625,0.00323928327047307,0.014157690615492324,0.12236190878997588,456.7630322265625,405.29246536254885,72.05884027855988,13.640000343322754,13.989999771118164,58.11000061035156,1
2019-12-10,511.3521118164063,0.0041786475819027835,0.03140862245033005,0.12597187057037962,458.5910168457031,406.13616958618167,72.3179094678342,14.600000381469728,13.899999618530272,55.16999816894531,0
2019-12-11,516.04296875,0.009173438077592078,0.04433365621177865,0.11761640322897149,460.1694671630859,407.0276901245117,72.89237021258307,14.289999961853027,14.199999809265137,55.959999084472656,0
2019-12-12,517.7838745117188,0.003373567449113324,0.051045523408435045,0.13626234122757586,461.8359307861328,407.9556541442871,74.88707959121729,13.380000114440918,14.5600004196167,56.09999847412109,0
2019-12-13,519.4281005859375,0.0031755065291851903,0.01473802618465303,0.15980999978739852,463.835107421875,408.89352767944337,75.11200994513456,13.350000381469728,13.31999969482422,58.43000030517578,1
2019-12-16,521.555908203125,0.004096443020289442,0.02111350156133418,0.16657654151215584,466.0528680419922,409.8507238769531,71.16387141924214,13.300000190734863,14.3100004196167,58.43000030517578,0
2019-12-17,523.3935546875,0.00352339309261418,0.031154705853033704,0.1501593673163144,468.2551544189453,410.83351043701174,77.78647280740154,13.420000076293944,13.640000343322754,59.20000076293945,0
2019-12-18,523.6353759765625,0.00046202572977205314,0.028300170319772056,0.1559731499494319,470.72148376464844,411.7957974243164,71.92122391907023,12.520000457763672,14.600000381469728,59.02000045776367,0
2019-12-19,522.4746704101562,-0.0022166293945315996,0.02175127145606348,0.12377771053376052,473.1220416259766,412.74287353515626,80.3964549515864,12.34000015258789,14.289999961853027,59.2400016784668,0
2019-12-20,528.1810913085938,0.010921909178789102,0.023521534627233942,0.1411555267202449,475.2382470703125,413.6890545654297,85.48387301983126,12.119999885559082,13.380000114440918,58.7599983215332,0
2019-12-23,523.5386352539062,-0.008789515813952375,0.011114213913313575,0.10593517565674615,477.51307189941406,414.6084051513672,80.22713351108861,12.329999923706056,13.350000381469728,59.18000030517578,0
2019-12-24,523.3451538085938,-0.0003695647890793463,0.0075410883974849074,0.0891706901176077,479.6902105712891,415.5096624755859,67.87335441935548,11.960000038146973,13.300000190734863,60.06999969482422,0
2019-12-26,521.0723266601562,-0.004342883720040658,-0.0009271902309280211,0.1091096533441629,481.8160888671875,416.43525436401364,65.50225600928857,11.630000114440918,13.420000076293944,60.209999084472656,1
2019-12-27,531.3728637695312,0.01976796038161699,0.01524533309699505,0.10177487872236823,484.0899468994141,417.42513320922853,79.49637974229546,11.119999885559082,12.520000457763672,60.93999862670898,0
2019-12-30,526.1016845703125,-0.009919925458415912,0.004709973212085661,0.08822649564152019,486.19164611816404,418.36646499633787,69.19691205464997,10.529999732971191,12.34000015258789,60.93000030517578,0
2019-12-31,521.2174072265625,-0.009283903638778845,-0.002406361982307703,0.08136857111525386,488.0931378173828,419.263596496582,60.55898957512658,11.010000228881836,12.119999885559082,61.220001220703125,1
2020-01-01,519.137939453125,-0.0039896360800812936,-0.017121309346883162,0.0876393994346818,490.0072021484375,420.10691299438474,53.508737939318785,11.670000076293944,12.329999923706056,60.43999862670898,1
2020-01-02,522.8615112304688,0.007172605764984574,-0.001293360179825287,0.09212103541721262,491.73749877929686,420.92687744140625,55.508820257456165,11.670000076293944,11.960000038146973,60.52000045776367,1
2020-01-03,521.1690063476562,-0.0032370041520736192,-0.004158149636240616,0.08148514790665717,493.3575372314453,421.74392715454104,51.88676374672398,11.489999771118164,11.630000114440918,61.11000061035156,1
2020-01-06,508.4505615234375,-0.024403686077476894,-0.02422267407217482,0.058172498503173964,494.72997802734375,422.4983494567871,38.4484198203549,12.699999809265137,11.119999885559082,61.68000030517578,1
2020-01-07,505.742431640625,-0.005326240322556242,-0.048234363996470075,0.0504219614814958,495.7706726074219,423.2139042663574,34.67673395856515,14.779999732971191,10.529999732971191,61.720001220703125,1
2020-01-08,508.6923522949219,0.005832851803095451,-0.03309119279785144,0.029861084424010143,496.8616619873047,423.8846304321289,37.61023947401848,14.609999656677246,11.010000228881836,61.68000030517578,1
2020-01-09,528.3745727539062,0.038691795483438485,0.013731631806826128,0.0807121431307174,498.1944470214844,424.6359184265137,53.742384682332464,15.640000343322754,11.670000076293944,61.060001373291016,1
2020-01-10,522.5231323242188,-0.011074417149162907,0.006520796524060346,0.040643410609130015,499.5311010742187,425.37724563598636,46.41767373702711,14.0,11.670000076293944,61.060001373291016,0
2020-01-13,520.9271850585938,-0.003054309305936642,-0.003699500021187019,0.05072175888679675,500.9925207519531,426.07489456176756,48.28021975371763,14.079999923706056,11.489999771118164,61.18000030517578,0
2020-01-14,519.9600219726562,-0.0018566185710363614,-0.0023197549360668424,0.0522607296558788,502.4500720214844,426.7544412231445,47.793196637949286,14.279999732971191,12.699999809265137,63.04999923706055,0
2020-01-15,518.025634765625,-0.003720261414892012,0.018831866786612084,0.05153627069724531,503.7093493652344,427.42262756347657,48.00502610167784,13.90999984741211,14.779999732971191,63.27000045776367,0
2020-01-16,519.5247802734375,0.002893960080741609,0.027251715044163127,0.014926896511759491,505.0401989746094,428.12484252929687,41.23115062604631,14.119999885559082,14.609999656677246,62.70000076293945,0
2020-01-17,514.5921630859375,-0.009494479137075684,0.011597993884514102,0.007479729900899512,506.0335009765625,428.80770065307615,41.43881887189918,14.18000030517578,15.640000343322754,59.61000061035156,0
2020-01-20,517.3002319335938,0.005262553614140408,-0.020959261462171974,0.019150052040047383,507.1225537109375,429.54413970947263,46.988781652770804,14.130000114440918,14.0,59.560001373291016,0
2020-01-21,513.6248779296875,-0.007104876002410276,-0.01702939801909098,0.008641840652129362,507.92725158691405,430.211065826416,45.86348199140511,15.40999984741211,14.079999923706056,59.040000915527344,0
2020-01-22,505.6940002441406,-0.015440992105979268,-0.029242445492146274,-0.011065000889831311,508.43115661621096,430.84267929077146,37.8839615436472,15.859999656677246,14.279999732971191,58.08000183105469,0
2020-01-23,510.3848876953125,0.009276138235587483,-0.018415135534876392,-0.010964360329127176,509.242626953125,431.4622898864746,42.69809979584584,16.360000610351562,13.90999984741211,58.22999954223633,0
2020-01-24,516.3330078125,0.01165418542082386,-0.003267457900786752,-0.0028020700733234483,509.92352600097655,432.1227366638184,55.87590825746512,15.859999656677246,14.119999885559082,57.810001373291016,0
2020-01-27,519.6214599609375,0.006368859047709119,0.0001860925429757465,0.0003722543597119987,510.64698120117185,432.80493225097655,60.25726846334486,15.5600004196167,14.18000030517578,58.52000045776367,0
2020-01-28,510.8684387207031,-0.016844995664521578,-0.007236263263131981,-0.02049151263426885,511.22439147949217,433.467724609375,51.481183284851,17.18000030517578,14.130000114440918,58.540000915527344,0
2020-01-29,509.3209533691406,-0.0030291269420316125,-0.015424850158345604,-0.02688722700599866,511.8646697998047,434.1389405822754,32.779648095815205,17.299999237060547,15.40999984741211,58.540000915527344,0
2020-01-30,514.7372436523438,0.010634336261594157,0.002165716207400248,-0.016992993087268093,512.5842578125,434.8285546875,42.90745283459471,16.5,15.859999656677246,58.34000015258789,0
2020-01-31,508.4021606445313,-0.012307411375290345,0.005355334251708088,-0.026934338758618948,513.1142767333985,435.5031362915039,39.49717891185434,16.799999237060547,16.360000610351562,56.7400016784668,0
2020-02-03,498.633544921875,-0.019214347378602947,-0.023024472426097287,-0.05594207530889317,513.47697265625,436.0803923034668,34.416941463575625,17.3700008392334,15.859999656677246,55.59000015258789,0
2020-02-04,513.3831176757812,0.029579984949101634,-0.005713154286254629,-0.019397837894427394,514.1153155517578,436.74562728881835,47.14284104440329,15.779999732971191,15.5600004196167,54.18999862670898,0
2020-02-05,521.4108276367188,0.01563687952436199,0.0034435984917091655,-0.00369608117663478,514.6646783447266,437.471021270752,51.07439959000292,14.380000114440918,17.18000030517578,53.13999938964844,0
2020-02-06,523.8287353515625,0.004637241090298838,0.025369147217851218,0.005289877336364546,515.3629864501953,438.1865547180176,55.41687129257233,14.170000076293944,17.299999237060547,53.47999954223633,0
2020-02-07,518.8477783203125,-0.009508751038461272,0.018704953896265808,-0.02357118005681824,515.6976330566406,438.8861080932617,50.884005754143544,13.779999732971191,16.5,53.33000183105469,0
2020-02-10,516.4298706054688,-0.004660148536573372,0.003288332006277317,-0.018383925101367216,516.1106237792969,439.50482788085935,51.62565131111183,13.75,16.799999237060547,52.13999938964844,0
2020-02-11,522.0394897460938,0.010862305726135224,0.02682390075658536,0.0015772353496510405,516.66869140625,440.16413848876954,59.73506385302118,14.210000038146973,17.3700008392334,51.560001373291016,0
2020-02-12,531.276123046875,0.01769336129202359,0.06546406365443058,0.023381422684184416,517.441474609375,440.9173913574219,61.80330785873356,13.880000114440918,15.779999732971191,50.11000061035156,0
2020-02-13,523.2484741210938,-0.01511012555908331,0.01921636319085751,0.0007400867769256081,517.6687652587891,441.6208576965332,53.81745565399741,13.619999885559082,14.380000114440918,49.61000061035156,0
2020-02-14,527.8909912109375,0.008872490450434256,0.012428133883582548,0.012897898342782987,518.0111505126953,442.32534530639646,54.49768522975415,13.369999885559082,14.170000076293944,50.75,0
2020-02-17,523.8287353515625,-0.007695255132232015,0.0,0.03024517031124585,518.3361242675782,443.0370195007324,57.427938070869594,13.619999885559082,13.779999732971191,50.95000076293945,0
2020-02-18,523.44189453125,-0.0007384872081385163,0.008854458673428711,0.03499699013430235,518.6204772949219,443.68983444213865,58.2022615314528,14.420000076293944,13.75,50.31999969482422,0
2020-02-19,526.9237670898438,0.006651879788322601,0.020320080385884287,0.035839765848006966,518.9319104003906,444.3586114501953,57.241370806174814,14.510000228881836,14.210000038146973,49.56999969482422,0
2020-02-20,529.0516357421875,0.004038285583692236,0.013432213719127395,0.0012814072122213638,519.1920837402344,445.09567657470706,62.915943538344145,14.020000457763672,13.880000114440918,49.93999862670898,0
2020-02-24,512.4642944335938,-0.03135297235273449,-0.035408759771463405,-0.019250512117774732,519.0856921386719,445.71965408325195,57.97100225759997,13.699999809265137,13.619999885559082,51.16999816894531,0
2020-02-25,513.5281982421875,0.002076054507894387,-0.018576787816215856,-0.014203495284228707,518.9676940917968,446.35136306762695,50.0992737189848,17.0,13.369999885559082,51.41999816894531,0
2020-02-26,506.5161437988281,-0.013654662913081927,-0.04049102516994518,-0.02585559967249773,518.666898803711,447.0194091796875,39.664411935238896,16.899999618530273,13.619999885559082,52.04999923706055,0
2020-02-27,498.4400939941406,-0.015944308791656314,-0.04846744678942161,-0.03780805322567804,518.1678295898438,447.6678189086914,33.66522482687124,18.26000022888184,14.420000076293944,52.04999923706055,0
2020-02-28,480.9339904785156,-0.03512178038356362,-0.0812084483432508,-0.07428094146849107,517.3138018798828,448.2325575256348,28.992481752244473,17.770000457763672,14.510000228881836,52.04999923706055,0
2020-03-02,489.49365234375,0.01779799730253573,-0.07103516122041176,-0.04877359692319294,516.6541815185547,448.82224502563474,36.02608707766975,23.239999771118164,14.020000457763672,53.290000915527344,0
2020-03-03,497.85980224609375,0.0170914369620232,-0.05895801352610097,-0.03758055474832178,516.0477557373047,449.4962158203125,37.804900573122886,25.200000762939453,13.699999809265137,53.77999877929688,0
2020-03-04,491.6697998046875,-0.012433223998965293,-0.04057745067271379,-0.04274535574191085,515.4103790283203,450.11945770263674,29.391085678279765,24.540000915527344,17.0,51.43000030517578,0
2020-03-05,487.9461059570313,-0.0075735663429712385,-0.04981633408393926,-0.03509611401072765,514.702398071289,450.7402418518066,30.769264017736106,24.229999542236328,16.899999618530273,49.900001525878906,0
2020-03-06,470.39166259765625,-0.035976193159580006,-0.07131950608768622,-0.0783589523550533,513.6887847900391,451.24696228027346,22.54045177267257,23.25,18.26000022888184,48.72999954223633,0
2020-03-09,442.7301330566406,-0.05880531425293478,-0.11176861895494883,-0.142549234006336,511.9159301757812,451.5806410217285,18.394320908894343,25.63999938964844,17.770000457763672,47.09000015258789,0
2020-03-11,450.370849609375,0.017258180508253007,-0.06354955456305167,-0.13327126704268222,510.4013134765625,451.8656884765625,23.04673745561432,30.799999237060547,23.239999771118164,44.7599983215332,0
2020-03-12,411.6833801269531,-0.08590136221288991,-0.15896073798757682,-0.19414990450795,508.2106329345703,451.9937211608887,16.256026193108042,31.559999465942383,25.200000762939453,46.75,0
2020-03-13,432.52630615234375,0.0506285340422612,-0.1312287029380521,-0.15077849577717728,506.4784002685547,452.20088302612305,24.5278177759309,41.15999984741211,24.540000915527344,47.18000030517578,0
2020-03-16,389.6798706054688,-0.09906087777186812,-0.20743582225252288,-0.24295380718815707,503.8147674560547,452.16727966308594,21.542257703196938,51.470001220703125,24.229999542236328,46.77999877929688,0
2020-03-17,355.1996459960937,-0.08848346350505898,-0.2720514793341282,-0.3013411950378294,500.4953802490234,451.86045043945313,18.2259350245172,58.880001068115234,23.25,45.900001525878906,0
2020-03-18,343.39996337890625,-0.033219860296024084,-0.269970131948046,-0.3113179671201032,497.1943682861328,451.4765321350098,17.882307838833214,62.93000030517578,25.63999938964844,41.27999877929688,0
2020-03-19,327.4413452148437,-0.046472393319547,-0.2604042039014487,-0.36218910606711074,493.6283465576172,451.0186099243164,17.343923547549252,63.959999084472656,30.799999237060547,31.1299991607666,0
2020-03-20,334.3567810058594,0.021119616969806465,-0.2575967532182408,-0.3587459958947862,490.1416351318359,450.64833053588865,20.827734388570946,72.19999694824219,31.559999465942383,32.97999954223633,0
2020-03-23,274.6812744140625,-0.17847852946864895,-0.3327851264499493,-0.4756277083010483,485.06776916503907,449.9656834411621,14.475364811545589,67.0999984741211,41.15999984741211,31.5,1
2020-03-24,286.7711181640625,0.044014080595007776,-0.3369857183598529,-0.44729238488321454,480.35272888183596,449.35554595947264,15.515882242909413,71.98999786376953,51.470001220703125,31.729999542236328,1
2020-03-25,306.5017395019531,0.0688026795174077,-0.2134524705478804,-0.4064988163008334,476.0642199707031,448.84792098999026,21.03192749048091,83.61000061035156,58.880001068115234,28.700000762939453,1
2020-03-26,319.4137268066406,0.04212696256037152,-0.10074874677619083,-0.3881425963350109,472.0532940673828,448.4231878662109,24.37124146171203,77.62999725341797,62.93000030517578,26.950000762939453,0
2020-03-27,328.6986999511719,0.0290687981301192,-0.0428109056363325,-0.3813034584236896,468.2667553710937,448.0813018798828,27.896804673333662,71.52999877929688,63.959999084472656,20.3700008392334,0
2020-03-30,303.1165771484375,-0.07782848793297503,-0.07428740573505166,-0.4207024155061594,463.93859130859374,447.5871432495117,28.078966487034762,70.38999938964844,72.19999694824219,25.21999931335449,0
2020-03-31,313.1269836425781,0.033024939078929005,-0.06349444237205171,-0.40683400767213096,459.90928771972654,447.1454487609863,28.610206870730266,71.88999938964844,67.0999984741211,22.43000030517578,0
2020-04-01,300.9404296875,-0.03891888783685471,0.09559863638121069,-0.4254984322585381,455.5820916748047,446.61749435424804,31.186344017731003,64.41000366210938,71.98999786376953,23.36000061035156,0
2020-04-03,277.2442932128906,-0.07874028923005028,-0.03322100570016806,-0.4703437074688739,450.85447998046874,445.9872204589844,23.87307410569258,60.04999923706055,83.61000061035156,24.01000022888184,1
2020-04-07,315.39990234375,0.13762450685165373,0.02903136163682407,-0.40143162627550943,447.04859802246096,445.5400061035156,37.30160237314415,55.29999923706055,77.62999725341797,24.489999771118164,0
2020-04-08,308.4844970703125,-0.021925832005808554,-0.03421653116036627,-0.41691041813423235,443.0105902099609,445.06713928222655,41.18292306143332,51.79999923706055,71.52999877929688,22.600000381469727,0
2020-04-09,331.4552001953125,0.07446307138009689,0.008386100232675497,-0.3532130847054298,439.3130340576172,444.7262516784668,47.83675140531627,52.2400016784668,70.38999938964844,21.51000022888184,0
2020-04-13,319.800537109375,-0.035162106610696964,0.055041397332641795,-0.3772483415632176,435.3166156005859,444.2887387084961,48.59430256130747,49.75,71.88999938964844,20.09000015258789,0
2020-04-15,316.6088562011719,-0.009980223726489656,0.011119682239101314,-0.37492840045209164,431.4314239501953,443.846604309082,46.68951437816511,51.459999084472656,64.41000366210938,20.479999542236328,1
2020-04-16,330.77813720703125,0.04475326804142288,0.0991482186375392,-0.33637333514562795,427.8605676269531,443.40970779418944,62.6032050932202,49.7400016784668,60.04999923706055,20.309999465942383,0
2020-04-17,363.2272644042969,0.09809937099003618,0.3101343230368372,-0.24474611569272509,424.8303680419922,443.1475996398926,65.73759326885062,46.09999847412109,55.29999923706055,28.34000015258789,0
2020-04-20,349.4448547363281,-0.037944314809551294,0.10794217797655814,-0.2861095275431105,421.65122192382813,442.8230918884277,59.0612177613159,42.59000015258789,51.79999923706055,23.6299991607666,0
2020-04-21,320.961181640625,-0.081511210451776,0.04044509428773235,-0.35531814339577306,418.09777465820315,442.3359045410156,50.306386966127945,43.459999084472656,52.2400016784668,25.09000015258789,1
2020-04-22,324.9266357421875,0.012354933644288968,-0.019696672278117777,-0.3391364776293716,414.3286450195312,441.8444235229492,49.237082848446235,45.20000076293945,49.75,22.76000022888184,1
2020-04-23,341.3688659667969,0.050602900519535865,0.06744306639499253,-0.3003963720598727,410.7278057861328,441.42405822753904,58.03371974034207,42.81999969482422,51.459999084472656,22.40999984741211,1
2020-04-24,323.8627624511719,-0.05128207420452846,0.022911255032584732,-0.31150403333533583,406.728486328125,440.93473541259766,52.185898355198326,39.22999954223633,49.7400016784668,19.8700008392334,1
2020-04-27,336.48455810546875,0.038972667183989174,0.017251505636437736,-0.23997818765495993,403.08122192382814,440.4993557739258,57.22429087560109,39.119998931884766,46.09999847412109,19.8700008392334,1
2020-04-28,348.0424499511719,0.03434895173430341,-0.04180527163352821,-0.22720919825729557,399.7134735107422,440.132619934082,65.13647736582124,38.040000915527344,42.59000015258789,18.270000457763672,0
2020-04-29,358.29461669921875,0.02945665607596193,0.025325203227182014,-0.12968403876607937,396.4385760498047,439.8210040283203,60.4132297285724,35.349998474121094,43.459999084472656,-37.630001068115234,0
2020-04-30,367.6763610839844,0.026184441371725597,0.1455477550418094,-0.14993295007938323,393.16658081054686,439.5550910949707,64.19953207993385,33.84000015258789,45.20000076293945,10.010000228881836,0
2020-05-04,326.9577331542969,-0.11074584128726883,0.006250941562454537,-0.16095811506433944,389.24076599121094,439.08486114501954,49.00576317743443,33.9900016784668,42.81999969482422,13.779999732971191,1
2020-05-05,319.9939880371094,-0.021298609609276875,-0.06261519447343655,-0.09911512681904955,385.08282592773435,438.63022506713867,50.04367115475793,43.66999816894531,39.22999954223633,16.5,1
2020-05-06,330.19781494140625,0.03188755815972866,0.019560916612602286,-0.038445398501492534,381.21020751953125,438.21406524658204,52.97353896700134,43.61000061035156,39.119998931884766,16.940000534057617,1
2020-05-07,325.7004089355469,-0.013620338483031569,-0.03204946233087358,-0.005316788196538025,377.2553778076172,437.76384048461915,48.83978056193315,41.25,38.040000915527344,12.779999732971191,1
2020-05-08,326.6192626953125,0.002821162438108704,-0.06155337447735154,-0.02314150258077552,373.24928771972657,437.33919494628907,40.227229733924275,39.93000030517578,35.349998474121094,12.34000015258789,1
2020-05-11,309.64508056640625,-0.05196932351396755,-0.1357808179787776,0.12728864108748206,368.86115661621096,436.82726669311523,39.55319060651555,38.40999984741211,33.84000015258789,15.0600004196167,1
2020-05-12,310.66064453125,0.003279767800560718,-0.1550703895802289,0.08330520353699011,364.82508361816406,436.3433305358887,46.840705781131774,38.040000915527344,33.9900016784668,18.84000015258789,1
2020-05-13,326.9577331542969,0.05245945667703489,0.0,0.06674022041631322,361.09367431640624,435.9297845458984,50.57915118391188,38.209999084472656,43.66999816894531,20.38999938964844,1
2020-05-14,316.6572265625,-0.03150409226423123,-0.010427575515020049,-0.008629874087437983,357.2964959716797,435.46425338745115,42.69791621014609,38.84000015258789,43.61000061035156,24.559999465942383,1
2020-05-15,312.1114196777344,-0.014355607589041974,-0.05477442443670111,-0.05046348000737921,353.5699224853516,435.00517959594725,46.239551216471014,38.18000030517578,41.25,23.989999771118164,1
2020-05-18,288.7055053710937,-0.07499217532895175,-0.11358568349778808,-0.04754300115459087,349.7253527832031,434.46935791015625,35.697748434778845,38.02000045776367,39.93000030517578,23.549999237060547,1
2020-05-19,290.4464416503906,0.006030145760674621,-0.11074919692861396,-0.07243240977940257,345.7444085693359,433.9316018676758,31.682566377556313,40.91999816894531,38.40999984741211,24.739999771118164,1
2020-05-20,295.6208801269531,0.017815465209902515,-0.04529121022623672,-0.017676420433342055,341.69963012695314,433.41754150390625,29.40242662446778,39.45000076293945,38.040000915527344,24.13999938964844,1
2020-05-21,294.4118957519531,-0.004089644731728015,-0.052303853305314285,0.0619222936570234,337.7544720458984,432.91412048339845,24.55492070544534,35.810001373291016,38.209999084472656,25.780000686645508,1
2020-05-22,281.4999389648437,-0.04385677675873523,-0.13903263198855398,-0.10748247899569485,333.6255487060547,432.34372161865235,30.43297896516438,32.9900016784668,38.84000015258789,25.290000915527344,1
2020-05-26,283.0957946777344,0.0056691156621884176,-0.10598662866183306,-0.08230138834753598,329.87963134765624,431.748659362793,33.34788632688873,32.380001068115234,38.18000030517578,27.559999465942383,1
2020-05-27,308.38775634765625,0.08934064774333117,-0.011930557792223517,-0.0695944544966064,327.1927838134766,431.21428833007815,41.33692686562173,31.46999931335449,38.02000045776367,29.43000030517578,1
2020-05-28,316.125244140625,0.02509012641943542,0.09497476930440518,-0.011492454021404641,324.50787170410155,430.73794830322265,46.292131697813446,31.270000457763672,40.91999816894531,31.81999969482422,1
2020-05-29,321.0578918457031,0.01560346032626203,0.10539447486899967,0.014052151597756746,322.69536193847654,430.28989837646486,47.91135292891965,30.020000457763672,39.45000076293945,32.5,1
2020-06-01,328.118408203125,0.02199141194390908,0.10992974536242484,-0.008040824663818502,320.60720397949217,429.9136627197266,57.49609551270016,30.21999931335449,35.810001373291016,33.4900016784668,1
2020-06-02,336.9681701660156,0.026971244958045926,0.14454672188217854,-0.0722938413815023,319.55296997070315,429.6128674316406,60.03691342135393,30.739999771118164,32.9900016784668,33.91999816894531,0
2020-06-03,345.1408996582031,0.024253713601973148,0.22607806213878967,-0.012316550150302086,319.3517950439453,429.3913815307617,57.39576987374364,30.1200008392334,32.380001068115234,33.25,0
2020-06-04,336.4361877441406,-0.02522074875125746,0.18841817529337357,0.048214572318102666,319.21251953125,429.08961883544924,58.15064553280632,30.040000915527344,31.46999931335449,34.349998474121094,0
2020-06-05,345.4794311523437,0.02687952050830056,0.12027609410949736,0.06325364912978015,319.57328125,428.84201919555665,63.2590429601999,29.690000534057617,31.270000457763672,32.810001373291016,0
2020-06-08,347.9940795898437,0.007278721135763222,0.10081078952063116,0.019407785195300287,319.84602722167966,428.57797714233396,78.24882876228307,28.68000030517578,30.020000457763672,33.709999084472656,1
2020-06-09,337.1132202148437,-0.0312673692260067,0.05000758049223286,0.040913804549139954,321.0946661376953,428.2317239379883,70.45356721623187,29.649999618530277,30.21999931335449,35.4900016784668,1
2020-06-10,341.4172058105469,0.012767181283962259,0.04053048312726526,0.014659358316027049,322.187587890625,427.9548663330078,70.22638830033284,30.209999084472656,30.739999771118164,35.439998626708984,1
2020-06-11,330.0527648925781,-0.03328608144100065,-0.020522428780233026,-0.05168819223378529,322.6586083984375,427.5870935058594,64.4453146606808,29.440000534057617,30.1200008392334,36.810001373291016,1
2020-06-12,332.9059753417969,0.008644710036431302,-0.0354490711721579,-0.07085967852744812,322.92845336914064,427.2256071472168,72.68459251785642,29.65999984741211,30.040000915527344,37.290000915527344,1
2020-06-15,320.2358093261719,-0.03805929287576304,-0.04815290093076763,-0.1290280169710888,322.75919555664063,426.7792500305176,64.9300144073552,30.81999969482422,29.690000534057617,37.40999984741211,1
2020-06-16,331.69696044921875,0.03578972366383071,-0.0398937518715764,0.014494923393310044,323.33080322265624,426.42163238525393,60.542422776831835,32.58000183105469,28.68000030517578,39.54999923706055,1
2020-06-17,330.72979736328125,-0.0029158032820911783,-0.049610850411336394,0.03355003446166882,323.6828594970703,426.0826332092285,57.03635611905765,32.970001220703125,29.649999618530277,38.18999862670898,1
2020-06-18,340.4500427246094,0.029390292132193796,0.009898225016625295,0.031048745083374962,324.4730517578125,425.854860534668,58.93097378565618,33.349998474121094,30.209999084472656,38.93999862670898,0
2020-06-19,351.8628234863281,0.03352262984132026,0.030594877756622285,0.08032662481537911,325.9654223632813,425.7020448303223,60.51390585149237,31.459999084472656,29.440000534057617,39.59999847412109,0
2020-06-22,355.4897766113281,0.01030786114049631,0.07706953076738787,0.08839195115980503,326.7672198486328,425.4887800598145,58.59899937432559,29.96999931335449,29.65999984741211,36.34000015258789,0
2020-06-23,363.8075866699219,0.023398169527918622,0.09282384101516383,0.17491802551631364,327.873681640625,425.2834944152832,58.65469674390859,30.459999084472656,30.81999969482422,36.2599983215332,0
2020-06-24,336.677978515625,-0.07457130952827329,0.051343943152547755,0.08374840663719119,327.97813720703124,424.96988357543944,50.09574638555279,29.34000015258789,32.58000183105469,37.119998931884766,1
2020-06-25,339.4828186035156,0.00833092826640125,0.023472805248961226,0.03830796515618107,328.37178283691406,424.71164443969724,47.50199144536602,29.57999992370605,32.970001220703125,38.380001068115234,1
2020-06-26,337.64520263671875,-0.005412986655277674,0.020909531976163187,0.06627979503912029,328.792509765625,424.4188285827637,45.66451404386935,29.729999542236328,33.349998474121094,37.959999084472656,1
2020-06-29,331.842041015625,-0.01718715851958219,-0.02528418454612269,0.06321659540129332,328.81378784179685,424.1816256713867,47.69360518434764,28.739999771118164,31.459999084472656,38.84000015258789,1
2020-06-30,339.9180908203125,0.02433703029299794,-0.03394712901938546,0.1773869375417405,328.3476043701172,423.9589309692383,49.36502499285826,28.90999984741211,29.96999931335449,39.75,1
2020-07-01,352.1046142578125,0.03585135291884778,-0.009522530818704134,0.21228758134224135,328.4007995605469,423.8382740783691,59.27582827712043,29.1200008392334,30.459999084472656,40.459999084472656,1
2020-07-02,350.9440002441406,-0.0032962192674421686,-0.035358213784178805,0.18714212640673167,329.0004559326172,423.70044982910156,57.69706582490794,28.1200008392334,29.34000015258789,40.369998931884766,1
2020-07-03,349.1547241210937,-0.005098466199171869,0.03705839526682819,0.1859395940144426,329.4850177001953,423.5338517761231,63.60329425343124,26.51000022888184,29.57999992370605,38.0099983215332,1
2020-07-06,349.97686767578125,0.002354668282828154,0.03091187093188852,0.24325734834169754,329.657177734375,423.3754750061035,59.55514520089228,25.770000457763672,29.729999542236328,38.720001220703125,0
2020-07-07,363.7108459472656,0.03924253154984947,0.07719832269789895,0.28476244714726473,330.4541394042969,423.24659713745115,65.20963003682489,25.200000762939453,28.739999771118164,38.4900016784668,0
2020-07-08,356.8438415527344,-0.0188803948824966,0.07534247457190668,0.1571271368842928,330.8613250732422,423.03163970947264,57.764541821612916,25.100000381469727,28.90999984741211,39.70000076293945,1
2020-07-09,358.1979064941406,0.003794558806211379,0.05377711915748318,0.1330885879357362,331.0644342041016,422.82949752807616,53.316462491133215,26.100000381469727,29.1200008392334,39.27000045776367,0
2020-07-10,348.5260314941406,-0.027001483885440325,-0.010163407745209518,0.08555509877215028,330.8690625,422.6346092224121,46.57142685426145,24.90999984741211,28.1200008392334,39.81999969482422,1
2020-07-13,341.9975280761719,-0.01873175266128868,-0.025492591871480896,0.042299119848389743,330.35548583984377,422.41336502075194,39.06931187345295,24.940000534057617,26.51000022888184,40.650001525878906,1
2020-07-14,334.2117004394531,-0.022765742432455993,-0.04279771301750468,-0.00818020801550623,330.50056518554686,422.2148500061035,48.46665459950494,25.25,25.770000457763672,40.650001525878906,1
2020-07-15,334.45343017578125,0.0007232832842485326,-0.04435561013815614,-0.030965525943189576,330.7897540283203,421.86811325073245,46.77016834407115,26.63999938964844,25.200000762939453,40.630001068115234,1
2020-07-16,333.3411865234375,-0.003325556122295348,-0.08349946052538504,-0.009199370737897117,330.8526214599609,421.376540222168,47.21000326805919,26.290000915527344,25.100000381469727,40.619998931884766,1
2020-07-17,342.1909484863281,0.026548660413640235,-0.04106247988657208,-0.00951860623090317,331.18243225097655,420.95532989501953,56.453579210794246,25.36000061035156,26.100000381469727,40.900001525878906,1
2020-07-20,351.089111328125,0.02600350149867392,-0.019845998642462503,0.008893920672240263,331.6718292236328,420.61101104736326,56.895546185307865,24.15999984741211,24.90999984741211,39.619998931884766,1
2020-07-21,366.3706359863281,0.04352605696142242,0.05120020566523298,0.08678809971569357,332.80634033203125,420.25726196289065,58.481914270918864,24.709999084472656,24.940000534057617,40.54999923706055,1
2020-07-22,368.59521484375,0.006071935463476619,0.07777157606137464,0.0796035131524222,333.96503173828125,419.9279345703125,60.363477385241936,24.43000030517578,25.25,40.09999847412109,1
2020-07-23,379.3793029785156,0.029257265695478596,0.13514668241618066,0.14945046166176423,335.01346313476563,419.72748474121096,66.05035447269574,24.88999938964844,26.63999938964844,40.290000915527344,0
2020-07-24,369.2721862792969,-0.026641191598665404,0.10410644042495143,0.10923868488741473,336.0657623291016,419.52050628662107,59.32677530884012,24.63999938964844,26.290000915527344,41.20000076293945,0
2020-07-27,346.7367553710937,-0.06102661328291492,0.0401857597837354,0.08275447427532878,336.7582690429688,419.18779388427737,42.438613105205796,24.540000915527344,25.36000061035156,40.75,1
2020-07-28,340.5467224121094,-0.017852254954509927,-0.004804995811525492,0.026680262462777327,337.79509338378904,418.88893295288085,42.69612884872092,25.020000457763672,24.15999984741211,40.59000015258789,1
2020-07-29,339.5311889648437,-0.0029820678938637935,-0.03292019601393836,0.026612030944084486,338.77678833007815,418.5743550109863,41.608684689163624,23.63999938964844,24.709999084472656,40.810001373291016,1
2020-07-30,333.63134765625,-0.01737643403712341,-0.08936111444067762,-0.02002847470304192,339.53699768066406,418.1306576538086,43.069298635498065,24.11000061035156,24.43000030517578,41.959999084472656,1
2020-07-31,335.4206237792969,0.005363033586671229,-0.09000277195273965,-0.04672900519616885,340.35717224121095,417.75877380371094,46.7984740490289,24.729999542236328,24.88999938964844,41.900001525878906,1
2020-08-03,331.9871520996094,-0.010236316541903157,-0.12492023288257792,-0.06611336262818934,341.3669165039062,417.3462684631348,48.869212497580016,24.190000534057617,24.63999938964844,41.06999969482422,1
2020-08-04,339.4828186035156,0.022578182488391052,-0.08067048855190584,-0.0668616294922838,342.4946569824219,416.9697904968262,52.380962012500405,25.190000534057617,24.540000915527344,41.290000915527344,1
2020-08-05,340.6434936523437,0.003418950784026764,-0.01757316357254568,0.011778362084155836,343.1397717285156,416.58460815429686,53.45539960883029,23.81999969482422,25.020000457763672,41.59999847412109,1
2020-08-06,346.9785461425781,0.018597309528242123,0.018886758577242535,0.022079843598261206,343.7568377685547,416.2144172668457,52.32068671498571,23.56999969482422,23.63999938964844,41.040000915527344,1
2020-08-07,346.2048034667969,-0.002229943852100069,0.019655379885128,0.025350873530069373,344.25977600097656,415.8147271728516,47.43001586800492,23.149999618530277,24.11000061035156,41.27000045776367,1
2020-08-10,351.6210021972656,0.015644493306367968,0.053920756150141136,0.05960354245985755,344.7298278808594,415.4556585693359,41.34011766872863,22.57999992370605,24.729999542236328,39.91999816894531,0
2020-08-11,355.29638671875,0.010452687690772233,0.05925623390567414,0.04524118107784614,345.09639221191406,415.0504071044922,42.322713265207604,22.51000022888184,24.190000534057617,40.27000045776367,0
2020-08-12,354.812744140625,-0.0013612369734224972,0.06875444394958707,0.007691264962604638,345.2898291015625,414.62363540649415,33.903672015999604,21.36000061035156,25.190000534057617,41.0099983215332,0
2020-08-13,355.9733581542969,0.0032710606730965708,0.04857547612752877,0.01433094142272684,345.6805725097656,414.20435958862305,40.129210719207464,20.850000381469727,23.81999969482422,41.70000076293945,0
2020-08-14,349.54156494140625,-0.0180681870301731,0.02612135988172959,0.0011079352321132774,345.7618151855469,413.6835289001465,52.73581636917632,20.56999969482422,23.56999969482422,42.18999862670898,0
2020-08-17,348.3809509277344,-0.003320389132738577,0.004041762237887658,-0.004560063522613511,345.76955261230466,413.15471923828125,58.47282419992158,21.670000076293945,23.149999618530277,41.95000076293945,1
2020-08-18,357.4241027832031,0.025957653055906027,0.03240653856924958,-0.017285003276954813,346.1757702636719,412.63316314697266,66.48839149071162,21.309999465942383,22.57999992370605,41.220001220703125,0
2020-08-19,362.1634216308594,0.013259650960167235,0.02998233714059917,0.014907305265457138,346.59069458007815,412.16552810668946,76.8670668731878,20.43000030517578,22.51000022888184,41.93999862670898,0
2020-08-20,355.6832275390625,-0.01789301101313845,0.0010887834348247694,-0.007020361954905074,347.1033038330078,411.70466323852537,67.53138256496591,19.959999084472656,21.36000061035156,41.61000061035156,1
2020-08-21,358.9716796875,0.009245451834178242,0.011721494268612576,0.029970926844627988,347.6246179199219,411.26410934448245,73.40598603945693,20.6200008392334,20.850000381469727,42.66999816894531,1
2020-08-24,367.8698120117188,0.024787839341434914,0.03341950622120837,0.07565049981818728,348.5772979736328,410.8281495666504,74.03763907401657,19.940000534057617,20.56999969482422,42.2400016784668,1
2020-08-25,373.6728820800781,0.015774792817667915,0.06903704611701045,0.11807241215294884,349.41681640625,410.43160247802734,75.93006713551159,19.229999542236328,21.670000076293945,42.0099983215332,0
2020-08-26,376.5744323730469,0.007764947450339621,0.08092716140257838,0.12593981223373252,350.3337091064453,409.98983932495116,74.55851309519952,19.31999969482422,21.309999465942383,42.88999938964844,0
2020-08-27,379.3309326171875,0.007319934672064932,0.06129085773287102,0.1379659878618582,351.1113269042969,409.5722560119629,76.61219896687072,19.299999237060547,20.43000030517578,42.88999938964844,1
2020-08-28,396.2567443847656,0.04462017281532704,0.09413795186819396,0.15799890715285136,351.99920532226565,409.18658981323244,80.26224642904731,18.899999618530277,19.959999084472656,42.93000030517578,0
2020-08-31,381.6522216796875,-0.036856212322021964,0.07301157920856127,0.0870522877680433,352.5224542236328,408.6923571777344,65.5625024326884,18.350000381469727,20.6200008392334,42.58000183105469,1
2020-09-01,378.12200927734375,-0.009249814888557362,0.05334774488760474,0.03207509591858826,352.8087426757813,408.23391036987306,63.285578412948446,22.84000015258789,19.940000534057617,42.34000015258789,1
2020-09-02,379.52435302734375,0.0037087070194092853,0.031681156308780434,0.02965078694314216,353.6656701660156,407.7200918579102,63.386469677452475,21.799999237060547,19.229999542236328,42.619998931884766,0
2020-09-03,370.1910400390625,-0.024592132003736777,-0.009317887938867009,-0.024219199274488235,354.27983459472654,407.15380355834964,61.36244868240049,21.11000061035156,19.31999969482422,43.34999847412109,1
2020-09-04,360.3257141113281,-0.026649283371886545,-0.04314875590284961,-0.024227311182332456,354.73344482421874,406.5454425048828,55.9980593188859,20.5,19.299999237060547,43.38999938964844,1
2020-09-07,361.1477966308594,0.002281498342572519,-0.04793475675941816,0.04156190838303919,355.31955993652343,405.9646463012695,52.03812808513709,22.149999618530277,18.899999618530277,43.040000915527344,1
2020-09-08,363.3723754882813,0.0061597464477838315,-0.08298753109563117,0.06702649467449495,355.7886456298828,405.38771896362306,50.68044071740768,22.01000022888184,18.350000381469727,42.970001220703125,1
2020-09-09,355.53814697265625,-0.02155978011563986,-0.06842374607987534,0.04714429344948923,355.85731628417966,404.75590362548826,49.91956959412591,22.71999931335449,22.84000015258789,42.61000061035156,1
2020-09-10,358.53643798828125,0.008433106380159039,-0.05179696184967886,0.07464853200093091,356.0091650390625,404.1460920715332,49.75792999081417,22.229999542236328,21.799999237060547,42.7599983215332,1
2020-09-11,358.343017578125,-0.0005394721140241643,-0.05581021423332133,0.06833924980686579,356.19293090820315,403.53047729492187,44.133404194382756,21.26000022888184,21.11000061035156,41.5099983215332,1
2020-09-14,351.7661437988281,-0.01835357034091789,-0.0497713187177361,0.05957758176522532,356.22871643066406,402.8195945739746,36.637189952799055,20.709999084472656,20.5,41.369998931884766,1
2020-09-15,359.3585205078125,0.02158359137975019,-0.002684220319665531,0.05854700389862688,356.141669921875,402.17182052612304,40.06696550410243,21.190000534057617,22.149999618530277,39.77000045776367,1
2020-09-16,362.4051818847656,0.008478055209732771,0.003481636232136376,0.06388405661031538,356.2528967285156,401.47326919555667,40.26696813362729,20.600000381469727,22.01000022888184,39.77000045776367,1
2020-09-17,356.8922424316406,-0.015212087819643672,-0.01783331230926133,0.02857149642038337,356.22678344726563,400.77882873535157,23.943621571087974,19.65999984741211,22.71999931335449,36.7599983215332,1
2020-09-18,357.4241027832031,0.0014902547276980371,0.005304510434690268,0.03240653856924958,356.40474487304687,400.0952687072754,30.290968184307516,20.100000381469727,22.229999542236328,38.04999923706055,1
2020-09-21,339.19268798828125,-0.051007793411123714,-0.0539519779594404,-0.03534576754892438,356.34864807128906,399.3280473327637,24.444326023179798,20.049999237060547,21.26000022888184,37.29999923706055,1
2020-09-22,342.7712707519531,0.010550294538765215,-0.043454863252015086,-0.035252584701098155,356.51983947753905,398.4824839782715,26.543165872582776,22.190000534057617,20.709999084472656,37.33000183105469,1
2020-09-23,340.3049621582031,-0.007195202177649129,-0.03258182131131859,-0.040888559450029005,356.6368701171875,397.63015014648437,29.093318748076,21.40999984741211,21.190000534057617,37.2599983215332,1
2020-09-24,324.6849060058594,-0.04590017157928539,-0.09648752575270947,-0.08789548833279681,356.46374450683595,396.7156744384766,26.925444804561053,20.989999771118164,20.600000381469727,38.27999877929688,1
2020-09-25,337.2099609375,0.0385760307915719,-0.06952224252487915,-0.03527936371736906,356.3641247558594,395.85560302734376,36.54159281710418,23.51000022888184,19.65999984741211,40.15999984741211,1
2020-09-28,351.089111328125,0.041158779390853883,-0.01626017720076156,0.007773560503749666,356.3641247558594,395.05428802490235,43.89422222168284,20.68000030517578,20.100000381469727,40.970001220703125,1
2020-09-29,345.3343200683594,-0.016391255308363162,-0.033824755019884134,-0.033824755019884134,355.9433984375,394.20074478149417,44.820801616405454,19.56999969482422,20.049999237060547,41.11000061035156,1
2020-09-30,343.1097717285156,-0.006441723890644235,0.011548255251214945,-0.052610641396481195,355.43368957519533,393.32737426757814,42.10783347889447,19.770000457763672,22.190000534057617,39.310001373291016,1
2020-10-01,357.085693359375,0.04073309122165658,0.04176085870913182,0.003943019270309822,354.9878173828125,392.51566223144533,49.43626110852958,19.530000686645508,21.40999984741211,39.59999847412109,1
2020-10-05,360.8576965332031,0.010563299633603362,0.060395047561620174,0.0052539432841749445,354.8195275878906,391.7121711730957,54.181498058538054,18.350000381469727,20.989999771118164,39.93000030517578,1
2020-10-06,368.1116027832031,0.02010184712613583,0.13375027903687053,0.0006572726643756521,355.2470245361328,390.9357614135742,54.03839801665534,19.700000762939453,23.51000022888184,40.310001373291016,1
2020-10-07,370.0943298339844,0.005386211778684258,0.09751897246765884,-0.009576697742082474,355.8379766845703,390.16805618286133,53.582704596579944,19.63999938964844,20.68000030517578,40.25,1
2020-10-08,374.7851867675781,0.012674760339338231,0.0674930514074159,-0.004751373039835749,356.543056640625,389.42960876464844,58.40145447375631,20.059999465942383,19.56999969482422,40.59999847412109,1
2020-10-09,388.3258056640625,0.03612901303082072,0.1244923631893664,0.023712469175173778,357.63694580078123,388.73033233642576,62.930021965741005,20.3799991607666,19.770000457763672,39.290000915527344,1
2020-10-12,390.7921142578125,0.006351132368173307,0.13897110038307314,-0.013790629949876565,358.74437561035154,388.0665997314453,74.8717877808283,20.3799991607666,19.530000686645508,40.220001220703125,1
2020-10-13,383.2480773925781,-0.019304475678998623,0.07326640221027558,0.004181439599295622,359.76959411621095,387.36611434936526,68.79210834141874,21.1299991607666,18.350000381469727,38.720001220703125,1
2020-10-14,393.451904296875,0.026624600372997076,0.09032426930839432,0.04054219178838414,360.84897583007813,386.72801223754885,73.0205272390077,20.71999931335449,19.700000762939453,39.220001220703125,1
2020-10-15,378.1703796386719,-0.038839625609417894,0.027325345844620985,-0.003567553380624089,361.59951354980467,385.96199981689455,73.23530363187344,20.209999084472656,19.63999938964844,40.66999816894531,1
2020-10-16,383.10302734375,0.013043453349760314,0.03514968066546986,0.03487925397471803,362.32200317382814,385.2470065307617,71.3450426865653,22.059999465942383,20.059999465942383,39.95000076293945,1
2020-10-19,403.4139404296875,0.05301684308464871,0.07638710032545504,0.11958132498155982,363.46618591308595,384.65798919677735,72.9626534455096,21.649999618530277,20.3799991607666,41.18999862670898,1
2020-10-20,400.9959411621094,-0.0059938416233277225,0.032627590835432985,0.11033749867226805,364.4536846923828,384.0672792053223,75.1639731020648,21.81999969482422,20.3799991607666,40.59999847412109,1
2020-10-21,406.5089111328125,0.013748193946118814,0.040217794324865386,0.11871165381398763,365.4779351806641,383.48551620483397,77.83441077756862,22.690000534057617,21.1299991607666,39.43000030517578,1
2020-10-22,399.3517761230469,-0.017606342232008965,0.042018994172208224,0.12323186561964117,366.3687158203125,382.8764300537109,69.73805911377508,22.920000076293945,20.71999931335449,40.20000076293945,1
2020-10-23,403.2688903808594,0.009808681197916114,0.024950917702452058,0.1247640341482954,367.31462646484374,382.35052169799803,69.77901832604546,22.63999938964844,20.209999084472656,41.040000915527344,1
2020-10-26,391.1790466308594,-0.02997960923437959,0.03439895796338366,0.09163295346078715,368.14737609863283,381.7777047729492,60.293506438326986,21.82999992370605,22.059999465942383,40.959999084472656,1
2020-10-27,396.4985656738281,0.013598680933410545,0.03496589004518258,0.1271652279890303,369.1097283935547,381.21673583984375,61.441766161167074,22.82999992370605,21.649999618530277,40.880001068115234,1
2020-10-28,383.05462646484375,-0.03390665281761385,-0.050467551872794614,0.06594001423298956,369.6223388671875,380.4901361083984,53.330734036634844,22.200000762939453,21.81999969482422,40.83000183105469,1
2020-10-29,386.7783203125,0.00972105175186555,-0.03545577246594045,0.06725383533694695,370.1146368408203,379.81141204833983,49.32318692096231,23.280000686645508,22.690000534057617,41.459999084472656,1
2020-10-30,379.71783447265625,-0.018254605982411798,-0.0659052629018585,0.06395653737244689,370.5953289794922,379.10536529541014,45.34364070678546,24.020000457763672,22.920000076293945,40.02999877929688,1
2020-11-02,403.7524719238281,0.06329604582452819,0.011019597417353921,0.12961736150380898,371.49094482421873,378.524327545166,57.57143578352181,24.75,22.63999938964844,40.63999938964844,1
2020-11-03,429.2862243652344,0.0632411049268411,0.06451609485622223,0.26561167020223553,372.7192730712891,378.08063049316405,61.886436663486066,25.209999084472656,21.82999992370605,39.84999847412109,1
2020-11-04,422.7093200683594,-0.015320557529186929,0.08060317573004849,0.233211053951641,373.7000018310547,377.5965531921387,65.67924126950703,24.239999771118164,22.82999992370605,38.560001373291016,1
2020-11-05,424.1117858886719,0.0033178019828985494,0.06964267365738519,0.2462697669730367,374.6507489013672,377.14415130615237,64.80445917989394,23.200000762939453,22.200000762939453,39.56999969482422,1
2020-11-06,428.2706298828125,0.009806009011106065,0.11804061429895985,0.3190346146706424,375.62954284667967,376.6990032958984,60.15808369970432,20.96999931335449,23.280000686645508,37.38999938964844,1
2020-11-09,447.5176696777344,0.04494130218592951,0.157039177677176,0.3271187732223584,376.6547613525391,376.3684672546387,66.71299102134896,20.5,24.020000457763672,36.16999816894531,1
2020-11-10,467.97369384765625,0.0457099809816508,0.2324248464588654,0.33291998739969997,378.3811907958984,376.17986572265625,69.94037918914906,20.11000061035156,24.75,35.790000915527344,1
2020-11-11,470.5850830078125,0.0055802050296578365,0.16552867346058742,0.36269422313617583,380.23045227050784,375.9808666992187,73.81179871850195,21.57999992370605,25.209999084472656,36.810001373291016,1
2020-11-12,461.0583190917969,-0.020244508931570704,0.07401144719596453,0.34376329991734433,381.8611315917969,375.70449325561526,68.61949156675408,22.030000686645508,24.239999771118164,37.65999984741211,1
2020-11-13,469.617919921875,0.018565115248194708,0.11097129310025555,0.3151406753483297,383.84966918945315,375.45447555541995,75.86094832146847,20.6200008392334,23.200000762939453,39.150001525878906,1
2020-11-14,470.9236450195313,0.0027803987928602947,0.11037622789183099,0.30501205750561233,386.0616278076172,375.25475158691404,75.20470103922997,19.700000762939453,20.96999931335449,38.790000915527344,1
2020-11-17,470.4400329589844,-0.0010269436790052433,0.09846438241097855,0.27798208315657713,388.2474725341797,375.06034698486326,82.44163848432832,19.700000762939453,20.5,37.13999938964844,1
2020-11-18,481.3208618164063,0.023129045351398814,0.07553487700946926,0.3005356283959162,390.6064422607422,374.8932650756836,83.32763164972296,19.799999237060547,20.11000061035156,40.290000915527344,1
2020-11-19,463.04107666015625,-0.03797837701708151,-0.01054037278665021,0.23548393321988392,392.7565008544922,374.66645965576174,77.21961070179267,19.1200008392334,21.57999992370605,41.36000061035156,1
2020-11-20,464.4434814453125,0.003028683319569847,-0.013050990743788682,0.1960149819327197,394.8746417236328,374.4955093383789,73.26660693799454,19.56999969482422,22.030000686645508,41.45000076293945,1
2020-11-23,452.8855895996094,-0.024885464663506163,-0.017726021099210065,0.15889132118165694,396.7654931640625,374.19302169799806,60.13289445753324,19.6200008392334,20.6200008392334,41.119998931884766,1
2020-11-24,462.5090637207031,0.021249238973582107,-0.015137531809592097,0.20681378721421328,398.9803515625,373.898512878418,66.6531907938421,20.799999237060547,19.700000762939453,40.130001068115234,1
2020-11-25,457.1895751953125,-0.011501371416589024,-0.029164111782174817,0.16199609203147958,400.93697265625,373.56531707763673,63.401271960658654,21.059999465942383,19.700000762939453,40.130001068115234,1
2020-11-26,459.7042236328125,0.005500231356818874,-0.02282078176605329,0.2156008201172266,402.8829534912109,373.26959930419923,62.90709342786022,23.1299991607666,19.799999237060547,41.43000030517578,1
2020-11-27,457.8182373046875,-0.004102608223220172,-0.04882943245598104,0.19502641490195582,404.9014733886719,372.97654113769534,54.93286184584545,20.020000457763672,19.1200008392334,41.81999969482422,1
2020-12-01,469.1827392578125,0.024823174410943505,0.013263753276394175,0.1630305555580771,407.13664611816404,372.7122573852539,50.63422936761483,19.81999969482422,19.56999969482422,41.7400016784668,1
2020-12-02,464.6852722167969,-0.009585747012198387,0.0005206032190008258,0.15882786960414652,409.64649780273436,372.37930313110354,46.96518593799106,20.18000030517578,19.6200008392334,42.150001525878906,1
2020-12-03,466.0393371582031,0.002913939869336968,0.02904430580408368,0.14644310221760715,412.1118591308594,372.09325744628904,52.797398158171305,19.90999984741211,20.799999237060547,43.060001373291016,1
2020-12-04,485.5765075683594,0.04192171958978674,0.04987457686145169,0.2159117264542858,415.0172900390625,371.88168502807616,57.97873135774423,19.0,21.059999465942383,44.90999984741211,1
2020-12-07,493.7008972167969,0.0167314306227917,0.07986035553388682,0.2242474165327526,418.3976098632813,371.73104583740235,60.660940760727456,18.030000686645508,23.1299991607666,45.709999084472656,1
2020-12-08,491.71820068359375,-0.00401598729996322,0.06964038049898869,0.2570156937562387,421.48777465820314,371.5724273681641,59.82146655371455,18.020000457763672,20.020000457763672,45.709999084472656,1
2020-12-09,494.7164306640625,0.006097455771009841,0.08059572632275569,0.2477130398273153,424.3603210449219,371.41139068603513,56.6682972329998,18.6200008392334,19.81999969482422,45.52999877929688,1
2020-12-10,490.3157043457031,-0.008895452112743119,0.04504207704085683,0.2800150956816694,427.25994873046875,371.21771102905274,65.7541809433524,18.920000076293945,20.18000030517578,44.54999923706055,1
2020-12-11,498.5368347167969,0.016767014187449636,0.07284836538612471,0.2889472044710284,430.36848999023437,371.14807373046875,68.2548039387739,18.709999084472656,19.90999984741211,45.27999877929688,1
2020-12-14,508.5471801757813,0.020079450026337486,0.09121084772968069,0.3392765206354882,433.3977197265625,371.1231686401367,80.30544056663058,18.790000915527344,19.0,45.63999938964844,0
2020-12-15,501.051513671875,-0.014739372856841682,0.031869346770935,0.24098686327399954,436.20159606933595,371.0958454895019,71.48252612771611,19.399999618530277,18.030000686645508,46.2599983215332,1
2020-12-16,495.63525390625,-0.010809786255175258,0.003918074081610712,0.15455662393807978,438.7520690917969,371.0818212890625,71.4054971770573,19.350000381469727,18.020000457763672,45.7599983215332,1
2020-12-17,493.6525268554688,-0.004000375346900231,0.003933810400318594,0.16782976721600718,441.2232330322266,371.1454139709473,69.01410617370723,19.200000762939453,18.6200008392334,45.59999847412109,1
2020-12-18,500.1810607910156,0.013224958002611809,0.011045984706062661,0.17936137931878116,443.7311505126953,371.19885101318357,72.55407294083165,19.15999984741211,18.920000076293945,45.52000045776367,1
2020-12-21,478.2742309570313,-0.04379779953950991,-0.024558612506080046,0.11675701667401595,445.5301190185547,371.1009231567383,54.35181847025645,18.6200008392334,18.709999084472656,46.77999877929688,1
2020-12-22,483.8839111328125,0.011729003598116128,-0.029391857458854087,0.08126213537281357,447.3919549560547,371.0619937133789,59.09298125874645,23.190000534057617,18.790000915527344,46.56999969482422,1
2020-12-23,487.07568359375,0.006596153307650399,-0.04222124793732929,0.040818511803597746,449.4685070800781,371.0576416015625,59.79289583561231,21.989999771118164,19.399999618530277,46.9900016784668,1
2020-12-24,496.69915771484375,0.01975765665427942,-0.008686444084632594,0.055492780476846804,451.5334521484375,371.1891790771484,55.70436416327009,20.5,19.350000381469727,47.619998931884766,1
2020-12-28,503.0341796875,0.012754243437419266,0.014928166878640736,0.09104241016274939,454.0307281494141,371.4906993103027,54.87616545796093,19.96999931335449,19.200000762939453,47.81999969482422,1
2020-12-29,511.4488220214844,0.016727774520633565,0.03605024627216369,0.08907433112128316,456.59764404296874,371.7960891723633,59.659085306659186,20.43000030517578,19.15999984741211,48.36000061035156,1
2020-12-30,511.400390625,-9.469451174592969e-05,0.02243053708639331,0.08595182262251866,458.757373046875,372.2946742248535,58.41050527029615,20.790000915527344,18.6200008392334,49.09999847412109,1
2020-12-31,517.49365234375,0.01191485542532189,0.08200195379174047,0.1000204406262084,461.0873272705078,372.71951095581056,63.470731007093214,21.11000061035156,23.190000534057617,47.7400016784668,1
2021-01-01,510.19140625,-0.014110793554042322,0.05436736893276617,0.05998190962395067,463.1609771728516,373.3220686340332,55.829682184418466,21.100000381469727,21.989999771118164,47.02000045776367,1
2021-01-04,514.253662109375,0.007962219295760686,0.05579826591855297,0.1106005234321914,465.4590148925781,374.1173387145996,53.035013922856514,21.100000381469727,20.5,48.119998931884766,1
2021-01-05,519.6214599609375,0.010438035248100608,0.04614926739870473,0.1188045062962566,467.7860662841797,374.9984461975098,60.105220504713024,20.030000686645508,19.96999931335449,48.22999954223633,1
2021-01-06,528.761474609375,0.017589755914092953,0.051144228286550186,0.16753874875296115,470.53771484375,376.0050468444824,67.32421700437945,20.459999084472656,20.43000030517578,47.619998931884766,1
2021-01-07,523.3451538085938,-0.010243410423920518,0.023260062932767278,0.13153491436143594,473.0746466064453,376.9499887084961,64.9901767204297,21.0,20.790000915527344,48.0,1
2021-01-08,524.2639770507812,0.00175567354641748,0.025153649980713233,0.14671026089519734,475.8988336181641,378.19790222167967,62.8881348004415,20.6200008392334,21.11000061035156,48.400001525878906,1
2021-01-11,526.8270874023438,0.004888969038042923,0.018035844529342926,0.14601315436933082,478.69980895996093,379.3981820678711,82.76752518249947,20.63999938964844,21.100000381469727,48.52000045776367,1
2021-01-12,530.018798828125,0.006058366211803667,0.03886265494720886,0.15770573480974392,481.7058282470703,380.5157673645019,82.18613500161383,22.3799991607666,21.100000381469727,48.52000045776367,1
2021-01-13,538.2398071289062,0.01551078625693636,0.046642633367246056,0.1471858661730252,484.39557495117185,381.6098977661133,83.3542226699835,22.850000381469727,20.030000686645508,47.619998931884766,1
2021-01-14,535.1448974609375,-0.005750057180790247,0.029874511920979785,0.15162870324684619,486.51274841308594,382.6421287536621,77.39488613135384,23.290000915527344,20.459999084472656,49.93000030517578,1
2021-01-15,525.1828002929688,-0.018615700561166126,-0.006768031500498428,0.12690659010762562,488.5622180175781,383.7524598693848,65.00652560119892,23.030000686645508,21.0,50.630001068115234,1
2021-01-18,515.6560668945312,-0.018139842723568056,-0.014692190914745051,0.0619460761740771,490.39310363769533,384.76510528564455,52.808247667958526,24.01000022888184,20.6200008392334,50.83000183105469,1
2021-01-19,528.5197143554688,0.024946176893461347,0.00811754667682485,0.07052613704970034,492.39808532714846,385.9030017089844,59.75749842235517,24.399999618530277,20.63999938964844,52.2400016784668,1
2021-01-20,532.9203491210938,0.00832633986225395,0.011565961326693408,0.08379219719794828,494.10613891601565,387.1813819885254,58.965745489476326,22.899999618530277,22.3799991607666,52.25,1
2021-01-21,534.5645751953125,0.00308531298707293,0.00857663233311401,0.08054744508437173,495.4379565429688,388.2772053527832,65.16248036961323,21.549999237060547,22.850000381469727,53.209999084472656,1
2021-01-22,516.2847900390625,-0.03419565381707379,-0.04079040011357915,0.05296400964356951,496.35195068359377,389.31620681762695,51.07363902912421,22.18000030517578,23.290000915527344,52.90999984741211,1
2021-01-25,520.3953247070312,0.007961758214216852,-0.027561830120940045,0.04384528578044078,497.53869079589845,390.2609074401855,50.41456940563453,22.18000030517578,23.030000686645508,53.56999969482422,1
2021-01-27,505.21044921875,-0.02917950021328486,-0.03802933200226155,-0.0065613006759333015,498.25054138183594,391.1879570007324,38.15083502434567,23.25,24.01000022888184,52.36000061035156,1
2021-01-28,510.9168395996094,0.011295075922684639,-0.009190674946312982,0.019689244835202624,499.0504052734375,392.1594969177246,43.76517366991463,24.38999938964844,24.399999618530277,52.36000061035156,1
2021-01-29,519.3796997070312,0.01656406571772817,-0.017293611572434475,0.04790709622377376,500.0291986083984,393.1025047302246,47.722151693356935,24.290000915527344,22.899999618530277,52.97999954223633,1
2021-02-01,583.98779296875,0.12439472181558608,0.09582565937269627,0.18299362648604345,502.0825372314453,394.20630737304685,66.88572237357629,25.34000015258789,21.549999237060547,53.2400016784668,0
2021-02-02,597.0932006835938,0.022441235711831098,0.11697113574245988,0.1937541172376971,504.7635797119141,395.4445491027832,68.71796374160674,23.31999969482422,22.18000030517578,53.130001068115234,0
2021-02-03,601.9290771484375,0.008099031205358376,0.16588574515800691,0.25854381898011036,507.51329162597654,396.8493885803223,68.11556210784497,23.350000381469727,22.18000030517578,52.27000045776367,0
2021-02-04,607.6839599609375,0.00956073237027022,0.1677352410939652,0.25584659043178104,510.6092590332031,398.263175201416,70.32520881361035,23.75,23.25,52.77000045776367,0
2021-02-05,593.998291015625,-0.022521030415534105,0.17574427040092933,0.21951949362977197,513.2390435791016,399.52632232666014,68.88775196696986,23.1200008392334,24.38999938964844,52.84999847412109,0
2021-02-08,608.9412841796875,0.025156626525831838,0.19185988204439886,0.22597607570190847,516.2740777587891,400.95171493530273,74.8646697297169,23.420000076293945,24.290000915527344,52.34000015258789,0
2021-02-09,612.5682373046875,0.005956162308630386,0.1794227568967781,0.2177467497044303,519.3313580322266,402.33213333129885,73.56291235708348,23.959999084472656,25.34000015258789,52.20000076293945,0
2021-02-10,611.4075927734375,-0.0018947187604059224,0.04695269342069075,0.19544237164701928,522.4031451416016,403.64895904541015,72.41094336715825,24.270000457763672,23.31999969482422,53.54999923706055,0
2021-02-11,609.9568481445312,-0.0023727945907989767,0.021543784866768334,0.19271877637614243,525.218627319336,404.9072702026367,71.5510295660682,23.950000762939453,23.350000381469727,54.7599983215332,0
2021-02-12,626.3506469726562,0.026876981343834982,0.04057217162512372,0.21035426064820006,528.4519348144531,406.2006416320801,81.80547662913825,23.049999237060547,23.75,55.68999862670898,0
2021-02-15,651.8360595703125,0.040688730379436766,0.07265635185140185,0.27763041788850695,532.1678692626953,407.82503326416014,83.80597307797967,22.040000915527344,23.1200008392334,56.22999954223633,0
2021-02-16,636.7479248046875,-0.02314713115989786,0.07196928751422615,0.2381981339575947,535.1912976074219,409.408802947998,83.8476978457943,22.040000915527344,23.420000076293945,56.84999847412109,0
2021-02-17,635.7806396484375,-0.0015191021730407428,0.04407544071331215,0.22354577060045266,538.0328924560547,410.9367170715332,82.93364439777334,21.780000686645508,23.959999084472656,57.970001220703125,0
2021-02-18,623.4974975585938,-0.01931978000562562,0.01784170250484296,0.179165895206729,540.6684783935547,412.42570251464844,76.9192604922351,21.780000686645508,24.270000457763672,58.36000061035156,0
2021-02-19,603.5734252929688,-0.03195533637847936,-0.012813330375783805,0.15329896704024382,542.8456182861328,413.8104733276367,56.58539728770066,21.540000915527344,23.950000762939453,58.68000030517578,0
2021-02-22,589.8392944335938,-0.022754697744866048,-0.03298192941375189,0.12508072317251884,544.8360900878906,415.21144439697264,47.571243364488424,22.25,23.049999237060547,58.2400016784668,0
2021-02-23,596.0777587890625,0.010576549264082802,-0.04833217356749264,0.1314485778022101,546.786908569336,416.6385299682617,48.05908819985228,25.46999931335449,22.040000915527344,59.470001220703125,0
2021-02-24,620.0639038085938,0.04023995974662653,-0.048742556192216235,0.1698903985661624,549.0172430419922,418.1040608215332,53.66340782375157,25.229999542236328,22.040000915527344,59.470001220703125,0
2021-02-25,607.3937377929688,-0.02043364552879401,-0.046100169106515265,0.12848163541255953,551.1440875244141,419.55774337768554,53.987877431155056,24.170000076293945,21.780000686645508,60.04999923706055,0
2021-02-26,578.1363525390625,-0.04816873048480241,-0.0906669431476399,0.0803361020204123,552.7941094970703,420.8878680419922,41.54947971605898,22.88999938964844,21.780000686645508,61.13999938964844,0
2021-03-01,588.3885498046875,0.017733182182022134,-0.056309685109212304,0.12034999904121002,554.6888299560546,422.38628326416017,43.599590539233205,28.13999938964844,21.540000915527344,60.52000045776367,0
2021-03-02,590.4679565429688,0.003534070707139847,-0.021713130831826688,0.1450809841121079,556.4945678710938,423.8863908386231,44.48406758514465,25.6299991607666,22.25,59.2400016784668,0
2021-03-03,611.3591918945312,0.03538081130409698,0.03648434016523505,0.1567386708366887,559.1562670898437,425.46508239746095,50.33508654846854,23.61000061035156,25.46999931335449,61.4900016784668,0
2021-03-04,600.3817138671875,-0.017955856676213244,0.007220459100618859,0.12658808179750092,561.4862231445312,426.9949314880371,43.62990238131385,22.09000015258789,25.229999542236328,61.66999816894531,0
2021-03-05,589.4524536132812,-0.01820385265152158,-0.049368218351832804,0.1026777324290793,563.5337585449219,428.5346940612793,33.52068385196536,24.149999618530277,24.170000076293945,63.220001220703125,0
2021-03-08,588.0983276367188,-0.0022972607345373985,-0.03176754871784149,0.13909675238006303,565.3617419433593,430.05970672607424,36.143229022701064,25.559999465942383,22.88999938964844,63.52999877929688,0
2021-03-09,604.5889282226562,0.028040550042380152,0.04575490810674543,0.16178777847980053,567.3928369140625,431.5407125854492,41.8375284104068,24.68000030517578,28.13999938964844,61.5,0
2021-03-10,605.072509765625,0.0007998518007770183,0.028355344383359737,0.19766428168954198,569.2653106689453,432.9854489135742,44.861056588895764,22.5,25.6299991607666,60.63999938964844,0
2021-03-12,592.7409057617188,-0.020380373930197093,0.003849403161616971,0.16015143722064917,570.8921209716797,434.3438639831543,46.84506473412364,20.75,23.61000061035156,59.75,1
2021-03-15,583.6976928710938,-0.015256603353540732,-0.04524590353784941,0.12383617072508346,572.2162017822266,435.62176040649416,48.1610304545521,21.709999084472656,22.09000015258789,61.27999877929688,0
2021-03-16,575.4283447265625,-0.014167176340643017,-0.04156250692562735,-0.01465689582084384,573.5209405517578,436.8140612792969,43.89127509701519,21.229999542236328,24.149999618530277,63.83000183105469,1
2021-03-17,570.1570434570312,-0.009160656262138245,-0.03273446405723002,-0.04511214864902857,574.6390081787109,437.939141998291,33.39768449521428,20.190000534057617,25.559999465942383,66.08999633789062,1
2021-03-18,559.61474609375,-0.018490164217493832,-0.04843336599413639,-0.07029786840527175,575.4388739013672,439.0550347900391,33.8772986575177,20.15999984741211,24.68000030517578,65.05000305175781,1
2021-03-19,567.4005737304688,0.013912835019208813,-0.0615101480629362,-0.06629002719284904,576.211655883789,440.1646405029297,45.76335688482507,20.07999992370605,22.5,64.01000213623047,1
2021-03-22,554.6336669921875,-0.02250069409402089,-0.08335999728854815,-0.06627060147956221,576.837426147461,441.1978384399414,36.93860122300643,19.989999771118164,20.75,64.44000244140625,1
2021-03-23,567.1587524414062,0.02258262740728134,-0.04315908193890794,-0.06861504191585077,577.6953216552735,442.3480661010742,41.65512931448899,20.489999771118164,21.709999084472656,65.61000061035156,1
2021-03-24,548.8788452148438,-0.032230671126689536,-0.05965219338966887,-0.10397109776712932,578.1363568115235,443.3853742980957,27.205362343883323,20.670000076293945,21.229999542236328,65.38999938964844,1
2021-03-25,552.7960205078125,0.00713668476589846,-0.03933126413768273,-0.0958633372538833,578.5919012451172,444.49909057617185,31.696435279092483,22.459999084472656,20.190000534057617,64.80000305175781,1
2021-03-26,559.5662841796875,0.012247308990494643,-0.01857516170128992,-0.08261332603794869,579.0184307861329,445.6323921203613,38.124503121090754,22.700000762939453,20.15999984741211,64.5999984741211,1
2021-03-30,572.0430908203125,0.02229728093592298,0.022208751312068564,-0.08670471790015499,579.7563946533203,446.89142852783203,44.13845292004423,20.649999618530277,20.07999992370605,60.0,1
2021-03-31,562.9998779296875,-0.015808621825423974,-0.007755888880845108,-0.13628608042823742,580.5127362060547,448.0479431152344,33.94326137517763,20.489999771118164,19.989999771118164,61.41999816894531,1
2021-04-01,574.896240234375,0.021130310628900695,0.03653325509804106,-0.09713684514839138,581.6975396728516,449.26877532958986,39.293068066745725,20.649999618530277,20.489999771118164,61.54999923706055,1
2021-04-05,552.5059814453125,-0.03894660848701048,-0.025835396056252402,-0.13098017305020915,582.1772650146485,450.32905502319335,36.67523304885183,19.989999771118164,20.670000076293945,57.7599983215332,1
2021-04-06,547.3314208984375,-0.009365619053279262,-0.0028192456858134873,-0.1221593943173741,582.4654864501953,451.30639801025393,37.63971124855254,21.21999931335449,22.459999084472656,61.18000030517578,1
2021-04-07,558.6959228515625,0.020763474412761385,0.010672837945414626,-0.0743530125098254,582.9481134033203,452.3224287414551,44.430118450192,20.84000015258789,22.700000762939453,58.560001373291016,1
2021-04-08,557.777099609375,-0.0016445855511131313,-0.0031974488472539253,-0.05435750911611814,583.7779595947266,453.29227630615236,45.75599075843674,20.25,20.649999618530277,60.970001220703125,1
2021-04-09,547.62158203125,-0.01820712536466118,-0.04269172931368148,-0.08129170404923625,584.3224847412109,454.3469943237305,45.87765209780381,20.309999465942383,20.489999771118164,60.54999923706055,1
2021-04-12,520.8788452148438,-0.04883433687403538,-0.07481534964045622,-0.15995941383546042,584.6358526611328,455.2539744567871,35.852959212915735,19.790000915527344,20.649999618530277,59.15999984741211,1
2021-04-13,542.205322265625,0.04094325820044542,-0.05686403159537534,-0.10732480674597167,585.2616223144531,456.27677505493165,46.40761263060436,23.0,19.989999771118164,61.45000076293945,1
2021-04-15,556.3262329101562,0.026043474795722332,0.0069144074329299254,-0.03772487153440607,586.0005529785157,457.3991960144043,46.89750436845649,20.459999084472656,21.21999931335449,58.650001525878906,1
2021-04-16,548.3470458984375,-0.014342640234632498,0.0018555941815525667,-0.06805282652006328,585.2877380371094,458.44134078979494,49.83813924594772,20.88999938964844,20.84000015258789,59.33000183105469,1
2021-04-19,541.3832397460938,-0.012699632840975639,-0.030987666810069925,-0.08312850215319534,584.1735388183594,459.38773391723635,46.58960461102922,20.399999618530277,20.25,59.77000045776367,1
2021-04-20,540.7545166015625,-0.0011613273156112491,-0.03051861221935037,-0.1154880407934541,582.9500476074219,460.33678649902345,44.164428711861994,22.489999771118164,20.309999465942383,59.59999847412109,1
2021-04-22,560.195068359375,0.03595078942657559,0.022960173120802008,-0.06693515904900182,582.0002697753906,461.39198822021484,46.4768568564063,22.43000030517578,19.790000915527344,59.31999969482422,1
2021-04-23,551.24853515625,-0.01597038908130055,0.05830470985797054,-0.06481255311237621,581.1452746582031,462.3983465576172,46.50359530369584,23.030000686645508,23.0,59.70000076293945,1
2021-04-26,571.7045288085938,0.0371084771164889,0.05440597008473702,-0.027875948727832167,580.4005395507812,463.43831497192383,49.096388352735644,22.690000534057617,20.459999084472656,60.18000030517578,1
2021-04-27,579.103515625,0.0129419769191359,0.04094231292257278,-0.04215329029027559,579.7312451171875,464.54961334228517,58.228553689701194,23.5,20.88999938964844,63.459999084472656,1
2021-04-28,600.9619750976562,0.03774534065652402,0.09595187863739096,-0.006793457976732364,579.5223327636719,465.76343368530274,65.03931315204565,23.07999992370605,20.399999618530277,63.130001068115234,1
2021-04-29,601.0587158203125,0.00016097644554058377,0.1102277863315575,0.014032792368032565,579.3443701171875,467.0260971069336,62.68093117343814,22.57999992370605,22.489999771118164,63.380001068115234,1
2021-04-30,580.7960815429688,-0.03371157217093135,0.07404758298285197,-0.0049710858267274505,578.4332788085937,468.22008987426756,56.17537304268234,23.309999465942383,22.43000030517578,62.43999862670898,1
2021-05-03,577.169189453125,-0.006244691045794171,0.030300375802060353,0.003025302355221582,576.93994140625,469.43487731933595,58.214576602503186,23.030000686645508,23.030000686645508,61.43000030517578,1
2021-05-04,572.1397705078125,-0.008713942180589962,0.0378980333174781,0.0034775104044306726,575.6477783203125,470.6233090209961,66.20793094571013,23.690000534057617,22.690000534057617,62.13999938964844,1
2021-05-05,583.0206298828125,0.019017834340274042,0.019793618038676408,0.04182499469937384,574.592578125,471.871706237793,63.81792649482508,23.01000022888184,23.5,61.90999984741211,1
2021-05-06,588.2435302734375,0.008958345765011533,0.015783041203908166,0.03673411256166581,573.8874987792968,473.1019691467285,61.498274158374606,23.01000022888184,23.07999992370605,62.93999862670898,1
2021-05-07,587.1795043945312,-0.0018088186680296214,-0.022934014587005058,0.05867988068384267,573.5596203613281,474.28242111206055,64.72303665769567,22.040000915527344,22.57999992370605,63.86000061035156,1
2021-05-10,593.1278076171875,0.010130297767783736,-0.013194897593824972,0.04578798275437723,573.625390625,475.41620697021483,69.77080978924239,20.81999969482422,23.309999465942383,65.01000213623047,1
2021-05-11,589.8392944335938,-0.005544358469391164,0.015570375176430895,0.07462566571083129,573.5006213378906,476.5224273681641,68.38094628600685,20.229999542236328,23.030000686645508,63.58000183105469,1
2021-05-12,575.2348022460938,-0.024760120808031805,-0.0033515080887531745,0.04059143138850452,572.6040393066406,477.50170486450196,55.843634730320225,20.229999542236328,23.690000534057617,64.48999786376953,1
2021-05-14,577.7011108398438,0.00428748153644376,0.009720247776334734,0.03240871934723799,572.0101867675781,478.54384948730467,60.82307502900561,20.07999992370605,23.01000022888184,65.69000244140625,1
2021-05-17,603.13818359375,0.04403154551135735,0.03450573218134867,0.05435795532264365,572.5102233886719,479.82585662841797,62.357394559674134,20.270000457763672,23.01000022888184,65.62999725341797,1
2021-05-18,612.4232788085938,0.015394640013536076,0.041104996979595576,0.08778581100345928,572.99091796875,481.1852394104004,62.90746111407186,19.61000061035156,22.040000915527344,64.70999908447266,1
2021-05-19,604.927490234375,-0.012239555277521519,0.0302258265266675,0.05223768725249767,573.2801086425782,482.51222091674805,51.7285102157984,19.239999771118164,20.81999969482422,64.9000015258789,1
2021-05-20,598.3021850585938,-0.010952230280052766,0.00872388273649416,0.08288815895437351,573.0189685058593,483.83557510375977,48.86317011493905,19.31999969482422,20.229999542236328,64.91999816894531,1
2021-05-21,621.3696899414062,0.038554940060186116,0.053455908762555904,0.13527136615222246,573.4387280273437,485.2653204345703,66.35472309369821,19.31999969482422,20.229999542236328,65.27999877929688,0
2021-05-24,626.10888671875,0.007627016338358272,0.0884405537947468,0.12066127764654944,574.1718566894531,486.73592910766604,69.55166844181228,19.07999992370605,20.07999992370605,66.08000183105469,1
2021-05-25,628.9620971679688,0.004557051512511734,0.08873271206559297,0.12762266075184225,574.9891320800781,488.1833255004883,73.10253062091508,19.1299991607666,20.270000457763672,65.37000274658203,0
2021-05-26,631.0899047851562,0.003383045857243916,0.04634380968032592,0.15241971005653898,575.5191516113281,489.6355575561523,71.04138936697389,19.1299991607666,19.61000061035156,66.2699966430664,1
2021-05-27,630.8480834960938,-0.0003831804109508674,0.030085082205469904,0.21112248902312714,576.0346630859375,491.0549052429199,69.49964270968528,20.8700008392334,19.239999771118164,65.48999786376953,0
2021-05-28,621.949951171875,-0.01410503187218426,0.028139671633875984,0.1470745963411686,576.6188439941407,492.43363098144533,64.84919573666143,19.90999984741211,19.31999969482422,63.36000061035156,0
2021-05-31,641.0035400390625,0.030635244574401588,0.07137088255207846,0.15220800695656056,577.7649609375,493.8805436706543,68.38774044367096,17.399999618530273,19.31999969482422,62.04999923706055,0
2021-06-01,628.7686157226562,-0.019087140011209036,0.011907445601261557,0.14666180920597882,578.8317663574219,495.24790481567385,63.99024351724712,17.399999618530273,19.07999992370605,63.58000183105469,1
2021-06-02,627.0759887695312,-0.0026919711175145133,0.0015446227825475223,0.15828482068197558,579.9701452636718,496.60922103881836,70.53630579285306,17.389999389648438,19.1299991607666,66.05000305175781,1
2021-06-03,628.9136962890625,0.002930597810222757,-7.695357021386684e-05,0.16302994608634447,581.3561242675781,497.9739227294922,70.38883432321036,17.209999084472656,19.1299991607666,66.06999969482422,1
2021-06-04,621.6114501953125,-0.011610887371092837,-0.01501918271544933,0.10963392094079949,582.440341796875,499.3342721557617,58.59581878762336,15.75,20.8700008392334,66.20999908447266,1
2021-06-07,626.9309692382812,0.008557627182216976,-0.006209282964139695,0.13729276225755283,583.8862878417968,500.72702224731444,57.00926532080657,15.9399995803833,19.90999984741211,66.8499984741211,1
2021-06-08,621.3212890625,-0.008947843464483851,-0.0010107921195113834,0.08678741859419126,584.9695385742187,502.04650817871095,58.0675546114901,15.56999969482422,17.399999618530273,66.31999969482422,0
2021-06-09,615.2279663085938,-0.009807040030932024,-0.04021128140555663,0.06237995403050922,586.2965209960937,503.3118309020996,58.373189561050076,15.229999542236328,17.399999618530273,66.31999969482422,1
2021-06-10,619.386962890625,0.006760090258876694,-0.01492067606022085,0.030659157411705884,587.62833984375,504.6303495788574,48.79341531992973,14.75,17.389999389648438,67.72000122070312,1
2021-06-11,614.8411254882812,-0.007339252639624094,-0.019510973949517063,0.02293022179897819,588.7338366699219,505.90969680786134,43.12685081836235,15.0,17.209999084472656,68.83000183105469,1
2021-06-14,614.3092041015625,-0.0008651363167945236,-0.023221774742185675,0.0577020465936362,589.5791589355468,507.1418937683105,40.80148357606201,14.100000381469728,15.75,68.80999755859375,1
2021-06-15,624.1260986328125,0.01598038001987523,0.004045370201449572,0.08135726930292275,590.8016833496093,508.3941598510742,46.013265470850136,14.720000267028809,15.9399995803833,69.62000274658203,1
2021-06-16,619.0966796875,-0.008058337820401662,-0.012496255465414108,0.08207244383310419,591.6856921386719,509.6067710876465,43.622020534354334,14.609999656677246,15.56999969482422,69.2300033569336,1
2021-06-17,612.229736328125,-0.011091875606312751,-0.01463261100885993,0.0500996104566378,592.8801672363281,510.77126510620116,44.605492604129545,14.869999885559082,15.229999542236328,70.05000305175781,1
2021-06-18,609.7150268554688,-0.004107460522480233,-0.008960807627460432,0.0365010331215212,594.1278393554687,511.8385565185547,28.731139860644703,15.289999961853027,14.75,69.95999908447266,1
2021-06-21,610.5371704101562,0.0013484062528812402,-0.014287986365046357,0.03977943003938833,595.1646643066406,512.982981262207,35.33081107201998,14.800000190734863,15.0,70.29000091552734,1
2021-06-22,610.1502685546875,-0.0006337072896132057,-0.007629380565375321,0.028699482167065193,596.2121276855469,514.1431225585937,36.08911442390751,15.0600004196167,14.100000381469728,70.91000366210938,1
2021-06-23,604.2020874023438,-0.009748715126248642,-0.01645281664630205,0.024350349500777524,597.3437377929688,515.2665112304687,30.97547474971502,14.739999771118164,14.720000267028809,70.87999725341797,1
2021-06-24,613.2452392578125,0.01496709800250473,-0.01743375160698324,0.06607812472976438,599.1910656738281,516.4817822265625,43.727313497039205,15.369999885559082,14.609999656677246,72.12000274658203,1
2021-06-25,627.7047119140625,0.023578613792011982,0.013904180896120444,0.08655617954676442,600.9010534667968,517.8186772155761,50.51019874287545,15.100000381469728,14.869999885559082,72.1500015258789,1
2021-06-28,628.9620971679688,0.0020031477063029435,0.027330199510067654,0.042815915617129496,602.3537707519531,519.1577487182617,55.34507036841264,13.369999885559082,15.289999961853027,71.04000091552734,1
2021-06-29,619.0966796875,-0.015685233696736023,0.015386947047075328,0.010896713286093096,603.7687634277344,520.4363702392578,52.57066333131363,13.399999618530272,14.800000190734863,71.63999938964844,1
2021-06-30,610.1986694335938,-0.014372569819624426,-0.0005544313974120696,0.00871373724010538,605.1450720214843,521.7096728515625,44.256339388796775,13.0,15.0600004196167,73.66000366210938,1
2021-07-01,610.1502685546875,-7.931986962739224e-05,0.0,0.019802841761197065,606.5329870605469,522.9677420043945,46.89301760737898,13.050000190734863,14.739999771118164,73.05999755859375,1
2021-07-02,619.2418823242188,0.014900614222570496,0.024891994310274335,-0.0034243827010425054,607.7139233398437,524.272236328125,52.9344186461959,12.84000015258789,15.369999885559082,73.08000183105469,1
2021-07-05,626.5924682617188,0.011870298420240566,0.021764912549602444,0.0007723601329203689,609.2208020019531,525.6463679504394,51.51158310546181,12.09000015258789,15.100000381469728,73.30000305175781,1
2021-07-06,628.9620971679688,0.0037817704908322813,0.0020031477063029435,0.0,610.3659533691406,526.9943858337402,56.250062835104444,12.09000015258789,13.369999885559082,74.05000305175781,1
2021-07-07,632.5406494140625,0.005689615101143408,0.005689615101143408,0.0022987923240511687,611.4346960449219,528.3450631713868,63.42707736505298,12.279999732971191,13.399999618530272,72.91000366210938,1
2021-07-08,620.8377075195312,-0.0185014858813769,0.0028122067023683694,-0.015868124574598186,611.8322106933593,529.6647904968262,56.556453411813806,12.210000038146973,13.0,72.9800033569336,1
2021-07-09,617.5975952148438,-0.005218936068868807,0.012125437422074281,-0.006997919927207219,612.16298828125,530.9656579589844,54.04653596819805,13.5600004196167,13.050000190734863,73.47000122070312,1
2021-07-12,625.0450439453125,0.012058739846417366,0.02441165096248743,-0.02489611226293309,613.0479675292969,532.3949197387695,57.897472275547464,12.9399995803833,12.84000015258789,75.2300033569336,1
2021-07-13,643.13134765625,0.028936000510900728,0.03857856843010388,0.022842634912823012,614.3672106933594,533.8967201232911,68.2871178745075,12.989999771118164,12.09000015258789,75.16000366210938,1
2021-07-14,642.5509643554688,-0.0009024335431577768,0.025468700793709997,0.02467799096613943,615.7754345703125,535.4079501342774,64.95552386772594,12.619999885559082,12.09000015258789,75.16000366210938,1
2021-07-15,645.5493774414062,0.004666420645629499,0.026372464013531438,0.026451453117499968,617.0260095214844,537.0122724914551,60.3130236019937,12.59000015258789,12.279999732971191,73.37000274658203,1
2021-07-16,638.6339111328125,-0.010712528816932299,0.009632996273669203,0.02738440698309441,618.0338171386719,538.5193922424316,55.24653895893633,12.270000457763672,12.210000038146973,72.19999694824219,1
2021-07-19,634.3783569335938,-0.006663526826613753,0.021810288341154838,0.011879119170586039,618.9777941894531,539.935838470459,58.82686822891511,11.710000038146973,13.5600004196167,72.94000244140625,1
2021-07-20,620.8377075195312,-0.021344753121014692,0.005246316258016526,-0.0007783115619591774,619.5319921875,541.3133554077149,55.83241875903421,12.68000030517578,12.9399995803833,74.55999755859375,1
2021-07-22,634.4266967773438,0.02188815062813343,0.015009562787369424,0.031205880616812065,620.423740234375,542.769940032959,61.588165268105875,13.210000038146973,12.989999771118164,74.0999984741211,1
2021-07-23,654.4474487304688,0.031557234357922015,0.017595318771908453,0.0566051401473151,622.0079931640626,544.2567488098144,65.21734542261845,11.890000343322754,12.619999885559082,75.25,1
2021-07-26,654.5441284179688,0.00014772719748168406,0.01866492267197839,0.06457441001227271,623.544853515625,545.7251809692383,62.89023094105779,11.760000228881836,12.59000015258789,73.12999725341797,1
2021-07-27,655.2213134765625,0.0010345903800719203,0.01498248836284266,0.06659856160682898,624.5865161132813,547.1607295227051,62.3017690739454,12.449999809265137,12.270000457763672,71.6500015258789,1
2021-07-28,662.5718994140625,0.011218478071933102,0.0374831149175725,0.06159941214678888,625.5894885253906,548.6231173706054,63.58862076736469,13.229999542236328,11.710000038146973,71.80999755859375,1
2021-07-29,666.888427734375,0.0065148074105312315,0.05124713106217205,0.07719593662010715,626.8287072753906,550.0836335754394,72.32977613252226,13.6899995803833,12.68000030517578,66.41999816894531,1
2021-07-30,662.038330078125,-0.0072727272727273196,0.06636295131493375,0.08135605115937228,628.1034301757812,551.4521961975098,71.21781777172947,12.949999809265137,13.210000038146973,67.41999816894531,1
2021-08-02,660.9712524414062,-0.0016118064290822076,0.04184022488161232,0.08406587229821971,628.8954614257813,552.8030918884277,68.26545868220215,12.800000190734863,11.890000343322754,71.91000366210938,1
2021-08-03,669.7015380859375,0.013208268305594961,0.023308348722360206,0.0969054310584152,629.767314453125,554.2353591918945,64.92897756500388,12.8100004196167,11.760000228881836,72.06999969482422,1
2021-08-04,693.2244873046875,0.03512452619711848,0.05909511247195676,0.13615370349141154,631.0525622558594,555.7342221069335,72.63601073352088,13.75,12.449999809265137,71.91000366210938,1
2021-08-05,681.3902587890625,-0.017071278831533254,0.0399390935158217,0.12775224216548997,632.0585693359375,557.2503215026856,64.83885200341444,13.210000038146973,13.229999542236328,71.6500015258789,1
2021-08-06,676.7341918945312,-0.006833186759678367,0.02137472550977937,0.1035294667979112,632.9762915039063,558.7184773254395,66.07503287188231,12.869999885559082,13.6899995803833,72.38999938964844,1
2021-08-09,681.7782592773438,0.0074535429762925265,0.02232732031886364,0.08614488044608515,634.1728576660156,560.1102989196777,69.86648575527437,12.609999656677246,12.949999809265137,73.62000274658203,1
2021-08-10,679.88671875,-0.0027744218909953045,0.02695975121224281,0.08096612150609683,634.9505212402344,561.5047528076171,77.4271427672339,12.609999656677246,12.800000190734863,73.94999694824219,1
2021-08-11,672.757080078125,-0.010486509701179592,0.01783107448801413,0.08667531607133006,635.8302905273438,562.8359936523437,68.9402416007634,12.710000038146973,12.8100004196167,71.26000213623047,1
2021-08-12,680.3231811523438,0.011246408693818655,0.01586026380761174,0.11492078765730818,636.895234375,564.2408506774902,64.58066504241981,12.710000038146973,13.75,70.55999755859375,1
2021-08-13,683.6697998046875,0.004919160106635179,-0.01378296305883453,0.12049413896703132,637.9903564453125,565.6428552246093,65.83209968620795,12.369999885559082,13.210000038146973,68.1500015258789,1
2021-08-16,681.584228515625,-0.0030505534830678194,0.00028466759549394816,0.10067527402606369,639.1898120117188,567.0948811340332,64.11421557991379,12.989999771118164,12.869999885559082,69.08999633789062,1
2021-08-17,680.177734375,-0.002063566147485707,0.005088471251657234,0.08551852891231926,640.2547473144531,568.513276977539,60.06654401089942,13.460000038146973,12.609999656677246,68.27999877929688,0
2021-08-18,667.6643676757812,-0.018397201300211607,-0.020701586490192048,0.06153354976727132,641.1816088867188,569.9363256835937,50.40563919202723,13.40999984741211,12.609999656677246,66.4800033569336,1
2021-08-20,660.2922973632812,-0.011041581173731108,-0.028820126715732752,0.04387330359705066,642.0828955078125,571.3038955688477,49.11067408709406,12.90999984741211,12.710000038146973,68.29000091552734,1
2021-08-23,662.2322998046875,0.0029380964296465972,-0.015644250480746025,0.06667538357253222,642.9398022460938,572.7164678955078,50.63664180001294,14.020000457763672,12.710000038146973,69.25,1
2021-08-24,673.630126953125,0.01721122203160297,-0.009838051068437714,0.09072660284369993,644.1155822753906,574.0658561706543,51.9313353657073,13.6899995803833,12.369999885559082,69.08999633789062,0
2021-08-25,670.33203125,-0.004896003862004394,-0.019509079614892788,0.0724539579081116,645.2360388183594,575.2710852050782,35.9523923667187,13.1899995803833,12.989999771118164,68.44000244140625,1
2021-08-26,677.8496704101562,0.011214799248273621,-0.005479231985167865,0.05398325377923108,646.3105102539063,576.5467869567871,47.7058356858052,13.5,13.460000038146973,67.29000091552734,1
2021-08-27,678.7711791992188,0.001359458932103541,-0.0020679229923245,0.056369403911924465,647.5040002441406,577.8200839233399,51.387016389518294,13.539999961853027,13.40999984741211,66.58999633789062,1
2021-08-30,692.2544555664062,0.01986424406394871,0.03683001382300222,0.07234935042476942,649.1044946289062,579.1400030517578,56.398087305811885,13.40999984741211,12.90999984741211,65.45999908447266,0
2021-08-31,697.4925537109375,0.007566723626567962,0.05633907361362023,0.09216335298218215,650.8600451660157,580.3898774719238,60.33008543286558,13.31999969482422,14.020000457763672,62.31999969482422,0
2021-09-01,698.317138671875,0.0011822132817769226,0.05448969927596403,0.10078966446355975,652.61564453125,581.541594696045,66.19544552403082,14.520000457763672,13.6899995803833,65.63999938964844,1
2021-09-02,703.40966796875,0.007292573839101868,0.04420755519103614,0.1330008784085026,654.4808325195313,582.7057176208496,65.10150875750087,14.1899995803833,13.1899995803833,67.54000091552734,1
2021-09-03,702.5851440429688,-0.00117218167922295,0.04811512994959344,0.10743313232536567,656.4484936523437,583.9133517456055,62.79523349074716,14.239999771118164,13.5,68.36000061035156,1
2021-09-06,699.5296020507812,-0.004348998862407805,0.03198339187434707,0.06888582636812957,658.1741809082031,585.06291015625,61.98186523218616,14.539999961853027,13.539999961853027,67.41999816894531,1
2021-09-07,695.4070434570312,-0.0058933297199490475,0.024508795846987397,0.06242958001598464,659.5282275390625,586.1853271484375,59.81249385531982,15.109999656677246,13.40999984741211,68.73999786376953,1
2021-09-08,699.3355102539062,0.005649161644014411,0.010228976687056912,0.06732717002637867,660.9356958007812,587.3298045349121,72.94454221459713,14.899999618530272,13.31999969482422,69.20999908447266,1
2021-09-09,698.6565551757812,-0.0009708574327628172,0.0016688371204118813,0.05446149435801573,662.5268933105468,588.416483001709,80.77827070540883,14.40999984741211,14.520000457763672,68.5,1
2021-09-13,686.1918334960938,-0.017840985799598474,-0.017363608172129785,0.028945480171695737,664.0467565917969,589.5322367858887,66.44480694937025,13.9399995803833,14.1899995803833,68.58999633789062,1
2021-09-14,686.2403564453125,7.071338778774638e-05,-0.024408694257810892,0.03655683556015776,665.5685583496094,590.6412211608887,60.2523818975784,14.029999732971191,14.239999771118164,69.98999786376953,1
2021-09-15,692.9334716796875,0.00975331044219696,-0.013737370402883142,0.04835644382448323,667.0423901367187,591.8414605712891,67.41411029096409,13.579999923706056,14.539999961853027,69.29000091552734,1
2021-09-16,705.3981323242188,0.0179882501769133,0.008389252229259458,0.05330224317582588,668.6185034179688,593.0559059143067,69.72225232374008,13.729999542236328,15.109999656677246,69.29000091552734,1
2021-09-17,698.5595703125,-0.009694613152981257,0.004533354795770883,0.007696039458380488,670.0104528808594,594.2627558898926,63.06024471065185,14.40999984741211,14.899999618530272,68.3499984741211,1
2021-09-20,688.7138671875,-0.014094292803970232,-0.01518819352180456,0.01074803800608004,671.1339172363281,595.407804107666,47.54536768495535,15.229999542236328,14.40999984741211,69.30000305175781,1
2021-09-21,690.5083618164062,0.00260557353990043,-0.011662659283751986,0.02035388500662849,672.5273303222656,596.5712547302246,44.91518419342999,17.489999771118164,13.9399995803833,68.13999938964844,1
2021-09-22,682.2632446289062,-0.011940647852273556,-0.005725204928732075,0.0007113535008824723,673.8206433105469,597.6366572570801,39.4517561624696,16.520000457763672,14.029999732971191,70.44999694824219,1
2021-09-23,695.5040283203125,0.01940714789437048,0.013499165107376143,0.022970458371396996,675.2298229980469,598.7907510375976,45.30798778800274,16.489999771118164,13.579999923706056,70.45999908447266,1
2021-09-24,701.2756958007812,0.008298539254197657,0.0120389971938748,0.0423906586302214,676.3927099609375,599.9669328308105,49.26594568258087,16.600000381469727,13.729999542236328,72.61000061035156,1
2021-09-27,708.1142578125,0.009751602761464362,0.003850485794925307,0.04084981583764824,677.7039758300781,601.0796215820312,54.61660311018652,16.920000076293945,14.40999984741211,72.61000061035156,1
2021-09-28,695.6495361328125,-0.017602698352937263,-0.004165763813651191,0.017522693457495686,678.7059790039062,602.0893647766113,50.11966903514769,18.049999237060547,15.229999542236328,71.97000122070312,1
2021-09-29,688.2288818359375,-0.010667230999861221,-0.0007041899033383148,0.009748836669509542,679.6978784179687,603.071918182373,44.701553856806186,18.540000915527344,17.489999771118164,70.29000091552734,1
2021-09-30,679.838134765625,-0.012191797368237611,-0.015452712292596815,-0.0004992806912256231,680.6070739746094,603.9975267028808,41.63789535578155,18.84000015258789,16.520000457763672,70.55999755859375,1
2021-10-01,671.593017578125,-0.012128059262728086,-0.015639457547775404,0.005884168891654218,681.6221801757813,604.903913269043,43.26016229464498,18.399999618530277,16.489999771118164,72.2300033569336,1
2021-10-04,679.2076416015625,0.011338152458608253,-0.02343104576706312,0.028646925481056185,682.5177990722656,605.8072673034668,46.965217895163796,17.209999084472656,16.600000381469727,73.30000305175781,1
2021-10-05,676.2006225585938,-0.004427245600297169,-0.03575636998734777,0.02109278384341251,682.9528625488281,606.6455345153809,42.54212602088034,16.739999771118164,16.920000076293945,73.9800033569336,1
2021-10-06,668.8284301757812,-0.010902374438695017,-0.05547950377115718,-0.007128090899173656,683.2385485839844,607.4844190979004,32.9257102342351,16.399999618530273,18.049999237060547,75.44999694824219,1
2021-10-07,681.147705078125,0.018419185468993904,-0.020846461186914134,0.01613480085079111,683.7570764160156,608.4119813537598,42.26625199662972,17.329999923706055,18.540000915527344,75.29000091552734,1
2021-10-08,682.311767578125,0.0017089722116387929,-0.008597596546700892,0.006582723814365421,684.1518737792969,609.355277557373,46.91878001407658,16.15999984741211,18.84000015258789,74.83000183105469,1
2021-10-11,691.9149169921875,0.014074430297676077,0.017764202401981954,0.019364018679277395,684.6524035644532,610.3139468383789,50.62962588556081,15.649999618530272,18.399999618530277,75.02999877929688,1
2021-10-12,687.3557739257812,-0.006589167185793943,0.02347069718577388,-0.007076417639835686,685.1587524414062,611.3593545532226,52.3573966583487,16.09000015258789,17.209999084472656,75.87999725341797,1
2021-10-13,688.6653442382812,0.0019052292308836538,0.01392461164662051,-0.012655632559361418,685.7126342773438,612.38326171875,46.44116980046157,15.850000381469728,16.739999771118164,77.62000274658203,1
2021-10-14,705.4951782226562,0.024438334417699048,0.043322284373561226,0.010279053961690154,686.4285070800781,613.4753591918945,51.96916871752803,16.100000381469727,16.399999618530273,78.93000030517578,0
2021-10-18,723.10107421875,0.024955373955138915,0.08114583889429583,0.027994221783819384,687.0260388183593,614.6073687744141,56.3554084022338,15.770000457763672,17.329999923706055,77.43000030517578,0
2021-10-19,725.0411376953125,0.0026829768973286594,0.06444040299916032,0.0319619534269151,687.8990563964844,615.7174035644531,63.685617755789686,17.18000030517578,16.15999984741211,78.30000305175781,0
2021-10-20,723.4890747070312,-0.002140655071262265,0.06034969508889709,0.03425083454082434,688.8341540527343,616.7776048278809,67.36737043684258,17.3799991607666,15.649999618530272,79.3499984741211,0
2021-10-21,732.8497314453125,0.012938214363598766,0.05916163020602605,0.05384283685443414,689.8555834960938,617.8848515319825,75.86368931483744,18.309999465942383,16.09000015258789,80.5199966430664,0
2021-10-22,736.5357666015625,0.00502972846695382,0.07154954470651109,0.0531937186117577,690.988564453125,618.9800621032715,83.15991224024233,18.040000915527344,15.850000381469728,80.63999938964844,0
2021-10-25,816.4654541015625,0.10852112161341765,0.18557650814364468,0.16862204763274669,693.8627319335938,620.5114323425292,90.31335262208742,17.549999237060547,16.100000381469727,80.44000244140625,0
2021-10-26,804.5341796875,-0.014613324243083481,0.1403822513916413,0.17246248121091923,696.3469519042969,621.96283493042,85.81476831987409,17.610000610351562,15.770000457763672,81.30999755859375,0
2021-10-27,809.9662475585938,0.006751817397246729,0.12012867417420758,0.18029527111196808,698.872880859375,623.4145588684082,89.8193219631508,16.75,17.18000030517578,82.44000244140625,0
2021-10-28,774.754638671875,-0.043472933585632534,0.06856645560083208,0.1180793977145469,700.7362890625,624.6445246887207,73.38827200896945,16.829999923706055,17.3799991607666,82.95999908447266,0
2021-10-29,778.004150390625,0.004194246225257103,0.07535024036910176,0.10292913283903427,702.6928173828124,625.9178196716308,73.66273913670811,17.90999984741211,18.309999465942383,83.87000274658203,0
2021-11-01,779.7987060546875,0.0023066145124823745,0.06406357619423986,0.11629521546150356,704.9355041503907,627.1954933166504,72.60478919708451,17.43000030517578,18.040000915527344,82.5,0
2021-11-02,776.9371948242188,-0.003669551139609206,0.05485331473999122,0.12809866599172204,707.2684020996094,628.4460438537598,73.24443540662583,17.239999771118164,17.549999237060547,83.76000213623047,0
2021-11-03,762.3869018554688,-0.018727759548237355,-0.06623495455248829,0.10409510443868264,709.271494140625,629.6078843688965,67.89922466835012,17.059999465942383,17.610000610351562,83.76000213623047,0
2021-11-04,758.6522827148438,-0.0048985877531944055,-0.05702914572315354,0.11196417026317551,710.9719372558594,630.7099467468262,63.78270783114226,16.1299991607666,16.75,84.6500015258789,0
2021-11-08,756.7607421875,-0.0024932904974264147,-0.06568854632086973,0.08807528263369879,712.7005114746094,631.818025970459,59.50164436958482,15.75,16.829999923706055,82.66000366210938,0
2021-11-09,762.9688720703125,0.008203556998566341,-0.01521225690467154,0.08797278536665143,714.4028955078124,633.0069563293457,60.45454300742408,16.34000015258789,17.90999984741211,82.80999755859375,0
2021-11-10,757.4883422851562,-0.0071831630172340954,-0.02636979262278749,0.06972615496428802,715.9772387695313,634.2161177062989,59.17302415163639,16.0,17.43000030517578,83.56999969482422,0
2021-11-11,748.321533203125,-0.012101584368120144,-0.04036576696929661,0.07571628289026333,717.0985803222657,635.3151268005371,54.1786729264063,16.309999465942383,17.239999771118164,84.05000305175781,0
2021-11-12,753.317138671875,0.006675747318624747,-0.0304015000307557,0.09457356201371026,718.2150720214844,636.4171107482911,54.50052969361578,16.350000381469727,17.059999465942383,83.91000366210938,0
2021-11-15,750.1161499023438,-0.00424919148285241,-0.016095176770824504,0.10337462925781171,719.2510522460938,637.4948686218262,19.76124258890121,15.220000267028809,16.1299991607666,80.86000061035156,0
2021-11-16,741.1433715820312,-0.011961851936504342,-0.023078967178687848,0.10356026966259457,720.0057263183594,638.619161529541,20.30890777077886,15.470000267028809,15.75,78.80999755859375,0
2021-11-17,738.4758911132812,-0.003599142313120973,-0.024161997385546696,0.08726086969805724,720.7235412597656,639.7095643615722,15.624996331526674,15.199999809265137,16.34000015258789,81.93000030517578,0
2021-11-18,740.0279541015625,0.0021017111146870437,-0.030067960579440056,0.0943911162066966,721.5335083007812,640.8836518859863,25.310355242191648,14.979999542236328,16.0,84.1500015258789,0
2021-11-22,729.4546508789062,-0.014287707868404609,-0.03700874302788504,0.09064540017712952,722.2144604492188,641.9763409423828,18.738332412371747,14.859999656677246,16.309999465942383,81.33999633789062,1
2021-11-23,729.30908203125,-0.0001995584612159984,-0.025406794176420222,0.07070621627889229,722.8139318847657,643.0259878540039,16.78367560656727,17.520000457763672,16.350000381469727,81.58999633789062,1
2021-11-24,737.4088745117188,0.011106117666750404,-0.02111761878696017,0.08075063270440386,723.5889782714844,643.7930932617187,25.671736432291425,18.020000457763672,15.220000267028809,80.79000091552734,1
2021-11-25,728.5331420898438,-0.012036378634244338,-0.028772887792523627,0.052923017264664196,724.4358044433594,644.45029296875,27.59955930911042,17.100000381469727,15.470000267028809,80.87999725341797,1
2021-11-26,700.5481567382812,-0.03841278280255833,-0.054773767668050755,0.019192946815813627,724.7219604492187,644.9433883666992,20.894180780665465,16.65999984741211,15.199999809265137,80.76000213623047,1
2021-11-29,696.862060546875,-0.005261731339881837,-0.056350966994564655,0.01190232146451331,724.8005322265625,645.3892788696289,20.52516374575319,20.799999237060547,14.979999542236328,78.36000061035156,1
2021-11-30,692.9334716796875,-0.0056375416163486625,-0.06363878845502602,-0.01780551721787138,724.5512390136719,645.8839547729492,14.74621304291189,20.82999992370605,14.859999656677246,79.01000213623047,1
2021-12-01,705.8832397460938,0.018688328094493167,-0.03231374439029455,-0.023811103435655512,724.6977124023438,646.3686645507812,25.84020838905387,21.170000076293945,17.520000457763672,76.75,1
2021-12-02,700.7421264648438,-0.007283234665125704,-0.039169888693614485,-0.03351397592101879,724.9382775878906,646.809533996582,26.852380293458978,19.450000762939453,18.020000457763672,78.5,1
2021-12-03,694.8250122070312,-0.008444068130545546,-0.057747965581353644,-0.03961920573798183,725.0246105957032,647.22662109375,21.796173507676826,18.09000015258789,17.100000381469727,78.38999938964844,1
2021-12-06,688.2774047851562,-0.00942339050385832,-0.0552558764714689,-0.060820553993042425,725.1448937988281,647.6182238769532,21.114726167994093,18.450000762939453,16.65999984741211,78.38999938964844,1
2021-12-07,712.6248779296875,0.03537450594085856,0.017238959342402493,-0.032463988520478604,725.4873107910156,648.0495950317382,38.35187655028856,20.07999992370605,20.799999237060547,68.1500015258789,1
2021-12-08,730.812744140625,0.025522356535989443,0.048719374343764166,-0.10490671654343253,726.0780517578125,648.4444784545899,47.22223082610718,18.459999084472656,20.82999992370605,69.94999694824219,1
2021-12-09,732.3648071289062,0.0021237492103485245,0.05690493685293663,-0.08970330208547017,726.5630627441407,648.9225628662109,47.22223082610718,17.270000457763672,21.170000076293945,66.18000030517578,1
2021-12-10,735.2748413085938,0.003973476266692533,0.0416380499033695,-0.09221545524290098,727.3555688476563,649.4200338745118,52.23382992738963,16.600000381469727,19.450000762939453,65.56999969482422,1
2021-12-13,731.3947143554688,-0.005277111000043799,0.04374303575163019,-0.05596600801349971,728.2188854980469,649.9595199584961,50.77817245728147,16.059999465942383,18.09000015258789,66.5,1
2021-12-14,735.9053344726562,0.00616714891242065,0.05912326347483976,-0.054111299916371314,729.3402294921875,650.6211795043945,49.423574074732734,16.56999969482422,18.450000762939453,66.26000213623047,1
2021-12-15,729.6971435546875,-0.00843612707661301,0.060178844288024,-0.06424935321255376,730.5023120117188,651.32046875,50.45557199595047,16.950000762939453,20.07999992370605,69.48999786376953,1
2021-12-16,718.9299926757812,-0.014755643452918799,0.008847733136136515,-0.07466137872516398,731.2967590332031,651.9347299194336,58.315028387850596,17.219999313354492,18.459999084472656,72.05000305175781,1
2021-12-17,706.4652709960938,-0.01733787963595057,-0.03331561106417469,-0.07335072352800798,731.9020520019532,652.3667367553711,54.02439617048161,15.899999618530272,17.270000457763672,72.36000061035156,1
2021-12-20,688.6653442382812,-0.02519575623684256,-0.05966898254155639,-0.09225166795269324,732.2987902832032,652.7730947875976,48.39765490130303,16.34000015258789,16.600000381469727,70.94000244140625,1
2021-12-21,698.7535400390625,0.014648908769962388,-0.04967027187348483,-0.07665197058288375,732.6509069824219,653.3761807250977,47.26458751619872,18.96999931335449,16.059999465942383,71.66999816894531,1
2021-12-22,710.8302612304688,0.017283234358614008,-0.02811676475283542,-0.06833648494514055,733.2212768554688,653.9883892822265,53.67488545164779,17.540000915527344,16.56999969482422,71.29000091552734,1
2021-12-23,709.3753051757812,-0.0020468403415591085,-0.036050872380054444,-0.06351653804232782,733.5704846191406,654.5829260253906,55.4784522301542,16.579999923706055,16.950000762939453,70.7300033569336,1
2021-12-24,705.3012084960938,-0.005743217518233146,-0.03343295951488867,-0.057489090983238844,733.9293933105469,655.0526361083985,56.53143174544,15.829999923706056,17.219999313354492,70.87000274658203,1
2021-12-27,713.9343872070312,0.012240413892592006,-0.006948667491471383,-0.05227911253191042,734.4347741699219,655.6203994750977,50.57129999707094,16.149999618530273,15.899999618530272,72.37999725341797,1
2021-12-28,713.7403564453125,-0.0002717767419465611,0.010297867068484567,-0.048493547914902124,734.599677734375,656.2418389892578,41.164642143274094,17.1200008392334,16.34000015258789,70.86000061035156,1
2021-12-29,713.6434326171875,-0.00013579704054811348,0.036270285107106615,-0.03710474925538754,734.4105249023437,656.8695645141602,40.163095871098584,16.479999542236328,18.96999931335449,68.2300033569336,1
2021-12-30,713.6434326171875,0.0,0.021309219524372702,-0.03362663398348431,734.1825708007813,657.4148370361328,38.275511858171704,16.239999771118164,17.540000915527344,71.12000274658203,1
2021-12-31,717.9599609375,0.006048578495961632,0.010030101552921389,-0.02982048589077202,734.0719885253907,657.9792742919922,42.75248509273619,16.56999969482422,16.579999923706055,72.76000213623047,1
2022-01-03,741.77392578125,0.03316893161096912,0.045672044641362985,0.016888335536006993,734.2504724121094,658.7244393920898,52.62017384802114,16.219999313354492,15.829999923706056,73.79000091552734,1
2022-01-04,749.6796264648438,0.010657830383114852,0.06292122774520359,0.02793129132144956,734.513349609375,659.5543490600586,58.78844624786526,16.450000762939453,16.149999618530273,73.79000091552734,0
2022-01-05,764.4238891601562,0.019667418154125205,0.07072008696855736,0.036635054963673586,733.4725183105469,660.4993267822266,69.33225230496619,16.1200008392334,17.1200008392334,75.56999969482422,0
2022-01-06,761.5137939453125,-0.0038069129655811107,0.06693391661069747,0.04526994030890852,732.6121105957031,661.4561105346679,75.45983036847967,17.229999542236328,16.479999542236328,75.9800033569336,0
2022-01-07,769.468017578125,0.010445278465151198,0.07822475820482033,0.09837990461745183,731.8021459960937,662.5053768920899,91.11556400584121,17.979999542236328,16.239999771118164,76.55999755859375,0
2022-01-10,786.4432983398438,0.022061060854936976,0.10201154021087655,0.1285494545687682,732.0359191894531,663.6005905151367,91.6974744845096,17.600000381469727,16.56999969482422,76.98999786376953,0
2022-01-11,786.3463134765625,-0.00012332085922273084,0.09525092799014123,0.13480780711954932,732.2027624511719,664.7591537475586,90.52584963914207,17.68000030517578,16.219999313354492,75.20999908447266,0
2022-01-12,799.0535888671875,0.01615989694724207,0.0772198389497305,0.13199116210013306,732.5878601074219,665.9186279296875,92.9400961739103,17.760000228881836,16.450000762939453,76.08000183105469,0
2022-01-13,799.9751586914062,0.001153326681787803,0.06708936784601427,0.14161134100383088,733.0486193847656,667.1741094970703,96.74332573131277,17.18000030517578,16.1200008392334,76.98999786376953,0
2022-01-14,795.416015625,-0.005699105799565118,0.040543116069925,0.14477170748136015,733.7092016601563,668.3872094726562,91.91614980354282,16.700000762939453,17.229999542236328,77.8499984741211,0
2022-01-17,794.7369995117188,-0.000853661605930478,0.04362784473578718,0.15467541718850053,734.4308959960938,669.5630630493164,91.45978674148107,16.559999465942383,17.979999542236328,79.45999908447266,0
2022-01-18,798.4230346679688,0.00463805656275551,0.03762991629071033,0.12039736388033684,735.2641418457031,670.6949627685547,91.85816856104324,16.770000457763672,17.600000381469727,78.9000015258789,0
2022-01-19,784.3577270507812,-0.017616360007745357,-0.002651902932436556,0.0732677191790363,735.6919189453125,671.8017520141601,80.65593984087042,17.780000686645508,17.68000030517578,78.2300033569336,0
2022-01-20,785.9583129882812,0.002040632586764124,-0.0004934218952027392,0.07317870184051833,736.261318359375,672.8570623779297,80.18943645445889,17.81999969482422,17.760000228881836,81.22000122070312,0
2022-01-21,780.3806762695312,-0.007096606304147768,-0.023368786346518622,0.0613455437706274,736.9025012207031,673.9964358520508,70.45214834971898,17.790000915527344,17.18000030517578,82.63999938964844,0
2022-01-24,774.5120849609375,-0.007520164820901898,-0.031829830531389325,0.05895225896384182,737.3264001464844,675.1323391723632,63.445333996035686,18.88999938964844,16.700000762939453,82.12000274658203,0
2022-01-25,777.6162109375,0.004007847052146518,-0.02237798125489565,0.05667967673414598,737.8764013671876,676.226940612793,58.17308673999931,22.82999992370605,16.559999465942383,83.81999969482422,0
2022-01-27,770.8259887695312,-0.008732099553046102,-0.030086696299377325,0.05636426780360737,738.4700537109375,677.2921850585938,55.504572261063004,21.36000061035156,16.770000457763672,83.81999969482422,0
2022-01-28,757.7308349609375,-0.01698846951112476,-0.050965713588102424,0.05397026508901592,738.8551525878906,678.3427313232422,43.45949828785527,21.06999969482422,17.780000686645508,85.43000030517578,0
2022-01-31,765.1513671875,0.009793097870888445,-0.024486735071123755,0.08307003698661752,739.3576208496094,679.5640939331055,36.72112252301223,20.700000762939453,17.81999969482422,86.95999908447266,0
2022-02-01,786.0068359375,0.027256657498580195,6.173730644087883e-05,0.14134803284879416,740.4886645507812,680.7831015014649,49.831826362079475,21.950000762939453,17.790000915527344,86.9000015258789,0
2022-02-02,789.3533935546875,0.004257669862623992,0.011497872202639314,0.12965924081123115,741.68955078125,681.9482373046875,44.703395761596816,19.979999542236328,18.88999938964844,85.13999938964844,0
2022-02-03,784.6973266601562,-0.005898583489409748,0.0131505265017684,0.1039166021179534,742.6353198242188,683.1299887084961,41.984722069232284,18.649999618530277,22.82999992370605,83.30999755859375,0
2022-02-04,780.9142456054688,-0.004821070400212957,0.004241211309101489,0.10084780215454536,743.6829418945313,684.327643737793,42.32940953141011,19.15999984741211,21.36000061035156,85.5999984741211,0
2022-02-07,762.8233642578125,-0.023166284197607134,-0.010381882069769532,0.08155686544812912,744.9284460449219,685.4379879760742,35.74523630760473,18.899999618530277,21.06999969482422,86.61000061035156,0
2022-02-08,768.7405395507812,0.007756940296035353,0.014529835769995225,0.07676637142827092,746.366015625,686.4807153320312,37.00090453034988,20.440000534057617,20.700000762939453,86.81999969482422,0
2022-02-09,778.7316284179688,0.012996698304769794,0.01774846365417382,0.09105730310156002,748.0819787597657,687.6181307983398,47.44493944003655,19.68000030517578,21.950000762939453,88.1500015258789,0
2022-02-10,781.3507690429688,0.0033633417847955815,-0.005923697710564779,0.09487558258257067,749.5913293457031,688.6663619995118,47.92669127502033,18.559999465942383,19.979999542236328,88.19999694824219,0
2022-02-11,767.0914306640625,-0.018249599211851653,-0.028202783534473586,0.07489454201359624,750.9183154296875,689.606301574707,44.45345103148065,17.709999084472656,18.649999618530277,88.26000213623047,0
2022-02-14,731.1036987304688,-0.046914527388787985,-0.06829847140908929,0.018307062382428407,751.6438891601563,690.2570101928711,35.52248504111785,18.68000030517578,19.15999984741211,90.2699966430664,0
2022-02-15,752.7836303710938,0.029653702584559793,-0.036022668804773006,0.014842399021033348,752.934013671875,691.015634765625,42.63094807284993,22.979999542236328,18.899999618530277,92.30999755859376,0
2022-02-16,741.1433715820312,-0.015462954186881372,-0.028420724497439487,-0.01138653710394355,753.5043835449219,691.8173712158203,41.43815478785173,20.61000061035156,20.440000534057617,91.31999969482422,0
2022-02-17,727.8540649414062,-0.017930817639585594,-0.05318631255386541,-0.04783971921511754,753.4452099609375,692.5707955932617,41.39179374955816,20.59000015258789,19.68000030517578,89.36000061035156,0
2022-02-18,726.4476928710938,-0.001932217099626543,-0.0671398639003431,-0.046047886923420545,753.3268676757813,693.3423352050781,38.44820921292664,22.01000022888184,18.559999465942383,89.66000366210938,0
2022-02-21,731.831298828125,0.0074108652417270715,-0.06337674726486453,-0.0489126485964424,753.2579968261718,694.0863885498047,32.1850227762087,22.170000076293945,17.709999084472656,89.87999725341797,0
2022-02-22,728.775634765625,-0.004175366737379282,-0.04994945109120552,-0.07332717272300915,753.205615234375,694.7890490722656,30.041545509022967,22.899999618530277,18.68000030517578,93.0999984741211,0
2022-02-23,722.2765502929688,-0.008917812509945389,-0.012073729695018631,-0.08147779430710511,752.9330395507812,695.4645343017578,29.681088886469425,26.65999984741211,22.979999542236328,95.45999908447266,1
2022-02-24,686.1918334960938,-0.04995969588412963,-0.08846073983061076,-0.1412442881723328,752.0629333496094,695.9298544311523,24.52387768824265,24.540000915527344,20.61000061035156,92.06999969482422,1
2022-02-25,708.1627807617188,0.03201866619963223,-0.04449960977174061,-0.11476903617841527,751.8475891113281,696.521471862793,35.59929208822075,31.979999542236328,20.59000015258789,93.66000366210938,1
2022-02-28,720.4335327148438,0.017327586660126792,-0.01019508248148604,-0.09426825892013069,752.1269543457031,697.2474655151367,37.68545061434115,26.739999771118164,22.01000022888184,91.76000213623048,1
2022-03-02,693.4183959960938,-0.03749844432830274,-0.04546686182519266,-0.1274869593058766,752.2220153808594,697.826051940918,29.98863833542451,28.56999969482422,22.170000076293945,91.06999969482422,1
2022-03-03,677.3646850585938,-0.023151550391793285,-0.07442509476808135,-0.15162181494390148,751.79423828125,698.1971844482422,27.05479618096203,29.229999542236328,22.899999618530277,91.06999969482422,1
2022-03-04,667.421875,-0.014678666127587836,-0.08418744650451493,-0.14908484740816552,750.9260705566406,698.4721774291992,27.58018208398181,28.15999984741211,26.65999984741211,92.3499984741211,1
2022-03-07,634.1502685546875,-0.04985093790237627,-0.12201182732920735,-0.1931502497332288,749.4215698242188,698.6182913208008,27.9213640097461,27.959999084472656,24.540000915527344,92.0999984741211,1
2022-03-08,645.06298828125,0.017208413001912115,-0.05993782380838819,-0.17339958830752067,748.2168054199219,698.8520953369141,24.204418395609366,29.32999992370605,31.979999542236328,92.80999755859376,1
2022-03-09,647.4395141601562,0.003684176463508493,-0.08574761093240024,-0.1640678993500665,746.8869079589844,698.9824444580078,26.519203168531973,28.59000015258789,26.739999771118164,91.58999633789062,1
2022-03-10,656.315185546875,0.013708881204496759,-0.08899967069321235,-0.15599086501088189,745.7384045410156,699.1334759521484,31.66791529747391,27.46999931335449,28.56999969482422,95.72000122070312,1
2022-03-11,657.5762939453125,0.0019214981250001983,-0.051688997952375026,-0.14691992288038846,744.6170617675781,699.2765469360352,32.33831749077699,25.57999992370605,29.229999542236328,110.5999984741211,1
2022-03-14,675.2791137695312,0.026921316944085394,-0.003078948954774785,-0.10881399751358511,743.849775390625,699.4974929809571,36.359377709755904,25.350000381469727,28.15999984741211,107.66999816894533,1
2022-03-15,676.443115234375,0.0017237338473954367,0.013516548636310466,-0.1159355596255337,743.0194384765625,699.7254681396485,37.260927703325116,25.68000030517578,27.959999084472656,115.68000030517578,1
2022-03-16,686.7738037109375,0.01527207276399456,0.08298275308813796,-0.12624957912510204,741.9194360351562,700.0495874023437,41.51598695128494,26.729999542236328,29.32999992370605,119.4000015258789,1
2022-03-17,698.510986328125,0.017090317880161354,0.08285702174493914,-0.11508458438047975,740.8960632324219,700.337124633789,53.33155946832909,24.1200008392334,28.59000015258789,123.6999969482422,1
2022-03-21,689.44140625,-0.012984162390632159,0.06487384716443767,-0.1213919267644078,739.3964135742187,700.6404885864258,44.557243599685,22.61000061035156,27.46999931335449,108.6999969482422,1
2022-03-22,696.6680908203125,0.01048194161940419,0.061484034137978094,-0.10788144186028703,738.0994995117187,700.9884490966797,42.88205139829677,24.6200008392334,25.57999992370605,106.0199966430664,1
2022-03-23,696.7650146484375,0.00013912482773670298,0.059595701767168885,-0.08659717662639543,736.645439453125,701.3277056884766,51.195032868798116,24.06999969482422,25.350000381469727,109.33000183105467,0
2022-03-24,683.0878295898438,-0.019629551959486347,0.011563686275920526,-0.11141953045820796,734.578330078125,701.6350875854492,52.078943447629996,24.75,25.68000030517578,103.01000213623048,1
2022-03-25,678.2861328125,-0.0070293988113167005,0.002724571418671884,-0.12898602283501526,732.4171264648437,701.8918634033203,54.09958396132204,23.93000030517578,26.729999542236328,96.44000244140624,1
2022-03-28,689.0533447265625,0.015874144248558375,0.003319202047759706,-0.11812546678549507,730.2171215820313,702.2305236816406,74.95594371448864,23.43000030517578,24.1200008392334,95.04000091552734,0
2022-03-29,693.8549194335938,0.0069683642692957015,-0.006665703168116099,-0.09547298835950846,728.094716796875,702.6236584472656,73.48275527799238,22.61000061035156,22.61000061035156,102.9800033569336,0
2022-03-30,708.9873046875,0.0218091489014145,0.028350340232411897,-0.03025069368596134,726.366142578125,703.07166015625,76.38258872998739,21.299999237060547,24.6200008392334,112.12000274658205,0
2022-03-31,708.4052734375,-0.0008209332468323005,0.01684759611046238,-0.05895234054401122,724.6395080566406,703.5394808959961,74.03764257355692,20.61000061035156,24.06999969482422,111.76000213623048,0
2022-04-01,714.1768798828125,0.008147322813262026,0.024989580229082486,-0.03638498667492174,722.9545849609375,704.0388192749024,75.07522480915287,20.559999465942383,24.75,114.93000030517578,0
2022-04-04,724.216552734375,0.014057683935679854,0.06021000720980019,-0.004997584518984688,721.7517614746093,704.5392715454102,73.25958721746885,18.43000030517578,23.93000030517578,112.33999633789062,0
2022-04-05,719.5604858398438,-0.0064291086373980955,0.060850946275726514,-0.009480664745496137,720.4238049316406,705.0415905761719,69.83493234725135,17.90999984741211,23.43000030517578,113.9000015258789,0
2022-04-06,719.3665161132812,-0.00026956695146496124,0.0439924885623304,-0.01703231705832131,719.2035217285156,705.5772744750976,66.53549719608225,18.489999771118164,22.61000061035156,105.95999908447266,0
2022-04-07,726.1080932617188,0.009371547045117001,0.04648403135118473,-0.003660305554485377,718.2354418945313,706.1592398071289,64.7486360436753,19.020000457763672,21.299999237060547,104.23999786376952,0
2022-04-08,731.6857299804688,0.007681551507978668,0.03201527748507926,0.013027115006964296,717.3168322753907,706.7649826049804,73.45181259720326,19.0,20.61000061035156,107.81999969482422,0
2022-04-11,736.8267822265625,0.007026312029115189,0.040120408267358965,0.07379124358342715,716.6368481445312,707.3983651733398,72.82247199741376,17.690000534057617,20.559999465942383,100.27999877929688,0
2022-04-12,740.9494018554688,0.00559510013526987,0.03748724262405312,0.04629814215664352,716.3012194824219,708.0821017456054,74.0116131351949,18.270000457763672,18.43000030517578,99.2699966430664,0
2022-04-13,739.3973999023438,-0.0020946126000487286,0.02096175116496779,0.026322854678956453,715.7861401367187,708.7128625488281,85.24586406188396,18.15999984741211,17.90999984741211,103.27999877929688,0
2022-04-18,735.0807495117188,-0.005838065418129812,0.021569088321686136,0.06008256163405812,714.7676184082031,709.2497427368164,85.76664808871293,17.790000915527344,18.489999771118164,101.95999908447266,0
2022-04-19,743.325927734375,0.011216697251469565,0.033306264726562285,0.09737921703148045,713.8470690917969,709.8215618896485,85.2996894015422,19.34000015258789,19.020000457763672,96.2300033569336,0
2022-04-20,732.8983154296875,-0.014028317748138286,0.009351530758274107,0.09810352774201103,712.8110888671876,710.3905700683594,73.66264673395571,19.770000457763672,19.0,96.02999877929688,0
2022-04-21,739.494384765625,0.00899997884709336,0.01067214305978692,0.16611853914535235,711.9826916503906,711.0370486450196,70.6229957865099,18.670000076293945,17.690000534057617,98.26000213623048,0
2022-04-22,725.235107421875,-0.019282468721205093,-0.01573188581671725,0.1242857218552269,711.2309265136719,711.6124728393555,59.60157670048959,17.850000381469727,18.270000457763672,94.29000091552734,0
2022-04-25,729.648681640625,0.006085715064787278,-0.015251676007220882,0.12697582659456397,710.4490893554688,712.1645068359375,58.96573433498862,18.350000381469727,18.15999984741211,100.5999984741211,0
2022-04-26,731.1522216796875,0.0020606355865424586,-0.01115121343914005,0.11402606214338085,709.4975012207032,712.6873056030273,54.460419342379204,21.26000022888184,17.790000915527344,104.25,0
2022-04-27,714.6134033203125,-0.02262021213774079,-0.027843670515112495,0.08673839051099286,708.16275390625,713.115562133789,47.240262282846814,19.190000534057617,19.34000015258789,108.20999908447266,0
2022-04-28,724.7501220703125,0.014184898719925565,-0.024990122059485698,0.0732600894830362,707.315927734375,713.5766094970703,52.70336454796607,20.61000061035156,19.770000457763672,102.55999755859376,0
2022-04-29,721.0155029296875,-0.005152974834908286,-0.016213453148726797,0.06589229262813778,707.1141638183594,714.0774984741211,47.36313835741379,19.3799991607666,18.670000076293945,102.75,0
2022-05-02,718.7844848632812,-0.003094271977982399,-0.028005486355258125,0.04661022447183649,706.4341809082031,714.5834329223633,43.080123302883,19.420000076293945,17.850000381469727,103.79000091552734,0
2022-05-04,702.5366821289062,-0.02260455404440942,-0.031298023304,0.005763253376934285,705.6620471191407,714.9708911132813,33.5658108817278,20.280000686645508,18.350000381469727,102.06999969482422,0
2022-05-05,706.9502563476562,0.006282339884909005,-0.03110870459181947,0.025395704317920487,705.2439709472657,715.2899856567383,33.75057466704317,21.8799991607666,21.26000022888184,98.54000091552734,0
2022-05-06,697.6865844726562,-0.013103711034577303,-0.04577109419178149,0.0014619496224443917,704.6687487792968,715.5656637573243,31.433494314230074,20.290000915527344,19.190000534057617,101.6999969482422,0
2022-05-09,689.0533447265625,-0.012374094526440005,-0.03576767308728068,-0.011067820225971081,703.8131896972657,715.78318359375,30.270256976715586,21.25,20.61000061035156,102.0199966430664,0
2022-05-10,689.9749145507812,0.0013374433652657558,-0.047982341031130527,0.010082283218356913,703.0371752929688,716.0398886108399,25.59894188933498,22.030000686645508,19.3799991607666,105.36000061035156,0
2022-05-11,692.7879028320312,0.00407694283071347,-0.03914978247063983,0.021380018428800662,702.44740234375,716.331936340332,30.281289926120365,22.299999237060547,19.420000076293945,104.69000244140624,0
2022-05-12,674.9395751953125,-0.025763047483590595,-0.060998686798739654,-0.02048284017379054,702.2223571777344,716.602445678711,21.425491539490665,22.799999237060547,20.280000686645508,105.16999816894533,1
2022-05-13,657.042724609375,-0.02651622640553941,-0.06475670050661309,-0.05305459944604729,701.1999560546875,716.7155258178711,20.75705878719414,24.270000457763672,21.8799991607666,107.80999755859376,1
2022-05-16,662.5233154296875,0.008341300519796313,-0.06284309329979354,-0.06553571403974912,700.0417517089844,716.7559051513672,21.475664437523463,23.489999771118164,20.290000915527344,108.26000213623048,1
2022-05-17,688.7138671875,0.03953151707698965,-0.012860670514308725,-0.027796809239502784,699.9476611328125,716.9267538452149,35.09369420666921,24.530000686645508,21.25,109.7699966430664,1
2022-05-18,686.1432495117188,-0.0037324900778880066,-0.004223323545433977,-0.039253063436740954,700.123232421875,717.0813635253907,38.911949293838155,22.739999771118164,22.030000686645508,103.08999633789062,0
2022-05-19,669.6045532226562,-0.02410385338751342,-0.029523336136629608,-0.07540838345315903,700.1668859863281,717.1165267944336,29.543002024631576,22.299999237060547,22.299999237060547,99.76000213623048,1
2022-05-20,688.2774047851562,0.02788638678251476,-0.006510647816505788,-0.04347526256694745,701.2494287109375,717.2234716796875,39.06706383193827,24.559999465942383,22.799999237060547,105.70999908447266,0
2022-05-23,689.732421875,0.0021139980474849107,0.021917290411377577,-0.04119470892027821,702.1428173828125,717.3619421386719,40.24747401690832,23.100000381469727,24.270000457763672,106.12999725341795,1
2022-05-24,686.9193115234375,-0.00407855316401573,0.0454713001073479,-0.05397100252972398,702.9324133300781,717.491682434082,44.2376283823742,23.399999618530277,23.489999771118164,110.48999786376952,1
2022-05-25,691.96337890625,0.007343027482552333,0.044436267812656194,-0.05428881478292469,703.6453771972656,717.6029916381835,44.49587165155905,25.63999938964844,24.530000686645508,114.1999969482422,1
2022-05-26,706.6592407226562,0.021237918456949556,0.02605635575255616,-0.040942514891688875,704.6270361328125,717.6701654052735,53.16888505290241,25.280000686645508,22.739999771118164,112.4000015258789,1
2022-05-27,717.6204223632812,0.015511269094020008,0.04587551196337314,-0.03148525315462514,705.4738623046875,717.8513162231445,59.925859791024706,22.71999931335449,22.299999237060547,109.58999633789062,1
2022-05-30,726.0596923828125,0.011760075043208529,0.08431116378831405,-0.018038618368542814,706.4661938476562,718.097943725586,61.915460938019606,21.479999542236328,24.559999465942383,112.20999908447266,1
2022-05-31,730.2791748046875,0.005811481433471766,0.0610244789782719,-0.0065320370724178956,707.3363012695313,718.3404483032226,62.26596094346879,19.979999542236328,23.100000381469727,113.2300033569336,1
2022-06-01,730.085205078125,-0.0002656103764897555,0.05850498240089719,-0.017812808839599015,707.9677856445312,718.5914407348632,70.39830041631673,20.479999542236328,23.399999618530277,110.29000091552734,1
2022-06-02,727.2721557617188,-0.003853042489890268,0.058744664127708734,-0.007676589711725801,708.7244006347656,718.8640161132812,79.24074231255784,20.850000381469727,25.63999938964844,109.7699966430664,1
2022-06-03,721.9855346679688,-0.007269109716173561,0.04338691421672225,-0.023676785731382544,709.2307495117187,719.0723278808593,74.79775742497897,20.31999969482422,25.280000686645508,110.33000183105467,1
2022-06-06,724.3621215820312,0.003291737576370579,0.02505150975068471,-0.0012037280475115653,709.7826916503906,719.2757894897461,68.55126570578605,19.979999542236328,22.71999931335449,114.08999633789062,1
2022-06-07,713.2069091796875,-0.015400049326130372,-0.006150205660339303,-0.022533820555898143,710.3850732421874,719.4339028930664,62.92870842666129,20.200000762939453,21.479999542236328,115.06999969482422,1
2022-06-08,707.6292724609375,-0.007820502924130723,-0.025384166226594007,-0.0321724375872241,710.9719360351562,719.5711605834961,70.28982344837469,20.43000030517578,19.979999542236328,115.06999969482422,1
2022-06-09,710.7817993164062,0.0044550543316348445,-0.026698523196277413,-0.005361785807687647,711.4065051269531,719.7867477416992,64.3920184861354,19.84000015258789,20.479999542236328,114.66999816894533,1
2022-06-10,698.4140625,-0.017400187833032432,-0.043380063529346424,-0.03633812367644895,711.4976879882812,719.9773565673828,54.87205378440477,19.13999938964844,20.850000381469727,115.26000213623048,1
2022-06-13,667.3734130859375,-0.044444479400874704,-0.08236083590062027,-0.0743979701210129,710.66541015625,720.0030621337891,41.67010884210767,19.57999992370605,20.31999969482422,116.87000274658205,1
2022-06-14,664.9484252929688,-0.003633629607382116,-0.07900034922615251,-0.07489875018734238,709.7962731933594,719.9596536254883,38.22413709617772,22.3700008392334,19.979999542236328,118.87000274658205,1
2022-06-15,666.6459350585938,0.0025528442523599093,-0.07967863697425726,-0.05108736381074408,708.845654296875,719.9412231445312,30.329016933936174,21.88999938964844,20.200000762939453,118.5,1
2022-06-16,658.1582641601562,-0.012731902276868268,-0.07718467714067268,-0.06901757478606185,707.5244885253907,719.8427661132813,20.03909383011282,22.149999618530277,20.43000030517578,119.41000366210938,1
2022-06-17,666.2579345703125,0.012306569485216245,-0.05846470673372095,-0.04504694600957393,706.4584375,719.7801998901367,19.764508093722768,22.8700008392334,19.84000015258789,122.11000061035156,1
2022-06-20,665.3848876953125,-0.0013103737001842752,-0.06386898435603472,-0.03434923756250308,705.3788049316406,719.6458520507813,16.04060200327065,22.76000022888184,19.13999938964844,121.51000213623048,1
2022-06-21,675.2305297851562,0.014796912692060182,-0.03319453882680623,-0.021369450475202556,704.3612536621093,719.5345419311524,23.92802625708339,22.40999984741211,19.57999992370605,120.66999816894533,1
2022-06-22,666.015380859375,-0.013647411542119237,-0.0020348911118334145,-0.038644615275777006,703.0478466796875,719.3730331420899,22.55536748037288,21.13999938964844,22.3700008392334,120.93000030517578,1
2022-06-23,678.189208984375,0.018278599075732815,0.01991249725205768,0.004814703283804622,701.8750952148438,719.246930847168,31.518643386793926,21.299999237060547,21.88999938964844,118.93000030517578,1
2022-06-24,692.0604858398438,0.020453402489611694,0.03812301169888066,0.05329601853713162,700.8973168945313,719.1943075561524,37.57462549902941,20.8799991607666,22.149999618530277,115.30999755859376,1
2022-06-27,695.843505859375,0.005466314140071704,0.05725863177803747,0.050292857102058885,700.0262390136719,719.1758770751953,42.91927512683886,20.549999237060547,22.8700008392334,117.58999633789062,1
2022-06-28,689.0048828125,-0.009827817590147947,0.034141354364293885,0.00042254939077746023,699.1047216796875,719.1438662719727,42.48236518407417,21.01000022888184,22.76000022888184,109.55999755859376,1
2022-06-29,681.6812133789062,-0.010629343298263372,0.024491577709315315,-0.006503067888502634,697.8718273925781,719.0555947875977,38.63635496947348,21.450000762939453,22.40999984741211,109.55999755859376,1
2022-06-30,685.9978637695312,0.0063323593285320445,0.01594615988083503,0.024482077470915797,696.933818359375,718.9923013305664,44.826212817386505,21.899999618530277,21.13999938964844,110.6500015258789,1
2022-07-01,682.7967529296875,-0.0046663568633490415,0.025196673459191077,-0.00796285308418565,695.7998657226562,718.9753259277344,58.368436948608306,21.84000015258789,21.299999237060547,106.19000244140624,1
2022-07-04,698.510986328125,0.02301451102544383,0.0299647606811424,0.01272749282868424,695.2653833007812,719.0366790771484,65.91531228962222,21.25,20.8799991607666,104.2699966430664,1
2022-07-05,697.8804931640625,-0.0009026245490809659,0.008409680141116427,0.015957014829464544,694.63001953125,719.0614141845704,64.96279381193112,20.96999931335449,20.549999237060547,107.62000274658205,1
2022-07-06,704.1857299804688,0.009034837451638023,0.011988649819747899,0.017663291796652603,694.0906896972656,719.0553521728516,72.52016952675373,20.790000915527344,21.01000022888184,109.56999969482422,1
2022-07-07,719.7545166015625,0.022108920925627995,0.04462905061505995,0.018531245505987393,694.1935119628906,719.1613269042969,74.3918512012699,20.270000457763672,21.450000762939453,111.76000213623048,1
2022-07-08,733.0437622070312,0.018463580705566196,0.07534687449216171,0.021492336844257443,694.359384765625,719.3829763793946,77.71156471972277,19.200000762939453,21.899999618530277,109.77999877929688,1
2022-07-11,746.4300537109375,0.018261244681494926,0.08809384567079226,0.028056042143412174,694.86767578125,719.6625848388671,78.33978501729007,18.399999618530277,21.84000015258789,105.76000213623048,1
2022-07-12,737.1178588867188,-0.012475642932545994,0.07955677252997284,0.00936447911699001,695.2343432617188,719.9368579101563,78.27931032976016,18.3700008392334,21.25,108.43000030517578,1
2022-07-13,730.6187133789062,-0.008816969266798536,0.04596595855930996,0.0007307479963576391,695.7959838867188,720.1124313354492,71.83835137931648,18.549999237060547,20.96999931335449,108.43000030517578,1
2022-07-14,729.8426513671875,-0.001062198377221546,0.04579889897511591,0.0035344342349756808,696.2538317871093,720.2552661132812,67.66433643061256,18.520000457763672,20.790000915527344,99.5,1
2022-07-15,728.6787109375,-0.0015947826939233245,0.03478198991296022,0.00927051297864212,696.8736743164062,720.3580883789062,65.73687511408366,18.34000015258789,20.270000457763672,98.52999877929688,1
2022-07-18,748.8551025390625,0.02768900929684648,0.04043126547493325,0.03381317193055011,698.0697094726562,720.6241162109375,75.43279949455285,17.600000381469727,19.200000762939453,102.7300033569336,1
2022-07-19,757.2457885742188,0.011204685668438241,0.03301580016767436,0.06174769036545591,699.415126953125,720.9692007446289,81.82189710478697,17.15999984741211,18.399999618530277,104.79000091552734,1
2022-07-20,759.6222534179688,0.0031383005090388494,0.017673725275992203,0.07347488717674744,700.7518139648438,721.3681213378907,81.51991228601949,17.200000762939453,18.3700008392334,104.08999633789062,1
2022-07-21,762.435302734375,0.003703221309998117,0.03434653433291324,0.07267139291924263,702.501728515625,721.8223327636719,84.20834613613935,16.81999969482422,18.549999237060547,95.83999633789062,1
2022-07-22,776.0640869140625,0.017875332019398504,0.06220121754750041,0.11118049962526699,704.8821557617188,722.3066149902344,83.92026336836867,16.860000610351562,18.520000457763672,96.3000030517578,1
2022-07-25,776.8886108398438,0.0010624430890235903,0.06446041401461922,0.16409883223772348,707.1694616699219,722.8100549316406,84.498106489637,16.649999618530273,18.34000015258789,95.77999877929688,1
2022-07-26,772.426513671875,-0.00574354818143763,0.06003716326237951,0.16163372118905706,708.8437145996094,723.3280453491211,80.2841034980961,17.68000030517578,17.600000381469727,97.58999633789062,1
2022-07-27,776.5006713867188,0.005274492320928248,0.03691711354295557,0.16478722894855657,710.6508630371094,723.804810180664,78.04411025694083,18.170000076293945,17.15999984741211,102.5999984741211,1
2022-07-28,790.1779174804688,0.01761395269539734,0.043489352338632825,0.20058952460131518,713.0623303222657,724.3441409301757,78.12798982677634,18.1299991607666,17.200000762939453,104.22000122070312,1
2022-07-29,794.0579833984375,0.004910369971285133,0.045332702965879434,0.19181767630361746,715.1779418945313,724.854856262207,75.86933258013056,17.010000228881836,16.81999969482422,102.26000213623048,1
2022-08-01,798.714111328125,0.00586371276032005,0.04758280271603477,0.20037909802043097,717.3575756835937,725.4116479492187,85.23863762543289,16.549999237060547,16.860000610351562,96.3499984741211,1
2022-08-02,793.2335205078125,-0.006861767862344603,0.02212373163925485,0.1747595606499046,719.4838598632813,725.9344888305664,86.24373168613668,17.489999771118164,16.649999618530273,94.6999969482422,1
2022-08-03,800.0721435546875,0.008621197755860122,0.02984151446084593,0.20128178199478808,721.64603515625,726.4073736572266,87.98539795138197,18.530000686645508,17.68000030517578,96.6999969482422,1
2022-08-04,795.6585083007812,-0.005516546588282267,0.030076640583540648,0.17321021591057595,723.4260205078125,726.7701608276367,84.99743274919076,18.450000762939453,18.170000076293945,94.9800033569336,1
2022-08-05,813.0704345703125,0.021883667538120655,0.0470955976358467,0.17485458454345681,725.3350207519532,727.2103073120118,84.55112930302943,19.26000022888184,18.1299991607666,97.26000213623048,1
2022-08-08,816.7297973632812,0.004500671328558026,0.03360240686992966,0.1737262624224829,727.1484228515625,727.676510925293,83.72237223999214,18.920000076293945,17.010000228881836,96.41999816894533,1
2022-08-10,828.2446899414062,0.014098778586626226,0.04305316142865956,0.20208827339587643,729.1077331542969,728.1534857177735,85.25061796984834,19.299999237060547,16.549999237060547,98.62000274658205,1
2022-08-11,838.9301147460938,0.012901289841584562,0.05035093639587318,0.23067806223930964,731.2846313476563,728.6654574584961,86.3542723610983,19.59000015258789,17.489999771118164,93.88999938964844,1
2022-08-12,853.2750244140625,0.017099052013778593,0.07569209111058828,0.2438450168421078,733.8046887207031,728.8495053100586,86.44652805148169,18.36000061035156,18.530000686645508,94.41999816894533,0
2022-08-16,858.0078735351562,0.005546686573117299,0.07241313229962332,0.2566080167395164,736.5251354980469,729.1168737792968,86.92882300834793,17.610000610351562,18.450000762939453,90.66000366210938,0
2022-08-17,861.9111938476562,0.0045492826265307595,0.08326773968440948,0.23392646746829282,739.2761169433594,729.3765985107422,90.94541735578505,17.68000030517578,19.26000022888184,88.54000091552734,0
2022-08-18,863.7164916992188,0.0020945288382943072,0.06228987671365949,0.2376280755223379,742.28630859375,729.8214077758789,90.7534289550628,17.68000030517578,18.920000076293945,89.01000213623047,0
2022-08-19,849.3716430664062,-0.01660828381844537,0.03996651745596336,0.20617559672781827,745.1211560058593,730.1782452392578,77.48801652517777,17.350000381469727,19.299999237060547,90.76000213623048,0
2022-08-22,831.6600952148438,-0.020852530215890175,0.004123666972955853,0.15547742463869696,747.5387219238281,730.4375521850586,65.47369256511868,18.290000915527344,19.59000015258789,91.93000030517578,1
2022-08-23,843.0286865234375,0.013669756880251516,0.0048854746126072435,0.150038687984011,750.4310144042969,730.7680096435547,67.2812430974995,19.040000915527344,18.36000061035156,94.33999633789062,1
2022-08-24,852.2015991210938,0.010880902090632638,-0.00125800622572525,0.14170322441373373,754.127578125,731.2170831298828,72.35194798404393,19.049999237060547,17.610000610351562,92.08999633789062,1
2022-08-25,851.2745361328125,-0.0010878446945387088,-0.007847640575372683,0.15486896141480888,757.8541003417969,731.6801943969726,70.31896094031569,18.43000030517578,17.68000030517578,86.52999877929688,1
2022-08-26,849.810791015625,-0.0017194748051986286,-0.01403903664136652,0.16313855018233636,761.5173974609374,732.1454446411133,72.00476984836783,19.56999969482422,17.68000030517578,88.11000061035156,0
2022-08-29,835.1731567382812,-0.017224580379651355,-0.03304711121676418,0.14431947101718712,765.0576953125,732.5064660644531,59.1886094340494,18.21999931335449,17.350000381469727,90.5,1
2022-08-30,865.8633422851562,0.03674709286243538,0.019416352492310107,0.18826490919593075,769.0498034667969,733.0483410644531,66.67768838857452,19.81999969482422,18.290000915527344,90.7699966430664,0
2022-09-01,853.2261962890625,-0.014594850456126518,0.025931388554416124,0.13937421724993282,772.8066296386719,733.5728643798828,58.41550487436688,18.700000762939453,19.040000915527344,90.2300033569336,0
2022-09-02,851.3233642578125,-0.0022301612860997633,0.009839140549986913,0.12423651224357135,776.328486328125,734.0628955078125,54.437479812352684,19.8700008392334,19.049999237060547,93.73999786376952,1
2022-09-05,861.1305541992188,0.011519935142337179,0.010477515047300656,0.13362997242972674,780.2307897949219,734.6179675292968,52.9071908050505,19.549999237060547,18.43000030517578,94.88999938964844,1
2022-09-06,862.3015747070312,0.001359864078799733,0.012953563282078973,0.13098327374729224,783.913037109375,735.2237585449219,51.63204816616138,19.65999984741211,19.56999969482422,92.5199966430664,1
2022-09-07,855.0315551757812,-0.008430947761773444,0.006143443005609317,0.10175379790569172,787.1724584960938,735.8065368652344,47.4502865136362,19.520000457763672,18.21999931335449,93.05999755859376,1
2022-09-08,877.0855102539062,0.02579314756821005,0.05018402851848247,0.12897202767040983,790.7972985839843,736.4918246459961,54.30817585322487,19.3700008392334,19.81999969482422,97.01000213623048,1
2022-09-09,879.476318359375,0.0027258552074092,0.0157218528714842,0.1385889826316533,794.6067272949218,737.2419329833984,60.51106759040432,18.309999465942383,18.700000762939453,91.63999938964844,1
2022-09-12,885.2825927734375,0.006601967890271121,0.03757080669088442,0.14009250139146667,798.6787548828125,738.0218005371094,70.41993595229474,17.719999313354492,19.8700008392334,86.61000061035156,1
2022-09-13,888.0149536132812,0.0030864278391420363,0.04309947417860038,0.12381646458151097,802.7190966796875,738.7748309326172,68.33731980636041,17.940000534057617,19.549999237060547,86.87000274658203,1
2022-09-14,895.919189453125,0.00890101659626552,0.04039879328896512,0.12827930476655913,806.9815454101563,739.6117611694336,68.0064175306585,17.469999313354492,19.65999984741211,86.87000274658203,0
2022-09-15,895.4312744140625,-0.0005445971520716686,0.03842008489696558,0.12109109093504489,810.919951171875,740.5861767578125,68.2533258785749,18.280000686645508,19.520000457763672,86.87999725341797,0
2022-09-16,887.1366577148438,-0.00926326445839909,0.03754844174430749,0.11838019294358149,814.7050744628906,741.5375497436523,64.60481198137796,18.38999938964844,19.3700008392334,81.94000244140625,0
2022-09-19,877.475830078125,-0.010889897912238045,0.00044501912260042076,0.09674588366436065,818.1708764648438,742.4602615356446,67.22289895825722,19.81999969482422,18.309999465942383,83.54000091552734,1
2022-09-20,894.601806640625,0.01951731999384565,0.01719828944281976,0.12435397511320323,821.667822265625,743.4038543701172,63.1531957853993,19.940000534057617,17.719999313354492,86.79000091552734,0
2022-09-21,893.1380615234375,-0.0016361973632538218,0.008873402475237047,0.0984756345192146,824.8697082519532,744.3658340454101,70.34829301322871,18.799999237060547,17.940000534057617,87.77999877929688,0
2022-09-22,881.5744018554688,-0.012947225256803474,-0.007252751467310636,0.0793954190253996,827.5725952148438,745.2995809936524,64.03987103214507,19.32999992370605,17.469999313354492,87.30999755859375,1
2022-09-23,860.9353637695312,-0.02341156689951307,-0.03904797005737548,0.03946982603708293,830.0489453125,746.1628707885742,49.91768594020262,18.81999969482422,18.280000686645508,88.4800033569336,1
2022-09-26,840.2474975585938,-0.02402952309957096,-0.06162815442377645,0.0015703129370898683,832.2415209960938,746.8009838867188,42.014097008209255,20.59000015258789,18.38999938964844,85.0999984741211,1
2022-09-27,831.952880859375,-0.009871635111463495,-0.062204369953120286,-0.0249885944679199,834.2837255859375,747.3066845703125,41.70463834363487,21.88999938964844,19.81999969482422,85.11000061035156,1
2022-09-28,828.9766235351562,-0.003577434963797921,-0.05527127344197125,-0.033835645214286614,836.2896838378906,747.7897436523438,29.959339795437884,21.56999969482422,19.940000534057617,85.7300033569336,1
2022-09-29,823.511962890625,-0.006592056385410827,-0.07946534784783621,-0.04455126146536437,837.7828210449219,748.2309292602539,27.269121386045143,22.100000381469727,18.799999237060547,84.44999694824219,1
2022-09-30,841.1746215820312,0.021447968563089503,-0.058180747389459,-0.026098691334282775,839.4613977050781,748.7798287963867,33.6586830707335,21.299999237060547,19.32999992370605,82.94000244140625,1
2022-10-03,827.8543701171875,-0.015835298787060137,-0.06093646959940713,-0.02533316614095682,840.8260400390625,749.2395739746094,29.332840175272395,19.96999931335449,18.81999969482422,83.48999786376953,1
2022-10-04,846.6881103515625,0.022750064400468117,-0.01654857497732276,0.01806990045955792,842.5110961914063,749.8245288085938,34.26879120021843,21.3700008392334,20.59000015258789,78.73999786376953,1
2022-10-06,864.0580444335938,0.02051515058457465,0.028337539765585174,0.02494500868870686,844.2709753417969,750.5501690673829,40.95130963509072,19.56999969482422,21.88999938964844,76.70999908447266,1
2022-10-07,861.2280883789062,-0.0032751920694663594,0.035188540352539155,0.010591964703095869,845.9577648925781,751.3239831542969,42.28421070234357,19.31999969482422,21.56999969482422,78.5,1
2022-10-10,860.4474487304688,-0.0009064261360853809,0.03796346519532201,0.010775504503314659,847.71818359375,752.1828936767578,44.64560089572324,18.809999465942383,22.100000381469727,82.1500015258789,1
2022-10-11,849.5668334960938,-0.01264529896675104,0.03163872752256447,-0.00028707274855821474,849.1795068359374,752.9369601440429,35.26030336263882,19.6200008392334,21.299999237060547,81.2300033569336,1
2022-10-12,847.3711547851562,-0.0025844684895500736,0.007366524196213753,0.014605352133818084,850.3233715820312,753.6196646118165,35.09217129494695,20.489999771118164,19.96999931335449,79.48999786376953,1
2022-10-13,832.9774780273438,-0.016986271808440145,0.0061884168219479285,-0.037980432536872666,851.1017614746094,754.2376754760742,34.456901640726755,20.18000030517578,21.3700008392334,83.62999725341797,1
2022-10-14,849.2252807617188,0.019505692726354384,0.002996582069757281,-0.004689161613584902,852.1119848632812,754.9572958374024,46.14643614940077,20.290000915527344,19.56999969482422,86.5199966430664,1
2022-10-17,863.8140869140625,0.017178958849715542,-0.0002823392723473317,0.01467212481257274,853.5235961914062,755.7066943359375,58.07964322886913,18.26000022888184,19.31999969482422,88.44999694824219,1
2022-10-18,875.2314453125,0.013217379261810214,0.01625975409133762,0.016374858660536118,855.0267822265625,756.5141497802734,64.52670948138035,18.420000076293945,18.809999465942383,92.63999938964844,1
2022-10-19,870.54736328125,-0.005351821002703483,0.011737979542717047,0.009562534519341748,856.5245593261719,757.2986694335938,63.79530700910444,17.450000762939453,19.6200008392334,91.12999725341795,1
2022-10-20,867.1807861328125,-0.003867195847619631,0.020732862845215694,0.014209102440124077,857.6067663574219,758.0663562011719,64.69620409169337,17.489999771118164,20.489999771118164,89.3499984741211,1
2022-10-21,885.23388671875,0.02081815104142848,0.044682582974155505,0.00929028740023874,858.9768481445312,758.9027258300781,64.78873816529317,17.229999542236328,20.18000030517578,87.2699966430664,1
2022-10-24,903.921142578125,0.021109964428318584,0.08516876677000917,0.027794749794230578,860.4903771972656,759.7134619140625,74.64431903121576,17.280000686645508,20.290000915527344,89.11000061035156,0
2022-10-25,902.7012939453124,-0.0013495078003523675,0.06297035002965057,0.019675865440102136,861.76580078125,760.4785702514648,70.48533356191042,17.420000076293945,18.26000022888184,85.61000061035156,1
2022-10-27,902.0670776367188,-0.0007025760490735333,0.04428382368631345,0.015824197516337124,862.7416418457032,761.1667861938477,65.83978804993117,16.8799991607666,18.420000076293945,85.45999908447266,1
2022-10-28,885.9168701171875,-0.0179035549793507,0.01220868475637582,-0.011164309743206813,863.2998217773437,761.788801574707,59.26061763244711,16.600000381469727,17.450000762939453,82.81999969482422,1
2022-10-31,886.746337890625,0.0009362817228300013,0.01860780388595762,-0.00969916594561726,863.7965246582031,762.3751931762695,59.86094741587845,15.920000076293944,17.489999771118164,85.55000305175781,1
2022-11-01,886.6487426757812,-0.00011005990177070935,0.02244970928125145,-0.0005499885894911793,864.2551696777343,762.8762203979492,65.12736316029552,15.800000190734863,17.229999542236328,85.9800033569336,1
2022-11-02,882.843017578125,-0.0042922579308815045,-0.0027008332786345735,0.006116621468106098,864.9245971679687,763.3587039184571,64.28293016203037,16.1299991607666,17.280000686645508,85.05000305175781,1
2022-11-03,886.6976318359375,0.004366137785613011,-0.019054218261853384,-0.008835411180722952,866.0253479003907,763.7969241333008,73.63680650631129,16.65999984741211,17.420000076293945,84.58000183105469,0
2022-11-04,883.428466796875,-0.0036868994814992506,-0.021350171178113997,-0.010871325660448017,866.8333435058594,764.2141906738282,66.98979675366137,15.9399995803833,16.8799991607666,85.31999969482422,1
2022-11-07,895.333740234375,0.01347621667735699,-0.007464342252667122,0.015607688188253421,867.695986328125,764.713779296875,66.08564340953916,15.65999984741211,16.600000381469727,89.08000183105469,0
2022-11-09,888.5028076171875,-0.007629481957643347,0.0029189392224329147,0.03202034090800332,868.4405517578125,765.1826083374024,57.105491905599095,15.59000015258789,15.920000076293944,87.9000015258789,0
2022-11-10,888.6980590820312,0.00021975334593182794,0.0022009915440406314,0.05766225030626626,869.2182971191406,765.6339834594727,60.20857863751051,15.920000076293944,15.800000190734863,86.52999877929688,0
2022-11-11,884.6483154296875,-0.004556939908844759,-0.0022561665627097716,0.06333944599828789,870.2078002929687,766.1354364013672,59.7494205290117,15.56999969482422,16.1299991607666,88.37000274658203,0
2022-11-14,873.32861328125,-0.012795708702547315,-0.010777005772753978,0.053502099440338124,870.3571057128906,766.572287902832,42.815077081298185,14.40999984741211,16.65999984741211,90.0,0
2022-11-15,889.673828125,0.018715996012472536,0.003356495136792148,0.08034111004549227,871.0860583496094,767.1187536621094,41.15150118344899,14.90999984741211,15.9399995803833,88.16999816894531,0
2022-11-16,891.5279541015625,0.0020840513882149914,0.009168243507088336,0.059860736674187454,871.8901501464844,767.7038330078125,43.11488185055421,14.640000343322754,15.65999984741211,92.61000061035156,0
2022-11-17,897.5781860351562,0.006786362565255555,0.002506825890637998,0.08422232029541488,872.6191027832032,768.3036428833008,47.40698118822074,15.100000381469728,15.59000015258789,91.79000091552734,0
2022-11-18,898.1148681640625,0.0005979224286598583,0.010818266936772902,0.06073872679178938,873.3353686523437,768.9400872802735,58.596953392375056,14.880000114440918,15.920000076293944,85.83000183105469,0
2022-11-21,899.1395874023438,0.00114096679011233,0.011749241729072768,0.040600910083241626,874.217529296875,769.6471310424805,58.71059018944851,14.390000343322754,15.56999969482422,86.47000122070312,0
2022-11-22,901.3839721679688,0.0024961472023594666,0.018917864247729232,0.046626305308560045,874.7034985351562,770.3282940673828,60.05326830535831,14.800000190734863,14.40999984741211,88.95999908447266,0
2022-11-23,905.0433349609376,0.004059715843590439,0.0363147630770162,0.05182871574117276,875.2148388671875,770.9234765625,65.17671465623431,13.84000015258789,14.90999984741211,85.87000274658203,0
2022-11-24,916.16796875,0.012291824445668675,0.029779611119770566,0.0783942270672604,875.8325463867187,771.5575494384766,68.32517602479984,14.039999961853027,14.640000343322754,86.91999816894531,0
2022-11-25,907.8245239257812,-0.00910689426918343,0.018279370544966866,0.07134225516084802,876.2287377929688,772.1731854248047,64.26941984127834,13.479999542236328,15.100000381469728,85.58999633789062,0
2022-11-28,914.7529907226562,0.007631944956624004,0.019134605714256292,0.09817253749641974,876.6054138183594,772.8423791503906,62.06061295274919,13.329999923706056,14.880000114440918,81.63999938964844,0
2022-11-29,923.8770751953124,0.009974369655187498,0.028684757311626896,0.08790576084432411,877.1743298339844,773.6476477050782,71.3612600951204,13.56999969482422,14.390000343322754,80.08000183105469,0
2022-11-30,929.8785400390624,0.006495956015015514,0.03418707514094099,0.07647994415211756,878.0291674804688,774.4533377075195,73.23790662832144,13.619999885559082,14.800000190734863,79.7300033569336,0
2022-12-01,917.4853515625,-0.013327749746802176,0.017862952849943436,0.04827740876576181,878.8293579101562,775.1471063232422,66.935087860672,13.8100004196167,13.84000015258789,80.94999694824219,0
2022-12-02,908.1172485351562,-0.010210629533637383,0.003396426950485587,0.043156624025944446,879.0996667480468,775.7809387207031,68.31017270723298,13.359999656677246,14.039999961853027,77.94000244140625,0
2022-12-05,911.0447998046876,0.0032237591282995304,-0.005591953790201054,0.05058231728990026,879.4578015136718,776.5007055664063,63.098097132006785,13.449999809265137,13.479999542236328,77.94000244140625,0
2022-12-06,900.3593139648438,-0.011728825895427564,-0.008223186049937325,0.017086362681119738,879.8334997558594,777.3469836425782,54.88396395885526,13.729999542236328,13.329999923706056,76.27999877929688,0
2022-12-07,899.8713989257812,-0.0005419114696708638,-0.016268426501801936,-0.004480195740076631,880.6122204589843,778.0824224853516,51.35134163061603,14.039999961853027,13.56999969482422,77.23999786376953,0
2022-12-08,909.3858642578124,0.010573138943396732,-0.015685215410758513,0.007405074477388585,881.9949877929688,778.9236349487305,56.00624745489715,14.079999923706056,13.619999885559082,78.19999694824219,0
2022-12-09,907.4342041015624,-0.0021461298585753186,-0.024136846879547424,0.005949808609471363,883.5046142578125,779.8215356445312,54.376911893628936,13.399999618530272,13.8100004196167,80.55000305175781,0
2022-12-12,907.8245239257812,0.00043013567535221675,-0.010529680523254314,0.02472879177218501,885.081572265625,780.7284197998047,53.46638407017784,13.479999542236328,13.359999656677246,81.22000122070312,0
2022-12-13,910.4105224609376,0.0028485665092781165,0.0025253059882746065,0.026686532054482015,886.8195434570313,781.6213159179688,52.922452126634276,13.31999969482422,13.449999809265137,79.9800033569336,0
2022-12-14,899.4810180664062,-0.012005028638056303,-0.012692879363079057,0.01447278360977422,887.9856713867188,782.4748428344726,40.894548898849216,12.880000114440918,13.729999542236328,76.93000030517578,0
2022-12-15,886.8439331054688,-0.014049306997165,-0.015011096847388994,0.004531853849078837,889.1654626464843,783.2976797485352,39.06409864854549,12.890000343322754,14.039999961853027,74.25,0
2022-12-16,880.208251953125,-0.0074823550171985165,-0.021851063380977642,-0.007318593903737014,889.8358654785156,784.2677618408203,31.93880944038432,13.729999542236328,14.079999923706056,72.01000213623047,0
2022-12-19,884.5507202148438,0.004933455522693642,-0.027309797764711985,0.0012703387542376543,890.2457189941406,785.149701538086,28.356648735876036,14.06999969482422,13.399999618530272,71.45999908447266,0
2022-12-20,887.72216796875,0.003585376939307716,-0.021722826893360248,-0.008501379902909112,890.7756005859375,785.9861447143554,26.053196166237143,13.550000190734863,13.479999542236328,71.0199966430664,0
2022-12-21,870.6937866210938,-0.019182106701942425,-0.040900786799766053,-0.02004385449704371,890.98052734375,786.8725216674804,24.74986446669054,13.779999732971191,13.31999969482422,73.16999816894531,0
2022-12-22,869.1324462890625,-0.0017932140507058714,-0.04534006929126433,-0.022016040873520937,891.3718395996094,787.8313604736328,27.027034803632205,15.5600004196167,12.880000114440918,75.38999938964844,0
2022-12-23,857.6663208007812,-0.013192610098999524,-0.04648758164515032,-0.03050024982617039,891.5777429199219,788.7825827026368,21.421088096142228,15.1899995803833,12.890000343322754,77.27999877929688,0
2022-12-26,871.620849609375,0.01627034718533049,-0.017165459364182567,-0.0019554651547012414,892.3506103515625,789.9699356079102,35.13377834553215,16.15999984741211,13.729999542236328,76.11000061035156,0
2022-12-27,878.890869140625,0.00834080498935763,-0.00149667173600887,-0.01212012609958446,892.9439221191407,791.1390750122071,39.85850378670539,16.15999984741211,14.06999969482422,74.29000091552734,0
2022-12-28,877.2318725585938,-0.0018876024774877598,-0.00827408478563263,-0.016035483214181023,893.2122778320313,792.2880368041992,33.18016578110036,15.289999961853027,13.550000190734863,75.19000244140625,0
2022-12-29,886.112060546875,0.01012296550783165,-0.001813751509167738,-0.012774514428576134,893.4298901367188,793.4370211791992,39.60018052368548,15.399999618530272,13.779999732971191,76.08999633789062,0
2022-12-30,869.3275146484375,-0.0189417869880687,-0.0015691762059751868,-0.03205308645482341,893.4054931640625,794.4957772827148,33.81204120193355,14.8100004196167,15.5600004196167,78.29000091552734,0
2023-01-02,880.6473388671875,0.013021357345772921,0.013248720177563511,-0.02056660477888783,893.67482421875,795.5226184082031,38.340977862107714,14.869999885559082,15.1899995803833,77.48999786376953,0
2023-01-03,879.5739135742188,-0.0012189048278389292,0.02554325877339214,-0.024196190821202834,893.5616247558594,796.5382723999023,41.5493213194913,14.6899995803833,16.15999984741211,79.55999755859375,0
2023-01-04,877.3782348632812,-0.0024962981246399174,0.006605378079799884,-0.030567707676506406,893.0307666015625,797.491294555664,45.59089601308237,14.390000343322754,16.15999984741211,79.55999755859375,0
2023-01-05,857.9102783203125,-0.022188784459649114,-0.0238716677541857,-0.0635884383833819,892.1349462890626,798.288291015625,40.722701384395506,15.199999809265137,15.289999961853027,79.52999877929688,0
2023-01-06,849.078857421875,-0.010294107812449105,-0.032093014421153865,-0.0647103762408483,891.0751818847656,799.0864782714843,35.77299897723027,14.979999542236328,15.399999618530272,78.95999908447266,0
2023-01-09,852.2503051757812,0.003735162789868518,-0.03821385226400775,-0.06832739130756793,890.4018505859375,799.8643893432617,35.77299897723027,15.029999732971191,14.8100004196167,78.4000015258789,0
2023-01-10,840.540283203125,-0.013740120597834249,-0.03311436824469349,-0.09020333357072374,889.4777294921874,800.5832656860351,37.36714062956279,14.649999618530272,14.869999885559082,80.26000213623047,0
2023-01-11,845.3706665039062,0.005746760027221631,-0.04005766077560524,-0.09088055041210663,888.65216796875,801.3946798706055,40.31037618776684,15.510000228881836,14.6899995803833,80.26000213623047,0
2023-01-12,839.857177734375,-0.006521977858934602,-0.045154517689652285,-0.08460971469018264,887.792451171875,802.2025350952149,42.36719997865426,15.4399995803833,14.390000343322754,76.93000030517578,0
2023-01-13,852.3479614257812,0.01487250930581041,-0.02852848685196796,-0.06141198969553108,887.1054577636719,803.0190081787109,41.634899097015115,15.279999732971191,15.199999809265137,72.83999633789062,0
2023-01-16,844.3460693359375,-0.009388057990375676,-0.015810754722430986,-0.07321125205154477,886.3238098144532,803.7714639282226,35.1010162167171,14.460000038146973,14.979999542236328,73.66999816894531,0
2023-01-17,844.24853515625,-0.00011551445933088988,-0.005688897118804381,-0.062320429120128695,885.3021057128906,804.4477700805664,35.580246715924474,15.020000457763672,15.029999732971191,73.7699966430664,0
2023-01-18,848.493408203125,0.005027989827769641,-0.0044082084216812145,-0.05709481464127941,884.5019177246094,805.1482107543945,32.859049875686225,14.59000015258789,14.649999618530272,74.62999725341797,0
2023-01-19,845.224365234375,-0.0038527617741579423,0.005572703801178802,-0.07055475738651629,883.6324438476563,805.8034481811524,37.474689678971245,14.369999885559082,15.510000228881836,75.12000274658203,1
2023-01-20,849.3228149414062,0.00484894884199738,0.004675047992668491,-0.06403923160213187,882.9259338378906,806.4289794921875,32.40124077834632,13.960000038146973,15.4399995803833,77.41000366210938,0
2023-01-23,850.6402587890625,0.0015511697372065925,0.012839184257228409,-0.0629904388233885,882.4721667480469,807.0843783569336,33.7889290514084,13.789999961853027,15.279999732971191,78.38999938964844,1
2023-01-24,849.7131958007812,-0.0010898414208622142,-0.003091185459741852,-0.06667028243048523,881.6729541015625,807.7361117553711,34.27618935288935,13.619999885559082,14.460000038146973,79.86000061035156,0
2023-01-25,834.6364135742188,-0.01774337776684043,-0.011499616228870746,-0.07209113165231928,880.5351232910157,808.2787533569336,36.076998068475994,13.65999984741211,15.020000457763672,79.86000061035156,0
2023-01-27,797.4569091796875,-0.04454574925064081,-0.05542399427190303,-0.10079228214684177,878.5326977539063,808.6076092529297,26.93980936177637,14.65999984741211,14.59000015258789,80.18000030517578,1
2023-01-30,803.6046752929688,0.007709214181372159,-0.05290404436401952,-0.0870289235418753,876.6424938964843,808.9414987182618,28.83224512430654,17.31999969482422,14.369999885559082,79.4800033569336,1
2023-01-31,811.8018188476562,0.01020046772587424,-0.039542809887468056,-0.08224390043966945,874.8957385253906,809.2957608032226,37.100318950340515,17.709999084472656,13.960000038146973,80.33000183105469,0
2023-02-01,827.4640502929688,0.01929317116774243,-0.025736697830194832,-0.06787947834361452,873.4173400878906,809.7360940551757,42.674672587212704,16.8799991607666,13.789999961853027,81.30999755859375,0
2023-02-02,837.1736450195312,0.01173415899231478,-0.015831150278146744,-0.038498197778169874,872.0599462890625,810.2465585327149,48.938644800501336,16.780000686645508,13.619999885559082,81.62000274658203,0
2023-02-03,842.93115234375,0.006877315546745866,-0.007981567769628106,-0.0301464915470413,870.5952099609375,810.7445846557617,46.06606291137607,15.729999542236328,13.65999984741211,80.12999725341797,0
2023-02-06,833.0751342773438,-0.011692554058539417,-0.0018706100901937361,-0.02867220727575892,869.1002221679687,811.24546875,45.36331802863116,14.399999618530272,14.65999984741211,80.1500015258789,0
2023-02-07,832.1480712890625,-0.0011128203809437354,0.04350224032175043,-0.04528663849425196,867.4481237792969,811.7087371826171,45.055807768696766,14.6899995803833,17.31999969482422,79.68000030517578,1
2023-02-08,838.3446044921875,0.007446431010200039,0.043230123302298695,-0.046133446224197794,865.7374743652343,812.2742846679688,45.91834430264904,14.130000114440918,17.709999084472656,77.9000015258789,0
2023-02-09,840.0036010742188,0.0019788957585480382,0.034739737669711834,-0.04243834800004764,863.9399755859375,812.8260592651367,47.87275896971671,13.600000381469728,16.8799991607666,78.87000274658203,0
2023-02-10,833.221435546875,-0.008073971967108906,0.006957867537408902,-0.05968841566986227,862.254697265625,813.3364053344726,43.579777900544414,13.039999961853027,16.780000686645508,76.41000366210938,0
2023-02-13,830.098876953125,-0.0037475735267187282,-0.008450777336930115,-0.04512526870977607,860.6943298339844,813.9138327026367,41.92561634501885,12.75,15.729999542236328,75.87999725341797,1
2023-02-14,844.3948364257812,0.01722199592069029,0.0017364218631159556,-0.04116574347234081,859.3613305664062,814.512056274414,48.10828554259137,13.68000030517578,14.399999618530272,73.38999938964844,0
2023-02-15,849.761962890625,0.0063561810580961,0.020030400532547787,-0.033893627611635835,858.3493835449219,815.1557885742187,55.77927932339963,13.449999809265137,14.6899995803833,74.11000061035156,1
2023-02-16,848.4446411132812,-0.0015502244568145196,0.019583738022698416,-0.03297733246654866,857.3208483886718,815.8040893554687,76.83621735915196,12.859999656677246,14.130000114440918,77.13999938964844,1
2023-02-17,841.8088989257812,-0.00782106676847294,0.0041323036076461594,-0.018768139048358168,855.9693090820313,816.5004504394532,70.00515199668635,12.890000343322754,13.600000381469728,78.47000122070312,1
2023-02-20,831.5137329101562,-0.012229813712782645,-0.010106942581204925,-0.020687271103479232,854.4508996582031,817.1232678222656,60.09997398074575,13.09000015258789,13.039999961853027,78.05999755859375,1
2023-02-21,833.5630493164062,0.0024645611072202644,0.00040999157601717684,-0.021926957075739217,852.9656701660156,817.8026501464843,53.63160733313854,13.380000114440918,12.75,79.72000122070312,1
2023-02-22,818.9741821289062,-0.017501816088733912,-0.01340165025286133,-0.025657427139642586,851.136943359375,818.4522543334961,39.75836078817139,14.010000228881836,13.68000030517578,80.13999938964844,1
2023-02-23,819.4620971679688,0.0005957636390858667,-0.029527346902486595,-0.03064758497368303,849.5365649414063,819.099690246582,35.96025082756006,15.59000015258789,13.449999809265137,79.05999755859375,1
2023-02-24,819.4133911132812,-5.943661684393309e-05,-0.03571420362722211,-0.024341979997412833,848.1879541015625,819.7328176879882,40.74074380493487,15.079999923706056,12.859999656677246,78.58999633789062,1
2023-02-27,835.7098999023438,0.019888018631134985,-0.015009513401166297,-0.019520269040833815,847.2979870605469,820.5366693115234,51.997819950058776,14.1899995803833,12.890000343322754,78.48999786376953,1
2023-02-28,834.1973266601562,-0.001809926198510059,-0.009041924212654484,-0.01201964815654677,846.2909191894531,821.4224423217773,47.5447959386461,13.880000114440918,13.09000015258789,76.33999633789062,1
2023-03-01,835.6123046875,0.0016962150106722973,0.004929048811977532,-0.010229488247973872,845.2487219238282,822.2878872680664,47.39280332981344,14.020000457763672,13.380000114440918,76.33999633789062,1
2023-03-02,833.3678588867188,-0.002685989409431433,-0.00023416396617814694,-0.01782636042917296,844.5022033691406,823.0111572265625,50.09188536199922,13.0,14.010000228881836,76.16000366210938,1
2023-03-03,847.56640625,0.01703755095888737,0.034912241124340326,0.0027709104374618043,844.0708825683594,823.818273010254,59.62364651287914,12.970000267028809,15.59000015258789,73.94999694824219,1
2023-03-06,846.78564453125,-0.0009211805859606903,0.033343271711663514,-0.002987286300947023,843.8532690429688,824.7041784667969,51.547689509090326,12.18000030517578,15.079999923706056,75.38999938964844,1
2023-03-08,851.0305786132812,0.0050129972200709805,0.03858514864767337,0.00045885416330326834,843.4414636230468,825.5179443359375,50.83334602964843,12.270000457763672,14.1899995803833,76.31999969482422,1
2023-03-09,835.2708129882812,-0.018518448127539555,-0.0005254059023517277,-0.016996773598283665,842.5690625,826.245636291504,42.72632179151395,12.449999809265137,13.880000114440918,75.68000030517578,1
2023-03-10,822.2921142578125,-0.01553831227986513,-0.014271458349079391,-0.014790032061437919,841.4702673339843,826.9225003051757,39.92954273322042,12.729999542236328,14.020000457763672,77.05000305175781,1
2023-03-13,808.3863525390625,-0.016910975403553685,-0.03258203833968121,0.013705371705435176,839.9157531738281,827.5046151733399,38.49518911090397,13.40999984741211,13.0,77.69000244140625,1
2023-03-14,810.2892456054688,0.0023539401183969577,-0.027693188590306672,0.008318232232861211,838.7349877929687,828.0227651977539,38.405459545386535,16.219999313354492,12.970000267028809,78.16000366210938,1
2023-03-15,805.94677734375,-0.0053591582083432066,-0.049104859040359106,-0.007212402544524266,837.2409765625,828.4643969726562,42.77210636711324,16.219999313354492,12.18000030517578,79.68000030517578,1
2023-03-16,803.9951171875,-0.0024215744899214187,-0.05053289178920517,-0.02836248063847535,835.7294006347656,828.8540740966797,41.55573075746539,16.299999237060547,12.270000457763672,80.45999908447266,1
2023-03-17,816.046630859375,0.014989535899214257,-0.041107744695744186,-0.02523611951456417,834.5027685546875,829.2829113769532,48.37488841554494,16.219999313354492,12.449999809265137,76.66000366210938,1
2023-03-20,816.241943359375,0.00023933987668600665,-0.02278167671252418,-0.03166238299553448,833.6694018554688,829.7136950683594,38.87345876039441,14.770000457763672,12.729999542236328,75.72000122070312,1
2023-03-21,831.8065795898438,0.01906865526465107,0.011570663474766318,-0.0015227374282398287,833.3239562988281,830.2363671875,48.822714015383774,16.010000228881836,13.40999984741211,76.68000030517578,1
2023-03-22,839.4180908203125,0.009150578292157707,0.03838726146697358,0.008736449415773118,833.0673120117187,830.8235299682617,51.766306195243764,15.079999923706056,16.219999313354492,74.80000305175781,1
2023-03-23,834.7828369140625,-0.005521984761753473,0.030228207324029643,-0.004248572196969613,832.9521630859375,831.3756335449219,50.64244926055844,14.8100004196167,16.219999313354492,71.33000183105469,1
2023-03-24,831.8065795898438,-0.0035653072782629858,0.03208624064646415,-0.009758317076132061,832.6808813476563,831.9686318969726,42.032558607406436,14.489999771118164,16.299999237060547,67.61000061035156,1
2023-03-27,828.1958618164062,-0.00434081415323484,0.030100611448443004,-0.006031498370142496,832.4476550292969,832.57146484375,40.863300029338234,15.239999771118164,16.219999313354492,68.3499984741211,1
2023-03-28,834.0997314453125,0.0071285910750118475,0.022122633564366057,0.004819732447865377,832.0826904296875,833.1880545043946,41.81217003837783,15.449999809265137,14.770000457763672,66.73999786376953,1
2023-03-29,830.4403686523438,-0.004387200540908798,0.017394873429969593,-0.01652599846832914,831.8045764160156,833.8481860351562,47.35433852111461,15.100000381469728,16.010000228881836,67.63999938964844,1
2023-03-31,856.05615234375,0.03084602417988913,0.029152898460917953,0.007407003052612771,832.0407287597657,834.7915997314453,66.24411243055312,13.630000114440918,15.079999923706056,69.33000183105469,1
2023-04-03,862.4478759765625,0.007466477070824151,0.027435416758464726,0.01650459462494447,832.3198181152344,835.7790969848633,78.03643891290999,12.9399995803833,14.8100004196167,70.9000015258789,1
2023-04-05,863.2285766601562,0.000905214918304198,0.03407561642168999,0.02544482217010091,832.67990234375,836.7620101928711,77.77778489460968,12.59000015258789,14.489999771118164,69.95999908447266,1
2023-04-06,853.8605346679688,-0.01085233070994085,0.02651332126874939,0.026874843882136012,832.7706567382812,837.7405215454102,73.88133121357424,12.40999984741211,15.239999771118164,69.26000213623047,1
2023-04-10,847.4688110351562,-0.007485676376058237,0.023271004006806262,0.01668231542911358,832.7072277832032,838.6465759277344,70.74989701857861,11.800000190734863,15.449999809265137,72.80999755859375,1
2023-04-11,860.5938720703125,0.015487367634360982,0.031763756330542625,0.05081929424590248,832.9248413085937,839.6226208496093,71.04661235421744,12.270000457763672,15.100000381469728,73.19999694824219,1
2023-04-12,868.64453125,0.009354771676819196,0.04600470309464222,0.06001794866657528,833.6050036621094,840.5896908569335,73.04721306546692,11.979999542236328,13.630000114440918,72.97000122070312,1
2023-04-13,877.2806396484375,0.0099420511932653,0.02479333539812556,0.07062033542866075,835.2014782714843,841.646017150879,71.29797387575232,12.270000457763672,12.9399995803833,75.66999816894531,1
2023-04-17,879.5250854492188,0.002558412552772893,0.019800859794940617,0.05242870229489327,836.7198864746093,842.6526965332031,69.77863179483846,11.90999984741211,12.59000015258789,80.41999816894531,1
2023-04-18,875.1826171875,-0.004937287558433701,0.013848059309614191,0.049131409580794205,837.9875024414063,843.5683071899414,69.98071689209911,12.270000457763672,12.40999984741211,80.61000061035156,1
2023-04-19,870.3522338867188,-0.005519286153447878,0.019314277389764767,0.04157421929325311,838.8452661132812,844.4408508300781,68.72037942789387,12.079999923706056,11.800000190734863,80.69999694824219,1
2023-04-20,872.7919311523438,0.002803114843205501,0.02988088739956818,0.0473069267613595,839.5576318359375,845.3597860717773,71.90806469796661,12.149999618530272,12.270000457763672,79.73999786376953,1
2023-04-21,864.2532348632812,-0.009783198015807626,0.0042521367066739035,0.019687930633200734,839.9840734863282,846.2726461791992,64.43927836781076,11.9399995803833,11.979999542236328,81.52999877929688,1
2023-04-24,882.8917846679688,0.021566074679067793,0.01640170737904323,0.04263905555071834,840.9804064941407,847.2571157836915,71.96567546898196,11.630000114440918,12.270000457763672,83.26000213623047,1
2023-04-25,891.381591796875,0.009615909080068041,0.016073479239309796,0.04741429297328437,842.1650769042968,848.3000399780274,67.27100193368187,11.670000076293944,11.90999984741211,82.16000366210938,1
2023-04-26,892.8453369140625,0.0016421083076629817,0.01514482268352868,0.06892917007335808,843.2550915527344,849.271711730957,65.61405048845637,11.520000457763672,12.270000457763672,80.83000183105469,1
2023-04-27,896.1631469726562,0.0037159964009680913,0.023972745085568015,0.08983551153414449,844.3782824707031,850.263125,66.48753229674136,11.649999618530272,12.079999923706056,80.86000061035156,1
2023-04-28,895.4801025390625,-0.000762187594860575,0.02887091877748227,0.10773777875696067,845.6234558105468,851.219596862793,72.81969730130588,11.43000030517578,12.149999618530272,79.16000366210938,1
2023-05-02,899.8225708007812,0.004849318538073577,0.03097031340877443,0.11049551216542541,847.0179296875,852.1199371337891,79.36506088935569,10.949999809265137,11.9399995803833,77.29000091552734,1
2023-05-03,900.5545043945312,0.0008134199091034411,0.0420030473325248,0.1173870653873581,848.141123046875,852.9574908447265,76.03304733556055,11.899999618530272,11.630000114440918,77.87000274658203,1
2023-05-04,899.4323120117188,-0.0012461126753976481,0.018734490037157103,0.1187036995424462,849.1345300292969,853.7225021362304,72.04754041468487,11.84000015258789,11.670000076293944,78.76000213623047,1
2023-05-05,904.5554809570312,0.005696002775188003,0.01477918018656843,0.10846053001217348,850.2567468261718,854.559690246582,70.56665289024178,11.729999542236328,11.520000457763672,77.06999969482422,1
2023-05-08,915.2409057617188,0.01181290150758052,0.025083368778137993,0.12128629655430045,851.7253869628906,855.4828012084961,73.89037588164881,12.300000190734863,11.649999618530272,74.30000305175781,0
2023-05-09,911.8255004882812,-0.0037317008581417843,0.017477122964199454,0.09619895160951253,853.3316223144532,856.3927154541016,74.8182934340908,12.640000343322754,11.43000030517578,74.76000213623047,0
2023-05-10,913.435546875,0.0017657395914640883,0.020051192969029907,0.08817710371521148,854.929072265625,857.316499633789,80.511401408956,12.68000030517578,10.949999809265137,76.77999877929688,0
2023-05-11,916.509521484375,0.0033652890123354595,0.018544712285604836,0.09790173079316178,856.8797790527344,858.1547717285156,80.68492505151504,13.079999923706056,11.899999618530272,71.66000366210938,0
2023-05-12,921.095947265625,0.005004231460489228,0.02280977194701217,0.10734390646417946,858.9124560546875,858.9740225219726,92.24088586432458,13.220000267028809,11.84000015258789,68.5999984741211,0
2023-05-15,922.9013061523438,0.00196001175781757,0.026093118767473333,0.11435150633115776,860.9822143554687,859.7904177856445,89.65201443044039,12.850000381469728,11.729999542236328,68.55999755859375,0
2023-05-16,923.4867553710938,0.0006343573411882186,0.020928815105993204,0.10716587064581962,862.7377514648438,860.5956750488281,87.72954649459676,13.170000076293944,12.300000190734863,71.33999633789062,0
2023-05-17,916.6558227539062,-0.007396892892570617,0.0015459503429973154,0.10381895841777866,864.3869213867188,861.2986337280273,74.84729630058968,13.289999961853027,12.640000343322754,73.16000366210938,0
2023-05-18,923.6331176757812,0.007611684504346572,0.01294942637728047,0.0789398746180563,866.1473376464844,862.032356262207,76.63206205161342,13.109999656677246,12.68000030517578,73.70999908447266,0
2023-05-19,931.2446899414062,0.008240904445672825,0.019496879804310252,0.07976924273474983,868.1048742675781,862.8264471435547,80.56716234163909,12.800000190734863,13.079999923706056,72.55999755859375,0
2023-05-22,927.3900146484376,-0.004139272239191194,0.011871664078776378,0.07432728679641598,869.7013464355468,863.5808938598633,73.75936218765105,12.300000190734863,13.220000267028809,70.87000274658203,0
2023-05-23,930.366455078125,0.003209480782274454,0.01006464944289509,0.08960001932857375,871.3729626464843,864.2818365478515,74.73677493459266,12.56999969482422,12.850000381469728,70.04000091552734,1
2023-05-24,917.9244995117188,-0.013373177309323192,-0.005392566472111504,0.08313661524664617,872.7108410644531,864.901169128418,62.91748526522597,12.609999656677246,13.170000076293944,71.11000061035156,1
2023-05-25,917.143798828125,-0.0008505064240130755,-0.006868486749893821,0.06571035257521829,874.34830078125,865.493317565918,59.36134075412884,13.109999656677246,13.289999961853027,70.86000061035156,1
2023-05-26,927.7316284179688,0.011544350627864741,0.012082840024718822,0.0680221828864116,876.4570910644532,866.1658081054687,59.30226638423989,12.520000457763672,13.109999656677246,72.83000183105469,0
2023-05-29,925.2432861328124,-0.0026821789932931495,0.0017432987473240402,0.05467195366763766,878.7942297363281,866.7916638183593,60.13259574797583,11.899999618530272,12.800000190734863,71.86000061035156,0
2023-05-30,926.9998168945312,0.0018984528588805727,-0.0045582789278960645,0.05397768890362542,881.1284411621094,867.4483703613281,60.22060318193231,12.300000190734863,12.300000190734863,71.55000305175781,0
2023-05-31,926.2191162109376,-0.0008421799760532922,-0.0012625739106582046,0.058315256748870725,883.5338879394532,868.0141137695313,57.578018116894846,12.010000228881836,12.56999969482422,71.98999786376953,1
2023-06-01,913.4843139648438,-0.01374923279298157,-0.018145689820538102,0.04955703955111446,885.723671875,868.497886352539,44.729704487499696,11.970000267028809,12.609999656677246,72.91000366210938,1
2023-06-02,915.4848022460938,0.0021899536211706927,-0.0026578408866119174,0.04891529076968304,887.7124353027343,868.9340869140625,44.8786507610037,11.600000381469728,13.109999656677246,74.33999633789062,1
2023-06-05,923.8770751953124,0.009167025961139608,0.007341571055477614,0.06898885410763111,889.8651379394531,869.3588217163086,50.243297431585596,11.130000114440918,12.520000457763672,71.83000183105469,1
2023-06-06,919.3394165039062,-0.004911539438779644,-0.009045947833398182,0.04128210554099154,891.6157946777344,869.6891436767578,51.721990628686385,11.140000343322754,11.899999618530272,72.66999816894531,1
2023-06-07,917.4853515625,-0.002016736047777634,-0.008384751001801694,0.02928460718265935,893.1771398925781,869.9865310668945,45.77751917251532,11.380000114440918,12.300000190734863,72.66999816894531,1
2023-06-08,915.2409057617188,-0.0024463015098376006,-0.012684912033969042,0.025083368778137993,894.7863012695312,870.2531796264649,38.1331984054859,11.4399995803833,12.010000228881836,69.45999908447266,1
2023-06-09,915.3872680664062,0.00015991669927140073,-0.01169469292411418,0.021451586308465442,896.4579150390625,870.5115335083008,40.58203252585401,11.260000228881836,11.970000267028809,68.08999633789062,1
2023-06-12,913.3380126953124,-0.0022386758507386695,-0.0001601573965691605,0.019942274658716785,898.1607580566406,870.8313653564453,36.44133198553705,11.119999885559082,11.600000381469728,70.0999984741211,1
2023-06-13,920.7543334960938,0.008120017668919122,0.005756000795503535,0.02326210007900187,899.8938500976562,871.2768365478515,52.44923402007395,11.25,11.130000114440918,71.73999786376953,1
2023-06-14,917.0950317382812,-0.003974243318430215,-0.007340850464979232,0.018367047483561993,901.626943359375,871.6471682739258,49.95979522232387,11.109999656677246,11.140000343322754,72.1500015258789,1
2023-06-15,904.2138671875,-0.014045615890390328,-0.016452627881360926,0.005316192349245963,902.59009765625,871.9072296142579,31.317825097431594,11.15999984741211,11.380000114440918,71.73999786376953,1
2023-06-16,911.6303100585938,0.008202089284653491,-0.006381618511875908,0.007821332411890536,903.5737463378906,872.2090084838867,39.971258450024784,11.079999923706056,11.4399995803833,72.52999877929688,1
2023-06-19,900.8472900390624,-0.01182828159677829,-0.015726586991516855,-0.015726586991516855,904.3261206054688,872.4641909790039,32.994938362639246,10.84000015258789,11.260000228881836,71.29000091552734,1
2023-06-20,903.1892700195312,0.0025997524845384756,-0.013325505469003462,-0.00947136317653463,905.3126953125,872.8042715454102,35.32337727906746,11.229999542236328,11.119999885559082,70.16999816894531,1
2023-06-21,902.3598022460938,-0.0009183764698837971,-0.012019876865544399,-0.012125370713673256,906.4105151367188,872.9867538452148,41.64227177015241,11.130000114440918,11.25,67.12000274658203,1
2023-06-22,903.3844604492188,0.0011355317475074678,-0.01886482899398556,-0.014320703416041969,907.2663269042969,873.2375451660156,40.77386160140881,11.289999961853027,11.109999656677246,69.41999816894531,1
2023-06-23,901.1887817382812,-0.002430503077112567,-0.017344167670226063,-0.021612477599581625,907.9172119140625,873.4868722534179,30.895620113087233,11.550000190734863,11.15999984741211,68.2699966430664,1
2023-06-26,905.0433349609376,0.004277187311654496,0.0009173358245628815,-0.019349816792282537,908.4724658203126,873.7064361572266,37.82207724550733,11.239999771118164,11.079999923706056,70.62000274658203,1
2023-06-27,913.4843139648438,0.009326602028697728,0.002033723413749744,-0.0108311693135551,909.151650390625,873.9623498535157,46.93565019675454,11.399999618530272,10.84000015258789,71.77999877929688,1
2023-06-28,914.8017578125,0.0014422183583406856,0.015490381030987432,-0.0020226402269895027,909.944033203125,874.2612008666993,49.658816846054556,10.779999732971191,11.229999542236328,71.77999877929688,1
2023-06-30,912.0205688476562,-0.00304020946734318,0.009777904943372606,-0.012572685632306735,910.7773999023437,874.4358761596679,47.48721742584651,10.890000343322754,11.130000114440918,70.5,1
2023-07-03,919.7785034179688,0.008506315356587413,0.019303498591711987,-0.01231275372336238,911.7171313476563,874.6373870849609,54.42949025244335,10.800000190734863,11.289999961853027,72.52999877929688,1
2023-07-04,921.8766479492188,0.0022811410828293965,0.02046989771199348,-0.0059450356507331215,912.869599609375,874.8203573608398,50.832800415947304,11.539999961853027,11.550000190734863,69.51000213623047,1
2023-07-05,934.8552856445312,0.014078497078957808,0.03735788170965848,0.004824798381224182,913.9088696289062,875.0545590209961,61.577545170823896,11.699999809265137,11.239999771118164,69.16000366210938,1
2023-07-06,936.2214965820312,0.0014614143584352757,0.034449357745327536,0.019933008738785674,914.8056677246094,875.2560705566407,74.5508715717879,11.880000114440918,11.399999618530272,69.37000274658203,0
2023-07-07,923.5355834960938,-0.013550119423930584,0.011003220720478435,0.006969228463558075,915.41947265625,875.3965921020508,58.44875202278686,11.84000015258789,10.779999732971191,67.69999694824219,1
2023-07-10,925.4872436523438,0.0021132484672241603,0.011680657310273679,-0.0024192176884734184,916.0059545898438,875.5883450317383,69.99202697951286,11.529999732971191,10.890000343322754,69.55999755859375,1
2023-07-11,922.12060546875,-0.003637692692886496,0.011074351792147885,-0.0033749833269410834,916.5387646484374,875.8115689086914,65.10902212787266,11.460000038146973,10.800000190734863,70.63999938964844,1
2023-07-12,921.5838623046876,-0.0005820747968098283,0.0019628191787588456,-0.005842454864756319,916.9739904785156,875.9464791870117,65.41466866735783,11.010000228881836,11.539999961853027,69.79000091552734,1
2023-07-13,932.61083984375,0.011965245909890676,0.01164384835911636,0.006900876391927824,917.6151171875,876.1438430786133,70.19548301385468,10.9399995803833,11.699999809265137,69.79000091552734,1
2023-07-14,936.8557739257812,0.004551667105587631,0.0021398908600818167,0.025584960358538744,918.3635864257812,876.4202499389648,73.9671889098516,10.9399995803833,11.880000114440918,71.79000091552734,1
2023-07-17,945.2967529296876,0.009009902312429041,0.009693492812105298,0.032564113145790996,919.1784118652344,876.8420568847656,75.47865781104653,10.68000030517578,11.84000015258789,71.80000305175781,1
2023-07-18,951.8837280273438,0.006968155848670499,0.03069523799390228,0.030314263210947878,919.9112683105469,877.4002380371094,74.88930806065198,11.31999969482422,11.529999732971191,73.86000061035156,0
2023-07-19,949.9320068359376,-0.002050377723601615,0.02641285803910698,0.03327670910529412,920.6733984375,877.9901336669922,72.58463735815315,11.710000038146973,11.460000038146973,72.98999786376953,0
2023-07-20,971.546875,0.022754121356598933,0.05360065618111287,0.058923582099084104,921.835625,878.7029849243164,80.80805847244604,11.600000381469728,11.010000228881836,74.83000183105469,0
2023-07-21,972.9130859375,0.0014062223580308952,0.05569674745003539,0.0630131147031534,922.9636962890625,879.4499905395508,79.4483356775449,11.789999961853027,10.9399995803833,75.75,0
2023-07-24,968.0338745117188,-0.005015053755885734,0.03798265380863852,0.05751293281205361,923.9024548339844,880.0842868041992,74.81633210253649,11.489999771118164,10.9399995803833,76.88999938964844,0
2023-07-25,970.6686401367188,0.0027217700685620017,0.03609185869586806,0.06277043837496743,924.8578015136719,880.7983581542969,71.66467286959102,11.649999618530272,10.68000030517578,75.41999816894531,0
2023-07-26,972.3764038085938,0.0017593683377208347,0.028646719450775793,0.05606497676366251,925.8355944824219,881.4267996215821,71.7812818981672,10.239999771118164,11.31999969482422,74.1500015258789,0
2023-07-27,966.326171875,-0.006222108958934269,0.01517248737677912,0.05368161251883019,926.8290014648437,881.9381402587891,78.01909874452188,10.460000038146973,11.710000038146973,75.75,0
2023-07-28,972.1324462890624,0.0060086072208891395,0.023370556306519852,0.0751134013381356,927.7989880371093,882.4926620483399,79.07536802890829,10.510000228881836,11.600000381469728,75.3499984741211,0
2023-07-31,974.181640625,0.002107937394498105,0.0027119284645942265,0.06861479908712753,928.6577270507812,883.0613330078126,82.99310097273363,10.140000343322754,11.789999961853027,75.62999725341797,1
2023-08-01,970.522216796875,-0.0037564081230039292,-0.002457433428723177,0.07734377127869396,929.52037109375,883.6661099243164,79.83335416964334,10.40999984741211,11.489999771118164,77.06999969482422,1
2023-08-02,963.1058959960938,-0.007641577567650271,-0.005090708750363437,0.06633894795413897,930.1751599121094,884.2447836303711,69.44617643235405,10.279999732971191,11.649999618530272,78.73999786376953,1
2023-08-03,941.6862182617188,-0.02224021036878987,-0.02985820358935032,0.0435817463474506,930.6503942871094,884.788327331543,52.526816011320264,11.279999732971191,10.239999771118164,79.62999725341797,1
2023-08-04,947.0532836914062,0.005699420173733261,-0.02604250783750217,0.04833913483576269,931.248583984375,885.2774673461914,50.94937648407077,11.1899995803833,10.460000038146973,78.77999877929688,1
2023-08-07,952.078857421875,0.005306537464164762,-0.01474379445346119,0.056469939167943295,931.7355285644531,885.7187911987305,50.107274895526935,10.56999969482422,10.510000228881836,80.08999633789062,1
2023-08-08,956.2262573242188,0.004356151667493702,-0.01636216240447752,0.05655300733803004,932.3551879882813,886.123765258789,53.37877464416787,11.100000381469728,10.140000343322754,80.58000183105469,0
2023-08-09,957.0133056640624,0.0008230775235622545,-0.017623340704638002,0.04765160280671643,932.9554577636719,886.5560949707032,39.95136846867215,11.329999923706056,10.40999984741211,81.80000305175781,0
2023-08-10,948.552001953125,-0.008841364755180825,-0.02263751871261721,0.03689350599995511,933.4021154785156,886.9629510498047,34.66144124008315,11.140000343322754,10.279999732971191,81.37000274658203,0
2023-08-11,937.4833984375,-0.011668947504020921,-0.026604029385671746,0.02791913961109027,933.8820971679687,887.2241986083984,32.15523062344512,11.399999618530272,11.279999732971191,79.48999786376953,0
2023-08-14,944.0753784179688,0.0070315698298824,0.0025371085505108137,0.026416006581705176,934.4539086914062,887.4249697875977,35.153027705006934,11.520000457763672,11.1899995803833,81.55000305175781,0
2023-08-16,941.0745239257812,-0.003178617471431333,-0.006313013078124929,0.020824777392148386,934.7978576660156,887.6168359375,32.77294891105281,12.0,10.56999969482422,82.81999969482422,0
2023-08-17,936.3027954101562,-0.005070510777105408,-0.01657012114987888,0.001548378436590836,935.1371252441406,887.7880145263672,33.24073033037939,12.130000114440918,11.100000381469728,81.94000244140625,1
2023-08-18,935.3189086914062,-0.0010508210843469534,-0.021864436865932757,-0.0009640751616152299,935.4937963867187,888.0350247192383,28.281114403926466,12.239999771118164,11.329999923706056,82.91999816894531,0
2023-08-21,939.7955322265624,0.0047862001864362735,-0.01799115366066173,0.017606196253874495,935.9848889160156,888.300270690918,30.27810372494588,12.140000343322754,11.140000343322754,84.4000015258789,0
2023-08-22,936.6471557617188,-0.003350065367287436,-0.012550546693163356,0.012058418077523614,936.4100866699218,888.5502627563477,30.45664509068311,11.960000038146973,11.399999618530272,82.81999969482422,0
2023-08-23,951.2576293945312,0.01559869534961722,0.014692773205358778,0.03159784495973805,937.1684790039062,888.8923358154296,43.68837022991103,11.75,11.520000457763672,83.19000244140625,0
2023-08-24,953.3237915039062,0.0021720321031117873,0.009796265528538184,0.03444063041625278,937.8198681640625,889.2254666137695,57.8097096477173,11.729999542236328,12.0,82.51000213623047,0
2023-08-25,954.7504272460938,0.0014964860364357069,0.014532221383766863,0.023739363147497805,938.5729760742188,889.5820764160156,55.45381105102739,11.699999809265137,12.130000114440918,79.37999725341797,0
2023-08-28,954.8980102539062,0.00015457757713521758,0.019860257744509058,0.019258285885906723,939.5866589355469,889.8798977661132,52.14584438644433,12.079999923706056,12.239999771118164,80.38999938964844,0
2023-08-29,952.1431274414062,-0.0028850021498814105,0.017987681627797514,0.007242566411552964,940.3969152832032,890.1980993652344,46.824747396120074,12.399999618530272,12.140000343322754,81.25,0
2023-08-30,943.4359130859376,-0.00914485869248105,0.003873588173749276,-0.008874839113925281,941.2486877441406,890.4717886352539,40.59949695400249,12.229999542236328,11.960000038146973,80.72000122070312,0
2023-08-31,943.2882690429688,-0.0001564961020891209,0.007090304220108479,-0.006993908769426627,942.0506677246094,890.7649884033203,45.88144388484603,11.800000190734863,11.75,80.3499984741211,0
2023-09-01,953.0778198242188,0.010378111445382698,0.0019134568527414686,-0.019009947590826526,943.0650280761719,891.1637344360352,62.450914938719855,12.0600004196167,11.729999542236328,78.88999938964844,0
2023-09-04,951.7495727539062,-0.0013936396825995345,-0.001651294936756642,-0.02175272744245249,944.0323303222656,891.4741131591796,56.68951588875745,11.369999885559082,11.699999809265137,79.05000305175781,0
2023-09-05,952.7826538085938,0.0010854547081100563,-0.002061034361802716,-0.015754841958209198,945.0642077636719,891.7803866577149,60.568413211921445,10.960000038146973,12.079999923706056,79.83000183105469,0
2023-09-06,942.0584716796876,-0.011255643756777012,-0.013445978980314965,-0.029474701534605408,945.8045104980469,892.0027880859375,54.691269952610334,10.81999969482422,12.399999618530272,80.0999984741211,0
2023-09-07,950.0770263671876,0.0085117377833277,-0.0021699479990688886,-0.022932865661963953,946.5363647460938,892.2625988769531,60.79137750206427,10.68000030517578,12.229999542236328,81.16000366210938,0
2023-09-08,954.8980102539062,0.005074308453865806,0.012149311902359683,-0.011826401844130197,947.3382897949218,892.541390991211,60.98784422634069,10.869999885559082,11.800000190734863,81.62999725341797,0
2023-09-11,962.4738159179688,0.00793362807620479,0.020339007178012514,-0.009935508693248218,948.3473547363282,892.846840209961,67.65297795755721,10.779999732971191,12.0600004196167,83.62999725341797,0
2023-09-12,974.5262451171876,0.012522345023717518,0.022504379859479506,0.00035373741181010665,949.4423095703125,893.1942547607422,66.48083382687987,11.350000381469728,11.369999885559082,85.55000305175781,0
2023-09-13,973.8375244140624,-0.0007067236070613658,0.023207734778639466,0.0034160038377373247,950.4815270996094,893.4826025390626,64.818738883642,11.6899995803833,10.960000038146973,85.55000305175781,0
2023-09-14,971.7714233398438,-0.002121607580753082,0.01992980188644866,0.00899748135669709,951.2198498535156,893.8023370361328,62.18309416131355,11.829999923706056,10.81999969482422,86.69000244140625,0
2023-09-15,976.44482421875,0.004809156522471492,0.03650129325598184,0.036911027562018583,952.02431640625,894.1107962036133,64.48412389068275,11.31999969482422,10.68000030517578,87.54000091552734,0
2023-09-18,974.2311401367188,-0.002267085683824943,0.02542332158255567,0.02869728336654842,953.0382275390625,894.3625665283203,64.95675275337497,10.899999618530272,10.869999885559082,86.87000274658203,0
2023-09-20,971.2302856445312,-0.0030802284679243286,0.017103685645216027,0.02011538022650372,953.9530883789063,894.5693252563476,70.39707245844501,10.84000015258789,10.779999732971191,87.51000213623047,0
2023-09-21,943.8294067382812,-0.028212545789864985,-0.01937134171479271,-0.012964348647596546,954.3872644042968,894.7010455322265,50.283655359697775,11.130000114440918,11.350000381469728,87.29000091552734,0
2023-09-22,934.9744873046876,-0.009381906698790798,-0.04058562610362937,-0.02302874811555755,954.6550769042968,894.8353317260742,40.416633548713165,10.81999969482422,11.6899995803833,88.83999633789062,0
2023-09-25,940.9269409179688,0.006366434265431931,-0.03379473749062534,-0.008038632588888928,954.8213989257813,894.9847424316406,44.53821995463454,10.65999984741211,11.829999923706056,88.5199966430664,0
2023-09-26,933.4003295898438,-0.007999145311730627,-0.039485719407269526,-0.00435535056349956,954.7522900390625,895.1499475097656,40.82011872908536,10.899999618530272,11.31999969482422,90.16000366210938,0
2023-09-27,927.890625,-0.005902831202411085,-0.049725491921776555,-0.017143497000303376,954.4041674804688,895.2900436401367,42.94114284115604,11.1899995803833,10.899999618530272,90.7699966430664,0
2023-09-28,927.398681640625,-0.0005301738654542865,-0.04807119847300456,-0.014532156526888218,953.9144665527343,895.3801077270508,37.78481453768874,11.59000015258789,10.84000015258789,91.4800033569336,0
2023-09-29,936.5487670898438,0.009866399025963313,-0.035708852027479754,0.0002627052710868494,953.6468017578125,895.5256805419922,40.556969023074075,12.81999969482422,11.130000114440918,90.27999877929688,0
2023-10-03,925.1358032226562,-0.012186192826510456,-0.019806125325366852,-0.010887308461449918,952.7185803222657,895.6122369384766,31.514874617603937,11.449999809265137,10.81999969482422,89.62999725341797,0
2023-10-04,915.0510864257812,-0.01090079614446382,-0.021309031582605886,-0.026329605698546588,951.5613403320312,895.6354397583008,19.970242699507267,11.789999961853027,10.65999984741211,90.02999877929688,0
2023-10-05,925.6769409179688,0.011612307388970455,-0.016207421997208482,-0.01171221711000503,950.7142016601563,895.7664193725586,27.900725324866983,11.65999984741211,10.899999618530272,89.68000030517578,0
2023-10-06,929.9568481445312,0.004623543093034366,-0.003689179590096847,-0.022392231706522825,949.8999658203124,895.9819839477539,31.194758281454114,10.9399995803833,11.1899995803833,90.38999938964844,0
2023-10-09,923.4632568359376,-0.006982680241077621,-0.004771433232297562,-0.03132255266687767,948.9217028808594,896.198258972168,26.556448711813232,10.300000190734863,11.59000015258789,93.68000030517578,0
2023-10-10,935.8600463867188,0.013424236924440613,0.009123761887525061,-0.01978567416184651,948.3123803710937,896.4548056030274,34.42494854330731,11.399999618530272,12.81999969482422,91.70999908447266,0
2023-10-11,937.7293701171876,0.001997439400994061,0.001260588950442454,-0.01797955378727145,947.6243188476562,896.7048416137695,36.275712457549105,11.270000457763672,11.449999809265137,90.79000091552734,0
2023-10-12,938.86083984375,0.0012066058317241612,0.014835699335474128,-0.013949885489745961,946.9179028320312,897.0456768798828,47.40626981421237,10.989999771118164,11.789999961853027,89.2300033569336,0
2023-10-13,935.9584350585938,-0.0030914110611315326,0.022848285678209734,-0.007925793287734129,946.2266271972657,897.3798068237305,50.54768542520101,10.619999885559082,11.65999984741211,84.22000122070312,0
2023-10-16,936.056884765625,0.00010518598192343909,0.011213354669246334,-0.007666144607820113,945.6856469726563,897.7717596435547,47.10025315682857,10.619999885559082,10.9399995803833,82.30999755859375,0
2023-10-17,938.5165405273438,0.002627677656934946,0.009204397386707752,-0.01527816406383331,945.6222534179688,898.1062380981446,53.241930368731694,11.06999969482422,10.300000190734863,82.79000091552734,0
2023-10-18,928.5301513671876,-0.010640610718000598,0.0054868393449791775,-0.024396566125617247,945.2517907714844,898.3544345092773,50.38348475576734,10.699999809265137,11.399999618530272,86.37999725341797,1
2023-10-19,920.6591796875,-0.00847680785389493,-0.01624267085437414,-0.033715427115182495,944.6233972167969,898.5715710449218,46.287290172381084,10.970000267028809,11.270000457763672,85.97000122070312,1
2023-10-20,917.7075805664062,-0.0032059628429443876,-0.021351351667996954,-0.025848598410100565,943.8530236816406,898.7295486450196,38.85981791384755,10.899999618530272,10.989999771118164,83.48999786376953,1
2023-10-23,914.9527587890624,-0.003001851391097321,-0.025464989101757096,-0.03696991570507713,943.0118127441406,898.9576748657227,43.292327460533194,10.81999969482422,10.619999885559082,82.91000366210938,1
2023-10-25,901.3260498046876,-0.014893347064617535,-0.03700205474587992,-0.05610228513825677,942.0672937011718,899.0610684204102,41.362244799969304,10.90999984741211,10.619999885559082,87.69000244140625,1
2023-10-26,893.9962768554688,-0.008132210259325312,-0.044933816090341194,-0.07114743064172491,941.1975512695312,899.1331802368164,29.199020255323447,11.3100004196167,11.06999969482422,86.66000366210938,1
2023-10-27,898.0301513671875,0.004512182674750509,-0.04313870604497527,-0.07849567329077056,940.2766467285156,899.2364398193359,28.969533812410432,11.729999542236328,10.699999809265137,86.66000366210938,1
2023-10-30,909.9841918945312,0.01331140219417426,-0.019973459607476318,-0.06556877396765992,939.6548400878906,899.496809387207,41.71704404379242,10.90999984741211,10.970000267028809,88.31999969482422,1
2023-10-31,900.5881958007812,-0.01032544980170269,-0.021800666663130963,-0.0732509989791793,938.9405480957031,899.7543560791015,27.495287941804136,11.489999771118164,10.899999618530272,89.37000274658203,1
2023-11-01,899.3091430664062,-0.0014202415047620542,-0.020048257080588328,-0.07899645657301702,938.2203527832031,899.9896502685547,25.300466385041034,11.829999923706056,10.81999969482422,88.75,1
2023-11-02,905.114013671875,0.00645481106271828,-0.010753282093174832,-0.07094530611610728,937.5267224121094,900.3125189208985,29.534629615098183,12.050000190734863,10.90999984741211,85.48999786376953,1
2023-11-03,918.7406616210938,0.01505517287699254,0.019321101193269463,-0.054044467928225814,937.1685925292969,900.6793688964843,40.76030563154419,11.079999923706056,11.3100004196167,85.38999938964844,1
2023-11-06,930.2028198242188,0.01247594526065754,0.0404996574438794,-0.01443755282128123,936.7474963378907,901.1310971069336,47.199991592355346,10.880000114440918,11.729999542236328,83.20999908447266,1
2023-11-07,932.8099975585938,0.0028028056664757273,0.03872904059897819,-0.0023150254637788192,936.3372204589843,901.5334072875977,47.274397951425655,11.109999656677246,10.90999984741211,85.54000091552734,1
2023-11-08,920.6591796875,-0.01302603735261798,0.011730959601335522,-0.0215402071607127,935.6553955078125,901.9149728393554,46.31676116727574,11.1899995803833,11.489999771118164,82.30999755859375,1
2023-11-09,922.2333374023438,0.0017098159118753564,0.024034449599149132,-0.011963775706407831,935.0021020507812,902.3048968505859,50.7827603935563,11.039999961853027,11.829999923706056,81.0199966430664,1
2023-11-10,923.4632568359376,0.0013336315048619873,0.02685852129465993,-0.004771433232297562,934.4285046386718,902.67974609375,52.91190694842187,10.979999542236328,12.050000190734863,80.44000244140625,1
2023-11-13,919.3801879882812,-0.004421474073203702,0.01576174283119447,-0.008646220671953642,933.9473901367187,903.0505252075195,52.21021661883999,11.109999656677246,11.079999923706056,82.45999908447266,1
2023-11-15,925.9229125976562,0.007116451599518792,0.007817495487670634,-0.01134575674602123,933.6000830078125,903.4335256958008,63.21356600864685,11.1899995803833,10.880000114440918,80.51000213623047,1
2023-11-16,920.9051513671876,-0.005419199765120175,-0.009995313128364991,-0.004573006298893012,932.9566296386719,903.7848501586914,64.82382221433193,11.140000343322754,11.109999656677246,80.81999969482422,1
2023-11-17,906.9833374023438,-0.01511753294481566,-0.027686946134630963,-0.008816719790968541,932.0613049316406,904.0712008666992,54.447673907388044,11.649999618530272,11.1899995803833,77.37000274658203,1
2023-11-20,906.58984375,-0.0004338488218215142,-0.015281807044247975,-0.020619609632968272,931.1374487304688,904.4309680175782,48.09498199904772,11.829999923706056,11.039999961853027,75.33000183105469,1
2023-11-21,911.164794921875,0.005046329609155187,-0.012001889360934936,-0.020207446463941348,930.5195751953125,904.999507446289,56.27552679630058,12.149999618530272,10.979999542236328,75.73999786376953,1
2023-11-22,907.8688354492188,-0.0036173033583226655,-0.016886888862422178,-0.016886888862422178,929.6754113769531,905.5208282470703,54.96009767263538,12.229999542236328,11.109999656677246,77.16999816894531,1
2023-11-23,908.1148071289062,0.0002709330578196667,-0.012253234305630523,-0.02964678251297792,928.7397473144531,906.0023931884766,51.85861449768451,11.869999885559082,11.1899995803833,78.26000213623047,1
2023-11-24,914.41162109375,0.0069339404174586505,-0.012432235283617254,-0.024866181828690714,927.7785034179688,906.4371310424805,47.050933321580374,11.31999969482422,11.140000343322754,76.66000366210938,1
2023-11-28,910.5745239257812,-0.004196247159872213,-0.01121790602003847,-0.030128337148108475,926.4994689941407,906.8041354370117,35.07847038429706,11.329999923706056,11.649999618530272,72.9000015258789,1
2023-11-29,924.4470825195312,0.015234951373272354,0.019254758491159096,-0.012298999728916238,925.51166015625,907.2117150878906,44.572151585832735,12.18000030517578,11.829999923706056,75.88999938964844,1
2023-11-30,919.8721313476562,-0.004948851327872927,0.014650823290404125,-0.017290352414876087,924.4736743164062,907.6457000732422,49.433462237698954,12.710000038146973,12.149999618530272,77.5999984741211,1
2023-12-01,931.4326171875,0.012567492204494934,0.022243860143172922,-0.007548000524171261,923.5734301757813,908.1421228027343,55.78952867434038,12.6899995803833,12.229999542236328,77.7699966430664,1
2023-12-04,975.2149658203124,0.04700538485007644,0.07418046279534463,0.05027818901129377,923.5931066894532,908.826474609375,71.2097167968749,12.380000114440918,11.869999885559082,77.0999984741211,1
2023-12-05,997.1061401367188,0.022447537295525732,0.09799568546753168,0.0830350276582994,924.1106237792969,909.6119873046875,77.79736979048431,12.989999771118164,11.31999969482422,77.0999984741211,0
2023-12-06,987.0706176757812,-0.0100646481422344,0.07945983505231702,0.0755829401197321,924.9754479980469,910.381233215332,71.33542205991715,13.460000038146973,11.329999923706056,75.54000091552734,0
2023-12-07,982.88916015625,-0.004236229348389631,0.07941649401599449,0.07425126676168636,925.9337414550781,911.1451846313477,71.7541792694525,13.739999771118164,12.18000030517578,76.41000366210938,1
2023-12-08,994.5480346679688,0.0118618405658939,0.07583014049585302,0.10342759413586444,927.0061633300782,911.8959506225586,81.22812424904139,12.670000076293944,12.710000038146973,77.86000061035156,1
2023-12-11,1000.697265625,0.006182940132282377,0.08786561906047874,0.11935283348700287,928.3521020507812,912.6506271362305,82.23797611908842,12.470000267028809,12.6899995803833,75.95999908447266,0
2023-12-12,999.3198852539062,-0.0013764206402957502,0.07288478716946245,0.11279101679661019,929.7806872558593,913.4050033569335,80.87531429338553,12.760000228881836,12.380000114440918,74.06999969482422,0
2023-12-13,997.5488891601562,-0.0017722013940510983,0.02290153876079759,0.09622661365503582,931.18369140625,914.1837033081055,81.74855401401561,12.710000038146973,12.989999771118164,73.04000091552734,1
2023-12-14,1016.9804077148438,0.019479264390787954,0.019931947841981934,0.12924021484710813,932.79232421875,915.1110366821289,83.93134342441277,12.06999969482422,13.460000038146973,72.31999969482422,0
2023-12-15,1020.6699829101562,0.0036279707724193866,0.03403947461579815,0.1349489669702919,934.7030078125,916.0465713500977,83.6658723992124,12.31999969482422,13.739999771118164,69.37999725341797,0
2023-12-18,1004.9771728515624,-0.01537500888764276,0.02247253667117577,0.11033213238469441,936.5015295410157,916.976586303711,77.81967045043712,13.130000114440918,12.670000076293944,69.33999633789062,1
2023-12-19,999.0739135742188,-0.005874023248302773,0.004550689105490058,0.08743844188998784,937.9694689941406,917.8746453857422,73.0757645644902,13.899999618530272,12.470000267028809,71.2300033569336,1
2023-12-20,990.415771484375,-0.008666167710123629,-0.010274330203354332,0.06473099239963043,939.1786474609376,918.7296572875977,71.2759256088963,13.869999885559082,12.760000228881836,71.31999969482422,1
2023-12-21,988.2020874023438,-0.0022351058472276364,-0.011125364375930258,0.059381964160681644,940.4734240722656,919.4921182250977,68.14463410152058,14.449999809265137,12.710000038146973,68.61000061035156,1
2023-12-22,978.2649536132812,-0.010055770895185945,-0.01933131875181604,0.06257014017427642,941.3215222167969,920.2124563598633,51.24397132824208,13.760000228881836,12.06999969482422,69.47000122070312,1
2023-12-26,979.052001953125,0.0008045349441752059,-0.03729511942805652,0.061609857556030656,942.1479748535156,920.9296548461914,41.10516449487207,13.710000038146973,12.31999969482422,71.58000183105469,0
2023-12-27,986.0867919921876,0.007185307853953438,-0.03388283333204756,0.06781378110355685,943.0924938964844,921.6932495117187,49.50052460564721,14.68000030517578,13.130000114440918,71.43000030517578,1
2023-12-28,989.6779174804688,0.003641794533142395,-0.015223485452592889,0.07646208871001203,944.1668835449219,922.4038070678711,53.46734658377814,15.5600004196167,13.899999618530272,72.47000122070312,0
2023-12-29,980.5278930664062,-0.009245456781896033,-0.018563211646136946,0.058973570829516486,945.0563037109375,923.0725183105469,42.650894283140175,15.140000343322754,13.869999885559082,73.44000244140625,1
2024-01-01,983.28271484375,0.0028095292309620046,-0.007202083050368291,0.06773505760496157,945.9516271972657,923.7337789916992,40.53477901435905,14.5,14.449999809265137,74.22000122070312,1
2024-01-02,966.4092407226562,-0.01716034856137494,-0.022053026357163108,0.06552039146663047,946.709208984375,924.3894711303711,34.691072006541404,14.5,13.760000228881836,73.88999938964844,1
2024-01-03,968.1802978515624,0.0018326160950010717,-0.010308716186213762,0.06793640423634217,947.6596313476563,925.1189120483399,36.33872412044572,14.579999923706056,13.710000038146973,73.55999755859375,1
2024-01-04,971.2302856445312,0.0031502270803660526,-0.007989071359835953,0.06592165441138054,948.7300854492188,925.9331317138672,24.89207447464186,14.100000381469728,14.68000030517578,75.56999969482422,1
2024-01-05,977.6746215820312,0.006635229597709014,-0.008530862068602763,0.07688972614449563,949.9845227050781,926.77005859375,27.09642808372837,13.329999923706056,15.5600004196167,74.11000061035156,1
2024-01-08,966.1632690429688,-0.011774216375214253,-0.02375990008685236,0.06392194187163236,951.2812670898437,927.571141052246,28.359834236358196,12.630000114440918,15.140000343322754,71.7699966430664,1
2024-01-09,963.9495849609376,-0.002291211178234831,-0.016907533403892505,0.05417468755256416,952.6803332519531,928.3709133911133,29.576661028582507,13.460000038146973,14.5,71.6500015258789,1
2024-01-10,977.0350952148438,0.01357489069766693,-0.006353838559949754,0.07298751452273167,954.2604321289062,929.1758557128907,42.600659237253154,13.260000228881836,14.5,71.6500015258789,1
2024-01-11,975.165771484375,-0.0019132616009639447,0.00906089303861668,0.05486380986417605,955.5640637207031,929.9704748535156,42.76352567851156,12.970000267028809,14.579999923706056,70.37999725341797,1
2024-01-12,987.3165893554688,0.012460258785127465,0.019765214750156135,0.07331938397677429,957.2986315917968,930.7480249023438,54.90404990357373,12.770000457763672,14.100000381469728,72.69999694824219,1
2024-01-15,993.5641479492188,0.006327816893898719,0.022995434383377145,0.06670534144415896,959.1837316894531,931.5187551879883,57.42325480908225,13.100000381469728,13.329999923706056,72.19000244140625,1
2024-01-16,992.777099609375,-0.0007921464773746889,0.015447345869431972,0.01800847444367304,960.9369934082031,932.3087265014649,53.65590092439785,13.789999961853027,12.630000114440918,73.80999755859375,1
2024-01-17,965.9173583984376,-0.027055157921658135,-0.0002545228662798049,-0.03127929964808429,961.88052734375,932.9792803955078,39.648505534280226,13.56999969482422,13.460000038146973,70.7699966430664,1
2024-01-18,970.443115234375,0.004685449326059743,0.006736379552153116,-0.01684530178859789,962.6853332519531,933.6905166625977,45.422022634291,15.079999923706056,13.260000228881836,72.23999786376953,1
2024-01-19,983.0859375,0.013027885990588572,0.006193065443391932,0.000200202984961928,963.6908520507812,934.4354476928711,49.91803161986198,14.06999969482422,12.970000267028809,71.37000274658203,1
2024-01-23,1012.45458984375,0.029873942066992454,0.038238440529567486,0.018004716264669263,965.5267602539062,935.3455187988282,67.3719784114183,13.880000114440918,12.770000457763672,72.0199966430664,1
2024-01-24,983.0859375,-0.029007377356333963,-0.004285000273550166,-0.017599056907585897,966.7438122558593,935.9806677246094,54.65436906230327,14.850000381469728,13.100000381469728,72.68000030517578,1
2024-01-25,993.66259765625,0.01075863233599561,9.908741900011009e-05,-0.0056611378209679986,968.1477990722656,936.6367413330078,56.69014481895175,14.380000114440918,13.789999961853027,72.68000030517578,1
2024-01-29,1000.0086059570312,0.006386482006819572,0.007284118812270757,0.002465760649531523,969.7603674316406,937.3206414794922,56.664728737235,13.869999885559082,13.56999969482422,72.4000015258789,1
2024-01-30,1000.5005493164062,0.0004919391257680594,0.035803467674822675,-0.0162046960525698,971.2519201660157,938.0538415527344,60.9679816708362,15.68000030517578,15.079999923706056,72.55999755859375,1
2024-01-31,1011.569091796875,0.011063004900928153,0.04237855461787432,-0.008916585444526004,973.0651989746094,938.8743429565429,64.39621010770799,16.100000381469727,14.06999969482422,74.08000183105469,1
2024-02-01,1008.617431640625,-0.0029179026723789026,0.025970765287876896,0.003622230322638753,975.097880859375,939.6144607543945,60.17110501588042,16.049999237060547,13.880000114440918,73.41000366210938,1
2024-02-02,1007.4859619140624,-0.0011218026687503935,-0.004907506943550355,0.008419845844787721,977.1158032226563,940.3086679077148,60.45843517885045,14.460000038146973,14.850000381469728,74.37000274658203,1
2024-02-05,1006.9940795898438,-0.0004882274719582025,0.024319483351213922,0.01673873597612663,979.0323889160156,940.9572351074219,56.887061051221245,14.699999809265137,14.380000114440918,75.08999633789062,1
2024-02-06,1009.8472900390624,0.002833393469781731,0.016287915456400626,0.02190361962664622,981.0719580078126,941.6088461303711,55.83775605815194,15.619999885559082,13.869999885559082,77.36000061035156,1
2024-02-07,1005.6658935546876,-0.004140622572956554,0.005657238911701334,0.028009732782718233,983.0229797363281,942.261262512207,54.511038233062465,15.789999961853027,15.68000030517578,76.77999877929688,1
2024-02-08,973.3456420898438,-0.03213816007083903,-0.027141321656560913,-0.005828454312842957,984.20166015625,942.7762295532226,52.50415936745514,15.510000228881836,16.100000381469727,77.81999969482422,1
2024-02-09,994.4005126953124,0.021631442824629366,-0.016972225862561308,0.008431023283790973,985.8781799316406,943.3842724609375,57.26651042071627,15.829999923706056,16.049999237060547,75.8499984741211,1
2024-02-12,980.0359497070312,-0.014445450102741897,-0.02833728729742746,-0.009742530982184694,986.9899572753907,943.9631860351562,49.084471354621826,15.449999809265137,14.460000038146973,73.81999969482422,1
2024-02-13,1003.3536987304688,0.023792748654177354,-0.004101559068617644,0.023279098764523054,988.6595886230468,944.5654956054688,47.16516454171404,16.059999465942383,14.699999809265137,72.27999877929688,1
2024-02-14,1006.2069702148438,0.0028437344557410427,-0.0007816425051084819,0.023314002193902672,990.1550756835937,945.1396224975585,58.6270270319511,15.8100004196167,15.619999885559082,72.77999877929688,1
2024-02-15,1000.2545776367188,-0.0059156741647834465,-0.009499171307349452,0.03502174388228507,990.6558679199219,945.6766687011718,52.54754218541913,15.4399995803833,15.789999961853027,73.30999755859375,1
2024-02-16,1006.7481079101562,0.00649187758658365,0.0010761171900175448,0.03983535932736659,990.8487072753907,946.2295935058594,52.60158724623805,15.229999542236328,15.510000228881836,73.86000061035156,1
2024-02-19,1026.91748046875,0.020034179751737602,0.055038863957806106,0.05733675694355367,991.64564453125,946.8867803955078,58.85261198227414,15.220000267028809,15.829999923706056,76.22000122070312,1
2024-02-20,1031.8369140625,0.004790485786165144,0.03764720642160224,0.05539909831435086,992.624599609375,947.5468521118164,57.08392389498486,15.220000267028809,15.449999809265137,76.83999633789062,1
2024-02-21,1034.9852294921875,0.0030511754200497343,0.05606863687151753,0.07123222611990854,993.4333435058594,948.2190057373047,59.20331004722556,16.06999969482422,16.059999465942383,76.91999816894531,1
2024-02-22,1045.5618896484375,0.010219141157637113,0.0420671105028807,0.08466449486651006,994.3306359863282,948.9496536254883,62.46781299439689,15.93000030517578,15.8100004196167,77.87000274658203,1
2024-02-23,1044.1844482421875,-0.0013174173809196166,0.03774320706527701,0.06872767759952159,995.2279272460937,949.647798461914,62.1076225164379,15.199999809265137,15.4399995803833,76.63999938964844,1
2024-02-26,1037.198974609375,-0.00668988476563892,0.03693499414913348,0.06361298246817504,996.0209289550781,950.2575888061524,58.67125284152702,14.970000267028809,15.229999542236328,78.02999877929688,1
2024-02-27,1043.10205078125,0.005691363293237162,0.03611026689343233,0.05650210077215312,996.5433618164062,950.9139715576172,61.74015372447653,15.600000381469728,15.220000267028809,79.19000244140625,1
2024-02-28,1029.327880859375,-0.013205007037958127,0.002347219164605896,0.035995393940064124,996.7165197753907,951.4934332275391,69.8673119769255,15.729999542236328,15.220000267028809,79.19000244140625,1
2024-02-29,1035.231201171875,0.00573512135663834,0.00328955774223183,0.042762974266030485,997.3216003417969,952.0870416259766,66.23631622481201,16.329999923706055,16.06999969482422,78.18000030517578,1
2024-03-01,1069.37158203125,0.03297850839573635,0.03322400316373031,0.10710463243392487,998.7275537109375,952.8284197998047,80.6964524722213,15.56999969482422,15.93000030517578,77.91000366210938,0
2024-03-04,1074.733642578125,0.005014216421096451,0.02790055109936751,0.1074669145533198,1000.4139111328125,953.5875814819336,77.97920978025527,15.239999771118164,15.199999809265137,78.61000061035156,0
2024-03-05,1070.5030517578125,-0.003936408662302493,0.025204937269397654,0.0889211318393135,1002.0599304199219,954.3226629638672,74.93328965661865,14.920000076293944,14.970000267028809,76.48999786376953,1
2024-03-06,1079.4071044921875,0.008317634143830022,0.0406943420848529,0.06612890624434842,1004.0827734375,955.1364193725586,80.00750630191531,14.380000114440918,15.600000381469728,77.58000183105469,0
2024-03-07,1070.4046630859375,-0.008340172460218565,0.02617444025178428,0.08882105038343857,1005.9098266601562,955.8702770996093,73.68231986364856,14.300000190734863,15.729999542236328,78.87000274658203,1
2024-03-11,1061.3038330078125,-0.00850223321326693,0.031064884905032564,0.06807263905384753,1007.4141674804688,956.5205728149414,63.94098811744968,13.609999656677246,16.329999923706055,78.54000091552734,1
2024-03-12,1059.483642578125,-0.0017150512163222054,0.023427077331900747,0.059474524785888994,1008.8102819824219,957.1810409545899,61.49752872326168,14.0,15.56999969482422,78.26000213623047,1
2024-03-13,1066.4691162109375,0.006593281247659677,-0.0027141789337615796,0.06593556289359803,1010.5291064453126,957.8615542602539,62.68834555025336,13.640000343322754,15.239999771118164,79.97000122070312,1
2024-03-14,1066.124755859375,-0.00032289763137816063,-0.008010251449930061,0.053931723008253885,1012.185947265625,958.6025555419922,59.03196368576996,14.43000030517578,14.920000076293944,78.73999786376953,1
2024-03-15,1062.9271240234375,-0.0029993036165453235,-0.007076979109900683,0.05384568090844111,1014.1163049316406,959.3314721679687,58.10290488665222,13.619999885559082,14.380000114440918,78.1500015258789,1
2024-03-18,1063.763427734375,0.0007867930849030369,-0.014492842128523975,0.05585930518912097,1016.0279675292969,960.0116311645507,62.12934640114863,13.6899995803833,14.300000190734863,79.12999725341797,1
2024-03-19,1066.4691162109375,0.0025435058265963484,-0.0036766907046666963,0.059061952623711944,1017.932744140625,960.7177603149414,60.990318887642374,13.899999618530272,13.609999656677246,78.93000030517578,1
2024-03-20,1067.01025390625,0.0005074105635942683,0.005376802307653028,0.05660555257317812,1019.7194567871094,961.4178125,70.24313215277796,14.109999656677246,14.0,77.93000030517578,1
2024-03-21,1064.3538818359375,-0.0024895469004048154,0.004596804577333025,0.05835734179450758,1021.6832690429687,962.108486328125,66.21033420441466,13.470000267028809,13.640000343322754,77.55999755859375,1
2024-03-22,1072.716796875,0.007857269261457578,0.005858285597861279,0.10209236111829623,1023.85861328125,962.9046487426758,52.61140694266035,12.510000228881836,14.43000030517578,79.72000122070312,1
2024-03-26,1066.22314453125,-0.006053463843082474,9.228626512447491e-05,0.07222706637717136,1025.6423742675781,963.6583404541016,43.471706169658106,12.220000267028809,13.619999885559082,81.26000213623047,1
2024-03-27,1066.2724609375,4.6253363100268174e-05,0.0031472871831510485,0.08799321214313416,1027.4645080566406,964.3703173828125,46.53232342435188,12.81999969482422,13.6899995803833,81.04000091552734,1
2024-03-28,1075.66845703125,0.008812002971068766,0.011191425637024022,0.07207304701450767,1029.2315454101563,965.1519625854493,46.960069082571536,12.699999809265137,13.899999618530272,82.72000122070312,1
2024-04-01,1081.916015625,0.00580807083531365,0.01448415071684761,0.07524202043043982,1030.998582763672,965.9741159057617,59.798992886193645,12.829999923706056,14.109999656677246,83.47000122070312,1
2024-04-02,1063.763427734375,-0.01677818576346579,-0.003042919372132191,0.06349268627963434,1032.4183093261718,966.716728515625,51.81414981029264,12.079999923706056,13.470000267028809,81.68000030517578,1
2024-04-03,1059.8280029296875,-0.0036995300854337776,-0.004252231314685662,0.052724107055653,1034.2965222167968,967.4389321899414,50.24630799937834,11.649999618530272,12.510000228881836,81.06999969482422,1
2024-04-04,1061.451416015625,0.0015317703263642013,-0.010501728780786257,0.033628734736418586,1036.116688232422,968.1794992065429,46.112862684427434,11.369999885559082,12.220000267028809,80.62999725341797,1
2024-04-05,1065.9281005859375,0.00421751245772195,-0.00027671875894441644,0.03303931663892046,1037.7735314941406,968.9053680419922,49.85682112683818,11.220000267028809,12.81999969482422,81.62000274658203,1
2024-04-08,1069.6175537109375,0.003461258900081532,0.0031371838774645333,0.03346166035214071,1038.9167907714843,969.6679806518555,54.83646657677564,11.34000015258789,12.699999809265137,81.3499984741211,1
2024-04-09,1089.19677734375,0.018304882492704344,0.012576663584462633,0.04173343359902337,1041.0390075683595,970.5928952026367,64.46565595692033,11.609999656677246,12.829999923706056,83.16999816894531,1
2024-04-10,1091.5087890625,0.002122675871653268,0.008866467728512628,0.04532182115906802,1042.9959313964844,971.4922875976563,64.30580991981074,11.359999656677246,12.079999923706056,83.70999908447266,1
2024-04-12,1086.5894775390625,-0.0045068913532640975,0.021457825311124834,0.04761912047617356,1044.727548828125,972.4209985351563,60.653165868529946,11.109999656677246,11.649999618530272,85.1500015258789,0
2024-04-15,1060.95947265625,-0.023587569558339627,0.0010675975001932514,0.01711953481600892,1045.9367272949219,973.2098495483399,48.522468238407214,11.529999732971191,11.369999885559082,85.43000030517578,1
2024-04-16,1049.8416748046875,-0.010479003334338155,-0.010937609612427734,0.019929309529812533,1046.7021789550781,973.9472589111328,40.276037996477655,12.470000267028809,11.220000267028809,86.58999633789062,1
2024-04-18,1038.4287109375,-0.010871128610236203,-0.025798540852165486,0.003088691455594983,1047.2984045410155,974.6224801635742,38.659198176641816,12.619999885559082,11.34000015258789,86.91000366210938,1
2024-04-19,1050.0384521484375,0.011180104217704212,-0.018304768367508717,-0.018078963577926377,1048.1494543457031,975.366728515625,43.94714923559371,13.039999961853027,11.609999656677246,86.43000030517578,1
2024-04-22,1069.1256103515625,0.018177580224868484,-0.01842749392000176,-0.005218067067398802,1049.3920849609376,976.1871398925781,47.72491309090755,13.460000038146973,11.359999656677246,85.2300033569336,1
2024-04-23,1072.6676025390625,0.0033129803955731507,-0.01726159854344389,0.0020219940314001317,1050.6484912109374,976.9830563354492,46.72246106778821,12.699999809265137,11.109999656677246,86.20999908447266,1
2024-04-24,1079.062744140625,0.00596190430886967,-0.006926933818174108,-0.0003190273161343127,1052.1164282226562,977.8043612670898,55.9148218833119,10.199999809265137,11.529999732971191,85.66000366210938,1
2024-04-25,1095.78857421875,0.01550033134676121,0.03282792836120385,0.02371431292127557,1054.5652868652344,978.7232012939453,62.65141683122139,10.279999732971191,12.470000267028809,85.41000366210938,1
2024-04-26,1090.032958984375,-0.005252486994106964,0.03828318606914194,0.027069652518960652,1056.4779357910156,979.5744735717774,59.77127194300328,10.729999542236328,12.619999885559082,85.36000061035156,1
2024-04-29,1141.4403076171875,0.047161279123808075,0.09919948822166913,0.07735529058252455,1059.7060229492188,980.6722918701172,69.54415630371044,10.93000030517578,13.039999961853027,82.7300033569336,0
2024-04-30,1131.8475341796875,-0.008404095574235826,0.07791055828847404,0.06130362049398408,1062.2758996582031,981.657253112793,65.62884752164422,12.239999771118164,13.460000038146973,83.13999938964844,0
2024-05-02,1121.0740966796875,-0.009518452949414336,0.048589694068821965,0.05154119207748753,1064.5732421875,982.5815161132813,58.37637438950772,12.869999885559082,12.699999809265137,82.8499984741211,0
2024-05-03,1123.6322021484375,0.0022818344267576673,0.04751201536127225,0.05711123251349215,1067.0407946777343,983.581999206543,58.43013738476254,13.449999809265137,10.199999809265137,83.36000061035156,0
2024-05-06,1127.813720703125,0.003721429972096013,0.04517900078305992,0.06021103123009741,1069.4621069335938,984.5936315917969,60.8605214326373,14.619999885559082,10.279999732971191,82.80999755859375,0
2024-05-07,1113.6458740234375,-0.012562222306405912,0.01629630042220409,0.04423640318822786,1071.1966748046875,985.5512579345703,64.77239045300122,16.600000381469727,10.729999542236328,83.56999969482422,1
2024-05-08,1104.889404296875,-0.007862885258961838,0.013629354222777224,0.03550026839194098,1072.657724609375,986.4677856445312,65.64158630549986,17.010000228881836,10.93000030517578,83.8499984741211,1
2024-05-09,1097.7071533203125,-0.006500425244943986,-0.03831400906821847,0.03133663723464131,1073.9121630859374,987.2932672119141,67.25867271325048,17.079999923706055,12.239999771118164,82.62999725341797,1
2024-05-10,1099.035400390625,0.001210019508659288,-0.028989888477199632,0.02453453100790015,1074.9816333007811,988.1041653442383,65.17368060128729,18.200000762939453,12.869999885559082,81.93000030517578,1
2024-05-13,1109.808837890625,0.009802630102880183,-0.010048629990138114,0.04087858492186158,1076.29412109375,988.926725769043,63.28301673225601,18.46999931335449,13.449999809265137,78.94999694824219,1
2024-05-14,1102.47900390625,-0.00660459147028114,-0.018825731588807737,0.03395618314751947,1077.5997216796875,989.6797021484375,59.498441526720406,20.600000381469727,14.619999885559082,78.11000061035156,1
2024-05-15,1106.2176513671875,0.003391128037532498,-0.019148613764402134,0.028400195372699333,1078.8620336914062,990.4611303710938,58.80102010538135,20.200000762939453,16.600000381469727,78.4800033569336,1
2024-05-16,1112.8095703125,0.005958971037178351,-0.0007509601844220004,0.02855448504443614,1080.5316674804687,991.1674438476563,55.904432177537785,20.270000457763672,17.010000228881836,78.37999725341797,1
2024-05-17,1112.2684326171875,-0.00048628059081168296,0.006678522114173413,0.04559754887054113,1082.072412109375,991.8642205810547,58.00280653780962,20.0,17.079999923706055,78.98999786376953,1
2024-05-21,1102.8724365234375,-0.008447597556680675,0.004705520217756831,0.04061454639315265,1082.7424291992188,992.5384133911133,30.101524121425882,19.799999237060547,18.200000762939453,79.26000213623047,1
2024-05-22,1093.1812744140625,-0.008787201301289405,-0.005326603651239825,0.029892897517195927,1083.1113818359374,993.1509765625,30.070994808142885,21.809999465942383,18.46999931335449,78.26000213623047,1
2024-05-23,1116.2039794921875,0.021060281233288514,0.005762381216676493,0.047166294685930144,1084.025400390625,993.870114440918,47.77130267291732,21.46999931335449,20.600000381469727,79.12000274658203,1
2024-05-24,1113.6949462890625,-0.0022478267854468825,0.010173384112597716,0.04120855386600808,1084.7111572265626,994.6069583129882,45.450399597608005,21.3799991607666,20.200000762939453,78.0199966430664,1
2024-05-27,1111.579833984375,-0.0018991846122093925,0.004847312471067733,0.020550057717955372,1085.5346606445312,995.3041952514649,42.424252781632454,21.709999084472656,20.270000457763672,78.62999725341797,1
2024-05-28,1108.775634765625,-0.00252271508803692,-0.003625000767869202,0.015819245686473637,1086.4840966796876,995.977165222168,47.45759471649731,23.190000534057617,20.0,79.2300033569336,1
2024-05-29,1084.2281494140625,-0.022139271987836717,-0.025209996418891212,-0.002173155707662522,1086.9789868164062,996.5456948852539,40.74077315859785,24.200000762939453,19.799999237060547,80.05999755859375,1
2024-05-30,1095.7393798828125,0.010616981744083098,-0.006467707782334631,0.032781560580713354,1087.5643920898438,997.2088623046875,49.151091048118175,24.18000030517578,21.809999465942383,79.26000213623047,1
2024-05-31,1102.970947265625,0.00659971478216459,0.008955214547385681,0.050606937918350026,1088.3013159179689,998.015285949707,51.61553155197261,24.18000030517578,21.46999931335449,77.56999969482422,1
2024-06-03,1141.292724609375,0.03474414030465045,0.02247684614831913,0.09905736675848331,1089.8686279296876,998.9864831542968,60.540176053747885,24.600000381469727,21.3799991607666,76.87000274658203,1
2024-06-04,1054.1707763671875,-0.07633619873639896,-0.05344746343710649,0.00393540275624682,1089.6767749023438,999.4969427490234,39.45897684091869,20.940000534057617,21.709999084472656,77.72000122070312,1
2024-06-05,1090.7708740234375,0.03471932487293827,-0.018720166851488584,0.020245762950863444,1090.1628100585938,1000.1696658325195,47.05220215920251,26.75,23.190000534057617,77.72000122070312,1
2024-06-06,1092.4925537109375,0.001578406362419127,-0.014685641119927206,0.018481914737564775,1090.6724560546875,1000.8470620727539,46.049350305323976,18.88999938964844,24.200000762939453,79.83000183105469,1
2024-06-07,1103.6103515625,0.010176543367547808,0.017876497819127923,0.022749008391930836,1091.4575854492186,1001.6223538208008,48.38294738714009,16.799999237060547,24.18000030517578,79.2300033569336,1
2024-06-10,1105.676513671875,0.0018721844231071039,0.0090688844185971,0.00902358327670516,1092.1167797851563,1002.4633193969727,50.538454578399275,16.8799991607666,24.18000030517578,77.91000366210938,1
2024-06-11,1100.166748046875,-0.004983162395936658,-0.002542405333251896,0.00929677307367105,1092.7956518554688,1003.2437762451171,51.36328226434692,16.399999618530273,24.600000381469727,76.98999786376953,1
2024-06-12,1101.4951171875,0.0012074252771074878,-0.03487063972610216,-0.03499542653533505,1093.5001049804687,1004.0458792114258,46.86386528376039,14.770000457763672,20.940000534057617,74.22000122070312,1
2024-06-13,1089.4918212890625,-0.010897275631222114,0.03350599894601136,-0.03742174772799456,1093.776572265625,1004.8118243408203,45.0403531627154,14.390000343322754,26.75,73.25,1
2024-06-14,1087.8192138671875,-0.0015352179696915824,-0.002706031327516567,-0.029663412000144995,1093.8946362304687,1005.5743258666993,45.12218409233636,13.489999771118164,18.88999938964844,74.06999969482422,1
2024-06-18,1104.7418212890625,0.01555645203371192,0.011212220656806382,-0.0168118898899976,1094.7142041015625,1006.3990573120117,49.2172714288083,12.81999969482422,16.799999237060547,75.55000305175781,1
2024-06-19,1125.993408203125,0.019236699928011358,0.020281666087070382,-0.0016140187573397968,1096.0375122070313,1007.3457885742188,58.20921020113874,12.970000267028809,16.8799991607666,75.52999877929688,1
2024-06-20,1138.1444091796875,0.010791360666980498,0.029364732909075597,0.021998496764272568,1097.5713720703125,1008.2802224731445,58.31405094762116,13.710000038146973,16.399999618530273,77.73999786376953,1
2024-06-21,1139.964599609375,0.0015992614074336053,0.0361743814136839,0.03174543549435249,1099.0521020507813,1009.2134265136718,57.41032357262045,13.350000381469728,14.770000457763672,77.9000015258789,1
2024-06-24,1151.2298583984375,0.00988211282431295,0.04515203057633843,0.04875863741639197,1100.6843481445312,1010.1958236694336,52.23253831694502,13.18000030517578,14.390000343322754,78.5,0
2024-06-25,1178.6307373046875,0.023801397007170655,0.08181696665713178,0.07242290547308339,1102.47302734375,1011.3144873046875,88.21745629778232,14.0600004196167,13.489999771118164,78.62000274658203,0
2024-06-26,1198.357421875,0.01673695072251702,0.10161450229845648,0.07978723989320202,1104.61,1012.5455587768555,86.85533923175547,14.3100004196167,12.81999969482422,78.44999694824219,0
2024-06-27,1200.226806640625,0.0015599559292587273,0.08643194591850101,0.08866182701714931,1106.8827465820314,1013.8295132446289,86.86862779336901,14.050000190734863,12.970000267028809,81.56999969482422,0
2024-06-28,1180.2540283203125,-0.016640836723365027,0.04818910992008152,0.06692749556257982,1109.2686376953125,1015.0143420410157,74.73005749793018,14.149999618530272,13.710000038146973,81.56999969482422,0
2024-07-01,1192.3065185546875,0.010211776401668038,0.04758808191487507,0.07143805226249378,1112.1179345703124,1016.210485534668,76.2599676594548,13.800000190734863,13.350000381469728,82.16999816894531,0
2024-07-02,1171.3992919921875,-0.017535110508196894,0.027575147854226323,0.05316240004749928,1114.7773461914062,1017.3087341308594,69.74903562452747,13.829999923706056,13.18000030517578,80.7300033569336,0
2024-07-03,1182.2218017578125,0.009238958773160277,0.026920725807520585,0.07194790857635947,1117.4210131835937,1018.4559298706055,71.26193689768942,13.640000343322754,14.0600004196167,81.62999725341797,0
2024-07-04,1213.115478515625,0.026131878731958436,0.029258308068392802,0.10971117682732578,1120.300810546875,1019.8112149047852,79.61345266146054,13.210000038146973,14.3100004196167,80.83000183105469,0
2024-07-05,1213.509033203125,0.00032441650813130885,0.01264364959197084,0.08717497473464131,1123.1176391601562,1021.1283749389648,80.29402817063848,12.859999656677246,14.050000190734863,80.9000015258789,0
2024-07-08,1215.1324462890625,0.0013377840967960797,0.01241901911036103,0.09108194334364117,1125.839033203125,1022.4295471191406,78.72502220319191,12.699999809265137,14.149999618530272,81.73999786376953,0
2024-07-09,1228.1195068359375,0.010687773655075006,0.040555234184411315,0.10484147812742761,1128.4856518554689,1023.7577755737304,77.76884548873304,13.600000381469728,13.800000190734863,81.54000091552734,0
2024-07-10,1223.1510009765625,-0.004045620830643415,0.02586959136922662,0.10315465331731821,1131.1480126953124,1025.0008993530273,74.05343903793704,14.279999732971191,13.829999923706056,83.37999725341797,0
2024-07-11,1218.4775390625,-0.003820838073411381,0.040189752027463665,0.12382023997531189,1132.6887573242188,1026.2240994262695,71.86297104552902,14.43000030517578,13.640000343322754,82.80999755859375,0
2024-07-12,1213.01708984375,-0.004481370434576304,0.0260486552017134,0.10703066086160029,1134.3121484375,1027.430327758789,67.78028589755209,14.0,13.210000038146973,83.87999725341797,1
2024-07-15,1210.1146240234375,-0.002392765810650177,-0.002473675874500758,0.0971409782129189,1136.092958984375,1028.5986767578124,60.547106943238084,13.729999542236328,12.859999656677246,83.87999725341797,1
2024-07-16,1219.9041748046875,0.008089771486854191,0.005269957970302164,0.0688793054579564,1138.0183984375,1029.8270419311523,57.73302105265925,14.1899995803833,12.699999809265137,83.16000366210938,0
2024-07-18,1230.136474609375,0.008387789808429691,0.01234764849390202,0.16692333176659346,1140.064853515625,1031.1215728759767,60.126550888997265,14.220000267028809,13.600000381469728,82.33000183105469,0
2024-07-19,1228.51318359375,-0.001319602376752882,0.0003205524833871376,0.12627978327128742,1142.3621997070313,1032.5449917602539,68.65737712499917,14.510000228881836,14.279999732971191,81.41000366210938,0
2024-07-22,1221.134033203125,-0.006006569965361641,-0.0016489932737880908,0.11775044054554229,1144.6870922851563,1033.9757894897461,61.562769600474745,14.829999923706056,14.43000030517578,82.0999984741211,1
2024-07-23,1206.96630859375,-0.011602104457126616,-0.009447224179123359,0.09365258026523393,1146.872275390625,1035.305986328125,65.08136322086344,15.4399995803833,14.0,82.62000274658203,1
2024-07-24,1203.2767333984375,-0.0030568999060224256,-0.008029859205501477,0.08827194800623817,1148.9571020507813,1036.655368347168,59.50267975987941,12.75,13.729999542236328,82.20999908447266,1
2024-07-25,1178.58154296875,-0.020523284248952778,-0.026057929082655917,0.07127537262972616,1150.3325561523438,1037.9088229370118,33.490124491401374,11.760000228881836,14.1899995803833,81.91000366210938,1
2024-07-26,1187.7314453125,0.007763486878219927,-0.026373161234027664,0.07829025002415935,1152.0376049804688,1039.210486755371,38.62840846183836,12.619999885559082,14.220000267028809,80.76000213623047,1
2024-07-29,1193.1427001953125,0.00455595825484667,-0.030072902623109132,0.09513690408764397,1153.7761059570312,1040.4934564208984,40.61309310410952,12.25,14.510000228881836,82.81999969482422,1
2024-07-30,1189.9451904296875,-0.0026799055679606054,-0.0313940409261545,0.09388138696267645,1155.318818359375,1041.8175033569337,32.21809282500807,12.949999809265137,14.829999923706056,80.12999725341797,1
2024-07-31,1195.3074951171875,0.004506345948222856,-0.021149634179134735,0.08197903988322719,1156.979599609375,1043.2187854003905,37.077676481319074,12.880000114440918,15.4399995803833,79.77999877929688,1
2024-08-01,1190.584716796875,-0.003951099059953167,-0.01357253444461215,0.05736384256176574,1158.7338452148438,1044.543324279785,37.06071155950086,13.25,12.75,76.95999908447266,1
2024-08-02,1177.25341796875,-0.011197270248849867,-0.02162704115136449,0.03436207960398474,1160.4152880859374,1045.7798071289062,34.53854597652622,12.93000030517578,11.760000228881836,77.58999633789062,1
2024-08-05,1153.689453125,-0.02001605133107842,-0.021120379826285784,0.012039719058230425,1161.1649975585938,1046.9309381103515,29.30350971927082,14.31999969482422,12.619999885559082,78.27999877929688,1
2024-08-06,1148.0322265625,-0.00490359563154219,-0.03342440659180734,-0.0027775789627155767,1161.8517431640626,1047.9917990112306,22.813564612544525,20.3700008392334,12.25,77.16000366210938,1
2024-08-07,1153.5419921875,0.0047993126826217924,-0.033190252935654696,-0.021286348915828257,1162.690986328125,1049.070862121582,19.953742721422003,18.739999771118164,12.949999809265137,75.80999755859375,1
2024-08-08,1145.818603515625,-0.006695368460084339,-0.03708287345413652,-0.043842360718366113,1163.431845703125,1050.1056509399414,19.042400734097896,16.170000076293945,12.880000114440918,74.7300033569336,1
2024-08-09,1152.70556640625,0.00601051760679594,-0.03564097848040415,-0.03959355012856658,1164.8013940429687,1051.1893865966797,24.28832217227776,16.600000381469727,13.25,77.91000366210938,1
2024-08-12,1163.8199462890625,0.009641993763822354,-0.02248035786971958,-0.013924190586867335,1166.1630053710937,1052.328201904297,33.407224010808505,15.34000015258789,12.93000030517578,76.30999755859375,1
2024-08-13,1159.4039306640625,-0.0037944147967912123,-0.015161975350630352,-0.027595746042309188,1167.2916650390625,1053.4326388549805,33.22160371527434,15.869999885559082,14.31999969482422,73.5199966430664,1
2024-08-14,1152.7552490234375,-0.005734568828671183,-0.0008097535251206933,-0.015916044252547112,1167.5209155273437,1054.5537643432617,38.541552706290396,16.170000076293945,20.3700008392334,72.94000244140625,1
2024-08-16,1178.1591796875,0.02203757535312345,0.026242253856590514,-0.0034364296651202553,1170.00068359375,1055.8412643432616,46.288365453247685,15.4399995803833,18.739999771118164,73.19999694824219,1
2024-08-19,1166.8961181640625,-0.00955988097162297,0.01157662752375277,-0.03809972024107444,1171.5231884765626,1057.08720703125,40.26471259413271,14.399999618530272,16.170000076293945,75.2300033569336,1
2024-08-20,1170.4189453125,0.0030189723777469535,0.021469665199531418,-0.03550866677678233,1173.0817163085937,1058.3645379638672,42.77483226539062,14.31999969482422,16.600000381469727,76.19000244140625,1
2024-08-21,1165.8541259765625,-0.0039001584468701944,0.01140669391517335,-0.04055386757467705,1174.326591796875,1059.6871783447266,39.03686215495119,13.81999969482422,15.34000015258789,76.83999633789062,1
2024-08-22,1181.979736328125,0.013831584923246876,0.015603607840685818,-0.03756944682580976,1175.85265625,1061.12709564209,47.04766818893047,13.329999923706056,15.869999885559082,80.05999755859375,1
2024-08-23,1194.2847900390625,0.010410545403395588,0.030085165706676076,-0.023599875170320916,1177.7350170898437,1062.6083688354493,55.88483156730601,13.0,16.170000076293945,78.3499984741211,1
2024-08-26,1204.009765625,0.008142928443072073,0.0444626182747665,-0.011873648035097606,1179.7853100585937,1064.0784967041016,69.22578960132829,13.550000190734863,15.4399995803833,76.9800033569336,1
2024-08-27,1216.9598388671875,0.010755787545847051,0.03293329106002396,0.003250365601976224,1182.3346704101561,1065.6603549194335,74.94493299628999,13.800000190734863,14.399999618530272,76.6500015258789,1
2024-08-28,1214.47900390625,-0.0020385512173078935,0.04077731085184522,0.003606583869139257,1184.8678662109376,1067.2362042236327,72.5474484864362,13.630000114440918,14.31999969482422,74.37000274658203,1
2024-08-29,1212.5439453125,-0.0015933240406182936,0.03599138596372664,-0.006033448892300064,1187.0239086914062,1068.7733538818359,75.79409421917529,13.949999809265137,13.81999969482422,74.04000091552734,1
2024-08-30,1219.7879638671875,0.005974231765118132,0.04626122315726944,-0.008412489960086478,1188.8997998046875,1070.2785903930665,75.86073184206637,13.789999961853027,13.329999923706056,71.93000030517578,1
2024-09-02,1220.5322265625,0.0006101574350290129,0.0326168791642234,-0.006496435803727718,1190.5475561523438,1071.7302374267579,73.76294697430808,13.390000343322754,13.0,73.01000213623047,1
2024-09-03,1238.1463623046875,0.014431520412857779,0.03672622529521652,0.013931582151500477,1192.51119140625,1073.2569192504882,79.70799437026557,14.0600004196167,13.550000190734863,74.83000183105469,0
2024-09-04,1226.88330078125,-0.009096712526354689,0.018997798696737567,0.016501696895504514,1194.0242602539063,1074.788039855957,77.02607557867847,13.84000015258789,13.800000190734863,77.41999816894531,0
2024-09-05,1226.486328125,-0.000323561870959721,0.00782810488362573,0.019288659110868966,1194.9813720703125,1076.3093048095702,71.54869106299967,14.380000114440918,13.630000114440918,75.52999877929688,1
2024-09-06,1198.899169921875,-0.022492837931017973,-0.012828409494329729,0.0172390506828628,1194.99220703125,1077.686484375,62.45653712933619,14.210000038146973,13.949999809265137,74.5199966430664,1
2024-09-09,1225.5435791015625,0.02222406174609648,0.010720958889215426,0.031835592076215447,1195.4985424804688,1079.2173013305664,68.18329337618694,15.220000267028809,13.789999961853027,75.91000366210938,1
2024-09-10,1227.8260498046875,0.0018624149659356437,0.006589740328324156,0.029068903161120208,1196.4499829101562,1080.7268170166017,70.75442541188013,14.239999771118164,13.390000343322754,73.55000305175781,1
2024-09-11,1226.88330078125,-0.0007678196952959349,0.005203528493989085,0.03104185860713815,1197.1415185546875,1082.2567077636718,66.74066509385877,13.359999656677246,14.0600004196167,73.55000305175781,1
2024-09-12,1242.5623779296875,0.012779599443935252,0.003566634575237204,0.03953366226308752,1198.5647802734375,1083.9346029663086,67.55685813522364,13.630000114440918,13.84000015258789,70.33999633789062,1
2024-09-13,1240.7760009765625,-0.001437655754636169,0.011323571024616674,0.04215683560487915,1199.7358642578124,1085.6055337524415,64.18990670690742,13.18000030517578,14.380000114440918,69.19999694824219,1
2024-09-16,1253.1802978515625,0.009997208896075582,0.021764588087476833,0.06449493263210715,1200.5371606445312,1087.31561126709,64.03840621948358,12.550000190734863,14.210000038146973,69.1500015258789,1
2024-09-17,1258.39013671875,0.004157293947342655,0.04962132620439763,0.09075291735583368,1201.4347827148438,1089.0682177734375,66.66660489045225,12.460000038146973,15.220000267028809,67.66999816894531,1
2024-09-18,1278.485107421875,0.015968792282115674,0.04319840536321329,0.11363172378007547,1202.7018359375,1090.9200692749023,71.99596068179783,12.59000015258789,14.239999771118164,68.70999908447266,1
2024-09-19,1282.107177734375,0.00283309542791943,0.04420913527475823,0.11145254045158137,1203.7815893554687,1092.7585470581055,71.30253142267239,13.369999885559082,13.359999656677246,65.75,0
2024-09-20,1328.201416015625,0.03595193840401367,0.08258170534219356,0.15917250072603917,1205.88259765625,1094.8466815185548,78.09418728651276,12.470000267028809,13.630000114440918,67.30999755859375,0
2024-09-23,1311.7781982421875,-0.012365005469354484,0.05570410109134705,0.1379993612175161,1207.7486108398436,1096.783337097168,69.33295299389107,12.789999961853027,13.18000030517578,68.97000122070312,0
2024-09-24,1308.50341796875,-0.002496443589187436,0.05458472515496915,0.12431774531878648,1209.6583374023437,1098.7264935302735,72.36870805649787,13.789999961853027,12.550000190734863,68.6500015258789,0
2024-09-25,1313.7132568359375,0.003981524844065776,0.048303471645821494,0.13309367174863085,1211.7303100585937,1100.6378967285157,73.29088648804398,13.390000343322754,12.460000038146973,70.08999633789062,0
2024-09-26,1318.87353515625,0.003928009627261364,0.04806410720542553,0.14410542591199693,1213.709697265625,1102.3561895751952,86.39367062733841,12.739999771118164,12.59000015258789,71.19000244140625,0
2024-09-27,1296.5953369140625,-0.016891838109063362,0.01416538165916359,0.10052644775723518,1215.0388745117189,1103.853635559082,72.13969028716447,12.0,13.369999885559082,70.91000366210938,0
2024-09-30,1263.252685546875,-0.025715541632707173,-0.014705862750739707,0.08257510320148742,1215.7336645507812,1105.2345458984375,59.24868367631153,11.960000038146973,12.470000267028809,71.94999694824219,0
2024-10-01,1264.6419677734375,0.0010997658999323257,-0.047853772384052196,0.08050367164535266,1216.6038232421874,1106.6433099365233,59.83456811633646,12.789999961853027,12.789999961853027,71.91999816894531,0
2024-10-03,1246.7301025390625,-0.01416358597201317,-0.04958772435026815,0.06937057969817229,1217.3990991210937,1107.904220275879,51.07303906840271,11.989999771118164,13.789999961853027,70.37000274658203,1
2024-10-04,1230.2572021484375,-0.01321288413352395,-0.059798250998669644,0.0408445799335686,1217.9387084960938,1109.0520199584962,47.482196849721895,13.170000076293944,13.390000343322754,71.55999755859375,1
2024-10-07,1224.4520263671875,-0.00471866839804902,-0.06794574843808354,0.02525966719138939,1218.8561181640625,1110.1776806640626,42.899211539784474,14.130000114440918,12.739999771118164,69.69000244140625,1
2024-10-08,1227.13134765625,0.0021881798807681374,-0.06956101935060144,0.01920381602490373,1219.6441162109375,1111.325592956543,42.175866401372744,15.079999923706056,12.0,67.66999816894531,1
2024-10-09,1234.62353515625,0.006105448707108385,-0.04779579256031208,0.014514609048647653,1220.4737329101563,1112.41380859375,38.28208262293713,14.59000015258789,11.960000038146973,68.18000030517578,1
2024-10-10,1233.978515625,-0.0005224422772471815,-0.023173645507986285,0.016055865647764733,1221.3543994140625,1113.4803512573242,36.93426670572656,14.119999885559082,12.789999961853027,68.16999816894531,1
2024-10-11,1213.635498046875,-0.01648571455704917,-0.04033273529295078,0.0009002170507672602,1221.7209594726562,1114.5236428833007,13.842846575849094,13.5,11.989999771118164,69.83000183105469,1
2024-10-14,1222.3184814453125,0.007154523258763534,-0.019580517903621475,0.0020745552941039413,1222.355634765625,1115.6398657226562,20.31614540128578,13.220000267028809,13.170000076293944,73.70999908447266,1
2024-10-15,1245.8865966796875,0.01928148481114933,0.012704168286075346,0.020773208249154962,1223.7282983398438,1116.9172198486328,31.68893569172006,13.0,14.130000114440918,74.37999725341797,1
2024-10-16,1233.6312255859375,-0.009836666616697576,0.007496577261572046,-0.003646690614464654,1225.3271337890626,1118.1443655395508,27.508379091492557,13.0,15.079999923706056,77.13999938964844,1
2024-10-17,1221.8223876953125,-0.009572421357132987,-0.004326317611458075,-0.00412501586965508,1226.8029370117188,1119.362152709961,23.723788831330396,13.050000190734863,14.59000015258789,73.56999969482422,1
2024-10-18,1254.8177490234375,0.027005039079667892,0.016356576148236046,0.023099663036398654,1228.8284521484375,1120.7409814453124,39.309293962710186,13.390000343322754,14.119999885559082,73.23999786376953,1
2024-10-21,1249.4095458984375,-0.004309951089876529,0.012505104487675611,0.04213062886669117,1230.9002709960937,1122.0575952148438,45.8666742478749,13.039999961853027,13.5,75.8499984741211,1
2024-10-22,1257.7947998046875,0.00671137333132843,0.03638596747448375,0.026315849760943033,1233.0020556640625,1123.3981796264648,48.0375390798839,13.760000228881836,13.220000267028809,75.55999755859375,1
2024-10-23,1242.0164794921875,-0.012544431186191973,0.01611527465704632,0.011557361639099595,1234.565986328125,1124.7056225585939,48.6323058330488,14.399999618530272,13.0,73.83000183105469,1
2024-10-24,1243.15771484375,0.0009188568512625839,-0.002190313181962167,0.013264842754104444,1236.2410620117187,1126.0049975585937,54.10874702285839,14.619999885559082,13.0,70.58000183105469,1
2024-10-25,1245.8370361328125,0.0021552545240803855,0.009894213354625148,0.002635407494456121,1238.1026977539063,1127.4021365356446,56.949387595779896,13.970000267028809,13.050000190734863,70.38999938964844,1
2024-10-28,1282.95068359375,0.02979013015710419,0.05003042710139072,0.03399056927599631,1240.1985278320312,1128.9759884643554,64.82216206123974,14.630000114440918,13.390000343322754,70.66999816894531,1
2024-10-29,1321.6519775390625,0.030165846934119056,0.053262100068028895,0.05463833081711145,1243.2936450195311,1130.7280969238282,69.82370635410103,14.289999961853027,13.039999961853027,69.22000122070312,0
2024-10-30,1302.1029052734375,-0.014791391832232326,0.042174609236804494,0.03473705592501575,1245.92732421875,1132.3502383422851,64.28723205439684,14.520000457763672,13.760000228881836,70.55999755859375,1
2024-10-31,1282.355224609375,-0.015165990786200956,0.019526575247807765,0.003027111669141158,1248.2573461914062,1133.9311981201172,64.44816644064352,15.510000228881836,14.399999618530272,72.08999633789062,1
2024-11-01,1281.90869140625,-0.0003482133456905734,0.03211890709402887,-0.00015481258632044081,1250.2559252929686,1135.5209936523438,62.97819168875501,15.550000190734863,14.619999885559082,70.7699966430664,1
2024-11-04,1267.42041015625,-0.011302116404333318,0.019516988892716247,-0.04576188906777978,1251.7186376953125,1136.9729202270507,54.88298604402424,15.899999618530272,13.970000267028809,70.19000244140625,1
2024-11-05,1286.7711181640625,0.015267789482281469,0.032856690597602434,-0.019063497252534756,1253.3738647460937,1138.5309469604492,61.6742864375944,16.690000534057617,14.630000114440918,71.77999877929688,0
2024-11-06,1292.3779296875,0.004357271813371977,0.0073480970190862305,-0.012323611891119302,1254.8822265625,1140.0562536621094,65.93454823749573,16.1200008392334,14.289999961853027,67.37999725341797,0
2024-11-07,1268.908935546875,-0.01815954420260013,-0.039906906574903256,-0.034105099462095056,1255.9708251953125,1141.4329776000977,53.32550511321438,14.869999885559082,14.520000457763672,67.20999908447266,1
2024-11-08,1249.2109375,-0.015523571073589704,-0.040620420674301716,-0.052819770659813026,1256.7041650390624,1142.7151467895508,49.95609023335598,14.9399995803833,15.510000228881836,68.61000061035156,1
2024-11-11,1259.5810546875,0.008301333967066782,-0.017759642168426737,-0.028547289329805547,1257.5000268554688,1144.183465270996,50.391482153090315,14.470000267028809,15.550000190734863,69.26000213623047,1
2024-11-12,1260.8709716796875,0.0010240841487629826,-0.016411246657111134,-0.0018853819939883554,1258.3068017578125,1145.6356045532227,54.41243856535755,14.270000457763672,15.899999618530272,69.48999786376953,1
2024-11-13,1244.100341796875,-0.01330082955313916,-0.018399631387110205,-0.016243036764570284,1258.4258813476563,1146.9406765747071,50.205561500742704,14.59000015258789,16.690000534057617,71.47000122070312,1
2024-11-14,1247.325439453125,0.002592313134157642,-0.030654774694677478,0.00047751868094780825,1258.8347241210938,1148.1150308227539,50.32380980708445,15.4399995803833,16.1200008392334,71.98999786376953,1
2024-11-18,1243.852294921875,-0.002784473419200628,-0.037547557607517046,0.011050610189232035,1259.1820434570313,1149.4188626098633,40.03539166653185,14.779999732971191,14.869999885559082,71.69000244140625,1
2024-11-19,1239.53564453125,-0.003470388251280321,-0.02314846258290848,0.01231866813828053,1259.9947729492187,1150.6482278442384,24.624381072804624,15.170000076293944,14.9399995803833,72.36000061035156,1
2024-11-21,1240.974609375,0.0011608902495854334,-0.006593224472948522,0.011280994284099899,1260.3033935546875,1151.8530578613281,28.72933198880999,15.65999984741211,14.470000267028809,70.37999725341797,1
2024-11-22,1268.2640380859375,0.02199031995076961,0.006893548744738576,0.027247579502386543,1261.1121533203125,1153.1918753051757,45.34124140469432,15.989999771118164,14.270000457763672,68.04000091552734,0
2024-11-25,1290.9886474609375,0.017917885150552593,0.02388640587159241,0.04620026290090018,1262.3942602539062,1154.588973083496,52.616530826893104,16.100000381469727,14.59000015258789,68.12000274658203,0
2024-11-26,1294.9580078125,0.0030746671238117695,0.040879070849036525,0.06700735920834444,1263.4421728515624,1156.0206759643554,58.447508077235895,15.300000190734863,15.4399995803833,68.43000030517578,0
2024-11-27,1290.740478515625,-0.0032568849888804374,0.03480650493389659,0.05597722533771066,1264.4414624023439,1157.4369485473633,51.34227661540062,15.3100004196167,14.779999732971191,68.69999694824219,0
2024-11-28,1276.5003662109375,-0.011032513926474086,0.026247546772515395,0.024571874850276343,1264.9078637695313,1158.7844799804689,44.92705464251978,14.630000114440918,15.170000076293944,69.16000366210938,0
2024-11-29,1290.1451416015625,0.010689206013412278,0.04082940034326432,0.045811029133753234,1265.5429638671876,1160.1859692382814,57.239533352697904,15.210000038146973,15.65999984741211,69.38999938964844,0
2024-12-02,1294.6602783203125,0.0034997122208630937,0.04326089231781349,0.05961413979522168,1265.8664672851562,1161.6309411621094,67.28302738112149,14.43000030517578,15.989999771118164,70.0999984741211,0
2024-12-03,1298.381591796875,0.00287435517940704,0.023747069069616433,0.034717266955572645,1266.1919555664062,1163.2561209106445,65.54052071945569,14.699999809265137,16.100000381469727,71.23999786376953,0
2024-12-04,1305.9730224609375,0.005846840953402932,0.011606899122986514,0.04527216615895613,1265.7473876953125,1164.8139834594726,67.19638382401675,14.369999885559082,15.300000190734863,68.94000244140625,0
2024-12-05,1326.2664794921875,0.015538955768787277,0.0241772099873534,0.054437877862217654,1266.0371533203124,1166.5451361083985,80.50851068265855,14.449999809265137,15.3100004196167,68.7699966430664,0
2024-12-06,1318.5758056640625,-0.005798739504499606,0.02156539413751757,0.06164115165619788,1266.2386010742186,1168.1212466430663,75.60630853934063,14.529999732971191,14.630000114440918,68.72000122070312,0
2024-12-09,1312.1751708984375,-0.004854203101657517,0.027947351706129275,0.055517860067628044,1266.2078393554686,1169.6510876464845,74.04819254331201,14.140000343322754,15.210000038146973,68.72000122070312,0
2024-12-10,1320.2626953125,0.006163448747871891,0.023344314325402182,0.0597394819877175,1266.2356225585938,1171.2511282348632,77.67943693192187,14.109999656677246,14.43000030517578,68.0,0
2024-12-11,1317.3353271484375,-0.0022172618937548183,0.017514284795655755,0.0268012200269232,1266.6504223632812,1172.8040643310546,75.91778526687719,13.779999732971191,14.699999809265137,68.0999984741211,0
2024-12-12,1319.0718994140625,0.0013182461821501512,0.015935459766148963,-0.001952161513656625,1267.766806640625,1174.2648364257811,70.86385245753723,13.270000457763672,14.369999885559082,69.94000244140625,0
2024-12-13,1334.6021728515625,0.011773636785378017,0.021921701212998412,0.024959062334094284,1269.1660107421876,1175.7786627197265,69.0342089617123,13.1899995803833,14.449999809265137,68.54000091552734,0
2024-12-16,1335.7928466796875,0.0008921563686510314,0.007182845480003142,0.04167146594391613,1270.947265625,1177.282700805664,68.26449638170574,13.050000190734863,14.529999732971191,68.30000305175781,0
2024-12-17,1323.5374755859375,-0.009174604523607521,0.0037629007756412314,0.03247406344832626,1272.81287109375,1178.6725787353516,63.68533703338091,14.020000457763672,14.140000343322754,67.19999694824219,0
2024-12-18,1304.087646484375,-0.014695336898527867,-0.006163448747871891,0.028930602690550478,1274.4055834960936,1179.9720947265625,61.03182018321037,14.489999771118164,14.109999656677246,68.37000274658203,0
2024-12-19,1277.0462646484375,-0.020735862277997175,-0.03273320591235318,-0.007557562785136307,1275.4038818359375,1181.1713311767578,45.268828392849585,14.369999885559082,13.779999732971191,68.58999633789062,0
2024-12-20,1278.5347900390625,0.0011656002071582794,-0.029453804441246123,-0.010711371132579472,1276.2821069335937,1182.3484948730468,44.04546183956914,14.510000228881836,13.270000457763672,70.29000091552734,0
2024-12-23,1286.8704833984375,0.006519723533780608,-0.024412176493130544,0.014155111803843878,1277.3399462890625,1183.6362078857421,45.88945973066304,15.06999969482422,13.1899995803833,70.0199966430664,0
2024-12-24,1287.3170166015625,0.00034699156510753504,-0.035430150805890515,0.030504119006372843,1278.8135766601563,1184.8966369628906,42.9798402951563,13.520000457763672,13.050000190734863,71.29000091552734,0
2024-12-26,1287.4161376953125,7.699820049889006e-05,-0.03621572694046271,0.022098683450521017,1280.1155297851562,1185.986859741211,32.76079109412443,13.18000030517578,14.020000457763672,70.70999908447266,0
2024-12-27,1297.5382080078125,0.007862314302367057,-0.01964377137611084,0.02908087913173074,1281.1485620117187,1187.1008825683593,40.86208395811638,14.039999961853027,14.489999771118164,70.08000183105469,0
2024-12-30,1284.7369384765625,-0.009865813162376558,-0.014838502657378183,0.032663439848425124,1282.1706762695312,1188.172052001953,38.709680659977415,13.239999771118164,14.369999885559082,70.58000183105469,0
2024-12-31,1271.83642578125,-0.010041365130055269,-0.0040796007250542,0.019650834940776685,1283.17095703125,1189.1341986083985,30.83269556344071,13.970000267028809,14.510000228881836,69.91000366210938,0
2025-01-01,1273.8211669921875,0.00156053181895488,-0.0036867381971913415,0.024093593903924848,1283.551025390625,1190.1512811279297,32.64744424778071,14.449999809265137,15.06999969482422,69.45999908447266,0
2025-01-02,1280.7178955078125,0.005414204673572787,-0.004781046709826597,0.03322393442920002,1284.1771923828126,1191.2483514404296,35.30978879864149,14.449999809265137,13.520000457763672,69.23999786376953,0
2025-01-03,1255.363525390625,-0.019796998391386045,-0.024821773346314302,0.01159485126200277,1284.1285668945313,1192.2277508544921,21.77443831339656,13.739999771118164,13.18000030517578,70.0999984741211,0
2025-01-06,1254.4207763671875,-0.0007509769117627352,-0.025629134482648475,-0.010915125954089389,1284.3766528320311,1193.1675091552734,20.963206122032943,13.539999961853027,14.039999961853027,69.62000274658203,0
2025-01-07,1269.454833984375,0.011984860184416135,-0.021643581553221103,-0.01668009514949209,1284.9025952148438,1194.1841595458984,31.07643234294393,15.649999618530272,13.239999771118164,70.5999984741211,0
2025-01-08,1254.073486328125,-0.012116498550778121,-0.023867494761066088,-0.03157208283026791,1285.06732421875,1195.139891357422,31.98714837402663,14.65999984741211,13.970000267028809,70.98999786376953,0
2025-01-09,1252.73388671875,-0.0010681986534116783,-0.015019650857039935,-0.02944557208013132,1284.46298828125,1196.0847436523438,39.25441791054439,14.470000267028809,14.449999809265137,71.72000122070312,0
2025-01-10,1240.2799072265625,-0.009941440575865546,-0.026331215585641665,-0.028374812842309582,1282.835546875,1196.9537976074218,34.58617623218515,14.65999984741211,14.449999809265137,71.72000122070312,1
2025-01-13,1220.3338623046875,-0.01608188990699455,-0.04714858238096409,-0.054111182568352345,1281.200166015625,1197.720415649414,25.48449194012666,14.920000076293944,13.739999771118164,73.12999725341797,1
2025-01-14,1230.8031005859375,0.008578995146031776,-0.019564392550791343,-0.04932350115601214,1280.1691235351564,1198.552661743164,30.60950622640908,16.0,13.539999961853027,73.95999908447266,0
2025-01-15,1228.7686767578125,-0.0016529238731658458,-0.02044935805644399,-0.053615143251317,1279.1063232421875,1199.332921142578,30.141199034423465,15.470000267028809,15.649999618530272,73.55999755859375,0
2025-01-16,1239.53564453125,0.008762404166947624,-0.023568534029067556,-0.05087193746505947,1278.5486279296874,1200.1994836425781,30.444974702100453,15.260000228881836,14.65999984741211,74.25,0
2025-01-17,1216.066650390625,-0.018933698473431293,-0.03030670558930515,-0.08309026187840984,1277.1345385742188,1200.9484545898438,28.402004740795803,15.470000267028809,14.470000267028809,73.31999969482422,0
2025-01-20,1223.50927734375,0.00612024591804583,-0.023328665157727246,-0.07209788615257884,1275.7571655273437,1201.6876586914063,34.25988508287995,15.75,14.65999984741211,73.91999816894531,0
2025-01-21,1186.9910888671875,-0.029847087515220028,-0.042965154920985626,-0.09540195913441751,1274.11880859375,1202.2130340576173,26.91295034079843,16.420000076293945,14.920000076293944,76.56999969482422,1
2025-01-22,1191.258056640625,0.0035947765854835723,-0.023826107397487695,-0.09771134118224878,1272.9597509765624,1202.8505072021485,25.876374380578255,17.059999465942383,16.0,78.81999969482422,1
2025-01-23,1192.5482177734375,0.0010830240564758675,-0.031081236953569902,-0.09472691334037153,1271.6190942382811,1203.514108276367,30.535101900935302,16.770000457763672,15.470000267028809,77.5,1
2025-01-24,1199.941162109375,0.00619928337131781,-0.023460489507675986,-0.09031405896646416,1270.400498046875,1204.206557006836,33.767039630804064,16.700000762939453,15.260000228881836,80.04000091552734,1
2025-01-27,1218.547607421875,0.01550613138380208,-0.016932177143894833,-0.08695817209837209,1269.889443359375,1204.9696545410156,35.147671390555644,16.75,15.470000267028809,78.68000030517578,0
2025-01-28,1237.3525390625,0.015432250267522374,0.0175038832493577,-0.07369429164250696,1269.6899853515624,1205.8083294677735,45.217161764110244,18.1299991607666,15.75,77.87999725341797,0
2025-01-29,1242.066162109375,0.003809442255192863,0.015166934251542585,-0.061555728477196814,1269.6542626953126,1206.5726763916016,47.00640032227699,18.200000762939453,16.420000076293945,77.87999725341797,0
2025-01-30,1245.98583984375,0.0031557720948764967,0.04970109003334189,-0.04455360557801369,1269.7832666015624,1207.3450616455077,51.681764638580525,18.63999938964844,17.059999465942383,75.88999938964844,0
2025-01-31,1243.2073974609375,-0.0022299148946676173,0.043608805439529164,-0.026497761376574447,1269.8279223632812,1208.1281512451171,57.50081661147867,17.389999389648438,16.770000457763672,75.44000244140625,1
2025-02-01,1245.936279296875,0.002195033460636431,0.044768052752715004,-0.02549677255258065,1269.3813671875,1209.0530352783203,55.22795416879278,16.25,16.700000762939453,74.62000274658203,1
2025-02-03,1243.40576171875,-0.0020310168506796344,0.03622227570972614,-0.03377552149995977,1268.4297094726562,1210.0208557128906,55.03929919586053,16.25,16.75,74.66000366210938,1
2025-02-04,1258.4893798828125,0.012130889713115378,0.032778179709731514,-0.02239358009486525,1267.7003369140625,1211.1211590576172,56.3370911800934,14.350000381469728,18.1299991607666,73.16999816894531,1
2025-02-05,1257.9931640625,-0.0003942948015649428,0.01668128067659569,-0.02285428368599174,1267.045390625,1212.1609326171874,66.56215521830708,14.020000457763672,18.200000762939453,73.7699966430664,1
2025-02-06,1262.6572265625,0.0037075420067769205,0.016578073762315126,-0.026882431076050817,1266.7685278320312,1213.128590698242,65.81164470687074,14.079999923706056,18.63999938964844,72.62000274658203,1
2025-02-07,1247.2760009765625,-0.012181631928573244,0.00103545408908845,-0.02915844977915949,1265.9111450195312,1214.0016326904297,79.36209528973616,14.18000030517578,17.389999389648438,72.7300033569336,1
2025-02-10,1252.9322509765625,0.004534882412209784,0.007822390323196649,-0.014863684056756976,1265.0765844726564,1214.8709802246094,79.63766186075487,13.6899995803833,16.25,72.52999877929688,1
2025-02-11,1243.15771484375,-0.007801328543657449,-0.0022301015704374594,-0.02407202277917997,1263.9721069335938,1215.6078259277344,72.48683906506108,14.449999809265137,16.25,72.52999877929688,1
2025-02-12,1242.2149658203125,-0.0007583502979394696,-0.0009576889018042545,-0.030063552498603374,1262.6969458007814,1216.3687359619141,69.92521435138784,14.869999885559082,14.350000381469728,73.16000366210938,1
2025-02-13,1239.337158203125,-0.002316674405292707,-0.015218421375531088,-0.012766315782922866,1260.958359375,1216.8582202148436,61.50468542276888,14.899999618530272,14.020000457763672,72.69999694824219,1
2025-02-14,1250.451416015625,0.00896790493122479,-0.005995062820945751,-0.0031642973604580904,1259.5958715820314,1217.4512396240234,57.923168026746765,14.960000038146973,14.079999923706056,71.02999877929688,1
2025-02-17,1241.5699462890625,-0.007102610795437392,-0.01670071641758719,-0.021966033724722278,1258.1837670898437,1218.0537188720702,49.714259203805945,15.020000457763672,14.18000030517578,70.61000061035156,1
2025-02-18,1233.531982421875,-0.006474032245394001,-0.01101922793666077,-0.016379824731319936,1256.4491528320314,1218.6032177734376,43.15330865476763,15.720000267028809,13.6899995803833,71.0,1
2025-02-19,1251.9896240234375,0.014963245270157799,-0.0007523367304100859,-0.0005941107710129012,1255.1422387695313,1219.224097290039,54.11819253797983,15.670000076293944,14.449999809265137,72.31999969482422,1
2025-02-20,1240.379150390625,-0.009273618095572256,-0.0022350860393238747,8.001674741664466e-05,1253.5683837890624,1219.857763671875,47.59449953923284,15.420000076293944,14.869999885559082,73.31999969482422,1
2025-02-21,1223.50927734375,-0.013600577727836072,-0.015058334500269055,0.0026020871313572336,1251.3465258789063,1220.4508630371095,42.33855653200667,14.68000030517578,14.899999618530272,71.37000274658203,1
2025-02-24,1209.0211181640625,-0.011841478808514938,-0.024461495274632705,-0.017697373699745667,1248.8110913085939,1221.0074328613282,30.86373930667392,14.529999732971191,14.960000038146973,71.29000091552734,1
2025-02-25,1214.7767333984375,0.004760558064622611,-0.028529443175696945,-0.01138696291989938,1246.6358764648437,1221.586139526367,33.935855772136534,14.4399995803833,15.020000457763672,70.73999786376953,1
2025-02-27,1213.0897216796875,-0.0013887422045287812,-0.022938880483133306,-0.02133534680365201,1244.81591796875,1222.1025439453124,31.158059831003172,13.720000267028809,15.720000267028809,70.73999786376953,1
2025-02-28,1194.8802490234375,-0.015010820989428963,-0.03133419639639179,-0.017422072515829612,1243.17259765625,1222.5645501708984,30.502205860976247,13.3100004196167,15.670000076293944,71.8499984741211,1
2025-03-03,1196.964111328125,0.0017439925937270395,-0.04395045425255251,-0.021695925406675087,1241.5411840820314,1223.018282470703,28.60396158810721,13.90999984741211,15.420000076293944,72.25,1
2025-03-04,1201.1319580078125,0.0034820147406615654,-0.031641286755305975,0.011913205813634642,1239.8264135742188,1223.4598944091797,33.2144330278915,13.760000228881836,14.68000030517578,72.56999969482422,1
2025-03-05,1206.391357421875,0.004378702422326519,-0.013990837861923011,0.01270362932438518,1238.207900390625,1223.9305090332032,36.16858223101584,13.829999923706056,14.529999732971191,70.4000015258789,1
2025-03-06,1208.7235107421875,0.0019331648108755761,-0.0002461556852927371,0.013563638541131962,1236.6340478515624,1224.459764404297,38.13012293627136,13.670000076293944,14.4399995803833,70.69999694824219,1
2025-03-07,1205.250244140625,-0.0028734996636491372,-0.007842172965530358,0.004424451963892295,1234.7882885742188,1225.0201092529296,31.370207062545404,13.729999542236328,13.720000267028809,68.93000030517578,1
2025-03-10,1205.5478515625,0.0002469258341342151,-0.006217075276793826,-0.01066823797461558,1233.2045068359375,1225.4668286132812,34.02289366282362,13.470000267028809,13.3100004196167,70.3499984741211,1
2025-03-11,1235.864013671875,0.02514720761194389,0.034299474513812545,-0.0012029921494748352,1232.48505859375,1226.0776739501953,50.8636606117596,13.989999771118164,13.90999984741211,69.76000213623047,1
2025-03-12,1234.425048828125,-0.0011643391407398784,0.031296625475624396,-0.006151937404263008,1231.6971362304687,1226.691900024414,42.55674429142962,14.06999969482422,13.760000228881836,68.37000274658203,1
2025-03-13,1240.4783935546875,0.004903776646714375,0.032757795914559296,-0.004420151588362509,1230.8923461914062,1227.3504138183594,50.04413445973015,13.6899995803833,13.829999923706056,68.26000213623047,1
2025-03-17,1259.2833251953125,0.015159418929287405,0.04384312557284109,0.012931010358535167,1230.9707421875,1228.2256896972656,65.63991286165773,13.279999732971191,13.670000076293944,66.30999755859375,1
2025-03-18,1259.2833251953125,0.0,0.0418290982212135,0.010712462683861945,1231.0679931640625,1229.043409423828,75.16138809651264,13.420000076293944,13.729999542236328,66.36000061035156,1
2025-03-19,1303.0455322265625,0.03475167673205126,0.08114106473852489,0.04796484972481774,1231.7398071289062,1230.0437823486327,82.00783665201794,13.210000038146973,13.470000267028809,67.04000091552734,1
2025-03-20,1311.5797119140625,0.006549410190538341,0.08795325727977987,0.04218576086529513,1232.889931640625,1230.8952172851561,84.02462434297975,13.300000190734863,13.989999771118164,66.02999877929688,1
2025-03-21,1332.81591796875,0.01619131941565044,0.07844868304630159,0.059477870026432456,1234.491572265625,1232.2884429931642,96.67553663882305,12.600000381469728,14.06999969482422,66.25,1
2025-03-24,1347.750732421875,0.011205459247430216,0.09180442644236142,0.0673924039472189,1236.6409887695313,1233.5733422851563,96.94153645971882,12.579999923706056,13.6899995803833,67.68000030517578,1
2025-03-25,1333.4112548828125,-0.010639562045197226,0.0749169528554372,0.06905869578089363,1238.9025366210938,1234.7779357910156,88.7273668169589,13.699999809265137,13.279999732971191,66.55000305175781,1
2025-03-26,1325.6710205078125,-0.00580483653985675,0.05271863287970047,0.05805483055812144,1240.7998950195313,1235.8882391357422,84.42145310435932,13.640000343322754,13.420000076293944,67.58000183105469,1
2025-03-27,1326.415283203125,0.0005614233726158879,0.05330965372498708,0.06697265147072629,1242.7528271484375,1236.9919329833983,84.27736145686012,13.470000267028809,13.210000038146973,66.9000015258789,1
2025-03-28,1338.025634765625,0.008753179874754213,0.026844881221679717,0.07712889602971629,1244.722626953125,1238.1812274169922,86.92046168906727,13.300000190734863,13.300000190734863,67.16000366210938,1
2025-04-01,1308.3546142578125,-0.02217522574820463,-0.002458941402458392,0.055689007303511895,1246.5683862304688,1239.2155249023438,74.5730319965594,12.720000267028809,12.600000381469728,68.26000213623047,1
2025-04-02,1321.056640625,0.009708397271479097,-0.008822881828776108,0.056463788760660494,1248.5193334960939,1240.3733489990234,72.23514328789224,13.779999732971191,12.579999923706056,68.27999877929688,1
2025-04-03,1319.3697509765625,-0.0012769245440069632,-0.021058034518232183,0.06266244195104465,1251.1669067382813,1241.5311016845703,72.1417802975584,13.720000267028809,13.699999809265137,69.11000061035156,1
2025-04-04,1325.07568359375,0.004324741122012421,-0.006251313132792702,0.07421266937249671,1253.8432592773438,1242.6327709960938,72.09123371179496,13.600000381469728,13.640000343322754,69.0,1
2025-04-07,1277.6912841796875,-0.03575976829153704,-0.036192792620408865,0.020528652684560056,1255.5461206054688,1243.3912603759766,54.18263838115325,13.760000228881836,13.470000267028809,69.6500015258789,1
2025-04-08,1289.9466552734375,0.009591809262139872,-0.027494125249839074,0.03996157535153877,1257.34623046875,1244.1502716064454,56.59973243120823,22.790000915527344,13.300000190734863,69.91999816894531,1
2025-04-09,1290.83984375,0.0006924228012925582,-0.03526523692043482,0.05503069543732875,1258.7920751953125,1244.9046478271484,46.77845373253971,20.440000534057617,12.720000267028809,69.36000061035156,1
2025-04-11,1301.606689453125,0.008340961704316863,-0.005157565640959927,0.07657895292156414,1260.077158203125,1245.656531982422,47.39840106383453,21.43000030517578,13.779999732971191,71.19999694824219,1
2025-04-15,1339.8614501953125,0.02939041497878314,0.01423467320933014,0.10296930568215634,1262.0330639648437,1246.462685546875,51.688041249776994,20.11000061035156,13.720000267028809,71.70999908447266,1
2025-04-16,1346.0140380859375,0.004591958287722964,0.020194708185217625,0.10957500836970091,1264.0336279296876,1247.2009686279298,49.56562518891503,16.1299991607666,13.600000381469728,66.94999694824219,1
2025-04-17,1395.9288330078125,0.037083413329667136,0.05347102078116861,0.168258354047353,1267.088056640625,1248.1794787597655,63.27434821059224,15.869999885559082,13.760000228881836,61.9900016784668,1
2025-04-21,1399.0052490234375,0.002203848751369586,0.09494779086767968,0.16879464954979495,1270.1494360351562,1249.2732348632812,65.88566732315529,15.470000267028809,22.790000915527344,60.70000076293945,1
2025-04-22,1405.6539306640625,0.004752435092910456,0.08969927160755176,0.1702743576946104,1273.3943994140625,1250.3399719238282,66.736556697299,15.520000457763672,20.440000534057617,59.58000183105469,1
2025-04-23,1413.493408203125,0.005577103558739305,0.09501842157025919,0.17167070164016973,1276.4944799804687,1251.5504425048828,66.19811082476659,15.229999542236328,21.43000030517578,62.34999847412109,1
2025-04-24,1391.95947265625,-0.01523454967805582,0.06941634822197096,0.15159460396493074,1279.1738061523438,1252.599130859375,68.59412049930307,15.960000038146973,20.11000061035156,61.5,1
2025-04-25,1394.04345703125,0.0014971588009118353,0.04043851461510384,0.15664233532285188,1281.8015307617188,1253.5037707519532,67.03728948016304,16.25,16.1299991607666,61.33000183105469,1
2025-04-28,1417.8597412109375,0.01708431976030833,0.053376637309939357,0.17611237029974536,1285.2132055664063,1254.5255242919923,70.83768081207114,17.15999984741211,15.869999885559082,62.470001220703125,0
2025-04-29,1418.85205078125,0.0006998644093421102,0.016421480258449028,0.1480648640020672,1288.5316015625,1255.544122314453,70.24419012804012,16.940000534057617,15.470000267028809,64.68000030517578,1
2025-04-30,1416.073486328125,-0.001958318664440739,0.01220026680857833,0.1471522614292735,1291.9899169921875,1256.483892211914,86.99916381792511,17.3700008392334,15.520000457763672,63.08000183105469,0
2025-05-02,1419.149658203125,0.002172325027408384,0.009601031409407268,0.14403416099529243,1295.5286108398439,1257.463885498047,86.3280812923412,18.21999931335449,15.229999542236328,64.30999755859375,0
2025-05-05,1418.455078125,-0.0004894339889455201,0.00351021794164752,0.12639868228621243,1299.1109692382813,1258.4637731933594,85.92176697774785,18.26000022888184,15.960000038146973,62.27000045776367,0
2025-05-06,1420.63818359375,0.001539072687191334,0.020603122074217328,0.12813229173300744,1302.5147045898439,1259.5018786621094,85.20690745814264,18.34000015258789,16.25,62.790000915527344,0
2025-05-07,1424.4091796875,0.002654438080926802,0.021782479235558982,0.09313845484244809,1306.1714892578125,1260.5733514404296,81.41592679512777,19.0,17.15999984741211,63.02000045776367,0
2025-05-08,1424.5084228515625,6.96732129206179e-05,0.004689237903706012,0.08610129442509962,1309.9910180664062,1261.596372680664,80.54053129826681,19.059999465942383,16.940000534057617,62.04999923706055,0
2025-05-09,1378.2652587890625,-0.032462541688543345,-0.028605372892712477,0.03410023860577738,1312.5165307617187,1262.3370166015625,42.92534009215147,21.01000022888184,17.3700008392334,60.41999816894531,1
2025-05-12,1437.4088134765625,0.04291159071909223,0.01506653952243675,0.06652423100047145,1316.4571240234375,1263.3814947509766,60.614346078115155,21.6299991607666,18.21999931335449,58.209999084472656,0
2025-05-13,1419.6458740234375,-0.012357611339645969,0.00034965714675982973,0.06467218483783066,1320.3798559570312,1264.3740539550781,53.6433877893013,18.38999938964844,18.26000022888184,58.290000915527344,0
2025-05-14,1415.279541015625,-0.00307564941913141,-0.0022387294164949445,0.06759483998789317,1324.5050244140625,1265.4156201171875,50.47366178890843,18.200000762939453,18.34000015258789,57.130001068115234,0
2025-05-15,1439.6912841796875,0.01724870773341669,0.0134116489377607,0.0854001023744353,1329.0033154296875,1266.5976928710938,62.46762878498499,17.229999542236328,19.0,59.09000015258789,0
2025-05-16,1442.86669921875,0.002205622187170464,0.012958017818517131,0.07835504920762548,1333.5988549804688,1267.9191186523437,62.68041276335096,16.889999389648438,19.059999465942383,58.06999969482422,1
2025-05-19,1437.905029296875,-0.0034387583583165293,0.009404371522419908,0.09901781491599082,1338.4593505859375,1269.1699865722655,55.77142471536692,16.549999237060547,21.01000022888184,59.90999984741211,0
2025-05-20,1427.1876220703125,-0.007453487544864634,0.0354956079530242,0.08033794932146221,1343.0638208007813,1270.3402111816406,52.27269852871186,17.360000610351562,21.6299991607666,61.02000045776367,0
2025-05-21,1433.637939453125,0.004519600144412328,-0.002623383123912526,0.086608161504373,1347.7139404296875,1271.5586749267577,54.694955780856816,17.389999389648438,18.38999938964844,61.95000076293945,0
2025-05-22,1431.057861328125,-0.0017996720468936855,0.008038615483975997,0.07998198068727658,1352.2072705078126,1272.7374267578125,53.191511636428345,17.549999237060547,18.200000762939453,63.66999816894531,0
2025-05-23,1438.698974609375,0.00533948590601252,0.01654756739926011,0.126014548602841,1356.8067797851563,1273.977998046875,55.23078961147103,17.260000228881836,17.229999542236328,63.150001525878906,0
2025-05-26,1449.4161376953125,0.007449204646057028,0.006754818635417381,0.12362486601282852,1361.69009765625,1275.3388116455078,57.12180559608633,17.280000686645508,16.889999389648438,61.619998931884766,0
2025-05-27,1435.324951171875,-0.009721974357097762,-0.005226919472851144,0.11193108744004476,1366.2856396484376,1276.7469891357423,52.57009399516228,18.020000457763672,16.549999237060547,62.4900016784668,0
2025-05-28,1442.6683349609375,0.005116182076446929,0.003312670563779596,0.1083750157792136,1370.4217260742187,1278.2201696777345,54.134667550116504,18.540000915527344,17.360000610351562,62.68999862670898,0
2025-05-29,1445.3475341796875,0.001857113761925433,0.012724264020053555,0.07872909842207809,1374.64017578125,1279.6791973876952,69.05297157264384,18.020000457763672,17.389999389648438,62.560001373291016,0
2025-05-30,1434.7296142578125,-0.007346274629998373,0.0007614717598112275,0.0659098446685078,1378.5252001953124,1281.1237524414062,48.94946439340998,16.420000076293945,17.549999237060547,61.56999969482422,0
2025-06-02,1439.3935546875,0.003250745215920059,0.005824847187966942,0.031136774778148135,1382.1274047851562,1282.5571923828124,58.629706722372596,16.079999923706055,17.260000228881836,61.20000076293945,0
2025-06-03,1426.8900146484375,-0.008686672243559568,-0.008208082558857632,0.01993185203877168,1385.4795385742189,1283.8725427246093,54.73687775346302,17.15999984741211,17.280000686645508,61.52999877929688,0
2025-06-04,1420.0428466796875,-0.0047986655582820115,-0.02026560230130381,0.01023645699822251,1387.8194848632813,1285.1757373046876,40.64266563109686,16.559999465942383,18.020000457763672,61.52999877929688,0
2025-06-05,1443.66064453125,0.016631750166401726,0.005807530449860376,0.02134232544209347,1390.461103515625,1286.6302642822266,50.31648464582331,15.75,18.540000915527344,60.88999938964844,0
2025-06-06,1448.5230712890625,0.0033681230947397722,0.0040582691019439565,0.04063595222702365,1392.7752465820313,1287.9820837402344,54.235944386276756,15.079999923706056,18.020000457763672,61.84000015258789,0
2025-06-09,1423.8138427734375,-0.017058222271624457,-0.014898625345821426,0.021355421591796375,1394.2965087890625,1289.2666723632813,48.78923656805211,14.630000114440918,16.420000076293945,60.93999862670898,1
2025-06-10,1412.0048828125,-0.008293893208633829,-0.015839034212079106,-0.004129363595186897,1395.8683813476562,1290.4746020507812,42.523986622163875,14.6899995803833,16.079999923706055,60.790000915527344,1
2025-06-11,1420.0428466796875,0.005692589285652527,-0.01344365336693043,0.0008392671369659155,1397.7558178710938,1291.7455456542968,46.33177636580201,14.020000457763672,17.15999984741211,62.52000045776367,1
2025-06-12,1414.2872314453125,-0.004053127867115203,-0.008832343820297961,-0.001261413973256631,1399.5132568359375,1292.9070831298827,41.76700213831269,13.670000076293944,16.559999465942383,63.40999984741211,1
2025-06-13,1405.2569580078125,-0.006385034975018189,-0.01041228347894363,-0.009789453927574465,1400.8578833007812,1293.9619439697265,34.93566199435324,14.020000457763672,15.75,62.84999847412109,1
2025-06-16,1415.9742431640625,0.007626566155874759,-0.019177915164527604,-0.0017489697059823728,1403.0102758789062,1295.021766357422,43.24321789930702,15.079999923706056,15.079999923706056,63.369998931884766,1
2025-06-17,1412.302490234375,-0.002593093022287496,-0.02500518063716739,-0.005867569558273056,1404.8351928710938,1295.9984796142578,39.117984414329996,14.84000015258789,14.630000114440918,64.58000183105469,1
2025-06-18,1401.78369140625,-0.0074479786737325915,-0.015472634627765047,-0.01588412136336681,1406.4834716796875,1296.9350030517578,35.218833742684495,14.399999618530272,14.6899995803833,65.29000091552734,1
2025-06-19,1400.4937744140625,-0.0009201968892172951,-0.008152314867006072,-0.01685820038145358,1407.9918334960937,1297.8747521972657,37.59882558941615,14.279999732971191,14.020000457763672,64.9800033569336,1
2025-06-20,1416.1727294921875,0.011195305087796426,-0.0027253524050693256,0.027503755508159866,1410.7614624023438,1298.8566760253907,42.21037415592765,14.260000228881836,13.670000076293944,68.1500015258789,1
2025-06-23,1409.226318359375,-0.004905059240410181,-0.003578419555386625,-0.019606457712628367,1413.1470556640625,1299.800146484375,43.84508260803358,13.670000076293944,14.020000457763672,68.04000091552734,1
2025-06-24,1413.1956787109375,0.0028166947351533356,0.00564930182902601,-0.004543524149596134,1415.5941723632814,1300.6753930664063,47.56527385677428,14.050000190734863,15.079999923706056,72.9800033569336,1
2025-06-25,1414.8826904296875,0.0011937566355204599,-0.0007708845974032652,-0.0002804043826230007,1417.8596923828125,1301.6153900146485,37.87622433939927,13.640000343322754,14.84000015258789,71.7699966430664,1
2025-06-26,1428.080810546875,0.009328066705784233,0.01117205444414493,-0.008064557839862152,1419.6240795898439,1302.623362426758,41.953111110043295,12.960000038146973,14.399999618530272,74.83999633789062,1
2025-06-27,1451.00390625,0.016051679662544283,0.03511256062222623,0.005639611085109797,1421.723876953125,1303.8838861083984,60.855745077799,12.59000015258789,14.279999732971191,75.13999938964844,0
2025-06-30,1434.7296142578125,-0.011215884341929216,0.024445549469203076,-0.0022083621479613846,1422.499892578125,1304.9298162841797,58.76057536379063,12.390000343322754,14.260000228881836,75.13999938964844,0
2025-07-01,1421.03515625,-0.009544974796450889,0.00343349836962048,-0.004310901892063512,1422.9404907226562,1305.8958618164063,50.36655721205486,12.789999961853027,13.670000076293944,74.93000030517578,1
2025-07-02,1416.867431640625,-0.0029328793105818374,0.005422204497391059,-0.011697868304808678,1423.1647607421876,1306.8457824707032,50.964434949804854,12.529999732971191,14.050000190734863,68.51000213623047,1
2025-07-03,1414.98193359375,-0.0013307512084540507,0.0012639826951932331,-0.011233597305042142,1423.19453125,1307.7078802490234,53.84013967124043,12.449999809265137,13.640000343322754,64.37000274658203,1
2025-07-04,1431.7525634765625,0.011852186578961366,0.011923160245710385,-0.004828258902942917,1423.9903930664063,1308.6627630615235,55.94618367035244,12.390000343322754,12.960000038146973,64.91999816894531,1
2025-07-07,1424.706787109375,-0.004921085211874177,-0.002362627809702089,-0.017047795966469215,1424.6036596679687,1309.5203955078125,54.5587256240792,12.31999969482422,12.59000015258789,65.23999786376953,1
2025-07-08,1430.9586181640625,0.004388152784315702,-0.013814771965530381,-0.0030420519090451625,1424.8656372070313,1310.383237915039,61.06929908009414,12.5600004196167,12.390000343322754,65.5199966430664,0
2025-07-09,1420.93603515625,-0.007004104018515589,-0.009614061746887392,-0.015063961187777752,1424.9073168945313,1311.095492553711,57.274010624573776,12.199999809265137,12.789999961853027,65.11000061035156,1
2025-07-10,1413.1956787109375,-0.005447364451181214,-0.005516737221160861,-0.02224506889064426,1424.8497607421875,1311.7509350585938,48.87723834147276,11.9399995803833,12.529999732971191,65.44999694824219,1
2025-07-11,1411.0125732421875,-0.0015448005549673072,-0.004132255613821245,-0.016530669458505454,1424.6870190429688,1312.1649908447266,50.69877207509472,11.670000076293944,12.449999809265137,67.44999694824219,1
2025-07-14,1412.1041259765625,0.000773595327975718,-0.0020338122691634375,-0.01895897659265411,1424.56,1312.6666204833984,49.563155364659266,11.81999969482422,12.390000343322754,67.0,1
2025-07-15,1419.844482421875,0.005481434621515291,-0.008317136185719498,-0.004937684162222178,1424.5441259765626,1313.223325805664,51.89396728064004,11.979999542236328,12.31999969482422,66.5,0
2025-07-16,1415.4781494140625,-0.0030752191960944364,-0.006477569826165208,-0.00321447854640311,1424.3655053710938,1313.7321502685547,44.841638228666504,11.479999542236328,12.5600004196167,67.93000030517578,0
2025-07-17,1407.8370361328125,-0.0053982559069619684,-0.016158106696974373,-0.024814424729344364,1424.0320776367187,1314.1769677734376,29.80508837554609,11.239999771118164,12.199999809265137,68.33000183105469,1
2025-07-18,1414.8826904296875,0.005004595074603824,-0.004260110643120485,-0.02322391788308753,1424.7644262695312,1314.7684045410156,39.83740955390761,11.239999771118164,11.9399995803833,68.37999725341797,0
2025-07-21,1454.576416015625,0.028054428720081903,0.02928167551604277,0.021605755133174753,1425.1077783203125,1315.7250231933594,63.56339655053262,11.390000343322754,11.670000076293944,66.56999969482422,0
2025-07-22,1462.316650390625,0.00532129786360902,0.03635975902791033,0.03563144022413822,1425.9611938476562,1316.7133966064453,67.8626258904446,11.199999809265137,11.81999969482422,68.44999694824219,0
2025-07-23,1477.2017822265625,0.01017914405334941,0.04609975642198538,0.04025155697275107,1427.199638671875,1317.8657550048829,72.18676572624489,10.75,11.979999542236328,66.9800033569336,0
2025-07-24,1472.0416259765625,-0.0034931966046115592,0.03676257801534222,0.0408363967708516,1427.8466455078126,1319.0746771240235,65.66352429296592,10.520000457763672,11.479999542236328,66.5199966430664,0
2025-07-25,1465.789794921875,-0.004247047735854603,0.03554392240434012,0.04307599159649622,1428.305107421875,1320.2813659667968,66.07140810580563,10.720000267028809,11.239999771118164,66.37999725341797,0
2025-07-28,1477.00341796875,0.007650225895775575,0.0491295370563134,0.04310048371241204,1429.0870751953125,1321.5307263183595,67.33930986421795,11.279999732971191,11.239999771118164,67.54000091552734,0
2025-07-29,1474.8201904296875,-0.0014781465719727604,0.04236216924937963,0.04426650850480174,1430.0397265625,1322.7317095947265,71.5646339592703,12.0600004196167,11.390000343322754,67.33999633789062,0
2025-07-30,1471.04931640625,-0.0025568364522721154,0.011324877957080925,0.04941249168801054,1430.7879541015625,1323.917063598633,73.91299960341527,11.529999732971191,11.199999809265137,67.19999694824219,0
2025-07-31,1470.0570068359375,-0.0006745590098479193,0.005293215011430652,0.049670504569703455,1431.5679370117186,1325.199171142578,74.64783134224618,11.210000038146973,10.75,66.20999908447266,0
2025-08-01,1460.3319091796875,-0.006615456142875509,-0.011420154815577899,0.031182057645845696,1432.000595703125,1326.38923828125,68.77887544061784,11.539999961853027,10.520000457763672,65.25,0
2025-08-04,1451.9962158203125,-0.005708081366281648,-0.013617420732210395,0.030349913923499727,1432.052197265625,1327.4197863769532,62.46142869714395,11.979999542236328,10.720000267028809,66.02999877929688,0
2025-08-05,1433.3402099609375,-0.012848522369485083,-0.022137952572297004,0.01425459442982091,1432.0125024414062,1328.4183312988282,56.232632233552266,11.970000267028809,11.279999732971191,65.16000366210938,0
2025-08-06,1432.54638671875,-0.0005538275118990299,-0.030099477570024513,0.01248421258422372,1431.8100634765624,1329.4719512939453,59.05453413337365,11.710000038146973,12.0600004196167,66.70999908447266,0
2025-08-07,1429.271728515625,-0.0022859002915959215,-0.030884078079234878,0.0008339289765360025,1431.4885473632812,1330.3442211914062,55.422606807527934,11.960000038146973,11.529999732971191,69.20999908447266,0
2025-08-08,1424.9053955078125,-0.0030549355456342964,-0.03136803123036447,-0.0179865199740481,1431.2920629882813,1331.2217004394531,34.760490192267426,11.6899995803833,11.210000038146973,70.0,0
2025-08-11,1425.5999755859375,0.0004874569780666249,-0.03024170562316264,-0.006363316530967222,1431.01619140625,1332.0607263183595,29.67036829263347,12.029999732971191,11.539999961853027,69.26000213623047,0
2025-08-12,1422.0,-0.0025252354430336243,-0.026248765050419065,0.0006789724700029254,1430.9183911132814,1332.9606439208985,15.070205169955358,12.220000267028809,11.979999542236328,67.33000183105469,0
2025-08-13,1420.800048828125,-0.0008438475188994321,-0.021485019487163748,0.0027755717293511672,1430.93353515625,1333.8488555908202,15.865338483431586,12.229999542236328,11.970000267028809,66.29000091552734,0
2025-08-14,1427.300048828125,0.00457488723016386,-0.004214045689108992,0.00870549294088141,1430.6063232421875,1334.756170654297,24.44448767077101,12.140000343322754,11.710000038146973,65.16000366210938,0
2025-08-18,1434.5999755859375,0.005114500461067095,0.0014335234699738297,0.0019887599170493875,1430.327861328125,1335.5144171142579,20.30257486145949,12.359999656677246,11.960000038146973,64.3499984741211,0
2025-08-19,1436.300048828125,0.0011850503771917431,0.004917413653594993,0.008137296616851142,1430.5775854492188,1336.087657470703,22.838442456304037,12.34000015258789,11.6899995803833,63.880001068115234,0
2025-08-20,1430.5999755859375,-0.003968581110080804,0.003996461867628476,-0.00025063099210032025,1430.9494873046874,1336.7301428222656,22.233543882700147,11.789999961853027,12.029999732971191,63.880001068115234,0
2025-08-21,1446.0,0.010764731355286772,0.014309781680290623,0.01763905216253736,1431.4686303710937,1337.5483666992188,36.21315170535076,11.789999961853027,12.220000267028809,63.959999084472656,0
2025-08-22,1436.4000244140625,-0.006638987265516927,0.010126599447301432,0.01641976836802317,1431.9108862304688,1338.3208233642579,36.26516051652244,11.369999885559082,12.229999542236328,63.16999816894531,0
2025-08-25,1433.199951171875,-0.0022278426537154505,0.008727408444261675,0.015724436727523994,1432.46974609375,1339.149721069336,38.53683230969663,11.729999542236328,12.140000343322754,62.650001525878906,0
2025-08-26,1416.5999755859375,-0.011582456148121034,-0.007496723096851787,0.003183794683884189,1432.4822607421875,1339.7988653564453,39.52811775522235,11.760000228881836,12.359999656677246,63.959999084472656,0
2025-08-28,1399.0999755859375,-0.012353522731610722,-0.024745574100195178,-0.014610407754342858,1432.2182104492188,1340.3324755859376,32.69457416827619,12.1899995803833,12.34000015258789,63.41999816894531,0
2025-08-29,1397.800048828125,-0.0009291164180516009,-0.026804984119726316,-0.012489137040550768,1432.1385375976563,1340.9769311523437,33.37661935723477,12.18000030517578,11.789999961853027,62.34999847412109,0
2025-09-01,1411.0,0.009443375812542953,-0.01370052839397673,0.0022466832353522648,1432.348662109375,1341.7858764648438,43.2820610808573,11.75,11.789999961853027,63.209999084472656,0
2025-09-02,1394.199951171875,-0.011906483932051737,-0.0358229936570712,-0.01461798875462339,1431.9092065429688,1342.4589709472657,36.87289681280064,11.289999961853027,11.369999885559082,63.52000045776367,1
2025-09-03,1397.0,0.0020083552762797385,-0.02742970185490956,-0.03958294344778279,1431.6646801757813,1343.1396160888671,39.478118802725,11.399999618530272,11.729999542236328,63.65999984741211,1
2025-09-04,1405.5,0.006084466714388004,-0.01932734588026308,-0.03885386272217284,1431.5107666015624,1343.9466143798827,43.93337153876237,10.93000030517578,11.760000228881836,64.80000305175781,1
2025-09-05,1402.800048828125,-0.0019209898056741226,-0.009741583365554196,-0.050366669126470254,1431.2691137695313,1344.7239874267577,39.98365076925227,10.850000381469728,12.1899995803833,63.25,0
2025-09-08,1402.699951171875,-7.135561217985753e-05,0.0025730652910846974,-0.04710578395409559,1430.7614965820312,1345.5182257080078,36.14250064428822,10.779999732971191,12.18000030517578,64.5999984741211,0
2025-09-09,1403.699951171875,0.0007129108396735084,0.004220848574655767,-0.04235930961254186,1429.8154174804688,1346.339047241211,35.75172381413752,10.84000015258789,11.75,64.01000213623047,0
2025-09-10,1403.9000244140625,0.00014253276992737263,-0.00503187497231572,-0.04949439701041658,1429.1988256835937,1347.1536743164063,37.74108574054769,10.6899995803833,11.289999961853027,64.01000213623047,0
2025-09-11,1401.5999755859375,-0.00163832807758868,0.005307721039469637,-0.04964687581502214,1428.8101220703124,1347.8203540039062,26.826750934957545,10.539999961853027,11.399999618530272,65.58999633789062,0
2025-09-12,1417.699951171875,0.011486854927496015,0.014817431046438845,-0.036266197631434016,1428.8267724609375,1348.453910522461,40.86019452462463,10.359999656677246,10.93000030517578,63.970001220703125,0
2025-09-15,1419.4000244140625,0.001199177047852995,0.009889736331599064,-0.03445919592663016,1428.9151342773437,1349.0761206054688,43.15480984069125,10.119999885559082,10.850000381469728,63.47999954223633,0
2025-09-16,1421.5999755859375,0.0015499162561893876,0.013401715214878651,-0.02652269210189817,1428.7120825195314,1349.7304180908204,52.89351361279476,10.399999618530272,10.779999732971191,61.869998931884766,0
2025-09-17,1419.199951171875,-0.0016882558070341336,0.011763028854613777,-0.02258701799020124,1428.6019458007813,1350.443916015625,64.0953207633742,10.270000457763672,10.84000015258789,62.2599983215332,0
2025-09-18,1421.699951171875,0.0017615558666950193,0.012823253277862268,-0.008121071821029613,1428.4167724609374,1351.1016900634766,66.48263576698623,10.25,10.6899995803833,62.630001068115234,0
2025-09-19,1402.199951171875,-0.013715974305215761,-0.0012109646076094993,-0.021183562241487763,1428.04205078125,1351.6393884277343,44.41623343226981,9.890000343322754,10.539999961853027,63.66999816894531,0
2025-09-22,1401.5,-0.0004991807133426507,-7.132961449696218e-05,-0.019430684845678337,1427.8081372070312,1352.15498046875,55.82139241492096,9.970000267028809,10.359999656677246,62.369998931884766,0
2025-09-23,1394.300048828125,-0.005137317996343205,-0.016505539359303434,-0.02147886222915185,1427.47388671875,1352.596615600586,47.98811680893023,10.5600004196167,10.119999885559082,62.68999862670898,0
2025-09-24,1382.699951171875,-0.00831965663775136,-0.025856046647130038,-0.030092610233407258,1426.8858032226562,1352.8787829589844,33.760694164290186,10.630000114440918,10.399999618530272,63.29999923706055,0
2025-09-25,1375.800048828125,-0.004990166042822319,-0.03221716906609773,-0.032489417139152654,1426.0049145507812,1353.1649041748046,31.85487443517981,10.520000457763672,10.270000457763672,64.5199966430664,0
2025-09-26,1359.5999755859375,-0.011775020109925372,-0.041995474659313525,-0.043074374393965775,1424.8873510742187,1353.402028198242,26.187890911101917,10.779999732971191,10.25,64.05000305175781,0
2025-09-29,1348.0999755859375,-0.00845837026074081,-0.0517689935385246,-0.055489434970042995,1423.6926098632812,1353.5412145996095,22.47529287774975,11.43000030517578,9.890000343322754,63.56999969482422,1
2025-09-30,1348.0,-7.416036477114751e-05,-0.03865351095368241,-0.06036524261794107,1422.3549560546876,1353.694537963867,22.299300848200957,11.369999885559082,9.970000267028809,62.68000030517578,1
2025-10-01,1372.0,0.017804154302670572,-0.021048876204067035,-0.044767838642480906,1420.703427734375,1353.9591784667969,37.92822941257882,11.06999969482422,10.5600004196167,62.63999938964844,1
2025-10-03,1365.199951171875,-0.00495630381058676,-0.020870757109065496,-0.045715102425663234,1418.76109375,1354.1121673583984,26.831430990977793,10.289999961853027,10.630000114440918,63.40999984741211,1
2025-10-06,1363.4000244140625,-0.001318434531342838,-0.013958145251582121,-0.05712308131807575,1416.48505859375,1354.2502032470702,25.308620711926736,10.0600004196167,10.520000457763672,64.98999786376953,1
2025-10-07,1375.9000244140625,0.0091682556668371,7.266723534615771e-05,-0.04211918614014176,1414.5622265625,1354.512015991211,31.52790250160359,10.1899995803833,10.779999732971191,64.9800033569336,1
2025-10-08,1370.300048828125,-0.0040700454150528476,0.00787001576517099,-0.04388773687322489,1412.652431640625,1354.8430780029296,30.73288417067154,10.050000190734863,11.43000030517578,65.72000122070312,0
2025-10-09,1376.199951171875,0.0043055550853958735,0.020844133294879885,-0.028519006854671236,1410.6363623046875,1355.3388464355469,32.540265463511886,10.3100004196167,11.369999885559082,63.45000076293945,0
2025-10-10,1380.300048828125,0.002979289203402846,0.023961460554988934,-0.01343715751973995,1408.7459594726563,1355.8476727294922,40.47000828676455,10.119999885559082,11.06999969482422,62.369998931884766,0
2025-10-13,1379.4000244140625,-0.0006520498313584699,0.0053936038003370435,-0.01316355971620442,1406.9129736328125,1356.3103204345703,40.399661045350555,10.100000381469728,10.289999961853027,61.77999877929688,0
2025-10-14,1384.0999755859375,0.0034072430685010424,0.01384414378116472,-0.01906451056985292,1405.1938330078126,1356.7942352294922,45.47065921235361,11.010000228881836,10.0600004196167,60.880001068115234,1
2025-10-15,1398.4000244140625,0.010331658897740681,0.025671115867143657,0.003012532914419719,1403.9551953125,1357.349154663086,56.80836219226987,11.15999984741211,10.1899995803833,61.68999862670898,0
2025-10-16,1417.300048828125,0.013515463446864384,0.030089413241847218,0.014531173105315043,1403.2612719726562,1357.9479638671876,66.30007230241972,10.529999732971191,10.050000190734863,61.72999954223633,0
2025-10-17,1436.5999755859375,0.013617389467932561,0.048383510468756,0.022127339442146843,1403.3264672851562,1358.7072790527343,79.5245619881749,10.869999885559082,10.3100004196167,62.54999923706055,0
2025-10-20,1390.300048828125,-0.03222882329434007,0.01024567516097008,-0.008910749618552094,1402.4815405273437,1359.2995971679688,62.77243247517027,11.630000114440918,10.119999885559082,61.5099983215332,1
2025-10-21,1382.0,-0.005969969457399582,0.001231580896717599,-0.014757219571143065,1401.5361059570312,1359.8404913330078,59.80392709005049,11.359999656677246,10.100000381469728,58.900001525878906,1
2025-10-23,1363.699951171875,-0.013241714057977583,-0.011381813081275394,-0.02849611839524968,1400.3119970703126,1360.2554016113281,47.525327595468916,11.300000190734863,11.010000228881836,59.4900016784668,1
2025-10-24,1377.699951171875,0.01026618794550016,-0.004623961077199756,-0.018662349730439343,1399.3539965820312,1360.8670837402344,53.57347254986809,11.729999542236328,11.15999984741211,58.70000076293945,1
2025-10-27,1377.5999755859375,-7.256702437452578e-05,-0.014874176533885786,-0.01712328796949847,1398.46599609375,1361.4829797363282,54.09929421913742,11.59000015258789,10.529999732971191,58.27000045776367,0
2025-10-28,1363.0999755859375,-0.010525551870623873,-0.0382417775876055,-0.03851306867916937,1397.3119946289062,1361.951205444336,46.34701701041917,11.859999656677246,10.869999885559082,57.459999084472656,1
2025-10-29,1370.4000244140625,0.005355475723625602,-0.04608099143595934,-0.03452162826348237,1396.173994140625,1362.5328381347656,50.028257651820184,11.949999809265137,11.630000114440918,57.540000915527344,0
2025-10-30,1362.4000244140625,-0.005837711513045685,-0.02006762816240948,-0.04164318527613553,1394.7299951171874,1363.0811688232423,46.14527448411689,11.970000267028809,11.359999656677246,57.52000045776367,1
2025-10-31,1345.300048828125,-0.012551361772979885,-0.026555681021617206,-0.052071522608726606,1392.9099951171875,1363.60626953125,40.88541666666666,12.06999969482422,11.300000190734863,57.81999969482422,1
2025-11-03,1346.4000244140625,0.0008176433107958125,-0.01268602139564945,-0.05296471079973275,1391.22599609375,1364.236600341797,41.4151903268462,12.149999618530272,11.729999542236328,61.790000915527344,1
2025-11-04,1336.9000244140625,-0.007055852516145267,-0.02961452290326927,-0.04656962561098277,1389.0439965820312,1364.7670849609376,38.02031696145305,12.670000076293944,11.59000015258789,61.5,1
2025-11-06,1320.4000244140625,-0.012341984964232222,-0.041521451934946496,-0.057866554110551194,1386.7239965820313,1365.2252416992187,30.421681947928903,12.649999618530272,11.859999656677246,61.310001373291016,1
2025-11-07,1343.0,0.01711600664046209,-0.014745782368088878,-0.03679268954429249,1384.9199975585936,1365.7425634765625,31.69046708010559,12.40999984741211,11.949999809265137,60.150001525878906,1
2025-11-10,1348.0,0.0037230081906181045,-0.016345610051809456,-0.02509579257775041,1383.547998046875,1366.4022302246094,26.511138108401823,12.5600004196167,11.970000267028809,60.47999954223633,1
2025-11-11,1358.300048828125,0.0076409857775407986,-0.003009377211146802,-0.01271987162299204,1382.7319995117186,1367.0761840820312,39.51507879369651,12.300000190734863,12.06999969482422,60.56999969482422,1
2025-11-12,1358.9000244140625,0.0004417106415148808,0.010109250793370883,-0.0005148214066224011,1381.9539990234375,1367.9357287597657,42.02899527472555,12.489999771118164,12.149999618530272,60.97999954223633,1
2025-11-13,1385.9000244140625,0.019869011343672582,0.029337492040814483,0.02803949967560504,1381.4519995117187,1368.9089385986329,57.22658749049305,12.109999656677246,12.670000076293944,61.04999923706055,0
2025-11-14,1373.0,-0.009308048334522812,0.027002748841866042,0.0185459940652819,1381.0280004882814,1369.8111975097656,48.45903240266394,12.15999984741211,12.649999618530272,60.560001373291016,0
2025-11-17,1379.0,0.004369992716678706,0.04438047144988633,0.005102040816326481,1380.6680004882812,1370.7064916992188,50.4419268302645,11.9399995803833,12.40999984741211,59.43000030517578,0
2025-11-18,1373.4000244140625,-0.004060896001405023,0.022635907977708536,0.006006499806236132,1380.0260009765625,1371.4807537841798,53.4448323839883,11.789999961853027,12.5600004196167,59.75,0
2025-11-19,1383.0999755859375,0.0070627282652142576,0.026038557556333553,0.014449135117436507,1379.6319995117187,1372.209490966797,54.180368445245925,12.100000381469728,12.300000190734863,60.130001068115234,0
2025-11-20,1383.0,-7.228370161393993e-05,0.01818445872337615,0.00516024090410272,1379.2380004882812,1372.91416015625,57.152775364155545,11.970000267028809,12.489999771118164,61.040000915527344,0
2025-11-21,1369.5,-0.009761388286334105,0.007800408709616402,-0.0005838493757693852,1378.5540014648439,1373.5317309570312,58.61822222376791,12.140000343322754,12.109999656677246,58.4900016784668,1
2025-11-24,1368.4000244140625,-0.000803195024415837,-0.012627173455313834,-0.005667727826302205,1377.8440014648438,1374.1576940917969,57.83476328428491,13.630000114440918,12.15999984741211,58.68999862670898,1
2025-11-25,1357.800048828125,-0.007746255040061323,-0.011070612652494538,-0.016300803596364766,1376.9680029296876,1374.717012939453,57.385174008576854,13.239999771118164,11.9399995803833,60.09000015258789,1
2025-11-26,1375.0,0.012667514032511429,-0.0029006526468455807,-0.003189810306065133,1376.11400390625,1375.3749841308593,69.1983267247603,12.239999771118164,11.789999961853027,59.90999984741211,1
2025-11-27,1392.199951171875,0.012509055397727176,0.01368860231805602,0.005852160775097648,1375.5700024414064,1376.0435369873046,67.98246396779052,11.970000267028809,12.100000381469728,60.7400016784668,1
2025-11-28,1388.800048828125,-0.002442107788387826,0.0041212300938495705,-0.0068649709799311065,1374.91400390625,1376.697571411133,65.08880815055852,11.789999961853027,11.970000267028809,59.43999862670898,1
2025-12-01,1390.0999755859375,0.0009360071371753431,0.005133749519839137,-0.019191471322305698,1374.3320043945312,1377.33478515625,62.59906154511344,11.619999885559082,12.140000343322754,59.13999938964844,1
2025-12-02,1373.0,-0.012301255942925748,0.002555677254472366,-0.044271179637182856,1373.3580053710937,1377.9634051513672,54.94044029273008,11.630000114440918,13.630000114440918,58.060001373291016,1
2025-12-03,1391.5,0.013474144209759675,0.016881010796407026,0.0008630879160842486,1373.1440063476562,1378.6562438964843,52.08643550856269,11.229999542236328,13.239999771118164,58.84000015258789,1
2025-12-04,1386.699951171875,-0.0034495500022457826,0.021284358008892834,0.003400832975307466,1372.8480053710937,1379.373955078125,55.43219413596023,11.210000038146973,12.239999771118164,57.95000076293945,1
2025-12-05,1392.5,0.004182627123642257,0.012727272727272698,0.0211190510077941,1372.8120043945312,1380.1253802490235,55.361412490182964,10.81999969482422,11.970000267028809,58.650001525878906,0
2025-12-08,1389.5999755859375,-0.002082602810816847,-0.0018675302953063966,0.008637602406779799,1372.9500048828124,1380.8766943359376,56.57467114258877,10.31999969482422,11.789999961853027,58.650001525878906,0
2025-12-09,1375.199951171875,-0.010362712051711576,-0.009792696700814396,-0.0017421780317916635,1372.9380029296874,1381.5004370117188,46.91163487647398,11.130000114440918,11.619999885559082,58.54999923706055,0
2025-12-10,1363.5999755859375,-0.008435119253787482,-0.019063377070293153,0.0003668109522083629,1373.0180029296876,1382.110587158203,43.04158716175568,10.949999809265137,11.630000114440918,59.31999969482422,0
2025-12-11,1360.0,-0.002640052545021976,-0.009468317552804084,-0.00758904278224104,1373.2560034179687,1382.7429272460938,46.3320394170024,10.90999984741211,11.229999542236328,58.63999938964844,0
2025-12-12,1366.0,0.004411764705882337,-0.01832554796981678,0.002642377804922491,1373.6160034179688,1383.3129791259767,49.1071323148075,10.399999618530272,11.210000038146973,58.95000076293945,0
2025-12-15,1365.199951171875,-0.0005856872826683901,-0.015504435535481753,0.014792166521576,1373.4800024414062,1383.937083129883,52.969466710818416,10.109999656677246,10.81999969482422,59.66999816894531,1
2025-12-16,1366.0,0.0005860305132872057,-0.019030520646319604,0.014557319689939341,1373.4960034179687,1384.6495367431642,45.84103324330361,10.25,10.31999969482422,60.08000183105469,1
2025-12-17,1352.4000244140625,-0.009956058262033274,-0.026770258941742786,0.011593985875490764,1373.2760034179687,1385.366431274414,30.975173973576318,10.0600004196167,11.130000114440918,58.880001068115234,1
2025-12-18,1356.800048828125,0.003253493296828891,-0.013379801481283149,0.027567421797205283,1372.89400390625,1386.0765478515625,34.84849886021574,9.84000015258789,10.949999809265137,58.25,0
2025-12-19,1354.0999755859375,-0.0019900303250427465,-0.006966852574133986,0.008265060004421176,1372.5700024414064,1386.7815991210937,33.17760847690822,9.710000038146973,10.90999984741211,58.459999084472656,1
2025-12-22,1368.5,0.010634387913515342,0.006250000000000089,0.015207715133531252,1372.4160034179688,1387.6496978759765,47.842767325040846,9.520000457763672,10.399999618530272,57.59999847412109,1
2025-12-23,1363.0,-0.004018998903909443,-0.002196193265007307,0.0034601715401025857,1372.0700024414064,1388.4798773193359,34.392163993518125,9.68000030517578,10.109999656677246,57.43999862670898,1
2025-12-24,1359.800048828125,-0.0023477264650586527,-0.003955393009730801,0.0006623183441700764,1371.6780029296874,1389.2732177734374,35.00566121955734,9.380000114440918,10.25,56.81999969482422,1
2025-12-26,1350.4000244140625,-0.006912798997296243,-0.011420187105371515,-0.0256151232950651,1371.00400390625,1389.9932611083984,27.438425256602315,9.1899995803833,10.0600004196167,55.27000045776367,1
2025-12-29,1343.300048828125,-0.005257683247612666,-0.006728760294041014,-0.0216314283844683,1369.9020043945313,1390.6661437988282,26.256477543472627,9.149999618530272,9.84000015258789,55.93999862670898,1
2025-12-30,1342.5,-0.0005955846043651514,-0.010539540325397279,-0.026468455402465563,1368.4060034179688,1391.352392578125,30.51257802156232,9.720000267028809,9.710000038146973,56.150001525878906,1
2025-12-31,1342.9000244140625,0.00029796976838913913,-0.008271140516806108,-0.022207659427567195,1366.5320043945312,1392.0391534423827,35.76348310833501,9.68000030517578,9.520000457763672,56.65999984741211,1
2026-01-01,1338.0,-0.0036488378322879766,-0.022287175739861165,-0.03260789269180009,1365.4860034179687,1392.5498333740234,35.13518417710034,9.479999542236328,9.68000030517578,58.0099983215332,1
2026-01-02,1355.4000244140625,0.013004502551616115,-0.005575917524532237,-0.019956598399087144,1364.95400390625,1393.154708251953,43.79394481695943,9.479999542236328,9.380000114440918,58.380001068115234,1
2026-01-05,1371.5,0.011878394050418795,0.00860417028368099,0.0014603870025555743,1365.1100048828125,1393.8098162841798,53.1281214542704,9.449999809265137,9.1899995803833,58.34999847412109,1
2026-01-06,1411.199951171875,0.028946373439208806,0.045023641631074085,0.03127735018576838,1365.7800048828126,1394.5693994140624,66.18908293430243,10.020000457763672,9.149999618530272,56.7400016784668,0
2026-01-07,1427.699951171875,0.011692177275302695,0.0628302682020887,0.051480262063680504,1366.7820043945312,1395.4114825439453,76.42100429944122,10.020000457763672,9.720000267028809,58.08000183105469,0
2026-01-08,1435.0,0.00511315337801399,0.06890130353817514,0.043636363636363695,1368.2200048828124,1396.0712548828126,76.89129036753705,9.949999809265137,9.68000030517578,57.95000076293945,0
2026-01-09,1404.300048828125,-0.02139369419642856,0.045721962393181714,0.00869135043860969,1368.8980053710939,1396.5348565673828,64.47522092681906,10.600000381469728,9.479999542236328,57.41999816894531,0
2026-01-12,1413.0999755859375,0.006266414905529594,0.056128531828054884,0.0174970664627474,1369.9120043945313,1396.9362768554688,63.289629038488535,10.93000030517578,9.479999542236328,57.41999816894531,0
2026-01-13,1437.0,0.01691318719622248,0.0602036108278905,0.03373859811363111,1371.7460034179687,1397.3825231933595,69.87111154816927,11.369999885559082,9.449999809265137,57.31999969482422,0
2026-01-14,1418.4000244140625,-0.012943615578244638,0.0341961534189299,0.03306629600441546,1373.1860034179688,1397.8074670410156,64.53372586371114,11.199999809265137,10.020000457763672,58.31999969482422,0
2026-01-15,1418.4000244140625,0.0,0.005102092893504162,0.01933167403094682,1374.8160034179687,1398.2711120605468,67.68991084165026,11.31999969482422,10.020000457763672,57.130001068115234,0
2026-01-16,1410.800048828125,-0.005358132723578435,-0.011837152708367271,0.017379460953960146,1376.62400390625,1398.6930358886718,67.51427532532031,11.31999969482422,9.949999809265137,55.9900016784668,0
2026-01-19,1380.5999755859375,-0.021406345475585287,-0.037909424678789216,-0.008545798502019752,1377.3760034179688,1398.9059075927735,58.577212916260635,11.369999885559082,10.600000381469728,57.7599983215332,0
2026-01-20,1375.800048828125,-0.0034766962499584997,-0.020294808095878802,-0.009930862838417709,1377.9320043945313,1399.243134765625,57.262702460324434,11.829999923706056,10.93000030517578,59.119998931884766,0
2026-01-21,1349.0,-0.019479610319066865,-0.045361245979329,-0.019051739457632166,1377.7460034179687,1399.3828515625,52.21417156291341,12.729999542236328,11.369999885559082,59.5,0
2026-01-22,1345.5,-0.0025945144551520194,-0.06367432150313157,-0.013273669631858054,1377.4780029296876,1399.5135028076172,47.889119495185646,13.779999732971191,11.199999809265137,61.150001525878906,0
2026-01-23,1343.4000244140625,-0.001560739937523259,-0.05287647963132425,-0.012205864401424682,1376.6280029296875,1399.6051245117187,43.628119922384265,13.350000381469728,11.31999969482422,62.02000045776367,0
2026-01-27,1361.4000244140625,0.013398838523805301,-0.04018612451980641,-0.0033674784670113533,1376.3960034179688,1400.0236682128907,37.47486290111134,14.1899995803833,11.31999969482422,59.18999862670898,0
2026-01-28,1367.699951171875,0.0046275353642100114,-0.0305501106921926,0.0018312335843946315,1376.1700024414063,1400.4124346923827,34.09330683943793,14.449999809265137,11.369999885559082,59.43999862670898,0
2026-01-29,1383.5999755859375,0.01162537470330327,0.0021729683130893296,0.012884315948709757,1376.3740014648438,1400.8762353515624,36.967528154502034,13.529999732971191,11.829999923706056,59.43999862670898,0
2026-01-30,1355.0,-0.020670696798636312,-0.015118511476898133,0.001922490046585068,1375.812001953125,1401.1432019042968,37.36543161366939,13.369999885559082,12.729999542236328,60.34000015258789,0
2026-02-02,1352.800048828125,-0.0016235802006457911,0.002816937604243952,-0.0029481131014513773,1375.2080029296876,1401.2078948974608,34.00531410945926,13.630000114440918,13.779999732971191,60.619998931884766,0
2026-02-03,1389.699951171875,0.02727668614124812,0.03285020525594584,0.026290507516280703,1375.612001953125,1401.4263244628905,38.26300095838942,13.869999885559082,13.350000381469728,59.36000061035156,0
2026-02-04,1408.4000244140625,0.013456194789687181,0.04838469466929651,0.02915602807019546,1376.412001953125,1401.4886804199218,47.5198394677343,12.899999618530272,14.1899995803833,61.06999969482422,0
2026-02-05,1396.5,-0.008449321363093065,0.02578226454861743,0.02457813646368301,1377.1860009765626,1401.4761541748046,44.871185729371966,12.25,14.449999809265137,62.38999938964844,0
2026-02-06,1406.0999755859375,0.006874311196518157,0.028076351381866038,0.03404906978618927,1377.8080004882813,1401.4783843994142,48.90949514975571,12.170000076293944,13.529999732971191,63.209999084472656,0
2026-02-09,1396.300048828125,-0.00696958034845907,0.009179006552677338,0.03398994637457786,1377.8900024414063,1401.3924176025391,54.02360196138668,11.9399995803833,13.369999885559082,65.41999816894531,0
2026-02-10,1406.5,0.007304985185981661,0.03800738007380078,0.047048275794383976,1378.2440014648437,1401.4651202392579,57.65585749476101,12.1899995803833,13.630000114440918,65.20999908447266,0
2026-02-11,1406.0999755859375,-0.00028441124355671477,0.03939970789030056,0.04737428349045625,1378.5640014648438,1401.5254028320312,66.39863976581535,11.670000076293944,13.869999885559082,62.13999938964844,0
2026-02-12,1430.0,0.016997386266295322,0.02899910070094025,0.06485961278014063,1379.7040014648437,1401.5861041259766,71.7223923049791,11.550000190734863,12.899999618530272,63.209999084472656,0
2026-02-13,1414.5999755859375,-0.010769247842001728,0.004402123732179186,0.0572496080612388,1380.1660009765626,1401.56484375,67.13186190885722,11.729999542236328,12.25,65.13999938964844,0
2026-02-16,1411.5999755859375,-0.002120740882069816,0.010812728668770033,0.04146373775975842,1380.6640014648438,1401.542476196289,63.018672724602006,13.289999961853027,12.170000076293944,63.290000915527344,0
2026-02-17,1407.5,-0.002904488280566664,0.0009956791397276454,0.026248632883703937,1380.9640014648437,1401.4842279052734,60.44073436941605,13.329999923706056,11.9399995803833,63.54999923706055,0
2026-02-18,1408.199951171875,0.0004973010102131692,0.008522453575602995,-0.002125850413691399,1381.3360009765624,1401.4329522705077,57.012544584602004,12.670000076293944,12.1899995803833,64.36000061035156,0
2026-02-19,1388.800048828125,-0.013776383337895881,-0.01258439471871664,-0.027246552969214854,1381.6080029296875,1401.2737615966796,60.16850433489925,12.220000267028809,11.670000076293944,63.959999084472656,0
2026-02-20,1394.5,0.004104227370012481,-0.00824975164451136,-0.02822299651567939,1382.2260034179687,1401.124215698242,62.28639456760995,13.460000038146973,11.550000190734863,64.62999725341797,0
2026-02-23,1399.4000244140625,0.0035138217383021697,-0.021398584325830416,-0.003489300180649746,1383.01400390625,1400.9986737060547,53.52218056677219,14.359999656677246,11.729999542236328,62.84000015258789,0
2026-02-24,1384.800048828125,-0.010433025104491178,-0.021065974319325997,-0.02002683974718633,1383.3900048828125,1401.03134765625,41.167656053411356,14.170000076293944,13.289999961853027,62.88999938964844,0
2026-02-25,1400.5,0.011337341578779414,-0.007863400239384366,-0.02540013917884476,1384.096005859375,1400.8468035888673,51.45560769666784,14.149999618530272,13.329999923706056,62.88999938964844,0
2026-02-26,1404.9000244140625,0.0031417525269992197,-0.0018472295459591725,-0.009517766333638322,1384.8740063476562,1400.7730743408204,49.5461596705387,13.489999771118164,12.670000076293944,62.33000183105469,0
2026-02-27,1378.9000244140625,-0.018506654956350843,-0.02080665230348122,-0.027848279272497445,1385.4040063476561,1400.5911767578125,44.13744940120475,13.0600004196167,12.220000267028809,65.19000244140625,0
2026-03-02,1374.0,-0.003553574825806982,-0.01065671681147573,-0.026084524776344264,1385.7480053710938,1400.262720336914,38.644293057766355,13.699999809265137,13.460000038146973,66.43000030517578,0
2026-03-04,1365.4000244140625,-0.00625907975686868,-0.020867677006767615,-0.011009670752329281,1385.9740063476563,1399.8753869628906,36.54989963273974,17.1299991607666,14.359999656677246,66.38999938964844,1
2026-03-05,1357.5999755859375,-0.005712647347777988,-0.029869978632897976,-0.013228719723981652,1385.756005859375,1399.473861694336,23.224809197179013,21.13999938964844,14.170000076293944,66.30999755859375,1
2026-03-06,1313.4000244140625,-0.03255741895015751,-0.05155980783975578,-0.026389900360220486,1384.7640063476563,1398.9049237060547,19.146310419312144,17.860000610351562,14.149999618530272,65.62999725341797,1
2026-03-09,1278.4000244140625,-0.02664839298721222,-0.08718313144301137,-0.049869918681484604,1383.136005859375,1398.1287341308594,16.020378293878423,19.8799991607666,13.489999771118164,65.41999816894531,1
2026-03-10,1311.9000244140625,0.026204630288046316,-0.06619688119002431,-0.02344796741665911,1382.366005859375,1397.532944946289,28.793241175753806,23.36000061035156,13.0600004196167,65.20999908447266,1
2026-03-11,1294.5999755859375,-0.013187017688982672,-0.06113572219562957,-0.0490671717571588,1381.3920043945313,1396.8124499511719,26.52891882471451,18.90999984741211,13.699999809265137,67.0199966430664,0
2026-03-12,1266.5,-0.021705527665578206,-0.0782387190684134,-0.07399280162667599,1379.8720043945314,1395.8978692626954,25.608282279983683,21.059999465942383,17.1299991607666,71.2300033569336,1
2026-03-13,1254.800048828125,-0.009238019085570426,-0.08100188487502014,-0.09309043728716992,1378.1100048828125,1394.9952447509766,22.789252484442812,21.520000457763672,21.13999938964844,74.66000366210938,1
2026-03-16,1272.9000244140625,0.014424589481679906,-0.06238947605705325,-0.06059038788630078,1376.8080053710937,1394.1464031982423,26.56538611138751,22.649999618530277,17.860000610351562,81.01000213623047,0
2026-03-17,1288.699951171875,0.012412543369292095,-0.018806207387735308,-0.047383275682002846,1375.47400390625,1393.3631652832032,32.27588535920931,21.600000381469727,19.8799991607666,90.9000015258789,0
2026-03-18,1289.300048828125,0.00046566127026248516,0.008526301788095214,-0.07224574071481182,1373.8300048828125,1392.6360174560548,28.281259536743164,19.790000915527344,23.36000061035156,94.7699966430664,0
2026-03-19,1250.0999755859375,-0.030404150901737204,-0.04710728537087039,-0.11239707901452411,1370.6080053710937,1391.6895495605468,23.383764986982797,18.71999931335449,18.90999984741211,83.44999694824219,1
2026-03-20,1245.4000244140625,-0.003759660238111806,-0.038003979684618105,-0.1081990516190029,1366.9620068359375,1390.782099609375,25.231910946196663,22.799999237060547,21.059999465942383,87.25,1
2026-03-23,1222.699951171875,-0.01822713409120691,-0.0345835363822542,-0.13043171011907428,1362.716005859375,1389.795385131836,23.668635030647167,22.809999465942383,21.520000457763672,95.7300033569336,1
2026-03-24,1251.199951171875,0.02330907102162283,-0.0028690608193808753,-0.10391756254540585,1359.65400390625,1388.8330816650391,31.412752927282753,26.729999542236328,22.649999618530277,98.70999908447266,1
2026-03-25,1259.699951171875,0.00679347852598533,-0.010370078552134343,-0.10437259070609672,1356.5860034179686,1387.8889660644531,34.101978458694916,24.739999771118164,21.600000381469727,93.5,0
2026-03-27,1233.800048828125,-0.02056037417454515,-0.042600996681831926,-0.12253746515144714,1352.5220043945312,1386.9388970947266,36.25690913390347,24.63999938964844,19.790000915527344,96.20999908447266,1
2026-03-30,1205.9000244140625,-0.022613084219409996,-0.06468628035023094,-0.15671326964051568,1348.2720043945312,1385.9083728027344,37.16814159292036,26.799999237060547,18.71999931335449,96.31999969482422,1
2026-04-01,1212.699951171875,0.005638881018446451,-0.02991762670544218,-0.1427258786219292,1344.1580029296874,1384.8716583251953,30.609831578234065,27.88999938964844,22.799999237060547,96.13999938964844,1
2026-04-02,1215.800048828125,0.00255636000748094,-0.023767444199195187,-0.13870779976213754,1340.2580029296876,1383.8792224121094,33.69206648992743,25.01000022888184,22.809999465942383,98.31999969482422,1
2026-04-06,1231.4000244140625,0.012831037143791857,0.007115460529665496,-0.12511543558503557,1337.27400390625,1383.0099377441406,42.33959421074422,25.520000457763672,26.729999542236328,88.12999725341797,1
2026-04-07,1245.5,0.011450361626106575,-0.004555587751211454,-0.11553753501871622,1334.6680029296874,1382.1575665283203,47.99135014511339,25.46999931335449,24.739999771118164,92.3499984741211,0
2026-04-08,1309.199951171875,0.05114407962414691,0.03929507177796676,-0.057315736504629955,1333.872001953125,1381.6420538330078,56.54996931722117,24.700000762939453,24.63999938964844,90.31999969482422,0
2026-04-09,1281.300048828125,-0.02131065030882151,0.038498944821015346,-0.08117601374820727,1332.5880029296875,1381.0396356201172,48.72062524323316,19.700000762939453,26.799999237060547,99.63999938964844,0
2026-04-10,1321.9000244140625,0.03168654806738691,0.0961937122908374,-0.05538087655275681,1332.1580029296874,1380.646666870117,54.95139618919425,20.43000030517578,27.88999938964844,102.87999725341795,0
2026-04-13,1351.0999755859375,0.022089379402816745,0.11412552979846469,-0.024335696168342746,1331.952001953125,1380.321303100586,65.82081652570439,18.850000381469727,25.01000022888184,100.12000274658205,0
2026-04-15,1348.0999755859375,-0.0022204130369397612,0.10881717506536748,-0.03741522628637095,1331.5600024414061,1380.0156713867189,66.17323309334483,20.5,25.520000457763672,111.54000091552734,0
2026-04-16,1345.5,-0.0019286222335308523,0.0926587407209365,-0.042280606008841315,1330.7980029296875,1379.677192993164,70.64562709487919,18.670000076293945,25.46999931335449,112.41000366210938,0
2026-04-17,1346.800048828125,0.0009662198648272557,0.08133283727669616,-0.02327940751148927,1330.63400390625,1379.3367797851563,67.6906368083503,18.09000015258789,24.700000762939453,112.9499969482422,0
2026-04-20,1356.199951171875,0.006979434216630054,0.03589978746785771,-0.01295491181086239,1330.702001953125,1378.9773754882813,67.79788621283402,17.209999084472656,19.700000762939453,94.41000366210938,0
2026-04-21,1388.4000244140625,0.023742865655144607,0.08358695973194652,0.016844880319868194,1330.6760034179688,1378.6643560791015,77.86591529264115,18.790000915527344,20.43000030517578,97.87000274658205,0
2026-04-22,1367.5999755859375,-0.014981308313433028,0.03457141260900709,0.007365940026394124,1329.8600024414063,1378.3287078857422,79.91122234787039,17.530000686645508,18.850000381469727,96.56999969482422,0
2026-04-23,1348.0,-0.014331658332722652,-0.0022944087350701414,0.026343821336057394,1328.8900024414063,1377.9635321044923,73.8961707588198,18.299999237060547,20.5,99.08000183105467,0
2026-04-24,1326.199951171875,-0.01617214304757042,-0.0162451040803141,0.03739043010400511,1327.292001953125,1377.5101947021485,68.29025410703365,18.59000015258789,18.670000076293945,91.29000091552734,0
2026-04-27,1314.0999755859375,-0.009123794323205647,-0.023337067568979908,0.0016769198345412129,1325.6480004882812,1377.0057849121094,63.861884901083286,19.709999084472656,18.09000015258789,94.69000244140624,0
2026-04-28,1292.0,-0.016817575524330608,-0.040689075468780644,-0.002008323524616773,1323.3580004882813,1376.3070220947266,57.590602293632095,18.3799991607666,17.209999084472656,83.8499984741211,0
2026-04-29,1281.0,-0.008513931888544879,-0.05544901480559383,0.011448874851954116,1320.8560009765624,1375.5884881591796,44.4400695069531,18.049999237060547,18.790000915527344,89.61000061035156,0
2026-04-30,1263.4000244140625,-0.013739247139685773,-0.09003168957214114,0.006853662138417205,1317.5240014648436,1374.7506951904297,46.3214077676479,17.440000534057617,17.530000686645508,92.12999725341795,0
2026-05-01,1263.4000244140625,0.0,-0.076191834624179,-0.007463272698398304,1314.5000024414062,1373.9630151367187,35.56980412136454,18.459999084472656,18.299999237060547,92.95999908447266,0
2026-05-04,1270.800048828125,0.0058572299121921745,-0.057269993450945855,-0.013889891380435615,1311.68400390625,1373.2510369873046,27.80544059684209,18.459999084472656,18.59000015258789,95.8499984741211,0
2026-05-05,1251.300048828125,-0.015344664188502333,-0.0564770812105414,-0.029473356519717053,1308.5600048828126,1372.4524743652344,25.48127791646904,18.299999237060547,19.709999084472656,94.4000015258789,0
2026-05-06,1279.5,0.022536522074209975,-0.026329789383421787,0.023518138539505573,1305.986005859375,1371.7894537353516,35.201793721973104,17.90999984741211,18.3799991607666,96.37000274658205,0
2026-05-07,1279.0,-0.0003907776475186031,-0.010061919504643968,0.026979263631977002,1303.7900048828126,1371.0852313232422,34.74346000740553,16.68000030517578,18.049999237060547,99.93000030517578,0
2026-05-08,1264.800048828125,-0.011102385591770902,-0.01264633190622555,0.03443207601006271,1301.196005859375,1370.3318408203124,29.867862919878846,16.6200008392334,17.440000534057617,106.87999725341795,0
2026-05-11,1266.4000244140625,0.0012650027863454483,0.0023745448330123597,0.012148396607553513,1298.536005859375,1369.6246557617187,18.940921419994183,16.84000015258789,18.459999084472656,105.06999969482422,0
2026-05-12,1240.300048828125,-0.02060958234584165,-0.018283975890099224,-0.015400415254206101,1295.646005859375,1368.751742553711,18.443223942021092,18.549999237060547,18.459999084472656,101.94000244140624,0
2026-05-13,1235.5999755859375,-0.003789464691731914,-0.027699143759592593,0.001458848019597836,1292.3480053710937,1367.6568603515625,19.91432856400688,19.280000686645508,18.299999237060547,106.41999816894533,0
2026-05-14,1246.0,0.008416983343764395,-0.004235633837854191,0.03325315098606274,1289.1700048828125,1366.5752770996094,27.13797154382145,19.43000030517578,17.90999984741211,102.2699966430664,0
2026-05-15,1244.5,-0.0012038523274477964,-0.02735443532629933,0.026222520086188972,1286.4820043945313,1365.4117681884766,28.88349316798528,18.61000061035156,16.68000030517578,95.08000183105467,0
2026-05-18,1251.0999755859375,0.0053033150549919306,-0.02181393621115124,0.029034319246686202,1284.02400390625,1364.3070599365235,36.30273125304052,18.790000915527344,16.6200008392334,94.80999755859376,0
2026-05-19,1240.800048828125,-0.00823269679386629,-0.01897533133576068,0.007633607461178471,1281.5320043945312,1363.1821112060547,36.47375814282076,19.6299991607666,16.84000015258789,95.41999816894533,0
2026-05-20,1237.300048828125,-0.0028207606884812497,-0.022978502072756535,-0.006583662121136036,1279.126005859375,1361.9835943603516,40.297398039431016,18.68000030517578,18.549999237060547,98.06999969482422,0
2026-05-21,1245.300048828125,0.006465691169718291,0.004031282595468921,-0.048808359858669936,1277.7640063476563,1360.8359936523439,43.64912593298205,18.440000534057617,19.280000686645508,102.18000030517578,0
