,Close,return_1d,return_7d,return_30d,MA_50,MA_200,RSI,VIX_lag1,VIX_lag7,CRUDE_lag7,target
2008-10-21,304.5838317871094,0.05901183188534409,-0.03453691962173544,-0.3428260263360715,432.8911120605469,510.560099029541,29.40753279824763,57.130001068115234,39.33000183105469,77.69999694824219,0
2008-10-22,289.01092529296875,-0.05112847390082542,-0.17285252862583333,-0.40409132344467735,428.9515368652344,508.35287551879884,23.07590240793847,56.0,46.4900016784668,81.19000244140625,0
2008-10-23,294.9814147949219,0.020658352260908064,-0.17172422167089252,-0.3921026781893121,424.85742248535155,506.1824624633789,24.980434347376786,54.75,46.4900016784668,78.62999725341797,0
2008-10-24,272.28643798828125,-0.07693697185098491,-0.14197185791264566,-0.43414149858720597,420.1113928222656,503.97212677001954,24.755990063574032,54.970001220703125,46.06999969482422,74.54000091552734,1
2008-10-27,256.3592529296875,-0.05849422827030126,-0.12143297004138287,-0.45697440862016714,415.2118902587891,501.5112680053711,25.758284711043714,45.5,47.810001373291016,69.8499984741211,1
2008-10-29,269.22149658203125,0.050172730281249134,-0.04989370626267686,-0.42420854578595657,410.7731103515625,499.0846832275391,32.364841954379884,67.5,46.720001220703125,71.8499984741211,1
2008-10-31,285.96368408203125,0.062187409670307225,-0.00572882297946542,-0.36492753648726395,407.11595275878904,496.6937585449219,38.76401105213665,68.3499984741211,57.130001068115234,74.25,1
2008-11-03,317.97760009765625,0.1119509846797242,0.04397399636074084,-0.2893006963147824,403.9796258544922,494.45827911376955,50.48705380672145,68.3499984741211,56.0,70.88999938964844,0
2008-11-04,327.0839233398437,0.028638253887666165,0.13173549757082914,-0.26255232817279617,401.0957189941406,492.38416442871096,45.181291731999764,67.83999633789062,54.75,66.75,0
2008-11-05,306.762939453125,-0.062127736757043195,0.03993988796342962,-0.3218713583164938,397.61033142089843,490.2387020874023,39.93208151959976,62.150001525878906,54.970001220703125,67.83999633789062,0
2008-11-06,304.4775085449219,-0.00745015324301368,0.11822502359822296,-0.35003684622382236,394.38768127441404,488.0885954284668,46.91850769996543,66.75,45.5,64.1500015258789,0
2008-11-07,308.3928527832031,0.012859223188577795,0.2029714131979743,-0.3228430038932407,391.32536560058594,486.05262603759763,54.43695057192642,62.150001525878906,67.5,63.220001220703125,0
2008-11-10,326.9776611328125,0.06026342109385485,0.21453028559769205,-0.2709458233282688,388.6242932128906,484.18401428222654,61.05821744894081,67.22000122070312,68.3499984741211,67.5,0
2008-11-11,306.1605834960937,-0.06366513713688615,0.07062749761004183,-0.32245993642289694,385.4689666748047,482.11904571533205,54.338262279791536,63.7599983215332,68.3499984741211,67.80999755859375,0
2008-11-12,292.1468200683594,-0.045772591846112376,-0.08123459017667856,-0.35724016583665086,382.1793493652344,480.1099284362793,47.050431358925366,66.98999786376953,67.83999633789062,63.90999984741211,0
2008-11-14,280.6132202148437,-0.03947877937133437,-0.14207577874965271,-0.35840725439287535,378.930478515625,478.2568403625488,47.96949250594741,70.62000274658203,62.150001525878906,70.52999877929688,0
2008-11-17,279.9931335449219,-0.0022097557251474775,-0.08726544984842832,-0.32670155853936134,375.3398516845703,476.4286193847656,46.27967745327099,70.08000183105469,66.75,65.30000305175781,0
2008-11-18,270.5148010253906,-0.03385201772460811,-0.11154422433971167,-0.37585847167854947,371.65763305664063,474.4768119812012,49.529373901017166,85.12999725341797,62.150001525878906,60.77000045776367,1
2008-11-19,259.4242248535156,-0.04099803829526516,-0.15878652014063344,-0.3979523840044873,367.32238037109374,472.66514739990237,50.83566741313953,64.66000366210938,67.22000122070312,61.040000915527344,1
2008-11-20,252.2667236328125,-0.027589949337786912,-0.2284894241434241,-0.38572043127733413,362.9040380859375,470.4975891113281,45.22884413769602,60.84000015258789,63.7599983215332,62.40999984741211,1
2008-11-21,268.3002014160156,0.0635576407078593,-0.12366184323189056,-0.30144395798427026,359.00053833007814,468.4544630432129,45.00950423633896,65.55000305175781,66.98999786376953,59.33000183105469,1
2008-11-24,268.8316955566406,0.0019809681014770764,-0.07980618959420216,-0.24735896562445292,354.67733276367187,466.4740689086914,33.11007289752834,64.45999908447266,70.62000274658203,56.15999984741211,0
2008-11-25,261.07183837890625,-0.028865112655957037,-0.06963813686673825,-0.2376616174726477,350.19379455566406,464.51367248535155,27.101770473588573,62.810001373291016,70.08000183105469,57.040000915527344,0
2008-11-26,266.15655517578125,0.01947631283576179,-0.049417563187922564,-0.1563428494704736,345.8930908203125,462.6320791625977,34.24962251366834,59.560001373291016,85.12999725341797,54.95000076293945,0
2008-11-27,266.15655517578125,0.0,-0.016110933054640175,-0.23826159381296474,341.77433715820314,460.6843780517578,34.8678088407018,56.209999084472656,64.66000366210938,54.38999938964844,0
2008-11-28,257.6879272460937,-0.03181822038572191,-0.006692889256592505,-0.2764402847068892,337.5767413330078,458.6149676513672,30.672634597761387,56.209999084472656,60.84000015258789,53.619998931884766,0
2008-12-01,249.0777130126953,-0.033413339636883976,-0.012641424022135195,-0.21510711693673057,333.55259307861326,456.4634839630127,17.86287887362316,57.43999862670898,65.55000305175781,49.619998931884766,1
2008-12-02,240.8749237060547,-0.03293265064715978,-0.10221862512669677,-0.17449920807040264,329.4217895507812,454.3355096435547,19.938003681444215,55.2599983215332,64.45999908447266,49.93000030517578,1
2008-12-03,244.82574462890625,0.016401960245861158,-0.08929732365831289,-0.13598845636765666,325.4476025390625,452.35836151123044,25.984536478447964,54.29999923706055,62.810001373291016,54.5,1
2008-12-04,265.1112365722656,0.08285685794239916,0.015472362773562676,-0.07823099260232613,321.7024896240234,450.5760127258301,42.774583986932036,54.65999984741211,59.560001373291016,50.77000045776367,0
2008-12-05,258.3434753417969,-0.025528005972028867,-0.02935520347723275,-0.1518148753136459,317.5002893066406,448.94551055908204,40.45611837267439,51.84000015258789,56.209999084472656,54.43999862670898,0
2008-12-08,261.90447998046875,0.013783992934060185,-0.01597584246048067,-0.09379038278578,313.6299194335937,447.3769891357422,45.9953609473637,52.04999923706055,56.209999084472656,54.43999862670898,0
2008-12-10,276.3081359863281,0.05499583667653751,0.0722587547628959,-0.06330323834664586,310.1861682128906,445.87154525756836,57.61789624276939,50.27999877929688,57.43999862670898,54.43000030517578,0
2008-12-11,277.0876159667969,0.002821053305890775,0.11245447300487266,0.017632820841125607,306.6905041503906,444.1727731323242,61.88291689434206,50.36000061035156,55.2599983215332,49.27999877929688,0
2008-12-12,279.2667236328125,0.007864327167464324,0.1593847933029684,0.08935691004454571,303.18545043945306,442.45248138427735,56.05316529045343,51.75,54.29999923706055,46.959999084472656,0
2008-12-15,291.3495483398437,0.043266252956503326,0.19002823327038465,0.08219273735100896,300.2650476074218,440.8184555053711,61.02342712629719,49.43000030517578,54.65999984741211,46.790000915527344,0
2008-12-16,287.203857421875,-0.014229268387720206,0.08333340048220572,0.004336821103088084,297.69206604003904,439.1237551879883,63.26199713478145,48.09999847412109,51.84000015258789,43.66999816894531,0
2008-12-17,278.15069580078125,-0.03152172711871182,0.07667010143290343,-0.12525066006109709,294.5866998291015,437.46443237304686,55.85133513954359,44.90999984741211,52.04999923706055,40.810001373291016,0
2008-12-18,287.3278503417969,0.03299346246319845,0.09707115496162588,-0.12154701029661996,291.7151934814453,435.86059646606446,59.47958941059761,44.90999984741211,50.27999877929688,43.709999084472656,0
2008-12-19,290.30426025390625,0.010358932865605297,0.0506540432391418,-0.05365276271168906,289.30786132812494,434.2920344543457,65.35962262166085,45.4900016784668,50.36000061035156,43.52000045776367,0
2008-12-22,288.7806091308594,-0.005248462842792123,0.042199623838344635,-0.05155355969994946,287.40190795898434,432.66692291259767,70.03395649792415,44.90999984741211,51.75,47.97999954223633,0
2008-12-23,274.465576171875,-0.049570616954054514,-0.01719197832982844,-0.11001317412235434,285.7475299072265,430.933459777832,65.96494958494992,41.459999084472656,49.43000030517578,46.27999877929688,0
2008-12-24,271.2235412597656,-0.011812173159664874,-0.06907855939629659,-0.1705135441971387,284.3227630615234,429.0819145202637,62.631435840267955,45.70000076293945,48.09999847412109,44.5099983215332,0
2008-12-26,263.8356628417969,-0.02723907513209911,-0.08136448719681533,-0.13824418601173993,283.28988586425777,427.19338592529294,49.303686970660166,41.790000915527344,44.90999984741211,43.59999847412109,0
2008-12-29,262.9852905273437,-0.003223113605241079,-0.05452226258063875,-0.09981806248718428,281.5614562988281,425.40657409667966,52.708889363019246,45.15999984741211,44.90999984741211,40.060001373291016,0
2008-12-30,273.50897216796875,0.04001623672382104,-0.048094461283128664,-0.02531686868293581,279.908853149414,423.8297021484375,56.26320976982717,43.88999938964844,45.4900016784668,36.220001220703125,0
2008-12-31,274.1643981933594,0.0023963602370897785,-0.05559636653775113,-0.020817422476638536,279.0453460693359,422.3626921081543,48.641344922692475,42.5099983215332,44.90999984741211,33.869998931884766,0
2009-01-02,292.4480285644531,0.06668856529723044,0.012699673446328497,0.08107958402247961,279.05845703125,421.0052014160156,57.96734485577322,43.09000015258789,41.459999084472656,39.90999984741211,0
2009-01-05,303.7688903808594,0.03871067919991544,0.1067649889566995,0.1709349446929369,279.4666479492187,419.8938764953613,61.60824090012819,40.66999816894531,45.70000076293945,38.97999954223633,0
2009-01-06,301.2530822753906,-0.008281980759499374,0.11071878523577006,0.19418478163564834,279.739482421875,418.9969711303711,55.15966027415035,38.59999847412109,41.790000915527344,35.349998474121094,0
2009-01-07,274.4833374023437,-0.0888613144498066,0.0403572225447455,0.023045588313743925,279.13747253417966,417.79995391845705,44.63698458821094,38.72999954223633,45.15999984741211,37.709999084472656,0
2009-01-09,255.42025756835935,-0.06945077254741061,-0.028765992743604696,-0.04988785998805556,278.46565917968746,416.4850276184082,41.16267662936114,44.36000061035156,43.88999938964844,40.02000045776367,0
2009-01-12,243.88673400878903,-0.045155085463350675,-0.10830444765441904,-0.06582519385019092,277.4437655639648,415.2305136871338,33.41450078058469,47.81999969482422,42.5099983215332,39.02999877929688,0
2009-01-13,247.97927856445312,0.016780513184930346,-0.09550882536702932,-0.06829543085768852,276.95762237548826,413.90943321228025,33.97718944118037,47.81999969482422,43.09000015258789,44.59999847412109,0
2009-01-14,251.2922821044922,0.01336000152600647,-0.1407284113419508,-0.055847856392160056,276.85628295898437,412.7805616760254,35.997881246535584,53.470001220703125,40.66999816894531,46.34000015258789,0
2009-01-15,250.4773101806641,-0.0032431235730877583,-0.1754346211469494,-0.02798197471837094,276.481399230957,411.5970978546143,40.03532807840635,53.470001220703125,38.59999847412109,48.810001373291016,0
2009-01-16,254.10919189453125,0.014499843164426984,-0.1564926407550007,0.02020043793151216,275.844309387207,410.36511222839357,42.91368899145959,45.16999816894531,38.72999954223633,48.58000183105469,0
2009-01-19,257.8297119140625,0.01464142242078137,-0.06067262823997921,0.07038834905329594,274.6413516235351,409.0671215057373,47.435306327659646,44.29999923706055,44.36000061035156,42.630001068115234,0
2009-01-20,251.11505126953125,-0.02604300565161133,-0.016855383123540513,0.02568891049492361,273.1219741821289,407.63003074645997,45.172868264193916,44.459999084472656,47.81999969482422,40.83000183105469,0
2009-01-21,242.77056884765625,-0.03322971832906407,-0.004576571848686761,-0.08426903368360106,271.8421267700195,406.15218589782717,37.27442668110666,45.0,47.81999969482422,37.59000015258789,0
2009-01-22,235.5068359375,-0.02992015442660345,-0.050296309833449904,-0.08839642407877057,270.4627133178711,404.7224098968506,34.826181557176355,45.40999984741211,53.470001220703125,37.77999877929688,0
2009-01-23,227.14456176757807,-0.03550756451138071,-0.0960941583031708,-0.13271983058664316,268.83774749755855,403.08275337219237,22.202085495711174,45.54999923706055,53.470001220703125,37.27999877929688,0
2009-01-27,225.97531127929688,-0.005147605028191782,-0.09782123132707876,-0.18216193499825772,266.81770050048823,401.53837394714355,13.752699202034393,34.0099983215332,45.16999816894531,35.400001525878906,0
2009-01-28,238.0048675537109,0.053233940496915544,-0.0633756072370042,-0.1410483405283952,265.45458618164065,400.17614196777345,22.929948784809852,42.86000061035156,44.29999923706055,36.5099983215332,0
2009-01-29,234.23117065429688,-0.015855545049146658,-0.09152762528638003,-0.1612635848363001,264.29627319335935,398.8196615600586,28.549836413967796,40.7599983215332,44.459999084472656,36.5099983215332,0
2009-01-30,244.5777282714844,0.044172419871726154,-0.026033178676454938,-0.16053506976370002,263.5755633544922,397.53601013183595,43.63033390153704,43.11000061035156,45.0,38.7400016784668,0
2009-02-02,234.05404663085935,-0.04302796380929519,-0.03590436129952268,-0.1850595297295874,262.65678161621094,396.340281829834,44.15422585437958,42.09999847412109,45.40999984741211,43.54999923706055,0
2009-02-03,233.0087890625,-0.004465881207377231,-0.010607109832102446,-0.16229298513282542,261.90666137695314,395.1102593994141,40.765059891670134,43.68999862670898,45.54999923706055,43.66999816894531,0
2009-02-04,232.1938018798828,-0.0034976671304813856,0.02222919216296848,-0.19188550081841427,261.36205291748047,393.9949457550049,37.843959089501716,49.2400016784668,34.0099983215332,46.470001220703125,0
2009-02-05,225.5677490234375,-0.0285367344123727,-0.0018035698393424893,-0.22299538826556942,260.828073425293,392.8001683807373,35.23730753697424,44.38999938964844,42.86000061035156,41.58000183105469,0
2009-02-06,226.3827667236328,0.0036131836387240934,-0.04883135773454428,-0.21607351890774396,259.98972473144534,391.56432250976565,33.000295821285775,43.91999816894531,40.7599983215332,42.15999984741211,0
2009-02-09,238.9615478515625,0.05556421679078527,0.02019533601805379,-0.12935694455933988,259.39232177734374,390.3129296875,39.564990789839214,50.650001525878906,43.11000061035156,41.43999862670898,0
2009-02-10,247.5186767578125,0.03580964796715125,0.012024596463107162,-0.08739973083401964,259.1212585449219,389.07829360961915,48.05075519466149,44.58000183105469,42.09999847412109,41.68000030517578,0
2009-02-11,244.294189453125,-0.013027248476455533,0.04375118896541008,-0.07406683834243244,258.68401123046874,387.8304409790039,50.8743329021737,44.29999923706055,43.68999862670898,40.08000183105469,0
2009-02-12,241.8138885498047,-0.010152926309351384,0.03778870111608912,-0.08050412985108657,258.19715789794924,386.59639305114746,53.82955679355606,46.650001525878906,49.2400016784668,40.77999877929688,0
2009-02-13,248.81204223632807,0.028940247098677485,0.07157055968721382,-0.09029659881312291,258.0196401977539,385.33008140563965,63.37781047071807,45.650001525878906,44.38999938964844,40.31999969482422,0
2009-02-16,236.26858520507807,-0.05041338400870443,0.0474395662853766,-0.13822295395755435,257.7634576416016,383.93732246398923,55.57253966649019,43.310001373291016,43.91999816894531,41.16999816894531,1
2009-02-17,233.2921905517578,-0.012597504872417953,0.030520979702310935,-0.2022781220412907,257.61180297851564,382.54540451049803,47.1713966056393,42.560001373291016,50.650001525878906,40.16999816894531,1
2009-02-18,231.00672912597656,-0.009796562072549087,-0.033289116165782784,-0.2395313133074788,257.33542266845706,381.1134752655029,48.029448653689236,44.0,44.58000183105469,39.560001373291016,1
2009-02-19,226.89651489257807,-0.017792616903194336,-0.08331557899128728,-0.24682425428211707,256.5711282348633,379.6213565826416,38.30288481921672,43.040000915527344,44.29999923706055,37.54999923706055,1
2009-02-20,220.19964599609372,-0.02951508047470408,-0.09862921222551024,-0.1977668004184886,255.80825164794922,378.1251294708252,40.34571033877341,43.040000915527344,46.650001525878906,35.939998626708984,1
2009-02-24,221.28030395507807,0.004907628048609558,-0.0849148273404382,-0.13366188703393755,254.9957681274414,376.581234664917,41.83116188591139,45.209999084472656,45.650001525878906,33.97999954223633,1
2009-02-25,216.8157958984375,-0.020175804067708136,-0.12859605206527625,-0.11099799347584016,253.80592132568358,375.01986198425294,39.807450477571095,45.20000076293945,43.310001373291016,37.5099983215332,1
2009-02-26,216.1071319580078,-0.0032685069715199244,-0.08533277172490106,-0.12852745919317332,252.5863116455078,373.33884765625,43.195768106233665,41.93999862670898,42.560001373291016,37.5099983215332,1
2009-02-27,217.4712677001953,0.006312312462008807,-0.06781591280078658,-0.13458835313626327,251.35040252685548,371.6657556915283,43.64093120815598,39.869998931884766,44.0,34.93000030517578,1
2009-03-02,207.0007781982422,-0.048146541898066664,-0.10391883828909176,-0.17357473198296158,249.66342712402343,370.0026321411133,26.48592117402164,40.61000061035156,43.040000915527344,34.619998931884766,1
2009-03-03,202.6779327392578,-0.020883232887387693,-0.10673844930930876,-0.20239826340725264,247.97290863037108,368.37995094299316,14.817896512992348,43.36000061035156,43.040000915527344,39.47999954223633,1
2009-03-04,205.6720428466797,0.014772748404108471,-0.06597468894056147,-0.20229502907239616,246.52333557128907,366.8619566345215,19.587070454817905,44.43999862670898,45.209999084472656,38.93999862670898,1
2009-03-05,201.5263671875,-0.020156729139264362,-0.08927110282525774,-0.19747396196019273,244.80730590820312,365.37132904052737,19.086472027543735,42.77000045776367,45.20000076293945,39.959999084472656,1
2009-03-06,205.81375122070312,0.02127455624312491,-0.05074374139644344,-0.1522293983260562,243.11749572753905,363.8965002441406,15.574304018295607,41.560001373291016,41.93999862670898,42.5,1
2009-03-09,199.1523284912109,-0.03236626653944463,-0.07845554801074972,-0.15436710064729087,241.32493011474608,362.41258811950684,17.19372210735858,37.970001220703125,39.869998931884766,45.220001220703125,1
2009-03-12,204.13070678710935,0.024997841268615373,-0.061344015943647245,-0.10131809804901815,239.9182327270508,360.94202919006347,25.105790104824848,41.02999877929688,40.61000061035156,44.7599983215332,1
2009-03-13,217.98504638671875,0.06786994381035627,0.05306389803982792,-0.03535901708617395,238.85346282958983,359.4165842437744,40.71732284749302,38.47999954223633,43.36000061035156,40.150001525878906,1
2009-03-16,222.13072204589844,0.019018165364540707,0.09597882237957478,-0.06669672629376011,238.01936401367186,357.88574981689453,46.604358905057424,35.56999969482422,44.43999862670898,41.650001525878906,1
2009-03-17,218.83546447753903,-0.014834767284817585,0.06400199778572802,-0.06572868219781236,237.1363674926758,356.36107765197755,48.978501491406334,36.63999938964844,42.77000045776367,45.380001068115234,1
2009-03-18,225.26661682128903,0.029388071805930283,0.11780220109709583,-0.07895694995073221,236.17152038574218,354.85125198364256,52.763511956808976,38.470001220703125,41.560001373291016,43.61000061035156,1
2009-03-19,215.92999267578125,-0.04144699413191266,0.04915240791772968,-0.07743533690602078,235.00683227539062,353.36023513793947,49.42477437663743,38.18999862670898,37.970001220703125,45.52000045776367,1
2009-03-20,207.3196563720703,-0.039875592070432564,0.04101045638148215,-0.11024962961177864,233.30426483154298,351.89174720764163,44.82467580084632,35.97999954223633,41.02999877929688,47.06999969482422,1
2009-03-23,214.2823181152344,0.033584185238414666,0.04973093704472542,-0.07714023208041654,231.51453338623048,350.5426792144775,48.23807840096286,35.97999954223633,38.47999954223633,47.02999877929688,1
2009-03-24,215.3807373046875,0.005126037458967669,-0.011947191448219985,-0.04516164993822558,229.7970864868164,349.20245094299315,55.16488948401043,37.630001068115234,35.56999969482422,46.25,1
2009-03-25,220.96145629882807,0.02591094758045065,-0.0052638632616912595,-0.023947540279967816,228.7266488647461,347.9216606903076,61.096774086001496,36.84999847412109,36.63999938964844,47.34999847412109,1
2009-03-26,234.62098693847656,0.06181861247861864,0.07213420593698028,-0.018164265138515878,228.31066345214845,346.55589828491213,65.55599030889971,28.18000030517578,38.470001220703125,49.15999984741211,1
2009-03-27,241.0874938964844,0.027561502670276905,0.07023178710828049,-0.025982616526431856,228.25467864990233,345.13402954101565,70.74121160999312,36.93000030517578,38.18999862670898,48.13999938964844,1
2009-03-30,230.9004364013672,-0.04225460777941148,0.06933008027311915,-0.05482632674048027,227.9131018066406,343.7165438079834,62.38627451423559,37.13999938964844,35.97999954223633,51.61000061035156,1
2009-03-31,237.89854431152344,0.0303079024848254,0.1474963275289929,-0.016191560632692226,227.64522705078124,342.3981314086914,69.06712500957384,40.25,35.97999954223633,51.060001373291016,1
2009-04-01,238.2706298828125,0.0015640514840722375,0.11194722914411415,-0.042366970098268286,227.40109344482423,341.16169372558596,67.59817533473905,39.47999954223633,37.630001068115234,53.79999923706055,1
2009-04-02,254.3218536376953,0.06736551526630552,0.18080129551195623,0.07640994005592083,227.4053466796875,340.0404824066162,68.31578003364781,36.52999877929688,36.84999847412109,53.97999954223633,1
2009-04-06,272.94195556640625,0.07321471459246665,0.23524690748453336,0.1699575323154754,227.70759155273439,339.0437747955322,72.35036941588943,37.400001525878906,28.18000030517578,52.77000045776367,1
2009-04-08,285.9281921386719,0.04757874818225272,0.2186812265590261,0.23774832542970903,228.4038543701172,338.1836998748779,77.19370638219394,41.720001220703125,36.93000030517578,54.34000015258789,1
2009-04-09,294.9636535644531,0.03160045659785493,0.2234713995206301,0.2999919972508207,229.44771606445312,337.3811797332764,77.66522309992664,43.54999923706055,37.13999938964844,52.380001068115234,1
2009-04-13,292.8200378417969,-0.007267389377477507,0.2681658051645981,0.32979340869145357,230.59398010253906,336.5079976654053,82.36874162207215,43.540000915527344,40.25,48.40999984741211,1
2009-04-15,311.19207763671875,0.06274174380391218,0.3080873552097858,0.40632524483468524,232.27493041992187,335.681752243042,90.40666632714391,46.560001373291016,39.47999954223633,49.65999984741211,1
2009-04-16,294.82196044921875,-0.052604543508367296,0.23734075237984475,0.35978081867855005,233.6518634033203,334.7659484100342,79.19346388918017,48.02000045776367,36.52999877929688,48.38999938964844,1
2009-04-17,308.0031433105469,0.044708958726290327,0.21107619697253965,0.42523358909966724,235.05182891845703,333.8985651397705,80.86919897656338,50.5099983215332,37.400001525878906,52.63999938964844,1
2009-04-20,313.3180847167969,0.01725612715871261,0.14792936126878153,0.4407332427414523,236.63356719970704,332.9613024139404,80.83524732759125,50.79999923706055,41.720001220703125,51.04999923706055,1
2009-04-21,302.3515014648437,-0.035001437155680604,0.057438579957189706,0.460629781668189,237.7890426635742,332.04976173400877,73.02736678892833,54.220001220703125,43.54999923706055,49.380001068115234,1
2009-04-22,292.80230712890625,-0.0315830888541091,-0.007327500895206396,0.44466791806877226,238.96400787353517,331.2067928314209,67.22128523949358,53.63999938964844,43.540000915527344,52.2400016784668,1
2009-04-23,305.9656982421875,0.04495658262517055,0.04489330886396803,0.4876387379021305,240.42314605712892,330.4779123687744,74.51122070585271,57.880001068115234,46.560001373291016,50.04999923706055,1
2009-04-24,314.133056640625,0.02669370601136012,0.009450687261195245,0.5587690138251529,242.06193115234376,329.9369289398193,74.70437700341809,57.880001068115234,48.02000045776367,49.25,1
2009-04-27,321.6094665527344,0.023800137406941424,0.09085994158203015,0.5626238025653516,243.98276550292968,329.51586418151857,75.81782617039964,47.77999877929688,50.5099983215332,49.97999954223633,1
2009-04-28,309.385009765625,-0.038010251744579615,0.004486533612044541,0.55350937701579,245.64281036376954,329.0251328277588,67.47248047974068,49.43000030517578,50.79999923706055,50.33000183105469,1
2009-04-29,311.5819091796875,0.00710085926828441,-0.005541255426346314,0.5263843156367476,247.09521759033203,328.50627555847166,63.68775477640215,48.79999923706055,54.220001220703125,45.880001068115234,1
2009-04-30,311.5819091796875,0.0,0.03052873119572408,0.4293728599480269,248.37648223876954,328.06832557678223,60.008343649789595,46.630001068115234,53.63999938964844,46.5099983215332,1
2009-05-04,337.62530517578125,0.08358442909814334,0.15308280350107228,0.51993970967248,250.24310455322265,327.8320304107666,64.69372915272643,46.630001068115234,57.880001068115234,48.84999847412109,1
2009-05-05,347.7592163085937,0.030015259453186838,0.13659543637249327,0.5891355504870062,252.36201110839843,327.68370948791505,67.93523796695706,49.540000915527344,57.880001068115234,49.619998931884766,1
2009-05-06,344.0387268066406,-0.01069846413114639,0.09520064677633844,0.5272512707889476,254.26654479980468,327.3813973236084,61.85728282981625,50.52999877929688,47.77999877929688,51.54999923706055,1
2009-05-07,349.9383239746094,0.01714806127417301,0.08808465038522084,0.6206100858811288,256.5399395751953,327.165090713501,71.5234714553039,51.209999084472656,49.43000030517578,50.13999938964844,1
2009-05-08,351.2848205566406,0.0038478111420827688,0.13542935006048573,0.6944115512433631,258.899792175293,326.8237837982178,68.62328454854111,54.7599983215332,48.79999923706055,49.91999816894531,1
2009-05-11,341.5052795410156,-0.027839349847592287,0.0960369311559468,0.5937165630127477,261.10976318359377,326.4508881378174,61.679674459540124,57.02000045776367,46.630001068115234,50.970001220703125,1
2009-05-12,348.0957946777344,0.01929842825732142,0.1171887212392344,0.6161881467853927,263.5337487792969,326.07984962463377,69.66791711114529,61.02999877929688,46.630001068115234,51.119998931884766,1
2009-05-13,345.9520568847656,-0.006158470816785999,0.02466270028145301,0.5656669840956352,266.0487969970703,325.5870162200928,74.40610002906406,50.310001373291016,49.540000915527344,54.470001220703125,1
2009-05-14,335.3398132324219,-0.030675474942698844,-0.035712649712067224,0.42928310722840957,268.3299871826172,325.03301734924315,63.812056467895225,50.72999954223633,50.52999877929688,53.84000015258789,1
2009-05-15,350.4343566894531,0.04501267926265973,0.018589854526484872,0.45355676076635865,271.0023583984375,324.71150535583496,66.02533237663542,51.25,51.209999084472656,56.34000015258789,1
2009-05-18,436.4130554199219,0.24534894221761805,0.24711420704977405,0.8900486383720747,275.4084768676758,324.7911267852783,79.93347910639207,49.63999938964844,54.7599983215332,56.709999084472656,1
2009-05-19,475.9210205078125,0.09052883408787027,0.35480098386737935,1.0005209442753182,280.5774719238281,325.1629807281494,88.01358249906728,49.63999938964844,57.02000045776367,58.630001068115234,1
2009-05-20,482.3521423339844,0.013513002260983953,0.4124295325163565,1.0243877416667648,286.08449920654294,325.58055564880374,88.24088742820523,58.09999847412109,61.02999877929688,58.5,1
2009-05-21,438.769287109375,-0.09035484949589434,0.26048430868171146,0.7252520018764959,290.8063262939453,325.62249794006345,73.82989983802642,50.790000915527344,50.310001373291016,58.84999847412109,1
2009-05-22,460.8973388671875,0.050432089045231,0.33225783658430275,0.6886276714429564,295.9108322143555,325.6829419708252,73.44022483797642,50.790000915527344,50.72999954223633,58.02000045776367,1
2009-05-25,462.3855590820313,0.003228962481106157,0.37885673229487615,0.6171387495003628,301.1280160522461,325.78218574523925,72.53726012944144,49.63999938964844,51.25,58.619998931884766,1
2009-05-26,443.9072265625,-0.03996303984107141,0.26673432010514997,0.5049556824990333,305.889885559082,325.7362302398682,68.55864622058722,43.709999084472656,49.63999938964844,56.34000015258789,1
2009-05-27,464.95458984375,0.04741387844535727,0.06540027634224899,0.5878509997835359,311.2059307861328,325.6184575653076,70.23440287607096,52.369998931884766,49.63999938964844,59.02999877929688,1
2009-05-28,476.8245544433594,0.02552929868613263,0.0018984955415140004,0.5322515857874688,316.6598077392578,325.61130149841307,71.29718561629254,41.56999969482422,58.09999847412109,59.650001525878906,1
2009-05-29,496.8444213867188,0.041985813769029656,0.030045018526526857,0.6852354574594086,322.2369952392578,325.7828176116943,75.46764750353009,44.58000183105469,50.790000915527344,62.040000915527344,0
2009-06-01,496.2952270507813,-0.0011053648029391017,0.13110749004423017,0.6113316952430816,327.7202853393555,325.8682138824463,74.78813799403373,40.29999923706055,50.790000915527344,61.04999923706055,0
2009-06-02,500.7598571777344,0.00899591590570803,0.0864889313714039,0.5982475369411346,333.35877319335935,326.12876289367676,75.6939804243749,41.83000183105469,49.63999938964844,61.66999816894531,0
2009-06-03,497.9605102539063,-0.005590198342984354,0.0769378508327585,0.6469589462640961,338.8126510620117,326.3370427703857,77.70934622176172,41.040000915527344,43.709999084472656,61.66999816894531,1
2009-06-04,515.6947631835938,0.035613773711985486,0.16171743176383369,0.7612387287527727,344.80794647216794,326.62038414001466,77.90807925627283,40.66999816894531,52.369998931884766,62.45000076293945,0
2009-06-05,539.506103515625,0.04617332195703172,0.16034149420253785,0.7632895014544354,351.45167541503906,326.94848136901857,72.03666871280501,41.310001373291016,41.56999969482422,63.45000076293945,0
2009-06-08,524.5177612304688,-0.0277815991097905,0.1000225477959833,0.6697311860130926,357.65638427734376,327.2302210235596,61.604200667328726,40.54999923706055,44.58000183105469,65.08000183105469,0
2009-06-09,557.2933349609375,0.062487061741399064,0.12166567837373043,0.7328262782014783,364.49463623046876,327.63989891052245,65.89506230774997,42.27000045776367,40.29999923706055,66.30999755859375,0
2009-06-10,577.1183471679688,0.035573747187234606,0.1628529063184352,0.865372687594546,371.6177740478516,328.09325187683106,82.63265201527639,40.7599983215332,41.83000183105469,68.58000183105469,0
2009-06-11,577.2068481445312,0.00015334978864700588,0.1526619793320685,0.8525043692817844,378.46949127197263,328.54933769226074,80.61744370779209,40.470001220703125,41.040000915527344,68.55000305175781,0
2009-06-12,560.4824829101562,-0.02897464797608784,0.12555608601246404,0.7988287073076801,384.8573910522461,328.85331443786623,73.90554511907257,41.02000045776367,40.66999816894531,66.12000274658203,0
2009-06-15,533.7304077148438,-0.0477304394178556,0.034973487843678264,0.5808365058328857,390.91399047851564,328.9740268707275,71.04081824061912,40.83000183105469,41.310001373291016,68.80999755859375,0
2009-06-16,540.5335083007812,0.012746323776201551,0.0019043432103200697,0.5543326616572657,396.9666897583008,329.17002250671385,68.97008196620855,52.709999084472656,40.54999923706055,68.44000244140625,0
2009-06-17,520.4606323242188,-0.03713530367370477,-0.007734969539891945,0.5127966469214733,402.6104898071289,329.31652320861815,60.51935734432001,41.68999862670898,42.27000045776367,68.08999633789062,0
2009-06-18,501.6456604003906,-0.036150614965451244,-0.09985347225523056,0.43352592737681617,407.5569659423828,329.4806436920166,51.16419873731643,62.04999923706055,40.7599983215332,70.01000213623047,1
2009-06-19,530.4527587890625,0.05742519204826646,-0.08085965141795148,0.5100360953499643,412.7071820068359,329.75893775939943,57.28425213924965,54.4900016784668,40.470001220703125,71.33000183105469,1
2009-06-22,536.1575927734375,0.01075465041863155,-0.07111706228546877,0.5699833205918086,417.71177001953123,330.0833293914795,57.50901181372681,48.95000076293945,41.02000045776367,72.68000030517578,1
2009-06-23,526.6788940429688,-0.017678941524333025,-0.060311588493669466,0.5130286033204332,422.34607482910155,330.3115622711182,55.92422235154314,47.52999877929688,40.83000183105469,72.04000091552734,1
2009-06-24,534.5452880859375,0.014935844462236947,0.0015267639979192893,0.545142679304812,427.1805798339844,330.65623863220213,54.053646466619206,48.22999954223633,52.709999084472656,70.62000274658203,1
2009-06-25,541.897705078125,0.013754525867236689,0.0025237968717837234,0.615965905910907,431.7946923828125,331.0581839752197,50.553472437824034,42.220001220703125,41.68999862670898,70.47000122070312,0
2009-06-26,570.6163330078125,0.052996400723909876,0.09636790483002278,0.6283116141876455,437.3105798339844,331.6011092376709,60.030825092501836,38.59000015258789,62.04999923706055,71.02999877929688,0
2009-06-29,574.6557006835938,0.007078955582096702,0.1455410582540071,0.3167701872040769,442.6436309814453,332.15475318908693,54.31795799362231,37.9900016784668,54.4900016784668,71.37000274658203,0
2009-06-30,555.521728515625,-0.0332964106076169,0.047259570831134745,0.16725612985717198,447.4877038574219,332.64922340393065,44.61047372034945,40.310001373291016,48.95000076293945,69.55000305175781,0
2009-07-01,557.6300048828125,0.003795128541274062,0.04004869538133815,0.1560641198452586,452.59327392578126,333.22208961486814,45.16327547405621,42.540000915527344,47.52999877929688,66.93000030517578,0
2009-07-02,555.2560424804688,-0.00425723576844228,0.05425914871608373,0.26548520781505003,457.8423486328125,333.7007474517822,48.61018642621361,43.150001525878906,48.22999954223633,69.23999786376953,0
2009-07-03,569.6063842773438,0.0258445486388017,0.06559050649749554,0.23586390339624397,463.11516235351564,334.2756507110596,60.21380470619881,43.880001068115234,42.220001220703125,68.66999816894531,0
2009-07-06,518.7952880859375,-0.08920387410311414,-0.04263243186987997,0.12199716858782472,467.2084069824219,334.488692855835,45.05123849996082,45.86000061035156,38.59000015258789,70.2300033569336,0
2009-07-07,531.55126953125,0.024587697186639668,-0.06846117297527066,0.197437747629031,471.40724304199216,334.7805300140381,52.61182273486986,39.88999938964844,37.9900016784668,69.16000366210938,0
2009-07-08,501.1671752929688,-0.057161173305211865,-0.12788270490174403,0.07788413372021608,475.2428863525391,334.96898994445803,49.89314050507146,36.16999816894531,40.310001373291016,71.48999786376953,1
2009-07-09,492.167236328125,-0.01795795776046727,-0.11404502998790988,0.032176786496820764,478.85459289550784,335.00486625671385,40.61988016559327,37.380001068115234,42.540000915527344,69.88999938964844,1
2009-07-10,480.6690368652344,-0.023362382975092744,-0.13801439546595362,-0.032556236570671526,482.23633544921876,334.98196769714355,36.78034161375529,36.63999938964844,43.150001525878906,69.30999755859375,1
2009-07-13,471.2969665527344,-0.019497969691623096,-0.15120785638399903,-0.050369737880814,484.90976867675784,334.9324938201904,36.799037938212905,35.83000183105469,43.880001068115234,66.7300033569336,1
2009-07-14,484.5845947265625,0.028193748563712262,-0.14926410921227273,-0.032301435946433754,487.6462762451172,334.994945602417,38.3912756016198,36.58000183105469,45.86000061035156,66.7300033569336,1
2009-07-15,506.925048828125,0.046102278827432785,-0.022880391419141444,0.018002509013511414,490.90400268554686,335.1917322540283,42.402996310695,35.04999923706055,39.88999938964844,64.05000305175781,1
2009-07-16,488.6593017578125,-0.03603244130969263,-0.0806920615790494,-0.05242531698185249,493.6784222412109,335.3836031341553,31.349761146872794,36.150001525878906,36.16999816894531,62.93000030517578,1
2009-07-17,502.9566040039063,0.029258221821754526,0.0035705225704205645,-0.06774622061464808,496.71185791015625,335.66131065368654,34.411820985106885,37.59000015258789,37.380001068115234,60.13999938964844,1
2009-07-20,516.5806274414062,0.027087870661290925,0.04960385273798473,-0.0151322498030243,500.21336486816404,336.02653831481933,41.325955719087624,35.88999938964844,36.63999938964844,60.40999984741211,1
2009-07-21,521.7716674804688,0.010048847678964412,0.08551129251697231,-0.06373962373506326,503.68688232421874,336.37356224060056,42.12084351471618,36.970001220703125,35.83000183105469,59.88999938964844,1
2009-07-22,513.32080078125,-0.01619648445080646,0.08916635839160136,-0.1105449977457581,507.0342572021484,336.59789878845214,41.02524077962806,36.59000015258789,36.58000183105469,59.68999862670898,1
2009-07-23,527.8838500976562,0.028370269223927824,0.08935334685066976,-0.08545116573967715,510.8851379394531,336.96020317077637,41.078885556940946,37.13999938964844,35.04999923706055,59.52000045776367,1
2009-07-24,531.3563232421875,0.006578100739184967,0.048195042779087593,-0.05196622652101257,514.5035772705078,337.3745063018799,53.367517949459746,34.04999923706055,36.150001525878906,61.540000915527344,1
2009-07-27,531.6044921875,0.0004670480701127744,0.08788370604059814,-0.003983126118756841,516.4074060058593,337.7731746673584,50.015294301294226,36.470001220703125,37.59000015258789,62.02000045776367,1
2009-07-28,529.3189697265625,-0.004299291098035729,0.052414791878250044,-0.02074716627554274,517.4753649902344,338.14717247009276,59.64786593528693,37.38999938964844,35.88999938964844,63.560001373291016,1
2009-07-29,519.4683837890625,-0.01860992426284791,0.005590136745853513,-0.0019064814388076723,518.217689819336,338.55766593933106,59.30210601400404,36.06999969482422,36.970001220703125,63.97999954223633,1
2009-07-30,528.964599609375,0.018280642511958156,0.013785593540637242,0.054458637571348056,520.0215960693359,339.12322425842285,66.68296433761773,37.33000183105469,36.59000015258789,64.72000122070312,1
2009-07-31,533.7481689453125,0.009043269321746816,0.03979454589210696,0.00621244795440945,521.4786126708984,339.6248700714111,72.27907268413267,37.59000015258789,37.13999938964844,65.4000015258789,1
2009-08-03,538.49609375,0.008895439986369214,0.02010336866790019,0.0043615925766637975,523.0008233642578,340.1628347015381,70.48045549737249,39.209999084472656,34.04999923706055,67.16000366210938,1
2009-08-04,538.3544311523438,-0.0002630707990279868,0.013170273136970945,0.02216822667745344,524.8897674560546,340.8012525177002,64.36205135585459,40.650001525878906,36.470001220703125,68.05000305175781,1
2009-08-05,537.2382202148438,-0.002073375592192561,0.010597592966458125,0.005037799769125106,526.3354400634765,341.567052230835,76.32472486801537,36.79999923706055,37.38999938964844,68.37999725341797,1
2009-08-06,526.909423828125,-0.019225728918892293,-0.004552162375140667,-0.0276588756688666,527.3371374511719,342.41567695617675,63.563301258235036,36.70000076293945,36.06999969482422,67.2300033569336,1
2009-08-07,519.5924072265625,-0.013886668696115878,0.00023875069469170285,-0.0894189717849373,527.7920971679688,343.30132957458494,51.836605564343536,37.650001525878906,37.33000183105469,63.34999847412109,1
2009-08-10,508.87396240234375,-0.02062856322599238,-0.03798106191202133,-0.11447156654497281,528.043671875,344.2683017730713,42.63160977895806,40.84999847412109,37.59000015258789,66.94000244140625,1
2009-08-11,511.9034118652344,0.0059532412477716345,-0.04092708575140114,-0.07851775081226875,528.26654296875,345.0807849884033,49.13678159765938,38.18999862670898,39.209999084472656,69.44999694824219,1
2009-08-12,503.89556884765625,-0.015643269476168897,-0.06425399423307099,-0.09636216768222272,528.385244140625,345.81956718444826,34.12294954153272,38.20000076293945,40.650001525878906,71.58000183105469,1
2009-08-13,529.8858642578125,0.05157873380310263,-0.015730467521934077,-0.045690953869355955,528.6690661621094,346.882297744751,49.250237918442366,42.52000045776367,36.79999923706055,71.41999816894531,1
2009-08-14,526.6969604492188,-0.006018095638501864,-0.019621202232055435,-0.0753317115336829,528.4128833007812,348.05682014465333,47.57058756701619,42.79999923706055,36.70000076293945,71.97000122070312,1
2009-08-17,500.6357421875,-0.04948047970410008,-0.049863753526631416,-0.03500329766956056,527.9352429199218,349.1432021331787,38.506308804934534,44.2400016784668,37.650001525878906,71.94000244140625,1
2009-08-18,527.8024291992188,0.05426437771505377,0.015800889040082478,-0.007052641103344914,527.3454248046875,350.3441574859619,52.9325768275208,46.4900016784668,40.84999847412109,70.93000030517578,1
2009-08-19,529.0517578125,0.0023670383919542903,0.039651852719873704,0.05563928344515112,526.3840930175782,351.4664971160889,50.03255880763627,45.040000915527344,38.18999862670898,70.5999984741211,1
2009-08-20,529.3908081054688,0.0006408641271142823,0.03416151530718481,0.07563195806176548,525.4277722167968,352.66839653015137,48.31635800722218,40.209999084472656,38.20000076293945,69.44999694824219,1
2009-08-21,529.5156860351562,0.00023588987148159823,0.05084410098324521,0.10162220867914362,524.8084362792969,353.84106788635256,46.40149736449761,36.83000183105469,42.52000045776367,70.16000366210938,1
2009-08-24,553.4337768554688,0.04516974935984153,0.04443959385600671,0.1742782494517583,525.2025036621094,355.2468045806885,55.075299565109326,38.5099983215332,42.79999923706055,70.5199966430664,1
2009-08-25,561.7158203125,0.014964831933621081,0.06648768170868835,0.15916978464711717,525.6261499023437,356.7735874176025,57.85938816704881,38.5099983215332,44.2400016784668,67.51000213623047,1
2009-08-26,562.411865234375,0.001239140677020245,0.12339535083321795,0.10945763389384822,526.4651745605469,358.23953926086426,62.15093876108354,48.29999923706055,46.4900016784668,66.75,1
2009-08-27,571.3365478515625,0.015868588784961446,0.0824818459407124,0.1691920030916063,527.8589923095703,359.6664035797119,67.51699576877573,36.27000045776367,45.040000915527344,69.19000244140625,1
2009-08-28,577.7266235351562,0.011184433601566068,0.09200397693396756,0.14866097579000925,528.8044696044922,360.9651486968994,74.01246343580603,34.84000015258789,40.209999084472656,72.41999816894531,1
2009-08-31,559.5562133789062,-0.03145157141116983,0.05698135443905894,0.08319240725374377,529.2724420166015,362.1275101470947,65.03152362486165,33.27000045776367,36.83000183105469,72.54000091552734,1
2009-09-01,553.5231323242188,-0.010781903427104278,0.04533849878711349,0.06085317931705925,529.8093267822265,363.3613111114502,65.85192769740777,34.5099983215332,38.5099983215332,73.88999938964844,1
2009-09-02,546.972412109375,-0.011834591604758415,-0.011675045897643455,0.065556687507907,530.0578692626954,364.57378562927244,56.2316353896948,34.97999954223633,38.5099983215332,74.37000274658203,1
2009-09-03,540.742919921875,-0.011389042755330592,-0.03733720794788564,0.024359657568307602,530.0347735595703,365.73553596496583,55.01155277582388,34.959999084472656,48.29999923706055,72.05000305175781,1
2009-09-04,559.5382690429688,0.03475838227120809,-0.005109416015269708,0.053037753703245594,529.8132122802734,366.89833900451663,72.16548358453444,34.11000061035156,36.27000045776367,71.43000030517578,1
2009-09-07,570.6048583984375,0.01977807411528265,-0.001280662782516595,0.07336350009093207,529.7321954345703,368.2205603790283,68.32769082725568,32.5099983215332,34.84000015258789,72.48999786376953,0
2009-09-08,577.476806640625,0.012043269770740439,-0.00043241367864021996,0.09098075011167661,530.1712969970703,369.64721031188964,69.78269347192759,32.209999084472656,33.27000045776367,72.73999786376953,0
2009-09-09,571.9076538085938,-0.009643942004231909,0.022073636453972645,0.10094795305352977,530.4568499755859,371.1036824798584,66.65726113455585,31.96999931335449,34.5099983215332,69.95999908447266,0
2009-09-10,571.51513671875,-0.0006863294925847363,0.032504521209409276,0.08044118101815756,530.7820318603516,372.5612924957275,66.42012109654078,31.65999984741211,34.97999954223633,68.05000305175781,0
2009-09-11,581.1537475585938,0.016865014101257403,0.062491882026371126,0.08881637703217748,531.0129791259766,374.11448722839356,62.19954034548226,32.58000183105469,34.959999084472656,68.05000305175781,0
2009-09-14,572.9072875976562,-0.014189807767016172,0.0594818101001271,0.06390240198034158,532.095219116211,375.68190254211424,54.926900309810485,31.170000076293945,34.11000061035156,67.95999908447266,0
2009-09-15,581.7070922851562,0.015359910543990107,0.039619851703986075,0.08052810309374903,533.0983355712891,377.32910438537596,57.9287485321684,31.670000076293945,32.5099983215332,68.0199966430664,0
2009-09-16,582.2603759765625,0.0009511379502573636,0.020426600661689998,0.0838029649932841,534.7201995849609,378.89890525817873,54.82043492078882,30.200000762939453,32.209999084472656,68.0199966430664,0
2009-09-17,587.454345703125,0.008920355807917169,0.017277817823615482,0.11490574876252246,536.6259417724609,380.49201850891114,54.33841835376433,28.31999969482422,31.96999931335449,71.0999984741211,0
2009-09-18,590.845703125,0.0057729718856975865,0.03311382386699879,0.1371330583500392,538.8294750976562,382.1408878326416,66.07353264860384,27.270000457763672,31.65999984741211,71.30999755859375,0
2009-09-22,595.6650390625,0.008156674258626984,0.042255927782424596,0.17055515328476267,541.3168365478516,383.7884302520752,71.92182915112772,25.86000061035156,32.58000183105469,71.94000244140625,0
2009-09-23,583.7061157226562,-0.02007659096237302,0.004391898313974352,0.1402661169922519,543.2992669677734,385.37617805480954,68.09064484809863,26.799999237060547,31.170000076293945,69.29000091552734,0
2009-09-24,592.0061645507812,0.014219568040415576,0.033336767338414175,0.17485884209028169,545.0008892822266,387.047769241333,74.74158079205156,26.51000022888184,31.670000076293945,68.86000061035156,0
2009-09-25,587.72216796875,-0.007236405359531961,0.01034038567411022,0.10914860654368708,546.9821466064453,388.7409915161133,65.8183661794277,24.36000061035156,30.200000762939453,70.93000030517578,0
2009-09-29,588.864501953125,0.0019436632589904246,0.011342221193544333,0.11803284653642909,548.7003045654296,390.4809394073486,61.53312371914577,26.11000061035156,28.31999969482422,72.51000213623047,0
2009-09-30,603.0189208984375,0.02403680116285778,0.026494952857456955,0.2045063308176518,550.4290704345703,392.2719052886963,64.77375587974882,26.059999465942383,27.270000457763672,72.47000122070312,0
2009-10-01,594.4513549804688,-0.014207789541999638,0.00610252699883973,0.12627627705762867,551.8826641845703,393.9186058807373,62.60232505452332,25.270000457763672,25.86000061035156,72.04000091552734,0
2009-10-05,590.6317138671875,-0.006425489792023065,-0.008449925487039378,0.11639684614092505,553.4288824462891,395.58004707336426,60.29214407674138,25.3700008392334,26.799999237060547,71.55000305175781,0
2009-10-06,599.948974609375,0.015775076961550782,0.02782711787525005,0.13328181264879313,554.8701849365234,397.2702695465088,60.15426894051558,28.71999931335449,26.51000022888184,68.97000122070312,0
2009-10-07,598.7531127929688,-0.001993272539860369,0.011396753355274791,0.13075613921136164,556.218120727539,398.882494430542,65.11490609624813,27.75,24.36000061035156,65.88999938964844,0
2009-10-08,589.3108520507812,-0.015769873325823247,0.0027031209108923093,0.06482632014106704,557.3722479248047,400.4436106109619,54.41359236233829,30.479999542236328,26.11000061035156,66.0199966430664,0
2009-10-09,583.0635375976562,-0.010601051094485281,-0.00985110214018392,0.03800447933490614,558.4471392822265,401.96259468078614,50.43728852535503,29.8700008392334,26.059999465942383,66.70999908447266,1
2009-10-12,591.5240478515625,0.014510443044964294,-0.01906220957337257,0.05176310177072008,559.8882525634766,403.46346717834473,52.139677511276325,30.25,25.270000457763672,70.61000061035156,0
2009-10-13,591.5240478515625,0.0,-0.004924384652134295,0.03533381520211254,561.1394415283203,404.9850681304932,50.369833511694644,28.200000762939453,25.3700008392334,70.81999969482422,0
2009-10-14,603.322509765625,0.01994587025990735,0.021486817589499108,0.044304494873103506,562.5309283447266,406.6109272003174,53.87961264482836,28.200000762939453,28.71999931335449,70.41000366210938,0
2009-10-15,604.3219604492188,0.0016565778127224373,0.00728892960053984,0.08000223391318007,563.847445678711,408.1958977508545,61.74971510149901,26.3799991607666,27.75,70.87999725341797,0
2009-10-16,605.1609497070312,0.0013883150253035659,0.01070196843599236,0.09328935751246314,565.1835760498047,409.7701811981201,58.194283072468345,26.63999938964844,30.479999542236328,69.56999969482422,0
2009-10-20,597.5215454101562,-0.012623756209936166,0.013932703480348474,0.09241623925024078,566.3892425537109,411.3138858795166,55.859226457881874,26.020000457763672,29.8700008392334,71.69000244140625,0
2009-10-21,597.289306640625,-0.00038867011794840867,0.02439831703690798,0.10457166360480441,567.7968402099609,412.9280045318603,55.092770237961716,26.690000534057617,30.25,71.7699966430664,0
2009-10-22,574.6744995117188,-0.03786240081226344,-0.028484976056412092,0.027051287295574822,568.8984820556641,414.4452593231201,34.45582414139595,26.780000686645508,28.200000762939453,73.2699966430664,1
2009-10-23,560.6091918945312,-0.024475259697686824,-0.05226305856763591,-0.017517668061856173,569.9331866455078,415.9291269683838,32.49630966255984,25.489999771118164,28.200000762939453,74.1500015258789,1
2009-10-26,564.08984375,0.006208695657854202,-0.06502768482957122,-0.02318181914266204,570.9769152832031,417.43464973449704,36.22382646777063,24.489999771118164,26.3799991607666,75.18000030517578,1
2009-10-27,555.843505859375,-0.014618837729472922,-0.08021958122092343,-0.028088709500983744,572.0158740234375,418.8463224029541,26.850341434910817,24.489999771118164,26.63999938964844,77.58000183105469,1
2009-10-28,568.0166625976562,0.021900330956391434,-0.06137918702017564,-0.006121402385209973,572.7784899902343,420.31558372497557,35.53427575723104,28.18000030517578,26.020000457763672,78.52999877929688,1
2009-10-29,561.2161254882812,-0.011972425383218077,-0.060760018112742564,-0.03430696636487285,573.4688732910156,421.6594242095947,36.44039836543854,28.479999542236328,26.690000534057617,79.08999633789062,1
2009-10-30,559.7525024414062,-0.0026079490242757464,-0.06284526406531465,-0.022961455441440237,574.6512084960938,422.93934226989745,38.204526362603154,28.21999931335449,26.780000686645508,81.37000274658203,1
2009-11-03,544.7591552734375,-0.026785672422318885,-0.05205615398577679,-0.0635163942501954,574.9903430175781,424.1568726348877,27.804210211622973,25.38999938964844,25.489999771118164,81.19000244140625,1
2009-11-04,552.1309204101562,0.013532154651019201,-0.01512331871641881,-0.05174567394505136,575.4519262695312,425.54511054992673,32.52581665423959,24.43000030517578,24.489999771118164,80.5,1
2009-11-05,550.5779418945312,-0.002812699775030403,-0.023953457069255668,-0.06277322498049842,575.8756689453126,427.02089897155764,24.264061644720897,29.88999938964844,24.489999771118164,78.68000030517578,1
2009-11-06,563.8756713867188,0.02415231065456447,0.01445040815026788,-0.04564648874593824,576.5628686523437,428.62084365844726,32.37954994825586,29.56999969482422,28.18000030517578,79.55000305175781,1
2009-11-09,571.6936645507812,0.013864746363034142,0.006473405086937722,-0.04024304422741787,576.92806640625,430.2394155883789,36.25572126832937,29.040000915527344,28.479999542236328,77.45999908447266,1
2009-11-10,570.2658081054688,-0.0024975901148641677,0.016125129350682776,-0.0230258125710191,577.0990661621094,431.8342832183838,38.20489387103932,28.920000076293945,28.21999931335449,79.87000274658203,1
2009-11-11,585.1162719726562,0.026041301540633333,0.045312471888243167,-0.011638210867876864,577.553154296875,433.5074780273437,45.32369512563981,30.059999465942383,25.38999938964844,77.0,1
2009-11-12,585.5982055664062,0.0008236544031243742,0.0749671664948337,-0.0036138885311820523,577.8383874511719,435.1649230957031,55.056162634332665,28.959999084472656,24.43000030517578,79.5999984741211,1
2009-11-13,587.0261840820312,0.0024384953745610893,0.06320106768509293,-0.003121801135908986,578.0243786621094,436.81090545654297,63.84736468284692,29.63999938964844,29.88999938964844,80.4000015258789,1
2009-11-16,590.0783081054688,0.005199297929461721,0.07174345938200366,-0.021459712696391908,578.6348205566406,438.50572174072266,63.68421424756185,29.09000015258789,29.56999969482422,79.62000274658203,1
2009-11-17,591.2742309570312,0.0020267188865188412,0.048589717486715145,-0.005344632486441014,579.3898425292969,440.24824005126953,70.15229730433424,27.950000762939453,29.040000915527344,77.43000030517578,1
2009-11-18,581.1180419921875,-0.017176782672238322,0.01648501291126192,-0.016107621131125516,580.0727551269531,441.97629608154296,57.62679706003785,26.780000686645508,28.920000076293945,79.43000030517578,1
2009-11-19,576.4415893554688,-0.0080473368554983,0.010829653754829138,-0.03918230757742658,580.786728515625,443.72278121948244,59.08805416386142,26.38999938964844,30.059999465942383,79.05000305175781,1
2009-11-20,583.2242431640625,0.011766419935413719,-0.0032335945849104597,-0.025935346801738812,581.2604479980469,445.50902587890624,63.1737320795437,28.549999237060547,28.959999084472656,79.27999877929688,1
2009-11-23,583.848876953125,0.0010710010710011098,-0.0029872506381559694,-0.00926841085421859,581.5253283691407,447.2382459259033,76.15863311762044,26.63999938964844,29.63999938964844,76.94000244140625,1
2009-11-24,588.7752685546875,0.008437785522978691,0.002979568067123628,0.009796069533973606,581.7512976074219,449.0109664154053,75.35193603880776,26.690000534057617,29.09000015258789,76.3499984741211,1
2009-11-25,589.3108520507812,0.0009096569178397296,-0.0013006003510813713,-0.003741514497710874,582.0993615722656,450.73463203430174,77.17949947919521,26.09000015258789,27.950000762939453,78.9000015258789,1
2009-11-26,582.2781982421875,-0.011933691334752083,-0.015214653783038767,-0.015630555753322728,582.3146228027343,452.4757527923584,64.15822280158193,24.850000381469727,26.780000686645508,79.13999938964844,1
2009-11-27,567.4098510742188,-0.02553478253668795,-0.023589339733755876,-0.059524811539614864,582.0397448730469,454.147758102417,47.02674766370976,28.309999465942383,26.38999938964844,79.58000183105469,1
2009-11-30,576.3880615234375,0.015823148703218992,-9.285907370271129e-05,-0.04622353770665022,582.1093603515625,455.8687294006348,53.84614204809067,30.059999465942383,28.549999237060547,77.45999908447266,1
2009-12-01,581.5999755859375,0.009042369907392711,-0.0027849795291655655,-0.03893340132488721,582.1072180175781,457.6488905334473,47.48659994049265,27.559999465942383,26.63999938964844,76.72000122070312,1
2009-12-02,580.6718139648438,-0.001595876306835553,-0.0054415844813491265,-0.028199370507629773,582.0754467773437,459.4203357696533,46.5010039986544,25.450000762939453,26.690000534057617,77.55999755859375,1
2009-12-03,579.9042358398438,-0.001321879427484074,-0.015066924833001538,-0.02910661652149993,581.9244445800781,461.12504920959475,44.89369560498806,26.030000686645508,26.09000015258789,76.0199966430664,1
2009-12-04,579.3508911132812,-0.0009542001805886713,-0.01690103092932993,0.008137461476950714,581.6945483398438,462.78421028137205,42.022806246754804,25.989999771118164,24.850000381469727,77.95999908447266,1
2009-12-07,584.4736938476562,0.008842314412481622,0.0037705268926375712,0.042568873821845266,581.4707214355469,464.4851078033447,45.22198760512743,26.13999938964844,28.309999465942383,77.95999908447266,0
2009-12-08,591.3101196289062,0.011696721089780926,0.04212170181649055,0.04825521356305451,581.6228015136719,466.2325889587402,57.51127904100038,27.670000076293945,30.059999465942383,76.05000305175781,0
2009-12-09,591.4527587890625,0.00024122563680428755,0.02613637976089911,0.06406345051136819,581.6117333984375,467.9457925415039,61.8550399935216,26.459999084472656,27.559999465942383,77.27999877929688,0
2009-12-10,602.4656982421875,0.01862015061976008,0.035876415976855425,0.060647931500792174,581.9066040039063,469.77677810668945,64.24414559163999,26.989999771118164,25.450000762939453,78.37000274658203,0
2009-12-11,603.5364990234375,0.0017773638970222105,0.039376261269637114,0.075408334887626,582.2000439453125,471.62799964904787,64.4787918614756,27.200000762939453,26.030000686645508,76.5999984741211,0
2009-12-14,606.856689453125,0.005501225584632952,0.04647742152503409,0.08415181139212424,582.2767993164063,473.5072494506836,63.619303491369955,27.149999618530277,25.989999771118164,76.45999908447266,0
2009-12-15,600.4129638671875,-0.010618199812124196,0.03635460491556919,0.1021622272062872,582.3960314941406,475.3748316955566,57.67889935367846,27.88999938964844,26.13999938964844,75.47000122070312,0
2009-12-16,600.8236083984375,0.000683936816762154,0.027973738977280505,0.08819047473760278,582.5998693847656,477.27795150756833,64.1206431824519,28.31999969482422,27.670000076293945,73.93000030517578,0
2009-12-17,592.5593872070312,-0.013754821008840623,0.002112711311129001,0.07624977703981828,582.4520776367187,479.1343469238281,71.29021657583255,27.36000061035156,26.459999084472656,72.62000274658203,0
2009-12-18,589.04296875,-0.0059342886686944984,-0.004074357593658484,0.04463270653509177,582.2578747558593,480.99548278808595,61.804552887002224,27.25,26.989999771118164,70.66999816894531,0
2009-12-21,574.7637939453125,-0.024241312709307294,-0.04598088219412455,0.00537023511873902,581.96693359375,482.78876609802245,44.545808701072296,26.65999984741211,27.200000762939453,70.54000091552734,0
2009-12-22,577.2090454101562,0.004254358904653532,-0.04362197423996861,0.012175440305204788,581.84984375,484.58745498657225,47.302558133785205,26.190000534057617,27.149999618530277,69.87000274658203,0
2009-12-23,596.8788452148438,0.0340774282057732,-0.016441846010254668,0.02010296723167726,581.9569396972656,486.5368453216553,60.214791525871945,24.520000457763672,27.88999938964844,69.51000213623047,0
2009-12-24,600.502197265625,0.00607049835964113,0.00014862003955196101,0.02545088348555158,582.1365026855469,488.5259666442871,62.27466476435922,23.84000015258789,28.31999969482422,70.69000244140625,0
2009-12-29,600.984130859375,0.0008025509247833185,0.0002671706948489394,0.023777383625861015,582.0897351074219,490.50252708435056,60.12692584436909,22.690000534057617,27.36000061035156,72.66000366210938,0
2009-12-30,593.8445434570312,-0.01187982683026012,0.002168822699877282,0.00638260261363377,581.8801867675782,492.4641179656982,51.54876729700496,24.40999984741211,27.25,72.6500015258789,0
2009-12-31,598.8779907226562,0.008476035220132072,0.01669661212241791,0.012859954598930523,581.7545275878906,494.42943916320803,54.281573414439976,24.6200008392334,26.65999984741211,73.36000061035156,0
2010-01-04,603.8043823242188,0.00822603548281653,0.050526126879991695,0.03903912577599211,581.8801843261718,496.45269943237304,50.83019230725555,23.34000015258789,26.190000534057617,72.47000122070312,0
2010-01-05,604.8753051757812,0.0017736255034126458,0.047931091838600226,0.04932627406725598,582.031904296875,498.45642242431643,50.8302667527656,23.63999938964844,24.520000457763672,74.4000015258789,0
2010-01-06,598.1819458007812,-0.011065684642316276,0.0021831911055056885,0.025646572158199987,582.5020532226563,500.3574069213867,44.83635330508702,22.270000457763672,23.84000015258789,76.66999816894531,0
2010-01-07,595.3082275390625,-0.0048040872545421776,-0.008649376722038915,0.01962725465147641,583.1960339355469,502.2232944488525,46.826526709447116,22.1200008392334,22.690000534057617,78.05000305175781,0
2010-01-08,599.0742797851562,0.006326222403581161,-0.003177872719347441,0.01749226195548359,583.89572265625,504.12448852539063,48.956043916017286,22.5,24.40999984741211,78.87000274658203,0
2010-01-11,598.7708740234375,-0.0005064576663641462,0.008295656869604207,0.01605268584438191,584.7542700195313,505.9920098114014,54.09605395236666,22.56999969482422,24.6200008392334,79.27999877929688,0
2010-01-12,599.4671020507812,0.001162762013899421,0.000983691732291181,0.0295200882679183,585.3832788085938,507.9096953582764,57.13956064628054,22.68000030517578,23.34000015258789,79.36000061035156,0
2010-01-13,597.3072509765625,-0.0036029517997399063,-0.010760324929486087,0.05269101311114377,586.1051013183594,509.8596333312988,68.51366199103369,23.07999992370605,23.63999938964844,81.51000213623047,0
2010-01-14,595.5938110351562,-0.0028686073015267155,-0.015344475235152366,0.033320866259714865,586.8219274902344,511.7661907958984,65.28205357160977,21.989999771118164,22.270000457763672,81.7699966430664,0
2010-01-15,589.4535522460938,-0.01030947379790692,-0.01459153626410914,0.01350339922597854,587.7158154296875,513.6365548706054,42.03669811246652,20.979999542236328,22.1200008392334,83.18000030517578,0
2010-01-18,590.7208251953125,0.002149911463574794,-0.007705928007603391,0.01730583608295677,588.4876135253907,515.4853517150879,38.95156442174582,21.07999992370605,22.5,82.66000366210938,0
2010-01-19,586.3479614257812,-0.007402589485626221,-0.0212433061955839,0.011111706360629414,589.2030139160156,517.2439865875244,34.803631427590076,21.549999237060547,22.56999969482422,82.75,0
2010-01-20,584.0096435546875,-0.003987935534742637,-0.02465255260257071,0.00804133127758555,589.605693359375,518.9585973358154,38.6578483170664,22.34000015258789,22.68000030517578,82.5199966430664,0
2010-01-21,544.080810546875,-0.06837016040484867,-0.09239254550321341,-0.06910983971728535,589.0534362792969,520.5244992065429,14.986237025793585,22.290000915527344,23.07999992370605,80.79000091552734,1
2010-01-22,525.3748168945312,-0.03438091050030179,-0.1204278601413693,-0.11150714412896334,588.1556164550781,521.961880569458,7.389370670925345,23.5,21.989999771118164,79.6500015258789,1
2010-01-25,532.0681762695312,0.012740160281309532,-0.1066593265219058,-0.1004046082076191,587.0946545410156,523.4308683013916,12.721491850349949,24.850000381469727,20.979999542236328,79.38999938964844,1
2010-01-27,520.501953125,-0.0217382351743437,-0.11697545779197682,-0.13604715647103705,585.7927294921875,524.7617687988281,12.116862713814811,25.81999969482422,21.07999992370605,78.0,1
2010-01-28,511.0239562988281,-0.01820933959856963,-0.13491460855495296,-0.15328408948638705,584.2726849365234,525.9521788024903,11.383580701766647,28.920000076293945,21.549999237060547,78.0,1
2010-01-29,508.2929992675781,-0.0053440880756929765,-0.1331205483658583,-0.16241674830077024,582.6369787597656,527.0640028381348,8.008566773487829,26.959999084472656,22.34000015258789,79.0199966430664,1
2010-02-01,505.93695068359375,-0.004635217458000218,-0.13368391041608363,-0.15735172101395867,580.9302331542968,528.1188693237305,7.859324116079534,26.1299991607666,22.290000915527344,77.62000274658203,1
2010-02-02,498.4938354492188,-0.014711547010587411,-0.08378714009750698,-0.17031583233220504,579.2777490234375,529.1472383117675,6.810098162071839,25.61000061035156,23.5,76.08000183105469,1
2010-02-03,517.6817016601562,0.038491682035839636,-0.014643098578360991,-0.12636317500563676,578.1025512695312,530.1796864318848,20.271790872883642,26.690000534057617,24.850000381469727,74.54000091552734,1
2010-02-04,515.7718505859375,-0.0036892381324161727,-0.03062826609524283,-0.12439010743061774,576.7535034179688,531.2844358825683,20.242103754200954,25.540000915527344,25.81999969482422,75.26000213623047,1
2010-02-05,508.3465881347656,-0.014396408882602851,-0.023353159228809317,-0.11555565348792018,575.2434576416016,532.2861531066894,20.050003189151354,27.06999969482422,28.920000076293945,73.66999816894531,1
2010-02-08,515.64697265625,0.014361037709077706,0.009046574628134518,-0.10665472629619166,573.7808917236329,533.2977975463867,23.460334310761837,30.06999969482422,26.959999084472656,73.63999938964844,1
2010-02-09,521.8585205078125,0.012046124928388524,0.02668838890124703,-0.1256876924160849,572.4318450927734,534.3953326416016,27.494643077748833,30.36000061035156,26.1299991607666,72.88999938964844,1
2010-02-10,512.7017822265625,-0.017546399879300068,0.013370898357648153,-0.14621164658324315,571.040316772461,535.4948300170898,26.24562703348279,29.90999984741211,25.61000061035156,74.43000030517578,1
2010-02-11,516.9498901367188,0.008285728775327295,0.037023636753438005,-0.13982771991415444,570.0311175537109,536.5497509765624,38.143474433864114,30.549999237060547,26.690000534057617,77.2300033569336,1
2010-02-15,511.5773620605469,-0.010392744400721354,-0.01179168508377515,-0.1385331940874135,568.7349035644531,537.5369725036621,43.17498186244806,28.809999465942383,25.540000915527344,76.9800033569336,1
2010-02-16,516.0933837890625,0.00882764184545981,0.0006234019998565543,-0.1382328424420789,567.4247717285157,538.5093920898438,41.92398148382426,29.68000030517578,27.06999969482422,73.13999938964844,1
2010-02-17,526.302978515625,0.01978245613537144,0.035323125599692196,-0.1283551528895307,566.3373950195313,539.5939819335938,52.97348131703661,28.729999542236328,30.06999969482422,71.19000244140625,1
2010-02-18,526.9990844726562,0.0013226335123439625,0.022015278704979435,-0.12874756174827406,565.2792919921875,540.6710678100586,58.99863956243214,29.040000915527344,30.36000061035156,71.88999938964844,1
2010-02-19,527.784423828125,0.001490210094491129,0.011355382900610778,-0.1176858018983098,564.2479626464843,541.7520803833008,61.225385070454934,29.76000022888184,29.90999984741211,73.75,1
2010-02-22,532.4608154296875,0.008860419880609038,0.03853903748357457,-0.10557121370416656,563.207705078125,542.7262579345703,64.8778356822653,31.899999618530277,30.549999237060547,74.5199966430664,1
2010-02-23,531.7647705078125,-0.0013072228072094072,0.02865825228664942,-0.11235586562234434,562.0167980957032,543.6462857055664,70.1906872103041,32.130001068115234,28.809999465942383,75.27999877929688,1
2010-02-24,535.8880615234375,0.007753975525094381,0.047521061848732504,-0.1050198251585941,560.9055041503906,544.6055323791504,63.5208038517291,30.989999771118164,29.68000030517578,75.27999877929688,1
2010-02-25,548.1860961914062,0.022948887185520794,0.06218392525539662,-0.08554432042049065,559.819912109375,545.5967712402344,70.85445645097067,30.399999618530277,28.729999542236328,77.01000213623047,1
2010-02-26,558.431640625,0.018689902032860806,0.061045943916164136,-0.06508477887720787,558.9178149414063,546.6325053405761,81.0949479593163,29.549999237060547,29.040000915527344,77.33000183105469,1
2010-03-02,565.9639282226562,0.013488289433646772,0.07393721336155701,-0.049748473311034824,558.0999597167969,547.7547985839843,81.14922889512248,24.020000457763672,29.76000022888184,79.05999755859375,0
2010-03-03,563.3759155273438,-0.004572752018737081,0.06743566140331803,-0.04424035892121103,557.35921875,548.8311991882324,76.90900905747796,21.6299991607666,31.899999618530277,79.80999755859375,0
2010-03-04,567.2669067382812,0.006906562924855253,0.06536836195261775,-0.039703896420574925,556.6880847167969,549.9377734375,87.95660694906994,20.75,32.130001068115234,80.16000366210938,0
2010-03-05,566.713623046875,-0.0009753498482532041,0.06572239169903615,-0.03348581332347911,556.1711694335937,551.0946424865723,86.49251914300906,20.979999542236328,30.989999771118164,78.86000061035156,0
2010-03-08,572.3181762695312,0.00988956854879186,0.06798082913534076,-0.020019305184746372,555.8366735839844,552.2040615844727,94.39112264529254,20.739999771118164,30.399999618530277,80.0,0
2010-03-09,567.2135009765625,-0.008919296126923548,0.0347097544380488,0.042517012144640765,555.6856677246094,552.8580638122559,87.04133512123153,20.729999542236328,29.549999237060547,78.16999816894531,1
2010-03-10,562.6618041992188,-0.008024662264750737,0.007575078606728569,0.0709721633120699,555.3947229003907,553.2917677307129,78.6984819798336,20.799999237060547,24.020000457763672,79.66000366210938,1
2010-03-11,561.39453125,-0.0022522818143349,-0.008073654070155811,0.05511766402960516,554.6850366210938,553.686979675293,76.90616038799759,20.09000015258789,21.6299991607666,79.68000030517578,1
2010-03-12,558.5922241210938,-0.004991689396522281,-0.00849111805174041,0.07317988101179385,553.8468371582031,554.2860943603515,73.36246805193892,20.13999938964844,20.75,80.87000274658203,1
2010-03-15,554.6832885742188,-0.00699783380090091,-0.02218288783390665,0.08543500111345126,552.9208203125,554.7550241088867,67.05042170282712,19.729999542236328,20.979999542236328,80.20999908447266,1
2010-03-16,570.890380859375,0.029218641734845896,0.007370138360260459,0.12315216161150411,552.4617370605469,555.2975482177734,74.24801108767555,20.26000022888184,20.739999771118164,81.5,1
2010-03-17,580.7967529296875,0.017352494283403797,0.014814445900392492,0.14796270986917914,552.1001123046875,555.9819958496093,75.97047250486736,19.59000015258789,20.729999542236328,81.87000274658203,0
2010-03-18,576.8162841796875,-0.006853462471891447,0.016929750766848883,0.15711818915451237,551.5603503417968,556.5413043212891,68.31898386553809,17.729999542236328,20.799999237060547,81.48999786376953,0
2010-03-19,578.7796630859375,0.003403820176544059,0.028645731354837167,0.11802225427293611,551.0384375,557.051079864502,64.56315175151667,17.969999313354492,20.09000015258789,82.08999633789062,0
2010-03-22,576.2987060546875,-0.0042865311093033265,0.026548485913287845,0.11735199468522572,550.6007727050782,557.4483512878418,57.973135489387836,17.75,20.13999938964844,82.11000061035156,0
2010-03-23,576.5842895507812,0.0004955476961745475,0.032209659663624546,0.134234600976461,550.2262939453125,557.8497966003418,60.56541981244458,19.959999084472656,19.729999542236328,81.23999786376953,0
2010-03-25,586.0087890625,0.01634539768515264,0.05647457050455151,0.13645346552466986,549.9649841308594,558.2760412597656,63.7724763070906,18.1299991607666,20.26000022888184,79.80000305175781,0
2010-03-26,582.9207763671875,-0.005269567202657033,0.02107303943307448,0.1170092150645663,549.6479821777343,558.7008425903321,61.482088775194285,17.049999237060547,19.59000015258789,81.69999694824219,0
2010-03-29,594.005126953125,0.019015192175883877,0.022741817954062382,0.15857823698891416,549.5387426757812,559.0923944091796,64.25729980458954,17.889999389648438,17.729999542236328,82.93000030517578,0
2010-03-30,584.4915161132812,-0.01601604162685033,0.013306198427648352,0.13065410645256081,549.2824279785157,559.3173214721679,60.73641596837213,18.729999542236328,17.969999313354492,82.19999694824219,0
2010-03-31,582.18896484375,-0.00393940922332392,0.005890500263320941,0.13802722328992734,549.0143310546875,559.6056774902344,62.48293966122011,19.799999237060547,17.75,80.68000030517578,0
2010-04-01,589.2750244140625,0.012171408250952087,0.022516653643403606,0.14179922262849765,549.0107604980469,559.7655859375,66.5887816527408,19.8700008392334,19.959999084472656,81.25,0
2010-04-05,587.72216796875,-0.0026351981349567177,0.019316999473999452,0.11669930051764199,548.9507873535156,559.8186050415039,67.5937906653543,17.6200008392334,18.1299991607666,81.91000366210938,1
2010-04-06,589.7570190429688,0.003462267011726805,0.00639620096221627,0.11908547171976869,549.0189685058593,559.8813558959961,71.67436106333544,17.170000076293945,17.049999237060547,80.52999877929688,0
2010-04-07,587.5972900390625,-0.0036620657900959808,0.008022554455889175,0.11332821415437566,549.0907214355469,560.0169299316407,62.493336303090494,17.200000762939453,17.889999389648438,80.0,0
2010-04-08,580.4219360351562,-0.012211346317525074,-0.022867127406192678,0.09007446034646671,549.8175439453125,560.2503875732422,49.70777821027597,17.31999969482422,18.729999542236328,82.16999816894531,0
2010-04-09,585.7230834960938,0.009133265184892103,0.002107074865691949,0.10147026651794433,551.0245092773438,560.4763354492187,56.8039717227366,19.920000076293945,19.799999237060547,82.37000274658203,0
2010-04-12,573.1036376953125,-0.0215450716496568,-0.015605460936340187,0.06944654834458808,551.8452185058594,560.7395504760742,46.27112119778343,18.440000534057617,19.8700008392334,83.76000213623047,0
2010-04-13,570.5512084960938,-0.0044536956866704225,-0.0317743246230171,0.04079839393970763,552.8462036132812,561.0840782165527,46.22770985008905,20.049999237060547,17.6200008392334,84.87000274658203,1
2010-04-15,561.1803588867188,-0.016424204295483746,-0.04516046956976871,0.004922210816425743,553.849331665039,561.237716217041,40.967105084202224,20.13999938964844,17.170000076293945,86.62000274658203,1
2010-04-16,561.8943481445312,0.001272299086213513,-0.04724432265961298,-0.00719052906941442,554.9213586425781,561.3663999938965,34.2502995740189,21.57999992370605,17.200000762939453,86.83999633789062,1
2010-04-19,562.7332153320312,0.001492926900350744,-0.04231482195123526,-0.0011408016878231564,556.0572839355468,561.5466716003418,36.415944722945284,21.780000686645508,17.31999969482422,85.87999725341797,1
2010-04-20,567.2135009765625,0.00796165131622395,-0.022756609008991235,-9.414573824839678e-05,557.4316772460937,561.7100126647949,30.21357157667933,22.65999984741211,19.920000076293945,85.38999938964844,1
2010-04-21,563.2509765625,-0.006985948689938293,-0.03836643555084274,-0.006110046315383144,558.3430627441406,561.8167790222168,32.912133291301714,20.8700008392334,18.440000534057617,84.91999816894531,1
2010-04-22,561.2874145507812,-0.0034861226938340817,-0.020617951740891427,-0.019273827350112183,559.2533740234375,561.7701344299317,33.092630096758555,19.229999542236328,20.049999237060547,84.33999633789062,1
2010-04-23,577.4588623046875,0.028811349292142685,0.012106983046800579,0.018062618944164166,560.635619506836,561.7841502380371,41.66670971141082,20.530000686645508,20.13999938964844,84.05000305175781,1
2010-04-26,578.3156127929688,0.0014836563159874583,0.03053430797229484,0.027820990294566972,561.8889923095703,561.8981196594239,43.30029204200745,20.209999084472656,21.57999992370605,85.51000213623047,1
2010-04-27,581.7249755859375,0.005895332440539303,0.0352924486727626,0.03621418308202928,563.0863214111328,562.0185945129394,44.38913035507041,19.790000915527344,21.780000686645508,83.23999786376953,0
2010-04-28,568.5521240234375,-0.02264446622604055,0.010340439364278309,0.017830359020867048,564.2033282470703,562.0850749206543,38.469895117711744,19.81999969482422,22.65999984741211,81.44999694824219,1
2010-04-29,571.0151977539062,0.004332186313962705,0.006702408829829309,0.02944366545036492,565.284634399414,562.0921189880371,43.960483725596234,22.729999542236328,20.8700008392334,83.44999694824219,1
2010-04-30,576.5486450195312,0.009690542891661824,0.023608780118210326,0.009911297071845349,566.5840600585938,562.380885772705,44.127148099295475,21.190000534057617,19.229999542236328,83.68000030517578,1
2010-05-03,568.284423828125,-0.014333953019916135,0.012466000654840492,-0.021543386801746278,567.627880859375,562.5645515441895,46.732898591502675,20.350000381469727,20.530000686645508,83.69999694824219,1
2010-05-04,553.0947265625,-0.026729040298699158,-0.042191985148428035,-0.04112497907530965,568.1637158203125,562.8241893005371,39.8968086707281,22.13999938964844,20.209999084472656,85.12000274658203,1
2010-05-05,549.3463134765625,-0.006777162945005855,-0.050092542334278956,-0.050854153120104884,568.6106604003907,563.1100846862793,42.67409550740529,23.299999237060547,19.790000915527344,84.19999694824219,1
2010-05-06,545.0802612304688,-0.007765688312525221,-0.06299319419551941,-0.054170596769058665,568.9565771484375,563.4321408081055,40.0296632375636,23.690000534057617,19.81999969482422,82.44000244140625,1
2010-05-07,541.6712036132812,-0.00625423054119012,-0.04727960599272707,-0.06055157341297124,569.1407849121093,563.7840119934082,37.88017572129601,24.36000061035156,22.729999542236328,83.22000122070312,1
2010-05-10,552.184326171875,0.019408679081451607,-0.03297788159772741,-0.057720060725945044,569.5491760253906,564.1220106506348,41.913153711755974,27.399999618530277,21.190000534057617,85.16999816894531,1
2010-05-11,551.2741088867188,-0.0016483939185063523,-0.04383764726731132,-0.054289825930881275,569.8568969726563,564.3437559509277,43.33665432669746,24.13999938964844,20.350000381469727,86.1500015258789,1
2010-05-12,558.288818359375,0.01272454004201684,-0.0175890892828221,-0.06012794666765309,570.0589514160156,564.6919035339356,48.420501681767526,25.809999465942383,22.13999938964844,86.19000244140625,1
2010-05-13,560.8234252929688,0.004539956470993145,0.013973553460729704,-0.04049347196294517,570.106787109375,564.9812376403809,39.76728941576818,25.81999969482422,23.299999237060547,82.73999786376953,1
2010-05-14,545.9550170898438,-0.026511746001618763,-0.006173330563113755,-0.062237434822611015,569.7066088867188,565.128109588623,33.02123162647709,24.86000061035156,23.690000534057617,79.97000122070312,1
2010-05-17,573.63916015625,0.05070773635156556,0.0523939334389254,-0.026534069169756203,569.9118737792969,565.3874470520019,46.618851413018845,26.530000686645508,24.36000061035156,77.11000061035156,1
2010-05-18,592.9698486328125,0.033698341778648944,0.09470439757058835,0.008928845890225912,570.4259326171875,565.7856922912598,59.71039215362643,27.170000076293945,27.399999618530277,75.11000061035156,1
2010-05-19,583.1707153320312,-0.016525516977591193,0.056116024471349,-0.011167825898241057,570.7550744628907,566.0621266174317,54.56747969866321,26.540000915527344,24.13999938964844,76.80000305175781,1
2010-05-20,586.2050170898438,0.005203110646742504,0.06336395568017306,-0.002369433918128161,571.0328112792969,566.33637008667,53.697867339564304,32.040000915527344,25.809999465942383,76.37000274658203,1
2010-05-21,574.228271484375,-0.020430984478648995,0.02855055054092026,-0.010670969111005624,571.1731066894531,566.5494889831543,52.21324053468314,31.040000915527344,25.81999969482422,75.6500015258789,1
2010-05-24,582.3854370117188,0.014205440471012576,0.03844705970954454,-0.005698335234549878,571.5675793457032,566.8148213195801,61.50941260382835,32.2599983215332,24.86000061035156,74.4000015258789,1
2010-05-25,556.3612060546875,-0.044685579863679825,0.01906052447381623,-0.029213619560945814,571.4669128417969,566.9992854309082,52.345763575311715,31.299999237060547,26.530000686645508,71.61000061035156,1
2010-05-26,573.9425659179688,0.03160062145230369,0.0005289139633286588,0.005944001820299638,571.7739196777344,567.2241752624511,58.8622815539803,34.52000045776367,27.170000076293945,70.08000183105469,1
2010-05-27,581.4750366210938,0.01312408444750468,-0.019385154301221008,0.036164269495525536,572.3097546386718,567.46280960083,61.92007732424198,32.150001525878906,26.540000915527344,69.41000366210938,1
2010-05-28,580.6539306640625,-0.0014121086982558095,-0.004315691103480401,0.033386316451622156,572.5050256347656,567.6735987854004,59.05122831528699,29.01000022888184,32.040000915527344,69.87000274658203,1
2010-05-31,582.3673095703125,0.002950774662440425,-0.006546698522955641,0.034890590609080174,572.5364367675782,567.8936631774902,59.83511071452152,26.43000030517578,31.040000915527344,68.01000213623047,1
2010-06-01,568.8912353515625,-0.023140162569724287,-0.009294276157835846,0.002957853386972298,572.3779357910156,568.0519282531739,53.221956863504474,26.43000030517578,32.2599983215332,70.04000091552734,1
2010-06-02,582.4387817382812,0.02381394815890725,9.15969445187681e-05,0.03406617293925307,572.4511181640624,568.3295750427246,56.15658110576679,29.07999992370605,31.299999237060547,70.20999908447266,1
2010-06-03,595.0046997070312,0.02157465876713638,0.06945756323733554,0.06007133650633367,572.8252380371093,568.706636505127,64.15622135304186,27.76000022888184,34.52000045776367,68.75,1
2010-06-04,596.8788452148438,0.0031497995036597892,0.03996267337340709,0.0336300716429383,573.2311291503906,569.1466609191895,57.881371754742055,25.290000915527344,32.150001525878906,71.51000213623047,1
2010-06-07,585.5267944335938,-0.01901902014497414,0.006968068373226277,0.012469284039901218,573.2214892578126,569.5147778320312,47.33138979911512,24.71999931335449,29.01000022888184,74.55000305175781,1
2010-06-08,580.9573364257812,-0.007804011791181509,0.0005225242535975561,-0.0013195912026693346,573.1822204589844,569.9000866699218,49.175502624186166,27.989999771118164,26.43000030517578,73.97000122070312,1
2010-06-09,586.4370727539062,0.009432252567525667,0.006988309811889248,0.031457008029278644,573.030859375,570.1828427124024,50.084895481649006,28.770000457763672,26.43000030517578,73.97000122070312,1
2010-06-10,597.0216674804688,0.018048986359026076,0.049447821272061265,0.045544268924643694,573.2814624023438,570.5344662475586,58.424573015432586,28.15999984741211,29.07999992370605,72.58000183105469,1
2010-06-11,598.6815795898438,0.002780321384950879,0.027887562368505092,0.038388668088124245,573.6113146972656,571.0246954345703,56.327027380561944,26.5,27.76000022888184,72.86000061035156,1
2010-06-14,608.2667846679688,0.016010522796929605,0.02228904236801399,0.07035624972880883,573.9911499023438,571.4270172119141,73.10139425315396,25.100000381469727,25.290000915527344,74.61000061035156,1
2010-06-15,615.602783203125,0.012060495032883756,0.03136974637045764,0.11301510146212101,574.5487622070312,571.8597723388672,70.40215403579818,22.950000762939453,24.71999931335449,71.51000213623047,1
2010-06-16,614.4425048828125,-0.0018847840717601816,0.04938409433028634,0.1184975484668056,575.0424719238281,572.2850308227539,67.21981171474752,21.979999542236328,27.989999771118164,71.44000244140625,1
2010-06-17,634.3623046875,0.03241930635721024,0.09192580059369182,0.16379614124254882,575.9777722167969,572.8092639160157,73.38723995071436,22.670000076293945,28.770000457763672,71.98999786376953,1
2010-06-18,642.0374755859375,0.012099033693716121,0.09481051832370002,0.1852900270554374,577.2100830078125,573.2522824096679,74.70080183692816,20.850000381469727,28.15999984741211,74.37999725341797,0
2010-06-21,655.5494384765625,0.021045442679640702,0.09803290932989195,0.18719312991240833,578.6066101074218,573.7214505004882,85.86199650020409,19.959999084472656,26.5,75.4800033569336,0
2010-06-22,651.55126953125,-0.006098958691207024,0.08831019985219402,0.1819007260236436,580.1755627441406,574.1671475219727,81.05553931326371,19.40999984741211,25.100000381469727,73.77999877929688,0
2010-06-23,630.0963745117188,-0.03292894361938192,0.035888183267587026,0.12862080305201573,581.3664660644531,574.4609466552735,64.60189442501844,20.63999938964844,22.950000762939453,75.12000274658203,1
2010-06-24,639.5922241210938,0.01507047174606213,0.038969026087156466,0.14045204831980218,582.9347033691406,574.7702746582031,66.71323721172831,20.34000015258789,21.979999542236328,76.94000244140625,1
2010-06-25,627.9720458984375,-0.018168104277103025,0.02201921401613549,0.1502267150978427,584.2562573242187,575.1123538208008,66.57354583503934,20.06999969482422,22.670000076293945,77.66999816894531,1
2010-06-28,640.0385131835938,0.019214975195102513,0.008947896894488272,0.11575108123590727,585.80236328125,575.5449307250976,71.79341703207191,20.0,20.850000381469727,76.79000091552734,1
2010-06-29,641.4306640625,0.002175104857333743,-0.0009451341183529527,0.08172559792276402,587.2867065429688,576.0172219848632,70.91637258101883,19.549999237060547,19.959999084472656,77.18000030517578,1
2010-06-30,645.7678833007812,0.006761789670003404,-0.014921155601189562,0.10733935419426888,588.9370446777343,576.5423468017578,69.46527750020229,20.63999938964844,19.40999984741211,77.81999969482422,1
2010-07-01,640.4845581054688,-0.0081814616860586,-0.01698517360536045,0.09259480801629838,590.5209875488281,576.9470782470703,66.22324550183339,20.06999969482422,20.63999938964844,77.20999908447266,1
2010-07-02,637.5750732421875,-0.0045426307730001,0.011869134680015048,0.11031641056972274,591.7233117675781,577.2819293212891,61.99576814215445,21.440000534057617,20.34000015258789,76.3499984741211,1
2010-07-05,639.3065795898438,0.002715768574281352,-0.0004466041338174742,0.09773792227737244,592.9431311035156,577.5910781860351,60.16837543417392,21.899999618530277,20.06999969482422,76.51000213623047,0
2010-07-06,642.4658203125,0.00494166777492433,0.023080285991594174,0.15476387160133664,594.1579479980469,577.9438690185547,61.81865639215574,21.989999771118164,20.0,78.86000061035156,0
2010-07-07,637.8785400390625,-0.0071401156737119775,-0.003374754956209425,0.11139786089716841,595.5444763183593,578.2756860351562,51.70322444838115,20.899999618530277,19.549999237060547,78.25,1
2010-07-08,649.677001953125,0.01849640828697563,0.012856164122863722,0.11729130407445787,597.1177124023437,578.6183023071289,53.55835929859674,22.11000061035156,20.63999938964844,75.94000244140625,1
2010-07-09,650.4801635742188,0.0012362475794573946,0.007297173481826125,0.12025447383142618,598.5963427734375,579.0061666870117,47.32173779569556,21.1200008392334,20.06999969482422,75.62999725341797,1
2010-07-12,651.9080810546875,0.002195174519423748,0.01783575076815147,0.11941049976806606,600.2688159179687,579.3571716308594,50.19377789327698,20.209999084472656,21.440000534057617,72.94999694824219,1
2010-07-13,656.4418334960938,0.006954588496696168,0.02959143330049785,0.15389690103140174,602.3357580566407,579.7280789184571,67.5295161112158,19.90999984741211,21.899999618530277,72.13999938964844,1
2010-07-14,672.506103515625,0.02447173412757042,0.05193052126427489,0.15463826345584164,604.7989538574219,580.1533377075195,70.13957928278045,19.11000061035156,21.989999771118164,72.13999938964844,0
2010-07-15,668.9363403320312,-0.005308149866495304,0.04120144478138266,0.12425387675324662,607.2760754394532,580.5437908935547,77.80482570794366,20.06999969482422,20.899999618530277,71.9800033569336,1
2010-07-16,667.776123046875,-0.001734421072983383,0.04687033836564192,0.11878001440394836,609.798173828125,580.9043463134766,72.09895129752982,20.18000030517578,22.11000061035156,74.06999969482422,0
2010-07-19,676.23681640625,0.012669954895618618,0.04088156787646513,0.1549203603233975,612.2792236328125,581.3669998168946,74.92338514414782,19.700000762939453,21.1200008392334,75.44000244140625,0
2010-07-20,679.6995849609375,0.00512064482541752,0.044919773150599474,0.16996471572705718,614.8477331542969,581.8054669189453,74.60536227535104,20.709999084472656,20.209999084472656,76.08999633789062,0
2010-07-21,683.8225708007812,0.006065894302525798,0.04895550565113571,0.1660629973298806,617.358408203125,582.2859689331054,81.96419182206472,20.3799991607666,19.90999984741211,74.94999694824219,0
2010-07-22,688.0171508789062,0.00613401817552317,0.04810070865631455,0.15241571345719107,619.9022827148438,582.7817321777344,86.51169736099195,20.0,19.11000061035156,77.1500015258789,0
2010-07-23,691.7832641601562,0.005473865406464107,0.02866466273503998,0.1555111894942489,622.81884765625,583.225553894043,86.897619574864,18.899999618530277,20.06999969482422,77.04000091552734,0
2010-07-26,685.3931274414062,-0.009237194725298492,0.024601424854877152,0.12679690017191714,625.0539270019531,583.6802627563477,78.87146444929931,19.239999771118164,20.18000030517578,76.62000274658203,0
2010-07-27,665.2951049804688,-0.029323349850273628,-0.0037153440813157967,0.08072140531721272,626.5004321289063,584.053579711914,65.25637010927562,19.96999931335449,19.700000762939453,76.01000213623047,1
2010-07-28,651.0156860351562,-0.021463285748557714,-0.037296298810122974,0.059522544195276694,627.8573315429687,584.3089132690429,50.72491550419521,19.21999931335449,20.709999084472656,76.54000091552734,1
2010-07-29,648.9808349609375,-0.00312565598320913,-0.045194598731092994,0.023044449781168597,629.1128479003906,584.5600518798828,49.19878119502119,19.520000457763672,20.3799991607666,77.44000244140625,1
2010-07-30,640.5379638671875,-0.013009430539282718,-0.0632980085505307,-0.0023355517018402994,630.4390417480469,584.8161874389648,44.34774957370245,18.32999992370605,20.0,76.55999755859375,1
2010-08-02,646.9639892578125,0.01003223189431024,-0.059668805593945495,-0.013096570166701405,631.7306127929687,585.1356896972657,45.37543041241565,18.940000534057617,18.899999618530277,79.30000305175781,1
2010-08-03,637.2717895507812,-0.01498104974613812,-0.07879848708909343,-0.021916126402058755,633.3488244628907,585.3644284057617,31.66801417327136,17.989999771118164,19.239999771118164,78.9800033569336,1
2010-08-04,644.7149047851562,0.011679655927687715,-0.05935020505400024,0.023200467205934716,634.7642712402344,585.6303826904297,37.88613250271371,17.549999237060547,19.96999931335449,78.9800033569336,1
2010-08-05,645.6786499023438,0.0014948392072751115,-0.029485344069532737,0.009516103466726378,636.0483435058594,585.8421633911133,38.9266281491722,17.040000915527344,19.21999931335449,77.5,1
2010-08-06,643.1085205078125,-0.003980508562455909,-0.012145890946960614,0.024103739502797872,637.2974353027344,586.0360961914063,32.35735032933657,17.709999084472656,19.520000457763672,76.98999786376953,1
2010-08-09,647.1781616210938,0.006328078362370038,-0.0027776988822054705,0.011155029409069428,638.59365234375,586.2461822509765,32.79177515377664,17.3700008392334,18.32999992370605,78.36000061035156,1
2010-08-10,652.3364868164062,0.007970487110367852,0.0184197090801399,0.017002340806150817,640.2625573730469,586.5202569580078,33.5201737852602,17.0,18.940000534057617,78.94999694824219,1
2010-08-11,647.392333984375,-0.007579145014806943,0.0006620843411297983,0.0025155334069735247,641.5616284179688,586.7707720947266,28.902500331234776,17.329999923706055,17.989999771118164,81.33999633789062,1
2010-08-12,643.5011596679688,-0.006010535052922261,0.009775060216581366,0.004709873992002178,642.5315576171874,587.1149053955078,24.958404031706635,18.11000061035156,17.549999237060547,82.55000305175781,1
2010-08-13,645.6786499023438,0.003383817109977816,0.0014948392072751115,0.012709996046344818,643.5075537109375,587.5402526855469,28.460800021185605,18.0,17.040000915527344,82.47000122070312,1
2010-08-16,638.9674072265625,-0.010394091049465981,-0.010394091049465981,-0.0005305316324115683,644.5763659667969,587.9146405029297,33.295537013672515,16.739999771118164,17.709999084472656,82.01000213623047,1
2010-08-17,637.5834350585938,-0.0021659511147460453,-0.00859121792517381,-0.007599447471822618,645.7088879394531,588.3233401489258,39.80999248045102,18.11000061035156,17.3700008392334,80.69999694824219,1
2010-08-18,644.2520751953125,0.01045924308887658,-0.004521299696596426,0.009991769210263346,646.8651879882813,588.7045172119141,46.648300875951314,17.6299991607666,17.0,81.4800033569336,1
2010-08-19,653.7068481445312,0.01467558012343595,0.0021006970418178117,0.006202845689921688,647.9988916015625,589.1669708251953,59.201979611908044,16.399999618530273,17.329999923706055,80.25,1
2010-08-20,671.8253173828125,0.027716505173088546,0.03774061278740315,0.03281445769430946,649.4617663574219,589.7273348999023,64.93225409114905,16.530000686645508,18.11000061035156,78.0199966430664,1
2010-08-23,675.2764282226562,0.0051369169195469855,0.04937872772612062,0.03584607684286145,650.8019592285157,590.3799212646485,74.67641990828,16.700000762939453,18.0,75.73999786376953,1
2010-08-24,668.8775634765625,-0.00947591901428535,0.03592950390682348,0.018944146070396295,651.8674548339844,590.9636544799805,65.90449453098573,17.139999389648438,16.739999771118164,75.38999938964844,1
2010-08-25,665.480224609375,-0.005079164039423656,0.0414932234147769,-0.010447308759758744,652.8882092285156,591.5381658935547,62.62930843199585,16.989999771118164,18.11000061035156,75.23999786376953,1
2010-08-26,670.369384765625,0.0073468150899898,0.05142221065391728,0.0021422732585920645,653.6083508300782,592.0706344604492,66.88724645045764,18.920000076293945,17.6299991607666,75.7699966430664,1
2010-08-27,661.3460693359375,-0.013460214077112509,0.02653308355342543,-0.009629056039917927,653.9945227050781,592.518896484375,58.269075260849895,17.09000015258789,16.399999618530273,75.41999816894531,1
2010-08-30,653.83251953125,-0.011360995631578996,0.00019224425608421747,-0.03313084459681448,653.9601843261719,592.9367300415039,50.84979402609811,19.6299991607666,16.530000686645508,74.43000030517578,1
2010-08-31,651.9990234375,-0.0028042289714566015,-0.029511084849479285,-0.040754124522570434,653.9691394042969,593.2711437988281,52.71260659800691,18.36000061035156,16.700000762939453,73.45999908447266,1
2010-09-01,659.20703125,0.011055243264779246,-0.023796768702487148,-0.03599696851473555,654.5513525390625,593.6391879272461,58.900585313143566,18.46999931335449,17.139999389648438,73.0999984741211,1
2010-09-02,661.9570922851562,0.004171771393186585,-0.010346394570982964,-0.03787704792018576,654.9986499023438,594.0138424682617,59.165582996318726,16.700000762939453,16.989999771118164,71.62999725341797,1
2010-09-03,659.6923828125,-0.00342123303617492,-0.008697240853809518,-0.046388635010729096,655.633056640625,594.3619128417969,62.284310604306555,16.149999618530273,18.920000076293945,72.5199966430664,1
2010-09-06,659.27880859375,-0.0006269198031161327,-0.016543977729162718,-0.038101226583846626,656.0178625488281,594.7019357299805,63.009147397014004,15.859999656677246,17.09000015258789,73.36000061035156,1
2010-09-07,674.5036010742188,0.023093101555840212,0.01989507815702729,0.0138412202717475,656.6793212890625,595.1688635253906,66.45155722550643,15.220000267028809,19.6299991607666,75.16999816894531,1
2010-09-08,671.016357421875,-0.0051700890058851146,0.026281711871634306,0.03072225726007871,657.1842907714844,595.6417373657226,60.06674745650447,15.829999923706056,18.36000061035156,74.69999694824219,1
2010-09-09,676.3909912109375,0.008009691164180488,0.03741104955163421,0.04223569445105402,657.9024194335938,596.107571105957,53.117358088611574,15.970000267028809,18.46999931335449,71.91999816894531,1
2010-09-13,684.6593627929688,0.012224248532979987,0.03861052800772713,0.06888178595910621,658.8441052246094,596.6116235351562,56.01107041081578,15.920000076293944,16.700000762939453,73.91000366210938,1
2010-09-14,690.3034057617188,0.008243578157941078,0.0428219801659766,0.06698891626661418,659.8640417480469,597.1192642211914,63.8602700502307,18.13999938964844,16.149999618530273,75.0199966430664,1
2010-09-15,689.4945678710938,-0.0011717136028503994,0.0451758817216239,0.08194741894525848,660.8046166992187,597.6201828002929,66.07304074441132,18.600000381469727,15.859999656677246,74.5999984741211,1
2010-09-16,695.2643432617188,0.00836812305634238,0.05458318119571648,0.07840587847648339,661.9523327636718,598.1851135253906,66.46831533259312,19.43000030517578,15.220000267028809,74.5999984741211,1
2010-09-17,705.7435302734375,0.015072234198804768,0.04631543723334586,0.09302596636915017,663.0736633300781,598.8767819213867,78.81444556767875,18.850000381469727,15.829999923706056,74.08999633789062,1
2010-09-20,719.009033203125,0.018796492437625156,0.07152236342738894,0.11802131409389482,664.4442407226562,599.5898867797852,89.36148880769764,19.489999771118164,15.970000267028809,74.66999816894531,1
2010-09-21,733.3349609375,0.019924544856626092,0.08418794819342024,0.13312686432526566,666.0727783203125,600.348561706543,92.6804958415111,21.950000762939453,15.920000076293944,74.25,1
2010-09-22,715.9893188476562,-0.023653095807226965,0.045759917642667514,0.0975766852194555,667.2637280273437,601.025149230957,76.93087059752588,22.6299991607666,18.13999938964844,77.19000244140625,1
2010-09-23,718.3800048828125,0.003338996786996562,0.04067283876444505,0.10965170140576741,668.1812060546876,601.7175280761719,76.85196104687539,24.290000915527344,18.600000381469727,76.80000305175781,1
2010-09-24,725.8754272460938,0.010433784782893474,0.0527645337182725,0.1280095091369038,669.3199877929687,602.4501507568359,80.00311003950635,23.899999618530277,19.43000030517578,76.0199966430664,1
2010-09-27,728.6256103515625,0.0037887811079411193,0.0479835725982074,0.1284647718517007,670.5369775390625,603.1709103393555,80.78515867588197,21.709999084472656,18.850000381469727,74.56999969482422,1
2010-09-28,736.0132446289062,0.010139136165937312,0.04289053042220714,0.15187916676935242,671.7325061035157,603.8944259643555,79.34813882918931,22.36000061035156,19.489999771118164,73.66000366210938,1
2010-09-29,733.478759765625,-0.0034435315964445046,0.020124540714097305,0.1504043540563731,672.8080895996094,604.6045559692383,80.07617614558109,21.209999084472656,21.950000762939453,74.86000061035156,1
2010-09-30,738.098388671875,0.0062982449658475215,0.00649556885749103,0.1456670720821689,673.8936059570312,605.2827194213867,79.93025252375736,22.15999984741211,22.6299991607666,73.5199966430664,1
2010-10-01,754.4555053710938,0.022161160287385906,0.05372452564703978,0.15411901758796853,675.222373046875,606.037314453125,81.39047673425287,22.25,24.290000915527344,74.70999908447266,0
2010-10-04,743.2571411132812,-0.014842975070218811,0.034629494225033364,0.10632499532578077,676.2518505859375,606.7193167114258,72.68245700081255,21.43000030517578,23.899999618530277,75.18000030517578,0
2010-10-05,738.1702270507812,-0.006844083670532353,0.01693789229280407,0.09313785614235481,677.307392578125,607.4081030273437,70.11283334258059,22.799999237060547,21.709999084472656,76.48999786376953,0
2010-10-06,745.0186767578125,0.009277602179097455,0.022498614066475575,0.11383415656147666,678.9018640136719,608.1290783691406,70.37689920674637,22.170000076293945,22.36000061035156,76.5199966430664,0
2010-10-07,732.2025756835938,-0.017202388979014716,-0.005177446157553667,0.1002619591188958,680.5256018066407,608.8272943115235,60.63277919246752,21.729999542236328,21.209999084472656,76.18000030517578,1
2010-10-08,734.5753173828125,0.003240553609093144,0.0014950093681485033,0.09577694637656409,682.2374914550782,609.5549560546875,56.85562432260395,22.450000762939453,22.15999984741211,77.86000061035156,1
2010-10-11,732.6517944335938,-0.002618551023565563,-0.007379225211535556,0.10781908051446476,684.0797680664062,610.344396057129,49.66222312888875,21.399999618530277,22.25,79.97000122070312,0
2010-10-12,718.8114013671875,-0.018890819856799967,-0.04724480602255532,0.09938153868902488,685.5167163085938,611.0524078369141,51.44541847017036,21.200000762939453,21.43000030517578,81.58000183105469,0
2010-10-13,747.067626953125,0.03930965136639997,0.0051267396289476075,0.1458109599833446,687.7126330566406,611.8033517456055,61.6156274126217,20.51000022888184,22.799999237060547,81.47000122070312,0
2010-10-14,723.3230590820312,-0.03178369268647696,-0.020113474405583975,0.09726235430234009,689.2847961425781,612.4174560546875,49.086719896568596,20.020000457763672,22.170000076293945,82.81999969482422,0
2010-10-15,714.8929443359375,-0.011654702059122002,-0.040436211012825574,0.07996870592932281,690.66908203125,612.9870001220703,45.27815320041972,20.600000381469727,21.729999542236328,83.2300033569336,0
2010-10-18,724.52734375,0.013476702337595237,-0.01048238860185391,0.09828059657303578,692.2974584960938,613.6404141235352,46.110772860537566,22.649999618530277,22.450000762939453,81.66999816894531,1
2010-10-19,717.4812622070312,-0.00972507332366468,-0.023270663703600758,0.08828200278032261,693.7035205078125,614.233430480957,44.743703847500576,22.350000381469727,21.399999618530277,82.66000366210938,1
2010-10-20,720.7886962890625,0.004609784612154666,-0.016192000394542827,0.06862097569402126,695.0725646972656,614.8183520507813,44.263086987656415,23.229999542236328,21.200000762939453,82.20999908447266,1
2010-10-21,734.5213012695312,0.019052192481888497,0.02185538497645334,0.09463993410183003,696.8151440429688,615.46658203125,43.2762801958225,23.799999237060547,20.51000022888184,81.66999816894531,0
2010-10-22,725.9474487304688,-0.01167270782241936,-0.028270771561597074,0.07326599284063606,698.4640698242188,616.1054095458984,44.056284659202845,22.190000534057617,20.020000457763672,83.01000213623047,0
2010-10-25,731.4475708007812,0.007576474137254818,0.011232203393406026,0.06833793642570929,700.1794482421875,616.786106262207,47.69814002089864,21.61000061035156,20.600000381469727,82.69000244140625,0
2010-10-26,733.5686645507812,0.002899857535486605,0.026123799881941245,0.06267571393671623,702.0714733886718,617.4585781860352,45.94831120059334,21.36000061035156,22.649999618530277,81.25,0
2010-10-27,723.808349609375,-0.01330525063714827,-0.000992363016837472,0.04976657299016818,703.7959716796875,618.0837655639648,46.96397011718862,20.549999237060547,22.350000381469727,83.08000183105469,0
2010-10-28,719.1888427734375,-0.006382223745319493,0.002379965382167004,0.034410652212482074,705.29470703125,618.6823742675781,44.524005644298015,21.020000457763672,23.229999542236328,79.48999786376953,0
2010-10-29,728.985107421875,0.013621268943299736,0.011371447936144419,0.0329320442221166,706.8002722167969,619.3407635498047,48.764285029613966,20.520000457763672,23.799999237060547,81.7699966430664,0
2010-11-01,749.2067260742188,0.027739412570250366,0.019993191183571568,0.04199904518106745,708.347900390625,620.108828125,59.8211514166406,20.76000022888184,22.190000534057617,80.55999755859375,0
2010-11-02,766.8759155273438,0.023583863889890644,0.05637937962100481,0.04573756383708316,710.1798901367188,620.9959399414063,56.870379457641846,20.920000076293945,21.61000061035156,81.69000244140625,0
2010-11-03,772.52001953125,0.007359866035204776,0.056152279903675106,0.07895467040566562,712.2527392578126,621.904935913086,69.51382187590936,21.25,21.36000061035156,82.5199966430664,0
2010-11-04,780.8064575195312,0.010726502587349529,0.06439450763300703,0.08689892843955516,714.5592639160157,622.8772283935547,76.17422353037554,21.530000686645508,20.549999237060547,82.55000305175781,0
2010-11-08,776.7081909179688,-0.005248761152132242,0.07308542563393017,0.07002959704081735,716.6860400390625,623.8407211303711,71.67394682736258,19.36000061035156,21.020000457763672,81.94000244140625,0
2010-11-09,781.1300048828125,0.005693018325991561,0.08612642247133406,0.0720594963796517,719.08171875,625.0259671020508,77.02646456489254,19.61000061035156,20.520000457763672,82.18000030517578,0
2010-11-10,777.750732421875,-0.004326133217023798,0.06689522804171433,0.05670752272129631,721.5600830078125,626.2878466796875,74.17241493631491,18.75,20.76000022888184,81.43000030517578,0
2010-11-11,765.1503295898438,-0.016201081280623475,0.02128064653018824,0.04317994134463965,723.8231091308594,627.4532574462891,63.12384734236247,19.07999992370605,20.920000076293945,82.94999694824219,0
2010-11-12,747.8407592773438,-0.02262244377752376,-0.024821690008233532,0.013199284478860651,725.5957836914063,628.5899514770508,58.727442954104404,19.36000061035156,21.25,83.9000015258789,0
2010-11-15,749.476318359375,0.0021870419093119597,-0.02982926084667359,-0.0065997092953409275,727.3461682128906,629.7822132873536,57.415367312766264,21.6299991607666,21.530000686645508,84.69000244140625,0
2010-11-16,720.9863891601562,-0.03801311462593515,-0.07661318343781587,-0.029963724155770532,728.5720483398437,630.8456802368164,45.74728454831041,20.25,19.36000061035156,86.48999786376953,0
2010-11-18,732.7777099609375,0.016354429123851322,-0.05655982706338025,-0.007305248697700106,730.0420263671875,631.9798840332031,52.99051932480205,21.1299991607666,19.61000061035156,87.05999755859375,0
2010-11-19,736.4627075195312,0.005028806838011102,-0.057182923564666255,-0.011484234563776674,731.2812084960938,633.1697283935547,55.795480747532345,20.6200008392334,18.75,86.72000122070312,0
2010-11-22,734.9347534179688,-0.002074720262087326,-0.05505103012964008,0.003731450591831331,732.5595764160156,634.2559936523437,52.11339426134291,21.600000381469727,19.07999992370605,87.80999755859375,0
2010-11-23,736.6064453125,0.002274612660180697,-0.03730493626349818,0.0027650369970557698,733.7638854980469,635.3601666259766,44.84484569471961,19.93000030517578,19.36000061035156,87.80999755859375,0
2010-11-24,725.066650390625,-0.015666160668712736,-0.030453152765738456,-0.010353000020743464,734.57203125,636.4437669372559,31.99135799288385,23.26000022888184,21.6299991607666,84.87999725341797,0
2010-11-25,695.318359375,-0.0410283537376851,-0.07226106770515217,-0.03268317940909604,734.6723303222657,637.3421238708496,22.464424354622707,24.68000030517578,20.25,84.86000061035156,0
2010-11-26,696.39697265625,0.0015512509726041124,-0.034105243696138765,-0.06782606081263687,734.8103784179688,638.2148161315918,18.261736455129494,21.6299991607666,21.1299991607666,82.33999633789062,0
2010-11-29,706.372802734375,0.014324918788883423,-0.03603399348483194,-0.023433866976628415,735.0325476074219,639.1831712341309,24.67308805578547,22.57999992370605,20.6200008392334,81.8499984741211,0
2010-11-30,701.034423828125,-0.0075574525032462425,-0.048106011790782555,-0.019385448713143516,734.9383654785156,640.1035939025879,21.34769246355269,21.309999465942383,21.600000381469727,81.51000213623047,0
2010-12-01,729.5245361328125,0.04064010458874767,-0.0073614933298430385,0.006897175691048529,735.1486755371094,641.1933297729493,35.37558200570511,20.709999084472656,19.93000030517578,81.73999786376953,0
2010-12-02,724.4014892578125,-0.007022446293797224,-0.016569168152621327,0.009645167637540863,734.9700061035156,642.234870300293,37.05606018011381,19.200000762939453,23.26000022888184,81.25,0
2010-12-03,726.6663208007812,0.003126486591419342,0.002206239122009679,0.008154434915502051,735.1835461425782,643.2366870117188,42.56308436859038,18.799999237060547,24.68000030517578,83.86000061035156,0
2010-12-06,722.3704223632812,-0.00591178965438488,0.038906009921264806,-0.01654258206705328,735.2633544921875,644.2135437011718,40.65447288089868,18.600000381469727,21.6299991607666,83.86000061035156,0
2010-12-07,724.9227294921875,0.003533238695676566,0.040961919646394174,-0.0014115611812856033,735.2443005371093,645.1992352294922,51.652770780146355,19.3700008392334,22.57999992370605,83.76000213623047,0
2010-12-08,716.8880004882812,-0.01108356611957062,0.014886187170856324,-0.01990514548645006,735.0095483398437,646.1213711547852,43.11098809267381,19.239999771118164,21.309999465942383,85.7300033569336,0
2010-12-09,697.5472412109375,-0.02697877390076342,-0.004974338632538378,-0.04910436484075065,734.2402282714844,646.9502835083008,35.14475448191601,20.43000030517578,20.709999084472656,84.11000061035156,0
2010-12-10,698.76953125,0.0017522684727999671,-0.042157601779706844,-0.03459316043105598,733.5460437011719,647.7646908569336,36.16231629538464,22.600000381469727,19.200000762939453,86.75,0
2010-12-13,705.4562377929688,0.009569258881404252,-0.02615297144716555,-0.019094574559181288,732.8932006835937,648.5510415649414,38.52168816523785,21.6299991607666,18.799999237060547,88.0,0
2010-12-14,718.9370727539062,0.01910938515918792,-0.010636584943633287,-0.013783593883700318,732.18283203125,649.3535687255859,47.77321058833077,22.56999969482422,18.600000381469727,89.19000244140625,0
2010-12-15,718.7574462890625,-0.0002498500517655877,-0.0050015559363555395,-0.04064202672699957,731.6928381347657,650.117536315918,60.84500598694169,21.459999084472656,19.3700008392334,89.37999725341797,0
2010-12-16,712.9876098632812,-0.008027515339939617,-0.01646398870299859,-0.07026991534478699,731.1891857910156,650.8655947875976,57.356928538292856,21.420000076293945,19.239999771118164,88.69000244140625,0
2010-12-20,711.1720581054688,-0.0025464001515547174,-0.007973271109182,-0.07941277879504793,730.5122534179687,651.5851205444336,52.29421077293758,20.239999771118164,20.43000030517578,88.27999877929688,0
2010-12-21,710.1115112304688,-0.001491266231445132,0.018012070405037717,-0.09054093445083233,730.0704321289063,652.3021099853515,54.524198479552446,20.780000686645508,22.600000381469727,88.37000274658203,0
2010-12-22,702.8857421875,-0.010175541346242989,0.005890656008049833,-0.09504528160469139,729.436640625,652.9549478149414,33.15125077208154,19.770000457763672,21.6299991607666,87.79000091552734,0
2010-12-23,695.6777954101562,-0.010254791561017274,-0.013861160847346787,-0.10939563061013902,728.6971606445312,653.5972692871094,32.299401440844804,19.559999465942383,22.56999969482422,88.61000061035156,0
2010-12-24,704.6832275390625,0.012944831915465693,-0.01982627653383351,-0.09394720163783599,728.4145971679687,654.3073764038086,37.49229926163203,19.030000686645508,21.459999084472656,88.27999877929688,0
2010-12-27,701.0164184570312,-0.005203485678006992,-0.024682913441283927,-0.08381870679869052,727.4935729980468,655.0054858398438,37.762628629791045,17.649999618530273,21.420000076293945,88.62000274658203,0
2010-12-28,697.3314208984375,-0.005256649432982763,-0.021958570875931338,-0.06754023199767101,726.973740234375,655.6991818237304,34.39084892213516,18.450000762939453,20.239999771118164,87.69999694824219,0
2010-12-29,703.4249877929688,0.008738408613052862,-0.01089338399084161,-0.0614446773544679,726.7443811035156,656.4428903198242,42.21257071521575,18.1299991607666,20.780000686645508,88.80999755859375,0
2010-12-30,710.1654052734375,0.009582283253282142,7.589518282191676e-05,-0.015008582754694744,726.4571423339844,657.1392654418945,58.544222185485204,17.1299991607666,19.770000457763672,89.81999969482422,0
2010-12-31,711.5316162109375,0.0019237925803692324,0.01230053976700396,-0.028993913790216874,726.3381494140625,657.7929397583008,58.62486573532493,17.020000457763672,19.559999465942383,90.4800033569336,0
2011-01-03,711.98095703125,0.0006315120931734697,0.023434931700647033,-0.03324234918932667,726.1619946289062,658.4687631225586,54.81551220083516,16.559999465942383,19.030000686645508,91.51000213623048,0
2011-01-04,710.219482421875,-0.002474047363176468,0.007856373852044962,-0.033629204335691276,725.6759582519531,659.1259622192383,42.22026134178691,16.989999771118164,17.649999618530273,91.51000213623048,0
2011-01-05,693.2871704101562,-0.02384095681799514,-0.011025773210686651,-0.058809253133762396,725.0227526855468,659.7109045410157,32.50192254310731,17.030000686645508,18.450000762939453,91.0,0
2011-01-06,675.0966796875,-0.026238031654176708,-0.03188547159152877,-0.06891776180328246,723.8957348632813,660.2034664916993,27.76376482791771,17.8799991607666,18.1299991607666,91.48999786376952,0
2011-01-07,663.7186889648438,-0.016853868586530596,-0.05644709744063192,-0.04544633401965714,722.4987353515625,660.5920159912109,24.96216029607072,18.200000762939453,17.1299991607666,91.12000274658205,0
2011-01-10,640.1717529296875,-0.0354772834133702,-0.09855964796933481,-0.08073731209959745,720.8260034179688,660.8782708740234,20.17486552709785,20.81999969482422,17.020000457763672,89.83999633789062,0
2011-01-11,640.0638427734375,-0.00016856438253665118,-0.10044216140117801,-0.09387247032198154,719.2435034179688,661.108564453125,21.47877410773664,23.15999984741211,16.559999465942383,91.37999725341795,0
2011-01-12,632.7661743164062,-0.011401469618108728,-0.1112596930192431,-0.09738216440061198,717.3191247558593,661.3499377441407,21.461290126088812,22.32999992370605,16.989999771118164,91.5500030517578,0
2011-01-13,628.4882202148438,-0.006760718690729806,-0.11507887945895912,-0.13849611755837465,714.9047546386719,661.5814340209961,13.886595522487369,21.40999984741211,17.030000686645508,89.37999725341797,0
2011-01-14,614.7553100585938,-0.021850704141368804,-0.11327464823141353,-0.1513610626498808,711.8623425292968,661.7088354492188,12.676975796186412,23.149999618530277,17.8799991607666,90.3000030517578,0
2011-01-17,603.8447875976562,-0.017747748221804804,-0.10554324178105279,-0.16902053898380276,708.488837890625,661.7894485473632,11.93097850049783,23.809999465942383,18.200000762939453,88.37999725341797,0
2011-01-18,605.3906860351562,0.002560092376801437,-0.0878806095104202,-0.16193871275268756,704.9805224609376,661.8676168823242,8.543669975201482,23.56999969482422,20.81999969482422,88.02999877929688,0
2011-01-19,593.70703125,-0.019299363294924765,-0.0725816493262097,-0.18100646165985834,701.3204992675782,661.8981655883789,2.728864603245853,21.459999084472656,23.15999984741211,89.25,0
2011-01-20,595.3785400390625,0.0028153764417162552,-0.06981382129124925,-0.16949573764166392,697.6054699707031,661.9729486083984,2.969349605872665,21.09000015258789,22.32999992370605,91.11000061035156,0
2011-01-21,592.9699096679688,-0.0040455444882775415,-0.0628925284943217,-0.14992150404239746,693.909853515625,662.0091827392578,2.564777490445451,21.01000022888184,21.40999984741211,91.86000061035156,0
2011-01-24,596.349365234375,0.005699202457505104,-0.051136765887962565,-0.14657216927076056,690.5338342285156,662.1254113769531,5.191770254210994,21.030000686645508,23.149999618530277,91.4000015258789,0
2011-01-25,599.1712646484375,0.004731956766573342,-0.025349997234950128,-0.1506613273093247,687.5604443359375,662.2685116577148,8.338624327188214,20.170000076293945,23.809999465942383,91.54000091552734,0
2011-01-27,591.4960327148438,-0.012809746372094755,-0.02045021359204069,-0.17726313591104215,684.4008386230469,662.4200900268555,9.194582526736141,20.780000686645508,23.56999969482422,91.54000091552734,0
2011-01-28,577.8172607421875,-0.02312572057309248,-0.045546497376022566,-0.196088661445593,681.5374560546875,662.4997045898438,8.992606828616758,22.09000015258789,21.459999084472656,91.37999725341795,0
2011-01-31,589.9680786132812,0.021028824676311064,-0.006297639138358679,-0.17254091031622498,678.6812634277344,662.63587890625,23.107912032008812,22.57999992370605,21.09000015258789,90.86000061035156,0
2011-02-01,567.4639282226562,-0.03814469156284006,-0.04688548534949677,-0.20207223870077895,675.3012878417969,662.6371310424805,18.63638544953274,23.40999984741211,21.01000022888184,88.86000061035156,0
2011-02-02,565.666259765625,-0.0031678990815534602,-0.04604559094344651,-0.20341206864053163,671.91591796875,662.6492074584961,19.566183892097968,23.729999542236328,21.030000686645508,89.11000061035156,0
2011-02-03,586.1934814453125,0.03628857356313353,-0.01703009071716055,-0.16601881890365466,668.9076586914063,662.7737377929687,33.281171210947775,23.520000457763672,20.170000076293945,87.87000274658203,0
2011-02-04,564.426025390625,-0.03713356893873654,-0.05798882774893954,-0.18866747060993672,665.6948461914062,662.7085736083984,31.293412092342052,22.690000534057617,20.780000686645508,86.19000244140625,0
2011-02-07,553.3535766601562,-0.019617183177912056,-0.0644847200066948,-0.21474847841545608,662.8555505371094,662.5837634277344,31.255789250438227,24.40999984741211,22.09000015258789,85.63999938964844,0
2011-02-08,541.723876953125,-0.021016760707003868,-0.06246504949108256,-0.22723082842270126,659.7620886230469,662.3837579345703,28.010838618501964,24.690000534057617,22.57999992370605,89.33999633789062,1
2011-02-09,532.7184448242188,-0.016623657387147994,-0.09703852778548228,-0.2360613205441573,656.2890014648438,662.2045895385742,28.538807195333007,24.739999771118164,23.40999984741211,92.19000244140624,1
2011-02-10,536.259521484375,0.0066471823804123975,-0.0549892340047341,-0.23764504987672364,652.9935034179688,662.0308111572266,29.46685378014449,25.239999771118164,23.729999542236328,90.7699966430664,1
2011-02-11,559.4110717773438,0.04317228760598013,-0.011058089253675796,-0.21228059319229764,649.5912341308593,661.9451232910156,39.812309986466516,24.81999969482422,23.520000457763672,90.86000061035156,1
2011-02-14,596.8164672851562,0.06686566890599654,0.018121978793847804,-0.161222841420125,647.0395336914063,662.0877835083007,50.117522473312896,23.46999931335449,22.690000534057617,90.54000091552734,0
2011-02-15,584.0903930664062,-0.021323262537709997,0.03483958356132155,-0.17962638284331311,644.1880151367187,662.2427618408203,46.38578942456695,22.57999992370605,24.40999984741211,89.02999877929688,1
2011-02-16,594.7853393554688,0.018310430056750704,0.07487394035723005,-0.16253305622196046,641.6363134765625,662.4699569702149,50.77705280533191,22.850000381469727,24.690000534057617,87.4800033569336,0
2011-02-17,609.5068359375,0.024750940562832335,0.12512455490353114,-0.12084506687624252,639.3279956054688,662.79208984375,57.44951937011055,23.049999237060547,24.739999771118164,86.94000244140625,0
2011-02-18,589.2671508789062,-0.03320665801469236,0.10615120727300309,-0.1271366478180932,636.7755786132813,663.0300695800781,49.841264136808086,22.56999969482422,25.239999771118164,86.70999908447266,1
2011-02-21,594.0125122070312,0.008052988056515886,0.10769597258207186,-0.1050236763206539,634.7048840332031,663.2392105102539,56.53823837997577,24.18000030517578,24.81999969482422,86.7300033569336,1
2011-02-22,577.2959594726562,-0.028141751883752897,0.03197092191702455,-0.09821706935566266,632.2754125976562,663.3693197631836,52.66804282848582,24.90999984741211,23.46999931335449,85.58000183105469,1
2011-02-23,575.5344848632812,-0.003051250542241868,-0.03565917428298193,-0.10081706479551544,629.6769775390625,663.4555480957031,47.32426226725171,26.850000381469727,22.57999992370605,84.80999755859375,1
2011-02-24,545.13916015625,-0.052812343146130813,-0.06668699463736572,-0.13848245642210888,626.2010192871094,663.3771267700196,45.35941765241128,26.549999237060547,22.850000381469727,84.31999969482422,1
2011-02-25,544.2583618164062,-0.001615731182458613,-0.08494993772680304,-0.1340197885803559,622.7110375976563,663.3686434936524,47.69875239443041,28.200000762939453,23.049999237060547,84.98999786376953,1
2011-02-28,549.291259765625,0.009247258843064765,-0.09879393080022747,-0.10648797858570624,619.4371105957031,663.2469039916992,51.98080290384837,27.270000457763672,22.56999969482422,86.36000061035156,1
2011-03-01,579.2371826171875,0.05451738457360489,-0.017021088392181416,-0.040751539941858206,616.7984130859375,663.1782406616211,60.97354558907419,24.399999618530277,24.18000030517578,86.19999694824219,1
2011-03-03,598.4702758789062,0.033204175834875116,0.0075044945691671305,-0.011431312565400309,614.5655883789062,663.2547384643555,63.66364981539358,22.21999931335449,24.90999984741211,86.19999694824219,1
2011-03-04,579.075439453125,-0.032407351221074854,0.0030824396936612874,-0.024644464402029054,612.0893823242187,663.2190905761719,54.391448628334224,22.959999084472656,26.850000381469727,93.56999969482422,1
2011-03-07,564.426025390625,-0.025297937132914505,-0.019301118811838158,-0.051987958192794004,609.4643469238281,663.1700793457031,41.948199377139886,22.90999984741211,26.549999237060547,98.0999984741211,1
2011-03-08,562.66455078125,-0.0031208245724599903,0.032148471263698575,-0.05110775166262338,606.6239733886719,663.0714749145508,44.36675793271645,25.21999931335449,28.200000762939453,97.27999877929688,1
2011-03-09,564.56982421875,0.003386162207756893,0.03731952290922336,-0.05329013975412744,603.8950415039062,663.112518005371,41.67082521672972,23.670000076293945,27.270000457763672,97.87999725341795,1
2011-03-10,558.7280883789062,-0.010347233573681613,0.01718000868484193,-0.06749852447156524,601.1229748535156,663.0364456176758,35.28185053053406,23.280000686645508,24.399999618530277,96.97000122070312,1
2011-03-11,554.1983642578125,-0.008107206734918715,-0.04322722903637033,-0.0630564980898396,598.1384423828125,662.9000622558593,38.81691502741823,23.530000686645508,22.21999931335449,99.62999725341795,1
2011-03-14,561.5859985351562,0.013330306896949029,-0.06163092609667575,-0.02809064960465657,595.1668542480469,662.8047225952148,39.83087831645485,24.1299991607666,22.959999084472656,101.91000366210938,1
2011-03-15,547.8712768554688,-0.0244214095712163,-0.053886178676694096,-0.07135437201409434,591.8936474609375,662.6322424316406,40.59519629187443,23.299999237060547,22.90999984741211,104.41999816894533,1
2011-03-16,554.6116943359375,0.012302921808851952,-0.01738816180188585,-0.022648547771085603,588.7462622070312,662.5608447265626,43.51887529092356,26.6299991607666,25.21999931335449,105.44000244140624,1
2011-03-17,547.5657958984375,-0.012704200992257109,-0.026834380914610878,-0.03199848595298427,585.4931884765625,662.3864797973633,50.878809286139315,24.88999938964844,23.670000076293945,105.0199966430664,1
2011-03-18,545.0671997070312,-0.004563097640725711,-0.034544220528800684,-0.07015820380138094,582.5287890625,662.1367922973633,50.28952906301998,25.26000022888184,23.280000686645508,104.37999725341795,1
2011-03-21,541.5081176757812,-0.006529620628727972,-0.030819948130918262,-0.040603917402608825,579.8570178222657,661.8599386596679,47.18426141705717,25.88999938964844,23.530000686645508,102.6999969482422,1
2011-03-22,546.7747802734375,0.009725916243437771,-0.013395174838375268,-0.011888956110893911,577.5181396484375,661.6661785888672,35.702980346786006,25.209999084472656,24.1299991607666,101.16000366210938,1
2011-03-23,550.2618408203125,0.0063775080210011215,-0.020164601226493772,0.01576073019931945,575.71994140625,661.5127011108399,25.349157870229064,22.26000022888184,23.299999237060547,101.19000244140624,1
2011-03-24,557.1282348632812,0.012478412155079832,0.01689622799892554,0.04582118429767723,574.0612292480469,661.3661569213867,37.12835668308272,20.96999931335449,26.6299991607666,97.18000030517578,0
2011-03-25,574.6177368164062,0.03139223765497534,0.036072161270279235,0.071529201431902,572.8982604980469,661.2541372680664,55.784554521299626,19.84000015258789,24.88999938964844,97.9800033569336,0
2011-03-28,588.9796142578125,0.024993794171715544,0.07563258821056174,0.0528565557104983,572.1080883789062,661.2056274414062,63.066772539368884,20.46999931335449,25.26000022888184,101.41999816894533,0
2011-03-29,592.0532836914062,0.005218634667800703,0.08620236919343083,-0.007980985537173857,571.6540478515625,661.1245599365234,63.490406687426564,21.020000457763672,25.88999938964844,101.06999969482422,0
2011-03-30,595.558349609375,0.005920186602318855,0.0998142597854006,0.019633872905807204,571.4883190917968,661.0243377685547,68.50277713215495,21.21999931335449,25.209999084472656,102.33000183105467,0
2011-03-31,593.850830078125,-0.0028670902395541153,0.08609769781471122,-0.0015711706652965507,571.2575219726563,660.9213793945313,70.50195657662206,22.040000915527344,22.26000022888184,104.0,0
2011-04-01,592.107177734375,-0.002936179012363427,0.07604622710468312,-0.028547109199131615,571.2255249023438,660.7101037597656,66.7588068869229,22.18000030517578,20.96999931335449,105.75,0
2011-04-04,607.2958374023438,0.0256518756048294,0.09004677810194561,0.030595098499122564,571.4638708496094,660.5363955688476,82.10956164524517,20.11000061035156,19.84000015258789,105.5999984741211,0
2011-04-05,599.4588012695312,-0.012904807920855799,0.04323059115918282,0.009168643674296595,571.5936486816406,660.2559423828125,73.94893891639424,20.059999465942383,20.46999931335449,105.4000015258789,0
2011-04-06,595.1629028320312,-0.007166294711833721,0.010498306604398211,0.030949364994163453,571.5699194335938,659.9740005493164,76.18659372231762,19.899999618530277,21.020000457763672,103.9800033569336,0
2011-04-07,600.1777954101562,0.008426083941492468,0.013722602242984383,0.04281813026847381,571.5900500488282,659.8244076538086,79.50341651113307,20.36000061035156,21.21999931335449,104.79000091552734,0
2011-04-08,603.395263671875,0.005360858542792224,0.013158935757747736,0.10686464626560199,571.8280346679687,659.6434228515625,83.25286514204532,20.31999969482422,22.040000915527344,104.2699966430664,0
2011-04-11,599.6746215820312,-0.006166177154262598,0.009806825567862054,0.1018197673264567,572.2651818847656,659.5019357299805,78.90406719451687,20.540000915527344,22.18000030517578,106.72000122070312,0
2011-04-13,617.54150390625,0.029794294574419844,0.0429556119707859,0.12425146573376478,572.816650390625,659.3894506835937,81.76890957802463,21.239999771118164,20.11000061035156,107.94000244140624,0
2011-04-15,621.08251953125,0.005734052857340632,0.022701756343131985,0.07224214565265186,573.8890222167969,659.2877099609375,81.1778113014422,20.40999984741211,20.059999465942383,108.47000122070312,0
2011-04-18,603.2874755859375,-0.028651658009539505,0.006386884817268346,0.008049187906545185,574.6414465332032,659.0753079223633,63.93502831060198,21.59000015258789,19.899999618530277,108.33999633789062,0
2011-04-19,612.63427734375,0.015493114205187952,0.029355617476463536,0.05795244557827872,575.1702624511719,658.9360565185547,62.08668175274631,22.450000762939453,20.36000061035156,108.83000183105467,0
2011-04-20,613.3533325195312,0.00117371032339042,0.021952723359868642,0.08668506576224022,576.14880859375,658.8149478149414,61.15190078905018,22.06999969482422,20.31999969482422,110.3000030517578,0
2011-04-21,613.748779296875,0.0006447291575304437,0.017158761840447845,0.09078984706730764,577.3567126464844,658.6871588134766,59.84436995530211,20.989999771118164,20.540000915527344,112.79000091552734,1
2011-04-25,619.518798828125,0.00940127251716949,0.033091574216934205,0.09732892594005227,578.9126110839844,658.5724237060547,63.30601324577068,20.51000022888184,21.239999771118164,109.91999816894533,1
2011-04-26,615.9417724609375,-0.005773878652195474,-0.002590484097333423,0.10239987083525914,580.5770776367187,658.462739868164,62.12513568765385,20.90999984741211,20.40999984741211,107.11000061035156,0
2011-04-27,606.5948486328125,-0.015175012064501225,-0.023326483104647355,0.09454463916574318,581.9837841796875,658.2473291015625,49.620858243568456,21.709999084472656,21.59000015258789,109.66000366210938,1
2011-04-28,596.8164672851562,-0.016120119334503857,-0.010726243395814516,0.06273388019269599,582.7318920898438,657.9790106201172,48.60024366080967,21.350000381469727,22.450000762939453,107.12000274658205,1
2011-04-29,573.5931396484375,-0.03891200881630963,-0.06372666228306134,0.04694873390808252,582.2674255371094,657.587435913086,40.482214294601896,20.920000076293945,22.06999969482422,108.1500015258789,1
2011-05-02,576.882568359375,0.00573477694128921,-0.05946126355968706,0.040155795939541994,582.1232690429688,657.1896395874023,39.561897750251745,19.57999992370605,20.989999771118164,111.4499969482422,1
2011-05-03,552.6885375976562,-0.04193926474590026,-0.09948735339102555,0.009355481546858613,581.2813330078125,656.5905517578125,30.87462803802518,20.8799991607666,20.51000022888184,112.29000091552734,1
2011-05-04,554.3062744140625,0.0029270316034379906,-0.10526318900639953,0.01695034064056178,580.1773217773438,656.0174014282227,32.6123112551024,21.57999992370605,20.90999984741211,112.27999877929688,1
2011-05-05,550.945068359375,-0.006063806617091827,-0.10552410472482532,0.01742716383292331,579.4108801269531,655.4332461547851,21.283609869176658,21.18000030517578,21.709999084472656,112.20999908447266,1
2011-05-06,555.8161010742188,0.008841231176365483,-0.08371114207949937,0.016535731213242366,578.6469519042969,654.831142578125,22.17625370458549,21.600000381469727,21.350000381469727,112.76000213623048,1
2011-05-09,557.523681640625,0.0030722042112598658,-0.06583730141239108,0.013197064164011119,578.2515063476562,654.2202630615234,27.38898257448004,20.96999931335449,20.920000076293945,112.86000061035156,1
2011-05-10,554.3241577148438,-0.005738812594231035,-0.03359346652124173,-0.005033091078440188,577.8272998046875,653.5727709960937,19.32683966144205,21.5,19.57999992370605,113.93000030517578,1
2011-05-11,547.3861083984375,-0.012516231197658434,-0.05113078740587351,-0.047390859476148406,577.8722387695312,652.8696157836914,17.429934733724565,21.739999771118164,20.8799991607666,113.5199966430664,1
2011-05-12,539.692626953125,-0.014054944630988886,-0.02351398619739775,-0.08368199189168068,577.7809240722656,652.1091625976562,15.894037128943879,21.239999771118164,21.57999992370605,111.0500030517578,1
2011-05-13,549.489013671875,0.018151789054551726,-0.008690611967688167,-0.07189263397737844,577.7848791503907,651.4296420288086,18.901667550259063,21.229999542236328,21.18000030517578,109.23999786376952,1
2011-05-16,545.3009033203125,-0.007621827274718607,-0.010244515040074509,-0.08438710719449438,577.1061535644532,650.8296710205078,18.799635962505008,20.6299991607666,21.600000381469727,99.8000030517578,1
2011-05-17,541.2386474609375,-0.007449567449164474,-0.026227116460116218,-0.08859494666407386,575.9615209960938,650.2807858276367,19.72021920969138,21.459999084472656,20.96999931335449,97.18000030517578,1
2011-05-18,541.759765625,0.0009628251169926383,-0.028274881470929714,-0.0850309099477955,575.2152075195313,649.7446804809571,22.098683636674068,21.030000686645508,21.5,102.5500030517578,1
2011-05-19,573.3414916992188,0.05829470565756134,0.03430724373040572,-0.055910717004683974,575.3935168457032,649.4086981201172,49.88243130800374,20.709999084472656,21.739999771118164,103.87999725341795,1
2011-05-20,593.9764404296875,0.03599067750933682,0.0851142024184095,-0.009145517303663309,576.0197546386719,649.1437603759765,56.872340049626224,20.40999984741211,21.239999771118164,98.20999908447266,1
2011-05-23,579.6865234375,-0.024058053517829858,0.07410495249891325,-0.026003602242156254,576.3220886230469,648.8558340454101,61.793316813864834,19.450000762939453,21.229999542236328,98.97000122070312,1
2011-05-24,590.4714965820312,0.018604836766908273,0.07458289772946891,-0.016172372424227754,576.9569567871093,648.5846170043945,64.62635746477886,21.040000915527344,20.6299991607666,99.6500015258789,1
2011-05-25,576.8106079101562,-0.02313555988892202,0.05778406820524706,-0.044058442885251736,577.4092016601562,648.2402767944336,59.65636562580749,19.93000030517578,21.459999084472656,97.37000274658205,1
2011-05-26,588.9796142578125,0.021097057128934837,0.08820686959594948,-0.017834683909090154,577.9570739746093,647.9696322631836,61.74112820938346,20.65999984741211,21.030000686645508,96.91000366210938,1
2011-05-27,588.9615478515625,-3.067407735790617e-05,0.087126776888107,-0.04628021901994506,578.7788793945313,647.6785491943359,61.26494730552647,19.18000030517578,20.709999084472656,100.0999984741211,1
2011-05-30,586.3192749023438,-0.004486325056121787,0.022635346283176982,-0.055972022292855916,579.4130310058594,647.3484631347657,61.510591690718066,17.25,20.40999984741211,98.44000244140624,1
2011-05-31,590.4175415039062,0.006989820694953464,-0.005991649977239333,-0.021333003920778304,580.2700659179687,647.0635891723633,65.80394621753197,17.8700008392334,19.450000762939453,99.48999786376952,1
2011-06-01,605.7320556640625,0.025938447088051042,0.04493037387192356,-0.011266463426783835,581.4833630371094,646.8747436523438,72.96824663624584,16.81999969482422,21.040000915527344,97.6999969482422,1
2011-06-02,601.112548828125,-0.007626320569865119,0.01802128012561144,-0.019957148746748588,582.6754516601562,646.6519131469727,68.62514786931655,16.729999542236328,19.93000030517578,99.58999633789062,1
2011-06-03,615.72607421875,0.024310797402440132,0.06746662730352426,0.0032216681948276094,584.0544775390625,646.5357064819336,73.63086529182485,17.979999542236328,20.65999984741211,101.31999969482422,1
2011-06-06,621.1363525390625,0.00878682671864639,0.054597370609798634,0.002610984063756039,585.4719677734375,646.4534710693359,76.56897838100704,17.610000610351562,19.18000030517578,100.2300033569336,1
2011-06-07,613.1555786132812,-0.01284866663037465,0.04107913470747748,-0.004523469542460634,586.5925146484375,646.2979885864257,72.61957202321537,18.209999084472656,17.25,100.58999633789062,1
2011-06-08,612.1132202148438,-0.001699990075593738,0.04399300247599092,0.009097293843607357,587.3424243164062,646.0900204467773,65.23096429174277,18.030000686645508,17.8700008392334,100.58999633789062,1
2011-06-09,620.4713745117188,0.013654588760460662,0.0509026763182876,0.03963514501227783,587.9722595214844,645.8332507324219,61.519285893596276,18.57999992370605,16.81999969482422,102.6999969482422,1
2011-06-10,609.0035400390625,-0.018482455345632753,0.00540087707825454,0.06173435130749372,588.3112646484375,645.5018862915039,63.06690446602871,18.57999992370605,16.729999542236328,100.29000091552734,1
2011-06-13,613.982421875,0.008175456312812468,0.021410088796124604,0.06431092834220165,588.67974609375,645.2274105834961,61.05103345866538,18.540000915527344,17.979999542236328,100.4000015258789,1
2011-06-14,621.0106201171875,0.011446904653596768,0.008582624838720188,0.12361769400267186,589.2229418945312,645.0050625610352,72.15725198220255,18.90999984741211,17.610000610351562,100.22000122070312,1
2011-06-15,617.5774536132812,-0.0055283539325919895,-0.005729658087525014,0.11414480066295574,589.7323474121093,644.7411029052735,65.71209740322017,18.51000022888184,18.209999084472656,99.01000213623048,1
2011-06-16,603.26953125,-0.02316781851340166,-0.016123228276972768,0.09497219576978666,589.6518212890625,644.4507202148437,56.7941946388865,19.13999938964844,18.030000686645508,99.08999633789062,1
2011-06-17,603.9166259765625,0.0010726461275472055,-0.013390650565273443,0.08654035895934009,589.7409777832031,644.2011407470703,58.517555650748164,19.65999984741211,18.57999992370605,100.73999786376952,1
2011-06-20,597.0502319335938,-0.011369771500934323,-0.03774733781482875,0.07089663021426107,589.7787243652343,643.9263967895508,53.1266040137459,20.270000457763672,18.57999992370605,101.93000030517578,1
2011-06-21,590.4894409179688,-0.010988675097532985,-0.03040064285982025,0.06524211997581597,589.5849572753906,643.5828088378906,42.168404930485124,22.18000030517578,18.540000915527344,99.29000091552734,1
2011-06-22,594.4617919921875,0.006727217794179952,-0.03179346702337138,0.0860008737369784,589.4062878417968,643.2453323364258,46.55999100898849,21.309999465942383,18.90999984741211,97.3000030517578,1
2011-06-23,599.6746215820312,0.008768990135386678,-0.034356898004626824,0.11114103034451128,589.4062878417968,642.9452435302734,40.80325475963835,20.88999938964844,18.51000022888184,99.37000274658205,0
2011-06-24,625.324462890625,0.042772931162111893,0.01254419058211731,0.13801085614431385,589.5619470214843,642.7754718017578,51.94783886344178,19.5,19.13999938964844,94.80999755859376,0
2011-06-27,642.23876953125,0.027048848468900433,0.06459672876318501,0.17776949500851225,589.9850720214844,642.614147644043,62.48847467311054,19.31999969482422,19.65999984741211,94.9499969482422,0
2011-06-28,647.4156494140625,0.008060677941618133,0.07202819324134357,0.19617409520037654,590.8676354980469,642.4961441040039,64.6392423164827,19.989999771118164,20.270000457763672,93.01000213623048,0
2011-06-29,647.1638793945312,-0.00038888466746067607,0.08393539568461517,0.1945587702474214,591.5582275390625,642.3500085449218,61.866683309093276,19.489999771118164,22.18000030517578,93.26000213623048,0
2011-06-30,655.6300659179688,0.013081982466880415,0.11031632487573884,0.14352454062738484,592.4037622070313,642.2048620605469,71.2971445234767,19.459999084472656,21.309999465942383,93.4000015258789,0
2011-07-01,649.7882690429688,-0.008910202839494064,0.09306986217796887,0.09396303424578001,593.1245520019531,642.0022863769532,66.22677426189632,18.40999984741211,20.88999938964844,95.41000366210938,0
2011-07-04,643.56884765625,-0.00957145840117879,0.07319673785497072,0.11020149966559911,593.6055529785157,641.7726577758789,60.29860877357629,18.209999084472656,19.5,91.0199966430664,0
2011-07-05,644.0723876953125,0.0007824182927689272,0.029981115272579295,0.09077642430422506,594.1681652832032,641.5166979980469,62.428302056414694,18.170000076293945,19.31999969482422,91.16000366210938,0
2011-07-06,649.4647827148438,0.008372343113212555,0.011251287724139969,0.12595845812877982,595.0255639648437,641.2353042602539,73.64728363193042,18.25,19.989999771118164,90.61000061035156,0
2011-07-07,669.9020385742188,0.03146784306601624,0.034732538795605894,0.1373942702896067,596.487275390625,640.9897692871094,78.08708384622139,18.34000015258789,19.489999771118164,92.88999938964844,0
2011-07-08,660.24951171875,-0.01440886323620183,0.020219967060679078,0.12104009867407228,598.2204028320313,640.6243420410157,76.27787334021247,18.6200008392334,19.459999084472656,94.7699966430664,0
2011-07-11,658.883544921875,-0.002068864531711845,0.004962370051396103,0.12376238190637245,599.8604223632813,640.3388131713867,79.72181773332379,18.670000076293945,18.40999984741211,95.41999816894533,0
2011-07-12,639.5965576171875,-0.02927222489214598,-0.01568466516145628,0.0832953167143593,601.5985827636719,639.9448959350586,67.31003132007808,19.690000534057617,18.209999084472656,94.94000244140624,0
2011-07-13,647.271728515625,0.0120000190855174,0.005753667028570719,0.06857763670113615,603.4578918457031,639.5518774414063,67.91600443494231,20.82999992370605,18.170000076293945,94.94000244140624,0
2011-07-14,653.7247314453125,0.009969542381351948,0.014986426889901372,0.08752467856436441,605.5134851074218,639.177373046875,62.496025420123836,19.520000457763672,18.25,96.88999938964844,0
2011-07-15,655.3783569335938,0.002529544024784336,0.009105303899667128,0.06439922617400229,607.5047302246094,638.7741986083985,56.6782127570339,19.96999931335449,18.34000015258789,96.6500015258789,0
2011-07-18,644.413818359375,-0.016730089509699453,-0.03804768271655279,0.03747561340623462,609.2425329589844,638.3288739013672,48.55908675948919,19.950000762939453,18.6200008392334,98.66999816894533,0
2011-07-19,652.3585205078125,0.01232857198603221,-0.011951529036948183,0.06393636992293694,611.2032202148438,637.9001745605469,52.32199848635895,20.200000762939453,18.670000076293945,96.1999969482422,0
2011-07-20,647.99072265625,-0.006695394808613031,-0.016532242077644477,0.058612526664288955,613.2153125,637.3678506469727,46.45534825736795,19.25,19.690000534057617,95.1500015258789,0
2011-07-21,643.3352661132812,-0.0071844493758878025,0.005845416851557594,0.0368492287328408,615.2881652832032,636.8682412719727,46.97247895574205,19.11000061035156,20.82999992370605,97.43000030517578,0
2011-07-22,656.88818359375,0.021066647818561046,0.014856905769974338,0.07862785748604373,617.4361486816406,636.4618310546875,55.84664088211875,18.75,19.520000457763672,98.0500030517578,0
2011-07-25,665.9115600585938,0.013736548609350807,0.018642140991572242,0.08457756498143842,619.8483618164063,636.0662954711914,58.91935629414959,17.90999984741211,19.96999931335449,95.69000244140624,0
2011-07-26,639.2909545898438,-0.03997618762829058,-0.024546740327252015,0.029436428106828005,621.8094079589844,635.6017373657227,46.458910634059954,19.200000762939453,19.950000762939453,97.23999786376952,0
2011-07-27,632.2807006835938,-0.010965670413321638,-0.018828146340299168,0.023807940177038134,623.6198266601563,635.0902642822266,35.55546910956778,19.299999237060547,20.200000762939453,95.93000030517578,0
2011-07-28,625.6121826171875,-0.010546768324885658,-0.04099944593320404,0.037035935365229866,624.6652404785157,634.5550662231445,36.38929021637148,18.25,19.25,97.5,0
2011-07-29,620.3274536132812,-0.008447292349388236,-0.04269084120459499,0.027173995433859233,625.1922607421875,634.062646484375,35.30207501048184,18.51000022888184,19.11000061035156,98.13999938964844,0
2011-08-01,634.1502685546875,0.02228309397059758,-0.014277155384446849,0.06213888654048816,626.2815356445312,633.4980596923829,47.83357320576393,19.770000457763672,18.75,99.12999725341795,0
2011-08-02,623.38330078125,-0.01697857480684639,-0.05100545823369684,0.0557060932573914,626.9397717285157,632.9983609008789,40.72577205457224,18.780000686645508,17.90999984741211,99.87000274658205,0
2011-08-03,596.3132934570312,-0.043424338268756135,-0.10451578073736778,0.0031145844691531366,627.3298254394531,632.4054626464844,30.78680960981228,19.149999618530277,19.200000762939453,99.1999969482422,0
2011-08-04,592.6642456054688,-0.0061193468124913775,-0.07293503630798248,-0.011690299579575458,627.4035180664063,631.7461471557617,29.28883972448223,19.479999542236328,19.299999237060547,99.58999633789062,0
2011-08-05,589.0873413085938,-0.00603529624639465,-0.06831358181311131,-0.057949310689880185,627.4060339355469,631.1041775512696,30.791298425489515,20.21999931335449,18.25,97.4000015258789,0
2011-08-08,586.4271850585938,-0.0045157246870909384,-0.06263464594737767,-0.08690161217360237,627.4081921386719,630.4323699951171,26.23745845148035,24.899999618530277,18.51000022888184,97.44000244140624,0
2011-08-09,579.5068359375,-0.011800866838058144,-0.06580495097872818,-0.10489214083413456,627.1899780273437,629.657297668457,25.76342489910428,28.780000686645508,19.770000457763672,95.6999969482422,0
2011-08-10,595.827880859375,0.028163679718240964,-0.06043108328670155,-0.07932457321812336,626.99189453125,629.0066998291015,34.46940115208338,34.880001068115234,18.780000686645508,94.88999938964844,0
2011-08-11,589.7164916992188,-0.010256970773743657,-0.05400659440161226,-0.10053470340238635,626.7639733886718,628.2980444335938,26.917922308683856,28.950000762939453,19.149999618530277,93.79000091552734,0
2011-08-12,592.035400390625,0.00393224324577468,-0.0071739018957733824,-0.0888795187660193,626.2901599121094,627.590378112793,23.387875875006102,29.09000015258789,19.479999542236328,91.93000030517578,0
2011-08-16,584.180419921875,-0.013267754704477608,-0.014314724983834015,-0.09227983602788714,625.5510412597656,626.8922384643555,27.044177699269483,27.020000457763672,20.21999931335449,86.62999725341797,0
2011-08-17,596.1141967773438,0.020428238346408056,0.011928376279722208,-0.0744608709116964,625.2102136230469,626.276865234375,35.528720709526226,26.459999084472656,24.899999618530277,86.87999725341797,0
2011-08-18,590.5281372070312,-0.009370787678789294,0.006993113984011146,-0.09074648399171081,624.7785119628907,625.5845803833008,35.83917643007031,25.479999542236328,28.780000686645508,81.30999755859375,0
2011-08-19,560.620849609375,-0.050644983216390216,-0.032589755904383955,-0.16313010361549518,623.5815014648438,624.6416510009766,29.89672501529992,27.450000762939453,34.880001068115234,79.30000305175781,0
2011-08-22,566.5878295898438,0.010643521347139195,-0.04907466100337188,-0.14185801044379087,622.7331872558593,623.6402105712891,25.981020774557592,29.190000534057617,28.950000762939453,82.88999938964844,0
2011-08-23,577.7780151367188,0.01975013398183223,-0.020244433945030615,-0.12309539433827121,622.0090991210938,622.6665005493164,33.83560274709323,27.07999992370605,29.09000015258789,85.72000122070312,0
2011-08-24,565.1549072265625,-0.02184767779225605,-0.0454035234148612,-0.11638844753629829,620.8919848632812,621.5882427978515,37.69612131816856,25.920000076293945,27.020000457763672,85.37999725341797,0
2011-08-25,560.9653930664062,-0.007413036862257583,-0.03973948126945681,-0.1333386453431904,619.7597436523438,620.5095288085937,37.53590285110876,28.600000381469727,26.459999084472656,86.6500015258789,0
2011-08-26,555.4699096679688,-0.009796474909793518,-0.06818204855563292,-0.15029999180253328,618.8037512207031,619.3812283325195,36.97798503334068,27.940000534057617,25.479999542236328,87.58000183105469,0
2011-08-29,585.5405883789062,0.0541355673593773,-0.008445912250200638,-0.10656099307497247,618.43623046875,618.4201776123047,49.71672371455048,33.2599983215332,27.450000762939453,82.37999725341797,0
2011-08-30,583.6179809570312,-0.003283474211749904,0.041020827826292905,-0.09434285186050939,618.1675854492188,617.5125158691407,51.35688514914113,26.06999969482422,29.190000534057617,82.26000213623047,0
2011-09-02,583.7450561523438,0.000217736943443958,0.030281671554647005,-0.10517753995465295,618.0326977539063,616.6920373535156,45.53473753824903,24.8799991607666,27.07999992370605,84.12000274658203,0
2011-09-05,589.5305786132812,0.009911043185653279,0.020340966891551737,-0.09021756330604291,617.9340734863281,615.8923086547852,49.931129102860474,26.09000015258789,25.920000076293945,85.44000244140625,0
2011-09-06,596.4406127929688,0.011721248108862437,0.05535775265570542,-0.07289302450902024,617.8693933105469,615.2695797729492,51.578213115076714,27.82999992370605,28.600000381469727,85.16000366210938,0
2011-09-07,609.4082641601562,0.021741731010676002,0.08635625600528885,-0.07228006321233738,617.5510693359375,614.6527325439453,58.718740652834505,28.65999984741211,27.940000534057617,85.30000305175781,0
2011-09-08,620.7254638671875,0.018570801173213303,0.11747810828893535,-0.06785600206043929,617.1208032226563,614.0740463256836,58.54205601141226,27.86000061035156,33.2599983215332,85.37000274658203,0
2011-09-09,613.9425659179688,-0.010927371831921606,0.04850556580150078,-0.039650785749249406,616.4513415527343,613.4690853881835,58.05969885851292,27.63999938964844,26.06999969482422,87.2699966430664,0
2011-09-12,596.8577270507812,-0.027828073529389874,0.02268563773864396,-0.05602412598473239,615.4452185058594,612.770341796875,63.68113116676921,28.149999618530277,24.8799991607666,88.9000015258789,0
2011-09-13,593.0128173828125,-0.006441919897673731,0.015876384960851864,-0.05210794504991689,614.1928735351562,612.1100726318359,60.13914578129457,32.75,26.09000015258789,86.44999694824219,0
2011-09-14,583.5091552734375,-0.016026065256596334,-0.01021392877364835,-0.05935300481283656,612.8672912597656,611.5510266113281,52.22784527817518,32.77000045776367,27.82999992370605,86.44999694824219,0
2011-09-15,576.9801635742188,-0.011189184677246722,-0.03262763936818791,-0.09015229956579063,611.535517578125,610.9539425659179,54.82541148435231,32.45000076293945,28.65999984741211,86.0199966430664,0
2011-09-16,583.5636596679688,0.011410264181297425,-0.042409343640596564,-0.0638766567268928,610.3253430175781,610.3398968505859,59.04472994549466,30.790000915527344,27.86000061035156,89.33999633789062,0
2011-09-19,566.3156127929688,-0.029556410152087986,-0.08765525863114976,-0.050305235508260604,608.6623596191406,609.6663027954102,53.96762240066878,28.450000762939453,27.63999938964844,89.05000305175781,0
2011-09-20,566.9142456054688,0.0010570657050186227,-0.07660052083566338,-0.043447871524110004,606.6026037597657,608.8532513427734,41.31279121139385,29.600000381469727,28.149999618530277,87.23999786376953,0
2011-09-21,565.4995727539062,-0.0024953912563118186,-0.05253874227585731,-0.04004120764552477,604.7076049804688,608.058741760254,41.50946094521358,27.25,32.75,88.19000244140625,0
2011-09-22,541.033203125,-0.04326505413568815,-0.08765344143355613,-0.07740770395741148,602.3505981445312,607.130576171875,33.70235999755927,27.670000076293945,32.77000045776367,90.20999908447266,0
2011-09-23,526.4151611328125,-0.027018752098307286,-0.09784592687987947,-0.09161526924664865,600.0869702148437,606.1507998657227,27.4377394865905,33.880001068115234,32.45000076293945,88.91000366210938,0
2011-09-26,517.4557495117188,-0.017019668661923948,-0.10316544280095197,-0.13153485069315407,597.4906506347656,605.1134649658203,22.17252036170683,35.15999984741211,30.790000915527344,89.4000015258789,0
2011-09-27,524.3838500976562,0.013388778832731152,-0.1014110604556564,-0.11078652627351826,594.9038330078125,604.1509442138672,18.71325091656537,35.43000030517578,28.450000762939453,87.95999908447266,0
2011-09-28,509.1673583984375,-0.029017849608421353,-0.10091237660336816,-0.13997143065686812,591.9796130371094,603.2090447998047,10.094701964777585,32.0099983215332,29.600000381469727,85.69999694824219,0
2011-09-29,496.7619018554688,-0.024364202336122798,-0.12374418934397513,-0.14964301281802128,589.0265747070313,602.199006652832,9.70434697924486,32.0,27.25,86.88999938964844,0
2011-09-30,492.4452819824219,-0.008689514749266825,-0.12918540400608947,-0.1739078105426225,585.8283099365234,601.1339518737793,10.638558804817634,31.06999969482422,27.670000076293945,85.91999816894531,0
2011-10-03,478.5162963867188,-0.028285346830067226,-0.11555096134060616,-0.18968078532224553,582.4388214111328,599.9318479919434,9.886861040724469,31.940000534057617,33.880001068115234,80.51000213623047,0
2011-10-04,485.5897216796875,0.014781994566078982,-0.07755369234668552,-0.13383577864071072,579.2839105224609,598.7660093688964,15.100254170404654,35.06999969482422,35.15999984741211,79.8499984741211,0
2011-10-05,487.1676635742188,0.0032495372617713514,-0.05853270732053972,-0.14017273557237842,575.8895001220703,597.6369096374511,16.81862050925885,37.18999862670898,35.43000030517578,80.23999786376953,0
2011-10-07,505.3403930664063,0.037302823752420444,-0.03631587248101453,-0.12537275592455976,572.6780767822265,596.6077513122559,23.379851762490986,35.369998931884766,32.0099983215332,84.44999694824219,0
2011-10-10,502.4930419921875,-0.005634521034309281,-0.013108295919133095,-0.1108755571846336,569.9421185302734,595.5696589660645,25.92041457630694,33.02000045776367,32.0,81.20999908447266,0
2011-10-11,511.3799743652344,0.01768568244808666,0.02942671822288556,-0.08839300839954312,567.5241040039062,594.6121301269532,30.28077791226761,30.030000686645508,31.06999969482422,82.13999938964844,0
2011-10-12,523.6402587890625,0.023974901322732833,0.06334709245473924,-0.0573022054388731,565.4846655273437,593.7519424438476,36.19945049173625,30.299999237060547,31.940000534057617,79.19999694824219,0
2011-10-13,514.75341796875,-0.016971271156392076,0.0757280825243738,-0.12089199590097333,563.3731848144531,592.8022933959961,40.343895883942324,28.40999984741211,35.06999969482422,77.61000061035156,0
2011-10-14,510.5638732910156,-0.008138935131827951,0.051430560607709896,-0.12517453205643125,560.9014569091797,591.850030670166,43.69229080298438,28.239999771118164,37.18999862670898,75.66999816894531,0
2011-10-17,500.6249694824219,-0.01946652383477332,0.027623561484911408,-0.14239107602519807,558.4462902832031,590.866498413086,43.35432673502837,25.979999542236328,35.369998931884766,79.68000030517578,0
2011-10-18,489.217041015625,-0.022787374106791214,-0.03190592375358081,-0.17015832806097686,556.304365234375,589.7954586791992,36.58875739782701,25.43000030517578,33.02000045776367,82.9800033569336,0
2011-10-19,507.8433227539063,0.03807365683667263,0.010647472332168118,-0.14854335559777776,554.6079467773437,588.7838482666016,49.507863789001924,25.899999618530277,30.030000686645508,85.41000366210938,0
2011-10-20,502.4568481445313,-0.010606567750394924,-0.017449111556977148,-0.17550043592372,552.8753369140625,587.7384744262695,52.23330799381895,24.049999237060547,30.299999237060547,85.80999755859375,0
2011-10-21,484.3563232421875,-0.03602403861980441,-0.07502084663566655,-0.21969316318264975,550.8339196777343,586.6003512573242,47.13734386066699,25.600000381469727,28.40999984741211,85.56999969482422,0
2011-10-24,469.4661560058594,-0.03074217579458083,-0.08797855513344055,-0.23532561176319122,548.6331060791016,585.3965846252441,46.818826906553056,26.299999237060547,28.239999771118164,84.2300033569336,0
2011-10-25,484.9911193847656,0.03306939846524837,-0.05008727652705236,-0.1874259184324808,546.4163708496094,584.3551043701171,49.80138860903173,25.21999931335449,25.979999542236328,86.80000305175781,0
2011-10-28,513.9915161132812,0.05979572732239724,0.02669972024103906,-0.1332539516064456,544.9018713378906,583.5495785522461,57.529742415722524,22.309999465942383,25.43000030517578,86.37999725341797,0
2011-10-31,512.594970703125,-0.0027170592633837254,0.04778641733118483,-0.12153054314474554,543.3130627441407,582.7939599609375,52.24818286433692,20.88999938964844,25.899999618530277,88.33999633789062,0
2011-11-01,504.2159423828125,-0.01634629444143587,-0.007142715496235019,-0.1261121712411286,541.7137731933594,582.1141809082031,50.516225402576445,22.65999984741211,24.049999237060547,86.11000061035156,0
2011-11-02,504.1796875,-7.190348373586897e-05,0.0034288304793352875,-0.13603309742271474,539.8750830078125,581.4347601318359,47.72177627659379,24.020000457763672,25.600000381469727,85.30000305175781,0
2011-11-03,500.6611328125,-0.006978771209421253,0.03366284032625244,-0.115932668104756,538.0777429199219,580.7742349243164,42.30347164556352,24.88999938964844,26.299999237060547,87.4000015258789,0
2011-11-04,505.53997802734375,0.009744805208737661,0.07684009072857245,-0.10826023169090915,536.9761254882812,580.1594937133789,46.82895298498935,24.65999984741211,25.21999931335449,91.2699966430664,0
2011-11-08,505.1409912109375,-0.0007892290100639521,0.041546888222887324,-0.10673497284715994,535.7471887207031,579.6114221191406,48.08356860433339,23.43000030517578,22.309999465942383,93.16999816894533,0
2011-11-09,498.4848937988281,-0.01317671210200777,-0.030169023861933875,-0.07864269527343881,534.1613262939453,579.0846226501465,49.225738268045646,23.709999084472656,20.88999938964844,93.31999969482422,0
2011-11-11,482.578857421875,-0.03190876308354551,-0.05855717476134614,-0.08327325454799694,532.5098052978516,578.4705635070801,47.67406349832313,24.299999237060547,22.65999984741211,93.19000244140624,0
2011-11-14,481.2914123535156,-0.0026678439151632816,-0.045465698527818565,-0.06988875317808041,530.9163256835938,577.9084854125977,39.409762922162585,24.739999771118164,24.020000457763672,92.19000244140624,0
2011-11-15,467.34423828125,-0.028978647269154334,-0.07306016115286273,-0.10877453950151927,529.1538122558594,577.2683139038086,36.89055320436685,25.290000915527344,24.88999938964844,92.51000213623048,0
2011-11-16,448.5183715820313,-0.04028265496212069,-0.10414781139001739,-0.11911405123685614,526.4133679199218,576.546056213379,36.6918232892696,25.96999931335449,24.65999984741211,94.06999969482422,0
2011-11-17,447.15826416015625,-0.0030324452866392626,-0.11548387151298589,-0.09985394916566004,523.6841735839844,575.8001007080078,40.790714632531895,25.040000915527344,23.43000030517578,94.26000213623048,0
2011-11-18,451.4564514160156,0.009612228153564661,-0.10627634804735975,-0.08323529956749465,521.0384014892578,575.0615266418457,34.741645051459926,26.920000076293945,23.709999084472656,96.8000030517578,0
2011-11-21,445.2357177734375,-0.013779255170828786,-0.10682204553801422,-0.06954951976470447,518.152504272461,574.3302250671387,10.535009613174822,26.57999992370605,24.299999237060547,95.73999786376952,0
2011-11-22,445.1087951660156,-0.00028506834100505696,-0.07764547012282952,-0.08336446326261937,515.1258679199219,573.6666827392578,10.690828007407518,28.61000061035156,24.739999771118164,98.98999786376952,0
2011-11-23,431.3793029785156,-0.030845250277247827,-0.10370455007898383,-0.11451572993658676,511.5652886962891,572.873738861084,10.063561342736293,27.350000381469727,25.290000915527344,98.13999938964844,0
2011-11-24,443.9841613769531,0.02921989606688502,-0.04998473286031757,-0.1214156488008874,508.03046264648435,572.2563400268555,20.992710261957043,30.68000030517578,25.96999931335449,99.37000274658205,0
2011-11-25,459.2008972167969,0.03427315017871635,0.023817364709244337,-0.08615471490660698,504.9356292724609,571.7240132141113,32.04523762386968,27.950000762939453,25.040000915527344,102.58999633789062,0
2011-11-28,464.1703796386719,0.010822022456826286,0.03804495374913275,-0.09231803569383568,502.28188232421877,571.1138977050781,32.09854207862544,29.1200008392334,26.920000076293945,98.81999969482422,0
2011-11-29,463.2453002929688,-0.0019929736714849877,0.026112925931121023,-0.11533673639944964,499.68653198242185,570.6079940795898,31.95305927141176,26.63999938964844,26.57999992370605,97.41000366210938,0
2011-11-30,461.4497985839844,-0.00387591996691361,0.03641684654508692,-0.10355175414882167,497.24534484863284,570.148475189209,33.34956896457102,26.8700008392334,28.61000061035156,96.91999816894533,0
2011-12-01,469.5930786132813,0.017647163471054883,0.05500741327327319,-0.08024616864025835,495.09760314941406,569.7878211975097,43.72369743099902,26.549999237060547,27.350000381469727,98.01000213623048,0
2011-12-02,475.2881164550781,0.01212760174961347,0.10178701938963752,-0.05061044608609633,492.9320922851563,569.5006695556641,47.21704911798809,25.020000457763672,30.68000030517578,96.16999816894533,0
2011-12-05,477.2287292480469,0.00408302401381877,0.07487782394757159,-0.024505098478765475,491.1503546142578,569.2055155944824,55.156126875472594,23.989999771118164,27.950000762939453,96.16999816894533,0
2011-12-07,483.10491943359375,0.012313152636065805,0.05205569580041858,-0.04871266828155274,489.4741680908203,568.8239848327637,70.8598437718568,25.020000457763672,29.1200008392334,96.7699966430664,0
2011-12-08,457.15142822265625,-0.053722266462047474,-0.015121497889373003,-0.0901677827442865,487.3072052001953,568.1256596374511,54.64817329923552,26.459999084472656,26.63999938964844,98.20999908447266,1
2011-12-09,445.0180358886719,-0.026541298101500854,-0.03934689546287795,-0.08121766035837574,485.38690185546875,567.4302978515625,47.20871833952519,28.57999992370605,26.8700008392334,99.79000091552734,1
2011-12-12,433.6644592285156,-0.025512621387319467,-0.06021313573162557,-0.0762604424607275,483.5318878173828,566.6246934509277,45.197199237058356,29.530000686645508,26.549999237060547,100.36000061035156,1
2011-12-13,424.6325073242188,-0.020827051219195036,-0.09574368391849397,-0.12445302531954527,481.6754229736328,565.7003218078613,42.08607238285575,29.270000457763672,25.020000457763672,100.1999969482422,1
2011-12-14,420.6968688964844,-0.009268339940657122,-0.11485927307789834,-0.18151009168843013,479.6016833496094,564.8574703979492,45.533159377147015,28.11000061035156,23.989999771118164,100.95999908447266,1
2011-12-15,411.0119323730469,-0.02302117567178885,-0.1387527464646472,-0.1981740831181722,477.6385748291016,563.9424674987793,35.86762023655426,28.790000915527344,25.020000457763672,100.98999786376952,1
2011-12-16,389.0847473144531,-0.05334926636312831,-0.19461646598294347,-0.22833707820556992,475.48503173828124,563.0014114379883,21.581912490389456,28.809999465942383,26.459999084472656,100.48999786376952,1
2011-12-19,374.6661376953125,-0.03705776111415571,-0.18043319004391067,-0.25687974548694503,473.12944885253904,561.9970697021485,16.304788646309277,29.690000534057617,28.57999992370605,98.33999633789062,1
2011-12-20,354.6433410644531,-0.05344170346972321,-0.20308097096277544,-0.2916499447995522,470.65198974609376,561.0445906066894,14.255024097709466,30.57999992370605,29.530000686645508,99.41000366210938,1
2011-12-21,362.6235046386719,0.0225019411058629,-0.1638154870155254,-0.2827006361521458,468.19266540527343,560.1364163208008,18.745017390152867,30.530000686645508,29.270000457763672,97.7699966430664,1
2011-12-22,364.4733581542969,0.005101306153522112,-0.14167344264104753,-0.2784720216813694,465.738779296875,559.2123268127441,15.376369917747098,27.530000686645508,28.11000061035156,100.13999938964844,1
2011-12-23,365.9424133300781,0.0040306243046694945,-0.13015180196142362,-0.26589066613167966,462.95081970214846,558.1458529663086,12.953113620074205,26.84000015258789,28.790000915527344,94.9499969482422,1
2011-12-26,372.1451416015625,0.016950011929580677,-0.09456365548095014,-0.22884076689619726,460.34386169433594,557.0142272949219,15.396507552338178,27.38999938964844,28.809999465942383,93.87000274658205,1
2011-12-27,373.10638427734375,0.002582977898473837,-0.04106653665402071,-0.22478071559005586,457.5783898925781,555.984382019043,12.566337087744216,26.600000381469727,29.690000534057617,93.52999877929688,1
2011-12-28,373.3784484863281,0.0007291866889689302,-0.0034368977589096517,-0.20106333211788274,454.5731536865234,555.0291441345215,15.452502292407786,26.290000915527344,30.57999992370605,93.87999725341795,1
2011-12-29,362.5509033203125,-0.02899884878173975,0.022297224676840255,-0.19166989293769854,451.5291033935547,554.0285758972168,15.620745185818095,26.739999771118164,30.530000686645508,97.22000122070312,1
2011-12-30,360.7916259765625,-0.004852497477287221,-0.00505173723897101,-0.1931455708323,448.5336584472656,553.0096849060059,16.97896491460486,26.6200008392334,27.530000686645508,98.66999816894533,1
2012-01-02,366.0149230957031,0.014477323593646618,0.004229568243925286,-0.18925751986115358,445.8414575195313,552.0461190795899,22.488891893509972,27.11000061035156,26.84000015258789,99.52999877929688,1
2012-01-03,384.8045043945313,0.051335560692193916,0.05154387788179027,-0.1357285836839739,443.7532067871094,551.1991497802734,35.21589238679195,27.530000686645508,27.38999938964844,99.68000030517578,1
2012-01-04,388.069091796875,0.008483755686488959,0.04278962269071207,-0.1281477786747981,441.35772216796875,550.331565246582,40.022074334445286,26.15999984741211,26.600000381469727,99.68000030517578,1
2012-01-05,394.5801086425781,0.016777983568738275,0.05755389151763257,-0.08530588760715352,439.2001873779297,549.5651094055175,52.76005069105494,26.40999984741211,26.290000915527344,101.33999633789062,1
2012-01-06,392.29486083984375,-0.005791594032948155,0.050662839352947575,-0.1164214966065511,437.3589581298828,548.7535252380371,60.08295258416046,25.90999984741211,26.739999771118164,99.36000061035156,1
2012-01-09,394.6889953613281,0.0061028954505264466,0.0886443579279177,-0.1404873166548094,435.8634149169922,547.9891412353516,78.69019341703428,25.459999084472656,26.6200008392334,99.6500015258789,1
2012-01-10,411.2657775878906,0.04199960581973383,0.13989834568557025,-0.11397668694836627,434.3889080810547,547.3201341247559,81.02723465155266,25.68000030517578,27.11000061035156,98.83000183105467,1
2012-01-11,416.0901489257813,0.011730544092888096,0.13681197861155203,-0.10179304860160543,432.4308807373047,546.6930442810059,81.72087013111232,24.0,27.530000686645508,98.83000183105467,1
2012-01-12,410.5403442382813,-0.013337986255689827,0.06688029778716831,-0.11032501152221763,430.3897882080078,546.01187210083,76.09846297155501,24.540000915527344,26.15999984741211,102.95999908447266,1
2012-01-13,425.3035583496094,0.03596044656395425,0.09594803435730404,-0.09431467856055264,428.81154052734377,545.3870806884765,78.27510183383691,24.030000686645508,26.40999984741211,103.22000122070312,1
2012-01-16,435.9134216308594,0.024946565983180458,0.10475265246004106,-0.08284384452507187,427.44621520996094,544.7810066223144,80.29742414753849,23.479999542236328,25.90999984741211,101.80999755859376,1
2012-01-17,459.726806640625,0.05462870338030412,0.17189097419328836,-0.03667407583570892,426.6275286865234,544.2065519714356,83.94407066889228,24.06999969482422,25.459999084472656,101.55999755859376,1
2012-01-18,450.005615234375,-0.02114558312856707,0.14015242513261827,-0.0685136972689604,425.51684143066404,543.5116819763184,84.68064744269623,22.61000061035156,25.68000030517578,101.30999755859376,1
2012-01-19,463.263427734375,0.029461437926935563,0.1264332044631944,0.013369748259305148,424.6792901611328,542.8677326965332,87.23964490872739,22.68000030517578,24.0,102.23999786376952,0
2012-01-20,462.2659912109375,-0.002153065542677357,0.11097557201094088,0.03875787930217833,423.954912109375,542.201270904541,86.0873582830136,21.68000030517578,24.540000915527344,100.87000274658205,0
2012-01-23,463.3179321289063,0.002275618232726151,0.12855639800407137,0.06837884052832899,423.56969360351565,541.5486064147949,83.95298920832738,21.959999084472656,24.030000686645508,99.0999984741211,0
2012-01-24,490.3594665527344,0.05836496398828017,0.15296347026950463,0.15478551004652874,423.7510546875,541.0398678588867,86.69011347950922,22.13999938964844,23.479999542236328,98.6999969482422,0
2012-01-25,482.6878662109375,-0.015644850084630457,0.10730214363458557,0.1473531226344984,424.05792724609375,540.4168280029297,81.34206432520628,21.420000076293945,24.06999969482422,98.6999969482422,1
2012-01-27,501.1146240234375,0.03817530769345545,0.09002698294938871,0.21922159566066002,425.1098522949219,539.9251071166992,84.72236179436544,21.020000457763672,22.61000061035156,100.70999908447266,0
2012-01-30,473.4743957519531,-0.05515749680095472,0.05215219482395783,0.21689271815452948,425.6361749267578,539.3166645812988,71.65077380021884,21.700000762939453,22.68000030517578,100.58999633789062,1
2012-01-31,475.4695129394531,0.004213780524143118,0.026348044059452125,0.2690485344211073,426.1164361572266,538.6931231689454,69.18083830763037,23.459999084472656,21.68000030517578,100.38999938964844,1
2012-02-01,487.76605224609375,0.02586188803278011,0.05516317773746904,0.375370677430672,426.9670428466797,538.1149771118164,70.49798919190648,22.65999984741211,21.959999084472656,98.45999908447266,0
2012-02-02,494.0776672363281,0.012939840649365264,0.0663901243063989,0.3625086650922995,427.94642028808596,537.5869923400879,73.78649263825548,22.88999938964844,22.13999938964844,99.58000183105467,0
2012-02-03,491.3571166992188,-0.00550632161199871,0.0020345281666487303,0.34812903523995486,429.1459765625,536.9560704040528,70.1930014783402,23.690000534057617,21.420000076293945,98.9499969482422,0
2012-02-06,502.3659973144531,0.02240504969010826,0.04076781804769092,0.37280068943886446,430.31361328125,536.3624877929688,70.26554296129301,24.09000015258789,21.020000457763672,99.4000015258789,0
2012-02-07,491.3207702636719,-0.021986414506210195,-0.019544138786314003,0.3202396466852302,430.9560107421875,535.8026542663574,60.44867691802126,24.6200008392334,21.700000762939453,99.55999755859376,0
2012-02-08,496.0363159179688,0.009597692464265783,0.047651827360556176,0.3294768913663153,431.59332946777346,535.2196644592285,65.74444285782286,24.90999984741211,23.459999084472656,98.77999877929688,0
2012-02-09,491.5929260253906,-0.008957791496284284,0.033910508764818825,0.3166076617927538,432.16028198242185,534.6108624267578,60.311657659110715,24.270000457763672,22.65999984741211,98.4800033569336,0
2012-02-10,490.05120849609375,-0.0031361670351156556,0.004684943200694569,0.35167559646964985,432.73231018066406,533.9923745727539,60.073630421928826,23.299999237060547,22.88999938964844,97.61000061035156,0
2012-02-13,481.7989807128906,-0.016839521340082375,-0.02485173351817238,0.33539402254360784,432.97642822265624,533.3037754821777,56.36790364658636,23.82999992370605,23.690000534057617,96.36000061035156,0
2012-02-14,500.3891906738281,0.03858499229996415,0.01838189306239002,0.3671278385088952,433.47844970703125,532.7260125732422,53.66960082285596,23.709999084472656,24.09000015258789,97.83999633789062,0
2012-02-15,527.8116455078125,0.05480225261672245,0.050651613224992564,0.3716358293110291,434.49010803222654,532.3320965576172,64.4247957858902,22.709999084472656,24.6200008392334,96.91000366210938,0
2012-02-16,525.4356689453125,-0.004501561461786374,0.06943508344524596,0.35397453714334604,435.33672302246094,531.975192565918,58.66382884722174,22.100000381469727,24.90999984741211,98.41000366210938,0
2012-02-17,524.927978515625,-0.0009662275701735057,0.058245055191551875,0.33034577014402844,436.6922540283203,531.7318667602539,72.72139952622845,23.32999992370605,24.270000457763672,98.70999908447266,0
2012-02-21,524.7828369140625,-0.00027649812451024935,0.06751502947167642,0.33772549502836235,438.2875500488281,531.4713681030273,72.13798636401125,24.18000030517578,23.299999237060547,99.83999633789062,0
2012-02-22,516.16796875,-0.01641606309901722,0.053293941125163835,0.30778403962710144,439.9376202392578,531.2887652587891,63.18621375213022,26.25,23.82999992370605,98.66999816894533,0
2012-02-23,507.6257019042969,-0.016549393536351875,0.053604765110112806,0.23430085742014706,441.59748413085936,531.0553623962402,56.16233488614848,26.799999237060547,23.709999084472656,100.91000366210938,0
2012-02-24,489.18072509765625,-0.036335781930360356,-0.022399495802614133,0.17566043406836873,442.9671612548828,530.7465406799316,49.133950790295984,24.32999992370605,22.709999084472656,100.73999786376952,0
2012-02-27,472.2411193847656,-0.034628522433112874,-0.10528476701112188,0.15029162422749032,444.1917449951172,530.3286657714843,38.552750961579505,24.81999969482422,22.100000381469727,101.8000030517578,0
2012-02-28,489.253173828125,0.03602408546194069,-0.06886189357836192,0.1503622864729186,446.19511352539064,529.9873132324219,49.24840981394784,27.3799991607666,23.32999992370605,102.30999755859376,0
2012-02-29,474.4718627929688,-0.030211988037810666,-0.09612007320572702,0.08845435641291521,448.19122802734375,529.5880517578125,42.69565591319599,25.850000381469727,24.18000030517578,103.23999786376952,0
2012-03-01,463.53564453125,-0.023049245106639193,-0.11670959504501144,0.00828500282256206,450.3690740966797,529.1687994384765,40.89680141804506,26.93000030517578,26.25,105.83999633789062,1
2012-03-02,471.42486572265625,0.01701966458131654,-0.08668322278055685,0.04759774047958376,452.5451013183594,528.8274606323242,44.1957455678878,27.670000076293945,26.799999237060547,106.27999877929688,1
2012-03-05,459.490966796875,-0.0253145300417863,-0.09482328204984536,-0.00814323063650746,454.4454534912109,528.3774703979492,43.20440725456711,27.84000015258789,24.32999992370605,107.83000183105467,1
2012-03-06,447.992431640625,-0.025024507524939232,-0.08419852079987156,-0.03087737329090967,456.0864538574219,527.8909280395508,33.3178326961101,28.920000076293945,24.81999969482422,109.7699966430664,1
2012-03-07,448.89935302734375,0.0020244122950860977,-0.04942764490273832,-0.031120269909067466,457.6215380859375,527.4292315673828,19.77204989100254,27.34000015258789,27.3799991607666,108.55999755859376,1
2012-03-09,472.4043273925781,0.05236134604943987,-0.03443788888218002,-0.036616279249959804,459.6074969482422,527.0824543762207,32.51610467733397,26.32999992370605,25.850000381469727,106.5500030517578,0
2012-03-12,489.3257446289063,0.0358197761009631,0.03130613846836017,0.013751906527246449,461.92644287109374,526.6623756408692,39.4085991047623,25.46999931335449,26.93000030517578,107.06999969482422,0
2012-03-13,493.9324645996094,0.009414423870537814,0.0655760143302424,-0.014332368443296883,464.5540740966797,526.1621557617187,41.05957289573775,26.270000457763672,27.670000076293945,108.83999633789062,0
2012-03-14,506.5918273925781,0.02562974434820897,0.07459717173809599,0.069945559755199,467.470078125,525.7966822814941,47.28840248105327,24.75,27.84000015258789,106.6999969482422,0
2012-03-15,493.8598327636719,-0.025132649088394632,0.0747976966911521,0.03867823135604609,470.0269763183594,525.3136239624023,46.19237664981817,24.71999931335449,28.920000076293945,106.72000122070312,0
2012-03-16,478.80657958984375,-0.030480821024842508,0.06878274223600633,-0.018368380937937134,471.90701782226563,524.8236038208008,47.07565413678719,25.420000076293945,27.34000015258789,104.6999969482422,0
2012-03-19,470.3005676269531,-0.01776502731056262,0.04767486175972668,-0.04812421444258863,473.5516473388672,524.2302085876465,49.425674796888956,23.1299991607666,26.32999992370605,106.16000366210938,0
2012-03-20,466.8727111816406,-0.007288650453068368,-0.011709495214553,-0.049830163613089895,474.99749938964845,523.6197644042969,42.79711815188338,22.96999931335449,25.46999931335449,107.4000015258789,0
2012-03-21,488.3826904296875,0.04607247057470065,-0.0019272523662821062,-0.027834899176133687,476.9192559814453,523.1300814819336,54.291177625739785,21.940000534057617,26.270000457763672,106.33999633789062,0
2012-03-22,470.4275207519531,-0.036764549664807133,-0.04758736372331751,-0.04252466163908808,478.4340264892578,522.5301313781738,52.03774676548204,21.0,24.75,106.70999908447266,0
2012-03-23,471.8057861328125,0.0029298145198994874,-0.06866680309236128,-0.04884829801284829,479.64482666015624,521.8605000305175,50.11713826031008,24.770000457763672,24.71999931335449,105.43000030517578,0
2012-03-26,464.20654296875,-0.016106718881831017,-0.06004393924685092,-0.055709473441906576,480.60715454101563,521.1759700012207,51.48982211994399,23.34000015258789,25.420000076293945,105.11000061035156,0
2012-03-27,472.7126159667969,0.018323897254113986,-0.012727401591404841,-0.035381185126564296,481.85059997558596,520.4609027099609,57.96052790628243,26.739999771118164,23.1299991607666,107.05999755859376,0
2012-03-28,474.3812561035156,0.0035299251180467284,0.008676767066543967,-0.015395891038207266,482.83215393066405,519.7271272277832,58.165760664940656,25.049999237060547,22.96999931335449,108.08999633789062,0
2012-03-29,464.4967346191406,-0.020836661139533086,-0.0050891313747734035,-0.07172907953178287,483.4038201904297,518.9838330078124,47.22362348015898,24.8700008392334,21.940000534057617,105.61000061035156,0
2012-03-30,474.8166198730469,0.02221734725943314,-0.027777541715708565,-0.10040518447405344,483.70561645507814,518.2973500061036,44.65818135813322,24.32999992370605,21.0,107.2699966430664,0
2012-04-02,483.3225708007813,0.017914181121142514,0.027411342831763275,-0.08014891381291878,484.37195556640626,517.6116059875488,46.20278368236219,22.3799991607666,24.770000457763672,105.3499984741211,0
2012-04-03,494.0776672363281,0.022252419161239434,0.04720561247471888,-0.05877056004241654,484.9882403564453,517.0369766235351,45.45936723645297,20.8799991607666,23.34000015258789,106.87000274658205,0
2012-04-04,487.9837646484375,-0.012333896049132265,0.05122121185027795,-0.07012247672202576,485.5025958251953,516.4069833374024,47.76002756645743,20.01000022888184,26.739999771118164,107.02999877929688,0
2012-04-09,470.9533996582031,-0.03489944998990635,-0.0037215344993400956,-0.0875966193742953,485.6553051757812,515.6566972351075,47.05080243872977,20.6299991607666,25.049999237060547,107.33000183105467,0
2012-04-10,466.2198181152344,-0.010051061413728357,-0.017204385466908723,-0.08156774496195385,485.1725122070313,514.8999090576172,48.42281986852075,22.32999992370605,24.8700008392334,105.41000366210938,0
2012-04-11,465.6756896972656,-0.001167107010097701,0.0025381342650161454,-0.048049798764451035,484.8322686767578,514.2119398498535,49.526812129552916,21.920000076293945,24.32999992370605,102.77999877929688,0
2012-04-12,468.4323120117188,0.005919618256742698,-0.013445839075799548,-0.008065386974367983,484.1786224365234,513.5345182800293,40.74068933165336,22.290000915527344,22.3799991607666,103.0199966430664,0
2012-04-13,465.1316528320313,-0.007046181689543518,-0.037637220083909684,-0.04930273790020956,484.011767578125,512.8749253845215,47.15511263317867,21.780000686645508,20.8799991607666,105.2300033569336,0
2012-04-16,472.09613037109375,0.014973131793242,-0.04449004341400464,-0.005007109184284042,483.9442999267578,512.2829588317871,50.147139153366815,22.75,20.01000022888184,104.01000213623048,0
2012-04-17,483.4495239257813,0.024048901959359714,-0.009291786020632964,0.04296083727211353,483.85796936035155,511.72789749145505,59.394399897497344,22.229999542236328,20.6299991607666,101.47000122070312,0
2012-04-18,480.4932861328125,-0.006114884070963833,0.02025654020447254,0.019236194502076476,483.58628173828123,511.13199081420896,54.01614225905305,20.309999465942383,22.32999992370605,102.45999908447266,0
2012-04-19,478.0084838867188,-0.005171356848900688,0.025285638476592265,0.04030006774437811,483.3193090820312,510.39541091918943,51.85662019115269,20.030000686645508,21.920000076293945,101.0199966430664,0
2012-04-20,468.4142761230469,-0.020071208120953865,0.005880887678636704,0.045585244392708946,482.6402746582031,509.52628845214844,52.01119639629703,19.350000381469727,22.290000915527344,102.6999969482422,0
2012-04-23,454.7936706542969,-0.029078117732628694,-0.029115500804907657,0.013130599514573404,481.9097326660156,508.5631785583496,40.05752919647637,20.09000015258789,21.780000686645508,103.63999938964844,0
2012-04-24,442.0074462890625,-0.02811434105237054,-0.049715400794964726,-0.06434505219562725,480.8291552734375,507.53739639282225,30.32131537956589,21.56999969482422,22.75,102.83000183105467,1
2012-04-25,446.7046508789063,0.01062698067482759,-0.05378455331169174,-0.08710167862171836,479.9313897705078,506.49276931762694,26.054016097896806,19.25,22.229999542236328,102.93000030517578,1
2012-04-26,444.9455261230469,-0.003938004120615957,-0.07964429769227677,-0.09917740174513978,479.0292761230469,505.46855560302737,27.24809962148926,18.940000534057617,20.309999465942383,104.1999969482422,1
2012-04-27,442.6239929199219,-0.005217567245485721,-0.07881336598410493,-0.12627095624873752,478.2457763671875,504.4638313293457,32.26592421422005,18.739999771118164,20.030000686645508,102.66999816894533,1
2012-04-30,445.0180358886719,0.005408751009986723,-0.06901644868266643,-0.0988980954407207,477.1383532714844,503.4685595703125,36.3272993493689,17.889999389648438,19.350000381469727,102.2699966430664,1
2012-05-02,440.4839172363281,-0.010188617733861927,-0.0596274714722439,-0.08003787747934388,475.3917987060547,502.42365524291995,34.54933340920002,17.81999969482422,20.09000015258789,103.0500030517578,1
2012-05-03,435.0247497558594,-0.012393568225420148,-0.04346788922984923,-0.07500696426774223,473.5835803222656,501.2492687988281,30.167856862050982,18.540000915527344,21.56999969482422,103.11000061035156,1
2012-05-04,416.1082458496094,-0.04348374182587578,-0.05859448897726405,-0.10873298892014471,471.4071856689453,500.02856246948244,25.449419261642063,19.25,19.25,103.5500030517578,1
2012-05-07,436.3306274414063,0.04859884848113705,-0.023223450700790238,-0.10658048290467648,469.6381414794923,498.9157978820801,34.18848551798878,21.1200008392334,18.940000534057617,104.12000274658205,1
2012-05-08,420.3159484863281,-0.036703082359784034,-0.05535414155374063,-0.10652347078998348,467.72110107421884,497.8193948364258,23.19415401783,20.21999931335449,18.739999771118164,104.5500030517578,1
2012-05-09,419.6630859375,-0.001553266182687696,-0.05187451956897393,-0.110517297006261,465.9618487548829,496.68135162353514,23.65687717897825,22.15999984741211,17.889999389648438,104.93000030517578,1
2012-05-10,418.9376220703125,-0.0017286816293762275,-0.0586052962241822,-0.09751892036878285,464.556986694336,495.50741607666015,24.022938217658123,23.040000915527344,17.81999969482422,104.87000274658205,1
2012-05-11,412.789306640625,-0.014675968702222653,-0.06287314817181944,-0.1267647769535748,463.3679504394532,494.29447082519533,24.773766208243373,22.71999931335449,18.540000915527344,105.22000122070312,1
2012-05-14,420.5517272949219,0.018804800728655646,-0.03326942310537484,-0.11347313603985965,461.99392150878913,493.175160369873,33.59966604146889,22.479999542236328,19.25,102.54000091552734,1
2012-05-15,443.3495178222656,0.054209242401604074,0.06546679198109873,-0.04552715922581119,461.37147460937507,492.1301153564453,50.586540967439824,23.26000022888184,21.1200008392334,98.48999786376952,1
2012-05-16,437.4007263183594,-0.013417836864076715,0.002452495446464642,-0.07880072429792262,460.8487762451173,491.07716537475585,45.97780126152582,22.280000686645508,20.21999931335449,97.94000244140624,1
2012-05-17,422.05712890625,-0.035079039628621134,0.004142551397805283,-0.12675890925810718,459.86142150878914,489.9707746887207,41.14511695538433,23.709999084472656,22.15999984741211,97.01000213623048,1
2012-05-18,421.18658447265625,-0.0020626222707095243,0.0036302895970772298,-0.14752960434620588,459.09533386230476,488.7922666931152,41.61229580328818,23.59000015258789,23.040000915527344,96.80999755859376,1
2012-05-21,432.4675598144531,0.026783795490355367,0.03229582885699833,-0.11376649973996655,458.78483642578135,487.6250466918945,45.40873012683281,23.549999237060547,22.71999931335449,97.08000183105467,1
2012-05-22,420.6787109375,-0.027259498682423833,0.019112424110694137,-0.10675087759678614,458.2204235839844,486.5319854736328,43.119959714823366,23.920000076293945,22.479999542236328,96.12999725341795,1
2012-05-23,416.90625,-0.008967558470199033,-0.008668320823149056,-0.10577321297621389,457.1104620361329,485.45511322021486,43.631263402133186,24.38999938964844,23.26000022888184,94.77999877929688,1
2012-05-24,423.8344421386719,0.01661810572202227,-0.044017360793470295,-0.0898506159636433,455.8006359863282,484.44622451782226,52.96574351400285,27.1299991607666,22.280000686645508,93.9800033569336,1
2012-05-25,430.9258728027344,0.016731605454901377,-0.014803024151615829,-0.08006800181633522,454.5405041503907,483.49921661376953,47.692767868239585,25.489999771118164,23.709999084472656,92.80999755859376,1
2012-05-28,436.94720458984375,0.013973010596803448,0.03527976348173767,-0.06059456085300119,453.14761169433604,482.5132012939453,57.76196505660818,25.13999938964844,23.59000015258789,92.55999755859376,1
2012-05-29,436.05853271484375,-0.002033819797140457,0.03530964373143042,-0.07633529558465657,451.99158569335947,481.57657745361325,57.6351050603963,23.68000030517578,23.549999237060547,91.4800033569336,1
2012-05-30,430.7807922363281,-0.012103284496365885,-0.0039003331922715656,-0.10894360027860706,451.0310699462891,480.7489149475098,55.29085618788738,24.030000686645508,23.920000076293945,92.56999969482422,1
2012-05-31,425.3398742675781,-0.012630363439614767,0.01108010272183857,-0.11478497922235176,450.1318560791016,479.9122930908203,55.6425449289854,25.299999237060547,24.38999938964844,91.66000366210938,1
2012-06-01,411.6647644042969,-0.03215101778743257,-0.012572336336294176,-0.13879192884397518,449.02769714355475,479.02518020629884,46.206251279964185,25.25,27.1299991607666,89.9000015258789,1
2012-06-04,425.666259765625,0.03401188678751543,0.004322012193510583,-0.09126113044896278,447.7733685302735,478.221375579834,41.83825333592881,26.770000457763672,25.489999771118164,90.66000366210938,1
2012-06-05,439.32318115234375,0.032083636119617065,0.019486665525542568,-0.034016501328385296,447.15128173828134,477.5204573059082,50.828371258653554,25.600000381469727,25.13999938964844,90.86000061035156,1
2012-06-06,459.6361999511719,0.04623707482393047,0.051926171223880324,0.039883386151328803,446.9078900146485,476.83949890136716,65.527558781079,26.26000022888184,23.68000030517578,90.86000061035156,1
2012-06-07,462.4837036132813,0.006195124888796588,0.060600054616333,0.03532323360262568,446.8734332275391,476.2033349609375,66.7895462982263,24.899999618530277,24.030000686645508,90.76000213623048,1
2012-06-08,474.9797668457031,0.027019467139691278,0.1026020087384194,0.06750093878761798,446.9187762451173,475.6180567932129,67.11445543931656,23.63999938964844,25.299999237060547,87.81999969482422,1
2012-06-11,465.4761352539063,-0.02000849774067126,0.09436279882162846,0.051628792608444884,446.74067382812507,475.02453536987304,68.37247746748727,23.46999931335449,25.25,86.52999877929688,1
2012-06-12,477.2287292480469,0.025248542522442685,0.15926542787460796,0.07238064698895252,446.9953137207032,474.43010803222654,73.21977536347143,25.020000457763672,26.770000457763672,83.2300033569336,1
2012-06-13,489.65228271484375,0.02603270236134403,0.15031969643177723,0.11162352030241296,447.29202697753914,473.9257287597656,74.30676131572501,24.200000762939453,25.600000381469727,83.9800033569336,0
2012-06-14,470.4275207519531,-0.0392620695165562,0.07080058811834777,0.08138105019533293,447.03412597656256,473.47476211547854,63.38827284153807,24.36000061035156,26.26000022888184,84.29000091552734,1
2012-06-15,480.1666259765625,0.020702668944712066,0.04466668645239791,0.15394643284744047,446.75590515136724,473.04265609741213,64.28825384372627,25.709999084472656,24.899999618530277,85.0199966430664,0
2012-06-18,478.7884826660156,-0.0028701355654279226,0.035254818548953626,0.09730661235856264,446.57199951171884,472.5477084350586,64.08086474666563,25.540000915527344,23.63999938964844,84.81999969482422,1
2012-06-19,482.5426940917969,0.007841064607228665,0.015922630339221477,0.14804754811128196,446.8037854003907,472.13464736938477,67.23018603880062,22.600000381469727,23.46999931335449,84.0999984741211,1
2012-06-20,487.0586853027344,0.009358739166981156,0.046366609186216046,0.1605945379128999,447.2205627441407,471.7651138305664,70.67187197189676,21.43000030517578,25.020000457763672,82.69999694824219,1
2012-06-21,497.9769592285156,0.022416752344730062,0.043476489802198204,0.18866612353315348,447.8665881347657,471.47764907836915,79.45300686891578,21.030000686645508,24.200000762939453,83.31999969482422,1
2012-06-22,494.0231628417969,-0.007939717517943201,0.008926498009401929,0.19679254015146808,448.37840515136725,471.0200619506836,75.04327388247619,19.940000534057617,24.36000061035156,82.62000274658203,1
2012-06-25,491.6654968261719,-0.004772379501525537,0.045146117387586004,0.16909636773737424,448.9090820312501,470.5602995300293,70.90710200268515,20.57999992370605,25.709999084472656,83.91000366210938,1
2012-06-26,489.18072509765625,-0.005053785031806091,0.018772856407420768,0.10337488918565585,449.25077392578135,470.08747787475585,63.7608321699136,21.56999969482422,25.540000915527344,84.02999877929688,1
2012-06-27,488.7997741699219,-0.0007787529397408344,0.02090963309760685,0.11751020233595133,449.35777893066415,469.58382385253907,62.545379846445385,20.229999542236328,22.600000381469727,83.2699966430664,1
2012-06-28,487.2763977050781,-0.0031165654023280753,0.009809916658650497,0.15452711098102334,449.49344116210943,469.0380027770996,56.546971828926296,20.3700008392334,21.43000030517578,84.02999877929688,1
2012-06-29,507.0272216796875,0.04053310209078398,0.040998214341545935,0.20380667469384717,450.07381591796883,468.52609756469724,69.94617717290984,20.6200008392334,21.030000686645508,81.80000305175781,1
2012-07-02,507.6619567871094,0.0012518757973567496,0.019448686086999123,0.17387291894198453,450.85876953125006,467.96078002929687,66.35488759290723,19.07999992370605,19.940000534057617,78.19999694824219,1
2012-07-03,509.2580261230469,0.00314396088696256,0.03083835825351522,0.2105628663455401,451.94805664062505,467.43735733032224,61.9237957716286,19.01000022888184,20.57999992370605,79.76000213623047,1
2012-07-04,514.6445922851562,0.010577282803212684,0.04673725451006905,0.2344372200828273,453.40079956054694,467.02629165649415,82.33448412069654,18.559999465942383,21.56999969482422,79.20999908447266,1
2012-07-05,518.1448364257812,0.0068012842126310424,0.059209428830914845,0.2225170606976119,454.82960327148436,466.65195175170896,80.56073986031845,18.270000457763672,20.229999542236328,79.36000061035156,1
2012-07-06,509.6388854980469,-0.016416164612214068,0.04263322617837528,0.1826602152787078,456.1234704589844,466.28260040283203,72.27034081416129,18.350000381469727,20.3700008392334,80.20999908447266,1
2012-07-09,503.7624816894531,-0.011530524800616448,0.033833126459683616,0.15291384496286664,457.346240234375,465.9165119934082,64.86278858600764,18.040000915527344,20.6200008392334,77.69000244140625,1
2012-07-10,513.9915161132812,0.020305272416324627,0.013735543449762577,0.17872138153847583,458.7257098388672,465.56865127563475,67.46647065412851,18.71999931335449,19.07999992370605,84.95999908447266,1
2012-07-11,520.84716796875,0.013338064229756252,0.025972423194929206,0.20907704650631476,460.3329748535156,465.3413090515137,65.65679652521995,17.829999923706055,19.01000022888184,83.75,1
2012-07-12,510.5819396972656,-0.01970871476851399,0.0025996911316206184,0.20040929756814285,461.84411865234375,465.05964752197264,60.43434415693804,18.38999938964844,18.559999465942383,87.66000366210938,1
2012-07-13,509.5482177734375,-0.0020245955515798553,-0.009902706815764883,0.2377746696654588,463.7129180908203,464.77989074707034,61.45982575024202,18.709999084472656,18.270000457763672,87.66000366210938,0
2012-07-16,501.7493286132813,-0.015305497866786477,-0.03164271195984103,0.17873878209080551,465.0212921142578,464.5834713745117,57.54077181552131,18.26000022888184,18.350000381469727,87.22000122070312,0
2012-07-17,500.0082702636719,-0.0034699764410672795,-0.018896939594716056,0.13813313686783224,466.61513854980467,464.45143692016603,56.616761116331624,18.770000457763672,18.040000915527344,84.44999694824219,0
2012-07-18,508.3692626953125,0.016721708277408265,0.009144748117028811,0.10602529293671314,468.38926208496093,464.406004486084,61.521701949469744,17.780000686645508,18.71999931335449,85.98999786376953,0
2012-07-19,510.2192077636719,0.0036389789944246687,-0.00733924244146078,0.10321553770963998,470.21489379882814,464.3351812744141,52.16745307944323,17.440000534057617,17.829999923706055,83.91000366210938,0
2012-07-20,504.3429260253906,-0.011517170754972939,-0.031687302837268394,0.06181981050410945,472.04596618652346,464.31105911254883,47.89604621200103,16.3799991607666,18.38999938964844,85.80999755859375,0
2012-07-23,499.88128662109375,-0.008846439940097928,-0.020957758675358762,0.07391388894388795,473.6325573730469,464.32665603637696,44.26440232233679,16.889999389648438,18.709999084472656,86.08000183105469,0
2012-07-24,491.3933715820313,-0.01697986155160114,-0.035629299756433364,0.02968103440943959,474.5934344482422,464.321396484375,36.29749501283033,18.65999984741211,18.26000022888184,87.0999984741211,0
2012-07-25,486.7322387695313,-0.009485542707858619,-0.029929466742394606,-0.005963505222772447,475.58006469726564,464.36247619628904,31.737678369043238,16.969999313354492,18.770000457763672,88.43000030517578,1
2012-07-26,478.1354675292969,-0.017662218680988162,-0.043744881905334654,0.016384982674957138,476.7016314697266,464.3252049255371,31.7041986423976,16.75,17.780000686645508,89.22000122070312,1
2012-07-27,478.7339477539063,0.001251695942369624,-0.05829485989039407,-0.0029837105395287278,477.8525787353516,464.28303634643555,34.51525430641085,16.3700008392334,17.440000534057617,89.87000274658203,1
2012-07-30,495.60101318359375,0.03523264959341876,-0.028650811960119538,0.03511473464015191,479.11524780273436,464.2343394470215,39.48570654893468,16.440000534057617,16.3799991607666,92.66000366210938,1
2012-07-31,496.7254943847656,0.002268924338851841,-0.015103674994821903,0.029391804013658263,480.6361834716797,464.2055017089844,35.24191732460915,16.600000381469727,16.889999389648438,91.44000244140624,1
2012-08-01,501.3322448730469,0.009274238065809515,0.0029026056601573202,0.02930562579217888,482.32470336914065,464.15526306152344,43.91988451764532,16.010000228881836,18.65999984741211,88.13999938964844,1
2012-08-02,504.5423889160156,0.0064032267539098076,0.026758637976029842,0.013184203738404676,483.9388623046875,464.0597737121582,46.80104172720461,16.450000762939453,16.969999313354492,88.5,1
2012-08-03,501.42291259765625,-0.006182783422937765,0.03018224941348291,0.014978548198617547,485.34880310058594,463.99312118530275,49.778135843258,16.770000457763672,16.75,88.97000122070312,1
2012-08-06,510.0741271972656,0.017253329240163984,0.06679834866258227,0.03744137119632396,486.81134155273435,463.990672454834,56.25423790518924,16.1200008392334,16.3700008392334,89.38999938964844,1
2012-08-07,514.2454223632812,0.008177821503976057,0.0741778910310944,0.051238112991106366,488.3750793457031,464.0587747192383,53.85157311407938,16.219999313354492,16.440000534057617,90.12999725341795,1
2012-08-08,509.6751403808594,-0.008887355693743548,0.028398100130703208,0.04270739741315954,489.9529663085938,464.16106521606446,49.65566632467645,16.209999084472656,16.600000381469727,89.77999877929688,1
2012-08-09,514.4812622070312,0.009429774861258622,0.03574563420437604,0.05583045809335241,491.7357940673828,464.1942549133301,56.504539881528814,16.3700008392334,16.010000228881836,88.05999755859375,1
2012-08-10,516.5125122070312,0.0039481515639390174,0.030279854306655363,0.018707655371876797,493.8327490234375,464.26453323364257,61.01370943816283,16.329999923706055,16.450000762939453,88.91000366210938,1
2012-08-13,522.425048828125,0.011447034643613518,0.03544332509014625,0.029080556152854653,495.7679248046875,464.45487686157225,71.27584873572602,16.06999969482422,16.770000457763672,87.12999725341797,1
2012-08-14,533.7451171875,0.021668310860605944,0.06446096454267791,0.04808385888558697,497.65636352539065,464.77627166748044,79.53592047462446,16.010000228881836,16.1200008392334,91.4000015258789,1
2012-08-16,542.1112060546875,0.015674314570354397,0.06280867260109413,0.053370061944248315,499.3058636474609,465.0618721008301,90.30970502397211,15.640000343322754,16.219999313354492,92.1999969482422,1
2012-08-17,532.7361450195312,-0.017293612326122032,0.03595700000842683,0.028160675486804898,500.7109124755859,465.1555952453613,80.63716799450395,15.6899995803833,16.209999084472656,93.66999816894533,1
2012-08-21,538.2034301757812,0.010262651046606841,0.0559734770928868,0.056048597331460615,501.9753857421875,465.2836375427246,77.76050805852472,15.729999542236328,16.3700008392334,93.3499984741211,1
2012-08-22,534.7175903320312,-0.00647680718536392,0.03933345995574222,0.06144782465491461,503.36021484375,465.4361457824707,74.01723094161319,16.299999237060547,16.329999923706055,93.36000061035156,1
2012-08-23,525.5073852539062,-0.01722442882869435,0.017414627592350795,0.02240478447524996,504.3257879638672,465.54278427124024,64.44208170484788,16.0,16.06999969482422,92.87000274658205,1
2012-08-24,521.3425903320312,-0.007925283333292676,-0.002071988122548607,0.000951185671630661,504.95959411621095,465.64619155883787,59.92315404412838,16.1200008392334,16.010000228881836,92.7300033569336,1
2012-08-27,512.4629516601562,-0.017032252565860273,-0.039873274418859905,0.0036840550294550134,505.800302734375,465.6808064270019,56.10542730902819,16.15999984741211,15.640000343322754,93.43000030517578,1
2012-08-28,499.6567687988281,-0.02498948035139259,-0.07831315195424426,-0.019412194233220603,506.19010559082034,465.65338531494143,44.49205488647071,16.469999313354492,15.6899995803833,95.5999984741211,1
2012-08-29,495.12506103515625,-0.009069641495232927,-0.07059983508908729,-0.013202344677636146,506.51683715820315,465.636586151123,39.92891977997602,16.350000381469727,15.729999542236328,96.01000213623048,1
2012-08-30,497.06976318359375,0.00392769888151423,-0.07642773101381561,-0.0058769169528506415,506.80737854003905,465.70904067993166,43.171628035383954,16.739999771118164,16.299999237060547,96.68000030517578,1
2012-08-31,492.7583923339844,-0.008673572944763785,-0.07846982922703638,-0.030707738462709466,506.92137268066404,465.766375579834,38.16923914087683,16.670000076293945,16.0,97.26000213623048,1
2012-09-03,496.1340942382813,0.006850622854554844,-0.05589510602488079,-0.02760600406857805,506.8845153808594,465.91032485961915,39.06164308614468,17.299999237060547,16.1200008392334,96.2699966430664,1
2012-09-04,501.1795043945313,0.010169448572157291,-0.03867530930986962,-0.006272362449473601,507.02764221191404,466.17363052368165,38.489049472811224,17.280000686645508,16.15999984741211,96.1500015258789,1
2012-09-05,485.9333801269531,-0.030420486340511532,-0.051768759960615474,-0.027902437773616895,506.9129998779297,466.3675061035156,25.152437041907802,16.59000015258789,16.469999313354492,95.47000122070312,1
2012-09-06,482.4842224121094,-0.007098005314931544,-0.03436868558390882,-0.018130381248813165,506.77906982421877,466.5226449584961,17.343134452840516,17.010000228881836,16.350000381469727,96.33000183105467,1
2012-09-07,502.0417785644531,0.0405351206192166,0.013969637317158057,0.031453720496560145,507.04390991210937,466.80667526245117,34.87599826173519,16.979999542236328,16.739999771118164,95.48999786376952,1
2012-09-10,505.8946838378906,0.007674471404460759,0.01775388749815665,0.05805722058653351,507.4162756347656,467.11060470581054,33.823189207442596,15.260000228881836,16.670000076293945,94.62000274658205,1
2012-09-11,502.3721008300781,-0.006963075755390347,0.01950998429586903,0.0493763878393747,507.32317321777344,467.4655686950684,33.81074881341115,15.270000457763672,17.299999237060547,96.47000122070312,1
2012-09-12,517.15966796875,0.029435486393926125,0.04237881245139863,0.043500021613494866,507.51312744140625,467.83144622802735,46.04281327161655,15.380000114440918,17.280000686645508,96.47000122070312,1
2012-09-13,520.42529296875,0.006314539207642467,0.03840098887816512,0.047712064011005584,507.7364727783203,468.13756820678714,49.56142168361079,15.039999961853027,16.59000015258789,95.3000030517578,1
2012-09-14,546.7346801757812,0.05055362904625582,0.12512270721748608,0.09056356491538198,508.37827453613284,468.55038970947265,64.04510176863205,15.670000076293944,17.010000228881836,95.36000061035156,1
2012-09-17,570.7505493164062,0.043926002888464266,0.18294137466925298,0.13122417829478228,509.4303887939453,469.08791595458985,76.68371586161584,15.380000114440918,16.979999542236328,95.52999877929688,1
2012-09-18,570.0900268554688,-0.0011572874730100269,0.13554299900218258,0.13694450838330807,510.63941162109376,469.6311170959473,78.97880312196224,17.780000686645508,15.260000228881836,96.41999816894533,1
2012-09-20,558.329833984375,-0.02062865918907797,0.10364835176502218,0.09460528227977938,511.7307586669922,470.0748008728027,72.01066492631348,17.829999923706055,15.270000457763672,96.54000091552734,1
2012-09-21,581.685302734375,0.04183095247361179,0.1578774015779265,0.13114337520237918,513.0846343994141,470.6067868041992,78.10512707196386,18.6200008392334,15.380000114440918,97.16999816894533,1
2012-09-24,579.1168212890625,-0.004415585941811906,0.11980275562412257,0.13624694517435598,514.2500274658203,471.1162272644043,76.36098712962279,18.93000030517578,15.039999961853027,97.01000213623048,1
2012-09-25,577.722412109375,-0.00240782019866681,0.110096722651152,0.12292216363925612,515.5928369140624,471.5893147277832,74.89267447196711,18.82999992370605,15.670000076293944,98.30999755859376,1
2012-09-26,573.3009033203125,-0.007653344748940416,0.04859070424431455,0.10994581887402388,516.867890625,472.1700621032715,80.56492050487238,17.110000610351562,15.380000114440918,99.0,1
2012-09-27,586.4188842773438,0.022881493611919268,0.027452159230864748,0.12249381149078942,518.5612817382812,472.87706634521487,84.05682639306522,16.969999313354492,17.780000686645508,96.62000274658205,1
2012-09-28,585.92333984375,-0.0008450349176670757,0.02777335550950677,0.0977586885125925,520.2795831298828,473.638360748291,81.40971653867594,16.90999984741211,17.829999923706055,95.29000091552734,0
2012-10-01,589.5560913085938,0.006200045667770215,0.05592797558636753,0.08751873181001923,521.9033197021485,474.4629786682129,81.37901526772954,16.15999984741211,18.6200008392334,91.87000274658205,0
2012-10-03,590.4183349609375,0.0014625303089141894,0.015013327972204893,0.10827534508530756,523.5073022460938,475.3115859985352,83.6960901496569,16.34000015258789,18.93000030517578,92.88999938964844,0
2012-10-04,599.5919799804688,0.015537534111534912,0.03535583484836513,0.11406198170204451,525.4122833251953,476.2544862365723,82.96405605718384,16.5,18.82999992370605,91.93000030517578,0
2012-10-05,605.40771484375,0.009699487413875607,0.04792146220066251,0.13220085852762753,527.5228118896484,477.33610107421873,83.3045659732521,16.440000534057617,17.110000610351562,91.37000274658205,0
2012-10-08,585.5381469726562,-0.032820143159592696,0.021345236997658557,0.11423390689313595,529.4057073974609,478.3904611206055,66.01544118313885,16.780000686645508,16.969999313354492,89.9800033569336,0
2012-10-09,599.1331787109375,0.023218012026321677,0.021681249998048546,0.1492120341239782,531.6537261962891,479.6129103088379,62.816943178579635,17.170000076293945,16.90999984741211,91.8499984741211,0
2012-10-10,593.1519165039062,-0.009983193085551068,0.012337068979167087,0.15745326483085842,533.9540551757813,480.76555236816404,59.93671571829659,16.799999237060547,16.15999984741211,92.19000244140624,1
2012-10-11,606.6002807617188,0.02267271483683042,0.02891020838287539,0.21403395018540872,536.5113818359375,481.9761869812012,70.50013971541603,16.829999923706055,16.34000015258789,92.4800033569336,1
2012-10-12,605.4443359375,-0.0019056120824197942,0.02544975331356647,0.22281092916545098,538.7082482910156,483.17369659423827,62.435056388815774,16.489999771118164,16.5,88.13999938964844,1
2012-10-15,600.3256225585938,-0.00845447397072463,0.0012235696984288502,0.20772910972028336,540.7802508544922,484.3145989990234,60.811692938399624,16.489999771118164,16.440000534057617,91.70999908447266,1
2012-10-16,589.2259521484375,-0.01848941639846946,-0.026728702490170342,0.19577050602330237,542.538125,485.3951968383789,55.33618950870839,15.899999618530272,16.780000686645508,89.87999725341797,1
2012-10-17,596.729736328125,0.012734985878213978,0.01911333943540905,0.2027589783852468,544.3818719482422,486.5119532775879,60.56588006152498,15.56999969482422,17.170000076293945,89.33000183105469,1
2012-10-18,606.2149658203125,0.015895352476572144,0.011820054974441163,0.20957652997536935,546.4777130126953,487.7302735900879,59.230019254641064,15.170000076293944,16.799999237060547,92.38999938964844,1
2012-10-19,599.2247314453125,-0.011530949859578254,0.01023821178425921,0.2331417349612026,548.2607250976563,488.9224391174316,55.84768174958731,14.760000228881836,16.829999923706055,91.25,1
2012-10-22,613.150146484375,0.02323905257627601,0.01079766351975886,0.2708190610234267,550.2388195800781,490.158115234375,59.51182639172884,14.539999961853027,16.489999771118164,92.06999969482422,0
2012-10-23,624.28662109375,0.018162720294903734,0.03112141618613662,0.24349535785417276,552.531049194336,491.35552581787107,62.60927777141517,13.039999961853027,16.489999771118164,91.86000061035156,0
2012-10-25,628.3411865234375,0.0064947177989878035,0.04666728007617116,0.24203951256539336,554.8082476806641,492.55688629150393,61.12757709126216,13.710000038146973,15.899999618530272,91.8499984741211,0
2012-10-29,619.2594604492188,-0.014453494803463696,0.050971122692870185,0.23267088165526228,556.8631866455078,493.6802830505371,55.22920559724792,13.520000457763672,15.56999969482422,92.08999633789062,0
2012-10-30,601.334716796875,-0.02894544984317382,0.007717028645305879,0.16276414044184784,558.4413800048828,494.7254823303223,56.052271820576,15.119999885559082,15.170000076293944,92.12000274658205,1
2012-10-31,596.9498901367188,-0.007291823567933786,-0.015283482272755333,0.14704242511242405,559.7054754638672,495.7367868041992,49.09997881474272,15.170000076293944,14.760000228881836,92.0999984741211,1
2012-11-01,598.6009521484375,0.0027658301626298787,-0.0010409772229701408,0.0948655240892724,560.8352703857422,496.67346267700196,52.329429077616325,14.399999618530272,14.539999961853027,90.05000305175781,1
2012-11-02,614.7645874023438,0.027002354733806078,0.0026330270443959414,0.07711606784899905,562.4758392333985,497.6668348693848,53.41100342110148,14.079999923706056,13.039999961853027,88.7300033569336,0
2012-11-05,615.0397338867188,0.00044756397816869686,-0.014811925956110805,0.07884668195159605,564.0125653076171,498.68933181762696,54.03862940769372,13.65999984741211,13.710000038146973,86.66999816894531,0
2012-11-06,611.150390625,-0.006323726821908293,-0.027359014922374914,0.09460457497620167,565.5412213134765,499.6185659790039,54.60370397866472,14.630000114440918,13.520000457763672,86.05000305175781,0
2012-11-07,612.5813598632812,0.0023414355291793143,-0.010784010600489058,0.053114728846801906,567.282700805664,500.501905670166,60.822995078026935,15.210000038146973,15.119999885559082,86.05000305175781,0
2012-11-08,600.0687866210938,-0.020425977775393123,-0.002105200548746744,0.03617916897214979,568.8572247314453,501.20361557006834,51.4786866617906,14.510000228881836,15.170000076293944,86.05000305175781,0
2012-11-09,594.8399047851562,-0.008713804071330933,-0.003534610503201918,0.029629268861635527,570.5047637939454,501.92778701782225,44.76525393022361,14.220000267028809,14.399999618530272,86.23999786376953,0
2012-11-12,589.4459838867188,-0.009067853140057314,-0.015293942030764729,0.028161617176775566,572.3005480957031,502.558699798584,45.43276617895153,14.369999885559082,14.079999923706056,87.08999633789062,1
2012-11-15,588.9139404296875,-0.0009026161371445962,-0.0420496682834105,0.0042547336370628575,574.1763256835937,503.1919395446777,37.061590434558205,14.859999656677246,13.65999984741211,84.86000061035156,1
2012-11-16,579.153564453125,-0.01657351831311904,-0.058347725287295704,-0.011554029222372919,575.8180017089844,503.7711177062988,25.546601868545707,15.529999732971191,14.630000114440918,85.6500015258789,1
2012-11-19,571.8513793945312,-0.01260837454309538,-0.06430333978888436,-0.030030580932112305,577.3998614501953,504.1785772705078,20.433916202984065,16.219999313354492,15.210000038146973,88.70999908447266,1
2012-11-20,568.5305786132812,-0.005807104609533376,-0.07191009086504274,-0.037071606777090316,578.8477911376954,504.6077908325195,21.7452406853413,16.68000030517578,14.510000228881836,84.44000244140625,1
2012-11-21,574.4933471679688,0.010488034907869759,-0.04262084618188,-0.04185952055815956,580.314067993164,504.9746844482422,32.75165416158423,15.8100004196167,14.220000267028809,85.08999633789062,1
2012-11-22,583.7035522460938,0.016031874213213726,-0.01872159626393044,-0.03585048896058074,582.2694714355468,505.52583023071287,41.984926219131175,15.460000038146973,14.369999885559082,86.06999969482422,0
2012-11-23,582.4558715820312,-0.0021375245349483096,-0.011858783494622771,-0.0052640044146755605,584.2689044189453,506.0607620239258,40.183037487057106,14.90999984741211,14.859999656677246,85.56999969482422,0
2012-11-26,591.0054321289062,0.014678469157934915,0.003551438598469403,-0.013565842905776782,586.0481774902344,506.5769589233398,34.07914497642567,14.68000030517578,15.529999732971191,85.44999694824219,0
2012-11-27,595.6838989257812,0.007916114713230948,0.028542230398366453,0.004268691293789928,587.8439617919922,507.0849900817871,37.75253734571239,14.670000076293944,16.219999313354492,86.66999816894531,0
2012-11-29,610.1778564453125,0.024331625457174155,0.06702174451578813,0.00589774814990407,590.0000769042969,507.6790937805176,49.457438882706825,13.960000038146973,16.68000030517578,89.27999877929688,0
2012-11-30,612.012451171875,0.003006655694210547,0.07648115016900525,0.010848421307310785,591.8971325683593,508.2273260498047,49.68403796832448,15.369999885559082,15.8100004196167,86.75,0
2012-12-03,611.8107299804688,-0.0003296030840875819,0.06495703213354931,0.019131462976584857,593.7248413085938,508.8297758483887,57.5542794494384,15.149999618530272,15.460000038146973,87.37999725341797,0
2012-12-04,608.710205078125,-0.0050677844477208245,0.04284135797324784,0.033067540319030364,594.9643518066406,509.3931452941895,59.17483751827895,15.619999885559082,14.90999984741211,87.37999725341797,0
2012-12-05,611.5538330078125,0.0046715627665918635,0.04995736646408444,0.024842228863781957,595.7804174804687,509.9929498291016,65.13437784906861,15.90999984741211,14.68000030517578,88.27999877929688,0
2012-12-06,614.434326171875,0.004710122001681194,0.03964243434882442,0.013558491319065835,596.6673034667969,510.6148654174805,66.9262593714073,16.6200008392334,14.670000076293944,87.73999786376953,0
2012-12-07,614.7828979492188,0.0005673051821752928,0.032062305289566106,0.025963825735931145,597.7963647460938,511.2797850036621,77.00208245253886,15.239999771118164,13.960000038146973,87.18000030517578,0
2012-12-10,610.856689453125,-0.0063863333043107096,0.0011125166222307747,-0.0037404492919067556,598.3797924804687,511.8321224975586,81.15480804387569,14.960000038146973,15.369999885559082,88.06999969482422,0
2012-12-11,611.9207763671875,0.0017419583552651385,-0.00014979238496204417,-0.01980796049240574,599.0358715820313,512.2526681518555,85.95328381805106,14.510000228881836,15.149999618530272,88.91000366210938,0
2012-12-12,604.563720703125,-0.012022889151990235,-0.011845181724052356,-0.03784164770714993,599.5726977539063,512.6483084106445,74.35370417055942,14.670000076293944,15.619999885559082,89.08999633789062,0
2012-12-13,596.8947143554688,-0.012685191130451856,-0.019410699252429664,-0.03611530791556472,600.0445739746094,513.0081420898438,60.95692343882447,14.510000228881836,15.90999984741211,88.5,0
2012-12-14,601.4630737304688,0.007653543020452069,-0.016500197910156555,0.0002134533896154256,600.3454577636719,513.3915432739258,64.96247537596695,14.710000038146973,16.6200008392334,87.87999725341797,0
2012-12-17,599.7200927734375,-0.002897901854923113,-0.023947609649532353,0.004640594935169995,600.6213928222656,513.809303894043,57.68357745032724,14.229999542236328,15.239999771118164,86.26000213623047,0
2012-12-18,607.9946899414062,0.013797431948131766,-0.01104163442160877,0.015692821334903906,600.9901647949218,514.3111488342286,60.20697333130914,14.920000076293944,14.960000038146973,85.93000030517578,0
2012-12-19,599.3899536132812,-0.014152650459750338,-0.018771564653093153,-0.025008977589335846,601.1695971679687,514.8621949768067,40.087666463651956,14.4399995803833,14.510000228881836,85.55999755859375,0
2012-12-20,593.51904296875,-0.009794809888186928,-0.030072084670312638,-0.0349907326831872,601.0481384277343,515.4685845947265,34.180926644474425,14.470000267028809,14.670000076293944,85.79000091552734,0
2012-12-21,583.4649658203125,-0.016939771802683135,-0.0348991415797727,-0.04530051069160679,600.6092834472656,515.9396435546874,29.250665482395434,14.31999969482422,14.510000228881836,86.7699966430664,0
2012-12-24,581.7035522460938,-0.0030188848986714145,-0.02545032104326561,-0.05040605157179279,600.5325915527344,516.4758020019531,29.835586548338313,14.630000114440918,14.710000038146973,85.88999938964844,0
2012-12-26,595.298583984375,0.023371065357582266,-0.010249157455102909,-0.00794942637089846,600.4558996582032,517.1346166992188,39.54209612007627,14.489999771118164,14.229999542236328,86.7300033569336,0
2012-12-27,591.8128051757812,-0.005855513354765973,-0.01318496360708643,-0.005088931635257921,600.4291174316406,517.7365563964844,35.55879215205873,14.100000381469728,14.920000076293944,87.19999694824219,0
2012-12-28,594.4180297851562,0.004402109225401407,-0.022330228176101974,0.008435117100387357,600.1854724121093,518.4111917114258,37.36348804057524,13.739999771118164,14.4399995803833,87.93000030517578,0
2012-12-31,589.7211303710938,-0.007901677235059856,-0.01613110660914696,0.0013706415929248816,599.8710083007812,519.1198352050782,37.00951576369574,13.630000114440918,14.470000267028809,89.51000213623047,0
2013-01-01,596.234375,0.011044618029555142,0.0045749703626492,0.029492714187132396,599.7891833496094,519.8565103149414,40.96398334880319,14.949999809265137,14.31999969482422,90.12999725341795,0
2013-01-02,605.2792358398438,0.015169975464503827,0.037387454770076545,0.0584554967423625,600.1102490234375,520.5208848571777,50.40430467390412,13.6899995803833,14.630000114440918,88.66000366210938,0
2013-01-03,600.6192016601562,-0.007698982393178455,0.03251767904979208,0.0564413318367909,600.1880383300781,521.077352142334,52.17861952453241,13.710000038146973,14.489999771118164,88.61000061035156,0
2013-01-04,597.3717041015625,-0.005406915978738991,0.0034824879026453814,0.03982353676744088,600.0111730957032,521.5945483398438,47.56921251522121,13.470000267028809,14.100000381469728,90.9800033569336,0
2013-01-07,582.7493286132812,-0.024477850872218765,-0.015314769270340367,-0.0016347744144106224,599.6816650390625,521.9753358459473,41.25549030128019,13.369999885559082,13.739999771118164,90.87000274658205,0
2013-01-08,574.9519653320312,-0.013380304186372372,-0.032748105672636973,-0.01288321848248919,598.9177014160156,522.3807965087891,32.88995783897904,13.920000076293944,13.630000114440918,90.8000030517578,0
2013-01-09,568.6407470703125,-0.01097694875792632,-0.035746359109628645,-0.037841758878648823,597.8047839355469,522.8299673461914,33.690180277418605,13.270000457763672,14.949999809265137,91.81999969482422,0
2013-01-10,567.503173828125,-0.002000513062154541,-0.04818776369925837,-0.04730818668840231,596.5880236816406,523.3159803771973,35.47128574369658,13.31999969482422,13.6899995803833,91.81999969482422,0
2013-01-11,562.1275634765625,-0.009472388172388602,-0.07129217360877571,-0.07874801168412526,595.4453857421875,523.7922546386719,37.42700953065995,13.270000457763672,13.710000038146973,93.12000274658205,0
2013-01-14,570.5120849609375,0.014915691791592023,-0.050126796838996235,-0.06780967630882839,594.8289331054688,524.2029016113281,43.88292211643869,13.229999542236328,13.470000267028809,92.91999816894533,0
2013-01-15,572.420166015625,0.003344505935957809,-0.04176886503766397,-0.0643835781796459,594.3383386230469,524.7128648376465,35.663405962285154,13.699999809265137,13.369999885559082,93.08999633789062,0
2013-01-16,566.6224975585938,-0.010128344180091342,-0.027673701646406257,-0.06914243784384966,593.69876953125,525.1869483947754,34.659171163027196,13.579999923706056,13.920000076293944,93.19000244140624,0
2013-01-17,560.5680541992188,-0.010685144669443591,-0.02501758755534622,-0.08337087604835991,592.6148388671875,525.6687559509278,30.21658388469787,13.989999771118164,13.270000457763672,93.1500015258789,0
2013-01-18,564.0540161132812,0.0062186239261212695,-0.008066131350351724,-0.08199462157734483,591.5951245117187,526.1254629516602,34.7836281347832,14.010000228881836,13.31999969482422,93.0999984741211,0
2013-01-21,575.1171264648438,0.019613565430834035,0.013416581594351884,-0.0645199656930785,590.8744592285157,526.6291423034668,38.12173891548834,13.890000343322754,13.270000457763672,93.81999969482422,0
2013-01-22,569.9984130859375,-0.008900297249658018,0.014001892311945152,-0.06688684444753523,590.0228002929688,527.1566506958007,29.23782355987882,13.65999984741211,13.229999542236328,93.55999755859376,0
2013-01-23,572.82373046875,0.004956710962608524,0.004051878248943375,-0.06389233281233953,589.4778991699219,527.6466862487792,33.28181569215113,13.890000343322754,13.699999809265137,94.13999938964844,0
2013-01-24,581.5936279296875,0.015309940902345165,0.016025749019142888,-0.03799449418950018,589.2129736328125,528.1380415344238,41.10110212107359,13.670000076293944,13.579999923706056,93.27999877929688,0
2013-01-25,591.2440185546875,0.016593012993200595,0.043453129909561516,-0.009466821643550505,589.2489343261718,528.6238732910156,55.075706905342116,14.460000038146973,13.989999771118164,94.23999786376952,0
2013-01-28,585.9969482421875,-0.008874627307565164,0.045362724208917626,-0.025714172928946954,589.1905944824218,529.1139392089843,56.807001362445995,14.770000457763672,14.010000228881836,95.48999786376952,0
2013-01-29,585.1161499023438,-0.0015030766670132145,0.03734063261209464,-0.02435126494354567,589.3098461914062,529.6847529602051,60.88215729829753,15.170000076293944,13.890000343322754,95.55999755859376,0
2013-01-30,573.796142578125,-0.019346598664398584,-0.0022968954077904336,-0.056248102046050796,589.3487414550781,530.2226345825195,53.66374715368805,14.470000267028809,13.65999984741211,95.55999755859376,0
2013-01-31,565.76025390625,-0.01400477987838844,-0.007435387682471539,-0.056106545503978755,589.2933349609375,530.7230574035644,52.05139694072394,14.380000114440918,13.890000343322754,96.23999786376952,0
2013-02-01,562.641357421875,-0.005512752906979279,-0.017775752828086633,-0.05202475963100783,589.0562951660156,531.1941026306152,45.27432611305499,14.130000114440918,13.670000076293944,95.2300033569336,0
2013-02-04,563.2284545898438,0.0010434660734128798,-0.031577329011011845,-0.034683335617276656,588.6467932128907,531.6845866394043,44.39223834578907,13.760000228881836,14.460000038146973,95.9499969482422,0
2013-02-05,562.9716186523438,-0.0004560066797175688,-0.04781849628086965,-0.03220185526016062,588.2571081542969,532.1389640808105,47.611132499556696,14.34000015258789,14.770000457763672,95.87999725341795,0
2013-02-06,555.17431640625,-0.01385025814402352,-0.05259862176483343,-0.06740192007441115,587.5404858398438,532.4975880432129,46.54943386678474,14.609999656677246,15.170000076293944,96.44000244140624,0
2013-02-07,549.0830688476562,-0.010971774771613263,-0.06158278328277467,-0.07220143929706513,586.6084692382813,532.8405369567871,40.73150677063574,14.260000228881836,14.470000267028809,97.56999969482422,0
2013-02-08,554.4769287109375,0.009823394982112932,-0.03366912468317451,-0.06719362312858324,585.4944506835938,533.2228791809082,36.256968664479174,14.890000343322754,14.380000114440918,97.94000244140624,0
2013-02-11,546.6795654296875,-0.014062556758452582,-0.03372574928129235,-0.07298630271959472,584.18779296875,533.6142056274414,35.00819327335397,15.15999984741211,14.130000114440918,97.48999786376952,0
2013-02-12,548.5693359375,0.0034568157057912607,-0.02501064185692914,-0.0799434602583925,582.9229650878906,534.0830839538575,34.2168644073182,15.649999618530272,13.760000228881836,97.7699966430664,0
2013-02-13,543.8175048828125,-0.008662225070540375,-0.0344637234657591,-0.10154277120005806,581.6251110839844,534.5921342468262,24.061401979454445,15.3100004196167,14.34000015258789,96.16999816894533,0
2013-02-14,528.7914428710938,-0.027630706766154423,-0.06071385243730654,-0.11958951460513623,579.96986328125,535.0025682067871,10.06563731577802,15.140000343322754,14.609999656677246,96.63999938964844,0
2013-02-15,529.8554077148438,0.0020120689509897094,-0.04560533141248391,-0.1130222538549297,578.2782849121094,535.4271176147461,12.072126307629503,15.09000015258789,14.260000228881836,96.62000274658205,0
2013-02-18,539.0106201171875,0.017278699564147626,-0.018344125510202813,-0.07505578530682311,576.7628393554687,535.9090507507324,21.984359458018062,15.239999771118164,14.890000343322754,95.83000183105467,0
2013-02-19,536.790771484375,-0.004118376428890902,-0.03189701195986594,-0.06637283833897045,575.2815209960937,536.367914428711,24.717988834642966,16.290000915527344,15.15999984741211,95.72000122070312,0
2013-02-20,534.6992797851562,-0.0038962884802121733,-0.021914639584369344,-0.05968877091560132,573.7370910644531,536.8389912414551,26.90317362774617,15.8100004196167,15.649999618530272,97.02999877929688,0
2013-02-21,523.1956176757812,-0.021514265203419036,-0.04625435036093528,-0.07807455217116166,572.1097290039063,537.2798455810547,23.92036150305597,15.600000381469728,15.3100004196167,97.51000213623048,0
2013-02-22,526.663330078125,0.006627946192952816,-0.03154399159766663,-0.06308929805737262,570.7051013183594,537.8326210021972,26.71194057119756,16.940000534057617,15.140000343322754,97.01000213623048,0
2013-02-25,514.3892211914062,-0.023305417684762686,-0.02723610957372924,-0.09837278692067308,568.9636242675781,538.2229139709473,23.165845883317516,16.790000915527344,15.09000015258789,97.30999755859376,0
2013-02-26,501.1244201660156,-0.025787478584149315,-0.05422420367990377,-0.12455142233347394,566.9917108154297,538.6269563293457,21.846354283403457,16.729999542236328,15.239999771118164,95.86000061035156,1
2013-02-27,517.2513427734375,0.03218147421767892,-0.040368921374905886,-0.08713235884187753,565.1768438720703,539.1148976135254,34.98880343553196,17.360000610351562,16.290000915527344,95.86000061035156,0
2013-02-28,501.8950805664063,-0.029688201725476038,-0.06500799337788998,-0.10466699483370989,563.2269464111328,539.5296849060059,27.333263522146297,16.229999542236328,15.8100004196167,96.66000366210938,1
2013-03-01,513.8756103515625,0.023870586202271005,-0.038944637146249295,-0.08896028452644011,561.6340777587891,540.0351164245606,36.351269058220794,14.859999656677246,15.600000381469728,94.45999908447266,1
2013-03-04,500.7759704589844,-0.025491849834274327,-0.042851366600494156,-0.12926263640038504,559.9802978515625,540.4362376403809,31.811303127642915,14.0600004196167,16.940000534057617,92.83999633789062,1
2013-03-05,512.0958251953125,0.02260462842486821,-0.02765999463196267,-0.10158377034269939,558.5881433105469,540.7799691772461,38.50247812779015,13.670000076293944,16.790000915527344,93.12999725341795,1
2013-03-06,525.5625,0.02629717748538818,0.021721448172484337,-0.08250571328474021,557.1934216308593,541.2207780456542,48.816289086535775,13.390000343322754,16.729999542236328,93.11000061035156,1
2013-03-07,537.1209106445312,0.02199245692858831,0.07183144350975845,-0.07646699542336255,556.0995837402344,541.7960969543457,52.47319209196839,13.399999618530272,17.360000610351562,92.62999725341795,1
2013-03-08,549.505126953125,0.02305666389665051,0.062356114933886264,-0.07059503401589484,555.2013256835937,542.437689666748,53.49550919507049,13.06999969482422,16.229999542236328,92.76000213623048,1
2013-03-11,554.146728515625,0.008446875806667364,0.10410870712311193,-0.0543521938503323,554.4898376464844,543.0460855102539,55.68913885852299,13.34000015258789,14.859999656677246,92.0500030517578,1
2013-03-12,550.6608276367188,-0.0062905737768114145,0.07158389412564259,-0.058886295090941565,553.5783666992188,543.69599609375,55.18466737034267,14.25,14.0600004196167,90.68000030517578,1
2013-03-13,548.734375,-0.0034984377679206924,0.09576818252093755,-0.043677128022366785,552.4474694824219,544.35513671875,58.84593381791153,15.130000114440918,13.670000076293944,90.12000274658205,1
2013-03-14,558.4948120117188,0.01778717983854894,0.09060606342320754,-0.012841909350060465,551.6049816894531,545.0284385681152,60.56500718545359,16.200000762939453,13.390000343322754,90.81999969482422,1
2013-03-15,553.3945922851562,-0.009132080758622152,0.05295676971845631,-0.016434563536333546,550.725439453125,545.6407821655273,63.59338121808322,14.65999984741211,13.399999618530272,90.43000030517578,1
2013-03-18,554.2017211914062,0.0014585052284610267,0.03180068064447261,-0.01602677088644422,550.1544873046874,546.2270547485351,70.25630812413016,15.15999984741211,13.06999969482422,91.55999755859376,1
2013-03-19,539.6344604492188,-0.026285123602415417,-0.017962828770382466,-0.041453525239851574,549.4481372070312,546.7449343872071,58.64516186826492,15.850000381469728,13.34000015258789,91.9499969482422,1
2013-03-20,526.956787109375,-0.023493075904178262,-0.0490663212595025,-0.05082643138020593,548.6144580078125,547.2258143615722,59.88424715636911,16.709999084472656,14.25,92.05999755859376,1
2013-03-21,511.6555480957031,-0.029036990106165894,-0.07083358318479871,-0.06816367663730938,547.4975054931641,547.6573927307129,49.14676464440962,16.65999984741211,15.130000114440918,92.54000091552734,1
2013-03-22,513.3985595703125,0.003406611109947999,-0.06439511909507678,-0.07408490238922127,546.522925415039,548.166061706543,55.315218299225755,16.510000228881836,16.200000762939453,92.5199966430664,1
2013-03-25,501.399658203125,-0.0233715135025504,-0.10223041034693758,-0.08282714425400683,545.1406768798828,548.5447286987305,45.52158555589572,15.539999961853027,14.65999984741211,93.02999877929688,1
2013-03-26,490.7585144042969,-0.021222878046951554,-0.11318520049538883,-0.10538471209734124,543.5074438476563,548.8019053649903,35.07465831391853,16.360000610351562,15.15999984741211,93.4499969482422,1
2013-03-28,501.3080139160156,0.02149631479043035,-0.09544125406482196,-0.07816866979292492,542.2011541748047,549.0102644348144,34.50794050607277,15.800000190734863,15.850000381469728,93.73999786376952,1
2013-04-01,513.2149047851562,0.023751646769276213,-0.048958244145619445,-0.02945686488677668,541.2540911865234,549.2639204406738,34.236359037689326,15.220000267028809,16.709999084472656,92.16000366210938,1
2013-04-02,523.0306396484375,0.01912597387909143,-0.007450606116061964,-0.012880434863994372,540.4336236572266,549.5041748046875,37.06530497916468,14.850000381469728,16.65999984741211,92.95999908447266,1
2013-04-03,506.224853515625,-0.03213155188022776,-0.010613965978264583,-0.06082582676095416,539.0557781982421,549.7079183959961,33.36994186644128,14.100000381469728,16.510000228881836,92.4499969482422,1
2013-04-04,499.7118225097656,-0.012865885506465613,-0.026659087380381363,-0.06907523553744377,537.6500463867187,549.8203338623047,32.2623645057146,14.869999885559082,15.539999961853027,93.70999908447266,1
2013-04-05,495.290283203125,-0.008848178304915355,-0.012184641333610524,-0.07370310391640311,536.0993774414062,549.8485238647461,26.21190214642202,15.850000381469728,16.360000610351562,94.80999755859376,1
2013-04-08,486.4287109375,-0.01789167396605429,-0.00882267620369781,-0.0702737284031788,534.1960791015625,549.9285298156739,25.490198706564357,16.15999984741211,15.800000190734863,96.33999633789062,1
2013-04-09,484.4656372070313,-0.004035686394179394,-0.03359686308905874,-0.08012270925495057,532.0605114746094,549.9500248718261,24.69045226664967,16.770000457763672,15.220000267028809,97.2300033569336,1
2013-04-10,496.794677734375,0.025448741005494657,-0.031994836661369264,-0.03420472811673525,530.2764660644531,550.040055847168,34.195244029141264,16.81999969482422,14.850000381469728,97.06999969482422,1
2013-04-11,506.224853515625,0.018982038664858925,-0.03213155188022776,0.010177978051677528,528.6986401367187,550.1584666442872,42.16365537358705,16.489999771118164,14.100000381469728,97.19000244140624,1
2013-04-12,498.9411926269531,-0.014388192989910231,-0.014388192989910231,-0.03539894173750735,527.2015411376954,550.2178791809082,44.88409696619622,16.969999313354492,14.869999885559082,94.4499969482422,1
2013-04-15,507.1056518554688,0.01636357019457413,0.014796186547214818,0.010381793906372172,526.0284490966797,550.263522644043,47.592328367898354,16.450000762939453,15.850000381469728,93.26000213623048,1
2013-04-16,523.61767578125,0.032561309197333355,0.05719351567918318,0.018958022590374712,525.2479754638672,550.4114952087402,58.216866403801596,16.610000610351562,16.15999984741211,92.6999969482422,0
2013-04-17,522.5719604492188,-0.001997097081321786,0.07430328165058242,0.043524432632535026,524.4348455810547,550.5660275268555,62.66436622589465,16.25,16.770000457763672,93.36000061035156,0
2013-04-18,541.395751953125,0.03602143423027271,0.11751115120217537,0.05721571103735812,524.0033282470703,550.8271026611328,64.97191046453449,16.360000610351562,16.81999969482422,94.1999969482422,0
2013-04-22,562.82470703125,0.039580944255322326,0.13291211089056754,0.0708996685099299,524.1563360595703,551.1972273254395,67.29787328225171,15.359999656677246,16.489999771118164,94.63999938964844,0
2013-04-23,552.1286010742188,-0.019004329098220252,0.09067857344380048,0.027940990812810984,524.2172467041015,551.5214883422851,60.08392607702806,16.219999313354492,16.969999313354492,93.51000213623048,0
2013-04-25,557.467529296875,0.009669718634877533,0.11730107181926086,0.014490132945436995,524.2770587158203,551.7736898803711,69.29142235292119,15.06999969482422,16.450000762939453,91.29000091552734,0
2013-04-26,565.393310546875,0.014217476056402223,0.11494184392963325,0.02029531431391085,524.651333618164,552.06234664917,74.4669676480278,14.199999809265137,16.610000610351562,88.70999908447266,0
2013-04-29,561.3386840820312,-0.007171337879682271,0.07203921877637276,0.019390986083282602,524.9067205810547,552.3227499389649,74.67108622934916,13.880000114440918,16.25,88.72000122070312,0
2013-04-30,554.8807373046875,-0.011504546115336023,0.06182646467999375,0.011200979170819192,525.1279852294922,552.5239306640625,76.0364378917301,14.329999923706056,16.360000610351562,86.68000030517578,0
2013-05-02,569.5029907226562,0.02635206529063483,0.05191625288549506,0.019710440409080432,525.9422161865234,552.7807214355469,79.50361157992592,15.100000381469728,15.359999656677246,87.7300033569336,0
2013-05-03,576.236328125,0.011823181812969263,0.023829126415740864,0.04127567590699144,526.8698345947265,553.1137086486816,78.67561881051785,16.280000686645508,16.219999313354492,88.76000213623047,0
2013-05-06,572.2550659179688,-0.006909078814912206,0.03645249459019517,0.03257540356921296,527.5347235107422,553.4561715698242,74.81054490413723,15.550000190734863,15.06999969482422,89.18000030517578,0
2013-05-07,579.0433349609375,0.011862313585777606,0.03870325091629234,0.0730288322930912,528.3797747802735,553.7814306640626,80.21047533393629,15.84000015258789,14.199999809265137,93.63999938964844,0
2013-05-08,573.3375854492188,-0.009853752158469509,0.014050882375420626,0.08801632216232735,529.1525408935547,554.0438827514648,75.45135566188196,16.5,13.880000114440918,93.0,0
2013-05-09,573.3925170898438,9.58102905148639e-05,0.021473369553221433,0.12066119330458802,530.1564788818359,554.3579356384278,71.89682772812534,16.760000228881836,14.329999923706056,94.5,0
2013-05-10,573.1722412109375,-0.0003841624582480163,0.032964748416209666,0.11642744321420073,531.0866571044921,554.6760557556153,72.42279877726527,16.600000381469727,15.100000381469728,93.45999908447266,0
2013-05-13,556.7886352539062,-0.02858408830549386,-0.022325353292028227,0.11046871720910167,531.9346453857422,554.9512522888184,56.971917930537636,16.860000610351562,16.280000686645508,93.98999786376952,0
2013-05-14,558.2380981445312,0.0026032551651562486,-0.031234111946799148,0.13750058686632038,533.0769189453125,555.2424014282227,47.463510560520724,17.510000228881836,15.550000190734863,95.61000061035156,0
2013-05-15,579.960693359375,0.038912778054821295,0.013465372174635837,0.1568949174160541,534.3311059570312,555.600358581543,63.718631485273264,17.170000076293945,15.84000015258789,96.16000366210938,0
2013-05-16,584.4373779296875,0.007718944786381465,0.009315439178855023,0.1387770941187818,535.9819519042969,555.971449432373,63.407591710410536,18.1299991607666,16.5,95.62000274658205,0
2013-05-17,595.6838989257812,0.019243329432373946,0.038975839093217335,0.13890822787395152,537.6181176757813,556.428154296875,64.57714669406559,17.739999771118164,16.760000228881836,96.62000274658205,0
2013-05-20,595.3351440429688,-0.0005854697154672461,0.03826807343857763,0.17602907069554474,539.509301147461,556.9054235839844,66.96571512116671,17.56999969482422,16.600000381469727,96.38999938964844,0
2013-05-21,589.1340942382812,-0.010416065415818854,0.027848265983051235,0.17894768084412904,541.0500665283203,557.3941271972657,67.13786033489868,17.709999084472656,16.860000610351562,96.04000091552734,0
2013-05-22,555.5043334960938,-0.057083372140716016,-0.0023066235129365342,0.12157325175764488,541.6489031982422,557.7379876708984,44.11535599743426,17.8799991607666,17.510000228881836,95.16999816894533,0
2013-05-23,520.3887329101562,-0.06321390935861071,-0.06780147281272719,0.0698150031218443,541.3142596435547,557.9492539978028,31.046062893446546,17.719999313354492,17.170000076293945,94.20999908447266,0
2013-05-24,534.5523071289062,0.027217296076998965,-0.07829562718715366,0.10338539222436305,541.0152032470703,558.2283457946777,38.03138969662775,18.729999542236328,18.1299991607666,94.3000030517578,0
2013-05-27,538.4967651367188,0.00737899351514959,-0.07860656167425306,0.08394229904500095,540.7022039794922,558.4428245544434,36.89196404576324,17.700000762939453,17.739999771118164,95.16000366210938,0
2013-05-28,533.8367919921875,-0.008653669708392986,-0.10382537961010008,0.05454481004795286,540.3657232666015,558.6283810424804,37.143112562652355,17.030000686645508,17.56999969482422,96.0199966430664,0
2013-05-29,530.6629028320312,-0.005945429778850264,-0.10863165371313899,0.06357805423533303,540.0042938232422,558.7750343322754,36.36893946415179,17.1200008392334,17.709999084472656,96.70999908447266,0
2013-05-30,523.7827758789062,-0.012965155311229215,-0.11092774802631433,0.03288688257055883,539.310053100586,558.8712362670899,34.88657982332249,17.860000610351562,17.8799991607666,96.16000366210938,1
2013-05-31,513.9854736328125,-0.018704895802757027,-0.07474083883735028,-0.01839548700120952,538.5218707275391,558.9340490722657,36.35188159916175,16.040000915527344,17.719999313354492,94.27999877929688,1
2013-06-03,509.0502624511719,-0.009601849536250318,-0.021788462627883143,-0.025875284212385274,537.6188415527344,558.9289297485352,34.657137858222754,16.989999771118164,18.729999542236328,94.25,1
2013-06-04,517.1963500976562,0.01600252125843027,-0.03246821087438434,-0.04469817461287351,537.1700793457031,558.943684387207,28.61069603518365,17.290000915527344,17.700000762939453,94.1500015258789,1
2013-06-05,520.9573974609375,0.0072719913096275235,-0.032570980572795394,-0.07438783167702667,537.0500915527343,559.0000956726075,28.260780504648807,17.260000228881836,17.030000686645508,94.1500015258789,1
2013-06-06,525.2872924804688,0.008311418631608669,-0.01601519348228786,-0.04861423324480507,537.3227264404297,559.0541258239746,24.69327017720316,16.780000686645508,17.1200008392334,95.01000213623048,1
2013-06-07,518.2237548828125,-0.01344699881145306,-0.02344077168920944,-0.07039652060732582,537.4192303466797,559.0626820373535,23.556039571134107,17.350000381469727,17.860000610351562,93.12999725341795,1
2013-06-10,515.3433227539062,-0.005558278835669395,-0.016112506011368155,-0.08852242652916786,537.6981036376953,559.0272734069824,24.10502967134694,17.350000381469727,16.040000915527344,93.61000061035156,0
2013-06-11,514.8295288085938,-0.0009969935043824263,0.0016421771024295317,-0.08285399989757503,538.1795239257813,558.9326954650879,31.404091336534904,18.11000061035156,16.989999771118164,91.97000122070312,0
2013-06-12,512.4629516601562,-0.0045968170355615845,0.006704031921232367,-0.07644486966798314,538.4026226806641,558.7844541931153,44.82758758041067,19.489999771118164,17.290000915527344,93.4499969482422,0
2013-06-13,511.4170227050781,-0.002040984527154177,-0.01117433909092147,-0.10199414044142496,538.3666650390625,558.677858581543,31.782741572472105,18.850000381469727,17.260000228881836,93.30999755859376,0
2013-06-14,528.6629638671875,0.03372187548800998,0.01479116419846549,-0.08255877308640047,538.4793115234374,558.63015625,43.597764262048315,19.440000534057617,16.780000686645508,93.73999786376952,0
2013-06-17,533.9652709960938,0.010029654981161817,0.016520442508035194,-0.06691036428039898,539.0341198730468,558.6263946533203,50.08295167680609,18.350000381469727,17.350000381469727,94.76000213623048,0
2013-06-18,527.5989379882812,-0.011922747327623662,0.018090994511798852,-0.08884377708298241,539.5918621826172,558.6368524169922,48.10009113507065,18.18000030517578,17.350000381469727,96.02999877929688,0
2013-06-19,527.5806274414062,-3.470542784789199e-05,0.023745926544863183,-0.07980805579310002,540.2376690673829,558.6680426025391,52.57402216611014,18.290000915527344,18.11000061035156,95.7699966430664,0
2013-06-20,512.1692504882812,-0.02921141556668816,-0.005167299409707282,-0.10677374534340067,540.7524798583985,558.6665740966797,48.85609219227277,18.459999084472656,19.489999771118164,95.37999725341795,0
2013-06-21,511.0684814453125,-0.0021492290720681595,-0.0027211142002095956,-0.10835095508885562,541.284536743164,558.7236326599121,51.33564298406229,19.190000534057617,18.850000381469727,95.87999725341795,0
2013-06-24,497.051513671875,-0.027426789720620626,-0.028089618443317588,-0.10728868694453508,541.289673461914,558.7332649230957,37.62955028267561,19.030000686645508,19.440000534057617,96.69000244140624,0
2013-06-25,501.7116088867188,0.009375477363338547,-0.050980221469116405,-0.10125874505107213,541.1994085693359,558.7564741516113,38.31070280433703,21.01000022888184,18.350000381469727,97.8499984741211,0
2013-06-26,496.2992248535156,-0.010787838944394945,-0.07054025456058854,-0.14425368729949117,541.1465692138672,558.7741783142089,32.62205329148446,21.13999938964844,18.18000030517578,97.7699966430664,0
2013-06-27,495.5103149414063,-0.001589585219163192,-0.06082010545591299,-0.15215841139951836,540.9146624755859,558.7710594177246,35.27589617789036,21.06999969482422,18.290000915527344,98.44000244140624,0
2013-06-28,516.6090698242188,0.042579849998293895,-0.020795982730442475,-0.13274629252890846,540.7744903564453,558.848207244873,50.6637481124243,18.850000381469727,18.459999084472656,98.23999786376952,0
2013-07-01,532.6627197265625,0.031075044632503657,0.040013080087770936,-0.1052725090119706,540.9763055419921,559.0818539428711,58.04106024128217,17.950000762939453,19.190000534057617,95.4000015258789,0
2013-07-02,524.534912109375,-0.015258825737532011,0.02634956205082184,-0.10965106715208783,540.6390887451172,559.2921073913574,55.174457117203666,18.09000015258789,19.030000686645508,93.69000244140624,0
2013-07-03,511.013427734375,-0.025778044631241892,0.02808947096722214,-0.08009101473918856,539.6028631591797,559.3369656372071,49.84371938642991,18.209999084472656,21.01000022888184,95.18000030517578,0
2013-07-04,514.4993286132812,0.006821544581247618,0.025488187835513543,-0.011317317083211709,538.8502777099609,559.379988861084,43.86138388617569,18.90999984741211,21.13999938964844,95.31999969482422,0
2013-07-05,516.9395141601562,0.004742835240333587,0.041588397226960616,-0.03294868010831109,538.0397174072266,559.4528259277344,42.43319401404478,18.57999992370605,21.06999969482422,95.5,0
2013-07-08,514.8295288085938,-0.004081687109932952,0.0389885200865534,-0.043950563606665605,537.028441772461,559.4411752319336,44.10170328703725,18.670000076293945,18.850000381469727,97.0500030517578,0
2013-07-09,524.0947265625,0.01799663235197002,0.01448998319140693,-0.018249145761070173,536.2835626220703,559.4595223999023,48.516555472612396,19.34000015258789,17.950000762939453,96.55999755859376,0
2013-07-10,518.7374267578125,-0.010222006696815389,-0.02614279628185434,-0.02247279018483317,535.5606964111328,559.3195361328125,53.05668905127402,19.31999969482422,18.09000015258789,97.98999786376952,0
2013-07-11,531.0572509765625,0.02374963436849109,0.012434518116169802,0.013888343474925735,534.791781616211,559.1210696411133,58.422817756288254,19.979999542236328,18.209999084472656,99.5999984741211,0
2013-07-12,547.92724609375,0.031766810614421104,0.07223649390787212,0.06603644305555845,534.225599975586,559.0102557373046,70.93453831641254,18.88999938964844,18.90999984741211,101.23999786376952,0
2013-07-15,553.926513671875,0.010949022193903701,0.07663214092982584,0.08815681776611917,533.8590289306641,558.9882391357422,71.25137558159464,18.690000534057617,18.57999992370605,101.23999786376952,0
2013-07-16,534.5798950195312,-0.03492632718390498,0.03412465167812595,0.03361111291406571,532.969760131836,558.752712097168,63.993019447959,18.790000915527344,18.670000076293945,103.22000122070312,0
2013-07-17,532.9011840820312,-0.003140243307202306,0.035102212018138346,0.02292660912256128,532.1610321044922,558.5216339111328,63.57942812353977,18.989999771118164,19.34000015258789,103.13999938964844,0
2013-07-18,542.3129272460938,0.017661329051604557,0.03476127455638722,0.03241204386503993,531.5394403076172,558.3445864868164,60.20094158363943,19.36000061035156,19.31999969482422,103.52999877929688,0
2013-07-19,536.0935668945312,-0.011468213348969747,0.03345843049189123,0.03448281141755016,530.7978668212891,558.1585498046875,51.47686065104724,18.270000457763672,19.979999542236328,106.5199966430664,0
2013-07-22,496.1893310546875,-0.07443520740418497,-0.06565755360228354,-0.03716743936229372,529.5858807373047,557.7074020385742,40.41924641929098,18.1299991607666,18.88999938964844,104.91000366210938,0
2013-07-23,495.9689636230469,-0.00044411964919155444,-0.09482697354643521,-0.03663458315841661,528.340498046875,557.2576301574707,44.412608554026704,17.6299991607666,18.690000534057617,105.9499969482422,0
2013-07-24,477.3929138183594,-0.03745405694136528,-0.138165619381872,-0.0684342892070251,526.2891424560547,556.6968142700196,37.607967571051454,16.719999313354492,18.790000915527344,106.31999969482422,0
2013-07-25,470.2376098632813,-0.014988291086785122,-0.1203604657707884,-0.08052022324947916,524.0051470947266,556.0959106445313,34.87965201802514,16.90999984741211,18.989999771118164,106.0,0
2013-07-26,465.5041809082031,-0.010066036522375144,-0.12647185854902032,-0.11946890036891511,521.401552734375,555.4254716491699,34.29703191924075,16.719999313354492,19.36000061035156,106.4800033569336,0
2013-07-29,462.9723510742188,-0.005438898162084538,-0.14630035941568353,-0.13295418967874095,518.754296875,554.7132948303223,29.669792915613215,16.780000686645508,18.270000457763672,108.04000091552734,0
2013-07-30,467.7883605957031,0.010402369623822905,-0.12741284454224056,-0.1133637183210301,516.3273822021484,554.1245458984375,32.99234466586837,18.25,18.1299991607666,108.0500030517578,0
2013-07-31,466.2747497558594,-0.003235674436012581,-0.06028864271475254,-0.11620191208092756,514.5427905273438,553.4602537536621,26.693006978726075,18.1200008392334,17.6299991607666,106.91000366210938,0
2013-08-01,465.0914001464844,-0.0025378805307270103,-0.06225704780194774,-0.09191854117933629,513.4368438720703,552.819951171875,16.406066095159744,18.770000457763672,16.719999313354492,107.2300033569336,0
2013-08-02,456.91796875,-0.017573817520405877,-0.04288908460034191,-0.10595549258325165,511.8841571044922,552.0715396118164,11.340103123025173,19.809999465942383,16.90999984741211,105.38999938964844,1
2013-08-05,447.8912658691406,-0.01975563120346069,-0.047521388177857005,-0.09890372818618387,510.0720471191406,551.2837742614746,12.356471951154518,20.88999938964844,16.719999313354492,105.48999786376952,1
2013-08-06,437.7088317871094,-0.02273416531637884,-0.0597102029607226,-0.12756885821643527,508.14948791503906,550.4706903076171,11.506671408717253,20.799999237060547,16.780000686645508,104.6999969482422,1
2013-08-07,428.76470947265625,-0.020433954411967048,-0.07388700755496902,-0.1360762056414503,506.11152404785156,549.6683840942383,3.9097258179997993,22.729999542236328,18.25,104.5500030517578,1
2013-08-08,429.3151245117188,0.0012837228132407397,-0.08224496230515599,-0.13358993432359734,504.2221710205078,548.8313110351562,4.56673098548022,22.040000915527344,18.1200008392334,103.08000183105467,1
2013-08-12,439.1123046875,0.02282048690207228,-0.05825416255669347,-0.1500104618044894,502.7247076416016,547.9957977294922,17.348821359314115,21.190000534057617,18.770000457763672,105.02999877929688,1
2013-08-13,449.3316345214844,0.023272702051146288,-0.033885308608235576,-0.1564424956337387,501.5303350830078,547.2463322448731,26.05965207343526,21.280000686645508,19.809999465942383,107.88999938964844,1
2013-08-14,446.9277648925781,-0.005349878451060386,-0.021864326948559887,-0.14795420748011978,500.1249633789063,546.4152203369141,31.247835093685467,19.26000022888184,20.88999938964844,106.94000244140624,1
2013-08-16,423.4479064941406,-0.05253613725269679,-0.05457431577185867,-0.17135659551739013,498.1747735595703,545.411026763916,26.018948910142,18.700000762939453,20.799999237060547,106.55999755859376,1
2013-08-19,412.3508911132813,-0.02620632954059221,-0.05793335393826715,-0.19853949620365563,495.9160455322266,544.3310752868653,24.425654355089222,23.63999938964844,22.729999542236328,105.3000030517578,1
2013-08-20,409.4997253417969,-0.00691441641798507,-0.044931366097162306,-0.20783822067251134,493.74156494140624,543.2822766113281,24.350826056368717,25.59000015258789,22.040000915527344,104.37000274658205,1
2013-08-21,396.5858154296875,-0.03153582069275018,-0.0762360960826991,-0.22967546879555067,491.36641479492187,542.2585321044921,18.30833631482851,27.229999542236328,21.190000534057617,103.4000015258789,1
2013-08-22,404.9714660644531,0.021144605551966178,-0.07774967419176204,-0.22729337743840294,489.16925354003905,541.2986399841309,24.287354891759875,28.09000015258789,21.280000686645508,106.11000061035156,1
2013-08-23,413.1335754394531,0.02015477646936481,-0.08055978324468605,-0.2035786235406214,487.182666015625,540.3713031005859,29.41240203516311,29.059999465942383,19.26000022888184,106.83000183105467,1
2013-08-26,417.2425231933594,0.0099458092931215,-0.0664206702538469,-0.21431724653774886,485.29917602539064,539.383692779541,33.75591027551424,25.75,18.700000762939453,106.8499984741211,1
2013-08-27,394.4893798828125,-0.05453217744060701,-0.06838745963130377,-0.2800332841719727,482.61570434570314,538.2809410095215,30.34515293142431,26.3799991607666,23.63999938964844,107.45999908447266,1
2013-08-28,394.1539916992188,-0.0008501830485102557,-0.044129647361580315,-0.288436314256839,479.8194787597656,537.1959590148925,32.71662213838911,29.420000076293945,25.59000015258789,107.0999984741211,1
2013-08-29,404.4124450683594,0.026026511427464705,-0.01242315918329695,-0.24349484738182325,477.3557489013672,536.1551144409179,40.436323454153424,32.380001068115234,27.229999542236328,104.97000122070312,1
2013-08-30,405.0553283691406,0.0015896723966359882,0.021356066228129356,-0.23990536994793188,474.9052429199219,535.1800471496582,40.4795523762645,29.40999984741211,28.09000015258789,103.8499984741211,1
2013-09-02,406.7883605957031,0.004278507416604294,0.00448647542728553,-0.2499010439205177,472.7976251220703,534.239789428711,36.4577444025848,27.809999465942383,29.059999465942383,105.02999877929688,1
2013-09-03,388.20013427734375,-0.04569507910978243,-0.060352008755491515,-0.27587242554298996,470.34025817871094,533.2335601806641,26.06696757238666,27.549999237060547,25.75,106.41999816894533,1
2013-09-04,390.771728515625,0.006624403268351342,-0.06344222653803488,-0.21245439178426007,468.21466247558595,532.2428491210937,28.04370066272638,32.4900016784668,26.3799991607666,105.91999816894533,1
2013-09-05,406.8722534179688,0.041201867298596095,0.031389624579588826,-0.17964170490473386,466.31787536621096,531.381442565918,43.1222523565882,31.11000061035156,29.420000076293945,109.01000213623048,1
2013-09-06,421.5751037597656,0.03613628164192595,0.06956954042843244,-0.11692215875628087,464.8233929443359,530.6300611877441,53.71620749356919,28.530000686645508,32.380001068115234,110.0999984741211,1
2013-09-10,451.2604064941406,0.07041521776222148,0.11584203700225482,-0.040356626035629506,463.93839477539063,530.0437103271485,63.83335206875442,28.649999618530277,29.40999984741211,108.8000030517578,1
2013-09-11,457.5216979980469,0.013875118255001428,0.12952889631189324,-0.01714803698343237,462.7566473388672,529.4588520812988,71.11585581870001,29.440000534057617,27.809999465942383,107.6500015258789,1
2013-09-12,455.5928649902344,-0.0042158284869382445,0.11997517412509451,-0.01593936671782248,461.21525024414063,528.8182986450196,68.36336471310295,29.75,27.549999237060547,107.6500015258789,1
2013-09-13,467.5843200683594,0.026320550648619268,0.2044929374864688,-0.0004361812830997458,460.0762384033203,528.2439408874511,69.21855295307304,29.709999084472656,32.4900016784668,108.54000091552734,1
2013-09-16,463.1120910644531,-0.009564540152356749,0.18512179175197319,-0.006782822130218746,459.1182116699219,527.6044741821289,66.14838966694903,28.290000915527344,31.11000061035156,107.2300033569336,1
2013-09-17,459.1149291992188,-0.008631089410874426,0.12840068434841756,-0.012850099884416766,458.0105236816406,526.9216293334961,76.2131723279808,28.81999969482422,28.530000686645508,108.37000274658205,1
2013-09-18,467.8918762207031,0.019117102196595903,0.10986600500804511,0.024017237712766315,457.0295709228516,526.2101994323731,77.9923487551493,27.93000030517578,28.649999618530277,110.52999877929688,1
2013-09-19,496.6546936035156,0.06147321388680238,0.10059443828020487,0.1088733615730344,456.66607421875,525.6334106445313,80.70337752044291,27.690000534057617,29.440000534057617,107.38999938964844,1
2013-09-20,473.17486572265625,-0.047275960910587056,0.034212951632899724,0.08102654404011811,455.6476770019531,524.9402313232422,69.68180100381426,24.5,29.75,107.55999755859376,1
2013-09-23,453.94378662109375,-0.040642647136787,-0.003619631684038671,0.05872469583470519,454.35180419921875,524.166399230957,62.3734954829053,24.729999542236328,29.709999084472656,108.5999984741211,1
2013-09-24,462.2176513671875,0.018226628472392647,-0.01147743512953403,0.07663957074163252,452.9750122070312,523.4197183227539,70.53352491362125,27.020000457763672,28.290000915527344,108.20999908447266,1
2013-09-25,464.7612915039063,0.005503122023131413,0.003561125851114122,0.058410995416445344,451.3116931152344,522.671353149414,70.5289540308719,26.71999931335449,28.81999969482422,106.58999633789062,1
2013-09-26,463.50341796875,-0.0027064937595943084,0.0095585843335253,0.03153969664824041,449.5032312011719,521.9149557495117,67.12306267608051,25.68000030517578,27.93000030517578,105.41999816894533,1
2013-09-27,456.0960388183594,-0.015981282690109566,-0.025210605274069153,0.02051399498078821,447.9335540771484,521.1411524963379,60.91952935616226,24.0,27.690000534057617,108.06999969482422,1
2013-09-30,440.9459838867188,-0.03321680883458422,-0.11216789136250394,0.04132285724931384,446.0944500732422,520.2862785339355,46.406987209294186,24.059999465942383,24.5,106.38999938964844,1
2013-10-01,447.2352294921875,0.014263074923672292,-0.054820401736369595,0.0845986734373827,444.1928961181641,519.4996360778808,46.41742270239291,26.649999618530277,24.729999542236328,104.68000030517578,1
2013-10-03,463.251953125,0.03581275037523013,0.02050510829367469,0.13126315954995516,442.73606384277343,518.8314222717286,52.429138472885086,25.770000457763672,27.020000457763672,103.58999633789062,1
2013-10-04,458.3601684570313,-0.01055966334295999,-0.008345598439925883,0.15576541223597062,441.9794805908203,518.1159077453614,46.93652836480994,25.170000076293945,26.71999931335449,103.12999725341795,1
2013-10-07,452.3504638671875,-0.013111315082360187,-0.026703660273769803,0.11699342243335686,441.10711059570315,517.37905960083,46.462041771618765,26.1299991607666,25.68000030517578,102.66000366210938,1
2013-10-08,463.1120910644531,0.023790463494308023,-0.0008442805147194088,0.1209742286664488,440.821494140625,516.6546466064453,51.25813572792707,26.82999992370605,24.0,103.02999877929688,1
2013-10-09,472.47601318359375,0.020219558719829278,0.035913432635089615,0.13237742300929844,440.86626220703124,516.0200769042968,51.437578416369746,26.549999237060547,24.059999465942383,102.87000274658205,1
2013-10-10,472.7835083007813,0.000650816355978856,0.07220277670618658,0.19846954673716932,441.0118487548828,515.416399230957,40.887763097287575,25.8700008392334,26.649999618530277,102.33000183105467,1
2013-10-11,493.6079711914063,0.04404650865566273,0.1036875868474687,0.25232264948893723,441.62456115722654,514.9671142578125,57.9612278482217,25.8799991607666,25.770000457763672,102.04000091552734,1
2013-10-14,490.08587646484375,-0.007135408932034459,0.05792511647026588,0.21184667396178347,442.07051147460936,514.5090258789063,66.0460533589426,23.59000015258789,25.170000076293945,103.30999755859376,1
2013-10-15,487.3187255859375,-0.005646257139394928,0.06317860739598902,0.20309175427468373,442.49139099121095,513.9691265869141,61.71708238790796,22.850000381469727,26.1299991607666,103.83999633789062,1
2013-10-17,467.8639831542969,-0.0399220087597677,0.034295353992748856,0.15014102780412464,442.5468426513672,513.3493824768067,51.25084060711208,23.239999771118164,26.82999992370605,103.02999877929688,1
2013-10-18,487.5142822265625,0.04200002517779855,0.05269176001434439,0.2558323379617,443.1587689208984,512.8148637390136,58.42979315192073,21.059999465942383,26.549999237060547,103.48999786376952,1
2013-10-21,517.4232177734375,0.06134986530092146,0.09513118832633372,0.32410607015739723,444.5494079589844,512.4533741760254,68.59320645420715,20.1200008392334,25.8700008392334,101.61000061035156,1
2013-10-22,522.9296875,0.010642100194610205,0.10606583842031148,0.28524293093736364,446.2538250732422,512.0868507385254,76.39957626119289,20.18000030517578,25.8799991607666,103.01000213623048,1
2013-10-23,530.7284545898438,0.014913605550160636,0.07520235807545994,0.2589179243665183,448.29309997558596,511.7140968322754,76.62680165309845,19.959999084472656,23.59000015258789,102.0199966430664,1
2013-10-24,539.8409423828125,0.017169774324632847,0.10152315809806423,0.1962958296670816,450.5036163330078,511.4102055358887,75.5501127407882,20.350000381469727,22.850000381469727,102.41000366210938,1
2013-10-25,529.6942749023438,-0.018795661247333784,0.0869565380756816,0.15774678495052474,452.3152557373047,511.0718183898926,72.99100336817965,20.63999938964844,23.239999771118164,101.20999908447266,1
2013-10-28,539.7010498046875,0.018891604792573347,0.15354263041594174,0.1846126032203248,454.1226440429688,510.8565769958496,77.44597016665661,20.420000076293945,21.059999465942383,100.66999816894533,1
2013-10-29,546.2138671875,0.012067453611901202,0.1204058775321335,0.16816121444715093,456.1083660888672,510.71288650512696,76.82725972467338,21.290000915527344,20.1200008392334,100.80999755859376,1
2013-10-30,543.0834350585938,-0.005731147297715289,0.04959231902189587,0.17268247911715773,458.50107666015623,510.58509994506835,73.74961763105757,19.76000022888184,20.18000030517578,99.22000122070312,1
2013-10-31,544.3411865234375,0.002315945181992296,0.04094527339956677,0.1856316401491649,461.14088256835936,510.46929000854493,73.91635972263245,19.530000686645508,19.959999084472656,97.8000030517578,1
2013-11-01,549.0930786132812,0.008729620700195007,0.03460267461564692,0.17354693791322795,463.93274963378906,510.4041175842285,70.77669308240436,18.38999938964844,20.350000381469727,96.86000061035156,1
2013-11-05,540.8192138671875,-0.015068237186651734,0.0018121476301093953,0.08892399655630534,466.8174176025391,510.25565322875974,68.3445490835836,18.63999938964844,20.63999938964844,97.11000061035156,1
2013-11-06,538.806640625,-0.0037213419763627575,0.017203066286370916,0.1387051165579296,469.49412109375,510.08758560180667,68.71954610352117,19.940000534057617,20.420000076293945,97.8499984741211,1
2013-11-07,535.2567138671875,-0.006588498526474473,-0.00823481062174769,0.17912554294738148,471.9365838623047,509.9307566833496,77.70634740804364,20.25,21.290000915527344,98.68000030517578,1
2013-11-08,545.0120239257812,0.018225479112840004,-0.0022003162752113337,0.17912421196745165,474.4919738769531,509.85297653198245,75.73189139343032,19.8700008392334,19.76000022888184,98.1999969482422,1
2013-11-11,527.5420532226562,-0.032054284926205656,-0.028616932192492173,0.13508173521852407,477.15302734375,509.6704167175293,55.09581686079214,19.63999938964844,19.530000686645508,96.7699966430664,1
2013-11-12,519.26806640625,-0.0156840327057568,-0.04606140548967619,0.12031119140799884,479.65530883789063,509.3911714172363,48.20602377933542,19.979999542236328,18.38999938964844,96.37999725341795,1
2013-11-13,514.208740234375,-0.0097431875734042,-0.06353082881140237,0.12741329998517936,481.85123474121093,509.1122230529785,41.683070533451904,20.86000061035156,18.63999938964844,94.61000061035156,1
2013-11-14,525.2498168945312,0.02147197392079292,-0.028788542591387523,0.19118857204394124,484.25512451171875,508.8743534851074,42.79396294208608,20.450000762939453,19.940000534057617,93.37000274658205,1
2013-11-18,546.7730102539062,0.04097706018562364,0.014785210552834771,0.22256247763562542,487.0548175048828,508.7002503967285,57.582535384695426,19.26000022888184,20.25,94.8000030517578,1
2013-11-19,556.7240600585938,0.018199599501201646,0.040106636003323315,0.20177379998735168,490.4252960205078,508.52765060424804,57.561536355182504,18.81999969482422,19.8700008392334,94.1999969482422,1
2013-11-20,545.906494140625,-0.019430749798796554,0.0016411935435860503,0.19099898225951684,493.52799133300783,508.3271983337402,49.868495543053875,19.299999237060547,19.63999938964844,94.5999984741211,1
2013-11-21,530.0296020507812,-0.029083537675875126,0.004715356459127795,0.17172335255170812,495.99113830566404,508.05176559448245,44.96435772804886,20.82999992370605,19.979999542236328,95.13999938964844,1
2013-11-22,539.00244140625,0.01692894004552037,0.03800421454101288,0.16387037135516058,498.3396850585938,507.877797088623,48.05622740561581,21.13999938964844,20.86000061035156,93.04000091552734,1
2013-11-25,560.5255126953125,0.03993130575236181,0.09007387241186615,0.1863576076982869,500.52498718261717,507.85162338256833,53.709404959234156,20.040000915527344,20.450000762939453,93.87999725341795,1
2013-11-26,561.559814453125,0.0018452358267138091,0.06912900564777291,0.18777369471158645,502.6057495117187,507.8462156677246,57.06129902600479,21.049999237060547,19.26000022888184,93.76000213623048,0
2013-11-27,562.705810546875,0.0020407373609274693,0.029139697816412014,0.13998525831884234,504.74800842285157,507.84360244750974,58.18495518764,21.59000015258789,18.81999969482422,93.02999877929688,0
2013-11-28,571.8461303710938,0.016243514200316556,0.027162595255733057,0.16682842300213707,506.83324462890624,507.8879750061035,62.0689516328732,21.13999938964844,19.299999237060547,93.33999633789062,0
2013-11-29,584.7319946289062,0.022533796371849713,0.07112115518867568,0.19989642081954062,509.2656427001953,508.0357633972168,62.83645868920468,20.709999084472656,20.82999992370605,93.33000183105467,0
2013-12-02,598.2050170898438,0.023041363538672144,0.1286256744439922,0.27858744983274697,512.0474444580078,508.28137313842774,73.44203303511986,21.3799991607666,21.13999938964844,95.44000244140624,0
2013-12-03,589.5957641601562,-0.014391809971052938,0.09386473764740089,0.2093917771339331,514.4815222167969,508.4569673156738,73.27902734088525,23.36000061035156,20.040000915527344,94.83999633789062,0
2013-12-04,580.986328125,-0.014602269145233548,0.03650291550745077,0.12284549314405657,516.1681549072266,508.6285011291504,71.59634903652938,24.71999931335449,21.049999237060547,94.08999633789062,0
2013-12-05,607.373291015625,0.045417528112551064,0.08158254095712936,0.16148175468738324,518.8521234130859,508.922520904541,74.1611021466663,23.709999084472656,21.59000015258789,93.68000030517578,0
2013-12-06,612.9358520507812,0.00915838927631274,0.08926519073099559,0.15489540225324605,522.0319647216797,509.2681126403809,71.48295770282343,21.68000030517578,21.13999938964844,92.3000030517578,0
2013-12-09,641.16748046875,0.046059678714355456,0.12122378104171294,0.1876970235689992,525.610961303711,509.82999282836914,74.50907309102286,22.209999084472656,20.709999084472656,92.3000030517578,0
2013-12-10,615.1720581054688,-0.0405438877596791,0.05205814587908941,0.16137192198062555,528.6191766357422,510.25657608032225,68.47598335602305,19.15999984741211,21.3799991607666,92.72000122070312,0
2013-12-11,604.10302734375,-0.017993390005078935,0.009859513185962454,0.11932898326280617,531.4311688232422,510.58203811645507,70.27856524379179,17.979999542236328,23.36000061035156,93.81999969482422,0
2013-12-12,595.4098510742188,-0.014390221329886876,0.00986114091634338,0.09006725541413463,534.2174450683593,510.8751335144043,65.46594519622718,17.540000915527344,24.71999931335449,96.04000091552734,0
2013-12-13,586.96826171875,-0.014177779121790968,0.01029616929722832,0.08080678552720255,537.137890625,511.13647842407227,57.81042452387991,17.739999771118164,23.709999084472656,97.1999969482422,0
2013-12-16,591.6642456054688,0.008000405120658582,-0.025863905513342944,0.08693639256707919,540.0264709472656,511.4788215637207,58.70370886688433,17.84000015258789,21.68000030517578,97.37999725341795,0
2013-12-17,595.1023559570312,0.005810914512916376,-0.02909520797989229,0.08379139919218259,542.6634790039062,511.8210166931152,59.24388202466939,18.36000061035156,22.209999084472656,97.6500015258789,0
2013-12-18,610.8673706054688,0.026491265730387736,-0.04725771469434037,0.12952231529903346,545.713623046875,512.3034074401855,60.728547235048566,18.32999992370605,19.15999984741211,97.33999633789062,0
2013-12-19,593.1176147460938,-0.029056644229961237,-0.03585085354379647,0.10079863540303546,548.5289660644531,512.7633734130859,52.24549528052102,17.540000915527344,17.979999542236328,98.51000213623048,0
2013-12-20,593.2015991210938,0.00014159818038095295,-0.01804564408589371,0.1082562511645282,551.130756225586,513.1431246948242,48.55669449657907,16.579999923706055,17.540000915527344,97.44000244140624,0
2013-12-23,597.6181030273438,0.0074451989219073145,0.003708793109722608,0.09652278627292499,553.6335980224609,513.621739807129,52.37152024988669,16.020000457763672,17.739999771118164,97.5,0
2013-12-24,601.5313720703125,0.006548109943700364,0.02481072879293178,0.14025293035061237,556.2085552978516,514.0600186157227,56.24685903303128,16.260000228881836,17.84000015258789,96.5999984741211,0
2013-12-26,599.6865234375,-0.0030669200618133052,0.013558834916282292,0.15486886684137913,558.3301263427734,514.5545713806152,47.25278081230782,15.579999923706056,18.36000061035156,97.4800033569336,0
2013-12-27,602.6216430664062,0.004894423193107178,0.012635283719021118,0.1719397122494124,560.5808416748047,515.0072004699707,46.24318835012236,14.880000114440918,18.32999992370605,97.22000122070312,0
2013-12-30,594.8228759765625,-0.012941398935093273,-0.02626510336114951,0.1324570839326944,562.7309246826172,515.3535023498536,30.16758988589136,14.65999984741211,17.540000915527344,97.8000030517578,0
2013-12-31,598.31689453125,0.005874048722405156,0.008766018165523581,0.09426925490233717,565.3399829101562,515.6594822692871,41.06672066757545,15.079999923706056,16.579999923706055,98.7699966430664,0
2014-01-01,597.366455078125,-0.0015885218381967992,0.007020978977807957,0.0730027637304802,567.5370263671875,515.8987889099121,46.000637741236496,15.119999885559082,16.020000457763672,99.31999969482422,0
2014-01-02,579.1976318359375,-0.030414870282281514,-0.030823147923555116,0.06098322341396578,568.7725146484376,516.0240434265137,41.34852086385485,15.579999923706056,16.260000228881836,98.91000366210938,0
2014-01-03,565.780517578125,-0.02316500192737836,-0.05943306725490061,0.06745079027476386,569.62953125,516.0996418762207,39.26352096140262,16.549999237060547,15.579999923706056,99.22000122070312,0
2014-01-06,564.9140625,-0.001531433216954814,-0.05798439614447004,0.048073290774243826,570.3132434082031,516.1805403137207,35.89753490422456,15.869999885559082,14.880000114440918,99.5500030517578,0
2014-01-07,569.9453125,0.008906221908752787,-0.05422362595564045,0.016805300724657357,570.9153308105468,516.2377928161621,36.95652586682127,16.5,14.65999984741211,100.31999969482422,0
2014-01-08,558.1216430664062,-0.020745270071141686,-0.061701112032554684,-0.0061225381486156305,571.4838781738281,516.2614280700684,21.48695214930231,16.31999969482422,15.079999923706056,99.29000091552734,1
2014-01-09,543.3350219726562,-0.026493545407968777,-0.091894233743256,-0.03442436209320987,571.5565576171875,516.2070945739746,22.19808927010773,16.31999969482422,15.119999885559082,98.41999816894533,1
2014-01-10,534.4739990234375,-0.016308580509033832,-0.10528287204620868,-0.06535347423511284,571.3217602539063,516.1812922668457,20.130789723824194,16.18000030517578,15.579999923706056,98.41999816894533,1
2014-01-13,548.170654296875,0.02562642017846195,-0.05356889571649892,-0.0625266629291159,571.4235046386718,516.2873616027832,27.020013921642814,15.579999923706056,16.549999237060547,95.44000244140624,1
2014-01-14,543.3907470703125,-0.008719743001736502,-0.03957324406229812,-0.09163124422826219,571.4044958496094,516.4460375976563,23.195897175002614,15.949999809265137,15.869999885559082,93.95999908447266,1
2014-01-15,558.5409545898438,0.02788087136413986,-0.011281552953297691,-0.05267135800161016,571.5934533691407,516.6717495727539,33.10383339256721,15.739999771118164,16.5,93.43000030517578,1
2014-01-16,561.2800903320312,0.004904091131864963,-0.015203602833330998,-0.033918591262837694,572.0026708984375,516.9711517333984,32.99598434708737,15.420000076293944,16.31999969482422,93.66999816894533,1
2014-01-17,560.6373291015625,-0.0011451701949529713,0.004507415303471651,-0.07694767386941315,572.4392846679688,517.3205458068848,35.059819830970156,15.539999961853027,16.31999969482422,92.33000183105467,1
2014-01-20,558.4569702148438,-0.003889071907168251,0.027831720081810785,-0.08888186529415798,572.9032897949219,517.6062905883789,32.37759041177287,15.40999984741211,16.18000030517578,91.66000366210938,1
2014-01-21,565.4729614257812,0.01256317242891325,0.057999009229604104,-0.11805732721757722,573.3125085449219,517.867580871582,36.617362856544304,15.350000381469728,15.579999923706056,92.72000122070312,1
2014-01-22,561.7274169921875,-0.006623737453599454,0.024730916529454472,-0.08687754979943896,573.9962158203125,518.0610647583007,41.65993592096997,15.550000190734863,15.949999809265137,91.8000030517578,1
2014-01-23,577.464599609375,0.028015692560376504,0.06270598592775345,-0.04409583552577867,575.160146484375,518.4172634887695,55.45695654206513,15.850000381469728,15.739999771118164,92.58999633789062,1
2014-01-24,562.5940551757812,-0.025751439038259494,0.007256586204880566,-0.055114633792558765,576.1278527832031,518.7316746520996,49.041801174815134,15.579999923706056,15.420000076293944,94.16999816894533,1
2014-01-27,547.9468994140625,-0.02603503472346913,-0.023754968593454606,-0.0664795097956844,576.5817944335937,518.9949577331543,41.58288992848229,15.829999923706056,15.539999961853027,93.95999908447266,1
2014-01-28,549.8198852539062,0.003418188590621929,-0.019294904720296713,-0.07072315196052081,576.6427319335937,519.3119136047363,46.56173785728441,18.670000076293945,15.40999984741211,94.37000274658205,1
2014-01-29,555.2144775390625,0.009811562713242017,-0.005806163856337587,-0.06702692069471294,576.6125402832031,519.6656578063964,55.335050712763625,17.719999313354492,15.350000381469728,94.37000274658205,1
2014-01-30,548.1146240234375,-0.012787587144871382,-0.03069702459084256,-0.1027272851713017,576.6567028808594,519.9222575378418,56.22445330490263,18.040000915527344,15.550000190734863,94.98999786376952,1
2014-01-31,551.1614990234375,0.005558828147357975,-0.018809688915178868,-0.07073827294880985,577.0793408203125,520.1469407653808,51.511701946499045,17.25,15.850000381469728,96.7300033569336,1
2014-02-03,547.4717407226562,-0.0066945138717396935,-0.05193887020435084,-0.07708991086030836,577.2487268066407,520.3895935058594,52.08569494570761,16.81999969482422,15.579999923706056,97.31999969482422,1
2014-02-04,549.5402221679688,0.0037782433164168516,-0.023202934491964866,-0.08044917082636505,577.0290209960938,520.6017663574219,44.68990986371532,18.270000457763672,15.829999923706056,96.63999938964844,1
2014-02-05,550.8821411132812,0.0024418939527639516,0.005356799540899848,-0.08420048115314405,576.8154675292968,520.7380886840821,43.76277759227691,18.690000534057617,18.670000076293945,95.72000122070312,1
2014-02-06,545.2076416015625,-0.010300750538492887,-0.008388644674453327,-0.09084559967040073,576.4655041503906,520.8512670898438,41.271393372888284,18.93000030517578,17.719999313354492,97.41000366210938,1
2014-02-07,550.18310546875,0.009125814620961625,-0.009062033275165304,-0.08701734861500443,576.0322436523437,520.8952038574218,45.46293711723688,18.940000534057617,18.040000915527344,97.36000061035156,1
2014-02-10,556.7518310546875,0.011939162654478475,0.015758030624777986,-0.06400400263586214,575.4726403808594,520.864839477539,45.19410001083024,18.549999237060547,17.25,98.2300033569336,1
2014-02-11,555.4940795898438,-0.002259088151468025,0.007860818605949227,-0.0715721306431698,574.6184216308594,520.8816668701172,46.4681955348491,19.049999237060547,16.81999969482422,97.48999786376952,1
2014-02-12,564.9140625,0.016957845738178934,0.03185976641336796,-0.05432576988923954,574.1247875976562,520.9188995361328,42.34056311544656,18.6299991607666,18.270000457763672,96.43000030517578,1
2014-02-13,551.74853515625,-0.023305363094497267,0.004018473806283618,-0.04739158997021364,573.5400317382813,520.8506756591797,43.24044057173593,17.43000030517578,18.690000534057617,97.19000244140624,1
2014-02-14,554.990966796875,0.00587664748345329,0.00745862930914809,-0.0190702055762465,572.4923852539063,520.8189370727539,55.11783299394783,17.799999237060547,18.93000030517578,97.37999725341795,1
2014-02-17,558.0936279296875,0.005590471410227504,0.02363500682101982,-0.012073401996985145,571.3955407714843,520.8350015258789,55.905722438843746,16.65999984741211,18.940000534057617,97.83999633789062,1
2014-02-18,568.7714233398438,0.019132623767389667,0.033785693683299645,-0.0020596522761230363,569.9476196289063,520.8313436889648,58.99816485515319,15.829999923706056,18.549999237060547,99.87999725341795,1
2014-02-19,576.5421142578125,0.013662238641208413,0.03554596877685179,0.033004402212752915,569.1750207519531,520.8328726196289,68.70166540049757,15.40999984741211,19.049999237060547,100.05999755859376,1
2014-02-20,578.4148559570312,0.0032482305332188766,0.04126196337521959,0.06456391096788239,568.6612573242187,520.8636715698242,68.21056306377953,15.06999969482422,18.6299991607666,99.94000244140624,1
2014-02-21,589.8753662109375,0.01981365128484458,0.04418601937518152,0.10365586967509444,568.5505676269531,520.9178317260743,75.66830832665215,15.15999984741211,17.43000030517578,100.37000274658205,1
2014-02-24,606.3670654296875,0.027957938512815694,0.0989917087101464,0.10616476945023545,568.9385437011719,521.0829791259765,79.2854244581235,14.039999961853027,17.799999237060547,100.3499984741211,1
2014-02-25,608.18408203125,0.002996562157073779,0.09584501085013786,0.11923893682450482,569.2689404296875,521.2569369506836,79.38636495953735,14.359999656677246,16.65999984741211,100.3000030517578,1
2014-02-26,613.0758056640625,0.008043162880019494,0.09851783819560467,0.09763805254758018,569.6284094238281,521.4564547729492,85.08678042174111,13.949999809265137,15.829999923706056,100.3000030517578,1
2014-02-28,620.3432006835938,0.011853990897030098,0.09067223708413286,0.10522929882765508,569.8179260253906,521.7742276000977,85.43201048008014,13.960000038146973,15.40999984741211,102.43000030517578,1
2014-03-03,613.578857421875,-0.010904195055679966,0.06423944105408541,0.09443097270235801,570.2271508789063,522.0509313964844,78.641998855617,14.18000030517578,15.06999969482422,103.30999755859376,1
2014-03-04,624.2845458984375,0.01744794226050339,0.07930240634209063,0.11787403362208781,570.8488098144531,522.2725506591797,81.65684994031318,15.279999732971191,15.15999984741211,102.91999816894533,1
2014-03-05,628.0020751953125,0.0059548635654995685,0.06463519442976873,0.11057843263074973,571.4564892578124,522.4903741455078,80.64079122734624,14.390000343322754,14.039999961853027,102.1999969482422,1
2014-03-06,638.707763671875,0.017047218312507884,0.05333518273996307,0.13704217446227696,572.2000170898438,522.7054934692383,93.2685007355469,13.84000015258789,14.359999656677246,102.81999969482422,1
2014-03-07,670.0980834960938,0.04914660758741762,0.10180141719273483,0.16041413438915653,573.6082482910156,523.0793081665039,94.74147702874734,14.479999542236328,13.949999809265137,101.83000183105467,1
2014-03-10,691.4815673828125,0.031910976039738914,0.12788917943650313,0.22909504823466476,575.3854467773438,523.5910455322265,95.39579457617148,16.719999313354492,13.960000038146973,102.58999633789062,1
2014-03-11,687.6522827148438,-0.005537797171459302,0.10850297376851725,0.2549615363280142,577.2420349121094,524.2517852783203,92.4368026856353,17.780000686645508,14.18000030517578,102.58999633789062,1
2014-03-12,681.0553588867188,-0.009593400609506308,0.10997201198940476,0.23868811796832,578.8968041992188,525.0551184082032,87.6232892212977,17.329999923706055,15.279999732971191,104.91999816894533,1
2014-03-13,684.9407958984375,0.005705023770857798,0.09716122303285069,0.23365082073215215,580.648291015625,525.8070608520508,87.80007632261857,17.040000915527344,14.390000343322754,103.33000183105467,1
2014-03-14,701.572265625,0.02428161649321381,0.11714959764552813,0.2799736311998138,583.0957836914063,526.6224383544921,88.23193676457439,16.81999969482422,13.84000015258789,101.4499969482422,1
2014-03-18,693.5220336914062,-0.011474558399799606,0.08582057888948902,0.25829187074969306,585.6506140136719,527.4208645629883,81.6612765112058,16.450000762939453,14.479999542236328,101.55999755859376,1
2014-03-19,696.5689697265625,0.004393423549845066,0.039503002444601254,0.2723377626890835,588.2837121582031,528.250394897461,81.82369984370521,17.1299991607666,16.719999313354492,102.58000183105467,1
2014-03-20,681.5027465820312,-0.021629190789887565,-0.014431072745077045,0.24013260374911694,590.5148608398438,529.0389947509766,72.95575102369602,16.8799991607666,17.780000686645508,101.12000274658205,1
2014-03-21,680.1329345703125,-0.0020099875144874435,-0.01093481158070897,0.23462512906268396,592.9550866699219,529.869732055664,70.884562528435,16.90999984741211,17.329999923706055,100.02999877929688,1
2014-03-24,687.81982421875,0.011302040024416371,0.00993232817826839,0.2615740714826744,595.8447827148437,530.7635798645019,75.76631858653028,16.18000030517578,17.040000915527344,97.98999786376952,1
2014-03-25,697.9384765625,0.014711196140999805,0.018976356411963158,0.2685567216170044,599.114072265625,531.6672904968261,75.66716778162618,16.540000915527344,16.81999969482422,98.1999969482422,1
2014-03-26,713.2284545898438,0.02190734361379576,0.016614381063738026,0.2810527326667853,602.4152282714844,532.6286457824707,77.48327895129864,16.920000076293945,16.450000762939453,98.88999938964844,1
2014-03-27,717.5888671875,0.006113626804421068,0.03470233435554082,0.29180290763376093,605.8991906738281,533.5901536560059,76.52249220160893,17.770000457763672,17.1299991607666,99.6999969482422,1
2014-03-28,720.132568359375,0.0035447890682094307,0.03382809119685937,0.27476481143426135,609.1310229492187,534.5996977233887,70.872150962151,18.3700008392334,16.8799991607666,100.37000274658205,1
2014-03-31,711.0480346679688,-0.012615085180917252,0.04335314602049256,0.28871757578224777,612.1263818359375,535.578221282959,59.095564757066306,18.6299991607666,16.90999984741211,99.43000030517578,1
2014-04-01,715.0452880859375,0.005621636265171981,0.0513316614165753,0.2883908583464241,615.214541015625,536.5793000793457,62.713913643051676,21.6200008392334,16.18000030517578,99.45999908447266,1
2014-04-02,727.0089721679688,0.016731365525190833,0.05697589189688035,0.30266488593480667,618.5855810546875,537.6520301818848,70.31633846964195,20.690000534057617,16.540000915527344,99.5999984741211,1
2014-04-03,721.22265625,-0.007959070849860028,0.033361364173787544,0.26803602757494005,621.7005749511719,538.7010583496094,65.77525773633616,21.209999084472656,16.920000076293945,99.19000244140624,1
2014-04-04,713.955078125,-0.010076746843738715,0.0010187809116142255,0.23833985491949772,624.7451281738281,539.6275189208984,55.861286732714,22.11000061035156,17.770000457763672,100.26000213623048,1
2014-04-07,718.00830078125,0.005677139613453841,0.0005845040425360715,0.2413379313939834,627.5560021972656,540.5477340698242,62.04615566622687,22.690000534057617,18.3700008392334,101.27999877929688,1
2014-04-09,725.6668701171875,0.010666407794456267,0.007685115214856708,0.2302037204545535,630.8174584960938,541.5380737304688,63.69353863971121,24.950000762939453,18.6299991607666,101.66999816894533,1
2014-04-10,734.7236328125,0.012480606554147844,0.033296763355216585,0.21168129784861534,634.5529931640625,542.5737887573242,76.54742861944517,26.90999984741211,21.6200008392334,101.58000183105467,1
2014-04-11,725.9185180664062,-0.011984254150622653,0.015206351487994096,0.19358355391666882,638.0749658203125,543.6425350952148,71.26146967109176,28.71999931335449,20.690000534057617,99.73999786376952,1
2014-04-15,725.55517578125,-0.0005005276434111305,-0.0019996952477538965,0.18346731199962085,641.4817797851563,544.7149685668945,68.80203391479941,29.190000534057617,21.209999084472656,99.62000274658205,1
2014-04-16,704.3396606445312,-0.02924038838793297,-0.023408853644798056,0.13540320885016022,644.6062805175782,545.7514093017578,52.87187741486399,31.8799991607666,22.11000061035156,100.29000091552734,1
2014-04-17,709.3990478515625,0.0071831638763626415,-0.006381396271320949,0.15616605636038883,647.7710314941406,546.7898464965821,48.10828836293269,31.15999984741211,22.690000534057617,101.13999938964844,1
2014-04-21,739.3636474609375,0.042239413345878773,0.029742478821555673,0.18433757862271638,651.6088696289063,548.0051686096191,58.584944162417,30.850000381469727,24.950000762939453,100.44000244140624,1
2014-04-22,752.7808837890625,0.018147005704434394,0.03736427111175189,0.19869171380515427,655.6736828613281,549.2915214538574,61.855464005631305,34.38999938964844,26.90999984741211,103.5999984741211,1
2014-04-23,769.4403076171875,0.022130508607326904,0.04725133812804283,0.20468287905840143,660.0448461914062,550.5556776428223,70.09811892166242,33.349998474121094,28.71999931335449,103.4000015258789,1
2014-04-24,769.4403076171875,0.0,0.0599540974195123,0.14825027345668107,664.5294995117188,551.7395655822754,69.2520457275186,31.1299991607666,29.190000534057617,103.73999786376952,1
2014-04-25,754.6535034179688,-0.019217610583738054,0.040104913599970926,0.09135736802682337,668.6189074707031,552.8901585388184,59.59254229649352,31.1299991607666,31.8799991607666,103.75,1
2014-04-28,742.68994140625,-0.01585305303365514,0.05444856069389159,0.08003704790176536,672.3376696777344,554.0485411071777,57.14285134047267,30.68000030517578,31.15999984741211,103.76000213623048,1
2014-04-29,738.7208862304688,-0.00534416174839536,0.04133334893486018,0.08467083709320256,676.0022058105469,555.1696488952637,58.425314960678975,31.38999938964844,30.850000381469727,104.3000030517578,1
2014-04-30,723.458984375,-0.02065990300253573,-0.021511286280514352,0.056235792505304305,679.1731042480469,556.2022462463378,51.722923150651205,31.049999237060547,34.38999938964844,104.37000274658205,1
2014-05-02,706.3801879882812,-0.023607138421915086,-0.061639046367951145,0.006853067886026132,682.2657373046875,557.1599995422363,44.2462680941579,30.59000015258789,33.349998474121094,102.12999725341795,1
2014-05-05,717.78466796875,0.016144960142423948,-0.06713404423587499,0.0349846624889496,685.521611328125,558.1284492492675,45.01646286804422,33.060001373291016,31.1299991607666,101.44000244140624,1
2014-05-06,726.7572631835938,0.012500399653610827,-0.05547284696557575,0.04333855622205163,688.8948840332031,559.1685484313965,50.246520512401005,34.189998626708984,31.1299991607666,101.94000244140624,1
2014-05-07,724.2974853515625,-0.0033845933940255257,-0.04022510719014505,0.06279466808338108,692.0054052734375,560.1347496032715,49.63484480106608,33.27000045776367,30.68000030517578,100.5999984741211,1
2014-05-08,726.281982421875,0.002739892254836729,-0.022092609674108754,0.06785298212432256,695.0002026367188,561.0265232849121,57.17153163087847,33.61000061035156,31.38999938964844,100.83999633789062,1
2014-05-09,750.62841796875,0.03352201505218244,0.016119121525103752,0.09131547469039614,698.4444738769531,562.0100328063965,61.96655539249831,34.29999923706055,31.049999237060547,101.27999877929688,1
2014-05-12,775.5338134765625,0.033179393307820826,0.07198034750587867,0.11117790395542682,702.1576428222656,563.2148023986816,60.81579285493187,37.709999084472656,30.59000015258789,99.73999786376952,1
2014-05-13,787.8606567382812,0.01589465610333618,0.11534931207803312,0.10463996727578162,705.7875146484375,564.4895997619628,60.55859144072663,37.09999847412109,33.060001373291016,99.76000213623048,1
2014-05-14,779.5870361328125,-0.010501375509371469,0.08610154398944769,0.0863978968741621,709.2155737304688,565.6759703063965,53.216409796038405,32.04999923706055,34.189998626708984,99.4800033569336,1
2014-05-15,770.5863037109375,-0.0115455132072535,0.06030767458084774,0.07006173247587943,712.3657836914062,566.8484339904785,50.34365896496714,32.41999816894531,33.27000045776367,99.5,1
2014-05-16,798.14697265625,0.03576584324505605,0.10196015973856665,0.12249374689426284,715.9218591308594,568.3582221984864,62.114608143648645,36.77000045776367,33.61000061035156,100.7699966430664,1
2014-05-19,852.2904663085938,0.06783649566714889,0.17349801721161828,0.1919391407921025,720.6960913085937,570.1398297119141,74.71951116435181,24.290000915527344,34.29999923706055,100.26000213623048,1
2014-05-20,843.7931518554688,-0.009969974778584856,0.1241156498428726,0.16063650402999174,725.0862634277344,571.9718309020996,73.22382344592982,20.6299991607666,37.709999084472656,99.98999786376952,1
2014-05-21,825.1770629882812,-0.022062384396284163,0.06401171509102621,0.1441363576662893,729.0297631835938,573.7465281677246,72.15397282898114,19.229999542236328,37.09999847412109,100.58999633789062,1
2014-05-22,827.7484741210938,0.003116193176165627,0.05062801022194319,0.15938453200016411,732.8105773925781,575.5577496337891,78.21686809902832,17.90999984741211,32.04999923706055,101.6999969482422,1
2014-05-23,846.3927001953125,0.022524023489158607,0.08569365698266784,0.17880628855456138,736.3364697265625,577.4748513793945,78.92627945529834,17.84000015258789,32.41999816894531,102.37000274658205,1
2014-05-26,865.5400390625,0.022622287341052205,0.12322271352902425,0.1927512123058952,739.8176391601562,579.4636097717286,79.8486026342921,17.700000762939453,36.77000045776367,101.5,1
2014-05-27,875.4908447265625,0.0114966439621218,0.09690429798024591,0.1915920566964886,743.5744104003907,581.5096902465821,81.50270242773391,19.84000015258789,24.290000915527344,102.0199966430664,1
2014-05-28,881.6683349609375,0.007056030650216982,0.03446931511458051,0.21455550866699813,747.586669921875,583.5925749206543,81.82035662897327,19.100000381469727,20.6299991607666,102.61000061035156,1
2014-05-29,866.3225708007812,-0.017405370649764995,0.026700168039727634,0.19401335655549334,751.2143054199219,585.6395979309082,74.59890404089823,17.559999465942383,19.229999542236328,102.44000244140624,1
2014-05-30,864.0025634765625,-0.002677994782098625,0.047051114517991266,0.22668452701630626,754.4629113769531,587.7201544189453,70.8087533112326,16.690000534057617,17.90999984741211,104.06999969482422,1
2014-06-02,920.1864624023438,0.06502746785809199,0.11167400626065915,0.2971351810932896,758.9961999511719,590.1325425720215,75.80125748679724,16.34000015258789,17.84000015258789,103.73999786376952,0
2014-06-03,924.29541015625,0.004465342538488404,0.09204085756287927,0.25012287705838676,763.5507287597657,592.6101960754395,78.68145502160331,16.5,17.700000762939453,104.3499984741211,0
2014-06-04,936.2031860351562,0.012883084507466336,0.08164052936152344,0.2436596175541177,768.6447375488282,595.1446363830566,82.4515982741065,15.800000190734863,19.84000015258789,104.3499984741211,0
2014-06-05,940.228271484375,0.004299371663394114,0.07394415047027891,0.22196389008536066,773.8466442871094,597.650216217041,80.6686052639345,15.56999969482422,19.100000381469727,104.11000061035156,0
2014-06-06,945.37158203125,0.005470278551351182,0.07225307357004596,0.22864837294382023,778.9976794433594,600.1304159545898,75.48220220461073,15.449999809265137,17.559999465942383,102.72000122070312,0
2014-06-09,979.5288696289062,0.0361310708369984,0.13067453468686985,0.2979849231368228,784.6294873046875,602.7934214782715,82.58187318366446,15.979999542236328,16.690000534057617,103.58000183105467,0
2014-06-10,972.149658203125,-0.0075334292378507195,0.1251698771487455,0.30895762013742023,789.8079113769531,605.5369302368164,87.290846734866,17.100000381469727,16.34000015258789,102.70999908447266,0
2014-06-11,960.1301879882812,-0.012363806450397696,0.04340829518579947,0.29971983449339823,794.6587377929687,608.2758267211914,82.05203533650365,16.65999984741211,16.5,102.47000122070312,0
2014-06-12,962.897705078125,0.0028824394071416126,0.041764023165872244,0.3309637807732493,799.5140405273437,611.0428166198731,80.5572613472859,17.059999465942383,15.800000190734863,102.66000366210938,0
2014-06-13,942.5200805664062,-0.02116281345801463,0.006747354234076353,0.3342957469555228,804.1434814453125,613.7724879455567,70.061075176324,16.899999618530273,15.56999969482422,102.63999938964844,0
2014-06-16,922.7022094726562,-0.02102647094992449,-0.018640220192538637,0.2854860944352571,808.2966198730469,616.3611416625977,61.70154893931165,17.760000228881836,15.449999809265137,102.4800033569336,0
2014-06-17,941.7373657226562,0.02062979372389173,-0.0038442199635250196,0.2958072982956266,812.5911877441406,619.0041606140137,63.996302432572726,17.979999542236328,15.979999542236328,102.66000366210938,0
2014-06-18,934.3580932617188,-0.007835807231960978,-0.04611479841763155,0.2900197945712819,816.853896484375,621.5897384643555,66.46373056229548,17.700000762939453,17.100000381469727,104.41000366210938,0
2014-06-19,926.1683349609376,-0.008765117314060822,-0.04729860557393706,0.2752186580100988,821.0981616210937,624.248133239746,64.6277781352256,18.57999992370605,16.65999984741211,104.3499984741211,0
2014-06-20,921.2764892578124,-0.00528181057208299,-0.04046711499809974,0.2273402754332794,825.163525390625,626.883745727539,50.33809737825443,18.739999771118164,17.059999465942383,104.4000015258789,0
2014-06-23,926.419921875,0.005582941361427007,-0.03788334213566891,0.19455774303643225,829.1785864257813,629.4937831115723,50.65476521904011,18.850000381469727,16.899999618530273,106.52999877929688,0
2014-06-24,933.85498046875,0.008025581508115609,-0.009193544282312782,0.18530475215614994,833.1612133789063,632.1377813720703,49.25577546328089,18.959999084472656,17.760000228881836,106.91000366210938,0
2014-06-25,922.4505615234376,-0.012212194809506638,-0.0002727293233235617,0.18325538877520087,837.0918542480468,634.716092376709,44.617422498054125,19.190000534057617,17.979999542236328,106.9000015258789,0
2014-06-26,935.5880737304688,0.014241968897861002,-0.006529731341252232,0.2141249711095654,841.2925122070312,637.4530320739746,47.174608367402264,18.309999465942383,17.700000762939453,106.36000061035156,0
2014-06-27,932.0940551757812,-0.003734569361017792,-0.0024230946381960106,0.16782257793167155,845.8476000976563,640.1596437072753,33.35295407888739,17.700000762939453,18.57999992370605,105.97000122070312,0
2014-06-30,951.3251342773438,0.020632122900875904,0.027162232141597853,0.11619825855577726,850.6861218261719,642.8819081115722,43.25298750813247,17.6299991607666,18.739999771118164,106.43000030517578,0
2014-07-01,965.1056518554688,0.014485602326267832,0.047574385223881466,0.14377042493558823,855.2009619140625,645.5995608520508,51.59383067597128,17.8700008392334,18.850000381469727,107.26000213623048,0
2014-07-02,980.535400390625,0.015987626334476035,0.05841355225403566,0.18827272881256762,859.7560522460938,648.2459358215332,55.22606696576479,17.65999984741211,18.959999084472656,106.16999816894533,0
2014-07-03,979.6408081054688,-0.000912350828740971,0.0490288413022506,0.18350059073881697,863.9600622558594,650.8565313720703,62.434564714791705,17.56999969482422,19.190000534057617,106.02999877929688,0
2014-07-04,974.2460327148438,-0.005506891246249701,0.05614986141464895,0.15105675236805327,868.0561767578125,653.4497972106933,69.11278911552309,17.809999465942383,18.309999465942383,106.5,0
2014-07-07,977.9638061523438,0.0038160519136423154,0.04529315156071867,0.12988858055788421,872.5223828125,656.0016946411133,65.15448776935654,18.15999984741211,17.700000762939453,105.83999633789062,0
2014-07-08,935.0289306640624,-0.043902315421265325,0.0031486902764632507,0.06800537812145269,876.3691625976562,658.3612788391114,50.216288357188446,19.40999984741211,17.6299991607666,105.73999786376952,0
2014-07-09,923.3449096679688,-0.012495892493717409,-0.029411842072930905,0.04727012761423244,880.0616430664063,660.682428741455,49.10974334419649,19.18000030517578,17.8700008392334,105.37000274658205,0
2014-07-10,925.0780639648438,0.0018770388819258077,-0.04147482486883147,0.06782172731544112,884.0940246582031,662.9683596801758,51.22304000402153,18.190000534057617,17.65999984741211,105.33999633789062,0
2014-07-11,880.1309814453125,-0.04858734010715815,-0.1023975461827421,0.01866709504177,887.5690405273438,664.8857411193848,38.14433312010584,15.970000267028809,17.56999969482422,104.4800033569336,0
2014-07-14,893.0448608398438,0.014672679029346991,-0.0883956104616479,-0.02949576273013299,891.0742443847656,666.9850910949707,39.83292515997221,15.720000267028809,17.809999465942383,104.05999755859376,0
2014-07-15,913.2822875976562,0.022661153593987127,-0.0625753075404426,-0.011915154438267739,894.8047448730468,669.2817835998535,47.81218585664151,15.5600004196167,18.15999984741211,104.05999755859376,0
2014-07-16,927.4821166992188,0.015548127117317012,-0.051619179703324414,-0.009315359599310291,898.8684375,671.6081059265136,48.075442737436646,14.770000457763672,19.40999984741211,103.52999877929688,0
2014-07-17,933.0166015625,0.005967214638032736,-0.0021521570462351702,-0.007670126649658826,903.0031298828125,673.9493824768066,50.21693371831712,14.729999542236328,19.18000030517578,103.4000015258789,0
2014-07-18,942.8277587890624,0.010515522671442179,0.02110029406898395,-0.00269081839409846,906.8471166992188,676.3460041809082,47.90924739153376,14.970000267028809,18.190000534057617,102.29000091552734,0
2014-07-21,933.7432861328124,-0.009635347041455189,0.009367017234015673,-0.04674245437343738,910.0113061523438,678.7342404174805,42.10084713115142,15.100000381469728,15.970000267028809,102.93000030517578,0
2014-07-22,925.18994140625,-0.009160274406884272,0.05119574348688838,-0.04830502834684225,912.7578918457032,681.1554602050782,35.56011062970006,14.899999618530272,15.720000267028809,100.83000183105467,0
2014-07-23,924.4072875976562,-0.000845938518748035,0.03511853450264346,-0.03720630893345167,915.654296875,683.5413204956054,35.58089362366594,14.640000343322754,15.5600004196167,100.91000366210938,0
2014-07-24,929.94189453125,0.005987195263223333,0.018241465053938644,-0.03422566111963177,918.8414086914063,685.8747702026367,38.44252509552426,14.6899995803833,14.770000457763672,99.95999908447266,0
2014-07-25,926.8949584960938,-0.003276480017810224,-0.0006330668727226874,-0.01657802564898414,921.4163684082031,688.2174441528321,36.631046460721365,14.720000267028809,14.729999542236328,101.1999969482422,0
2014-07-28,917.4471435546876,-0.010192972628457753,-0.016687225052307353,-0.005695300026399619,922.719501953125,690.5429275512695,44.41886526614536,14.220000267028809,14.970000267028809,103.19000244140624,0
2014-07-30,852.0389404296875,-0.07129370186011297,-0.09629417198744883,-0.09524781383622527,922.8844177246094,692.4875617980957,33.12165276122366,14.31999969482422,15.100000381469728,103.12999725341795,1
2014-07-31,840.1873168945312,-0.01390972052190409,-0.10019452951115948,-0.10078660103264048,923.1846228027343,694.3261183166504,30.824621910652667,13.890000343322754,14.899999618530272,104.58999633789062,1
2014-08-01,821.0679931640625,-0.022756025169645366,-0.11254115893643035,-0.1134786602279032,923.0510131835938,696.0675407409668,34.89636628006792,13.81999969482422,14.640000343322754,104.41999816894533,1
2014-08-04,835.183837890625,0.01719205333064533,-0.09651963036650713,-0.09344930905220894,922.8268359375,697.7754200744629,35.294135897172566,15.220000267028809,14.6899995803833,103.12000274658205,1
2014-08-05,833.0036010742188,-0.0026104873172746457,-0.10424123703545407,-0.10083582897452603,922.1761071777344,699.4900086975098,27.534435722830736,14.81999969482422,14.720000267028809,102.06999969482422,1
2014-08-06,829.2300415039062,-0.004530063934232942,-0.1053678370962885,-0.11203553137589639,921.2508911132812,701.1995652770996,20.800765024229833,13.949999809265137,14.220000267028809,102.08999633789062,1
2014-08-07,828.4473266601562,-0.0009439055564490761,-0.09700811378593188,-0.10190598692685915,920.1864709472657,703.0024819946289,18.020160072513804,14.300000190734863,14.31999969482422,101.66999816894533,1
2014-08-08,806.588623046875,-0.02638514593487018,-0.053343004909953584,-0.13788060611892416,918.9917919921875,704.5978536987304,11.19428465727971,14.140000343322754,13.890000343322754,100.2699966430664,1
2014-08-11,817.7415771484375,0.013827313927925688,-0.026715161363131346,-0.12268341096304736,918.066572265625,706.0994454956054,17.343427935578035,14.619999885559082,13.81999969482422,98.16999816894533,1
2014-08-12,832.4725341796875,0.018014195979393133,0.013889886234240478,-0.12493373276418307,916.3122937011718,707.6471597290039,24.77573367269403,14.0,15.220000267028809,97.87999725341795,0
2014-08-13,820.4779663085938,-0.01440836469507445,-0.017607945598148822,-0.14985684237660435,914.2359448242188,709.0959072875977,23.351189164554924,13.470000267028809,14.81999969482422,98.29000091552734,1
2014-08-14,837.6935424804688,0.0209823747605673,0.005630157420930759,-0.14567741037524096,912.265751953125,710.5851702880859,27.68318386027643,13.760000228881836,13.949999809265137,97.37999725341795,0
2014-08-18,855.699462890625,0.021494639145527517,0.03192048052035523,-0.1265171317786714,910.57517578125,712.2151962280274,33.938788599287804,13.220000267028809,14.300000190734863,96.91999816894533,0
2014-08-19,865.097412109375,0.010982768631176754,0.04423948785853615,-0.11203393900544212,908.9696923828125,713.8421780395507,38.18760501308358,13.5,14.140000343322754,97.33999633789062,0
2014-08-20,856.7717895507812,-0.009623913379064764,0.06221655633368606,-0.12392280352212093,906.51455078125,715.3949676513672,51.43850739390908,13.90999984741211,14.619999885559082,97.6500015258789,0
2014-08-21,865.5489501953125,0.010244455701714061,0.05846269088283984,-0.07430784031399418,904.3825366210938,717.0072952270508,57.85525052677109,13.65999984741211,14.0,98.08000183105467,0
2014-08-22,869.24609375,0.004271443635687211,0.044173901312610786,-0.058590040787058095,902.5648547363281,718.6318197631836,66.49834253681742,13.729999542236328,13.470000267028809,97.37000274658205,0
2014-08-25,862.1622314453125,-0.008149432428424364,0.0508048562525818,-0.06801137652089251,900.5501452636719,720.1971655273437,59.70606913137385,13.619999885559082,13.760000228881836,97.58999633789062,0
2014-08-26,850.1679077148438,-0.013911910418949458,0.014891323141202228,-0.03404388024298921,898.7031018066406,721.743908996582,55.76792441684935,13.789999961853027,13.220000267028809,95.58000183105467,0
2014-08-27,848.728515625,-0.0016930680125443187,-0.008146490173169596,-0.04962387351198394,897.2236279296875,723.2935183715821,56.65673007719367,13.899999618530272,13.5,96.41000366210938,0
2014-08-28,861.6261596679688,0.015196430667197447,-0.004012556728082539,-0.05656096546618283,895.6214038085938,724.9253656005859,60.4617711813521,13.0600004196167,13.90999984741211,94.4800033569336,0
2014-09-01,890.3280639648438,0.03331131950303767,0.03916594223026015,-0.04005905026676004,894.7408032226563,726.6519458007813,75.3119281931429,13.06999969482422,13.65999984741211,96.06999969482422,0
2014-09-02,891.45703125,0.0012680351556353386,0.02993254286639857,-0.044543227036797806,894.0465771484374,728.4715206909179,73.71934612396433,13.529999732971191,13.729999542236328,93.95999908447266,0
2014-09-03,902.0968017578124,0.011935258946685678,0.037792183645130484,-0.043200846232575474,893.6629833984375,730.3856643676758,73.00871032911422,13.449999809265137,13.619999885559082,93.6500015258789,0
2014-09-04,897.4400024414062,-0.005162194686126775,0.040917787522372295,-0.038879298229559045,893.0833850097656,732.3018206787109,76.72997624936727,13.390000343322754,13.789999961853027,93.3499984741211,0
2014-09-05,910.2247924804688,0.014245843738057928,0.07064120419112396,-0.016175217926639895,892.61078125,734.2266955566406,75.9910414333707,13.079999923706056,13.899999618530272,93.86000061035156,0
2014-09-08,919.7075805664062,0.010418072726953387,0.08362988121017412,-0.005084022047752934,892.5559216308594,736.0913684082032,74.4290654698927,12.9399995803833,13.0600004196167,93.87999725341795,0
2014-09-09,906.0760498046876,-0.014821592264492978,0.05158837117230486,-0.025663802079367914,891.9656811523438,737.8381283569336,65.15014893040896,12.789999961853027,13.06999969482422,94.5500030517578,0
2014-09-10,894.7024536132812,-0.012552584514134324,0.004913233475936085,-0.03473155678292339,891.2178491210938,739.5821081542969,63.71420702658473,12.760000228881836,13.529999732971191,94.5500030517578,0
2014-09-11,900.3753662109375,0.0063405577739794605,0.01000422302848647,-0.018607913778667218,890.1988537597656,741.4338369750976,62.880980351965235,12.93000030517578,13.449999809265137,92.87999725341795,1
2014-09-12,891.0902099609375,-0.010312539190265535,-0.012201120517695618,0.04583272862101384,888.718544921875,743.1942758178711,57.758607234030755,12.520000457763672,13.390000343322754,95.54000091552734,1
2014-09-15,880.8455200195312,-0.011496804506308411,-0.018490910118482806,0.048391831568321386,886.7247473144531,744.7958758544922,56.49021570939765,12.369999885559082,13.079999923706056,94.4499969482422,1
2014-09-16,855.5018920898438,-0.02877193259622357,-0.06012020419867792,0.04193793840761839,884.2419689941406,746.2655862426758,51.69565848407449,13.260000228881836,12.9399995803833,93.29000091552734,1
2014-09-17,857.4773559570312,0.0023091285775671544,-0.06766305500173242,0.02669294717521309,881.9065954589844,747.7394439697266,52.77178438320977,13.279999732971191,12.789999961853027,92.66000366210938,1
2014-09-18,888.5501098632812,0.03623740462693581,-0.019342680942934343,0.06668219527194275,880.1183215332031,749.3229638671875,57.64907761337099,12.949999809265137,12.760000228881836,92.75,1
2014-09-19,864.9845581054688,-0.026521353715704854,-0.03321539511576832,0.04311772947434167,878.7174340820312,750.7242266845703,42.58347670025548,12.329999923706056,12.93000030517578,91.66999816894533,1
2014-09-22,865.4078979492188,0.000489418961047372,-0.03883654481671661,0.04461426828192838,877.5586938476563,752.0602410888672,42.34536906208266,11.890000343322754,12.520000457763672,92.83000183105467,1
2014-09-23,844.2693481445312,-0.024426111495839287,-0.052543346670208324,0.046716162391824856,875.94251953125,753.333609008789,33.99475301498923,11.56999969482422,12.369999885559082,92.2699966430664,1
2014-09-24,826.3482055664062,-0.02122680708178104,-0.06186932125387501,0.010524875655682164,874.8668640136718,754.5604183959961,31.669424931651903,12.40999984741211,13.260000228881836,92.91999816894533,1
2014-09-25,816.8091430664062,-0.011543635522826112,-0.04522812793425601,-0.01881550498085305,873.3421496582031,755.60759765625,25.503338732498065,12.539999961853027,13.279999732971191,94.87999725341795,1
2014-09-26,833.12158203125,0.019970930912458718,-0.02840398496424168,0.015410061259220731,871.738935546875,756.7085263061523,28.079473718855425,13.300000190734863,12.949999809265137,94.41999816894533,1
2014-09-29,828.9447021484375,-0.005013529805132144,-0.06708165026732715,-0.010443962963025077,869.7681872558594,757.6474124145508,29.491270823244378,12.93000030517578,12.329999923706056,93.06999969482422,1
2014-09-30,823.1027221679688,-0.007047490580888716,-0.0484191718164676,-0.038093679073423425,867.5699096679688,758.6870657348633,30.385091539249217,13.390000343322754,11.890000343322754,92.41000366210938,1
2014-10-01,816.6680297851562,-0.007817605518135262,-0.05632011018106342,-0.055981420873902454,865.0467150878907,759.7498907470704,27.163501325270587,13.149999618530272,11.56999969482422,91.5199966430664,1
2014-10-07,798.5775146484375,-0.022151614214012905,-0.054119972016645757,-0.0679227252952107,862.3433996582031,760.7657290649414,25.918272668054215,13.0,12.40999984741211,91.55999755859376,1
2014-10-08,816.893798828125,0.02293613812523998,-0.011441189893794057,-0.05621305572169932,860.1774768066406,761.9153567504883,34.024233867340385,14.460000038146973,12.539999961853027,92.8000030517578,1
2014-10-09,839.2740478515625,0.027396766942707984,0.02750324843429164,-0.03448050685984172,858.4748120117188,763.1534057617188,45.88520349653315,14.109999656677246,13.300000190734863,92.52999877929688,1
2014-10-10,825.0499267578125,-0.016948124549021837,-0.00968844817794523,-0.043045616397839215,856.37697265625,764.3031436157227,42.25844947798655,13.15999984741211,12.93000030517578,93.54000091552734,1
2014-10-13,816.0753784179688,-0.010877582130224384,-0.015524948403813132,-0.04010093651795432,854.1605810546876,765.3291836547852,30.656832285995037,14.329999923706056,13.390000343322754,94.56999969482422,1
2014-10-14,812.7450561523438,-0.004080900311048574,-0.01258368577416924,-0.04239690173029964,852.0665393066406,766.4273208618164,34.369176509605765,14.5,13.149999618530272,91.16000366210938,1
2014-10-15,812.7450561523438,0.0,-0.004803633165173071,-0.05673122034092082,851.2806616210937,767.5250381469726,34.20248577574117,14.59000015258789,13.0,90.7300033569336,1
2014-10-16,803.6011352539062,-0.011250663205170652,0.006290711312702424,-0.09741008086920422,850.5489379882813,768.5549533081055,36.854604956324586,14.59000015258789,14.460000038146973,88.8499984741211,1
2014-10-17,820.0828857421875,0.020509864614705497,0.003903918622760294,-0.08006459426062495,850.5292358398438,769.6477108764649,47.95580682612479,16.43000030517578,14.109999656677246,87.30999755859375,1
2014-10-20,843.9872436523438,0.029148709631371617,0.005615800718306918,-0.06441610034780876,850.7053039550781,770.8692144775391,58.10744182049381,16.399999618530273,13.15999984741211,85.7699966430664,1
2014-10-21,853.4417114257812,0.011202145345850845,0.03441220191308858,-0.049026442877441956,851.1140661621093,772.123314819336,56.320252715188545,14.1899995803833,14.329999923706056,85.81999969482422,1
2014-10-22,877.007080078125,0.027612159491214427,0.07466430586139916,-0.036493965750835744,852.0696069335937,773.5342358398437,63.34009383843093,13.329999923706056,14.5,85.73999786376953,1
2014-10-27,884.6837158203125,0.008753219804683576,0.08851319257300316,-0.03808152230791029,853.1943347167969,774.966069946289,66.91997189348368,13.029999732971191,14.59000015258789,81.83999633789062,0
2014-10-28,889.8484497070312,0.005837943882498031,0.09486787150660314,-0.017909755037840758,854.85953125,776.4284799194336,70.24833249344414,13.520000457763672,14.59000015258789,81.77999877929688,0
2014-10-29,890.2433471679688,0.0004437805797914418,0.10781743344188643,-0.004983898755730798,856.3095666503906,777.9837084960938,78.11634266056059,13.31999969482422,16.43000030517578,82.69999694824219,0
2014-10-30,901.8145141601562,0.012997757331180804,0.09966264366558564,0.0015983866320945506,857.69640625,779.6638784790039,77.17175252151043,13.010000228881836,16.399999618530273,82.75,0
2014-10-31,934.4113159179688,0.03614579411395846,0.1071391456988331,0.04861584772537264,859.9750732421875,781.5113647460937,78.57265149346014,13.270000457763672,14.1899995803833,82.70999908447266,0
2014-11-03,935.737548828125,0.0014193245389513276,0.09642818753826576,0.06231742974338639,861.9359533691406,783.3403259277344,86.03459786833258,13.300000190734863,13.329999923706056,82.80999755859375,0
2014-11-05,940.3096923828124,0.004886138811479146,0.07218027510000069,0.09913221826523122,863.6281579589844,785.2512661743164,91.6382832742345,13.739999771118164,13.029999732971191,80.5199966430664,0
2014-11-07,933.4799194335938,-0.007263322929184635,0.05515666530386576,0.08863506767678553,864.9958081054688,787.201990661621,89.53794973188586,13.760000228881836,13.520000457763672,81.0,0
2014-11-10,914.0630493164062,-0.020800522553253264,0.027212048992552917,0.02871300016726197,866.1416333007812,789.0999359130859,79.43594148539268,14.109999656677246,13.31999969482422,81.41999816894531,0
2014-11-11,924.1102294921876,0.010991780253337247,0.03804227510596481,0.06835459758520868,867.3128588867188,790.9796337890625,84.82873876642243,13.93000030517578,13.010000228881836,82.19999694824219,0
2014-11-12,910.7327270507812,-0.014476089555633953,0.009889187577481362,0.05237394898864456,868.1425915527344,792.8163436889648,76.67770388894138,14.800000190734863,13.270000457763672,81.12000274658203,0
2014-11-13,912.3697509765624,0.001797480069791968,-0.02358871790818662,0.08066193920423248,869.1467419433594,794.5854876708985,73.15997342465197,14.4399995803833,13.300000190734863,80.54000091552734,0
2014-11-14,915.3329467773438,0.003247801450683374,-0.021805902815736133,0.10768431589918492,870.4500427246094,796.355751953125,71.92555017881622,13.800000190734863,13.739999771118164,78.77999877929688,0
2014-11-17,912.0592041015624,-0.0035765594227842312,-0.030043812703516082,0.11661238349704961,871.7166564941406,798.112861328125,64.50257882434695,13.970000267028809,13.760000228881836,78.68000030517578,0
2014-11-18,928.2872314453124,0.017792734584303194,-0.0055627206115286265,0.11422780476054539,873.0498779296875,799.9620126342774,66.84843670846067,14.40999984741211,14.109999656677246,78.6500015258789,0
2014-11-19,936.1892700195312,0.00851249301567547,0.024206449128068686,0.1293748154649399,873.9671020507812,801.8155941772461,67.5351951983578,14.06999969482422,13.93000030517578,77.4000015258789,0
2014-11-20,928.4847412109376,-0.008229670062799288,0.004733755323922617,0.12803021567636574,874.70765625,803.6493807983398,63.71187825728428,14.350000381469728,14.800000190734863,77.94000244140625,0
2014-11-21,940.5355834960938,0.012979041819727977,0.03272404247711935,0.1516743024010916,875.4764318847656,805.4647357177735,63.836276349525804,14.170000076293944,14.4399995803833,77.18000030517578,0
2014-11-24,942.539306640625,0.00213040652548524,0.03306724672948702,0.18027278423380677,876.37841796875,807.3644619750977,53.717086220188705,13.850000381469728,13.800000190734863,74.20999908447266,0
2014-11-25,923.8845825195312,-0.01979198532057236,0.009342650422773158,0.13097269662823963,876.6516137695312,809.244150390625,45.32099985591882,13.020000457763672,13.970000267028809,75.81999969482422,0
2014-11-26,920.6107788085938,-0.0035435202328081283,0.009376117985076649,0.09691319678625021,876.669677734375,811.0981048583984,42.14324907117862,13.529999732971191,14.40999984741211,75.63999938964844,0
2014-11-27,913.921875,-0.007265723976478067,-0.015475120155370448,0.10771705488348604,876.8265942382812,812.8916418457031,42.19065829807292,12.989999771118164,14.06999969482422,74.61000061035156,0
2014-11-28,925.3236694335938,0.012475677347797198,-0.01160620072660179,0.13387034323644476,877.4390185546876,814.7776870727539,54.80373062822862,12.739999771118164,14.350000381469728,74.58000183105469,0
2014-12-01,915.5305786132812,-0.01058342193527484,-0.013951939135544045,0.1264671149739618,877.7421228027343,816.5995324707031,46.33200724157776,12.899999618530272,14.170000076293944,75.58000183105469,0
2014-12-02,925.4931030273438,0.010881694884678161,-0.01599352617030725,0.13872498641673214,878.4301806640625,818.4896392822266,56.50019406452834,13.199999809265137,13.850000381469728,76.51000213623047,0
2014-12-03,928.0330810546876,0.002744459163483093,-0.015390578921997577,0.15484291938122485,879.3739318847656,820.3821035766601,56.843413333333416,12.399999618530272,13.020000457763672,75.77999877929688,0
2014-12-04,919.6509399414062,-0.009032157672391627,-0.00458243665737923,0.12141218397590148,880.6569128417968,822.2259475708008,51.80126734915856,12.369999885559082,13.529999732971191,74.08999633789062,0
2014-12-05,919.199462890625,-0.0004909221870745828,-0.0015330212837559865,0.08911535074013832,881.8913549804688,824.0959066772461,53.05041240253161,12.449999809265137,12.989999771118164,73.69000244140625,0
2014-12-08,904.1288452148438,-0.016395372586912038,-0.010715390508796219,0.05939144186470946,882.2029296875,825.8656353759766,39.57613607215079,11.949999809265137,12.739999771118164,73.69000244140625,1
2014-12-09,880.3090209960938,-0.0263456080898401,-0.048647462422585885,0.003765010560319082,882.5094189453125,827.4834213256836,28.800793561849744,12.210000038146973,12.899999618530272,66.1500015258789,1
2014-12-10,871.6732177734375,-0.009809967882510873,-0.04790376407336694,-0.014706383551788549,882.6347253417969,829.0643170166015,28.59871721060442,12.5,13.199999809265137,69.0,1
2014-12-11,868.1736450195312,-0.004014776045139223,-0.061933965602031016,-0.024357860818475463,883.1128112792969,830.5806149291992,20.86361875851553,12.239999771118164,12.399999618530272,66.87999725341797,1
2014-12-12,852.8489990234375,-0.017651590881624823,-0.08101444179748984,-0.042004636444057386,883.6428271484375,832.0861172485352,17.385082089611913,12.770000457763672,12.369999885559082,67.37999725341797,1
2014-12-15,847.3455810546875,-0.006452980510092354,-0.07862261184806218,-0.06039926420589348,884.2535559082031,833.5478903198242,19.223770941206382,13.75,12.449999809265137,66.80999755859375,1
2014-12-16,837.2702026367188,-0.01189051863046009,-0.08913110109557909,-0.1039596927246309,884.3365283203125,834.9437731933593,18.226799978406078,14.020000457763672,11.949999809265137,65.83999633789062,1
2014-12-17,828.8883666992188,-0.010010909155854453,-0.08321875683298874,-0.11418712678861642,884.3354016113282,836.2443579101563,17.9945186849439,16.309999465942383,12.210000038146973,63.04999923706055,1
2014-12-18,850.2807006835938,0.02580846208466303,-0.0341111127982332,-0.09574397927461398,884.8789611816406,837.6130508422851,23.730455479730153,16.93000030517578,12.5,63.81999969482422,1
2014-12-19,866.5084838867188,0.019085207026430684,-0.005925080387248038,-0.0717438416752566,885.8757702636718,839.0535189819336,33.579094830053734,14.600000381469728,12.239999771118164,60.93999862670898,1
2014-12-22,860.3278198242188,-0.007132837332159414,-0.009037161218060197,-0.05878722428652383,887.1107763671876,840.40578125,27.604195946189762,14.510000228881836,12.770000457763672,59.95000076293945,1
2014-12-23,845.4263916015625,-0.01732063973672371,-0.008703307889643241,-0.0851455111949827,887.6814282226562,841.6010778808594,23.833291314858585,14.210000038146973,13.75,57.810001373291016,1
2014-12-24,834.165771484375,-0.01331945658315159,-0.015554231785699146,-0.08407181744127323,887.5792626953125,842.730986328125,23.406453817891844,15.300000190734863,14.020000457763672,55.90999984741211,1
2014-12-26,841.13671875,0.008356788906862533,0.004618002767929452,-0.07807474124423519,887.9009985351563,843.8712908935547,26.662141350441956,15.06999969482422,16.309999465942383,55.93000030517578,1
2014-12-29,841.1932373046875,6.719306555957871e-05,0.014845027508914033,-0.08099753180925418,888.4033557128906,844.9755410766602,29.328881313826884,14.649999618530272,16.93000030517578,56.470001220703125,1
2014-12-30,845.6804809570312,0.005334379133528966,-0.005410236552310432,-0.0727789630826855,889.0620642089843,846.1360491943359,36.97177923802841,14.579999923706056,14.600000381469728,54.11000061035156,1
2014-12-31,843.6484985351562,-0.0024027779612170175,-0.026381721329517993,-0.0911773102581368,889.6801330566407,847.2328689575195,38.90500080465608,14.859999656677246,14.510000228881836,56.52000045776367,1
2015-01-01,848.3334350585938,0.005553185398388116,-0.01394164467223169,-0.09384409517864334,890.5747790527344,848.3345257568359,42.21828875223352,15.119999885559082,14.210000038146973,55.2599983215332,1
2015-01-02,866.2262573242188,0.021091732950958342,0.024602810994879487,-0.06705385788625973,891.497646484375,849.4721182250977,55.143203775276255,15.029999732971191,15.300000190734863,57.119998931884766,1
2015-01-05,878.2774047851562,0.013912239855397246,0.05288113563121377,-0.0661943894557564,892.1834497070313,850.5130148315429,61.32240504061023,13.800000190734863,15.06999969482422,55.84000015258789,1
2015-01-06,848.9824829101562,-0.033354976133270875,0.009327573015497137,-0.09926039484116755,892.0942651367187,851.3005194091797,53.75838857821532,14.149999618530272,14.649999618530272,54.72999954223633,1
2015-01-07,846.950439453125,-0.0023935045751071193,0.006844089910761131,-0.08327246121652843,891.4931323242188,852.097010192871,56.04222568962215,17.420000076293945,14.579999923706056,53.61000061035156,1
2015-01-08,852.3408813476562,0.00636453048895258,0.007875788244618764,-0.07415717807398348,890.8462756347657,852.9534378051758,50.77181425969947,18.13999938964844,14.859999656677246,54.119998931884766,1
2015-01-09,846.8095092773438,-0.0064896242704758356,0.0037468338385904243,-0.0734333727624763,889.9854968261719,853.7627813720703,41.97709474320578,16.469999313354492,15.119999885559082,53.27000045776367,1
2015-01-12,865.9722900390625,0.02262938778057899,0.020792360941485732,-0.06414120956276981,889.5000756835938,854.5847814941407,52.079006706038136,15.960000038146973,15.029999732971191,53.27000045776367,1
2015-01-13,857.6749877929688,-0.009581487007764955,-0.00987186599222345,-0.06319351004959783,888.61728515625,855.4055462646485,54.7421845794227,16.110000610351562,13.800000190734863,52.68999862670898,1
2015-01-14,856.8281860351562,-0.000987322435496818,-0.024421917987571207,-0.07419279167784221,887.0656225585938,856.2068423461914,59.54357518378979,16.479999542236328,14.149999618530272,50.040000915527344,1
2015-01-15,888.2678833007812,0.03669311745112802,0.046273511151798896,-0.042848901149853624,886.1162292480469,857.2406680297852,66.4564108006644,17.25,17.420000076293945,47.93000030517578,1
2015-01-16,898.4561157226562,0.01146977461800791,0.06081309350614239,-0.023046596592507518,885.2791577148438,858.3322839355469,68.67287347637736,16.15999984741211,18.13999938964844,48.650001525878906,1
2015-01-19,911.4949951171876,0.014512538972528244,0.06940194359327378,-0.008381714833915366,884.8394592285156,859.450659790039,70.3277574117831,17.270000457763672,16.469999313354492,48.790000915527344,1
2015-01-20,919.792236328125,0.009102892780964433,0.08618553080853308,0.017324290886393756,884.95404296875,860.5599285888671,72.64179673873943,17.649999618530273,15.960000038146973,48.36000061035156,1
2015-01-21,933.9032592773438,0.015341533002660501,0.07844473780473615,0.060881164458142845,885.1499035644531,861.6633026123047,74.09403502597114,17.270000457763672,16.110000610351562,46.06999969482422,1
2015-01-22,938.8423461914062,0.005288649402384937,0.09463649931928542,0.07705769438407484,885.7120959472657,862.7695700073242,72.05554010715014,17.709999084472656,16.479999542236328,45.88999938964844,1
2015-01-23,965.9354858398438,0.028858028995332408,0.1273385978460455,0.11260632176655538,886.7834106445313,863.9985845947266,74.39514498922748,18.56999969482422,17.25,48.47999954223633,1
2015-01-27,983.2642211914062,0.017939847542194576,0.10694559566605166,0.1529171310716222,888.1420361328124,865.3596655273437,90.03706583042893,17.889999389648438,16.15999984741211,46.25,1
2015-01-28,958.6259765625,-0.025057603132403683,0.06697028356409729,0.1313282301765264,889.0733715820312,866.5775689697266,79.34151056921208,18.09000015258789,17.270000457763672,48.68999862670898,0
2015-01-29,973.047607421875,0.01504406432954064,0.06752929268336105,0.16216677048528427,889.9685791015625,867.8077621459961,80.27748017309824,19.770000457763672,17.649999618530273,48.68999862670898,0
2015-01-30,959.8676147460938,-0.013545064573666776,0.04357003335661158,0.15801795912332284,890.4421459960937,869.0009869384766,77.31099201876854,19.43000030517578,17.270000457763672,46.38999938964844,1
2015-02-02,979.3692626953124,0.02031701835713795,0.04868384703266848,0.15181876044926845,891.4598364257813,870.3280578613281,77.34807719596154,20.170000076293945,17.709999084472656,47.77999877929688,0
2015-02-03,972.2573852539062,-0.007261691490943467,0.03559174679119925,0.12204023772837336,892.0942724609375,871.5993032836914,77.79288172689958,20.40999984741211,18.56999969482422,46.310001373291016,0
2015-02-04,953.0097045898438,-0.019796898389242812,-0.013381619621067653,0.10772856884316684,892.3036804199219,872.7360174560547,71.41773331419677,19.809999465942383,17.889999389648438,45.59000015258789,0
2015-02-05,949.6229248046876,-0.003553772609916628,-0.034213892524184386,0.12324731548270784,892.818447265625,873.8105139160157,65.6132259069576,20.049999237060547,18.09000015258789,46.22999954223633,0
2015-02-06,950.272216796875,0.0006837366445433535,-0.00871430565190856,0.1391886951989072,893.4116760253906,874.932282409668,63.85862991121848,20.6200008392334,19.770000457763672,44.45000076293945,0
2015-02-09,887.5623779296875,-0.0659914472492591,-0.08785308019890592,0.05519395140504613,892.8844860839844,875.7423184204101,44.94273509564783,20.690000534057617,19.43000030517578,44.52999877929688,1
2015-02-10,887.1390991210938,-0.0004769003499011104,-0.07576931913078278,0.05461986589861789,892.1207946777344,876.6563156127929,42.862460385840635,22.020000457763672,20.170000076293945,48.2400016784668,1
2015-02-11,910.28125,0.026086270914937204,-0.07054337452369697,0.07638909788938486,892.0158081054688,877.6607266235352,45.03266311213012,21.190000534057617,20.40999984741211,49.56999969482422,1
2015-02-12,931.36328125,0.023159909368670295,-0.042060985726764866,0.10397076847424569,892.1332116699218,878.6207247924805,48.52725793327909,20.5,19.809999465942383,53.04999923706055,1
2015-02-13,938.1929931640624,0.007333026813013399,-0.015547282839221688,0.10592481021246325,892.3364099121094,879.5477853393554,44.0633106845596,20.15999984741211,20.049999237060547,48.45000076293945,1
2015-02-16,930.460205078125,-0.008242214706654871,-0.02017929351326886,0.07415377588798289,892.5525952148438,880.3528848266601,38.2163849184502,20.100000381469727,20.6200008392334,50.47999954223633,1
2015-02-18,938.8703002929688,0.009038640415725885,-0.011998579251679242,0.06899061182455757,892.9460119628907,881.200034790039,45.24712729587992,20.82999992370605,20.690000534057617,51.68999862670898,1
2015-02-19,958.7389526367188,0.021162297217784065,0.08019332102951071,0.12928001688602264,894.0382141113281,882.2204620361329,46.645504650272954,20.90999984741211,22.020000457763672,52.86000061035156,1
2015-02-20,946.9137573242188,-0.012334113764730703,0.06737912719926897,0.11802735226826244,895.3703088378907,883.2415811157226,46.94370634143924,20.399999618530277,21.190000534057617,50.02000045776367,1
2015-02-23,952.2195434570312,0.0056032411523996295,0.04607179754282664,0.1171815928287454,896.9812353515625,884.3090744018555,43.13448035192772,21.270000457763672,20.5,48.84000015258789,1
2015-02-24,971.4671020507812,0.020213362271343183,0.04305926764361723,0.14720854148156493,899.0471044921875,885.5491149902343,49.81171256063938,21.6299991607666,20.15999984741211,51.209999084472656,1
2015-02-25,958.3719482421876,-0.013479770731247176,0.021508319956719646,0.10670047906377822,901.1575634765625,886.8090737915039,51.316157297088886,21.549999237060547,20.100000381469727,52.77999877929688,1
2015-02-26,947.1678466796876,-0.011690765347473042,0.017956320442699347,0.10434355689561192,903.1540087890625,887.9559896850586,49.41967361834884,20.780000686645508,20.82999992370605,52.77999877929688,1
2015-02-27,992.8313598632812,0.04821058204590445,0.057474455793813384,0.15872864133643794,906.2652319335938,889.286360168457,58.29484036849515,20.57999992370605,20.90999984741211,52.13999938964844,0
2015-03-02,1042.0225830078125,0.049546403481156354,0.08686789051602384,0.17309496672972413,910.5279162597657,890.8749856567383,81.77915743684801,19.56999969482422,20.399999618530277,51.15999984741211,0
2015-03-03,1045.155517578125,0.003006589896803691,0.10374942754186711,0.1632794293324764,914.4254125976563,892.4693533325195,82.15233025877696,15.850000381469728,21.270000457763672,50.34000015258789,0
2015-03-04,1037.39453125,-0.007425676081306065,0.08944889692532576,0.1381242209855753,917.8431335449219,893.9031838989258,77.59136736397244,15.489999771118164,21.6299991607666,49.45000076293945,0
2015-03-05,1030.7059326171875,-0.006447497486566811,0.06097873045968538,0.12058559738646824,921.2506958007813,895.1790444946289,73.00063760729952,15.199999809265137,21.549999237060547,49.27999877929688,0
2015-03-09,994.7223510742188,-0.03491158865419408,0.037929326811686925,0.06512354592694858,924.2366149902343,896.2133529663085,61.53141835485831,14.4399995803833,20.780000686645508,50.9900016784668,0
2015-03-10,989.1627197265624,-0.005589128807302224,0.044337308528882735,0.05359832110182339,927.3365539550781,897.2612313842774,62.08183846362566,15.8100004196167,20.57999992370605,48.16999816894531,0
2015-03-11,981.9656982421876,-0.007275872150099061,-0.010944116050675468,0.016595531106724293,930.1531335449218,898.3181283569336,58.914176706675235,15.529999732971191,19.56999969482422,49.7599983215332,0
2015-03-12,986.312255859375,0.004426384368586556,-0.05346364662043013,0.0030999141454324253,933.0555139160156,899.2589547729492,56.094844945793305,15.130000114440918,15.850000381469728,49.59000015258789,0
2015-03-13,955.1264038085938,-0.031618639903859824,-0.08613944265265916,-0.003650613314752027,935.2444323730468,899.7731344604492,51.67221104288623,14.75,15.489999771118164,50.52000045776367,0
2015-03-16,948.1556396484376,-0.007298263488853429,-0.08602213421545102,-0.025581449030422587,937.3345751953125,900.2949468994141,49.17810434321055,14.970000267028809,15.199999809265137,51.52999877929688,0
2015-03-17,968.3909301757812,0.021341739352883637,-0.06045856579400377,0.008879678091798127,939.7357250976562,901.0110162353516,49.38034178576645,15.18000030517578,14.4399995803833,50.7599983215332,0
2015-03-18,959.0210571289062,-0.009675713345615677,-0.035890712525719404,-0.02077684724391493,941.59162109375,901.6673791503906,50.13274757141218,15.130000114440918,15.8100004196167,50.0,0
2015-03-19,949.6229248046876,-0.009799714254819958,-0.03997299345531835,-0.023280317323902455,943.0185314941406,902.1835302734376,50.505817962875504,15.510000228881836,15.529999732971191,48.290000915527344,0
2015-03-20,942.8214721679688,-0.007162266684029084,-0.039863129785786544,-0.010690586226779097,944.8953112792968,902.5699374389649,37.73196407278152,15.199999809265137,15.130000114440918,48.16999816894531,0
2015-03-23,944.2326049804688,0.0014967126377118944,-0.04266361958793896,-0.005676273901377815,946.8409545898437,902.9136462402344,18.665456199647167,14.260000228881836,14.75,47.04999923706055,0
2015-03-24,943.8375244140624,-0.0004184144503404097,-0.011819251723663604,-0.0067714200931837665,948.6708874511719,903.2244921875,16.955192671829536,14.270000457763672,14.970000267028809,44.84000015258789,0
2015-03-25,921.598388671875,-0.023562461935377588,-0.028009379331867534,0.03834773936856051,950.1666650390625,903.5008712768555,15.492105690116318,13.670000076293944,15.18000030517578,43.880001068115234,0
2015-03-26,922.557861328125,0.0010410962823326209,-0.047329097598360126,0.03992469979298763,951.2983764648437,903.7936477661133,16.631877957542372,13.140000343322754,15.130000114440918,43.459999084472656,0
2015-03-27,946.9983520507812,0.026492095235600033,-0.0125364349288829,0.04033599730938242,953.08484375,903.9277072143555,34.14589242135088,15.15999984741211,15.510000228881836,44.65999984741211,0
2015-03-30,975.7850341796876,0.030397816497322427,0.027549997679743088,0.047695409325207994,955.4639807128906,904.1851553344727,46.15001689790928,14.5,15.199999809265137,43.959999084472656,0
2015-03-31,970.6488037109376,-0.005263690555643574,0.029514953110880482,0.03459395964727663,957.1115991210937,904.3573834228515,46.70399915811688,14.260000228881836,14.260000228881836,45.720001220703125,0
2015-04-01,978.8897094726562,0.008490100364016762,0.036703990425012156,0.052048979773901216,958.7202709960937,904.550690612793,47.88616351479743,14.489999771118164,14.270000457763672,47.45000076293945,0
2015-04-06,992.23876953125,0.013636939820099947,0.051281331654232876,0.05684328199712785,960.335146484375,904.785026550293,61.764247232045406,13.670000076293944,13.670000076293944,47.5099983215332,0
2015-04-07,998.8994140625,0.006712743682043998,0.08387712732660524,0.04188883878696292,961.9172900390626,904.881879272461,66.11695437549528,14.56999969482422,13.140000343322754,49.209999084472656,0
2015-04-08,1004.4024658203124,0.005509115012322985,0.08871487407235668,0.0607116625473314,963.3272741699219,905.0431433105468,62.61868251024975,14.25,15.15999984741211,51.43000030517578,0
2015-04-09,999.52001953125,-0.004861045701510469,0.05546120261638254,0.04967391858236225,964.5408276367187,905.2400924682618,64.65188644956376,14.350000381469728,14.5,48.869998931884766,0
2015-04-10,995.681884765625,-0.0038399778800077833,0.020390608473170646,0.024925993544944625,965.1357556152344,905.4040133666992,67.36188121135373,14.420000076293944,14.260000228881836,48.68000030517578,0
2015-04-13,1017.9776611328124,0.02239246963143815,0.048760022410710535,0.062194759560681545,965.8300244140624,905.7813012695312,75.36690952195156,14.260000228881836,14.489999771118164,47.59999847412109,0
2015-04-15,1009.0310668945312,-0.008788595840428681,0.03079137223550199,0.06531389386971509,966.8381262207031,906.2129455566406,70.8122693151852,14.489999771118164,13.670000076293944,50.09000015258789,0
2015-04-16,990.2068481445312,-0.01865573753634242,-0.0020478149505069876,-0.0026434617447130826,967.1813110351562,906.45529296875,63.31664739118416,14.619999885559082,14.56999969482422,52.13999938964844,0
2015-04-17,981.9940795898438,-0.008293992886513335,-0.01692396074586,-0.05760767990718174,967.6238403320312,906.6934729003906,68.86463646336043,14.949999809265137,14.25,53.97999954223633,0
2015-04-20,958.6824951171876,-0.023739027512663657,-0.04551957234173509,-0.08273699081770725,967.2101049804687,906.8560437011719,59.901034156264394,15.039999961853027,14.350000381469728,50.41999816894531,0
2015-04-21,953.2073974609376,-0.005711064595563253,-0.04633486189904612,-0.081152475025699,966.8291052246094,907.0156982421875,51.89921816337287,16.299999237060547,14.420000076293944,50.790000915527344,0
2015-04-22,985.2960205078124,0.033663841816953255,-0.010430906112404936,-0.04405709783203582,967.4748315429688,907.3100787353516,52.851611108671094,17.030000686645508,14.260000228881836,51.63999938964844,0
2015-04-23,973.1605224609376,-0.01231660109681576,-0.04402566027038546,-0.021676228135415032,967.9455834960937,907.5066064453125,50.72273684595055,17.209999084472656,14.489999771118164,51.90999984741211,0
2015-04-24,947.4782104492188,-0.02639062253241964,-0.061001943810067294,-0.04214120533057153,967.8897033691406,907.6317446899415,41.78594548628088,18.5,14.619999885559082,56.38999938964844,1
2015-04-27,941.3257446289062,-0.006493516951060485,-0.04936453793186679,-0.041386327125306654,968.964970703125,907.6604330444336,36.165631829831824,19.11000061035156,14.949999809265137,56.709999084472656,0
2015-04-28,940.0558471679688,-0.0013490520876363599,-0.042707215138600096,-0.04689834118618241,970.0233056640625,907.7002420043946,33.5281404141828,18.739999771118164,15.039999961853027,55.7400016784668,1
2015-04-29,934.2985229492188,-0.006124449133628196,-0.025434877858063087,-0.021806413032163352,970.5036511230469,907.6151089477539,30.40396144064914,17.40999984741211,16.299999237060547,56.380001068115234,1
2015-04-30,920.780029296875,-0.014469137347740912,-0.03401921580805978,-0.028872485915617307,970.2919860839844,907.3934808349609,29.003653474576637,17.239999771118164,17.030000686645508,55.2599983215332,1
2015-05-04,919.6509399414062,-0.0012262313685614812,-0.0666247292185076,-0.050330903270157434,969.9211450195312,907.0890585327148,29.428828384293396,17.229999542236328,17.209999084472656,56.15999984741211,1
2015-05-05,927.0452270507812,0.008040319199636992,-0.04738714153091572,-0.033342156400458456,969.8528454589843,906.8260806274415,23.239149982414887,17.309999465942383,18.5,57.7400016784668,1
2015-05-06,883.15966796875,-0.04733917806970955,-0.06788392785304687,-0.06998910314808093,968.7386328125,906.370648803711,19.27526174348253,17.360000610351562,19.11000061035156,57.150001525878906,1
2015-05-07,885.5585327148438,0.0027162299560294922,-0.05924326645931399,-0.06073571841915293,967.2750244140625,905.9086224365234,22.228841506475604,19.670000076293945,18.739999771118164,56.9900016784668,1
2015-05-08,903.8182983398438,0.020619490356014403,-0.03854829363308043,-0.0428012191354703,966.413115234375,905.7525692749024,30.30428564838303,19.649999618530277,17.40999984741211,57.060001373291016,1
2015-05-11,911.7489624023438,0.008774622152557976,-0.024135284379659283,-0.03399797230104762,965.6037036132813,905.6945895385742,37.182089707485964,19.11000061035156,17.239999771118164,58.58000183105469,1
2015-05-12,880.1963500976562,-0.03460668846998227,-0.0440753251677376,-0.044924165540136896,963.7782885742188,905.4701809692383,32.54622457141535,18.6299991607666,17.229999542236328,59.630001068115234,1
2015-05-13,897.2990112304688,0.019430506762400324,-0.024304796244063676,-0.027379150031081267,962.5568298339844,905.556021118164,27.340155969009913,20.549999237060547,17.309999465942383,58.93000030517578,1
2015-05-14,890.0458374023438,-0.008083340934677663,-0.03991109448472552,-0.06014003564536674,961.4143896484375,905.5410260009766,28.0453464229781,20.690000534057617,17.360000610351562,60.400001525878906,1
2015-05-15,898.5690307617188,0.00957612855563772,0.017447991967760368,-0.07913218661206667,959.5291430664063,905.4674597167968,35.79279228805885,20.700000762939453,19.670000076293945,60.93000030517578,1
2015-05-18,910.0836791992188,0.012814428322484028,0.027694551605966344,-0.062396537532595886,956.8903649902344,905.3804675292969,41.19893397524072,19.81999969482422,19.649999618530277,58.93999862670898,1
2015-05-19,914.7968139648438,0.005178792756477257,0.012146817170183066,-0.06547509375937799,954.2831909179688,905.2893685913086,43.019800878015005,17.899999618530273,19.11000061035156,59.38999938964844,1
2015-05-20,910.1966552734376,-0.005028612497532059,-0.0017025597976180196,-0.08268384261640016,951.7392333984375,905.1262130737305,43.296706281372515,18.270000457763672,18.6299991607666,59.25,1
2015-05-21,924.7310791015624,0.01596844346099946,0.050596357277515436,-0.07425005352570668,949.619736328125,905.0811520385743,51.09270450018565,17.719999313354492,20.549999237060547,60.75,1
2015-05-22,933.282470703125,0.009247436140970677,0.04010197160845186,-0.07080826415445174,948.3909387207032,905.1216146850586,53.62127465417434,17.40999984741211,20.690000534057617,60.5,1
2015-05-25,920.1874389648438,-0.014031155785467209,0.03386522389731095,-0.07937067694112943,947.0114331054688,905.1005154418946,48.23175667934486,16.950000762939453,20.700000762939453,59.880001068115234,1
2015-05-26,913.4987182617188,-0.007268867645758625,0.016614958883397257,-0.08253958193007749,945.6420935058594,905.0182995605469,59.67947656926988,16.93000030517578,19.81999969482422,59.68999862670898,1
2015-05-27,923.09423828125,0.010504141743942874,0.014296003081254227,-0.09320776523325225,944.3777331542968,904.9992959594726,61.44974000078197,17.06999969482422,17.899999618530273,59.43000030517578,1
2015-05-28,918.2117309570312,-0.0052892837174562946,0.0037329786681119526,-0.09000648138318701,943.6394396972656,905.0031188964844,54.78066924747367,17.280000686645508,18.270000457763672,57.2599983215332,1
2015-05-29,933.846923828125,0.01702787314075982,0.025983690906425494,-0.05691732431664609,943.3532653808594,905.4121588134766,56.982314958133465,17.1299991607666,17.719999313354492,58.97999954223633,1
2015-06-01,962.68994140625,0.03088623717888228,0.04104854174639305,-0.01965810037434912,943.2392456054688,906.0246719360351,76.51968076903007,16.65999984741211,17.40999984741211,60.720001220703125,1
2015-06-02,944.627685546875,-0.018762277533502125,0.012156249795630014,-0.014660546783629935,942.9513781738282,906.6424703979492,65.1217193954222,16.90999984741211,16.950000762939453,59.720001220703125,1
2015-06-03,933.3953857421876,-0.011890716285945624,0.014353539526905434,-0.02078457612847251,942.6268273925781,907.133528137207,63.50693090772172,16.81999969482422,16.93000030517578,59.720001220703125,1
2015-06-04,938.3624267578124,0.0053214758627451175,0.02721810988788942,-0.04763400315552968,942.537646484375,907.660322265625,62.67989315807961,17.510000228881836,17.06999969482422,58.02999877929688,1
2015-06-05,950.3005981445312,0.012722345914858435,0.029473003659884256,-0.02349039422458077,942.6590063476563,908.2656750488281,62.78035099152783,18.1200008392334,17.280000686645508,57.5099983215332,1
2015-06-08,947.5626831054688,-0.0028811041941974036,0.031965342152452836,8.91552495017045e-05,942.7335095214844,908.8612518310547,60.54489569346114,18.09000015258789,17.1299991607666,57.68000030517578,1
2015-06-09,940.8743286132812,-0.007058482368963337,0.007525221324656384,-0.00047955345766403923,943.1190283203125,909.5326803588868,59.74192257909957,18.88999938964844,16.65999984741211,60.29999923706055,1
2015-06-10,962.9722290039062,0.023486558957554138,0.000293227949638597,0.02437768128880413,943.9273156738282,910.2588336181641,61.58715140602702,18.010000228881836,16.90999984741211,60.20000076293945,1
2015-06-11,946.0953979492188,-0.0175257713009489,0.0015537469680386717,0.012626451514406556,943.9092565917969,910.8269479370117,53.695878366839615,17.079999923706055,16.81999969482422,61.2599983215332,1
2015-06-12,935.5401611328124,-0.011156630546228397,0.002297820862826816,0.01603003037240991,943.1043591308594,911.4022589111328,54.49433123106283,17.809999465942383,17.510000228881836,59.63999938964844,1
2015-06-15,941.720947265625,0.006606649708472689,0.0035791293556124426,0.023998243644077544,942.5258020019531,911.9223959350586,58.286372331125875,17.479999542236328,18.1200008392334,58.0,1
2015-06-16,946.80078125,0.005394203027048183,-0.0036828524588584655,0.021310237756217543,941.8840234375,912.3779025268555,57.15011545983648,17.520000457763672,18.09000015258789,59.130001068115234,1
2015-06-17,965.6817626953124,0.01994187353794219,0.019121774118902257,0.09343960975523435,941.3528833007813,912.8808242797852,63.20256314236852,17.170000076293945,18.88999938964844,58.13999938964844,1
2015-06-18,969.2374877929688,0.0036820878627052966,0.03014553412408527,0.09449285618827674,940.7596447753906,913.4431527709961,60.551978007939475,16.729999542236328,18.010000228881836,60.13999938964844,1
2015-06-19,968.6450805664062,-0.0006112095683705743,0.005890981475517698,0.07172545891761417,940.0444970703124,913.9586334228516,52.135289027473874,16.020000457763672,17.079999923706055,61.43000030517578,1
2015-06-22,977.9019775390624,0.009556541563441545,0.033618786920207366,0.07255617265789227,939.6121362304688,914.5019128417969,62.73507156566116,15.09000015258789,17.809999465942383,60.77000045776367,1
2015-06-23,997.1211547851562,0.019653480295090286,0.06582399795405647,0.13283945641734074,939.6409216308593,915.1767074584961,72.98457382194705,15.489999771118164,17.479999542236328,59.959999084472656,1
2015-06-24,989.6139526367188,-0.007528876618864921,0.05085689716274833,0.10288091288505741,939.0736474609375,915.8739376831055,68.15274589722713,15.039999961853027,17.520000457763672,59.52000045776367,1
2015-06-25,1021.5052490234376,0.03222599711912699,0.07890199211159299,0.147699597140712,939.3231311035156,916.7378213500976,72.09670130187942,15.920000076293944,17.170000076293945,59.970001220703125,1
2015-06-26,1005.10791015625,-0.016052133733882923,0.040827267308948034,0.11856504703285631,939.62115234375,917.4552301025391,66.46219175546818,15.93000030517578,16.729999542236328,59.91999816894531,1
2015-06-29,1010.6678466796876,0.00553168119289138,0.04274531207109944,0.1105218891179025,940.1946276855468,918.0569290161133,70.09585228253275,15.760000228881836,16.020000457763672,60.45000076293945,1
2015-06-30,1006.2935180664062,-0.00432815650329843,0.03886711268691467,0.10001860818142161,941.1468481445313,918.6311114501954,63.89144189352738,17.299999237060547,15.09000015258789,59.61000061035156,1
2015-07-01,1022.6060180664062,0.01621047905718842,0.04571423471281211,0.12350008335198615,942.5348205566406,919.2336575317382,74.6230766873647,16.93000030517578,15.489999771118164,59.68000030517578,0
2015-07-02,1016.1993408203124,-0.006265049425592029,0.019133267751466843,0.09891336388046734,943.1528869628906,919.8274542236328,76.67034778495153,15.850000381469728,15.039999961853027,61.0099983215332,0
2015-07-03,1020.122314453125,0.003860437096569802,0.030828548582121362,0.0930477604326756,944.0921228027344,920.3769418334961,76.31672974075963,15.5600004196167,15.920000076293944,60.27000045776367,0
2015-07-06,1025.0611572265625,0.004841422154445496,0.0034810474116744317,0.11396995201292404,945.6437817382813,920.9037097167969,76.29429178666598,16.309999465942383,15.93000030517578,59.70000076293945,0
2015-07-07,1022.408447265625,-0.0025878553120818326,0.017212616610176257,0.11922264019280582,947.2654357910156,921.4853717041016,71.39208644022379,16.020000457763672,15.760000228881836,59.630001068115234,0
2015-07-08,1019.642578125,-0.0027052487174007434,0.008880000956591916,0.10459207287819017,948.8571704101563,922.1100723266602,69.12207711376537,16.309999465942383,17.299999237060547,58.33000183105469,1
2015-07-09,1043.603271484375,0.02349911025041318,0.0370764123470253,0.13656059523074382,951.0432653808593,922.8262118530273,74.1541242845403,17.790000915527344,16.93000030517578,59.470001220703125,0
2015-07-10,1059.12548828125,0.014873675869947034,0.03571216047006698,0.13415321211271936,953.8101745605469,923.6663882446289,75.1572272352279,17.440000534057617,15.850000381469728,56.959999084472656,0
2015-07-13,1048.5703125,-0.009965935007738236,0.03185494260757604,0.08920875496870795,956.3885620117187,924.5050122070312,66.83901017480586,17.06999969482422,15.5600004196167,56.93000030517578,0
2015-07-14,1048.485595703125,-8.079267156912984e-05,0.027803804355760242,0.10994586729280886,958.8173693847656,925.4699307250977,70.25234143676421,16.270000457763672,16.309999465942383,56.93000030517578,0
2015-07-15,1055.17431640625,0.006379411153130343,0.029376939090310028,0.13046875153258886,962.2576623535156,926.4584155273437,64.01211531290599,16.010000228881836,16.020000457763672,52.52999877929688,0
2015-07-16,1054.412353515625,-0.0007221203916525365,0.031302466578394084,0.12367281920993256,965.6347387695313,927.2877267456055,73.58898944545406,15.56999969482422,16.309999465942383,52.33000183105469,0
2015-07-17,1056.4163818359375,0.0019006115715836103,0.03606538653825164,0.11166549184394725,968.6867004394531,928.2448858642579,72.65868918033249,14.779999732971191,17.790000915527344,51.650001525878906,0
2015-07-20,1053.989013671875,-0.0022977380943715042,0.009951810684464268,0.11231587362390938,971.5315014648437,929.1877914428711,74.08755006661158,14.800000190734863,17.440000534057617,52.77999877929688,0
2015-07-21,1041.373779296875,-0.01196903782806158,-0.016760723050091575,0.10681495671341779,974.7550500488281,930.1733135986328,59.845931477996,14.960000038146973,17.06999969482422,52.7400016784668,0
2015-07-22,1046.73583984375,0.005149025886262759,-0.0017494989457371712,0.08698445117829445,977.7437866210937,931.2752517700195,66.19757342343104,15.100000381469728,16.270000457763672,52.20000076293945,0
2015-07-23,1033.52783203125,-0.012618281814513632,-0.014266065011455109,0.0924139724932096,980.6134265136719,932.3588452148438,56.473117975342525,15.130000114440918,16.010000228881836,53.040000915527344,0
2015-07-24,1017.3283081054688,-0.015674008404730988,-0.035867067376771034,0.08742344836764881,982.9886120605469,933.2798788452149,46.63227750490559,15.520000457763672,15.56999969482422,51.40999984741211,0
2015-07-27,984.0259399414062,-0.03273512385208288,-0.0667541624863709,0.0449230664334459,984.4674572753906,934.0552850341796,36.80632162951817,15.460000038146973,14.779999732971191,50.90999984741211,0
2015-07-28,992.8313598632812,0.008948361587296505,-0.06018935626703592,0.048616963066411945,986.0281481933594,934.9039282226563,41.15126695365079,16.3700008392334,14.800000190734863,50.88999938964844,0
2015-07-29,1010.5265502929688,0.017822956793109634,-0.04123616357962989,0.04643847417444258,988.03474609375,935.8732208251953,38.61245372415245,15.920000076293944,14.960000038146973,50.150001525878906,0
2015-07-30,1001.1851806640624,-0.009244061550088056,-0.03859190564597037,0.03296167685779583,989.563828125,936.8862591552735,29.16582902220773,15.880000114440918,15.100000381469728,50.36000061035156,0
2015-07-31,1011.0628662109376,0.009865992563257375,-0.034080206557308146,0.043790844031054155,991.1194360351562,937.8571044921875,36.44704236311018,15.329999923706056,15.130000114440918,49.18999862670898,0
2015-08-03,1004.3744506835938,-0.006615232099670854,-0.028207640320976668,0.027070681676246044,992.8031762695313,938.6826065063476,34.78688456954447,14.56999969482422,15.520000457763672,48.45000076293945,0
2015-08-04,1001.749755859375,-0.002613263233082419,-0.015313200391626869,0.004641964571713508,994.5681970214844,939.5661056518554,31.0434681668316,15.390000343322754,15.460000038146973,48.13999938964844,0
2015-08-05,1004.4873046875,0.00273276715278703,0.020793521710730678,0.01502944861595057,996.1960583496094,940.5081652832031,32.53011842336829,14.829999923706056,16.3700008392334,47.38999938964844,0
2015-08-06,1033.3585205078125,0.028742240629207716,0.040819782979167885,0.011603730373100474,998.498994140625,941.6112326049805,43.2085324619852,14.670000076293944,15.920000076293944,47.97999954223633,0
2015-08-07,1034.882568359375,0.0014748490686595783,0.024102303951682336,0.029623344819260655,1000.51970703125,942.7219201660156,44.34227705636469,14.729999542236328,15.880000114440918,48.790000915527344,0
2015-08-10,1027.7142333984375,-0.006926713407011564,0.0264976482340451,0.016866457931507206,1001.8201928710937,943.8424856567383,45.82036289584581,14.90999984741211,15.329999923706056,48.52000045776367,0
2015-08-11,1016.65087890625,-0.010765010479229509,0.0055268696755268465,0.010292584274760541,1003.2606567382812,944.8253256225586,41.10476523215476,15.470000267028809,14.56999969482422,47.119998931884766,0
2015-08-12,994.8353881835938,-0.02145819295029394,-0.009497516084272739,-0.027156724478624272,1004.4894567871094,945.5795663452149,39.11388522834095,15.890000343322754,15.390000343322754,45.16999816894531,0
2015-08-13,993.5087890625,-0.0013334860589507835,-0.008226572303783874,-0.022328839280190582,1005.5923840332031,946.2799017333984,42.686297858432496,17.450000762939453,14.829999923706056,45.7400016784668,0
2015-08-14,1015.7195434570312,0.0223558710693339,0.011182061452758463,-0.004315924604054944,1006.9007629394531,946.9734640502929,60.44269457026857,17.020000457763672,14.670000076293944,45.150001525878906,0
2015-08-17,1004.9104614257812,-0.010641797827834365,-0.02752970872882654,-0.01965804250675307,1008.0477185058594,947.5745977783204,53.92806643002149,16.020000457763672,14.729999542236328,44.65999984741211,0
2015-08-18,1016.0867309570312,0.01112165706325019,-0.0181622900771643,-0.006183161265442272,1009.5519665527344,948.2057891845703,51.88820111628091,16.459999084472656,14.90999984741211,43.869998931884766,0
2015-08-19,1024.2991943359375,0.008082443288252694,-0.0033229461571308017,0.004566910318221984,1010.778505859375,948.8760684204102,57.910017545325445,16.360000610351562,15.470000267028809,44.959999084472656,0
2015-08-20,1005.7571411132812,-0.018102184718281733,-0.010715318325095646,-0.03626486367493187,1011.9717407226562,949.3957815551757,48.28593591578369,16.68000030517578,15.890000343322754,43.08000183105469,0
2015-08-21,982.1351318359376,-0.023486792498630615,-0.012766188756960783,-0.07269238376110887,1012.9036401367188,949.6344006347656,43.52393380200536,16.979999542236328,17.450000762939453,43.29999923706055,0
2015-08-24,920.9209594726562,-0.062327647570097344,-0.07306209103428207,-0.12173656978996694,1012.4876403808594,949.5603176879882,32.450908755522946,17.110000610351562,17.020000457763672,42.22999954223633,0
2015-08-25,917.0263061523438,-0.004229085330561544,-0.09716583474290763,-0.1253801579053867,1011.8921508789062,949.4439007568359,31.10589556932399,28.1299991607666,16.020000457763672,42.5,0
2015-08-26,898.7103271484375,-0.019973231826638016,-0.10568119086616479,-0.14828259826367185,1010.5527221679688,949.2700527954102,19.522163779983572,26.850000381469727,16.459999084472656,41.869998931884766,0
2015-08-27,914.4298706054688,0.0174912237927749,-0.10004742435305103,-0.1327587660021492,1009.4565698242187,949.2718869018555,24.381660486322104,25.520000457763672,16.360000610351562,42.619998931884766,0
2015-08-28,912.39794921875,-0.002222063661780127,-0.10924663978646798,-0.13632733749063886,1008.3316271972657,949.2133255004883,24.926265509988923,22.040000915527344,16.68000030517578,40.79999923706055,0
2015-08-31,904.7496948242188,-0.008382586130405212,-0.10042926086237525,-0.14159475754660666,1006.8685815429687,949.1834103393554,25.302031269912135,23.32999992370605,16.979999542236328,41.13999938964844,0
2015-09-01,888.3557739257812,-0.018119841313262497,-0.09548518820913321,-0.14693860015796634,1004.6932739257812,949.0633404541015,25.922410119046305,24.600000381469727,17.110000610351562,40.45000076293945,1
2015-09-02,871.106201171875,-0.019417415026952267,-0.05409232767305727,-0.16778792889913074,1002.3231188964844,948.8422067260742,24.181097589550518,28.71999931335449,28.1299991607666,38.2400016784668,1
2015-09-03,894.5711669921875,0.026936974835841676,-0.024486908401105123,-0.13444888539282318,999.7844372558594,948.7547665405274,24.580153336528156,26.649999618530277,26.850000381469727,39.310001373291016,1
2015-09-04,874.6416625976562,-0.02227827715657338,-0.026781337460703214,-0.14025624213046062,997.1751123046874,948.486538696289,23.6740598354274,24.1200008392334,25.520000457763672,38.59999847412109,1
2015-09-07,860.7567749023438,-0.01587494432185499,-0.05869569381803619,-0.12527023936625348,994.1768908691406,948.1093762207031,18.94939763740139,26.420000076293945,22.040000915527344,42.560001373291016,1
2015-09-08,892.1192626953125,0.03643594649200055,-0.022225703752185466,-0.10143927885379989,991.8934057617188,947.927548828125,25.815487836473608,26.350000381469727,23.32999992370605,45.220001220703125,0
2015-09-09,908.0855102539062,0.017896987797747732,0.0036870036528009464,-0.10137392234708043,989.6029956054688,947.7652984619141,31.95930750884193,24.56999969482422,24.600000381469727,49.20000076293945,0
2015-09-10,921.115234375,0.014348565167007887,0.036876509851959005,-0.07997516127431481,987.7013134765625,947.6581781005859,38.27017904652129,24.299999237060547,28.71999931335449,45.40999984741211,0
2015-09-11,914.0443115234376,-0.007676480192361779,0.04929147593462102,-0.09595699528664037,985.5797534179687,947.6089767456054,48.330607490137055,24.75,26.649999618530277,46.25,0
2015-09-14,915.7550659179688,0.0018716317939551086,0.023680507160774855,-0.08823341205594104,983.3936315917969,947.5846981811524,49.688083121924336,24.979999542236328,24.1200008392334,46.75,0
2015-09-15,888.4982299804688,-0.029764329952329804,0.01584256499016856,-0.11305370948830495,980.7154272460938,947.4575799560547,47.599633535780036,24.31999969482422,26.420000076293945,46.04999923706055,0
2015-09-16,883.1097412109375,-0.006064715255144293,0.025968969353891813,-0.12083533849571504,977.9847705078125,947.2465103149414,42.26237381756506,23.739999771118164,26.350000381469727,46.04999923706055,0
2015-09-18,878.49072265625,-0.005230401544833785,-0.015276589811419772,-0.1498684094417274,974.68251953125,947.0613110351562,41.728959717954204,22.0,24.56999969482422,45.93999862670898,0
2015-09-21,883.9935302734375,0.006263933670863198,-0.026530519106876316,-0.14580305311852493,971.1798803710938,946.8538131713867,44.88336283830283,18.290000915527344,24.299999237060547,44.150001525878906,0
2015-09-22,846.7576293945312,-0.04212236809854075,-0.0807256271588237,-0.1760767712689162,967.1436267089844,946.4474359130859,40.701088564127915,18.18000030517578,24.75,45.91999816894531,0
2015-09-23,852.6593627929688,0.006969802448260731,-0.06715751956068583,-0.1613056355095166,963.2271020507812,946.1124780273437,45.655975285169454,20.350000381469727,24.979999542236328,44.630001068115234,0
2015-09-24,833.9276123046875,-0.021968621123121923,-0.08935517438962348,-0.16174311628851223,958.80216796875,945.686118774414,35.393505532798684,20.690000534057617,24.31999969482422,44.0,0
2015-09-28,815.4522094726562,-0.02215468412296795,-0.0822129049254473,-0.1792199339855488,954.0229650878906,945.2427355957032,35.64317328270582,20.8799991607666,23.739999771118164,44.59000015258789,0
2015-09-29,824.6898803710938,0.011328279929992968,-0.06615243623033451,-0.18807323765353812,949.3884350585937,944.9646398925781,41.04994292998198,21.670000076293945,22.0,47.150001525878906,0
2015-09-30,836.0944213867188,0.013828884392873997,-0.04826038588243664,-0.16799112609450184,945.0305432128906,944.7867459106445,34.56886299822774,21.56999969482422,18.290000915527344,44.68000030517578,0
2015-10-01,849.6943359375,0.01626600322033589,-0.038800277560094854,-0.1637580631161374,941.1969543457031,944.6943493652344,33.704679389544395,19.6299991607666,18.18000030517578,46.68000030517578,0
2015-10-05,884.2216186523438,0.040634945126176936,0.04424405279300636,-0.13675455028977868,937.946669921875,944.8512124633789,40.80707177104221,19.239999771118164,20.350000381469727,45.83000183105469,0
2015-10-06,886.6165771484375,0.002708550034937973,0.03982506477644088,-0.11845858119681463,935.0084448242187,945.0475674438477,43.002667038715,19.1299991607666,20.690000534057617,44.47999954223633,0
2015-10-07,880.8572998046875,-0.006495792535566092,0.05627549298949641,-0.10312005827744719,932.2790246582031,945.2655029296875,41.27711042621506,19.309999465942383,20.8799991607666,44.90999984741211,0
2015-10-08,874.5562744140625,-0.007153287362234639,0.07248010889519585,-0.050345998298424455,930.0896313476562,945.4938424682617,46.107333805264616,19.34000015258789,21.670000076293945,44.43000030517578,0
2015-10-09,881.798095703125,0.0082805663865535,0.06924810973348405,-0.03841570324959287,927.8689660644532,945.6514294433593,49.63753302514363,19.559999465942383,21.56999969482422,45.22999954223633,0
2015-10-12,886.1318359375,0.0049146627277749655,0.059846607357803894,-0.013996157416871324,925.3810717773438,945.7495462036132,52.114919786710566,18.93000030517578,19.6299991607666,45.09000015258789,0
2015-10-13,881.4559326171875,-0.005276758074452381,0.037380026365179564,-0.0360595591288464,922.9864868164062,945.8551867675782,49.29440978947018,19.1200008392334,19.239999771118164,44.7400016784668,0
2015-10-14,878.34814453125,-0.003525744136419817,-0.006642536211731165,-0.03731902808051624,920.3321923828125,946.0197955322266,60.84148048349603,18.020000457763672,19.1299991607666,46.2599983215332,0
2015-10-15,889.8383178710938,0.01308157068627458,0.0036337474458441044,-0.016481217997008635,918.0414697265625,946.2981582641602,62.288024814088,17.719999313354492,19.309999465942383,48.52999877929688,0
2015-10-16,915.184814453125,0.028484384267326135,0.038970574071474307,0.03020078364412737,916.3101708984375,946.6683987426758,75.73124213364835,17.170000076293945,19.34000015258789,47.810001373291016,0
2015-10-19,901.4139404296876,-0.015047096286957329,0.030710048971541948,0.03479224372073175,914.2487036132812,946.9695022583007,78.05695789734133,16.270000457763672,19.559999465942383,49.43000030517578,0
2015-10-20,897.2796630859375,-0.004586435996074556,0.01755681653005592,0.0030277033216448146,911.5271264648437,947.2274981689453,74.50899011859744,16.8799991607666,18.93000030517578,49.630001068115234,0
2015-10-21,884.1074829101562,-0.014680127854987068,-0.0022844829011272605,0.010822512484011781,908.5116247558594,947.4297930908203,66.0197634769122,17.0,19.1200008392334,47.09999847412109,0
2015-10-23,861.2127075195312,-0.025895918576849808,-0.022965668899125546,0.0005296880959655415,905.1815942382813,947.494189453125,53.61870250041898,16.6200008392334,18.020000457763672,46.65999984741211,0
2015-10-26,860.1580810546875,-0.0012245830276718106,-0.020709400469298034,-0.03582613107586352,902.05173828125,947.4638485717774,40.426505276316384,16.190000534057617,17.719999313354492,46.63999938964844,0
2015-10-27,852.3458862304688,-0.009082278009455824,-0.04213398196913376,-0.06138147057081922,899.2019482421875,947.3341909790039,36.929077878803255,17.229999542236328,17.170000076293945,46.380001068115234,0
2015-10-28,851.2055053710938,-0.0013379320271238448,-0.06990862181237412,-0.0758968328770957,896.3558825683593,947.3453060913085,38.27772300472882,16.540000915527344,16.270000457763672,47.2599983215332,0
2015-10-29,838.6604614257812,-0.014737973222862744,-0.06961671679272341,-0.08247286170624935,892.8147009277344,947.3038562011719,36.476891812283256,17.040000915527344,16.8799991607666,45.88999938964844,0
2015-10-30,804.4468994140625,-0.04079548707179226,-0.10346023373872448,-0.12154796696901593,888.8054296875,947.0643862915039,25.781132352390358,17.579999923706055,17.0,45.54999923706055,0
2015-11-02,791.8448486328125,-0.015665484931856932,-0.10435680735745967,-0.1087828631350013,884.3205920410156,946.7895629882812,21.931768380827236,17.8799991607666,16.6200008392334,45.20000076293945,0
2015-11-03,783.091796875,-0.011053998485846539,-0.09071035524955906,-0.11325652936269381,879.4964440917969,946.375160522461,21.412003283827588,19.479999542236328,16.190000534057617,44.59999847412109,0
2015-11-04,780.1267700195312,-0.003786308153528095,-0.09304256135921596,-0.11196925602048524,874.9838366699219,945.9874194335938,21.42978628516687,19.559999465942383,17.229999542236328,43.97999954223633,0
2015-11-05,780.6114501953125,0.0006212838661709963,-0.08416118056532718,-0.1169489103004484,870.9533630371094,945.6063357543945,16.055256260505942,19.36000061035156,16.540000915527344,43.20000076293945,0
2015-11-06,785.3442993164062,0.006063002432144193,-0.07737403675035504,-0.07252763712567689,868.2418298339844,945.0917178344727,3.719485266123499,19.290000915527344,17.040000915527344,45.93999862670898,0
2015-11-09,774.9662475585938,-0.013214652181019138,-0.07594755779818552,-0.09111858571503118,865.4006286621094,944.4742684936523,3.8116776884157133,19.46999931335449,17.579999923706055,46.060001373291016,0
2015-11-10,768.8931884765625,-0.007836546560786917,-0.04419646711721603,-0.07798569428393476,862.8042858886719,943.7612594604492,3.758443792175001,17.040000915527344,17.8799991607666,46.59000015258789,0
2015-11-13,759.0853881835938,-0.012755738300141983,-0.0413710596283865,-0.06912339022971592,859.6973962402344,942.9577252197265,3.851793108731002,16.829999923706055,19.479999542236328,46.13999938964844,0
2015-11-16,773.8826904296875,0.01949359383863536,-0.011759932209815416,-0.06160763112376744,856.9270910644532,942.1576223754882,15.715202421476235,17.649999618530273,19.559999465942383,47.900001525878906,0
2015-11-17,770.8035888671875,-0.003978770426807721,-0.011950854028647595,-0.0780902621156615,854.2481689453125,941.3174285888672,15.469306500993,17.8799991607666,19.36000061035156,46.31999969482422,0
2015-11-18,766.640869140625,-0.00540049344176019,-0.017896971727985767,-0.09774511054641666,851.8138708496094,940.3209555053711,15.918306321682579,16.969999313354492,19.290000915527344,45.20000076293945,0
2015-11-19,774.9091186523438,0.010785036181265806,-0.013287395952508607,-0.12362568127049978,849.8899291992187,939.2791799926758,21.287474389246697,17.420000076293945,19.46999931335449,44.290000915527344,0
2015-11-20,779.4139404296875,0.005813354971455409,0.005739208494699666,-0.12091205993862453,847.5867846679688,938.3831198120117,26.26765876692896,15.84000015258789,17.040000915527344,43.869998931884766,0
2015-11-23,780.5828857421875,0.0014997747048963728,0.015203278479792859,-0.11383729701137046,845.7056091308593,937.4207962036132,36.99901442189393,15.899999618530272,16.829999923706055,44.209999084472656,0
2015-11-24,764.9871826171875,-0.01997956067172979,0.007774875561386008,-0.12528535327276036,843.7902172851562,936.4463940429688,35.83028387347737,17.079999923706055,17.649999618530273,40.7400016784668,0
2015-11-26,759.9122314453125,-0.006634034252067433,-0.01805242468547541,-0.13822423165999653,841.1460766601563,935.3491088867188,37.27701424214324,16.25,17.8799991607666,41.7400016784668,0
2015-11-27,778.3589477539062,0.024274798516545903,0.009801924894800473,-0.1216217314544098,838.5515454101562,934.3796166992188,49.170620185049856,16.690000534057617,16.969999313354492,40.66999816894531,0
2015-11-30,783.8331298828125,0.007032978993436023,0.02242544251711931,-0.11075176775373996,835.8059033203125,933.5337338256836,51.443864778277685,16.729999542236328,17.420000076293945,40.75,0
2015-12-01,778.2735595703125,-0.007092798327280714,0.004341723225324667,-0.11393498760601872,833.09048828125,932.6769869995118,46.85440614483303,16.43000030517578,15.84000015258789,40.540000915527344,0
2015-12-02,772.0865478515625,-0.007949661969970934,-0.009401156687145473,-0.132329399234288,830.2171179199219,931.7860586547852,48.669271657440895,15.640000343322754,15.899999618530272,40.38999938964844,0
2015-12-03,768.57958984375,-0.004542182502170422,-0.015377349564901888,-0.16019193314191948,827.8187451171875,931.1911447143555,49.851563637540245,15.489999771118164,17.079999923706055,41.75,0
2015-12-04,764.017822265625,-0.0059353222989597665,-0.001267158945390534,-0.15242289030782952,825.4369067382812,930.5755383300781,52.456685090867516,16.059999465942383,16.25,42.869998931884766,0
2015-12-07,764.7590942382812,0.0009702286400310456,0.0063781876279978,-0.147691488283474,823.1622741699218,929.8479275512695,44.71598055233682,16.09000015258789,16.690000534057617,42.869998931884766,0
2015-12-08,753.896240234375,-0.014204282218737041,-0.031428568516007616,-0.14727987851338364,820.5603283691406,928.9605923461914,41.0177873815169,15.869999885559082,16.729999542236328,41.709999084472656,0
2015-12-09,741.6935424804688,-0.01618617669470357,-0.05376091644486103,-0.13878007604335307,818.4590466308593,927.9780950927734,37.78955726737881,15.970000267028809,16.43000030517578,41.650001525878906,0
2015-12-10,747.5383911132812,0.007880409223013363,-0.03949147196263514,-0.13092906108993008,816.3566271972657,927.0634860229492,36.27790214771722,16.729999542236328,15.640000343322754,41.84999847412109,0
2015-12-11,733.1685180664062,-0.019222923153785376,-0.05040630469919605,-0.13982277628056472,814.3414453125,926.0349771118164,28.90212586800382,16.290000915527344,15.489999771118164,39.93999862670898,0
2015-12-14,726.6964721679688,-0.008827501098255475,-0.054494184114745936,-0.14627376399409409,812.5663305664062,924.8747647094726,26.550826043051657,17.18000030517578,16.059999465942383,41.08000183105469,0
2015-12-15,731.7144775390625,0.006905228748563141,-0.042280878515071674,-0.1275200022007752,810.7068225097656,923.7987683105468,34.052997149583675,17.799999237060547,16.09000015258789,39.970001220703125,0
2015-12-16,730.4029541015625,-0.001792397824231906,-0.04492413414310337,-0.09204329753328855,808.5929931640625,922.6896853637695,35.3274288586058,17.34000015258789,15.869999885559082,37.650001525878906,0
2015-12-17,739.1273803710938,0.011944675498010371,-0.019590043132049373,-0.06657550194680173,806.3816540527343,921.5279867553711,28.405522101440994,16.729999542236328,15.970000267028809,37.5099983215332,0
2015-12-18,734.1094360351562,-0.006789011568504089,-0.010225390961270509,-0.06254996034349025,803.3794104003906,920.4066741943359,22.492114054642116,14.220000267028809,16.729999542236328,37.15999984741211,0
2015-12-21,735.7631225585938,0.002252643056011916,-0.015752058616215092,-0.056867228719541085,800.3623413085937,919.3496505737305,25.42036483496318,14.489999771118164,16.290000915527344,36.7599983215332,0
2015-12-22,730.0037841796875,-0.007827707318190047,-0.004316516337969811,-0.06483080155045473,797.3452709960937,918.0355126953125,25.546709528599123,14.229999542236328,17.18000030517578,35.619998931884766,0
2015-12-23,736.1622314453125,0.008436185399429474,0.013025739961423533,-0.06262484863505557,794.5773901367188,916.5062109375,31.72614296330957,14.479999542236328,17.799999237060547,36.310001373291016,0
2015-12-24,738.1580810546875,0.0027111545853915064,0.008806171961085685,-0.047496476936723986,791.70458984375,914.9712237548828,34.988449546485256,13.649999618530272,17.34000015258789,37.34999847412109,0
2015-12-28,738.5287475585938,0.0005021505737317078,0.011125082957839982,-0.03949110406106082,788.7525280761719,913.4768948364258,34.70751419087797,13.75,16.729999542236328,35.52000045776367,0
2015-12-29,735.3353881835938,-0.004323947287842911,-0.0051303635722386165,-0.03128765270641176,785.8301171875,912.0000421142578,38.116143312353316,14.399999618530272,14.220000267028809,34.95000076293945,0
2015-12-30,731.8856811523438,-0.004691338247396759,-0.0030291871670016235,-0.05426792690507842,782.9008679199219,910.6858587646484,42.9276747219782,14.239999771118164,14.489999771118164,34.72999954223633,0
2015-12-31,727.295166015625,-0.006272175088179122,-0.011509079870056116,-0.056445537462409434,779.6500048828125,909.3765209960937,35.133943098723364,14.350000381469728,14.229999542236328,34.7400016784668,0
2016-01-01,735.1358642578125,0.010780627465381887,0.00703021023910444,-0.041094867428772,776.0490258789063,908.1423718261718,51.598007807348665,13.869999885559082,14.479999542236328,36.13999938964844,0
2016-01-04,716.1758422851562,-0.02579118077962106,-0.027149435690169588,-0.07579376078233724,772.3442639160156,906.7916897583008,42.89570865687389,14.260000228881836,13.649999618530272,37.5,0
2016-01-05,716.717529296875,0.0007563603513773831,-0.02904601644024274,-0.08044045388545173,768.7330212402344,905.5996453857422,39.22135462361818,16.84000015258789,13.75,38.09999847412109,0
2016-01-06,705.2845458984375,-0.015951867969036027,-0.045014092911147885,-0.09646424642292206,765.1565625,904.3852899169922,34.239792284184645,16.700000762939453,14.399999618530272,36.810001373291016,0
2016-01-07,687.9210205078125,-0.024619177453415242,-0.0644799209145952,-0.1007417690917577,761.6907287597656,902.9829403686523,21.01365904421931,16.549999237060547,14.239999771118164,37.869998931884766,0
2016-01-08,672.35400390625,-0.022629075340758087,-0.08134013108763372,-0.11522150047845847,757.9346472167969,901.5496051025391,18.771747564365384,18.959999084472656,14.350000381469728,36.59999847412109,0
2016-01-11,669.0751342773438,-0.004876701276197659,-0.0800500738334764,-0.14040284857252616,754.2692321777344,900.1468661499024,16.82278293441901,17.799999237060547,13.869999885559082,37.040000915527344,0
2016-01-12,672.3824462890625,0.0049431100369481396,-0.08536302066027668,-0.14218674784824736,750.6927709960937,898.7946710205078,20.616547419111072,18.690000534057617,14.260000228881836,37.040000915527344,0
2016-01-13,659.6093139648438,-0.01899682598008734,-0.07898413347736144,-0.1524711255396929,747.111748046875,897.3715545654297,13.429672907687433,18.709999084472656,16.84000015258789,36.7599983215332,0
2016-01-14,647.0074462890625,-0.01910504810799707,-0.09726298040484727,-0.1620013998567258,743.962958984375,895.8874041748047,10.462584572960154,18.350000381469727,16.700000762939453,35.970001220703125,0
2016-01-15,631.7537841796875,-0.02357571338145026,-0.10425687355035085,-0.17802425080254702,740.7611376953125,894.4381811523438,8.98141057535257,18.61000061035156,16.549999237060547,33.970001220703125,0
2016-01-18,617.8687133789062,-0.021978611206596166,-0.1018319037223121,-0.19129018280401744,737.4566760253906,892.9147354125977,8.29962619527808,19.420000076293945,18.959999084472656,33.27000045776367,1
2016-01-19,640.3357543945312,0.036362160001209176,-0.04762111822893711,-0.1626961232382319,734.6608557128907,891.3814224243164,21.36620237767076,20.229999542236328,17.799999237060547,33.15999984741211,1
2016-01-20,636.4296264648438,-0.006100124665662232,-0.04879199082440844,-0.15581270671016034,731.7772192382813,889.6846453857422,21.458065965769023,18.43000030517578,18.690000534057617,31.40999984741211,1
2016-01-21,628.7886352539062,-0.012006026893154997,-0.0648348440322235,-0.1522258193713958,728.6461059570313,887.975344543457,16.553122661694147,20.96999931335449,18.709999084472656,30.440000534057617,1
2016-01-22,651.3125610351562,0.03582114007540027,-0.012578283468765106,-0.12872359630228414,726.1730322265626,886.3374588012696,30.047373219561507,20.809999465942383,18.350000381469727,30.479999542236328,1
2016-01-25,635.317626953125,-0.024558000319554574,-0.018067519010770194,-0.13346302889729167,723.5015209960937,884.5528530883789,27.134404144438108,18.81999969482422,18.61000061035156,31.200000762939453,1
2016-01-27,631.6967163085938,-0.0056993706626660146,-9.033245628731201e-05,-0.13072824693363416,720.9537475585937,882.7168395996093,28.379970455126625,18.270000457763672,19.420000076293945,29.420000076293945,1
2016-01-28,612.7083129882812,-0.030059366829186418,-0.008351936712258201,-0.16264016662760117,717.7302600097656,880.7583688354492,28.111568238278636,19.059999465942383,20.229999542236328,29.420000076293945,1
2016-01-29,628.1898193359375,0.025267335238443822,-0.018968072570113348,-0.1399407466681909,714.8779846191406,878.9017178344726,37.14092159222498,17.899999618530273,18.43000030517578,28.459999084472656,1
2016-02-01,639.8225708007812,0.01851789237390178,0.005331216830341878,-0.13435412109947076,712.3416186523438,877.1224212646484,41.87779115453133,17.239999771118164,20.96999931335449,26.549999237060547,1
2016-02-02,639.7369384765625,-0.00013383761081076084,0.017411738394787157,-0.12855371818715366,709.6381750488281,875.2312176513672,40.77059422806674,17.889999389648438,20.809999465942383,29.530000686645508,1
2016-02-03,632.2670288085938,-0.011676533304075254,-0.02924177018218821,-0.14066496481924173,706.6952368164062,873.3473974609375,42.03093869186543,18.040000915527344,18.81999969482422,32.189998626708984,1
2016-02-04,647.606201171875,0.024260591908746854,0.019342410311648184,-0.11287281626958068,704.035703125,871.6343942260742,50.1717696794473,18.59000015258789,18.270000457763672,30.34000015258789,1
2016-02-05,650.0010375976562,0.003697982541624345,0.028976438877229338,-0.11704104091090817,701.7359802246094,869.9744290161133,55.65171165973317,18.209999084472656,19.059999465942383,32.29999923706055,1
2016-02-08,644.5267944335938,-0.008421899116184184,0.051930879295775334,-0.12684449174804457,699.428271484375,868.4036505126953,58.710630588659505,18.11000061035156,17.899999618530273,33.220001220703125,1
2016-02-09,635.34619140625,-0.014243943163622208,0.011392053564124094,-0.1397136624585591,696.5680163574219,866.8143444824219,48.21462033082017,20.26000022888184,17.239999771118164,33.619998931884766,1
2016-02-10,638.9956665039062,0.00574407330526161,-0.0012923962589191929,-0.13101466790230698,693.6712670898437,865.0828427124023,50.919877332185074,21.729999542236328,17.889999389648438,31.6200008392334,1
2016-02-11,622.9152221679688,-0.025165185272565838,-0.02629473975451868,-0.14888999988741758,690.5641003417969,863.3316162109375,48.014622021004605,22.46999931335449,18.040000915527344,29.8799991607666,1
2016-02-12,600.8189697265625,-0.03547232697975067,-0.04973857191523978,-0.17389940453192199,687.1387487792969,861.5983200073242,32.882260462717994,25.96999931335449,18.59000015258789,32.279998779296875,1
2016-02-15,655.418212890625,0.09087469922747449,0.012062904438860711,-0.10843934467497351,684.8755212402343,860.1687823486328,55.40067183696441,24.670000076293945,18.209999084472656,31.71999931335449,1
2016-02-16,629.5299682617188,-0.039498817884126236,-0.03149390255067386,-0.12098407808195533,682.1857641601563,858.6161529541016,49.48004881389614,22.3799991607666,18.11000061035156,30.88999938964844,1
2016-02-17,640.050537109375,0.016711783994503016,-0.0069450290707502305,-0.10696960664923738,679.6915930175782,857.1449130249024,56.83921900309766,23.040000915527344,20.26000022888184,29.690000534057617,1
2016-02-18,655.560791015625,0.024232858199444873,0.03181666921561743,-0.07050169349658886,677.7248840332031,855.818816833496,56.845425270400156,21.82999992370605,21.729999542236328,27.940000534057617,1
2016-02-19,656.04541015625,0.0007392436327289253,0.026682095898438396,-0.04633614819333831,676.0119213867188,854.5007891845703,54.29690594319507,21.489999771118164,22.46999931335449,27.450000762939453,1
2016-02-22,655.6178588867188,-0.0006517098708600511,0.052499337879291286,-0.024891864884119652,674.1735107421875,853.14365234375,54.19873763380407,20.920000076293945,25.96999931335449,26.209999084472656,1
2016-02-23,644.4412841796875,-0.017047392098210712,0.0726047555938154,-0.03681776355993682,672.3989660644531,851.9500604248046,53.15686232925645,21.020000457763672,24.670000076293945,29.440000534057617,1
2016-02-24,634.6050415039062,-0.015263210035188601,-0.03175555847757927,-0.05618440069881814,670.5571374511719,850.69529296875,46.52967689864931,23.84000015258789,22.3799991607666,29.440000534057617,1
2016-02-25,619.5223999023438,-0.023766974125858153,-0.015896889526972435,-0.06077372349632493,668.3132958984374,849.2738134765625,42.38060565519876,22.959999084472656,23.040000915527344,29.040000915527344,1
2016-02-26,633.3219604492188,0.022274514285601787,-0.01051257091439084,-0.02115197578998107,666.3716760253906,847.8816784667969,47.31082618778923,22.75,21.82999992370605,30.65999984741211,1
2016-02-29,613.5635986328125,-0.03119797362212351,-0.06406300217825489,-0.02879315645175662,663.860400390625,846.5485147094727,45.02476146078399,21.8700008392334,21.489999771118164,30.770000457763672,1
2016-03-01,640.9058227539062,0.0445629828464722,-0.023077041875406046,0.03728479671517615,661.996328125,845.2665487670898,50.39367978899085,20.15999984741211,20.920000076293945,29.63999938964844,1
2016-03-02,648.860595703125,0.0124117657646452,-0.010306710062883306,0.01331308028653555,660.2582775878906,844.0606225585938,55.53260259267251,18.670000076293945,21.020000457763672,31.479999542236328,1
2016-03-03,688.3203735351562,0.06081395309461102,0.06808857600009688,0.08153414755147148,659.424609375,843.0093792724609,67.37237579665535,18.989999771118164,23.84000015258789,31.8700008392334,1
2016-03-04,680.3941650390625,-0.011515289683182606,0.0721537342764309,0.08207134622323098,658.309248046875,841.8609317016602,56.08671930639786,18.040000915527344,22.959999084472656,32.150001525878906,1
2016-03-08,677.115234375,-0.0048191634093074365,0.09296328023286105,0.03961642210436511,657.0883911132812,840.672523803711,63.032896639457576,17.8799991607666,22.75,33.06999969482422,1
2016-03-09,691.5990600585938,0.021390488573134636,0.09201812545397714,0.08858786647457739,656.1497973632812,839.5795358276367,63.81838297443463,18.46999931335449,21.8700008392334,32.779998779296875,1
2016-03-10,676.3739624023438,-0.022014341163159035,0.10236976885442672,0.07072578492227666,654.9705688476563,838.3377502441406,55.58783691000909,17.510000228881836,20.15999984741211,33.75,1
2016-03-11,676.0888671875,-0.00042150530725804103,0.054895810249337096,0.10344327448423396,653.8546325683594,837.0517822265625,55.386958387521375,17.899999618530273,18.670000076293945,34.400001525878906,1
2016-03-14,675.2620849609375,-0.0012228898694958135,0.04068900073859938,0.07493318767050439,652.8139709472656,835.827155456543,55.26835373501138,17.100000381469727,18.989999771118164,34.65999984741211,1
2016-03-15,673.2948608398438,-0.0029132749563565152,-0.02182924299936484,0.052314956624880615,651.5771508789062,834.6261361694336,58.14029975035153,17.100000381469727,18.040000915527344,34.56999969482422,1
2016-03-16,674.6918334960938,0.002074830416063822,-0.008380923640991744,0.054639482132720296,650.747470703125,833.3841241455078,61.87493084218132,17.600000381469727,17.8799991607666,35.91999816894531,1
2016-03-17,680.4227294921875,0.008494094209496428,0.004884685721538107,0.07616354876884146,650.0215747070313,832.1951791381836,69.09870817454286,17.110000610351562,18.46999931335449,36.5,1
2016-03-18,683.8724975585938,0.005070036488905805,-0.011172025738938052,0.05600053909473557,649.5933337402344,830.945307006836,66.9534893622596,16.84000015258789,17.510000228881836,38.290000915527344,1
2016-03-21,700.323486328125,0.024055637312892175,0.035408701778994134,0.0774190283087175,649.8413830566407,829.6334747314453,79.75742284909455,16.3799991607666,17.899999618530273,37.84000015258789,1
2016-03-22,705.5409545898438,0.007450083230928772,0.043562449896362265,0.09466504834739853,650.5051220703125,828.4380410766602,76.13552003411742,16.329999923706055,17.100000381469727,38.5,1
2016-03-23,708.5348510742188,0.004243405666104039,0.04927385507688631,0.11519492940687326,651.29431640625,827.3137384033203,75.13808290888147,16.43000030517578,17.100000381469727,37.18000030517578,1
2016-03-28,687.8926391601562,-0.029133657833156135,0.0216811075939356,0.07652160291442467,651.6045202636719,826.061389465332,49.78586592909376,16.350000381469727,17.600000381469727,36.34000015258789,1
2016-03-29,680.8218994140625,-0.010278841993027199,0.00908572716258349,0.09296076767004946,652.0287719726563,824.7139959716797,50.21598405268433,17.489999771118164,17.110000610351562,38.459999084472656,1
2016-03-30,700.2664794921875,0.028560450383366964,0.029163855262168914,0.165519923265546,653.0939526367188,823.4775149536133,60.04954429843154,17.639999389648438,16.84000015258789,40.20000076293945,1
2016-03-31,693.79443359375,-0.00924226146470819,0.014508458916796974,0.058552264719456515,654.334765625,822.2421154785156,51.02421217186285,16.809999465942383,16.3799991607666,39.43999862670898,1
2016-04-01,705.8832397460938,0.017424190173630505,0.007938836161441865,0.12128615845756241,656.0950561523438,820.9566705322266,64.18204218122085,16.579999923706055,16.329999923706055,39.90999984741211,1
2016-04-04,704.7142333984375,-0.0016560902452886772,-0.0011717550710955704,0.10102904777035193,657.3826257324218,819.7497647094726,63.641340009959094,17.280000686645508,16.43000030517578,41.45000076293945,1
2016-04-05,681.5060424804688,-0.03293276879913265,-0.03814746522739321,0.03957718615942274,658.2841540527344,818.4795941162109,52.452403931670894,17.450000762939453,16.350000381469727,39.790000915527344,1
2016-04-06,691.02880859375,0.013973120588368415,0.004559097241428001,0.05332465999444769,659.5289575195312,817.2261334228516,56.57502832064355,17.829999923706055,17.489999771118164,39.38999938964844,1
2016-04-07,674.520751953125,-0.023889100476460645,-0.00925520678221492,0.02883218144561317,659.9931213378907,815.8647332763671,49.942961191225905,17.350000381469727,17.639999389648438,38.27999877929688,1
2016-04-08,679.8522338867188,0.00790410364418892,-0.02915211023705222,0.054948294866158376,660.8838134765625,814.4355856323242,49.80928810004264,16.93000030517578,16.809999465942383,38.31999969482422,1
2016-04-11,691.8841552734375,0.017697847836627867,-0.002753377986066452,0.09025946852516253,662.0875622558593,813.0488189697265,52.53289543506492,16.43000030517578,16.579999923706055,38.34000015258789,1
2016-04-12,697.0447387695312,0.007458739236562373,-0.012521193986333667,0.12513242278149672,663.7742907714844,811.6908172607422,48.883729957364004,16.010000228881836,17.280000686645508,36.790000915527344,1
2016-04-13,704.172607421875,0.010225840976759049,-0.0007685753329410572,0.11187145148480471,665.2939465332031,810.3221704101562,49.54011986955396,16.020000457763672,17.450000762939453,35.70000076293945,1
2016-04-18,714.49365234375,0.014656981559766358,0.04840398735602802,0.16449811223455435,666.7873681640625,808.9090328979493,51.90865721666717,16.040000915527344,17.829999923706055,35.88999938964844,1
2016-04-20,721.8781127929688,0.010335235904469497,0.044642573240900596,0.1263403875644833,668.4301916503906,807.5703536987305,61.8962140155432,16.950000762939453,17.350000381469727,37.75,1
2016-04-21,713.8949584960938,-0.011058867356412705,0.05837360293061078,0.10022855945273657,670.0627502441406,806.0323022460938,61.50335524877243,17.079999923706055,16.93000030517578,37.2599983215332,1
2016-04-22,721.3933715820312,0.010503524358448812,0.06110318628773426,0.04804884370487961,671.5384936523437,804.6137295532227,58.01427989955264,16.510000228881836,16.43000030517578,39.720001220703125,1
2016-04-25,721.6214599609375,0.0003161775362672259,0.04298017877826332,0.06059325173593755,672.9709020996094,803.1684976196289,61.08082778949252,16.3799991607666,16.010000228881836,40.36000061035156,1
2016-04-26,730.4600219726562,0.0122481972919668,0.0479385057293622,0.07878243597176682,674.6895666503906,801.7893301391601,60.046627072245016,16.56999969482422,16.020000457763672,42.16999816894531,1
2016-04-27,727.865478515625,-0.003551930809333692,0.033646396982828675,0.052438501657244396,676.5399523925781,800.3156274414063,59.35485971286542,16.579999923706055,16.040000915527344,41.7599983215332,1
2016-04-28,718.2286987304688,-0.013239781346422785,0.005227543134171508,0.061881057898008685,678.1246130371094,798.825774230957,66.66670360135359,16.350000381469727,16.950000762939453,39.77999877929688,1
2016-04-29,715.4059448242188,-0.003930160283541206,-0.008965735148429688,0.058153712544145364,679.9744274902343,797.3021923828124,61.7800691947629,16.600000381469727,17.079999923706055,42.630001068115234,1
2016-05-02,713.2105712890625,-0.0030687102211537365,-0.0009586665361427382,0.056198159460293384,682.2222595214844,795.742939453125,71.6980576648712,16.540000915527344,16.510000228881836,43.18000030517578,1
2016-05-03,713.5813598632812,0.0005198865372235684,-0.010829059465320645,0.059834852999153476,683.3855224609375,794.1988040161133,70.03051963115468,17.09000015258789,16.3799991607666,43.72999954223633,1
2016-05-04,710.958251953125,-0.003675975940092946,-0.014776733508437667,0.053752567700585896,685.0140881347656,792.6553823852539,62.752532878038274,17.459999084472656,16.56999969482422,42.63999938964844,1
2016-05-05,726.3828125,0.021695451884131023,-0.0055817010514079834,0.06754636642152345,686.7407336425781,791.0692800903321,67.24764631120865,17.450000762939453,16.579999923706055,44.040000915527344,1
2016-05-06,718.7418212890625,-0.010519234595652738,-0.012534812401281736,0.05098804799864198,688.0043542480469,789.3673617553711,58.513772436295255,17.170000076293945,16.350000381469727,45.33000183105469,1
2016-05-09,738.1865844726562,0.02705389140807135,0.027787647273723293,0.05406515543702772,689.647177734375,787.8154431152344,62.51127250552909,16.950000762939453,16.600000381469727,46.02999877929688,1
2016-05-10,752.727294921875,0.019697879580954814,0.052168073759614186,0.06687966166253578,691.5893664550781,786.3366516113281,65.14552115589879,16.610000610351562,16.540000915527344,45.91999816894531,1
2016-05-11,757.1179809570312,0.005833036831236482,0.06156303823232756,0.06856844064784529,693.842900390625,784.8463699340821,71.99642176017096,16.420000076293945,17.09000015258789,44.77999877929688,1
2016-05-12,750.47509765625,-0.008773907723581442,0.05170221626870619,0.0909770724869221,696.1603015136719,783.3266836547851,64.92984640721734,16.959999084472656,17.459999084472656,43.650001525878906,1
2016-05-13,733.5962524414062,-0.022490879800751262,0.03184153278492907,0.07751565141010164,698.4417785644531,781.7125830078126,55.250013513376096,16.329999923706055,17.450000762939453,43.77999877929688,1
2016-05-16,731.742919921875,-0.0025263658495573438,0.007379177108317148,0.04494923197311018,700.4101977539062,780.1013525390625,50.59914838207987,17.0,17.170000076293945,44.31999969482422,1
2016-05-17,736.2192993164062,0.006117420849127031,0.024316767870830036,0.061149043100420686,702.8633117675781,778.5755801391601,53.83406960034287,17.030000686645508,16.950000762939453,44.65999984741211,1
2016-05-18,746.9110107421875,0.014522454702978749,0.011818727748572844,0.05812260255796908,704.9834155273437,777.0764559936523,63.03778349551573,16.3700008392334,16.610000610351562,43.43999862670898,1
2016-05-19,721.963623046875,-0.03340074966966,-0.04086961118925936,0.024477140989835666,706.4454760742187,775.5186349487304,52.481684351351866,16.450000762939453,16.420000076293945,44.65999984741211,1
2016-05-20,715.6911010742188,-0.008688141302998886,-0.05471654474570409,0.050161049884938747,706.992890625,774.0104489135742,50.91062922841756,17.059999465942383,16.959999084472656,46.22999954223633,1
2016-05-23,707.7649536132812,-0.011074816284624367,-0.0569108078020889,0.0242191712000972,707.5403063964844,772.6291439819336,47.97695886579266,16.43000030517578,16.329999923706055,46.70000076293945,1
2016-05-24,708.306640625,0.0007653487347081267,-0.03447347465617834,0.0500887312570375,708.1641345214844,771.2065203857422,49.064176421829735,16.15999984741211,17.0,46.209999084472656,1
2016-05-25,736.50439453125,0.03981009394655488,0.006507032018681302,0.08333010883946135,709.0622412109375,769.8364096069336,53.2767423847236,16.219999313354492,17.030000686645508,47.720001220703125,1
2016-05-26,840.59912109375,0.14133619206542725,0.14177816565561696,0.21494200248239426,712.3467443847657,769.033479309082,74.28408232293083,15.520000457763672,16.3700008392334,48.310001373291016,1
2016-05-27,841.0269775390625,0.0005089898794514713,0.12600693448521305,0.20656097200259782,715.6455065917969,768.1832998657227,72.17509636986023,15.329999923706056,16.450000762939453,48.18999862670898,1
2016-05-30,847.9837036132812,0.008271703833538036,0.17455184242464816,0.20422705267949737,719.0999389648438,767.401346130371,71.23428090328223,15.260000228881836,17.059999465942383,48.15999984741211,1
2016-05-31,840.257080078125,-0.009111759462160585,0.17404992016379484,0.17601755777932215,722.4391833496094,766.5938827514649,68.26152647828903,15.979999542236328,16.43000030517578,47.75,1
2016-06-01,835.41015625,-0.005768382014316842,0.18034970788686921,0.15727314825735927,725.6535498046875,765.7484970092773,68.80436956439486,16.049999237060547,16.15999984741211,48.08000183105469,1
2016-06-02,842.3668823242188,0.00832731805110698,0.18926865005942317,0.17995914146636727,728.8924328613281,764.7935388183594,75.18812316682384,15.84000015258789,16.219999313354492,48.619998931884766,1
2016-06-03,832.8726196289062,-0.01127093537808177,0.13084541764206303,0.15453323032674748,731.8724353027344,763.7834890747071,72.618281544134,15.09000015258789,15.520000457763672,49.560001373291016,1
2016-06-06,837.2064208984375,0.00520343827782721,-0.004036050133978342,0.16017395178873528,734.6100939941406,762.830950012207,72.60080717314828,15.0,15.329999923706056,49.47999954223633,1
2016-06-07,848.4397583007812,0.013417643632365861,0.008813963118530888,0.16151429616847857,737.4680700683593,761.9898944091797,72.66707055808692,15.359999656677246,15.260000228881836,49.33000183105469,1
2016-06-08,861.72607421875,0.015659704519950912,0.016205937150575167,0.18390842766181748,740.53189453125,761.3243478393555,82.91697429280488,14.869999885559082,15.979999542236328,49.33000183105469,1
2016-06-09,850.4640502929688,-0.013069146057802072,0.012147437322271415,0.18411315476008872,743.7833227539063,760.6091241455078,81.0129561943328,15.140000343322754,16.049999237060547,49.09999847412109,1
2016-06-10,848.3257446289062,-0.002514281071993474,0.015460176396324687,0.18579633111288585,747.1333996582031,759.7721551513672,83.22996172191363,15.670000076293944,15.84000015258789,49.0099983215332,1
2016-06-13,836.0374145507812,-0.014485390966768819,-0.007513908614229403,0.17221680132940342,749.848818359375,758.9277899169922,78.60792180718363,15.970000267028809,15.09000015258789,49.16999816894531,1
2016-06-14,832.8441772460938,-0.0038194909092714724,-3.4149739278510616e-05,0.16713275330743316,752.6298132324218,758.0115771484375,74.29887335122974,16.579999923706055,15.0,48.619998931884766,1
2016-06-15,863.208740234375,0.036458876483576486,0.031058432767433253,0.21414828207281045,755.7763232421875,757.2061248779297,59.07950955804929,17.190000534057617,15.359999656677246,49.68999862670898,1
2016-06-16,852.0322875976562,-0.012947566580111536,0.0042342774035837305,0.17297969188616547,758.7226843261719,756.4375006103515,54.06827700140023,17.059999465942383,14.869999885559082,50.36000061035156,1
2016-06-17,844.07763671875,-0.00933609089079801,-0.02048033363270374,0.1743822492545346,761.9741162109375,755.7472131347656,48.566639386743745,17.700000762939453,15.140000343322754,51.22999954223633,1
2016-06-20,859.3595581054688,0.018104876520749213,0.010459592982720034,0.16414952016416784,765.3407312011718,755.4394061279297,56.64152870069863,17.350000381469727,15.670000076293944,50.560001373291016,0
2016-06-21,852.3743896484375,-0.008128342078874029,0.004772512263319761,0.132381402134361,768.8978039550781,755.1161465454102,55.8116952363428,17.520000457763672,15.970000267028809,49.06999969482422,0
2016-06-22,850.5211181640625,-0.0021742458559077527,0.017324228989277435,0.12336668730145006,772.311181640625,754.8752005004883,52.89474197385613,17.260000228881836,16.579999923706055,48.880001068115234,0
2016-06-23,854.5411987304688,0.00472660875850317,0.026051717808869057,0.13866696096808462,775.5643225097656,754.5757571411133,58.003377930553135,18.18000030517578,17.190000534057617,48.4900016784668,1
2016-06-24,815.765869140625,-0.045375611670273486,-0.0549610643201649,0.11200931905766764,777.9387451171875,754.0925967407227,43.68701064187684,18.020000457763672,17.059999465942383,48.0099983215332,1
2016-06-27,836.3795776367188,0.025269148018915555,-0.01837102911331101,0.142996474398434,780.5828845214844,753.7507461547851,46.63486953251878,18.6299991607666,17.700000762939453,46.209999084472656,1
2016-06-28,840.542236328125,0.004976997050990084,-0.004188477738100493,0.14170089959416243,783.1038562011719,753.5116784667969,43.7720129973134,18.530000686645508,17.350000381469727,47.97999954223633,1
2016-06-29,845.759765625,0.006207337444061878,-0.015825497432588764,0.13234341636574465,785.5814892578124,753.3849462890626,48.5659872835678,17.729999542236328,17.520000457763672,49.369998931884766,0
2016-06-30,853.3438110351562,0.008967139036877514,0.0011373187633179072,0.18197618798828463,788.3704663085938,753.1788095092774,51.48050934015988,16.15999984741211,17.260000228881836,48.84999847412109,0
2016-07-01,879.6597900390625,0.030838659240972843,0.0342597864446903,0.22910539018682008,791.5357946777344,753.2039001464843,61.88629678746398,16.290000915527344,18.18000030517578,49.130001068115234,0
2016-07-04,894.1720581054688,0.01649759171754539,0.04637676853249051,0.2633743074456316,794.986806640625,753.3709765625,65.73981826452774,15.739999771118164,18.020000457763672,50.11000061035156,0
2016-07-05,898.7337036132812,0.005101529919731007,0.10170544957961947,0.2688483378050093,798.3522802734375,753.4040487670899,60.509429472070174,15.579999923706056,18.6299991607666,47.63999938964844,0
2016-07-07,886.4168701171875,-0.013704652942885032,0.05982605723331336,0.20354593495854112,801.5233081054688,753.2957055664062,60.10389476225338,15.359999656677246,18.530000686645508,46.33000183105469,0
2016-07-08,873.9574584960938,-0.014055927906072685,0.039754364175608625,0.03968400223752244,804.6378833007813,753.0599166870118,58.553717867492864,15.3100004196167,17.729999542236328,47.84999847412109,0
2016-07-11,889.439208984375,0.01771453557353042,0.05164521313815018,0.05756323249816786,808.1185485839844,752.9368911743164,58.60108255049651,15.079999923706056,16.15999984741211,49.880001068115234,0
2016-07-12,894.114990234375,0.005256999244882765,0.04777813897749006,0.054401147598152066,811.7366369628907,752.8286907958984,62.09519841078943,14.850000381469728,16.290000915527344,48.33000183105469,0
2016-07-13,884.6493530273438,-0.010586599386450346,0.005672150807370269,0.05283177494332003,815.1579968261718,752.8094464111329,59.471506224199935,14.779999732971191,15.739999771118164,48.9900016784668,0
2016-07-14,892.0906982421875,0.008411632461357454,-0.0023276950385713313,0.06784756154583493,818.7806457519531,752.854351196289,60.22679405380407,15.329999923706056,15.579999923706056,48.9900016784668,0
2016-07-15,904.2933959960938,0.013678763580823095,0.0061861398548426205,0.07351489590973737,822.338857421875,752.9833645629883,78.19145234954846,15.609999656677246,15.359999656677246,46.59999847412109,0
2016-07-18,897.7644653320312,-0.007219925184647424,0.012801646265310218,0.07791328970814071,825.9193103027344,753.0522192382813,71.47428287386813,15.640000343322754,15.3100004196167,45.13999938964844,0
2016-07-19,896.8521118164062,-0.0010162504207466005,0.026196530617988767,0.07124370935182367,829.0926208496094,753.3026916503907,70.15728952502889,15.989999771118164,15.079999923706056,45.40999984741211,0
2016-07-20,895.7401123046875,-0.0012398917246976282,0.007084130378631759,0.05574980844678623,831.9528771972656,753.5180953979492,68.43331727587464,15.800000190734863,14.850000381469728,44.7599983215332,0
2016-07-21,888.15625,-0.008466587797630987,-0.006664400328209474,0.0306712034972505,834.573642578125,753.7892385864258,62.83923865932945,15.989999771118164,14.779999732971191,46.79999923706055,0
2016-07-22,897.536376953125,0.010561347683051281,0.014567380716077771,0.055348990523398145,837.5148681640625,754.1996594238282,57.53430295671679,15.710000038146973,15.329999923706056,44.75,0
2016-07-25,904.3220825195312,0.007560368293307196,0.013710920090798995,0.06600806146124949,840.929384765625,754.5978204345703,54.57587234290783,15.5,15.609999656677246,45.68000030517578,0
2016-07-26,908.1995849609376,0.004287744948794359,0.004319603551390605,0.08631452271658246,844.4585180664062,754.9583462524414,54.29393175403637,15.720000267028809,15.640000343322754,45.95000076293945,0
2016-07-27,913.5881958007812,0.005933289256100371,0.017625703711605212,0.09694973052663691,848.0058959960937,755.2778155517578,63.15220364961649,15.619999885559082,15.989999771118164,45.2400016784668,0
2016-07-28,899.3895874023438,-0.015541584779334983,0.0028293132752938988,0.04191436611050192,851.0554675292968,755.3536553955078,62.106512204135996,15.43000030517578,15.800000190734863,44.650001525878906,0
2016-07-29,888.8973999023438,-0.011665898345903702,-0.007639171572586867,0.043267271488772296,854.3941430664063,755.3650595092773,49.72921825612531,15.149999618530272,15.989999771118164,44.93999862670898,0
2016-08-01,851.7471923828125,-0.0417935832905042,-0.040993977824495986,0.009086315441168447,857.1152648925781,755.219508972168,34.01453755612094,14.920000076293944,15.710000038146973,44.75,0
2016-08-02,857.2498779296875,0.006460468077952752,-0.044885644813860814,-0.002454944680469029,860.1049633789063,755.1329769897461,39.34343806008237,15.18000030517578,15.5,44.18999862670898,0
2016-08-03,843.13671875,-0.01646329680882741,-0.0676588186357926,-0.010837574439851005,862.8015649414062,754.9396701049805,31.899551631035763,15.6899995803833,15.720000267028809,43.130001068115234,1
2016-08-04,837.7479858398438,-0.006391291934415344,-0.07757281580801867,-0.015018007256293542,864.8264367675781,754.6977508544921,24.089639182754695,16.239999771118164,15.619999885559082,42.91999816894531,1
2016-08-05,862.2963256835938,0.029302773935218962,-0.056143315284660544,0.009075193758529387,865.260380859375,754.6019528198242,37.88938368839968,15.140000343322754,15.43000030517578,41.91999816894531,0
2016-08-08,859.416748046875,-0.003339429324873855,-0.0444444097589789,0.05350907724569831,865.6281762695312,754.5072958374024,37.38711782930624,14.350000381469728,15.149999618530272,41.13999938964844,1
2016-08-09,855.88134765625,-0.004113720611867988,-0.03714270313955348,0.023316889294016097,865.7861291503906,754.3375109863281,36.786394141584836,14.59000015258789,14.920000076293944,41.59999847412109,1
2016-08-10,845.759765625,-0.01182591729445559,-0.00702958203015891,0.006207337444061878,865.8961828613282,753.9903857421875,36.17768208573282,14.539999961853027,15.18000030517578,40.060001373291016,1
2016-08-11,840.9129028320312,-0.00573077957827306,-0.019057424816567026,-0.00573077957827306,866.0062377929687,753.6878805541992,30.977023208089506,14.920000076293944,15.6899995803833,39.5099983215332,0
2016-08-12,850.720703125,0.011663277207351719,0.008994963932117406,-0.0030739168389517513,866.1733142089844,753.4550857543945,32.35069622107686,14.210000038146973,16.239999771118164,40.83000183105469,0
2016-08-16,858.9605712890625,0.009685750133733073,0.025320962637651823,-0.023530936601161234,866.6950732421875,753.329351196289,34.239846464254924,13.770000457763672,15.140000343322754,41.93000030517578,0
2016-08-17,856.7650756835938,-0.002555991134929436,-0.006414558238567292,-0.041834210857730425,867.0862463378907,753.3071130371094,31.432841607474487,14.18000030517578,14.350000381469728,41.79999923706055,0
2016-08-18,855.5240478515625,-0.001448504225083025,-0.004529467460529624,-0.04807837470431797,867.2279321289062,753.2839428710937,34.34077438860446,14.779999732971191,14.59000015258789,43.02000045776367,0
2016-08-19,862.59521484375,0.008265304768398929,0.007844390120061995,-0.026874099621195358,867.2453149414063,753.3351895141601,40.37550569717533,14.550000190734863,14.539999961853027,42.77000045776367,0
2016-08-22,861.6138916015625,-0.0011376404891896286,0.018745424671326782,-0.014123761716928529,867.4683117675781,753.3872314453125,54.910123621784166,14.539999961853027,14.920000076293944,41.709999084472656,0
2016-08-23,852.666748046875,-0.010384168177762998,0.013977482299604382,-0.04134342242398936,867.5551318359375,753.457262878418,47.794822458098984,14.239999771118164,14.210000038146973,43.4900016784668,0
2016-08-24,850.5597534179688,-0.0024710646143203396,-0.00018919218309843,-0.0487132385566974,867.8455786132813,753.6878271484375,54.038150576907114,13.899999618530272,13.770000457763672,44.4900016784668,0
2016-08-25,839.6788330078125,-0.012792658442198013,-0.022447757121509593,-0.05083428803247114,867.9822717285156,753.9269970703125,50.991158993369716,13.489999771118164,14.18000030517578,46.58000183105469,0
2016-08-26,823.833740234375,-0.018870420630562768,-0.03843683220040639,-0.07651347350926185,867.1947717285157,754.1307067871094,28.318785630975768,13.289999961853027,14.779999732971191,46.790000915527344,1
2016-08-29,842.4784545898438,0.02263164695119735,-0.015248657585347325,-0.06835717443027423,867.0036950683593,754.4424652099609,41.892868556832035,13.56999969482422,14.550000190734863,48.220001220703125,1
2016-08-30,851.8008422851562,0.01106543157812978,-0.012513833108324213,-0.05119786405209936,867.1581591796875,754.7984121704102,48.14947062487025,13.170000076293944,14.539999961853027,48.52000045776367,0
2016-08-31,873.3319091796875,0.025277113881185143,0.013600079678780075,-0.026225285447656455,867.4376062011719,755.2383502197266,61.331465082164925,13.020000457763672,14.239999771118164,47.04999923706055,0
2016-09-01,869.9550170898438,-0.00386667663731155,0.020275528607828885,-0.028786357628330594,867.78921875,755.7132940673828,62.08156106161615,13.239999771118164,13.899999618530272,48.09999847412109,0
2016-09-02,868.7716064453125,-0.0013603124544185885,0.02141160918343421,-0.02182571316104287,868.154228515625,756.2126861572266,58.08967778712658,13.34000015258789,13.489999771118164,46.77000045776367,0
2016-09-06,875.3233642578125,0.007541404166403698,0.042450196252200145,-0.024748871762411695,868.5698718261718,756.7938760375977,57.44579683868588,12.9399995803833,13.289999961853027,47.33000183105469,0
2016-09-07,876.3911743164062,0.0012199035261661884,0.06379616604083127,-0.030886018093583156,869.7823779296875,757.3064184570312,59.02335182412274,12.75,13.56999969482422,47.63999938964844,0
2016-09-08,888.6575317382812,0.013996441065763587,0.054813362759430495,-0.02151735537678856,870.8279370117187,757.8956881713867,63.83131703752547,13.149999618530272,13.170000076293944,46.97999954223633,0
2016-09-09,876.0736083984375,-0.01416059943275183,0.028495823094238704,-0.04106290730854001,871.538564453125,758.4428518676758,55.378887228242334,13.119999885559082,13.020000457763672,46.34999847412109,0
2016-09-12,844.6142578125,-0.03590948327212917,-0.032882860531412095,-0.06090278379589453,871.515654296875,758.7913775634765,44.54327808471455,13.229999542236328,13.239999771118164,44.70000076293945,1
2016-09-14,851.598876953125,0.008269596535955603,-0.021100102621539385,-0.041960436551300995,871.4807556152343,759.1523022460938,49.65284970392223,15.239999771118164,13.34000015258789,43.15999984741211,1
2016-09-15,848.6837768554688,-0.003423090584719901,-0.02312210647863555,-0.0035966253305439455,870.8612353515625,759.4928067016601,49.39333313858516,14.760000228881836,12.9399995803833,44.43999862670898,0
2016-09-16,850.3866577148438,0.0020064963014663206,-0.028488564982053877,-0.00800609062951263,869.98552734375,759.9198040771485,53.68130021113701,14.68000030517578,12.75,44.83000183105469,0
2016-09-19,854.1964721679688,0.004480096693147528,-0.025325109150887593,0.013117390302210374,869.0947827148437,760.3912252807618,61.38032701828812,14.579999923706056,13.149999618530272,45.5,0
2016-09-20,851.9740600585938,-0.002601757536804694,-0.041279649774567106,0.01698132906221006,868.4059265136718,760.7593008422851,54.058721754139185,14.9399995803833,13.119999885559082,47.619998931884766,0
2016-09-21,849.751708984375,-0.0026084726970042604,-0.03004530573884301,-0.014547918535167015,867.9218115234376,761.088893737793,49.06753944064032,14.779999732971191,13.229999542236328,45.880001068115234,0
2016-09-22,865.8277587890625,0.0189185260055571,0.025116200419708967,0.007459722837328098,867.4495825195313,761.5266647338867,46.40684052834185,14.8100004196167,15.239999771118164,46.290000915527344,0
2016-09-23,864.1248168945312,-0.00196683679547649,0.014708732339128838,0.009631556127324359,866.8497790527343,761.9868560791016,47.16288590715655,13.34000015258789,14.760000228881836,43.58000183105469,0
2016-09-26,846.0574340820312,-0.020908302202718887,-0.0030946070197884756,0.00035195391070796944,866.0779406738282,762.374245300293,40.506708202746545,13.25,14.68000030517578,43.90999984741211,0
2016-09-27,829.1442260742188,-0.01999061449789552,-0.024979732981356473,-0.013995119730209726,864.8190112304687,762.6998773193359,32.23800077471154,14.56999969482422,14.579999923706056,43.02999877929688,0
2016-09-28,840.4004516601562,0.013575714853895526,-0.016150875070694126,-0.012131186448071318,863.54115234375,763.0780841064453,37.16291528210272,14.25,14.9399995803833,43.29999923706055,0
2016-09-29,829.8369750976562,-0.01256957506583023,-0.02598328517116477,-0.033905626363850194,862.1826025390625,763.4577877807617,28.762034720642873,13.850000381469728,14.779999732971191,43.43999862670898,0
2016-09-30,827.268310546875,-0.0030953845488495,-0.026458785783875838,-0.034428066658977574,860.7909265136718,763.8856616210937,31.004360588037983,18.450000762939453,14.8100004196167,45.34000015258789,0
2016-10-03,848.9435424804688,0.0262009696941794,-0.019500664118470623,-0.007691783051124168,859.8549951171875,764.3926873779296,51.823926346608495,17.18000030517578,13.34000015258789,46.31999969482422,0
2016-10-04,836.5040893554688,-0.014652862649327747,-0.03196381703088347,-0.03024724116166977,858.8219519042968,764.909365234375,43.92002088669118,15.619999885559082,13.25,44.47999954223633,0
2016-10-05,839.2747802734375,0.003312226387444994,-0.008016777035891098,-0.025927055663646725,857.6567199707031,765.4722567749023,46.205767758735696,14.989999771118164,14.56999969482422,45.93000030517578,0
2016-10-06,839.5924072265625,0.0003784540660467517,0.012601162528518284,-0.015333470960677942,856.3621264648438,766.0116464233398,45.59797567565012,14.93000030517578,14.25,44.66999816894531,0
2016-10-07,841.006591796875,0.0016843703660731624,0.0007212515599217539,-0.01123161727639288,855.0182666015625,766.5646646118164,44.51381276342092,14.84000015258789,13.850000381469728,47.04999923706055,0
2016-10-10,836.9948120117188,-0.004770212058129997,0.008625594097226408,-0.003196485240052227,853.4863989257813,767.0540017700196,43.86092705954866,14.489999771118164,18.450000762939453,47.83000183105469,0
2016-10-13,830.298828125,-0.008000030335462816,0.0036632825644218325,0.007847563864992635,852.1045837402344,767.5349487304687,42.3094667714219,14.289999961853027,17.18000030517578,48.2400016784668,0
2016-10-14,851.339111328125,0.025340615318750537,0.002821823510968491,0.010517368948734784,851.35341796875,768.1128286743165,44.48837362651652,15.43000030517578,15.619999885559082,48.810001373291016,0
2016-10-17,835.8113403320312,-0.018239231335054895,-0.000828147802566348,-0.01877140894839857,851.0347009277343,768.6418664550781,40.2543391266788,14.890000343322754,14.989999771118164,48.68999862670898,0
2016-10-18,859.0741577148438,0.02783261755406574,0.02359105492834601,-0.01632569623871405,851.0711865234375,769.2564260864258,54.32571739657798,15.65999984741211,14.93000030517578,49.83000183105469,0
2016-10-19,860.6902465820312,0.0018811983257491782,0.025128668594278425,-0.010649712141214907,851.4222570800781,769.8690869140624,61.669856299441946,14.539999961853027,14.84000015258789,50.43999862670898,0
2016-10-20,867.9635620117188,0.008450560998653378,0.032053221077908756,-0.0009300999567654067,852.0265686035157,770.5162609863281,60.50604640774983,14.609999656677246,14.489999771118164,49.810001373291016,0
2016-10-21,872.1196899414062,0.004788366829656665,0.04196546672166912,-0.003659989493280169,852.2230358886719,771.2001824951171,66.94426072970191,14.170000076293944,14.289999961853027,49.810001373291016,0
2016-10-24,861.6138916015625,-0.012046280414273802,0.03771541331363659,-0.016861514752667617,852.2669787597656,771.8488235473633,62.940365381732015,13.829999923706056,15.43000030517578,50.43999862670898,0
2016-10-25,856.678466796875,-0.005728116564501451,0.006271714053428523,-0.03598581433148129,852.2829211425782,772.4957400512695,53.33495788704159,14.329999923706056,14.890000343322754,50.34999847412109,0
2016-10-26,855.6395874023438,-0.0012126829782656001,0.023723352524070318,-0.0233245480747325,852.480517578125,773.0982586669921,59.149894176002874,14.479999542236328,15.65999984741211,49.93999862670898,0
2016-10-27,851.598876953125,-0.004722444483297061,-0.008701554684875101,0.008269596535955603,852.6942370605469,773.775373840332,55.822217608691886,14.449999809265137,14.539999961853027,50.290000915527344,0
2016-10-28,854.7159423828125,0.003660250751903016,-0.006941294179809598,0.003660250751903016,852.7741418457031,774.4653659057617,56.96063140767775,14.09000015258789,14.609999656677246,51.59999847412109,0
2016-11-01,844.58544921875,-0.011852467775223974,-0.026934440356901845,-0.004829039682959224,852.4866394042969,775.1618704223633,51.524831695362366,14.649999618530272,14.170000076293944,50.43000030517578,0
2016-11-02,836.2155151367188,-0.009910109261026867,-0.04116886158951383,-0.016664351973966318,852.0756481933594,775.9033428955078,49.67985685830457,15.739999771118164,13.829999923706056,50.84999847412109,0
2016-11-03,833.6468505859375,-0.0030717733697649408,-0.03245890216978753,-0.02405725409972237,851.6381042480468,776.7098071289063,51.423680213611725,16.799999237060547,14.329999923706056,50.52000045776367,0
2016-11-04,819.5620727539062,-0.016895377007820067,-0.04332593321943423,-0.03804339688752778,850.77744140625,777.462241821289,35.63786911863933,16.469999313354492,14.479999542236328,49.959999084472656,0
2016-11-07,806.9783935546875,-0.015354150243842901,-0.056871134253369315,-0.0503362511395361,849.6847314453125,778.1352215576172,36.61221419822468,16.850000381469727,14.449999809265137,49.18000030517578,0
2016-11-08,806.5166625976562,-0.0005721726389691373,-0.05293832058206227,-0.06850218832710808,848.7617297363281,778.8697583007812,19.041099633426768,16.510000228881836,14.09000015258789,49.720001220703125,0
2016-11-09,802.6202392578125,-0.004831175250978759,-0.06095089671518872,-0.0711755714385709,847.802939453125,779.647822265625,16.688852647507602,16.770000457763672,14.649999618530272,48.70000076293945,0
2016-11-10,815.1173095703125,0.01557034036925864,-0.03489065514412526,-0.036569768511387934,847.311708984375,780.5646398925782,21.399451001377457,16.6200008392334,15.739999771118164,46.66999816894531,0
2016-11-11,801.6677856445312,-0.016500108349890352,-0.04131438470923254,-0.0331383124499115,846.8683898925781,781.4836352539063,15.356125834970058,15.460000038146973,16.799999237060547,45.34000015258789,0
2016-11-15,790.9888305664062,-0.013320923291858633,-0.05117037266985247,-0.058795329055500334,845.8385974121094,782.2369006347657,15.33001950544265,17.360000610351562,16.469999313354492,44.65999984741211,0
2016-11-16,794.0194091796875,0.003831379782077482,-0.0311662342894784,-0.04316217159852842,844.68296875,783.0248495483398,18.654323882664173,20.149999618530277,16.850000381469727,44.06999969482422,0
2016-11-17,791.3928833007812,-0.003307886241244118,-0.019313417036177505,-0.04336613259412525,843.0441882324219,783.8378707885743,18.36263981995326,19.5,16.510000228881836,44.88999938964844,0
2016-11-18,791.0755004882812,-0.0004010432987168189,-0.019145496708823817,-0.06816477079630867,841.4665979003906,784.5366854858398,19.061629325487587,18.709999084472656,16.770000457763672,44.97999954223633,0
2016-11-21,778.0588989257812,-0.016454310055697197,-0.030601446525623688,-0.06986838578962584,839.65234375,785.2503918457031,14.4158494162659,17.809999465942383,16.6200008392334,45.27000045776367,1
2016-11-22,767.4663696289062,-0.013614045558118404,-0.05845899649281816,-0.08556007201972149,837.4952038574219,785.9292401123047,14.35427620943966,19.100000381469727,15.460000038146973,44.65999984741211,1
2016-11-23,783.4559936523438,0.020834299268603695,-0.02271738033922044,-0.06686150695389803,835.6365002441406,786.782978515625,27.218383170722703,18.46999931335449,17.360000610351562,44.65999984741211,1
2016-11-24,779.0690307617188,-0.0055995013455365505,-0.015069491937265478,-0.07364693884601059,833.4447302246094,787.537374572754,26.797584382870227,18.040000915527344,20.149999618530277,45.810001373291016,1
2016-11-25,791.2197265625,0.015596430253300042,-0.0035259624447718796,-0.05468980786057476,831.7476525878906,788.2943603515625,37.74949571908638,17.15999984741211,19.5,45.56999969482422,1
2016-11-28,783.2827758789062,-0.010031285137538593,-0.01024789026159667,-0.056625458995608224,830.5210229492187,789.0120895385742,39.329331811003115,17.610000610351562,18.709999084472656,45.41999816894531,1
2016-11-29,780.6851806640625,-0.0033162930359715848,-0.013134422463855211,-0.08299152443946733,829.1027490234375,789.7541802978516,38.587050026022915,18.059999465942383,17.809999465942383,45.68999862670898,1
2016-11-30,798.175537109375,0.022403853535986062,0.02585490405850721,-0.0450290650611479,828.0925842285156,790.5070269775391,48.246822844893586,17.709999084472656,19.100000381469727,47.4900016784668,1
2016-12-01,801.4080200195312,0.0040498396153092475,0.0442255865974126,-0.06712591360995623,827.1130114746094,791.2640618896485,44.16609915395153,16.850000381469727,18.46999931335449,48.02999877929688,1
2016-12-02,786.1113891601562,-0.01908719463401698,0.003389335877607369,-0.08665005525279523,825.7513098144532,791.9719848632812,43.48253236026656,16.690000534057617,18.040000915527344,47.959999084472656,1
2016-12-05,782.8208618164062,-0.004185828356036758,0.00481578769858082,-0.09809478637325897,824.3682458496094,792.709358215332,46.35213419121856,17.93000030517578,17.15999984741211,47.959999084472656,1
2016-12-06,786.2844848632812,0.0044245410614609515,-0.00623751093853564,-0.0984213589810039,823.0989013671875,793.4458023071289,46.55884494885067,17.290000915527344,17.610000610351562,46.060001373291016,1
2016-12-07,781.4644165039062,-0.006130183733961236,-0.002321459670755144,-0.0930224963628139,821.4116345214844,794.2385482788086,45.66752889237378,17.110000610351562,18.059999465942383,47.08000183105469,1
2016-12-08,789.0551147460938,0.009713427869366686,0.010721266765832071,-0.0789366777288395,819.9102404785157,795.1797290039062,49.17099011359004,16.850000381469727,17.709999084472656,45.22999954223633,1
2016-12-09,786.3132934570312,-0.0034748159384845323,-0.014861697835670817,-0.08102277520349643,818.7153576660156,795.8342044067383,53.69884953854636,15.529999732971191,16.850000381469727,49.43999862670898,1
2016-12-12,787.9006958007812,0.0020187911828006833,-0.016854490947595946,-0.0747983386030815,817.8904870605469,796.6260580444336,59.96063301352615,15.06999969482422,16.690000534057617,51.060001373291016,1
2016-12-13,794.1060791015625,0.007875844422848832,0.010169920003254784,-0.07091228825366158,816.964599609375,797.3963357543945,55.73873686024584,16.190000534057617,17.93000030517578,51.68000030517578,1
2016-12-14,785.0144653320312,-0.011448865597172286,0.0028021781516336386,-0.07053280865994382,816.0681494140625,798.0436041259766,53.04907059845796,15.920000076293944,17.290000915527344,51.790000915527344,1
2016-12-15,783.2249145507812,-0.0022796405165516065,-0.0038911747228892457,-0.06336954962773411,815.1872814941406,798.6795016479492,45.412383590814045,16.59000015258789,17.110000610351562,50.93000030517578,1
2016-12-16,785.3897094726562,0.00276395053535361,0.005022996422934911,-0.05788679112667816,813.9162048339844,799.3283609008789,51.29478096746993,15.65999984741211,16.850000381469727,49.77000045776367,1
2016-12-19,776.3557739257812,-0.011502487794168736,-0.0160943647445958,-0.052718763184028794,812.7132385253906,799.9879333496094,47.53447521962159,15.25,15.529999732971191,50.84000015258789,1
2016-12-20,782.4458618164062,0.007844454945996393,-0.004918436039179519,-0.03040048151750019,811.57666015625,800.7271374511719,39.70552402104313,14.84000015258789,15.06999969482422,51.5,1
2016-12-21,774.6530151367188,-0.009959598561358418,-0.016813896389059835,-0.03950773609352343,810.2778723144531,801.5027905273438,33.47619779981183,14.539999961853027,16.190000534057617,52.83000183105469,1
2016-12-22,758.8656616210938,-0.02037990326912842,-0.04437746846156765,-0.05451467019717671,808.6350537109375,802.1305090332031,33.27450856968149,14.710000038146973,15.920000076293944,52.97999954223633,1
2016-12-23,772.026611328125,0.01734292427847728,-0.01654473207498519,-0.05286441317864132,807.3356896972656,802.9228240966797,44.08988436621309,15.550000190734863,16.59000015258789,51.040000915527344,1
2016-12-26,772.11328125,0.00011226286840804178,-0.014187027371510896,-0.0368662741895881,806.1719787597656,803.5788613891601,41.94297715046767,15.130000114440918,15.65999984741211,50.900001525878906,1
2016-12-27,782.5035400390625,0.013456909810230622,-0.003674824610996774,-0.010727446709035915,804.7952673339844,804.2470761108399,50.55560160639844,16.600000381469727,15.25,51.900001525878906,1
2016-12-28,779.2421264648438,-0.004167921814201558,0.0037178219522566724,-0.018610732362462468,803.6638830566407,804.7016848754882,44.49846426752953,15.079999923706056,14.84000015258789,52.119998931884766,1
2016-12-29,773.0367431640625,-0.007963357074819544,-0.012025264764645827,-0.023194724799846633,801.943134765625,805.1648977661133,42.834922878982624,15.539999961853027,14.539999961853027,52.22999954223633,1
2016-12-30,778.7515258789062,0.007392640473275591,0.005290769753815816,-0.015578759046093849,800.3043603515625,805.6730792236328,45.27296945814796,15.279999732971191,14.710000038146973,52.4900016784668,1
2017-01-02,784.8125,0.0077829370725832625,0.03419160951818334,0.008680064045977876,798.6413391113281,806.1391464233399,45.191182898390345,15.470000267028809,15.550000190734863,52.95000076293945,1
2017-01-03,789.1994018554688,0.005589745137174473,0.022243780558031778,0.02831789520245831,796.9829333496094,806.7032736206055,52.27625531666262,15.829999923706056,15.130000114440918,53.02000045776367,1
2017-01-04,794.62548828125,0.0068754314980779,0.02915661157233851,0.014256696890958542,795.6431652832031,807.2959567260742,55.96498679500158,15.960000038146973,16.600000381469727,53.02000045776367,1
2017-01-05,803.6881103515625,0.011404897280496984,0.027072810828999483,0.03160063950401537,794.5833581542969,807.9380868530274,58.92951071329218,15.890000343322754,15.079999923706056,53.900001525878906,1
2017-01-06,802.9088134765625,-0.0009696508694885253,0.030371416287626074,0.014773502886292311,793.5287426757812,808.5861566162109,64.09312812405852,15.050000190734863,15.539999961853027,54.060001373291016,1
2017-01-09,796.96337890625,-0.007404868984522639,0.030951485752481966,0.017465726872383902,792.4360327148438,809.1975143432617,57.71707779208939,14.90999984741211,15.279999732971191,53.77000045776367,1
2017-01-10,800.9173583984375,0.00496130637472203,0.02846329256885194,0.02591592390310926,791.3600610351563,809.7999874877929,64.55538124433855,15.479999542236328,15.470000267028809,53.720001220703125,1
2017-01-11,815.26171875,0.017909913177866832,0.038798080751771824,0.021406546362600087,790.7735864257812,810.45693359375,81.76200726406734,15.199999809265137,15.829999923706056,53.720001220703125,1
2017-01-12,836.6195678710938,0.026197537097462087,0.06008641910287382,0.04393710441118914,790.7816674804687,811.1384140014649,83.30357395734664,14.8100004196167,15.960000038146973,52.33000183105469,1
2017-01-13,830.5008544921875,-0.007313614949834624,0.04514751507472381,0.05646714440742917,790.7187475585938,811.7632135009766,78.3412653079605,14.609999656677246,15.890000343322754,53.2599983215332,1
2017-01-16,832.838623046875,0.002814890005281123,0.03627092689297218,0.0638942619827616,790.9842785644531,812.3847323608398,76.50454571165584,14.380000114440918,15.050000190734863,53.7599983215332,1
2017-01-17,834.5414428710938,0.0020445975692013896,0.03939753663627532,0.06137340738219366,791.5355395507812,813.1179763793946,79.6044479994981,15.06999969482422,14.90999984741211,53.9900016784668,1
2017-01-18,838.4089965820312,0.00463434589615086,0.052004419240267996,0.07286906335784571,792.1733862304687,813.9059118652344,85.89549122502451,15.390000343322754,15.479999542236328,51.959999084472656,1
2017-01-19,836.6771850585938,-0.0020655927244311867,0.04464858488229506,0.06035328765066561,792.8545251464843,814.5879653930664,83.26148700177197,15.18000030517578,15.199999809265137,50.81999969482422,1
2017-01-20,816.6470947265625,-0.023940046041327823,0.0016993021316966672,0.03857724589160694,792.8851208496094,815.2022286987304,65.75263692626996,15.020000457763672,14.8100004196167,52.25,1
2017-01-23,804.4097290039062,-0.014984888578773004,-0.03849998267330801,0.02095319028287701,792.9399597167969,815.6948611450196,56.983893712853416,15.789999961853027,14.609999656677246,53.0099983215332,1
2017-01-24,819.5620727539062,0.01883659931458448,-0.013171307024084644,0.03205616267431699,793.5114245605469,816.2691003417968,60.51094338418824,15.90999984741211,14.380000114440918,52.369998931884766,1
2017-01-25,836.8504028320312,0.021094595092757906,0.004816995362774357,0.06603182462131496,794.3680444335937,817.0458221435547,63.07169462337239,15.289999961853027,15.06999969482422,52.369998931884766,1
2017-01-27,831.1646118164062,-0.0067942740977161575,-0.004046331172086637,0.06120808515536158,795.1634790039062,817.746501159668,60.72292036591202,15.170000076293944,15.390000343322754,52.47999954223633,1
2017-01-30,832.838623046875,0.0020140549858234102,-0.0066439811092976475,0.06041448341114375,795.9987414550782,818.5380905151367,64.07062266179852,16.010000228881836,15.18000030517578,51.08000183105469,1
2017-01-31,834.8301391601562,0.00239123890051518,-0.0022075968263771673,0.07531903181281052,797.1341662597656,819.3129800415039,63.5088802713315,16.670000076293945,15.020000457763672,51.369998931884766,1
2017-02-01,860.228515625,0.03042340623973483,0.05336628413896438,0.09940963024333138,798.9894091796875,820.1547018432617,66.46238839774512,16.829999923706055,15.789999961853027,52.41999816894531,1
2017-02-02,852.29150390625,-0.00922663173166649,0.05952411212335207,0.10022356752310424,800.3661193847656,820.9309356689453,56.36276500473052,13.970000267028809,15.90999984741211,52.75,1
2017-02-03,854.7159423828125,0.0028446118088127914,0.0428934803080645,0.12630731051522703,801.8790576171875,821.68365234375,60.13529393731926,13.520000457763672,15.289999961853027,53.18000030517578,1
2017-02-06,856.5054931640625,0.0020937374541780684,0.023486981980907595,0.10942483147129822,803.1847729492188,822.3937115478516,59.95150489827218,13.130000114440918,15.170000076293944,52.75,1
2017-02-07,866.0297241210938,0.011119871422945904,0.04194730118320855,0.121635574923733,804.8397119140625,823.1144696044922,62.4231356049748,13.399999618530272,16.010000228881836,53.16999816894531,1
2017-02-08,869.8106079101562,0.004365766767300716,0.04439273568752378,0.11157402286861906,806.6222204589844,823.8940478515625,62.39741990704417,13.510000228881836,16.670000076293945,52.630001068115234,1
2017-02-09,860.4884033203125,-0.010717510806452113,0.03073471231641034,0.104263198941843,807.8684777832032,824.5895230102539,58.869153035590465,13.350000381469728,16.829999923706055,52.810001373291016,1
2017-02-10,866.9822387695312,0.007546685608035286,0.007851080290711243,0.121527852894737,809.1799621582031,825.3163269042968,70.85136282475207,13.239999771118164,13.970000267028809,53.880001068115234,1
2017-02-13,865.9431762695312,-0.0011984818760240046,0.016017609351627327,0.11196337662673561,810.7765979003906,825.9937426757813,78.09705731201723,13.18000030517578,13.520000457763672,53.540000915527344,1
2017-02-14,861.5850219726562,-0.005032840971909813,0.00803668125189505,0.09782275635601656,812.3518811035157,826.6623403930664,71.28662607854704,13.6899995803833,13.130000114440918,53.83000183105469,1
2017-02-15,854.3118286132812,-0.0084416432202159,-0.0025611797802691516,0.08250440459626329,813.7124279785156,827.3427560424805,59.84382720382291,13.800000190734863,13.399999618530272,53.0099983215332,1
2017-02-16,848.6837768554688,-0.006587819071811274,-0.020029274726371393,0.06802989505300805,815.0568151855468,828.0091452026368,59.88281131644112,14.210000038146973,13.510000228881836,52.16999816894531,1
2017-02-17,853.1573486328125,0.005271188043583397,-0.01914584522871665,0.06155278104040929,816.3388598632813,828.7088790893555,61.111133362170705,13.729999542236328,13.350000381469728,52.34000015258789,1
2017-02-20,855.8416137695312,0.0031462720692967405,-0.005400176844744142,0.06592629126061267,817.7294262695312,829.4201803588867,61.40355875092586,13.43000030517578,13.239999771118164,53.0,1
2017-02-21,856.2167358398438,0.00043830781803211316,-0.012417212773547126,0.07434890799488536,819.0957470703125,830.1464727783203,47.01075562225709,13.609999656677246,13.18000030517578,53.86000061035156,1
2017-02-22,852.5513916015625,-0.004280860306574152,-0.0154649693362795,0.06446861547160809,820.2646533203125,830.7773156738281,50.20681187210886,13.529999732971191,13.6899995803833,52.93000030517578,1
2017-02-23,858.1214599609375,0.006533410670893858,-0.004019988652760764,0.05257175729611374,821.7267932128906,831.4742138671875,52.58081585530113,13.699999809265137,13.800000190734863,53.20000076293945,1
2017-02-27,846.1439819335938,-0.013957788711972063,-0.009560732283135476,0.011384402694209372,822.9851745605469,832.0140008544922,43.19802547489973,13.399999618530272,14.210000038146973,53.11000061035156,1
2017-02-28,848.0777587890625,0.0022853992899054543,-0.0007140681640595004,0.021164221808805284,824.238935546875,832.4907531738281,36.91070934276074,13.68000030517578,13.729999542236328,53.36000061035156,1
2017-03-01,852.0894775390625,0.004730366653793894,-0.0012516695723963078,0.02311474751466225,825.7536096191407,832.9656106567382,37.12236597579203,13.789999961853027,13.43000030517578,53.400001525878906,1
2017-03-02,850.819580078125,-0.0014903334619330577,-0.005867947539132667,0.019505486930677884,827.121083984375,833.4673330688477,42.04258448481293,13.579999923706056,13.609999656677246,53.400001525878906,1
2017-03-03,848.7416381835938,-0.0024422826450943846,-0.008730380221916412,0.012324106305736215,828.6028564453125,834.0430599975585,33.81135730350712,13.359999656677246,13.529999732971191,54.060001373291016,1
2017-03-06,857.5445556640625,0.010371728078886422,0.005856730880610117,0.02494076685502944,830.5764343261719,834.6720681762695,43.44896733029339,13.350000381469728,13.699999809265137,53.59000015258789,1
2017-03-07,858.0062255859375,0.000538362606147702,-0.00013428678849869424,0.050645047446379765,832.2960266113281,835.2810028076171,47.02782545399985,13.640000343322754,13.399999618530272,54.45000076293945,1
2017-03-08,852.1761474609375,-0.0067949135462491705,0.007129006003870897,0.05938070703866294,833.8972839355469,835.8073284912109,48.18276716298539,13.880000114440918,13.68000030517578,54.04999923706055,1
2017-03-09,852.5223999023438,0.00040631557505799165,0.005240841499755344,0.040216999107442364,835.2976611328126,836.4601223754883,53.58883291600949,14.079999923706056,13.789999961853027,54.0099983215332,1
2017-03-10,861.0079345703125,0.009953444823198598,0.010466573366223919,0.028867204528465917,836.9329772949219,837.1867065429688,56.82753861669941,14.390000343322754,13.579999923706056,53.83000183105469,1
2017-03-14,899.39404296875,0.04458275801789702,0.057091378745849575,0.08208895107220315,839.4601232910156,838.1448519897461,73.36656430166175,13.960000038146973,13.359999656677246,52.61000061035156,1
2017-03-15,894.0835571289062,-0.005904515247082021,0.05342252212622611,0.0735375766531714,841.7667639160156,839.0737365722656,69.29435546571295,12.399999618530272,13.350000381469728,53.33000183105469,1
2017-03-16,906.8695678710938,0.01430068883410196,0.05751889144562883,0.08629231903798962,844.2079052734375,839.9255624389648,75.3231735112393,12.420000076293944,13.640000343322754,53.20000076293945,1
2017-03-17,896.1905517578125,-0.011775691336021521,0.04450355374263015,0.041805212777309864,846.3477282714844,840.2035195922851,66.9408459395683,11.90999984741211,13.880000114440918,53.13999938964844,1
2017-03-20,887.5895385742188,-0.00959730401835135,0.041556421426245826,0.04141544824298915,848.2070092773438,840.4363323974609,69.01478969157154,11.850000381469728,14.079999923706056,50.27999877929688,1
2017-03-21,894.1701049804688,0.007413974726223849,0.04885232937327588,0.04616055538599673,850.0166491699218,840.6672644042969,70.28190885647051,12.020000457763672,14.390000343322754,49.27999877929688,1
2017-03-22,883.087158203125,-0.012394673804919765,0.025643461281029012,0.031035019916644924,851.6202160644531,840.8814147949219,62.84074888397598,11.9399995803833,13.960000038146973,48.4900016784668,1
2017-03-23,891.1973266601562,0.009183882226906803,-0.009113598619730379,0.029060899225606063,853.5048950195312,841.1603506469727,65.82935614825038,12.270000457763672,12.399999618530272,47.720001220703125,1
2017-03-24,895.4111938476562,0.0047283211713524675,0.0014849134716372614,0.029432368040450907,855.3947717285156,841.4255722045898,67.99458915515325,11.84000015258789,12.420000076293944,48.86000061035156,1
2017-03-27,891.1973266601562,-0.004706069363945131,-0.017281692722062147,0.03568778291647989,856.9134838867187,841.7171957397461,63.45168302483367,11.979999542236328,11.90999984741211,48.75,1
2017-03-28,891.3993530273438,0.000226690948394781,-0.005346183042290731,0.02816333849291608,858.0090795898437,841.9881604003906,63.37566210521221,12.4399995803833,11.850000381469728,48.77999877929688,1
2017-03-29,898.499267578125,0.007964908799483306,0.012291412336192131,0.03759610584246986,859.3690478515625,842.2384579467773,68.36793666559211,12.119999885559082,12.020000457763672,48.220001220703125,1
2017-03-30,899.0189819335938,0.0005784249072007253,0.005422767911963389,0.04344778403323435,860.6926550292969,842.4249224853515,68.41139041041595,12.09000015258789,11.9399995803833,47.34000015258789,1
2017-03-31,909.0917358398438,0.011204161545717017,0.029447351142136258,0.06412167711113304,862.1836608886719,842.718060913086,68.80352753656258,12.149999618530272,12.270000457763672,48.040000915527344,1
2017-04-03,958.7920532226562,0.05467029940262069,0.07584709305156623,0.12974005085281481,864.5913220214844,843.2703924560547,71.33968217769893,12.420000076293944,11.84000015258789,47.70000076293945,1
2017-04-05,979.2550048828124,0.02134242935303532,0.09363721562924887,0.1478011722598085,867.4428784179687,843.9864804077148,77.59480759655172,11.489999771118164,11.979999542236328,47.970001220703125,1
2017-04-06,971.6064453125,-0.007810590226421832,0.09022594238885828,0.13526431722931265,870.5420654296875,844.6802917480469,71.69645512747871,11.550000190734863,12.4399995803833,47.72999954223633,1
2017-04-07,972.9341430664062,0.0013664974746840919,0.09146830740022027,0.13631759616573835,873.9125537109375,845.2289187622071,77.44049855984892,11.289999961853027,12.119999885559082,48.369998931884766,1
2017-04-10,966.324951171875,-0.006793051658872784,0.07548774500013988,0.13345067604262884,876.8478112792968,845.8003820800782,78.55949558213732,11.6899995803833,12.09000015258789,49.5099983215332,1
2017-04-11,984.1327514648438,0.018428376780888156,0.09467405165148879,0.146845519408922,879.7934582519531,846.5006576538086,80.1742717794687,11.619999885559082,12.149999618530272,50.34999847412109,1
2017-04-12,982.9202880859376,-0.0012320120198229256,0.0812113336151814,0.1616466098828535,882.8285717773438,847.1184613037109,85.85926791816819,11.399999618530272,12.420000076293944,50.59999847412109,1
2017-04-13,968.92236328125,-0.014241159709854068,0.010565700898901076,0.14249236374826868,885.5502465820313,847.701201171875,76.78528685112654,11.630000114440918,11.489999771118164,50.2400016784668,1
2017-04-17,970.5387573242188,0.0016682389675626297,-0.008900896615419152,0.13901037732240518,888.2644189453125,848.3012893676757,76.36210679256504,11.579999923706056,11.550000190734863,51.150001525878906,1
2017-04-18,963.6983642578124,-0.007048036994694917,-0.00813918134532765,0.13267064701228715,890.3338159179688,848.8470751953125,74.98001148209443,11.890000343322754,11.289999961853027,51.70000076293945,1
2017-04-19,964.3043823242188,0.0006288462125523253,-0.008869830300115678,0.13615774099164346,892.5740734863281,849.5897677612305,75.0494708153646,12.380000114440918,11.6899995803833,52.2400016784668,1
2017-04-20,970.4521484375,0.006375337731498787,0.004271024214597574,0.13166382087984285,894.8887976074219,850.2601306152344,74.88514477120569,12.220000267028809,11.619999885559082,53.08000183105469,1
2017-04-21,974.0886840820312,0.0037472591001899147,-0.010206008658752874,0.13529325899333688,897.2404614257813,850.9278628540039,75.41517543497127,11.5600004196167,11.399999618530272,53.400001525878906,1
2017-04-24,1000.1796875,0.026785039026047786,0.017559307324576556,0.17367716813013323,899.9234606933594,851.6999624633789,77.82075750621797,11.420000076293944,11.630000114440918,53.11000061035156,1
2017-04-25,1007.9149169921876,0.007733839817845256,0.04024321781457241,0.1822738230780141,902.685546875,852.4728179931641,70.17532952937127,11.630000114440918,11.579999923706056,53.18000030517578,1
2017-04-26,1010.9163818359376,0.0029778950516050617,0.04160330971535875,0.17410809035161479,905.6941064453125,853.1291009521484,65.18117082958256,11.15999984741211,11.890000343322754,52.650001525878906,1
2017-04-27,1019.834716796875,0.008822030309510565,0.05825095758286958,0.13391313270273653,908.7511560058593,853.7574142456054,72.8465589006431,11.739999771118164,12.380000114440918,52.40999984741211,1
2017-04-28,1010.0504150390624,-0.009594007339290611,0.04743941182200584,0.12970472053255344,911.63330078125,854.3139978027343,66.27837813963066,11.06999969482422,12.220000267028809,50.43999862670898,0
2017-05-02,999.8047485351562,-0.010143717928683738,0.0302463136847253,0.10247910389388282,914.3976953125,854.8809371948242,64.22961085587838,10.859999656677246,11.5600004196167,50.27000045776367,1
2017-05-03,992.96435546875,-0.006841728924000701,0.01937777503750282,0.10798351257009209,917.1707458496094,855.4759716796875,54.13953408534998,11.449999809265137,11.420000076293944,49.619998931884766,1
2017-05-04,999.5738525390624,0.006656328632453468,-0.0006057261195254737,0.12616677991127512,920.1885473632813,856.026644897461,57.42992206603952,11.529999732971191,11.630000114440918,49.22999954223633,1
2017-05-05,995.3887939453124,-0.004186842806181201,-0.012427758370969988,0.11319847129876326,923.0331762695313,856.5330139160156,62.941000217261994,11.329999923706056,11.15999984741211,49.560001373291016,1
2017-05-08,986.8455810546876,-0.00858278990339345,-0.023810872208376632,0.11749511006669677,925.6532556152343,857.0439950561523,57.467528656118255,11.989999771118164,11.739999771118164,49.619998931884766,1
2017-05-09,1007.0776977539062,0.020501806045071014,-0.012508908387661388,0.130027736425133,928.6704748535157,857.618930053711,67.69478587558112,11.670000076293944,11.06999969482422,48.970001220703125,1
2017-05-10,1003.9609375,-0.0030948557999621595,-0.006028884745150953,0.12122893302896576,931.6986657714843,858.1172677612304,65.85154611206727,11.109999656677246,10.859999656677246,49.33000183105469,1
2017-05-11,1002.5753784179688,-0.0013800926214135867,0.00277117095800139,0.12497574715042292,934.587744140625,858.6413223266602,63.348512001834266,10.949999809265137,11.449999809265137,47.65999984741211,0
2017-05-12,1004.7400512695312,0.002159112320290868,0.011859132441085718,0.1271491816291579,937.7596655273437,859.1807620239258,62.894624945822244,10.84000015258789,11.529999732971191,47.81999969482422,0
2017-05-15,1005.779052734375,0.0010340997788740314,0.006207845652975497,0.1193988565460038,940.91369140625,859.7309567260742,52.98469586944641,10.630000114440918,11.329999923706056,45.52000045776367,0
2017-05-16,1004.7978515625,-0.0009755633398880192,0.009452645714338459,0.11766032948647975,943.9678588867188,860.3141647338867,48.20955530219838,10.68000030517578,11.989999771118164,46.220001220703125,0
2017-05-17,1013.31201171875,0.008473505534481562,0.026819221945318494,0.1146421992084492,947.2177075195312,860.8930429077149,51.29409654586669,10.5600004196167,11.670000076293944,46.43000030517578,0
2017-05-18,994.3499145507812,-0.018712989630711885,-0.012638332902726201,0.037086103507647294,950.129873046875,861.3431820678711,37.580953434709855,10.640000343322754,11.109999656677246,45.880001068115234,0
2017-05-19,995.475341796875,0.001131822137886207,-0.00845211739438323,0.01656395610253103,952.8884887695312,861.7795608520507,42.242748143181636,11.789999961853027,10.949999809265137,47.33000183105469,0
2017-05-22,1011.2916870117188,0.015888234043341054,0.008693918463770878,0.040844975751941126,955.9541979980469,862.2680783081055,55.77143165556759,11.300000190734863,10.84000015258789,47.83000183105469,0
2017-05-23,1004.82666015625,-0.006392840896944696,8.620029291095399e-05,0.03277972853262989,959.0072082519531,862.795263671875,55.98259447692319,11.199999809265137,10.630000114440918,47.84000015258789,0
2017-05-24,972.3282470703124,-0.03234230775772229,-0.0332586024466518,0.006212502213833071,961.4033251953125,863.2124179077149,39.104290213797945,12.199999809265137,10.68000030517578,48.84999847412109,1
2017-05-25,1021.0466918945312,0.05010493624042156,0.016171253060268453,0.03750910674880248,964.6041003417969,864.0589154052734,57.565914392909455,11.829999923706056,10.5600004196167,48.65999984741211,0
2017-05-26,1031.8702392578125,0.01060044310333974,0.018314425689659686,0.049800529875312805,967.2536242675782,864.9320172119141,63.10053873737685,10.449999809265137,10.640000343322754,49.06999969482422,0
2017-05-29,1028.8687744140625,-0.0029087619058660863,0.03471500259430904,0.06186915836043294,969.9493286132813,865.8606774902344,57.04701430818758,10.859999656677246,11.789999961853027,49.34999847412109,0
2017-05-30,1020.2968139648438,-0.008331441931552885,0.024934291313700285,0.05126849006814349,972.2178735351563,866.7734216308594,55.10281432945045,11.789999961853027,11.300000190734863,50.33000183105469,0
2017-05-31,1016.3426513671876,-0.003875502249478191,0.004994567265151684,0.054627349243161705,974.6209155273438,867.5436532592773,54.232543616798935,11.770000457763672,11.199999809265137,50.72999954223633,1
2017-06-01,1034.8717041015625,0.0182311080908093,0.02990072331544269,0.07317950957275388,977.5665588378906,868.4209280395507,58.41664845276143,11.760000228881836,12.199999809265137,51.470001220703125,0
2017-06-02,1029.7923583984375,-0.00490818879576449,0.05909949803604708,0.06114697160130933,980.27900390625,869.2904830932617,56.55955541595058,11.3100004196167,11.829999923706056,51.36000061035156,0
2017-06-05,1041.8564453125,0.011715067426626646,0.02038080489674443,0.06957042242445532,983.4543896484375,870.2709664916993,59.54510583175079,10.8100004196167,10.449999809265137,48.900001525878906,0
2017-06-06,1024.6837158203125,-0.016482817349214196,-0.006964561205553332,0.024499626043757772,986.1241174316406,871.1898205566406,52.803922005356405,11.020000457763672,10.859999656677246,49.79999923706055,1
2017-06-07,1032.447509765625,0.007576771081110767,0.0034783205016601926,0.024339944136006375,988.86484375,872.0984545898438,59.94280178240274,11.130000114440918,11.789999961853027,49.79999923706055,1
2017-06-08,1024.1640625,-0.008023117095323773,0.003790317172635449,0.013104625567549988,991.5241784667969,872.9244720458985,57.21758523622422,10.890000343322754,11.770000457763672,49.65999984741211,1
2017-06-09,1026.4442138671875,0.0022263536191864386,0.009939130751239533,0.006480949276831627,994.2250756835938,873.7728677368164,54.09073068264693,11.06999969482422,11.760000228881836,48.31999969482422,1
2017-06-12,1002.4310302734376,-0.02339453354535348,-0.031347531968988096,-0.007543568768624387,996.3037109375,874.5074026489258,49.40922683823023,10.859999656677246,11.3100004196167,48.36000061035156,1
2017-06-13,1003.81640625,0.001382016253212548,-0.025224456111556326,0.004012441149855883,998.3996594238281,875.213508605957,59.17269346502802,11.420000076293944,10.8100004196167,47.65999984741211,1
2017-06-14,1018.50732421875,0.01463506461667774,-0.02241107323259539,0.02572395334165023,1000.5879711914063,875.997975769043,49.07735329795467,11.34000015258789,11.020000457763672,47.400001525878906,1
2017-06-15,1001.7095336914062,-0.016492557419975906,-0.022420754594030257,0.0021365916554529907,1001.4463208007812,876.7431896972656,39.49744467355877,11.18000030517578,11.130000114440918,48.18999862670898,1
2017-06-16,996.7163696289062,-0.00498464264795373,-0.034608190536320915,0.0013337257679302272,1001.7955480957031,877.4739727783203,38.95707180497479,11.329999923706056,10.890000343322754,45.720001220703125,1
2017-06-19,1013.5140991210938,0.016853068740550148,-0.010398688812522372,0.02702400312509301,1002.633701171875,878.3431491088867,47.795026865719024,10.920000076293944,11.06999969482422,45.63999938964844,1
2017-06-20,1010.4546508789062,-0.0030186538547817277,-0.015577624942752277,0.003353220047005001,1003.384111328125,879.2762536621094,48.07468703111543,10.630000114440918,10.859999656677246,45.83000183105469,1
2017-06-21,1012.5903930664062,0.0021136447693543836,0.010134724969754094,0.008595409685853594,1004.3094201660156,880.1268133544922,41.83935837417114,10.65999984741211,11.420000076293944,46.08000183105469,1
2017-06-22,1002.3155517578124,-0.010147085513500409,-0.001495148398494961,-0.00025915922707608896,1004.673076171875,880.8793869018555,40.305433333218424,10.920000076293944,11.34000015258789,46.459999084472656,1
2017-06-23,994.4074096679688,-0.007889872681287602,-0.023661994349689297,-0.010283895410068244,1004.9028186035156,881.4847644042969,32.752886887264395,11.210000038146973,11.18000030517578,44.72999954223633,1
2017-06-27,982.2855224609376,-0.012190061225588189,-0.01939086189874728,-0.02335854003875537,1005.1700817871093,882.0464169311523,34.001359759591566,11.5600004196167,11.329999923706056,44.459999084472656,1
2017-06-28,983.1802978515624,0.0009109117157535263,-0.013580665663576408,-0.021514331143643983,1005.4229125976562,882.6184603881836,30.39296939900784,12.510000228881836,10.920000076293944,44.7400016784668,1
2017-06-29,983.4111328125,0.00023478395716636236,-0.029701576262923912,-0.029508067170281538,1005.81716796875,883.158899230957,32.670714084015685,11.989999771118164,10.630000114440918,44.20000076293945,1
2017-06-30,974.1464233398438,-0.009420993075561102,-0.035932565115595394,-0.020318291292924617,1006.0140087890625,883.6476754760743,29.008428016429676,11.380000114440918,10.65999984741211,43.22999954223633,1
2017-07-03,973.9442749023438,-0.0002075134011240154,-0.038165598280101465,-0.02162893041194447,1006.0838513183594,884.0741091918945,35.86370577855358,11.729999542236328,10.920000076293944,42.52999877929688,1
2017-07-04,971.693115234375,-0.0023113844662154825,-0.030551692498169136,-0.03915642962947141,1006.0359399414062,884.5522067260742,34.19491698478551,11.199999809265137,11.210000038146973,42.7400016784668,1
2017-07-05,978.5911254882812,0.0070989596877431005,-0.01590523564679447,-0.026109512922247835,1005.6041687011718,885.2220910644531,28.72959838471826,11.279999732971191,11.5600004196167,43.0099983215332,1
2017-07-06,979.918701171875,0.001356619377609114,-0.0024095044006481325,0.007806472890644844,1005.0442443847656,885.8636901855468,36.09572123911379,11.149999618530272,12.510000228881836,44.2400016784668,1
2017-07-07,983.8441772460938,0.004005920153911102,0.0006752366742723837,-0.03643566444489332,1004.5028002929688,886.5394921875,41.67306295208311,10.979999542236328,11.989999771118164,44.7400016784668,1
2017-07-10,999.8623657226562,0.0162812250628952,0.016728743819593106,-0.03101928160868206,1004.1033532714844,887.286870727539,41.07880739126409,10.869999885559082,11.380000114440918,44.93000030517578,0
2017-07-11,1005.0286865234376,0.005167031961491375,0.03170186990751822,-0.023171164762194052,1004.0029187011719,888.0410317993164,46.54923853375542,10.90999984741211,11.729999542236328,46.040000915527344,0
2017-07-12,1004.1337890625,-0.0008904198187946744,0.0309971678443135,-0.01584149306468452,1004.0894995117187,888.8018304443359,44.53559261605156,10.890000343322754,11.199999809265137,47.06999969482422,0
2017-07-13,1029.901123046875,0.02566125576595968,0.05990369479818747,0.013340453302287836,1004.8282348632813,889.7025775146484,64.85147929227416,11.050000190734863,11.279999732971191,47.06999969482422,0
2017-07-14,1026.4830322265625,-0.003318853377109021,0.048939649554235354,-0.008106001779498606,1005.3664184570313,890.505853881836,68.14613674612805,11.25,11.149999618530272,45.130001068115234,0
2017-07-17,1026.5267333984375,4.2573691432679084e-05,0.047563162301958783,-0.0031711489926753433,1005.9891772460937,891.3178634643555,78.9903947679961,11.170000076293944,10.979999542236328,45.52000045776367,0
2017-07-18,1032.3551025390625,0.005677756799698175,0.04930752899179325,-0.009119627580350231,1006.8993676757813,892.2493518066407,80.26632927217753,11.460000038146973,10.869999885559082,44.22999954223633,0
2017-07-19,1035.335205078125,0.0028867029685162304,0.035477722306140214,0.010394904391825444,1007.4645178222656,893.2803067016602,80.91230701700829,11.489999771118164,10.90999984741211,44.400001525878906,0
2017-07-20,1039.147705078125,0.0036823822674052487,0.033948303179992534,0.006489623200331973,1008.1682531738281,894.27404296875,91.38423205427209,11.260000228881836,10.890000343322754,45.040000915527344,0
2017-07-21,1033.5384521484375,-0.005397936118490265,0.029283610815836525,0.009153210888453334,1008.7875146484375,895.2925503540039,85.4976663086812,11.31999969482422,11.050000190734863,45.4900016784668,0
2017-07-24,1032.4429931640625,-0.0010599112032046998,0.0024680719928409367,0.005844233145680944,1009.3415734863281,896.3184237670898,86.69123252484223,11.09000015258789,11.25,46.08000183105469,0
2017-07-25,1026.176513671875,-0.006069564647809722,-0.00029861044465839814,0.023687897402737246,1009.7495227050781,897.2045886230469,78.96117925092507,11.3100004196167,11.170000076293944,46.540000915527344,0
2017-07-26,1034.414794921875,0.008028132723990833,0.007684224157828989,0.030482056759943532,1010.3418615722657,898.1941421508789,80.59362733273386,10.90999984741211,11.460000038146973,46.02000045776367,1
2017-07-27,1035.9925537109375,0.0015252670367902343,0.0035234495988141212,0.01716750491274044,1010.7954724121093,899.1777310180664,80.068230751418,11.170000076293944,11.489999771118164,46.400001525878906,1
2017-07-28,1017.8938598632812,-0.01746990727184916,-0.01684608533477583,0.016156705739071908,1011.2663513183594,900.06923828125,60.15318375589575,11.220000267028809,11.260000228881836,47.119998931884766,1
2017-07-31,1046.4219970703125,0.028026632571359622,0.007000248334899206,0.04986938005233377,1012.2852844238281,901.0963153076171,68.4529504019886,11.140000343322754,11.31999969482422,46.790000915527344,1
2017-08-01,1043.0040283203125,-0.0032663387806920463,0.00915841704021636,0.02909671333116326,1012.91953125,902.1263613891601,66.94694702153114,11.899999618530272,11.09000015258789,45.77000045776367,1
2017-08-02,1031.3909912109375,-0.011134220764302372,-0.0010189443485891791,0.020719722863189016,1013.4508178710937,903.1318222045899,50.74102272672078,11.90999984741211,11.3100004196167,46.34000015258789,1
2017-08-03,1029.5943603515625,-0.0017419493428633137,0.003330661571524063,0.016792542573570657,1014.5961401367188,904.023098449707,51.5728653573443,11.9399995803833,10.90999984741211,47.88999938964844,1
2017-08-04,1030.558349609375,0.0009362806314161531,-0.0037281420677971466,0.028177551273181223,1014.7863732910156,904.9968334960937,52.01930837144464,11.640000343322754,11.170000076293944,48.75,1
2017-08-07,1034.15185546875,0.0034869504096852744,-0.0017767485254542859,0.039967970284988,1014.8320056152344,905.8722219848632,50.92054505973943,11.390000343322754,11.220000267028809,49.040000915527344,1
2017-08-08,1026.4830322265625,-0.007415567841060899,0.008438180739625434,0.044994564976277074,1014.7842907714844,906.701185913086,45.672600676467574,11.899999618530272,11.140000343322754,49.709999084472656,1
2017-08-09,1011.3207397460938,-0.014771108731899796,-0.03354407440066476,0.028621852935848624,1014.6047692871093,907.4179718017579,37.75548297030863,12.770000457763672,11.899999618530272,50.16999816894531,1
2017-08-10,1014.6511840820312,0.0032931632913744124,-0.027183830041329404,0.031767030316391054,1014.5709399414062,908.130629272461,41.51907795676676,13.449999809265137,11.90999984741211,49.15999984741211,1
2017-08-11,1004.2269287109376,-0.010273733017445386,-0.026337308287041616,0.03087883366441302,1013.9580444335937,908.8436944580078,38.30958120113739,13.800000190734863,11.9399995803833,49.59000015258789,1
2017-08-14,1017.4901733398438,0.01320741781534518,-0.011756267786456887,0.04471087264398799,1013.7120007324219,909.6477529907227,46.598316044899725,15.199999809265137,11.640000343322754,49.02999877929688,0
2017-08-16,1013.3648071289062,-0.004054453123017665,-0.01668371566441218,0.04288565107768605,1013.14216796875,910.4363790893555,41.48216204201088,14.380000114440918,11.390000343322754,49.58000183105469,0
2017-08-17,1006.0455932617188,-0.007222684087406339,-0.02717808033549529,0.028055095798808383,1012.7694055175781,911.2086126708984,38.42008399168672,14.239999771118164,11.899999618530272,49.38999938964844,1
2017-08-18,1003.029296875,-0.0029981706663407826,-0.022848634234789666,0.023584197010922736,1012.1810412597656,911.9501794433594,43.4931947870963,14.34000015258789,12.770000457763672,49.16999816894531,1
2017-08-21,999.9242553710938,-0.0030956638191728114,-0.011268911955529815,0.016344131008642293,1011.6962451171875,912.7268734741211,23.818871524591643,14.56999969482422,13.449999809265137,49.560001373291016,1
2017-08-22,991.5848999023438,-0.008339987177983899,-0.02273321565238784,-0.008278605240162107,1010.9990588378906,913.5037203979492,22.568124553493732,14.81999969482422,13.800000190734863,48.59000015258789,1
2017-08-23,997.3071899414062,0.005770852339145094,-0.006890612641122673,-0.00768286187804379,1010.89658203125,914.3220220947265,30.596885795114545,14.109999656677246,15.199999809265137,48.81999969482422,1
2017-08-24,1004.005126953125,0.006716021983268927,-0.013253244837200695,-0.00012813243690878995,1010.9003564453125,915.2442373657227,36.20259563147243,13.18000030517578,14.380000114440918,47.59000015258789,1
2017-08-28,1010.3927001953124,0.006362092255018492,-0.002932909168233855,-0.018942034740042413,1010.7380639648437,916.2613088989258,39.727717385221226,12.56999969482422,14.239999771118164,46.77999877929688,1
2017-08-29,1002.5416259765624,-0.007770319616553389,-0.003482911021752133,-0.023323723333320334,1010.7547058105469,917.2414337158203,34.56730820805049,12.640000343322754,14.34000015258789,47.09000015258789,1
2017-08-30,1011.0580444335938,0.008494827782074,0.008004499553111666,-0.015068958714433922,1011.0415393066406,918.2836227416992,42.531053743738255,13.539999961853027,14.56999969482422,48.5099983215332,1
2017-08-31,1008.0861206054688,-0.0029394195956276015,0.008162483498658668,-0.023508366330446284,1010.9329797363281,919.248466796875,48.2241112849156,12.890000343322754,14.81999969482422,47.369998931884766,1
2017-09-01,1010.6588745117188,0.0025521171789417707,0.019235846180446492,-0.023834146125209954,1010.9370642089843,920.2934222412109,47.7897307803558,11.949999809265137,14.109999656677246,47.63999938964844,1
2017-09-04,1003.073486328125,-0.007505389182139721,0.0057818658532458045,-0.03471519840125892,1010.7467260742187,921.3538455200195,49.34069323151716,11.68000030517578,13.18000030517578,48.40999984741211,1
2017-09-05,999.5250854492188,-0.0035375283339365016,-0.004462169946782946,-0.032909628692105675,1010.6909167480469,922.3813739013672,38.44823093177102,13.170000076293944,12.56999969482422,47.43000030517578,1
2017-09-06,991.4962158203124,-0.008032684467641826,-0.018702118860663974,-0.039660085462213335,1010.6326928710937,923.3818905639648,36.61038940655127,12.890000343322754,12.640000343322754,46.56999969482422,1
2017-09-07,1001.6986694335938,0.010289957188430066,-0.0008408194943003711,-0.02385344422929192,1011.0209558105469,924.4350064086914,47.42924838181979,13.119999885559082,13.539999961853027,46.43999862670898,1
2017-09-08,1040.1126708984375,0.0383488594295176,0.02873685306675,0.005508308663540351,1012.1596032714843,925.7452752685547,65.45868669834525,13.010000228881836,12.890000343322754,45.959999084472656,0
2017-09-11,1080.4344482421875,0.03876673986571144,0.07176800290957819,0.04289788992407195,1014.1000695800781,927.3101156616211,75.61404987275294,12.960000038146973,11.949999809265137,47.22999954223633,0
2017-09-12,1091.435302734375,0.010181880548223221,0.07992452276410456,0.07224863590489816,1016.4458471679687,928.8500122070312,81.238058612521,12.359999656677246,11.68000030517578,47.290000915527344,0
2017-09-13,1085.3138427734375,-0.005608632912643907,0.08198836632235551,0.03716650243593045,1018.6732385253906,930.3812362670899,77.46416366260716,11.760000228881836,13.170000076293944,47.290000915527344,1
2017-09-14,1077.1962890625,-0.007479452846739454,0.07770810832463826,0.03278248195958722,1020.7833020019531,931.8111190795898,72.64010590873147,11.760000228881836,12.890000343322754,48.65999984741211,1
2017-09-15,1075.599365234375,-0.0014824817392518064,0.08482447847214436,0.04286286616827373,1022.723466796875,933.2727020263671,70.78633278180484,11.470000267028809,13.119999885559082,49.15999984741211,1
2017-09-18,1098.2664794921875,0.02107393792750445,0.0964040514431328,0.06669822775367229,1025.0904223632813,934.8606085205079,77.88115086038623,11.68000030517578,13.010000228881836,49.09000015258789,0
2017-09-19,1087.5760498046875,-0.009733912385674337,0.04563292058085566,0.05532699843431921,1027.1650598144531,936.3076110839844,72.00818202979922,11.4399995803833,12.960000038146973,47.47999954223633,0
2017-09-20,1096.4920654296875,0.008198061760003927,0.014862185497347857,0.06028148538463962,1029.0976538085938,937.7830313110352,74.58671141618578,11.470000267028809,12.359999656677246,48.06999969482422,0
2017-09-21,1089.4835205078125,-0.006391788087521166,-0.001788271115724993,0.06137508980016415,1030.7867504882813,939.2998919677734,71.39418545206718,11.630000114440918,11.760000228881836,48.22999954223633,0
2017-09-22,1051.11376953125,-0.03521829403961818,-0.03151168988574937,0.03934758600436372,1031.7263500976562,940.6413565063476,61.1719432196644,11.630000114440918,11.760000228881836,49.29999923706055,1
2017-09-25,1033.725341796875,-0.016542859810626864,-0.040355641499153716,0.018798734002464457,1031.8028344726563,941.8785607910156,57.47238945714534,12.8100004196167,11.470000267028809,49.88999938964844,1
2017-09-26,1031.684814453125,-0.0019739550354865854,-0.04082798131038401,0.02734231173967161,1031.9068701171875,943.1296627807617,59.01672568722666,13.34000015258789,11.68000030517578,49.88999938964844,1
2017-09-27,1008.8846435546876,-0.022099938449247514,-0.08138447053289644,-0.008457604810972352,1031.5540283203125,944.2288104248047,51.525985497467275,12.93000030517578,11.4399995803833,49.90999984741211,1
2017-09-28,1005.4690551757812,-0.003385509335211978,-0.07549540525800602,-0.007791618474984774,1031.0163073730469,945.3245892333985,41.35876090086738,13.859999656677246,11.470000267028809,49.47999954223633,1
2017-09-29,1013.187255859375,0.007676219018241559,-0.07597392830897276,0.007098746463867656,1030.5733483886718,946.4510220336914,29.968255468931815,13.170000076293944,11.630000114440918,50.40999984741211,1
2017-10-03,1006.8441772460938,-0.006260519540290832,-0.07585185246602011,0.00380335886796046,1029.9272778320312,947.5147125244141,24.082614528491078,12.489999771118164,11.630000114440918,50.54999923706055,1
2017-10-04,1009.8604125976562,0.0029957320305635804,-0.039247280484196234,0.009936909894114887,1029.4537170410156,948.6389422607422,26.433847231928425,12.460000038146973,12.8100004196167,50.65999984741211,1
2017-10-05,1004.3157958984376,-0.005490478317648151,-0.02845005796928246,0.012838936935554157,1028.8911730957032,949.7443966674805,26.865630579803607,11.800000190734863,13.34000015258789,52.220001220703125,1
2017-10-06,1012.9656372070312,0.008612670779369447,-0.0181442791285209,0.015700726339439086,1028.6269555664062,950.8822763061523,30.97032182357168,11.710000038146973,12.93000030517578,51.880001068115234,1
2017-10-09,1012.2113647460938,-0.0007446180139113467,0.003297424747872979,0.008173501880286649,1028.1828869628907,952.061554260254,19.83817879912081,11.119999885559082,13.859999656677246,52.13999938964844,1
2017-10-10,1013.7637329101562,0.0015336403226928752,0.008249560433190029,0.0033363589366710578,1027.738310546875,953.2181436157226,22.35858971188351,11.390000343322754,13.170000076293944,51.560001373291016,1
2017-10-11,1005.9125366210938,-0.007744601660314432,-0.0071800342890326885,0.0033623647708869164,1027.4986840820313,954.3744412231446,15.806870352475642,11.109999656677246,12.489999771118164,51.66999816894531,1
2017-10-12,1014.60693359375,0.008643293185172096,0.007709987824420672,0.003510074599272217,1026.8623828125,955.6531475830078,22.089858253614594,11.729999542236328,12.460000038146973,50.41999816894531,1
2017-10-13,1010.1710205078124,-0.004372050829798302,0.00030757509283607654,0.002068176378712039,1026.20572265625,956.8438696289063,29.570472104259025,11.039999961853027,11.800000190734863,49.97999954223633,1
2017-10-16,1015.5383911132812,0.005313328630998315,0.01117436891929402,0.004828054969506779,1025.888670654297,958.0609951782227,39.68804051486604,11.260000228881836,11.710000038146973,50.790000915527344,1
2017-10-17,1019.1311645507812,0.0035378016911418175,0.006086610559416172,0.016008476389339554,1025.6794067382812,959.2441333007813,43.00523385717249,11.3100004196167,11.119999885559082,49.290000915527344,1
2017-10-18,1012.6105346679688,-0.006398224399002395,0.00039435431746515093,0.013091666641732225,1025.3204504394532,960.4109753417969,52.53612139814253,11.609999656677246,11.390000343322754,49.58000183105469,1
2017-10-19,1011.14697265625,-0.0014453355575632099,-0.0025812328543204366,0.019819295850443064,1024.860352783203,961.6015264892578,53.970324251469656,11.539999961853027,11.109999656677246,50.91999816894531,1
2017-10-23,1007.5980834960938,-0.003509765895687189,0.001675639594533651,0.005889409901917775,1024.4826538085938,962.7457592773437,45.84973609047705,12.399999618530272,11.729999542236328,51.29999923706055,1
2017-10-24,1013.6309204101562,0.005987344570099085,-0.000961961870432626,-0.025460463302890646,1024.528857421875,963.8898513793945,55.06285196004866,12.329999923706056,11.039999961853027,50.59999847412109,1
2017-10-25,1068.3248291015625,0.05395840595438317,0.05756828043286788,-0.01120810166718278,1025.6023303222655,965.285478515625,74.62643129991778,11.59000015258789,11.260000228881836,51.45000076293945,0
2017-10-26,1085.447021484375,0.016027140731355916,0.06883898332435923,-0.005486611286072196,1027.2267321777344,966.7395861816407,81.13721650402192,11.760000228881836,11.3100004196167,51.869998931884766,0
2017-10-27,1086.4671630859375,0.0009398354607554893,0.06607196490241463,0.0010626606489720913,1028.6062719726563,968.1534814453125,79.96382193624792,11.619999885559082,11.609999656677246,51.880001068115234,0
2017-10-30,1097.37939453125,0.010043774737119593,0.08371319175646996,0.018736701633381703,1030.286563720703,969.6258343505859,82.06424554432508,11.479999542236328,11.539999961853027,52.040000915527344,0
2017-10-31,1084.38232421875,-0.011843734607438816,0.07242799864208971,0.008165641658277822,1031.8532983398438,971.0629290771484,74.47731974073413,12.109999656677246,12.399999618530272,51.290000915527344,0
2017-11-01,1078.172119140625,-0.005726951592095686,0.07004185180628597,-0.018296434177663023,1033.3561547851561,972.4492028808594,75.33430598953927,12.4399995803833,12.329999923706056,51.900001525878906,0
2017-11-02,1074.313232421875,-0.003579100822812764,0.05986627952032508,-0.01219484134943416,1034.8439343261718,973.7444604492188,71.66779188883156,12.140000343322754,11.59000015258789,52.470001220703125,0
2017-11-03,1095.6492919921875,0.01986018502463538,0.025576923933897877,-0.0007686087880350856,1036.9252221679687,975.0396090698242,77.63125911521635,12.010000228881836,11.760000228881836,52.18000030517578,0
2017-11-06,1086.511474609375,-0.008340093357973588,0.0009806587552696477,-0.0027279402051462176,1038.7093078613282,976.3196621704102,72.39644545317621,11.90999984741211,11.619999885559082,52.63999938964844,0
2017-11-07,1074.40185546875,-0.011145413024725492,-0.011105082626628016,0.022155628260759563,1040.1172424316405,977.5274783325195,66.55167409420959,13.020000457763672,11.479999542236328,53.900001525878906,1
2017-11-08,1080.7449951171875,0.005903880020451169,-0.015158293929118272,0.045485634741797565,1041.5242883300782,978.75849609375,70.4256447357876,13.239999771118164,12.109999656677246,54.150001525878906,1
2017-11-09,1078.7044677734375,-0.0018880747567364686,-0.005236028214867017,0.04557559892479057,1043.0475451660157,979.959973449707,70.18286091892152,13.609999656677246,12.4399995803833,54.380001068115234,1
2017-11-10,1122.219970703125,0.04034052349807005,0.04085419274021773,0.11233725071789524,1045.2707836914062,981.3876873779296,77.64236007155942,13.270000457763672,12.140000343322754,54.29999923706055,1
2017-11-13,1100.5733642578125,-0.01928909394808742,0.02444364552481404,0.09458700751899785,1047.120528564453,982.8073187255859,69.49872601543018,13.479999542236328,12.010000228881836,54.540000915527344,1
2017-11-14,1073.6475830078125,-0.02446523069196549,-0.02008097768618089,0.05967339877084776,1048.380302734375,984.1535079956054,51.36357950565395,14.050000190734863,11.90999984741211,55.63999938964844,1
2017-11-15,1073.0267333984375,-0.0005782620099936686,-0.012411043533420152,0.06573267010727069,1049.7793676757813,985.4208312988281,46.52432429847352,14.170000076293944,13.020000457763672,57.34999847412109,1
2017-11-16,1081.7208251953125,0.008102399992719223,0.006812134295290484,0.07115875788497372,1051.423282470703,986.6451834106446,48.72648807847155,14.270000457763672,13.239999771118164,57.20000076293945,1
2017-11-17,1084.8260498046875,0.0028706340277901976,0.0037761495134729373,0.08016428123011576,1053.2898791503906,987.913490600586,46.48447194777012,13.460000038146973,13.609999656677246,56.810001373291016,1
2017-11-20,1091.0361328125,0.0057244965761382716,0.011431921724136762,0.07707121815180851,1055.0766284179688,989.2044781494141,51.93701261965073,13.710000038146973,13.270000457763672,57.16999816894531,1
2017-11-21,1084.6929931640625,-0.005813867623326141,-0.03343994806610873,0.07160720669852405,1055.9682348632812,990.4537924194336,51.89684546776119,13.43000030517578,13.479999542236328,56.7400016784668,1
2017-11-22,1084.7374267578125,4.096421202137712e-05,-0.014388806793156572,0.07001009361808186,1056.0542944335937,991.5763369750977,53.1010935807962,13.720000267028809,14.050000190734863,56.7599983215332,1
2017-11-23,1078.7486572265625,-0.00552093933842579,0.004751162578375379,0.0724080056205767,1055.8005615234374,992.7086227416992,44.466992985529856,14.039999961853027,14.170000076293944,55.70000076293945,1
2017-11-24,1081.0111083984375,0.0020972922253192916,0.007440984228521685,0.06544817762035504,1055.7145068359375,993.8400985717774,48.11437849690954,13.869999885559082,14.270000457763672,55.33000183105469,1
2017-11-27,1086.5560302734375,0.0051293847324243025,0.004469919562889002,0.0756159187057519,1055.9017016601563,994.9903512573242,54.363043118173366,13.510000228881836,13.460000038146973,55.13999938964844,1
2017-11-28,1074.978515625,-0.01065523942241986,-0.009077523702035406,0.058530652343490086,1055.8892846679687,996.0350952148438,48.00495309175467,13.029999732971191,13.710000038146973,56.54999923706055,1
2017-11-29,1080.4344482421875,0.005075387589504876,-0.009717079252896221,0.060152496384926035,1055.5326440429687,997.0882144165039,50.584708462677185,13.149999618530272,13.43000030517578,56.09000015258789,1
2017-11-30,1079.2811279296875,-0.0010674597745160552,-0.004989305977342484,0.06584031172812144,1055.3667456054689,998.1821780395508,29.663932104225566,13.0600004196167,13.720000267028809,56.83000183105469,1
2017-12-01,1074.93408203125,-0.004027723441042741,-0.009037527870559336,0.06308391470275909,1054.9355859375,999.2219372558594,35.47737150775026,13.550000190734863,14.039999961853027,58.02000045776367,1
2017-12-04,1080.1239013671875,0.00482803496762374,0.001274851311667602,0.07197891605693485,1054.7483935546875,1000.2928408813476,54.866660795925704,14.800000190734863,13.869999885559082,58.02000045776367,1
2017-12-05,1073.381591796875,-0.006242163109045462,-0.00705775966804445,0.05894716724164373,1055.19375,1001.3518237304687,50.244194192764716,14.859999656677246,13.510000228881836,58.95000076293945,1
2017-12-06,1056.8358154296875,-0.015414626535088405,-0.02735267580841716,-0.010754232569448963,1055.6559594726561,1002.3644436645508,34.545534490496465,15.010000228881836,13.029999732971191,58.11000061035156,1
2017-12-07,1080.92236328125,0.02279119187663925,0.005529271115520151,-0.004168474475094497,1056.6407104492187,1003.5256365966796,48.07685137408996,15.09000015258789,13.149999618530272,57.9900016784668,1
2017-12-08,1082.65234375,0.0016004669044855646,0.0020527811857729006,-0.003511214572838206,1058.116064453125,1004.6731115722656,45.678992150714336,14.270000457763672,13.0600004196167,57.29999923706055,1
2017-12-11,1083.98291015625,0.001228987692984962,0.004356401779749053,-0.012207705413242564,1059.6863415527343,1005.8138180541993,49.61408276156723,13.670000076293944,13.550000190734863,57.400001525878906,1
2017-12-12,1067.1715087890625,-0.01550891735439286,-0.007221441176671006,-0.015871538151534414,1060.766026611328,1006.8685919189453,41.924930472472944,14.149999618530272,14.800000190734863,58.36000061035156,1
2017-12-13,1055.0615234375,-0.01134774050077847,-0.023203243533417184,-0.02143497804557004,1061.7303735351563,1007.881142578125,39.69116801730632,15.260000228881836,14.859999656677246,57.470001220703125,1
2017-12-14,1054.6624755859375,-0.00037822235262863213,-0.01743938628535735,-0.018291459364824014,1062.6264147949219,1008.86384765625,38.34380609443413,15.949999809265137,15.010000228881836,57.619998931884766,1
2017-12-15,1067.748046875,0.012407354572649076,0.010325380050519861,-0.025465489113268625,1063.8950598144531,1009.9718679809571,42.20005325681632,16.40999984741211,15.09000015258789,55.959999084472656,1
2017-12-18,1080.4791259765625,0.011923298889492617,-0.0004100547085934547,-0.005552033985633975,1065.2453295898438,1011.1338748168945,52.25956432394593,14.9399995803833,14.270000457763672,56.68999862670898,1
2017-12-19,1082.25341796875,0.001642134447145338,-0.0003684708055664565,0.007307845253649914,1066.6461706542968,1012.284694519043,50.77050996062906,13.119999885559082,13.670000076293944,57.36000061035156,1
2017-12-20,1093.431396484375,0.010328429857587862,0.008716453220432241,0.01173857054578531,1068.2395239257812,1013.4977536010742,55.52479841842226,12.1899995803833,14.149999618530272,57.9900016784668,1
2017-12-21,1116.7637939453125,0.021338693525680963,0.0464707732054459,0.035282440472721444,1070.4565490722657,1014.8378643798828,64.22326949785283,12.1899995803833,15.260000228881836,57.13999938964844,1
2017-12-22,1123.2845458984375,0.005838971489296352,0.06466260113311662,0.0009486332654065066,1072.6301013183593,1016.1665643310547,64.54418310009791,12.09000015258789,15.949999809265137,56.59999847412109,1
2017-12-26,1126.43408203125,0.002803863138963969,0.06805173039406598,0.02349749559028913,1074.9553625488281,1017.5087036132812,68.32113908191535,11.59000015258789,16.40999984741211,57.040000915527344,1
2017-12-27,1115.921142578125,-0.00933293800394197,0.045116538348268787,0.039373776124828286,1076.963017578125,1018.8274285888672,71.29169133696445,12.050000190734863,14.9399995803833,57.29999923706055,1
2017-12-28,1111.396484375,-0.0040546397325814665,0.028614489308614433,0.03575842966655607,1078.8083239746093,1020.1217990112305,62.78382148409575,12.489999771118164,13.119999885559082,57.15999984741211,1
2017-12-29,1116.27587890625,0.004390327484249612,0.0314366860594959,0.03194452108722068,1080.881630859375,1021.3981387329102,63.74188540080582,12.300000190734863,12.1899995803833,57.459999084472656,1
2018-01-01,1118.4493408203125,0.0019470651969941688,0.022880213990905895,0.030994177381413968,1083.0276782226563,1022.493415222168,63.98998722638045,12.670000076293944,12.1899995803833,58.09000015258789,1
2018-01-02,1108.7349853515625,-0.008685556970890684,-0.007189352517765424,0.016222059019656898,1085.0504162597656,1023.5666723632812,67.90210437320972,13.350000381469728,12.09000015258789,58.36000061035156,1
2018-01-03,1131.4022216796875,0.02044423295701958,0.007226731473241488,0.04306216487982795,1087.4058422851563,1024.6893356323242,80.14018894277064,13.6899995803833,11.59000015258789,58.470001220703125,1
2018-01-04,1167.243896484375,0.031678985702782825,0.0362292078197195,0.07606123628753858,1089.3842236328126,1026.044602355957,84.72905995844263,13.619999885559082,12.050000190734863,59.970001220703125,0
2018-01-05,1166.533935546875,-0.0006082370099671497,0.04535516985709109,0.08137695257578015,1091.0059619140625,1027.4393243408203,82.99247730389703,13.420000076293944,12.489999771118164,59.63999938964844,0
2018-01-08,1187.2493896484375,0.017758123849051177,0.06825008567135593,0.09827677109386634,1093.0216064453125,1028.9047207641602,83.85360302826223,13.109999656677246,12.300000190734863,59.84000015258789,0
2018-01-09,1182.3699951171875,-0.004109831155773347,0.05920948168807327,0.0881813382597838,1094.7214184570312,1030.4011349487305,81.1309324533295,13.739999771118164,12.670000076293944,60.41999816894531,0
2018-01-10,1174.38525390625,-0.006753166304889313,0.050012022041974635,0.09247323256823803,1096.5214770507812,1031.817074584961,75.68235964768246,13.850000381469728,13.350000381469728,60.41999816894531,0
2018-01-11,1174.2078857421875,-0.00015103064643606778,0.0590518936045521,0.08679234325836682,1098.4421923828124,1033.2110580444337,71.36247505497438,14.039999961853027,13.6899995803833,60.369998931884766,1
2018-01-12,1179.1759033203125,0.004230952319814074,0.04222519695047078,0.0925567702478467,1100.5394458007813,1034.6509509277344,71.02788458182312,14.010000228881836,13.619999885559082,61.630001068115234,1
2018-01-15,1176.3372802734375,-0.0024072939744460564,0.007790474481340848,0.09433434099565519,1102.1532055664063,1036.075640563965,68.81899912995843,13.729999542236328,13.420000076293944,62.0099983215332,0
2018-01-16,1176.5589599609375,0.00018844908787429837,0.008593855788141092,0.08928147823752952,1103.9541552734374,1037.465939025879,74.79141068164962,14.3100004196167,13.109999656677246,61.43999862670898,0
2018-01-17,1200.6453857421875,0.020471924145688103,0.01128322002988491,0.11856342135723508,1106.4790258789062,1038.9740710449219,81.45717361429621,14.09000015258789,13.739999771118164,61.72999954223633,0
2018-01-18,1207.2548828125,0.005504953543153723,0.021046616370577143,0.1423296458983605,1109.0092236328126,1040.464886779785,81.68059768488921,13.859999656677246,13.850000381469728,62.959999084472656,0
2018-01-19,1216.7030029296875,0.007826118785435376,0.036033958092269947,0.1256155337893663,1111.7691943359375,1041.7544415283203,82.56396729095226,13.960000038146973,14.039999961853027,63.56999969482422,0
2018-01-22,1241.0113525390625,0.019978868755023305,0.056892367704250324,0.1462694924213177,1114.1450219726562,1043.0632232666017,89.97314485546916,13.979999542236328,14.010000228881836,63.79999923706055,0
2018-01-23,1251.5245361328125,0.008471464481159208,0.061355250398843264,0.15456113228981838,1117.1640454101562,1044.462813720703,89.17820065071258,15.390000343322754,13.729999542236328,64.30000305175781,0
2018-01-24,1243.0963134765625,-0.006734364699147677,0.056751608847767754,0.16485148192076915,1120.5530200195312,1045.813624572754,80.12669655177095,16.229999542236328,14.3100004196167,64.30000305175781,0
2018-01-25,1256.669921875,0.010919192866461147,0.06808920304063837,0.19108686456562163,1124.2258837890624,1047.2653494262695,82.48080783909377,18.040000915527344,14.09000015258789,63.72999954223633,0
2018-01-29,1270.376708984375,0.010907229393160023,0.05807820033313371,0.20453390387156167,1127.9990014648438,1048.6965692138672,81.54880208145123,17.510000228881836,13.859999656677246,63.970001220703125,0
2018-01-30,1268.5579833984375,-0.001431642734847971,0.05077892121928862,0.188068652629384,1131.6736401367189,1050.1247576904298,83.48839944828842,17.889999389648438,13.960000038146973,63.95000076293945,0
2018-01-31,1256.669921875,-0.009371318992916433,0.03284854138526527,0.1630672834509339,1134.9863159179688,1051.5634954833984,81.03052064631957,16.420000076293945,13.979999542236328,63.369998931884766,0
2018-02-01,1291.358154296875,0.027603296472727523,0.040569170986876735,0.1932123593756696,1139.119619140625,1053.1675924682618,85.05445760459592,15.93000030517578,15.390000343322754,63.4900016784668,0
2018-02-02,1255.738525390625,-0.027583075065371276,0.0033670848122830943,0.148438328575623,1142.5396411132813,1054.6277932739258,69.35852159403838,14.109999656677246,16.229999542236328,64.47000122070312,0
2018-02-05,1209.783447265625,-0.03659605658009468,-0.026798298611128146,0.0832939372001773,1145.1603369140626,1055.8551885986328,56.94291067525318,15.25,18.040000915527344,65.61000061035156,0
2018-02-06,1200.37939453125,-0.007773335596242603,-0.04479340705454493,0.06863340986423849,1147.5477026367187,1057.0048248291016,54.76317288723404,16.049999237060547,17.510000228881836,65.51000213623047,0
2018-02-07,1183.2569580078125,-0.014264187307316933,-0.06857788745687243,0.05044491895530734,1149.4817211914062,1058.0506661987304,46.423370346861226,20.020000457763672,17.889999389648438,65.55999755859375,0
2018-02-08,1195.3668212890625,0.010234347830617274,-0.05769634740171481,0.0711929146959196,1151.8894873046875,1059.0266018676757,47.60884756111635,19.46999931335449,16.420000076293945,64.5,0
2018-02-09,1179.2646484375,-0.013470486686420036,-0.06159554875158335,0.061065663799239056,1153.8660913085937,1059.8833505249024,42.66600284182077,17.770000457763672,15.93000030517578,64.7300033569336,0
2018-02-12,1198.1170654296875,0.01598658707964029,-0.07220389522220183,0.07331627250033135,1156.2428100585937,1060.8193539428712,41.41367146609012,19.229999542236328,14.109999656677246,65.80000305175781,0
2018-02-14,1207.609619140625,0.007922893333910608,-0.03832717184099166,0.07971776196400548,1158.8963208007813,1061.75822845459,41.17330116882588,17.8799991607666,15.25,65.44999694824219,0
2018-02-15,1197.9840087890625,-0.00797079635587239,-0.009753347595581552,0.08049626341429139,1161.2535229492187,1062.69789642334,40.97606738598971,17.18000030517578,16.049999237060547,64.1500015258789,0
2018-02-16,1178.510498046875,-0.016255234293044984,-0.018218320461019566,0.041637072532215935,1163.3561010742187,1063.5914251708984,34.72608275389575,16.31999969482422,20.020000457763672,63.38999938964844,0
2018-02-19,1149.3228759765625,-0.024766535485839625,-0.028678540025983024,-0.015353278403758552,1165.2058422851562,1064.3732177734375,27.693327880792708,16.3799991607666,19.46999931335449,61.790000915527344,1
2018-02-20,1144.9757080078125,-0.003782373134317285,-0.04215535548067928,-0.0184805832750643,1166.4869091796875,1065.1002270507813,27.43765405410224,16.670000076293945,17.770000457763672,61.150001525878906,1
2018-02-21,1138.0560302734375,-0.006043514885057943,-0.034944334351634354,-0.041434731240053035,1167.5949829101562,1065.813563232422,27.944611224929403,16.8700008392334,19.229999542236328,59.20000076293945,1
2018-02-22,1146.2176513671875,0.007171545931520695,-0.043317481705251404,-0.030576168119368474,1168.839677734375,1066.6104235839844,20.05849340450854,15.920000076293944,17.8799991607666,59.290000915527344,1
2018-02-23,1154.8233642578125,0.007507922147560908,-0.04371135675482363,-0.016657131536155223,1170.59271484375,1067.3491519165038,26.570533803794874,14.829999923706056,17.18000030517578,60.59999847412109,1
2018-02-26,1192.5721435546875,0.032687924807561775,-0.004517477023625149,0.015639698928518353,1173.3429272460937,1068.2922079467774,45.845754770627444,14.199999809265137,16.31999969482422,61.34000015258789,1
2018-02-27,1187.1162109375,-0.0045749287761536195,0.007302194511535687,0.006733777034307886,1175.992001953125,1069.214912109375,46.73650291711921,13.699999809265137,16.3799991607666,61.68000030517578,1
2018-02-28,1169.417236328125,-0.01490921819305091,0.017483651262478084,-0.005882703933096423,1178.0253857421876,1070.038298034668,46.60427620091063,13.920000076293944,16.670000076293945,61.68000030517578,1
2018-03-01,1166.7999267578125,-0.002238131514574415,0.01906085744646302,-0.008294555169125584,1179.7518017578125,1070.8434024047851,42.64835236639993,13.8100004196167,16.8700008392334,61.900001525878906,1
2018-03-05,1153.936279296875,-0.011024724261580743,0.013953837597628693,-0.038903332324422335,1181.185458984375,1071.5890945434571,43.37129077890927,14.06999969482422,15.920000076293944,61.68000030517578,1
2018-03-06,1138.5882568359375,-0.013300580574769238,-0.006656148177573207,-0.056878317043201565,1182.0885961914062,1072.215475769043,34.129556658582715,15.399999618530272,14.829999923706056,62.77000045776367,1
2018-03-07,1120.7562255859375,-0.015661527459938873,-0.029499869613193508,-0.07885800981235414,1182.1684448242188,1072.8475073242187,27.830584628231534,16.25,14.199999809265137,63.54999923706055,1
2018-03-08,1138.943115234375,0.016227337607631176,-0.044969210969879825,-0.0822460141850111,1182.4816162109375,1073.5648461914063,35.56082441849287,15.699999809265137,13.699999809265137,63.90999984741211,1
2018-03-09,1144.8870849609375,0.005218846882742989,-0.03557286606608878,-0.08520604118668162,1182.8506762695313,1074.2328231811523,41.19424934222935,14.59000015258789,13.920000076293944,63.0099983215332,1
2018-03-12,1162.231201171875,0.015149193696712304,-0.006144971130076393,-0.06505136523052857,1183.7768774414062,1075.0198458862305,53.60419039750561,14.529999732971191,13.8100004196167,61.63999938964844,1
2018-03-13,1155.7547607421875,-0.005572420034118286,-0.009466203898654824,-0.08030363373561389,1184.66404296875,1075.9369784545897,52.97430100457015,14.489999771118164,14.06999969482422,60.9900016784668,1
2018-03-14,1156.1983642578125,0.00038382149110960384,0.0019603205146785374,-0.08987754885544497,1185.4624926757813,1076.6127368164061,55.191621418451206,14.460000038146973,15.399999618530272,62.56999969482422,1
2018-03-15,1148.968017578125,-0.006253552074802382,0.009116342698836766,-0.09427236861490063,1186.0728662109375,1077.1982257080078,50.79126382367506,14.359999656677246,16.25,62.59999847412109,1
2018-03-16,1126.0789794921875,-0.0199213883552517,0.004749252143094074,-0.10391825260523924,1186.41974609375,1077.6842767333985,42.35843203023994,14.329999923706056,15.699999809265137,61.150001525878906,1
2018-03-19,1135.1724853515625,0.008075371288322808,-0.0033106393395569977,-0.12094682518991273,1186.4951513671874,1078.258655090332,31.997779479326184,15.220000267028809,14.59000015258789,60.119998931884766,1
2018-03-20,1147.548583984375,0.01090239482767208,0.0023246825459022347,-0.0861564244615296,1186.1012451171875,1078.914684753418,38.10668604011183,15.81999969482422,14.529999732971191,62.040000915527344,1
2018-03-21,1161.610107421875,0.012253532123822852,-0.0005343977595626548,-0.039819804075375886,1186.0027685546875,1079.5483767700196,47.60085588329736,15.609999656677246,14.489999771118164,61.36000061035156,1
2018-03-22,1149.9881591796875,-0.010005033675181907,-0.004989468145298326,-0.04197942382311581,1185.2575439453126,1080.149355773926,45.10463808544792,15.109999656677246,14.460000038146973,60.709999084472656,1
2018-03-23,1124.8370361328125,-0.02187076696930157,-0.02712452213607086,-0.04937213466579449,1184.106884765625,1080.5642587280274,42.092539260155625,15.25,14.359999656677246,60.959999084472656,1
2018-03-26,1151.008544921875,0.02326693374094435,0.0017759653119424623,-0.03710850558772605,1183.6393505859376,1081.195882873535,53.18759660973832,15.550000190734863,14.329999923706056,61.18999862670898,1
2018-03-27,1160.013427734375,0.007823471730273868,0.030135051679492708,-0.016324767072965707,1183.3554614257812,1081.833712463379,60.553295298000684,15.199999809265137,15.220000267028809,62.34000015258789,1
2018-03-28,1162.9852294921875,0.0025618684118309254,0.024500896999817057,-0.029322540301936595,1183.0316479492187,1082.5278182983398,57.038917706495006,15.550000190734863,15.81999969482422,62.060001373291016,1
2018-04-02,1185.2086181640625,0.01910891738631859,0.032817812426667814,-0.01854986961142613,1183.2090747070313,1083.3216403198242,60.777739348338216,15.760000228881836,15.609999656677246,63.400001525878906,1
2018-04-03,1180.2847900390625,-0.0041543978414764204,0.016076549694143738,-0.01477416945480814,1183.2835913085937,1084.2109091186524,55.16882968008092,15.350000381469728,15.109999656677246,65.16999816894531,1
2018-04-04,1149.8994140625,-0.02574410534897842,-7.71704616948643e-05,-0.024277326363907337,1182.268671875,1084.941324157715,48.52545796047353,15.1899995803833,15.25,64.30000305175781,1
2018-04-05,1178.865478515625,0.02519008540998402,0.04803223991322536,0.02570435441299357,1181.7008837890626,1085.7431149291992,54.99120775029689,16.34000015258789,15.550000190734863,65.87999725341797,0
2018-04-06,1167.997802734375,-0.009218758186840925,0.01476032292501639,0.020107059534581362,1180.7267797851562,1086.5745562744141,54.12421863342995,14.800000190734863,15.199999809265137,65.55000305175781,0
2018-04-09,1178.067138671875,0.008621023013850593,0.015563363755849657,0.03515741521867266,1179.4678955078125,1087.481310119629,61.93001553554491,14.75,15.550000190734863,65.25,0
2018-04-10,1197.5845947265625,0.01656735462181813,0.029750476925216596,0.044814301453223626,1178.3890966796876,1088.4016625976562,63.66816158842388,14.869999885559082,15.760000228881836,64.37999725341797,0
2018-04-11,1200.113037109375,0.002111284993098872,0.012575354850524079,0.03921783560438219,1177.5294311523437,1089.3499545288087,62.03044153638121,14.5,15.350000381469728,63.0099983215332,0
2018-04-12,1204.2828369140625,0.0034745058804885876,0.020332420681457464,0.009819693863105883,1176.481689453125,1090.308416748047,60.22970490341075,14.720000267028809,15.1899995803833,63.5099983215332,0
2018-04-13,1201.9761962890625,-0.0019153645259204488,0.04528811963002877,0.012517717485996727,1175.1136791992187,1091.3067199707032,63.045451983562,14.5600004196167,16.34000015258789,63.369998931884766,1
2018-04-16,1213.731201171875,0.009779731844195005,0.02957565836956344,0.03789405822586667,1174.0171435546874,1092.4033389282226,73.9141257409323,14.140000343322754,14.800000190734863,63.540000915527344,1
2018-04-17,1206.145751953125,-0.006249694505196968,0.032660976869513414,0.03372114129681414,1173.00666015625,1093.5226400756835,66.480992003316,14.260000228881836,14.75,62.060001373291016,1
2018-04-18,1206.6336669921875,0.0004045241118433296,0.024248642019263578,0.04566750230560612,1171.3121704101563,1094.6399069213867,64.68278347495323,14.039999961853027,14.869999885559082,63.41999816894531,1
2018-04-19,1228.7242431640625,0.018307607997496644,0.026002044928283174,0.07916468994560599,1170.771884765625,1095.8664724731445,68.47878899344482,14.109999656677246,14.5,65.51000213623047,0
2018-04-20,1211.025390625,-0.014404251106404975,0.009092771412523515,0.08054308597917381,1170.7967236328125,1097.0508673095703,57.44632607634798,13.75,14.720000267028809,66.81999969482422,0
2018-04-23,1206.545166015625,-0.0036995298728318415,0.0018785695786878165,0.059355072151552335,1170.9200390625,1098.2138717651367,57.59370660423914,12.9399995803833,14.5600004196167,67.06999969482422,0
2018-04-24,1222.513916015625,0.013235103375975221,0.017086627663650766,0.0678030454482208,1171.7051782226563,1099.467975769043,72.9079120865579,13.149999618530272,14.140000343322754,67.38999938964844,0
2018-04-25,1209.117919921875,-0.010957745280650633,-0.0038009085088575034,0.0403419893586785,1171.9802001953126,1100.620609741211,60.58354073818475,11.899999618530272,14.260000228881836,66.22000122070312,0
2018-04-26,1195.1893310546875,-0.01151962818323582,-0.009083828285839979,0.03412018851402032,1172.2986938476563,1101.696962890625,59.31324959674486,12.399999618530272,14.039999961853027,66.5199966430664,0
2018-04-27,1222.2923583984375,0.022676764793267523,0.012977170979559194,0.0571649261786078,1172.7821997070312,1102.8892037963867,63.56462660425495,12.039999961853027,14.109999656677246,68.47000122070312,0
2018-04-30,1242.830078125,0.01680262466295135,0.011480065636707781,0.08169249196746486,1173.4866088867188,1104.1040423583984,63.79124432296391,12.020000457763672,13.75,68.29000091552734,0
2018-05-02,1244.826416015625,0.0016062838563071224,0.027911079034586228,0.10545213851428725,1174.42345703125,1105.3030310058593,63.67340783257381,12.359999656677246,12.9399995803833,68.37999725341797,0
2018-05-03,1222.2923583984375,-0.018102168565247267,0.013051473601120467,0.07674593435894805,1175.2990942382812,1106.393823852539,54.95123070975225,12.84000015258789,13.149999618530272,68.63999938964844,0
2018-05-04,1214.2633056640625,-0.006568848016766937,-0.0067488886985046515,0.058136729556189204,1176.5979028320312,1107.315634765625,53.274963396778915,12.989999771118164,11.899999618530272,67.69999694824219,0
2018-05-07,1232.4061279296875,0.014941423479566396,0.01926049364094884,0.06094645703879076,1178.3465112304686,1108.3452502441405,54.81363733332327,13.25,12.399999618530272,68.05000305175781,0
2018-05-08,1210.89208984375,-0.017456938584100357,0.013138302343450148,0.05296048500839046,1179.803232421875,1109.2670770263671,51.14145170627684,13.760000228881836,12.039999961853027,68.19000244140625,0
2018-05-09,1220.4293212890625,0.007876202615662686,-0.0015242156236795479,0.08498323053523915,1181.2874658203125,1110.207448120117,53.17934816245188,14.0600004196167,12.020000457763672,68.0999984741211,0
2018-05-10,1208.496826171875,-0.009777293046830393,-0.027625057163825684,0.04994600735470822,1182.3609350585937,1111.073256225586,45.10940623895061,14.270000457763672,12.359999656677246,68.56999969482422,0
2018-05-11,1230.853515625,0.018499584747726505,-0.011224778178590356,0.061068334380389944,1183.1265625,1112.0317852783203,54.688452515101694,14.43000030517578,12.84000015258789,67.93000030517578,0
2018-05-14,1225.8409423828125,-0.0040724368729143645,0.0029032202974947907,0.05404687118689444,1183.9010571289064,1112.9932977294923,54.551118640437124,13.979999542236328,12.989999771118164,68.43000030517578,0
2018-05-15,1219.142822265625,-0.005464102140500859,0.004018499594611313,0.02863141862242613,1184.8955688476562,1113.926796875,49.168529366425155,14.25,13.25,69.72000122070312,0
2018-05-16,1208.6300048828125,-0.00862312207463578,-0.019292441434721197,0.024015572413512043,1185.7321704101562,1114.8390643310547,49.8779208736675,13.170000076293944,13.760000228881836,70.7300033569336,0
2018-05-17,1202.951904296875,-0.0046979642760797136,-0.006557302350451044,0.04613663559227743,1186.7124829101563,1115.6817498779296,52.02588143093347,13.4399995803833,14.0600004196167,69.05999755859375,0
2018-05-18,1167.1104736328125,-0.029794566629005703,-0.04368859935283487,-0.009971455689425923,1187.2829272460938,1116.337339477539,36.22680600834831,13.40999984741211,14.270000457763672,71.13999938964844,0
2018-05-21,1165.0701904296875,-0.0017481491677255878,-0.03593442266600644,-0.00250652209947122,1188.1692065429688,1117.0732211303712,28.61695621203893,14.149999618530272,14.43000030517578,71.36000061035156,0
2018-05-22,1171.19140625,0.005253945960161266,-0.04847214442467995,-0.0058364520969718114,1188.8141723632812,1117.6970681762696,30.200418824796017,14.40999984741211,13.979999542236328,70.69999694824219,0
2018-05-23,1177.1798095703125,0.005113086800633715,-0.039696122987955995,-0.017038282928905635,1189.4600268554686,1118.3679470825195,36.68502228038116,13.600000381469728,14.25,70.95999908447266,0
2018-05-24,1187.0718994140625,0.008403210591388488,-0.026306124488320926,-0.010866591139384485,1189.9568408203124,1119.146351623535,42.06175206517324,14.15999984741211,13.170000076293944,71.30999755859375,0
2018-05-25,1190.576171875,0.002952030506885972,-0.014937435720506542,-0.011381599586842372,1190.6532690429688,1119.9512606811522,36.64686843149189,13.149999618530272,13.4399995803833,71.48999786376953,0
2018-05-28,1221.138916015625,0.02567054915309841,0.015118652419757739,0.015942678220854045,1191.952080078125,1120.9041635131837,53.092383207661435,12.649999618530272,13.40999984741211,71.48999786376953,0
2018-05-29,1224.8206787109375,0.003015023636561809,0.049447080102445584,0.009136683252729538,1193.4691333007813,1121.8575076293946,51.37381899837314,13.0600004196167,14.149999618530272,71.27999877929688,0
2018-05-30,1211.5576171875,-0.010828574136579894,0.03990096660242215,0.004486908174747173,1195.1787060546876,1122.7828805541992,50.949650423809054,13.06999969482422,14.40999984741211,72.23999786376953,0
2018-05-31,1215.771728515625,0.0034782591173068145,0.0380640790461102,0.007573186273027055,1196.7906909179687,1123.8051354980469,44.72705297103144,13.40999984741211,13.600000381469728,72.12999725341797,0
2018-06-01,1217.5458984375,0.001459295260995308,0.03429050391368982,-0.00909752109861317,1198.1906372070312,1124.8196090698243,47.032664143851136,13.220000267028809,14.15999984741211,71.83999633789062,0
2018-06-04,1204.6375732421875,-0.010601920807977727,0.014797480958647302,-0.0052747179640187936,1199.0511865234375,1125.8216622924804,45.03186327181993,13.56999969482422,13.149999618530272,70.70999908447266,0
2018-06-05,1183.2569580078125,-0.01774858738369811,-0.006147623344133213,-0.0193015633925393,1199.7165625,1126.6504962158203,41.91171434797497,13.880000114440918,12.649999618530272,67.87999725341797,0
2018-06-06,1198.1612548828125,0.012595993435013053,-0.018816582480054578,-0.019920150448824225,1201.183046875,1127.5744784545898,48.55770043535432,13.31999969482422,13.0600004196167,67.87999725341797,0
2018-06-07,1202.2423095703125,0.0034060980280148367,-0.018434020206441692,-0.005686467993135658,1202.2077221679688,1128.555462036133,63.078013668750906,12.550000190734863,13.06999969482422,66.7300033569336,0
2018-06-08,1192.305908203125,-0.008264890769597688,-0.015890048241424704,-0.0024125239212251515,1202.8535717773439,1129.5018450927735,59.57570997549366,12.779999732971191,13.40999984741211,68.20999908447266,0
2018-06-11,1191.684814453125,-0.0005209181181833333,-0.019812036665722177,-0.025041098993220712,1203.4275634765625,1130.4606478881835,57.49508012872027,12.699999809265137,13.220000267028809,67.04000091552734,0
2018-06-12,1212.222900390625,0.01723449496746765,-0.004371907501562022,-0.024627001126775627,1203.9678491210936,1131.563837890625,61.58356729955234,13.18000030517578,13.56999969482422,65.80999755859375,0
2018-06-13,1205.436279296875,-0.005598492728988269,0.0006630260191351489,-0.03164307586340265,1204.47087890625,1132.6044833374024,56.197623957834686,12.729999542236328,13.880000114440918,64.75,0
2018-06-14,1191.46337890625,-0.01159157114366538,0.006935451207702448,-0.0252222631356237,1205.302158203125,1133.541774597168,50.27965505618497,12.640000343322754,13.31999969482422,65.5199966430664,0
2018-06-15,1179.8414306640625,-0.009754347844796007,-0.015289948781177842,-0.028347949608157785,1205.3216772460937,1134.3890182495118,35.21757938293885,12.100000381469728,12.550000190734863,64.7300033569336,0
2018-06-18,1173.8974609375,-0.005037939482441245,-0.02357665206687254,-0.04747515098003929,1205.4396704101562,1135.2457974243164,32.06255100715755,12.06999969482422,12.779999732971191,65.94999694824219,0
2018-06-19,1162.541748046875,-0.009673513461351257,-0.024963526517373658,-0.039929521550606584,1205.1291625976562,1136.003215942383,32.49924599155162,12.380000114440918,12.699999809265137,65.73999786376953,0
2018-06-20,1159.303466796875,-0.0027855182452075633,-0.02717274506104206,-0.050085534185317804,1204.3635400390624,1136.7593026733398,29.696947352897794,12.920000076293944,13.18000030517578,66.0999984741211,0
2018-06-21,1144.2659912109375,-0.012971129662439185,-0.056059747062845555,-0.053149361727659605,1203.2465991210938,1137.427338256836,25.94647961591876,12.170000076293944,12.729999542236328,66.36000061035156,0
2018-06-22,1153.1820068359375,0.007791908256894464,-0.043348846685962616,-0.06310377945309165,1202.2245825195312,1138.177880859375,32.65556027374262,12.449999809265137,12.640000343322754,66.63999938964844,0
2018-06-25,1125.058837890625,-0.02438745035788059,-0.05573359802009492,-0.08221466668937105,1200.6862353515626,1138.805549621582,31.235737658720822,12.020000457763672,12.100000381469728,66.88999938964844,1
2018-06-26,1126.744384765625,0.001498185533265195,-0.045003544136055895,-0.0757896743617692,1198.9464990234376,1139.4817904663087,24.828091830070136,12.579999923706056,12.06999969482422,65.05999755859375,1
2018-06-27,1093.653564453125,-0.029368524715908118,-0.06835681918954872,-0.09512955988614191,1196.6966552734375,1139.9415649414063,18.22438419404594,12.800000190734863,12.380000114440918,65.8499984741211,1
2018-06-28,1095.6051025390625,0.0017844207245951704,-0.05757784236159191,-0.08923615430872667,1194.476083984375,1140.2190270996093,20.315901731119297,13.510000228881836,12.920000076293944,65.06999969482422,1
2018-06-29,1131.2247314453125,0.03251137551632577,-0.024220349680436404,-0.03074751105248852,1192.52609375,1140.472978515625,34.723175824019904,13.949999809265137,12.170000076293944,66.22000122070312,0
2018-07-02,1114.2353515625,-0.015018571827992155,-0.026244457039798164,-0.04363242599867667,1190.59029296875,1140.5869787597655,24.788753096780354,12.9399995803833,12.449999809265137,65.54000091552734,1
2018-07-03,1110.2877197265625,-0.0035429066493014583,-0.03719645888949219,-0.05200148003001748,1188.6651440429687,1140.7118481445314,25.156258067888515,13.369999885559082,12.020000457763672,68.58000183105469,1
2018-07-04,1117.3848876953125,0.00639218811723663,-0.006820932325370954,-0.050795062393081625,1186.5625634765624,1140.9127911376954,29.937390612096195,13.0,12.579999923706056,68.08000183105469,0
2018-07-05,1112.90478515625,-0.004009453312280864,-0.012282821016457723,-0.062479041323799556,1184.63830078125,1141.0993182373047,31.14210389115523,12.65999984741211,12.800000190734863,70.52999877929688,1
2018-07-06,1123.41748046875,0.009446176755385283,0.027215122761939936,-0.05640856334331301,1183.2028637695312,1141.2250732421876,36.135314226246116,12.579999923706056,13.510000228881836,72.76000213623047,1
2018-07-09,1142.669189453125,0.017136736181407874,0.04295716294583851,-0.06425945937300381,1181.610400390625,1141.5005389404296,44.768759342878326,12.4399995803833,13.949999809265137,73.44999694824219,1
2018-07-10,1139.65283203125,-0.002639746874875115,0.0074504210804950954,-0.0695349516545739,1179.54685546875,1141.7163427734374,44.82112753992459,12.390000343322754,12.9399995803833,74.1500015258789,1
2018-07-11,1130.9141845703125,-0.007667815334045369,0.014968860020841745,-0.06656178086221975,1177.2686108398439,1141.92349609375,46.36032690439111,12.399999618530272,13.369999885559082,73.94000244140625,1
2018-07-12,1153.0933837890625,0.01961174377450825,0.03855366793847104,-0.051554369341264894,1175.8846313476563,1142.433394165039,49.97747065599492,12.779999732971191,13.0,74.13999938964844,1
2018-07-13,1151.895751953125,-0.0010386251909642041,0.030885386618207944,-0.05392005884018425,1174.6372802734375,1143.0242462158203,57.90445961552014,12.510000228881836,12.65999984741211,74.13999938964844,1
2018-07-16,1138.3221435546875,-0.011783712523830814,0.022838753806660117,-0.05505010897926521,1172.7556005859376,1143.5574328613282,53.186899589730146,12.300000190734863,12.579999923706056,72.94000244140625,1
2018-07-17,1141.64892578125,0.00292253141643517,0.016228557619463846,-0.03516398694719336,1171.3707373046875,1144.221254272461,65.80020543023811,12.949999809265137,12.4399995803833,73.80000305175781,1
2018-07-18,1146.350830078125,0.004118520318019403,0.003221965428823692,-0.04324161259058146,1169.8891674804688,1144.9256631469727,66.40849923702328,12.829999923706056,12.390000343322754,73.8499984741211,1
2018-07-19,1116.1429443359375,-0.02635134458805144,-0.02062899071940172,-0.07161565064628894,1168.04208984375,1145.4404415893555,44.94648303032683,13.68000030517578,12.399999618530272,74.11000061035156,1
2018-07-20,1127.0106201171875,0.009736813583242077,-0.0034516893557295925,-0.05476387195324839,1165.9652319335937,1146.041273803711,54.4637868335456,13.59000015258789,12.779999732971191,70.37999725341797,1
2018-07-23,1134.81787109375,0.006927397876473229,-0.015849117644972655,-0.04771978518956943,1164.1447705078126,1146.6660610961915,58.345938357899634,13.539999961853027,12.510000228881836,70.33000183105469,1
2018-07-24,1174.6070556640625,0.03506217656932309,0.019716457563480727,-0.031030468665821487,1163.2540551757813,1147.5175173950195,65.92595763533008,13.010000228881836,12.300000190734863,71.01000213623047,1
2018-07-25,1171.6793212890625,-0.0024925223808951458,0.02930381168744467,-0.02800393400097656,1162.5150415039063,1148.3110858154296,66.50059185143604,12.470000267028809,12.949999809265137,68.05999755859375,1
2018-07-26,1158.5938720703125,-0.01116811484250968,0.01484251936510761,-0.027587509123537912,1161.627880859375,1149.0429983520507,59.73492912772954,12.210000038146973,12.829999923706056,68.08000183105469,1
2018-07-27,1163.47314453125,0.004211374303420667,0.014936365032298227,-0.01387329323026043,1161.5551342773438,1149.7915454101562,56.25500066797913,12.029999732971191,13.68000030517578,68.76000213623047,1
2018-07-30,1149.189697265625,-0.012276559482926164,0.02960799340029796,-0.021047633625634443,1161.2375244140626,1150.507931213379,52.685447313315244,12.3100004196167,13.59000015258789,69.45999908447266,1
2018-07-31,1155.3558349609375,0.005365639554534951,0.025150796574394896,-0.00618120863015037,1160.9208129882813,1151.2116757202148,56.983601479968534,12.59000015258789,13.539999961853027,70.45999908447266,1
2018-08-01,1151.541015625,-0.003301856640613665,0.014736412738312055,-0.006695788802669966,1160.408037109375,1151.9185256958008,49.504443524798866,12.479999542236328,13.010000228881836,67.88999938964844,1
2018-08-02,1137.701171875,-0.012018541729916898,-0.03141977022111264,-0.005737144498186297,1159.4206225585938,1152.5293395996093,45.807143454669756,12.529999732971191,12.470000267028809,68.5199966430664,1
2018-08-03,1144.443603515625,0.00592636432773741,-0.02324502726861577,-0.007577644524899063,1158.4979711914064,1153.1559017944337,51.88422395012575,12.5600004196167,12.210000038146973,69.30000305175781,1
2018-08-06,1144.8427734375,0.0003487895084115511,-0.011868782464937833,0.01758480079492375,1156.9720483398437,1153.8170629882814,51.00112954227518,12.079999923706056,12.029999732971191,69.61000061035156,1
2018-08-07,1149.1455078125,0.003758362698207618,-0.012314540121613593,0.01988128216989926,1155.458544921875,1154.5070556640626,50.878205138040926,12.5600004196167,12.3100004196167,68.69000244140625,1
2018-08-08,1151.7626953125,0.00227750748900557,0.00223896720706529,0.05313303293482341,1154.262646484375,1155.2278787231446,63.54133118501324,12.579999923706056,12.59000015258789,70.12999725341797,1
2018-08-09,1139.7415771484375,-0.010437148392621665,-0.013514674302075869,0.04028502104187792,1152.7420434570313,1155.858432006836,54.79776976299131,12.539999961853027,12.479999542236328,68.76000213623047,1
2018-08-10,1121.9537353515625,-0.015606907875888032,-0.025693639976322458,-0.008195538725452756,1150.8302001953125,1156.1265765380858,45.49121586526572,12.68000030517578,12.529999732971191,67.66000366210938,1
2018-08-13,1125.857177734375,0.003479147365723856,-0.010410461405348959,0.010430315422659708,1149.2545922851561,1156.328627319336,27.170745371084934,12.850000381469728,12.5600004196167,68.95999908447266,1
2018-08-14,1126.037109375,0.0001598174654684481,-0.016083356212645117,0.014184962481901708,1148.1101953125,1156.5264770507813,28.061444220828363,13.399999618530272,12.079999923706056,68.48999786376953,0
2018-08-16,1106.629638671875,-0.017235196372788253,-0.03337850022050315,-0.009625375411708825,1146.2795629882812,1156.5727282714843,26.453711232431175,13.279999732971191,12.5600004196167,69.01000213623047,1
2018-08-17,1114.2669677734375,0.006901431910615097,-0.030351717691049274,0.0012239884627651687,1144.5200561523438,1156.7221514892578,28.247164987118722,13.649999618530272,12.579999923706056,69.16999816894531,1
2018-08-20,1189.3359375,0.06737072164722568,0.03262238162463271,0.05867672363772125,1144.4606567382812,1157.2779705810547,61.543677965649564,13.15999984741211,12.539999961853027,66.94000244140625,0
2018-08-21,1188.3028564453125,-0.0008686200610897865,0.04260727192068603,0.039936026466266705,1144.393017578125,1157.847918701172,59.76176973533829,13.029999732971191,12.68000030517578,66.80999755859375,0
2018-08-23,1214.8084716796875,0.02230543761685788,0.08276164462256475,0.06594608247011902,1144.4447290039063,1158.4437145996094,66.52356300694944,12.899999618530272,12.850000381469728,67.62999725341797,0
2018-08-24,1206.5870361328125,-0.006767680452135272,0.07170523934562878,0.06691299180339816,1144.467744140625,1159.0440924072266,68.53486925384664,12.760000228881836,13.399999618530272,67.19999694824219,0
2018-08-27,1218.447021484375,0.00982936580321181,0.08206648905262681,0.05667679531779157,1145.0074169921875,1159.7643182373047,69.37817090135428,12.40999984741211,13.279999732971191,67.04000091552734,0
2018-08-28,1217.9979248046875,-0.00036858121179561554,0.1006373607221216,0.057385551374316,1145.770546875,1160.4505828857423,69.15104053154957,12.239999771118164,13.649999618530272,65.45999908447266,0
2018-08-29,1214.359130859375,-0.0029875206445002522,0.08982781144984009,0.06679742438045122,1146.5797802734376,1161.1288562011719,67.13160774092255,12.43000030517578,13.15999984741211,65.91000366210938,0
2018-08-30,1209.866455078125,-0.003699626961317981,0.017262168686570156,0.05975350894338427,1147.5262744140625,1161.5670886230469,65.11490843779652,12.4399995803833,13.029999732971191,66.43000030517578,0
2018-08-31,1230.5318603515625,0.017080732494648032,0.035537240087576416,0.0734339157478523,1148.9508422851563,1162.2168811035156,72.60139348426982,12.40999984741211,12.899999618530272,67.3499984741211,0
2018-09-03,1224.64697265625,-0.004782393601439283,0.00809880833557175,0.09721338012387681,1150.5584619140625,1162.9718780517578,77.17498254044447,12.600000381469728,12.760000228881836,67.83000183105469,0
2018-09-04,1221.3223876953125,-0.002714729252730308,0.012212423241118042,0.08368312231904107,1151.92126953125,1163.7133563232421,75.33991177619902,13.390000343322754,12.40999984741211,68.72000122070312,0
2018-09-05,1211.1693115234375,-0.008313182722404888,-0.005972939186203896,0.067280787846687,1153.6434790039064,1164.3605987548829,71.46091784879688,13.779999732971191,12.239999771118164,68.87000274658203,0
2018-09-06,1210.360595703125,-0.0006677149202990451,-0.006270395824185981,0.030438724053849064,1155.3158032226563,1164.988271484375,78.85524903902314,13.649999618530272,12.43000030517578,68.52999877929688,0
2018-09-07,1210.72021484375,0.00029711735651472004,-0.0029965731908729865,0.033320459655919565,1157.6571362304687,1165.5866918945312,77.9629838035561,13.720000267028809,12.4399995803833,69.51000213623047,0
2018-09-10,1201.106201171875,-0.007940739366539606,-0.007240678398414135,0.03669303810971858,1159.767158203125,1166.1687579345703,55.49955853868318,13.890000343322754,12.40999984741211,70.25,0
2018-09-11,1194.68212890625,-0.0053484631578434305,-0.029133525591991005,0.02682398345135306,1161.0363061523437,1166.7184814453126,52.837704727534955,15.199999809265137,12.600000381469728,69.80000305175781,0
2018-09-12,1214.9879150390625,0.016996810818123542,-0.007887217976162653,0.05725618488400763,1163.051357421875,1167.399677734375,50.08448198177488,15.329999923706056,13.390000343322754,69.80000305175781,0
2018-09-14,1220.9180908203125,0.004880851659384122,-0.00033103206743223534,0.05674637533776905,1165.26396484375,1168.0992126464844,56.89583876659641,14.25,13.779999732971191,69.87000274658203,0
2018-09-17,1208.2493896484375,-0.01037637272076386,-0.0024108288141211354,0.049245639759222026,1167.0812548828126,1168.7076794433594,45.13098245290915,13.84000015258789,13.649999618530272,68.72000122070312,0
2018-09-18,1193.1097412109375,-0.012530234707509469,-0.014252657062225449,0.048702216984290114,1168.6853540039062,1169.298335571289,39.57869900879977,14.5,13.720000267028809,67.7699966430664,1
2018-09-19,1197.6021728515625,0.0037653130181181105,-0.010834907876615008,0.04644926947264083,1170.1690478515625,1169.8841741943359,43.033249052731364,14.420000076293944,13.890000343322754,67.75,1
2018-09-21,1194.726806640625,-0.002400936033784107,-0.005311266002145265,0.04357282446160138,1171.2102001953126,1170.4614025878907,43.61984953989498,14.010000228881836,15.199999809265137,67.54000091552734,1
2018-09-24,1184.529052734375,-0.008535636640584321,-0.008498558676164558,0.030791178907561223,1172.107724609375,1171.0093774414063,28.73761144480767,15.539999961853027,15.329999923706056,69.25,1
2018-09-25,1185.1580810546875,0.0005310366333863836,-0.02455154789207592,0.028995022914096502,1173.1926025390626,1171.5345483398437,30.816289013159064,17.43000030517578,14.25,70.37000274658203,1
2018-09-26,1197.377685546875,0.010310527082862286,-0.019280904632694162,0.05056945324626971,1174.0782885742187,1172.1545288085938,39.29300130019989,16.68000030517578,13.84000015258789,68.98999786376953,1
2018-09-27,1176.936767578125,-0.01707140379805394,-0.0259156945069291,0.04900650578905874,1174.5791088867188,1172.7550335693359,35.98242911312808,17.09000015258789,14.5,68.91000366210938,1
2018-09-28,1142.9736328125,-0.028857229803019635,-0.04202137210576473,0.015203042993934046,1174.672138671875,1173.0652899169922,28.29870775191604,16.920000076293945,14.420000076293944,69.8499984741211,1
2018-10-01,1121.4097900390625,-0.018866439394910284,-0.0636207787023978,-0.004109384404307859,1174.2673559570312,1173.2590771484374,24.694503378189083,17.0,14.010000228881836,71.12000274658203,1
2018-10-03,1119.02880859375,-0.0021232037266497583,-0.06336009004412091,0.011204444096360788,1173.7209155273438,1173.434306640625,25.74995816334186,16.84000015258789,15.539999961853027,70.77999877929688,1
2018-10-04,1130.2152099609375,0.009996526703584196,-0.045852689427970605,0.014312765835074792,1174.0023608398437,1173.7495251464843,31.4743604584676,18.1200008392334,17.43000030517578,72.08000183105469,1
2018-10-05,1102.81103515625,-0.024246864281391667,-0.0694819089662333,-0.07275059940223993,1173.518369140625,1173.988272705078,19.02768237696216,18.920000076293945,16.68000030517578,72.27999877929688,1
2018-10-08,1091.9840087890625,-0.009817662339272393,-0.08802041162949881,-0.08105580756102704,1172.6616918945313,1174.1748803710936,15.338253188783042,19.729999542236328,17.09000015258789,71.56999969482422,1
2018-10-09,1097.10546875,0.00469005033014791,-0.06782972630925632,-0.09689017295618818,1171.11166015625,1174.3216674804687,18.85709008445096,20.149999618530277,16.920000076293945,72.12000274658203,1
2018-10-10,1123.7010498046875,0.024241590086128584,-0.01686179143117128,-0.06869457722153205,1170.1520947265626,1174.5377770996095,31.724715583662572,19.76000022888184,17.0,73.25,1
2018-10-11,1101.418212890625,-0.019829862148776578,-0.01782718264635541,-0.09604751501725484,1169.0085815429688,1174.6336010742189,26.844134265047046,17.90999984741211,16.84000015258789,75.30000305175781,1
2018-10-12,1109.8642578125,0.007668335989931219,-0.00818973623455399,-0.08877984501453673,1167.9364038085937,1174.7157653808595,30.10338771940269,20.549999237060547,18.1200008392334,76.41000366210938,1
2018-10-15,1092.9276123046875,-0.015260105358464227,-0.032991590740969357,-0.09999638119306031,1166.811162109375,1174.5965844726563,29.1812713313184,18.6299991607666,18.920000076293945,74.33000183105469,1
2018-10-16,1100.3402099609375,0.006782331759940474,-0.002240479208627466,-0.09052754926585271,1165.710849609375,1174.4818627929687,31.299628806669418,18.88999938964844,19.729999542236328,74.33999633789062,1
2018-10-17,1088.8843994140625,-0.010411153244396787,-0.0028385116906952668,-0.11511076267219233,1164.4577172851561,1174.2941143798828,25.998914414256276,17.3700008392334,20.149999618530277,74.29000091552734,1
2018-10-19,1083.628173828125,-0.0048271658486115365,-0.012284411395041661,-0.11515057153348962,1163.3762573242188,1174.1326495361327,27.87141995273116,17.979999542236328,19.76000022888184,74.95999908447266,1
2018-10-22,1084.122314453125,0.0004560057009723728,-0.03522176593004145,-0.11233731128198665,1162.1698315429687,1173.9962786865235,33.409430653478,19.790000915527344,17.90999984741211,73.16999816894531,1
2018-10-23,1078.8211669921875,-0.00488980568914088,-0.02051631762937034,-0.10927303331751315,1160.8493994140624,1173.809005126953,36.782017670147155,21.36000061035156,20.549999237060547,70.97000122070312,1
2018-10-24,1095.1739501953125,0.015158011080480982,-0.01323613001660362,-0.09516721373509196,1159.7699682617188,1173.692628173828,43.18716326976001,19.040000915527344,18.6299991607666,71.33999633789062,1
2018-10-25,1079.5849609375,-0.014234258635381525,-0.012208174829668295,-0.10831177368519751,1158.3264135742188,1173.5468780517579,35.8949385246041,18.8799991607666,18.88999938964844,71.77999877929688,1
2018-10-26,1075.901123046875,-0.003412272330494459,-0.02221048244245305,-0.10424147173900367,1157.0496044921874,1173.2693725585937,41.36146827530319,18.959999084472656,17.3700008392334,71.91999816894531,1
2018-10-29,1133.27001953125,0.05332171819089693,0.04076247225240048,-0.05140456016632955,1157.2759301757812,1173.0995031738282,60.2043063762923,19.229999542236328,17.979999542236328,69.75,1
2018-10-30,1142.2099609375,0.007888624292688773,0.05406078258598934,-0.05990014649587905,1157.6029858398438,1172.9778833007813,60.9415587107595,19.82999992370605,19.790000915527344,69.12000274658203,1
2018-10-31,1165.79541015625,0.020648961246487074,0.07533568363485288,-0.0451485493404612,1158.3981518554688,1172.8706134033202,60.36269134213106,20.5,21.36000061035156,69.16999816894531,1
2018-11-01,1192.0762939453125,0.02254330696458995,0.10498044571083676,-0.013385560830145193,1160.1070849609375,1172.919144897461,71.88715488883295,19.799999237060547,19.040000915527344,66.43000030517578,1
2018-11-02,1220.333984375,0.023704598919726427,0.11428324619789088,0.022817886924995978,1162.2284252929687,1173.1488885498047,74.34164941621012,19.190000534057617,18.8799991607666,66.81999969482422,1
2018-11-05,1213.10107421875,-0.005926992322478286,0.12367355799890545,0.01294161092767876,1162.7037280273437,1173.3433544921875,77.6628011206056,18.229999542236328,18.959999084472656,67.33000183105469,1
2018-11-06,1225.410400390625,0.010146991403665373,0.1389619121507657,0.025682518864942105,1163.44587890625,1173.574526977539,78.15526056754871,19.479999542236328,19.229999542236328,67.58999633789062,1
2018-11-07,1227.29736328125,0.0015398619842164063,0.08296993843434786,0.03610575059189003,1163.6956567382813,1173.829327392578,82.5617518828387,18.51000022888184,19.82999992370605,67.04000091552734,1
2018-11-09,1229.6783447265625,0.001940020011895749,0.07657820083907385,0.0375648315474133,1164.1574829101562,1174.0949243164061,84.82958743385265,17.719999313354492,20.5,66.18000030517578,1
2018-11-12,1228.4202880859375,-0.0010230778203260682,0.05371858336729418,0.025925489437265137,1164.3569482421874,1174.233798828125,84.28680405493597,17.770000457763672,19.799999237060547,65.30999755859375,1
2018-11-13,1249.8944091796875,0.017481086320391137,0.04850202585861285,0.061989431897597314,1164.9948779296874,1174.446996459961,87.74770863119063,19.3700008392334,19.190000534057617,63.68999862670898,1
2018-11-14,1244.1441650390625,-0.004600583936045344,0.01951120018693664,0.08851519345867453,1165.5905786132812,1174.5842022705078,84.48411886577698,18.700000762939453,18.229999542236328,63.13999938964844,1
2018-11-15,1256.543212890625,0.00996592533243379,0.03581081543419806,0.12050315955138524,1166.5241137695311,1174.6618615722657,91.5769052948215,18.82999992370605,19.479999542236328,63.09999847412109,1
2018-11-16,1257.03759765625,0.00039344827981491193,0.025809473508257463,0.12332907607260934,1167.054228515625,1174.6894268798828,93.20614163305571,18.450000762939453,18.51000022888184,62.209999084472656,1
2018-11-19,1273.3450927734375,0.012972957330467105,0.03751961901806444,0.12663949445296074,1168.0281909179687,1174.8406707763672,91.55112566925666,18.350000381469727,17.719999313354492,61.66999816894531,1
2018-11-20,1269.6612548828125,-0.002893039688558696,0.03251493394814631,0.15129538461947156,1168.9949682617187,1174.9056274414063,89.02333369463247,19.26000022888184,17.770000457763672,60.18999862670898,0
2018-11-21,1259.7777099609375,-0.007784395155688406,0.025526623240535562,0.15365948568967336,1169.9671362304687,1174.8526324462891,81.41130410870824,19.32999992370605,19.3700008392334,59.93000030517578,0
2018-11-22,1267.0106201171875,0.005741417790662728,0.013694125529158496,0.15486674363292607,1171.10013671875,1174.8448956298828,78.69914107630078,19.559999465942383,18.700000762939453,55.68999862670898,0
2018-11-26,1277.65771484375,0.008403319244141505,0.026937030889531366,0.13700856207780698,1172.43888671875,1174.9498345947266,75.37775126133253,19.15999984741211,18.82999992370605,56.25,0
2018-11-27,1286.283447265625,0.006751207558692629,0.023668294150094304,0.16784290672825275,1174.142431640625,1174.9244610595704,82.00383932899291,20.399999618530277,18.450000762939453,56.459999084472656,0
2018-11-28,1260.946044921875,-0.01969814848944229,0.0031092524781377584,0.1361263650449933,1175.4677099609376,1174.9504986572265,63.950666508202445,18.31999969482422,18.350000381469727,56.459999084472656,0
2018-11-29,1278.0621337890625,0.013574005752361895,0.0037044482618227015,0.16939321451855038,1176.7291943359376,1175.2918920898437,67.8008398217626,17.959999084472656,19.26000022888184,56.7599983215332,0
2018-11-30,1287.092041015625,0.0070653116056194065,0.013728690283158596,0.16972189997611498,1178.0526733398438,1175.7254553222656,69.2353749019486,18.700000762939453,19.32999992370605,53.43000030517578,0
2018-12-03,1282.599609375,-0.003490373258061674,0.01811581458666245,0.1779024569230463,1179.539677734375,1176.2221685791017,67.76671264757991,19.15999984741211,19.559999465942383,54.630001068115234,0
2018-12-04,1275.7708740234375,-0.005324136466009155,0.0069141124526956865,0.1773142345649168,1181.192900390625,1176.6241888427735,59.38717237005953,18.21999931335449,19.15999984741211,54.630001068115234,0
2018-12-05,1253.218994140625,-0.01767706125135926,-0.019127752620437755,0.15597564724308732,1182.3052368164062,1176.993960571289,52.93435949012144,18.11000061035156,20.399999618530277,51.630001068115234,0
2018-12-06,1239.4718017578125,-0.010969505287652837,-0.03639294714343444,0.1489131282189502,1183.20013671875,1177.2007342529296,44.527644495087955,18.38999938964844,18.31999969482422,51.560001373291016,0
2018-12-07,1257.80126953125,0.01478812809411445,-0.002493980930659001,0.1484945102163311,1184.6655810546874,1177.4516925048829,50.219681125261786,19.309999465942383,17.959999084472656,50.290000915527344,0
2018-12-10,1228.914794921875,-0.022965849462165178,-0.03845457710375999,0.13832152112854423,1185.5407153320311,1177.6063464355468,38.081534897824326,18.59000015258789,18.700000762939453,51.45000076293945,0
2018-12-11,1223.2091064453125,-0.004642867430793007,-0.049633540208906424,0.13691591192067154,1186.05734375,1177.829839477539,37.67288719345484,20.440000534057617,19.15999984741211,50.93000030517578,0
2018-12-12,1258.16064453125,0.028573641172037867,-0.01905424316763893,0.11020376684071986,1187.6818212890626,1178.3740283203124,49.6212651864169,17.950000762939453,18.21999931335449,52.95000076293945,0
2018-12-13,1281.656005859375,0.01867437312576148,0.004613000622421648,0.12208442378441609,1190.45546875,1179.0574298095703,53.1873133372758,15.8100004196167,18.11000061035156,53.25,0
2018-12-14,1268.1339111328125,-0.010550486764579037,0.011901285459222644,0.08778427165264469,1193.389951171875,1179.7078192138672,47.952926680670835,15.550000190734863,18.38999938964844,53.25,0
2018-12-17,1265.0789794921875,-0.0024089976727268425,0.020659750143616762,0.061239944051956874,1196.3109545898437,1180.3021258544923,45.330424352428274,15.15999984741211,19.309999465942383,51.4900016784668,0
2018-12-18,1283.4981689453125,0.014559715046817523,0.0204300154853867,0.05175975214904982,1199.3766137695313,1180.9454998779297,55.12243298861595,14.539999961853027,18.59000015258789,52.61000061035156,0
2018-12-19,1289.1136474609375,0.004375135587641132,0.04898537537981995,0.06265971967021833,1203.102666015625,1181.428207397461,52.6485869756012,14.579999923706056,20.440000534057617,51.0,0
2018-12-20,1303.534423828125,0.011186582653585964,0.06566769079756174,0.0637533543150901,1207.3336743164064,1182.010298461914,53.8412969653138,14.65999984741211,17.950000762939453,51.650001525878906,0
2018-12-21,1275.86083984375,-0.021229653378163404,0.014068311061418148,0.03956944585349942,1210.9087817382813,1182.5425164794922,48.579531711715234,14.329999923706056,15.8100004196167,51.150001525878906,0
2018-12-24,1262.2039794921875,-0.010704035992855632,-0.015177259949829214,0.02645052253307556,1213.6788403320313,1183.019536743164,47.220246331095325,15.989999771118164,15.550000190734863,52.58000183105469,0
2018-12-26,1278.241943359375,0.0127063169881938,0.007970792467439924,0.04055749954363508,1217.2153149414062,1183.6410650634766,55.26762109556486,15.75,15.15999984741211,51.20000076293945,0
2018-12-27,1280.3984375,0.001687078218508109,0.012109487436082311,0.024405284235435865,1220.6259985351562,1184.350115966797,59.057535045939964,15.920000076293944,14.539999961853027,49.880001068115234,0
2018-12-28,1293.2916259765625,0.010069669017822802,0.007630285159890393,0.03950302731673938,1224.6332788085938,1185.21279296875,58.04807858929905,16.06999969482422,14.579999923706056,46.2400016784668,0
2018-12-31,1291.629638671875,-0.0012850831717343691,0.0019517218019473592,0.027922975844607123,1228.4590673828125,1185.9762255859375,66.22507939475551,15.270000457763672,14.65999984741211,47.20000076293945,0
2019-01-01,1295.5379638671875,0.0030258868938091155,-0.0061344447946791725,0.03062785574808702,1232.592138671875,1186.7294799804688,68.88799773542178,16.0,14.329999923706056,45.880001068115234,0
2019-01-02,1280.8026123046875,-0.011373924943515301,0.003873284849421843,0.00585663664435776,1236.5356274414062,1187.322337036133,56.61073225114104,15.329999923706056,15.989999771118164,45.59000015258789,0
2019-01-03,1253.3985595703125,-0.021396000032404605,-0.006976225764569022,-0.012808688341049645,1239.92115234375,1187.8105560302733,41.933831528462,16.389999389648438,15.75,42.52999877929688,0
2019-01-04,1247.154052734375,-0.00498206000657786,-0.02432081875149339,-0.010020543407577742,1243.2878100585938,1188.2653344726561,43.75163146815774,16.790000915527344,15.920000076293944,46.220001220703125,0
2019-01-07,1243.3355712890625,-0.0030617560332185656,-0.02894635382662869,-0.01868575405148165,1246.2510424804686,1188.7371722412108,43.55354493141761,16.15999984741211,16.06999969482422,44.61000061035156,0
2019-01-08,1241.8978271484375,-0.0011563604981834619,-0.039738754814342525,-0.02798862894173948,1249.4972998046876,1189.3162664794922,36.28543235155396,16.299999237060547,15.270000457763672,45.33000183105469,0
2019-01-09,1245.357177734375,0.00278553558136152,-0.035824867711366504,-0.03181745797806146,1252.8864208984376,1189.8671899414062,35.366577534649224,15.699999809265137,16.0,45.40999984741211,0
2019-01-10,1251.2421875,0.004725559759756193,-0.03419102921149786,-0.007695695990288187,1255.2458642578124,1190.3856579589844,31.453089145776502,15.270000457763672,15.329999923706056,45.40999984741211,0
2019-01-11,1230.5767822265625,-0.016515911531665428,-0.03921434075446506,-0.037154180776579726,1257.0132006835938,1190.7304913330079,33.09851390373406,15.350000381469728,16.389999389648438,46.540000915527344,0
2019-01-14,1198.5006103515625,-0.02606596543855033,-0.04379927581660059,-0.06883068797019076,1257.6673046875,1190.9730535888673,29.097754600145805,15.350000381469728,16.790000915527344,47.09000015258789,0
2019-01-15,1204.7900390625,0.005247747607815212,-0.03396854909703595,-0.06066551848586321,1257.9215795898438,1191.3728186035157,24.251884943558665,16.15999984741211,16.15999984741211,47.959999084472656,0
2019-01-16,1205.9132080078125,0.0009322528481281456,-0.03009836133172905,-0.05475721968421554,1257.6331640625,1191.6473419189454,23.69912198654316,15.579999923706056,16.299999237060547,48.52000045776367,0
2019-01-17,1209.4173583984375,0.002905806460494764,-0.02615389772005594,-0.0349513021642508,1257.5594897460937,1191.8943615722656,18.280659963622597,16.079999923706055,15.699999809265137,49.77999877929688,0
2019-01-18,1184.1248779296875,-0.02091294646394304,-0.049168464196018724,-0.04465363693601765,1256.733779296875,1192.0000598144532,15.50877242453224,16.239999771118164,15.270000457763672,52.36000061035156,0
2019-01-21,1181.11474609375,-0.002542072962102071,-0.05604625715695033,-0.06096871206536392,1255.810126953125,1191.9795904541015,13.076286148491349,16.6200008392334,15.350000381469728,52.59000015258789,1
2019-01-22,1169.07470703125,-0.010193792857399742,-0.049978250917454226,-0.04869343923427105,1254.5980541992187,1191.9235400390626,13.307778097596838,18.149999618530277,15.350000381469728,51.59000015258789,1
2019-01-23,1169.34423828125,0.0002305509206375067,-0.0243273735686792,-0.044035699113290305,1253.416533203125,1192.0207641601562,16.409336287632428,17.989999771118164,16.15999984741211,50.5099983215332,1
2019-01-24,1163.8636474609375,-0.004686892568409151,-0.03396972939235876,-0.07494829653127844,1251.69591796875,1191.9457550048828,16.51014195696625,18.09000015258789,15.579999923706056,52.11000061035156,1
2019-01-25,1154.96826171875,-0.007642979279912643,-0.04224594767746537,-0.09884691645920896,1249.9123999023439,1191.8806072998048,15.862522977442723,17.43000030517578,16.079999923706055,52.310001373291016,1
2019-01-28,1168.446044921875,0.011669397030069195,-0.033876902123199604,-0.07860988917320821,1248.1504565429686,1191.8325018310547,24.039550923237414,17.690000534057617,16.239999771118164,52.06999969482422,1
2019-01-29,1148.31982421875,-0.01722477541055023,-0.030237565630357066,-0.09229396517228161,1245.9761010742188,1191.5861779785157,19.31828883643162,18.899999618530277,16.6200008392334,53.79999923706055,1
2019-01-30,1163.054931640625,0.012831884559599827,-0.015290482582537734,-0.09383982012507208,1243.7702978515624,1191.400887451172,23.594352408647723,18.43000030517578,18.149999618530277,53.79999923706055,1
2019-01-31,1180.89013671875,0.015334791670558845,0.010106650684030383,-0.0839518772882023,1241.9948754882812,1191.2839239501952,34.8659724664829,17.850000381469727,17.989999771118164,52.56999969482422,1
2019-02-01,1190.1446533203125,0.0078368988899149,0.017788102389451943,-0.08698640284068426,1240.6022143554687,1191.2247662353516,47.04389163642268,17.1200008392334,18.09000015258789,52.619998931884766,1
2019-02-04,1174.6904296875,-0.012985164105638547,0.009302449002666302,-0.07929580327008079,1238.755810546875,1191.0295623779298,40.00003244425267,15.720000267028809,17.43000030517578,53.130001068115234,1
2019-02-05,1172.1746826171875,-0.0021416255778824445,0.014897743486762094,-0.07132705833428032,1236.6461499023437,1190.85970703125,38.89384485313737,15.720000267028809,17.690000534057617,53.68999862670898,1
2019-02-06,1180.9801025390625,0.007512037286298234,0.01072711715843555,-0.0760903218092629,1234.5400830078124,1190.7314392089843,40.95463299475041,15.779999732971191,18.899999618530277,51.9900016784668,1
2019-02-07,1164.49267578125,-0.013960799781778888,0.014083926116579049,-0.0905231983452417,1232.611015625,1190.4102813720704,43.38481180728026,15.630000114440918,18.43000030517578,53.310001373291016,1
2019-02-08,1133.67431640625,-0.02646505213467676,-0.02526158862757255,-0.12341942556829422,1229.7232592773437,1190.0235260009765,36.537563548137236,15.4399995803833,17.850000381469727,54.22999954223633,1
2019-02-11,1119.9722900390625,-0.012086386865165055,-0.051586379448434805,-0.13289982166197434,1226.3808642578124,1189.5906616210937,36.19613880216251,15.56999969482422,17.1200008392334,53.790000915527344,1
2019-02-12,1120.2867431640625,0.0002807686652577246,-0.058696991127387466,-0.13527293339980495,1223.1346069335937,1189.079525756836,36.212249815936445,15.84000015258789,15.720000267028809,55.2599983215332,1
2019-02-14,1102.9908447265625,-0.015438813806410545,-0.06103700443018978,-0.13882839234545985,1219.6790063476562,1188.5488903808593,33.95701108245697,15.75,15.720000267028809,54.560001373291016,1
2019-02-15,1116.9173583984375,0.012626137141988236,-0.04714086137347173,-0.10888890858360589,1216.9529736328125,1188.1575305175782,40.230778440036026,15.770000457763672,15.779999732971191,53.65999984741211,1
2019-02-18,1118.17529296875,0.0011262557259530404,-0.053180243625853274,-0.10341846661432097,1214.5270434570311,1187.6369451904297,36.22938343237846,16.459999084472656,15.630000114440918,54.0099983215332,1
2019-02-19,1130.574462890625,0.011088753257063377,-0.02912702981825932,-0.09069241723819521,1211.9825073242187,1187.0756671142578,44.92415386269901,18.0,15.4399995803833,52.63999938964844,1
2019-02-20,1146.971923828125,0.014503654094198515,0.011729653948612473,-0.07643616185260182,1210.3436499023437,1186.5863946533202,45.44298683726297,18.46999931335449,15.56999969482422,52.720001220703125,1
2019-02-21,1153.755615234375,0.005914435449831057,0.030164429509353496,-0.07355445019126705,1208.954580078125,1186.2437109375,41.7979398728619,17.059999465942383,15.84000015258789,52.40999984741211,1
2019-02-22,1150.38623046875,-0.002920362615041805,0.02686766355877479,-0.08060466473941519,1206.799091796875,1185.9243255615233,37.53870946267019,16.049999237060547,15.75,53.09999847412109,1
2019-02-25,1146.343017578125,-0.0035146568896060604,0.03930420008364588,-0.06845063702244392,1204.09283203125,1185.4940100097656,40.43071704308324,15.449999809265137,15.770000457763672,54.40999984741211,1
2019-02-26,1137.358154296875,-0.007837848831872551,0.018301081762887028,-0.05101579050239469,1201.4773168945312,1185.1263403320313,38.73877004059645,15.359999656677246,16.459999084472656,55.59000015258789,1
2019-02-27,1154.2947998046875,0.014891215615614906,0.03230218648458982,-0.04191206568831285,1199.2616333007813,1184.7956677246093,41.80008972391142,17.110000610351562,18.0,55.59000015258789,1
2019-02-28,1161.7071533203125,0.006421542847528494,0.02753705434853737,-0.036657741530610743,1196.8258129882813,1184.5617193603516,49.093502087579004,18.899999618530277,18.46999931335449,56.09000015258789,1
2019-03-01,1175.7236328125,0.012065415498326404,0.025067491528836694,-0.02785946915013371,1194.5580126953125,1184.286069946289,65.36439980945482,18.280000686645508,17.059999465942383,56.91999816894531,1
2019-03-05,1173.2528076171875,-0.00210153570648397,0.016898892733754334,-0.009181523431471716,1191.9523803710938,1184.023129272461,71.20889650802536,16.270000457763672,16.049999237060547,56.959999084472656,1
2019-03-06,1183.3160400390625,0.008577207194000236,0.028625003236429913,0.0018637426656409328,1190.101484375,1183.843995361328,73.2824998872706,15.65999984741211,15.449999809265137,57.2599983215332,1
2019-03-07,1215.122802734375,0.02687934720656915,0.059999305706559536,0.03938849709618619,1189.1598608398438,1183.876459350586,87.4101079803832,15.609999656677246,15.359999656677246,55.47999954223633,1
2019-03-08,1203.4422607421875,-0.009612643237294938,0.058103163190636575,0.02915995251411685,1187.6638671875,1183.8789111328124,79.3061247440719,15.289999961853027,17.110000610351562,55.5,1
2019-03-11,1209.866455078125,0.005338182433426875,0.04814338181445543,0.03952594250842556,1186.2532275390624,1184.092691040039,80.00584829895993,14.9399995803833,18.899999618530277,56.93999862670898,1
2019-03-12,1247.9178466796875,0.03145090223954128,0.07421034906514379,0.08047804259366909,1185.345751953125,1184.5069293212891,82.88015575435305,14.899999618530272,18.280000686645508,57.220001220703125,0
2019-03-13,1238.663330078125,-0.007415966224207593,0.05353273125510305,0.06009458927215161,1184.28642578125,1184.8442889404296,76.76369689739852,15.100000381469728,16.270000457763672,55.79999923706055,0
2019-03-14,1239.6964111328125,0.0008340289323187644,0.05663195782208974,0.07957416129799011,1183.1695947265625,1185.1568719482423,75.9565392116741,15.279999732971191,15.65999984741211,56.560001373291016,0
2019-03-15,1254.746337890625,0.012140009943289343,0.06036451415735433,0.07883669442909169,1182.6484692382812,1185.495244140625,79.44232607731367,15.149999618530272,15.609999656677246,56.220001220703125,0
2019-03-18,1238.932861328125,-0.012602927049848445,0.019594775556981192,0.04915167195032555,1182.3591552734374,1185.7370275878907,74.49488914752816,15.869999885559082,15.289999961853027,56.65999984741211,0
2019-03-19,1220.1094970703125,-0.01519320767521981,0.013849635227074275,0.02517748045702084,1181.8182641601563,1185.731880493164,70.80886086129595,16.899999618530273,14.9399995803833,56.06999969482422,1
2019-03-20,1231.744873046875,0.009536337520936522,0.018083332980198374,0.048569769462200485,1181.5864501953124,1185.7665014648437,70.00926554912412,16.489999771118164,14.899999618530272,56.790000915527344,0
2019-03-22,1253.129150390625,0.017360963143977504,0.0041759990249383705,0.0690634842860498,1181.8110766601562,1185.9743591308593,72.02860637178283,16.030000686645508,15.100000381469728,56.869998931884766,0
2019-03-25,1237.0009765625,-0.012870320527694656,-0.0013420543542853602,0.047435916915953724,1181.6439526367187,1186.0805053710938,64.61635220125787,16.270000457763672,15.279999732971191,58.2599983215332,0
2019-03-26,1233.4521484375,-0.0028688967852409375,-0.005036928911979821,0.05921846834286493,1181.2881518554686,1186.1600366210937,64.2857515305345,16.670000076293945,15.149999618530272,58.61000061035156,0
2019-03-27,1227.74658203125,-0.004625689300940983,-0.021518098952784892,0.08297997428680337,1181.2315478515625,1186.275581665039,60.76636970348446,16.489999771118164,15.869999885559082,58.52000045776367,0
2019-03-28,1245.9410400390625,0.014819392107539464,0.005656625092198109,0.1124748809594267,1182.1803564453126,1186.5890020751954,57.9953015573013,17.049999237060547,16.899999618530273,59.09000015258789,0
2019-04-01,1268.852783203125,0.018389107050638787,0.039949927649816086,0.1326142980318259,1183.461611328125,1186.942459716797,66.03526277705592,16.649999618530273,16.489999771118164,59.02999877929688,0
2019-04-02,1266.6513671875,-0.0017349656672287495,0.028339061849942615,0.14837885848591048,1184.6763745117187,1187.2645050048827,64.21502058996452,18.010000228881836,16.030000686645508,59.83000183105469,1
2019-04-03,1238.1690673828125,-0.022486297763156582,-0.011938181314471219,0.10855924842840614,1185.2514086914061,1187.4938208007814,47.436778008581086,18.07999992370605,16.270000457763672,59.040000915527344,1
2019-04-04,1229.76806640625,-0.006785019265842407,-0.00584713374790502,0.09979899765198863,1186.1642724609376,1187.6842370605468,47.65064622542964,18.780000686645508,16.670000076293945,58.81999969482422,1
2019-04-05,1234.350341796875,0.0037261297603992105,0.0007281947341961637,0.09179039710566106,1187.228984375,1187.794874267578,48.61401824261501,18.649999618530277,16.489999771118164,59.93999862670898,1
2019-04-08,1234.2158203125,-0.00010898160742534024,0.005269196734839943,0.0760645441025185,1188.531806640625,1187.9387719726562,44.23127581050119,18.38999938964844,17.049999237060547,59.40999984741211,1
2019-04-09,1235.6082763671875,0.0011282111538117867,-0.008293140156576784,0.07094453977256254,1189.8570874023437,1188.159496459961,48.98346748999517,20.149999618530277,16.649999618530273,59.29999923706055,1
2019-04-10,1232.3289794921875,-0.002653993937821064,-0.028784902546957314,0.07123064137341784,1191.2263940429686,1188.4219342041015,54.12871432507388,20.280000686645508,18.010000228881836,61.59000015258789,1
2019-04-11,1238.1241455078125,0.004702612786086524,-0.022521762829680547,0.08006427964606377,1192.88951171875,1188.7430676269532,52.243986936018956,21.1299991607666,18.07999992370605,62.58000183105469,1
2019-04-12,1222.760009765625,-0.012409204519540307,-0.012445035191969822,0.07508791768547707,1193.975791015625,1189.0441589355469,38.84482730789718,20.959999084472656,18.780000686645508,62.459999084472656,1
2019-04-15,1219.166015625,-0.0029392473681846276,-0.008621179123826428,0.05619986837962809,1195.39271484375,1189.3434716796876,42.78446029635746,21.0,18.649999618530277,62.09999847412109,1
2019-04-16,1241.178955078125,0.018055735782497306,0.005532151650972539,0.06840949677435626,1196.9551953125,1189.8280364990235,52.71972459877424,21.38999938964844,18.38999938964844,63.08000183105469,1
2019-04-18,1222.580078125,-0.014984847170530946,-0.009427639798486709,0.03985328184686798,1197.788994140625,1190.1750268554688,48.3327897291906,21.690000534057617,20.149999618530277,64.4000015258789,1
2019-04-22,1222.0863037109375,-0.0004038789956563038,-0.010943575658141413,0.041622313432113645,1198.4278271484375,1190.6601641845702,41.309363498419465,22.739999771118164,20.280000686645508,63.97999954223633,1
2019-04-23,1211.3489990234375,-0.00878604453293974,-0.017024658851563568,0.023690170703212665,1199.1609985351563,1191.0831872558595,27.01126034459368,24.049999237060547,21.1299991607666,64.61000061035156,1
2019-04-24,1222.535400390625,0.009234664309134555,-0.01259061554832519,0.006100286851312031,1200.168212890625,1191.727596435547,33.545503717990044,24.649999618530277,20.959999084472656,63.58000183105469,1
2019-04-25,1217.593505859375,-0.004042332458979114,-0.004225280402521792,0.011758973054893485,1200.9004809570313,1192.3375384521485,40.690973798533356,23.709999084472656,21.0,63.88999938964844,1
2019-04-26,1220.333984375,0.0022507335185650845,0.0009580063215601786,0.008651805538487434,1202.0173071289062,1192.7830847167968,45.501303902393595,23.229999542236328,21.38999938964844,63.400001525878906,1
2019-04-30,1211.6636962890625,-0.00710484850618831,-0.02378001872196156,-0.029051712408060926,1203.5770947265626,1193.2702264404297,39.58769632774534,21.71999931335449,21.690000534057617,64.05000305175781,1
2019-05-02,1220.8280029296875,0.007563407791033372,-0.001433096470866424,-0.01439884972401062,1205.594208984375,1193.8229278564454,44.32581659545892,21.82999992370605,22.739999771118164,64.0,1
2019-05-03,1225.1856689453125,0.003569434846815156,0.0025361263152721136,-0.011705077192439628,1207.6921875,1194.3619317626953,45.69087686431576,22.979999542236328,24.049999237060547,65.69999694824219,1
2019-05-06,1215.3922119140625,-0.007993447262308107,0.0033377770517699634,-0.03136420867561274,1209.94021484375,1194.8743688964844,43.355560323194865,24.030000686645508,24.649999618530277,66.30000305175781,1
2019-05-07,1227.8812255859375,0.010275706516340577,0.004372736522479714,-0.008920286229505803,1212.1594921875,1195.3966876220702,46.1821328732419,26.43000030517578,23.709999084472656,65.88999938964844,1
2019-05-08,1222.265625,-0.004573406994848206,0.00383717481913437,0.0017671593696013677,1214.241298828125,1195.7946697998048,49.80128590101388,26.479999542236328,23.229999542236328,65.20999908447266,1
2019-05-09,1218.761474609375,-0.0028669303291786186,-0.0012885896695160604,-0.010540655554249545,1216.0050390625,1196.1902130126953,49.83728037269373,26.3700008392334,21.71999931335449,63.29999923706055,1
2019-05-10,1217.908203125,-0.0007001136006932196,0.005153663392789998,-0.028106398494238127,1217.4237646484376,1196.6251831054688,38.71956126564541,25.489999771118164,21.82999992370605,63.90999984741211,1
2019-05-13,1183.9000244140625,-0.027923433493326266,-0.030248305598337244,-0.04292717075777874,1218.0266528320312,1196.7792163085937,33.68698189576085,26.34000015258789,22.979999542236328,61.810001373291016,1
2019-05-14,1205.5987548828125,0.018328178073557577,-0.015986894524616102,-0.0225816571724905,1219.1309033203124,1197.0477313232423,44.10150927575725,27.3799991607666,24.030000686645508,61.93999862670898,1
2019-05-15,1191.222900390625,-0.011924244641066228,-0.01988601809894308,-0.029748550861528944,1220.0285009765626,1197.3122351074219,42.982497209990065,27.1299991607666,26.43000030517578,62.25,1
2019-05-16,1201.420654296875,0.008560743671823356,-0.02154978082382164,-0.035732337495513966,1221.3097509765626,1197.61109375,42.586668586730305,28.65999984741211,26.479999542236328,61.400001525878906,1
2019-05-17,1223.658447265625,0.01850958104408873,0.0011395413870245452,-0.035618265992537146,1222.6970239257812,1197.9976318359375,51.898776748125066,28.3700008392334,26.3700008392334,62.119998931884766,1
2019-05-20,1304.1182861328125,0.0657535107504732,0.0700356987824835,0.029579503812880104,1225.5452465820313,1198.937508544922,67.64430514659949,28.07999992370605,25.489999771118164,61.70000076293945,1
2019-05-21,1302.007080078125,-0.0016188761994496703,0.06905190123306326,0.051558397295654146,1228.0709155273437,1199.8124908447267,69.56612545809384,23.68000030517578,26.34000015258789,61.65999984741211,1
2019-05-22,1312.7889404296875,0.008280953703351246,0.10886807446381708,0.0675093753784397,1230.8616381835936,1200.7023461914061,69.77787485718126,25.649999618530277,27.3799991607666,61.040000915527344,1
2019-05-23,1326.2662353515625,0.010266155134932564,0.10008925438918448,0.07446499623509095,1233.7206420898438,1201.4606420898438,70.91864471862654,27.6299991607666,27.1299991607666,61.77999877929688,1
2019-05-24,1387.408935546875,0.046101377359655915,0.1646929681186593,0.12412182108927028,1237.1663647460937,1202.5392901611328,79.35907441768794,19.40999984741211,28.65999984741211,62.02000045776367,0
2019-05-27,1433.9957275390625,0.03357827011098524,0.19358338181583945,0.16055853215482996,1241.7774340820313,1203.9162994384765,81.51106187588692,16.469999313354492,28.3700008392334,62.869998931884766,0
2019-05-28,1414.67822265625,-0.013471103512953997,0.15610546866037334,0.14797123673842694,1245.8736694335937,1205.1723248291016,78.23344730046915,16.190000534057617,28.07999992370605,62.7599983215332,0
2019-05-29,1394.8663330078125,-0.014004520131254972,0.06958574834810505,0.1265965033221388,1248.8126391601563,1206.4007080078125,74.66035518818369,15.920000076293944,23.68000030517578,63.09999847412109,0
2019-05-30,1400.39208984375,0.003961495596515041,0.07556411272335128,0.14527141766124085,1252.0472143554687,1207.6258892822266,75.22355008811068,16.40999984741211,25.649999618530277,62.9900016784668,0
2019-05-31,1399.448974609375,-0.0006734651253851309,0.06601216045537583,0.1478740029445078,1255.242265625,1208.8654290771485,82.79128035479967,15.609999656677246,27.6299991607666,61.41999816894531,0
2019-06-03,1401.11083984375,0.0011875139890962227,0.05643256421464127,0.12885481510243468,1258.1695556640625,1210.1824774169922,81.67406094275735,16.06999969482422,19.40999984741211,57.90999984741211,0
2019-06-04,1410.455322265625,0.006669338467838237,0.01661109866620958,0.15367111529312538,1261.6000048828125,1211.5125360107422,86.10548874387337,15.970000267028809,16.469999313354492,58.630001068115234,0
2019-06-06,1362.0264892578125,-0.03433560230041244,-0.050187902864089584,0.11450924956931297,1264.4383447265625,1212.5984545898436,73.49199847586615,15.630000114440918,16.190000534057617,58.630001068115234,0
2019-06-07,1360.1844482421875,-0.001352426718682076,-0.03852026103274786,0.12286752153073799,1267.0071362304689,1213.6536492919922,71.23694125430038,15.529999732971191,15.920000076293944,59.13999938964844,0
2019-06-10,1376.58203125,0.01205541132969401,-0.013108282367375823,0.12600586519634027,1269.4761938476563,1214.7777459716797,64.0775773466028,14.859999656677246,16.40999984741211,58.810001373291016,0
2019-06-11,1369.5736083984375,-0.005091177054809104,-0.02200703764954226,0.12482006663775302,1272.127646484375,1215.9269061279297,62.88109426176288,14.979999542236328,15.609999656677246,56.59000015258789,0
2019-06-12,1356.0513916015625,-0.009873304153902085,-0.031010478977931966,0.1112133309112675,1274.5796313476562,1217.0973944091797,58.162403280383025,14.489999771118164,16.06999969482422,53.5,0
2019-06-13,1363.5091552734375,0.005499617284465241,-0.02683705207398568,0.12531980569313816,1277.2948828125,1218.285654296875,57.190003648097196,14.119999885559082,15.970000267028809,53.25,0
2019-06-14,1371.3709716796875,0.005765869906955823,-0.027710449220862965,0.12331218516345777,1279.8034814453124,1219.5123236083984,46.10180414282891,13.65999984741211,15.630000114440918,53.47999954223633,0
2019-06-17,1346.6173095703125,-0.01805030339752356,-0.011313421441529137,0.09911284771191697,1281.3587719726563,1220.7122619628906,26.239975569600077,13.899999618530272,15.529999732971191,52.59000015258789,0
2019-06-18,1352.502197265625,0.0043701262812301245,-0.005647947957713062,0.11281130815840479,1283.0757885742187,1221.9034381103515,31.760606755092113,14.649999618530272,14.859999656677246,53.9900016784668,0
2019-06-19,1352.36767578125,-9.946119470038983e-05,-0.01759020161461955,0.10138313674102184,1285.3597607421875,1222.7185968017577,35.9058460038718,14.600000381469728,14.979999542236328,53.2599983215332,0
2019-06-20,1399.04443359375,0.03451484285553863,0.021518248464042156,0.14463207094918507,1288.7452880859375,1223.7723046875,49.64889784453807,14.729999542236328,14.489999771118164,53.27000045776367,0
2019-06-21,1383.4554443359375,-0.011142597678451716,0.020208712519375505,0.13513224134308022,1291.7273901367187,1224.6155395507812,46.12867139313934,14.0,14.119999885559082,51.13999938964844,0
2019-06-24,1384.57861328125,0.0008118576929316834,0.015452377364922887,0.13684973114442833,1294.7346459960938,1225.5054974365235,45.98781341874842,14.609999656677246,13.65999984741211,52.27999877929688,0
2019-06-25,1379.1876220703125,-0.003893597054891451,0.005699880303759786,0.16495277779295758,1297.6062329101562,1226.3092004394532,42.26321471138494,15.220000267028809,13.899999618530272,52.5099983215332,0
2019-06-26,1393.7432861328125,0.010553795458699389,0.03499581969396881,0.15605899598684325,1300.8345190429689,1227.1879272460938,59.42838356259825,15.010000228881836,14.649999618530272,51.93000030517578,0
2019-06-27,1393.473876953125,-0.0001932989972888155,0.030293244454857815,0.16978432541565303,1303.941513671875,1228.0835009765624,59.98927471741738,14.75,14.600000381469728,53.900001525878906,0
2019-06-28,1395.540283203125,0.0014829171067909375,0.03192372029813173,0.1615750721547713,1307.397119140625,1229.0118701171875,56.224200423533865,14.649999618530272,14.729999542236328,53.7599983215332,0
2019-07-01,1398.6402587890625,0.002221344394890634,-0.00028889347256066955,0.14299889966391377,1310.9866040039062,1229.852412109375,59.79425459451455,14.949999809265137,14.0,56.650001525878906,0
2019-07-02,1405.1092529296875,0.004625202299142872,0.01565197396302409,0.0774400358240126,1314.2652099609375,1230.7547235107422,67.35541544308171,14.600000381469728,14.609999656677246,57.43000030517578,0
2019-07-03,1417.8677978515625,0.009080108820914257,0.024042827363498054,0.08898624250682685,1318.1709643554686,1231.7374505615235,68.53551044601174,14.25,15.220000267028809,57.900001525878906,0
2019-07-04,1412.162353515625,-0.004023960727920328,0.023908807560071965,0.07569641244342873,1321.9724853515625,1232.7424157714843,64.11687123328875,13.699999809265137,15.010000228881836,57.83000183105469,0
2019-07-05,1400.1673583984375,-0.008494062376982026,0.004609222035034666,0.05572118257785963,1325.7488525390625,1233.691449584961,70.3274206702254,13.529999732971191,14.75,59.380001068115234,0
2019-07-08,1339.070068359375,-0.043635705169521866,-0.03904185754289535,-0.03484110989125655,1328.0795458984376,1234.333198852539,46.407198923818356,13.06999969482422,14.649999618530272,59.43000030517578,0
2019-07-09,1371.6402587890625,0.024322991902576474,-0.017126001091997023,-0.04348372003660761,1331.1604809570313,1235.185869140625,54.392775282643306,13.850000381469728,14.949999809265137,58.470001220703125,0
2019-07-10,1347.3363037109375,-0.017718898903989255,-0.03668130868944364,-0.04760228712566805,1333.70052734375,1235.9491400146485,36.87571067837833,13.6899995803833,14.600000381469728,59.09000015258789,0
2019-07-11,1343.427490234375,-0.0029011416569096893,-0.043898196931451805,-0.03687725594646596,1336.3358032226563,1236.591337890625,39.19995573387892,13.640000343322754,14.25,56.25,0
2019-07-12,1317.955322265625,-0.018960582654376168,-0.07046670764180607,-0.05886691889792306,1338.278349609375,1237.0765240478515,34.11180292019252,12.470000267028809,13.699999809265137,57.34000015258789,0
2019-07-15,1294.36962890625,-0.017895669876601072,-0.08341301856413752,-0.07508622865828718,1339.6620288085937,1237.5071252441405,31.387933948673776,12.0,13.529999732971191,57.34000015258789,0
2019-07-16,1312.8787841796875,0.01429974472522022,-0.06234152917162261,-0.06297293058834807,1341.6117602539061,1238.1059704589843,32.55809912185177,12.020000457763672,13.06999969482422,57.5099983215332,0
2019-07-17,1307.712158203125,-0.003935341205007492,-0.023417676861876013,-0.07284396920666925,1343.20837890625,1238.6565203857422,31.884510142260837,11.5600004196167,13.850000381469728,57.65999984741211,0
2019-07-18,1289.517822265625,-0.01391310451873451,-0.05987170177983725,-0.053235871375525545,1344.5534228515626,1239.1304754638672,29.03336851364935,11.800000190734863,13.6899995803833,57.83000183105469,0
2019-07-19,1268.2686767578125,-0.01647836512292533,-0.058684403244647076,-0.06757596118905851,1345.5435668945313,1239.5491735839844,25.944902320452343,11.75,13.640000343322754,60.43000030517578,0
2019-07-22,1261.21533203125,-0.005561396300185817,-0.06119582843193283,-0.08380662873682265,1346.4097094726562,1239.9294598388672,23.5070002728459,12.520000457763672,12.470000267028809,60.20000076293945,0
2019-07-23,1266.4266357421875,0.004131969837810612,-0.03909744560601447,-0.0753132011479608,1348.0602416992188,1240.2747045898439,21.32040176210151,13.010000228881836,12.0,60.209999084472656,0
2019-07-24,1262.6497802734375,-0.00298229314052334,-0.024506020478567647,-0.06887763392050594,1349.2012622070313,1240.7032696533204,21.4772855883335,13.43000030517578,12.020000457763672,59.58000183105469,0
2019-07-25,1249.0435791015625,-0.010775910616266371,-0.048622314449243254,-0.08394925382728369,1350.35767578125,1241.2336193847657,21.346061977380614,12.760000228881836,11.5600004196167,57.619998931884766,0
2019-07-26,1267.0181884765625,0.014390698351717246,-0.03111844565433919,-0.07609376700989323,1351.6696264648438,1241.961661376953,33.66780833099523,12.640000343322754,11.800000190734863,56.77999877929688,0
2019-07-29,1248.224365234375,-0.014833112431309914,-0.03202240117837163,-0.07306674556807335,1352.1609448242189,1242.6076391601562,20.161437412751482,12.130000114440918,11.75,55.29999923706055,0
2019-07-30,1252.6383056640625,0.0035361755086864566,-0.012324179710648808,-0.07383639878993087,1351.1313452148438,1243.219754638672,24.66830283905078,13.0600004196167,12.520000457763672,55.630001068115234,0
2019-07-31,1262.6043701171875,0.00795605914976516,0.0011013488741056232,-0.0663749269311743,1350.343291015625,1244.0187213134766,29.058467128489525,13.609999656677246,13.010000228881836,56.220001220703125,0
2019-08-01,1235.9832763671875,-0.021084271827388923,-0.024038786389832034,-0.11655180729871772,1348.807177734375,1244.738717651367,28.886482557134144,13.59000015258789,13.43000030517578,56.77000045776367,0
2019-08-02,1247.0865478515625,0.008983350905046095,-0.012325850497122537,-0.09857122399039919,1347.223583984375,1245.488623046875,36.9843809749105,14.5600004196167,12.760000228881836,55.880001068115234,0
2019-08-05,1224.83447265625,-0.017843248516831167,-0.019382115124218613,-0.1153738322206419,1343.9720947265625,1245.9942901611328,26.253362350237552,15.1899995803833,12.640000343322754,56.02000045776367,1
2019-08-06,1253.6851806640625,0.02355478119851173,-0.010523138447232072,-0.09099736641912215,1340.3658837890625,1246.755625,37.07901382340491,16.59000015258789,12.130000114440918,56.20000076293945,1
2019-08-07,1237.8035888671875,-0.012667926559092546,-0.00834848017506118,-0.11188552355169168,1336.8283911132812,1247.3953216552734,37.493778520648824,16.1200008392334,13.0600004196167,56.869998931884766,1
2019-08-08,1238.3497314453125,0.0004412190940767946,-0.01140678370934467,-0.11132188989936176,1333.6980590820312,1248.1224322509765,41.95947852217331,16.739999771118164,13.609999656677246,58.04999923706055,1
2019-08-09,1241.944580078125,0.002902934883037389,-0.016362837424002352,-0.11006181976521545,1330.5291088867189,1248.8304541015625,44.723017412778994,16.09000015258789,13.59000015258789,58.58000183105469,1
2019-08-13,1195.2100830078125,-0.03763009865333333,-0.03298846686600476,-0.1454485343910943,1326.4443310546876,1249.3620825195312,34.11165627062958,15.850000381469728,14.5600004196167,53.95000076293945,1
2019-08-14,1213.822021484375,0.015572106310988154,-0.026673791345512066,-0.1361369096719518,1322.6985546875,1250.0130517578125,39.78288467089148,17.780000686645508,15.1899995803833,55.65999984741211,1
2019-08-16,1215.2325439453125,0.0011620504785476715,-0.007839368441446726,-0.1429154778839713,1318.7940991210937,1250.6686029052735,42.544593013052484,16.360000610351562,16.59000015258789,54.68999862670898,1
2019-08-19,1230.658935546875,0.012694189008039425,-0.018366847971347022,-0.12852871875311733,1316.166748046875,1251.427791748047,41.891585084795956,16.649999618530273,16.1200008392334,53.630001068115234,1
2019-08-20,1221.8309326171875,-0.0071733952232383436,-0.012904031296772867,-0.12736793549110992,1313.399677734375,1252.0610766601562,43.840249609273286,16.75,16.739999771118164,51.09000015258789,1
2019-08-21,1192.84375,-0.02372438104435315,-0.03674727767914254,-0.1091999005985782,1309.724912109375,1252.6273706054687,37.480953215833225,16.6299991607666,16.09000015258789,52.540000915527344,1
2019-08-22,1177.9178466796875,-0.012512873811270309,-0.051553615536057085,-0.14123412525117973,1305.891796875,1253.1374542236329,32.63012782186061,17.020000457763672,15.850000381469728,54.5,1
2019-08-23,1170.864501953125,-0.005987976790099991,-0.020369290220025982,-0.13097828750829343,1302.1880590820313,1253.3254266357421,35.47794167688882,17.850000381469727,17.780000686645508,57.09999847412109,1
2019-08-26,1213.776611328125,0.03664993626796109,-3.741088515962776e-05,-0.09650753751036545,1299.193408203125,1253.6832598876954,43.494540778352125,17.350000381469727,16.360000610351562,55.22999954223633,1
2019-08-27,1234.982177734375,0.017470732429954117,0.01625173213757458,-0.06295596150301619,1296.4656323242189,1254.0291937255859,51.98998996506924,16.65999984741211,16.649999618530273,54.869998931884766,1
2019-08-28,1223.787841796875,-0.009064370433293556,-0.005583264015343703,-0.05452985417234879,1294.00904296875,1254.1877514648438,43.70084714332817,16.010000228881836,16.75,56.209999084472656,1
2019-08-29,1221.785400390625,-0.0016362651579459042,-3.7265570339561904e-05,-0.06938445870764787,1291.39470703125,1254.1950085449218,46.4154417288355,16.84000015258789,16.6299991607666,56.34000015258789,1
2019-08-30,1208.8619384765625,-0.010577521969022285,0.013428572247255799,-0.07559019705252923,1288.5245922851564,1254.173812866211,43.747566985546854,16.43000030517578,17.020000457763672,55.68000030517578,1
2019-09-03,1178.054443359375,-0.025484709325873767,0.00011596452169615468,-0.08643802899165354,1284.1047924804689,1253.9370330810548,37.85465724472151,16.280000686645508,17.850000381469727,55.34999847412109,1
2019-09-04,1190.4774169921875,0.010545330653298768,0.016750798240399378,-0.06133657732877995,1280.2452319335937,1253.7529333496093,48.96536411604147,18.059999465942383,17.350000381469727,54.16999816894531,1
2019-09-05,1201.6265869140625,0.009365293085562332,-0.010010099305479137,-0.04724708271760136,1276.58619140625,1253.6126745605468,47.243955903294456,17.239999771118164,16.65999984741211,53.63999938964844,1
2019-09-06,1209.225830078125,0.006324130346997636,-0.02085564319924116,-0.04516708986505169,1273.1869555664061,1253.5167022705077,48.67948103473169,17.270000457763672,16.010000228881836,54.93000030517578,1
2019-09-09,1235.0277099609375,0.021337519627037338,0.009184490791769306,-0.021876272220566317,1270.0126440429688,1253.442368774414,50.91853102791601,16.270000457763672,16.84000015258789,55.77999877929688,1
2019-09-11,1241.080078125,0.004900593011191612,0.01579219863668868,-0.00637567904739611,1266.9647680664064,1253.4270483398439,54.09490985635914,15.850000381469728,16.43000030517578,56.709999084472656,1
2019-09-12,1239.9423828125,-0.0009166977478349825,0.025710499558870836,-0.02136970558932383,1263.8528100585938,1253.3440441894531,61.36615911067329,15.369999885559082,16.280000686645508,55.09999847412109,1
2019-09-13,1240.89794921875,0.0007706538783540662,0.05334516262267863,-0.005869470441116853,1260.6979638671876,1253.2633459472656,66.29770936905143,14.899999618530272,18.059999465942383,53.93999862670898,1
2019-09-16,1222.8321533203125,-0.0145586475582552,0.02717795051490457,-0.02379469972215864,1257.052421875,1253.01078125,62.722818703292724,14.119999885559082,17.239999771118164,56.2599983215332,1
2019-09-17,1195.61962890625,-0.02225368734390354,-0.004999022219739024,-0.05305283491512103,1252.6074584960938,1252.640573120117,45.18460388930112,14.949999809265137,17.270000457763672,56.29999923706055,1
2019-09-18,1199.5330810546875,0.003273158163200618,-0.008015664884375884,-0.029490848306325534,1248.354873046875,1252.339349975586,39.649197845714056,16.020000457763672,16.270000457763672,56.52000045776367,1
2019-09-19,1183.7880859375,-0.013125936554699846,-0.041488643218424714,-0.05075707217202441,1244.0272875976561,1251.9232373046875,38.622797320119105,15.350000381469728,15.850000381469728,57.84999847412109,1
2019-09-20,1284.6290283203125,0.08518496138010345,0.03508955704220584,0.048818478740550564,1242.938466796875,1251.9580938720703,61.44160970846081,15.550000190734863,15.369999885559082,55.75,1
2019-09-23,1391.1126708984375,0.08289057792610777,0.12191718758983416,0.10961882006261026,1243.3279150390624,1252.4822399902343,74.74970111338992,15.399999618530272,14.899999618530272,55.09000015258789,0
2019-09-24,1348.1552734375,-0.03087988367843264,0.08643524980138584,0.089151207479778,1243.3442944335939,1252.9182861328125,72.36181872218546,16.790000915527344,14.119999885559082,54.84999847412109,0
2019-09-25,1319.759521484375,-0.02106267172083376,0.07926465451605846,0.06574054806314433,1242.8709350585937,1253.126773071289,66.31071205809198,16.729999542236328,14.949999809265137,62.900001525878906,0
2019-09-26,1355.9364013671875,0.02741172107030776,0.13408676855497514,0.09178495008359544,1243.630556640625,1253.470994873047,68.31187373283478,16.170000076293945,16.020000457763672,59.34000015258789,0
2019-09-27,1340.2825927734375,-0.011544648095564325,0.11733691545630087,0.12137825126152046,1244.5488159179688,1253.7594097900392,65.26071153930893,16.34000015258789,15.350000381469728,58.11000061035156,0
2019-09-30,1341.7388916015625,0.0010865610252472901,0.133428277865268,0.1053835470547475,1245.1260180664062,1254.0892498779297,63.17268739832424,16.110000610351562,15.550000190734863,58.130001068115234,0
2019-10-01,1332.4556884765625,-0.006918785154926166,0.03722993883984138,0.09646149217719202,1245.620888671875,1254.4854333496094,61.19036791401576,15.869999885559082,15.399999618530272,58.09000015258789,0
2019-10-03,1326.9951171875,-0.004098125991195856,-0.046090841563198315,0.07828016264946358,1246.3704345703125,1254.9230499267578,60.54926796421092,16.760000228881836,16.790000915527344,58.63999938964844,0
2019-10-04,1296.824462890625,-0.022736070318646107,-0.03807485054447235,0.06137799287238521,1246.9415502929687,1255.1181658935548,56.32916463591866,17.700000762939453,16.729999542236328,57.290000915527344,0
2019-10-07,1272.2059326171875,-0.01898370286643325,-0.036032010448162954,0.06653191804642278,1247.1613623046876,1255.3346215820313,55.50593568916831,17.579999923706055,16.170000076293945,56.4900016784668,0
2019-10-09,1298.0531005859375,0.020316811379410105,-0.04268880216128601,0.10198950142820817,1247.7938916015626,1255.7088415527344,61.45779825558168,17.829999923706055,16.34000015258789,56.40999984741211,0
2019-10-10,1297.006591796875,-0.0008062141591820282,-0.032288713745816655,0.10773414825825856,1248.4810278320313,1255.9030712890626,60.97337677775594,17.15999984741211,16.110000610351562,55.90999984741211,0
2019-10-11,1299.3729248046875,0.001824457194573137,-0.031575418333670724,0.07052064826237037,1249.4876147460936,1255.991655883789,63.41645679638241,17.229999542236328,15.869999885559082,54.06999969482422,0
2019-10-14,1295.9598388671875,-0.0026267177592707025,-0.02738991617132258,0.04937533693375107,1250.0664477539062,1256.1307855224609,51.69963942492561,17.139999389648438,16.760000228881836,53.619998931884766,0
2019-10-15,1303.5140380859375,0.00582903805518642,-0.0176949250207713,0.06514707334565562,1251.1722412109375,1256.3229608154297,31.31431594910552,17.43000030517578,17.700000762939453,52.45000076293945,0
2019-10-16,1296.1873779296875,-0.0056206990812376345,-0.0004912653787525478,0.060896109509309015,1252.04322265625,1256.3864068603516,36.92760825414645,16.850000381469727,17.579999923706055,52.810001373291016,0
2019-10-17,1296.323974609375,0.00010538343607824352,0.018957655654514793,0.07235072372535312,1252.7176147460937,1256.4224584960937,43.127828742674446,16.360000610351562,17.829999923706055,52.75,0
2019-10-18,1317.6661376953125,0.016463602852341497,0.015109579955181918,0.11851039238714356,1254.3512719726561,1256.4931170654297,37.70834378842245,15.880000114440918,17.15999984741211,52.59000015258789,0
2019-10-22,1312.88818359375,-0.003626073376917338,0.012244804226378303,0.10282493800751014,1255.6673046875,1256.6782537841798,40.54059978030705,15.93000030517578,17.229999542236328,53.54999923706055,0
2019-10-23,1303.1046142578125,-0.0074519440864774245,0.0028719156616918706,0.08445055098552623,1257.2327075195312,1256.8827569580078,37.384906785457474,16.809999465942383,17.139999389648438,54.70000076293945,0
2019-10-24,1303.5140380859375,0.00031419106620100834,0.00582903805518642,0.07797402740042436,1258.2292846679688,1257.0091174316406,39.96846979497751,16.540000915527344,17.43000030517578,53.59000015258789,0
2019-10-25,1296.91552734375,-0.005062094115899751,-0.005062094115899751,0.05011046868314395,1259.4115234375,1257.0917028808594,39.655647221014135,16.239999771118164,16.850000381469727,52.810001373291016,0
2019-10-27,1305.4705810546875,0.006596461782256036,0.0071619298899727735,0.051882633574271475,1260.7539404296874,1257.15259765625,53.49265412916149,15.31999969482422,16.360000610351562,53.36000061035156,0
2019-10-29,1329.7706298828125,0.018614014885339758,0.02580115459448784,0.07244550094864843,1262.5104614257812,1257.3433026123048,73.31361075460617,15.31999969482422,15.880000114440918,53.93000030517578,0
2019-10-30,1341.7388916015625,0.009000245192514633,0.018269236202999695,0.08126449273794067,1265.4410375976563,1257.5743072509765,69.93358331495233,16.420000076293945,15.93000030517578,53.77999877929688,0
2019-10-31,1340.646728515625,-0.0008139907792594769,0.0211431142946934,0.09634566352824048,1267.9775317382812,1257.8735278320312,69.90445859872611,16.65999984741211,16.809999465942383,54.15999984741211,0
2019-11-01,1319.122314453125,-0.01605524677357173,0.01229195263377636,0.10329596684512032,1270.0553271484375,1258.2021466064452,57.66775388797734,16.280000686645508,16.540000915527344,55.970001220703125,0
2019-11-04,1321.670654296875,0.0019318449971081897,0.013928976351952782,0.10182092946932175,1271.8755615234375,1258.5747296142579,60.049775789460625,15.729999542236328,16.239999771118164,56.22999954223633,0
2019-11-05,1310.38525390625,-0.008538738719767403,0.01038597061914115,0.10694242446990954,1273.6466479492187,1258.9099780273436,52.60968135266327,15.93000030517578,15.31999969482422,56.65999984741211,0
2019-11-06,1322.4444580078125,0.009202792892864187,0.01300211372010529,0.029436848190286247,1276.238662109375,1259.3127111816407,59.62636296424921,15.920000076293944,15.31999969482422,56.65999984741211,0
2019-11-07,1306.0625,-0.012387634057986041,-0.017828736287326286,-0.06113823321263301,1278.8015551757812,1259.6162377929688,53.190313488750036,15.779999732971191,16.420000076293945,55.540000915527344,0
2019-11-08,1295.0953369140625,-0.008397119652342466,-0.03476351097777608,-0.03935743720984475,1281.286171875,1259.835503540039,42.066584057309385,15.210000038146973,16.65999984741211,55.060001373291016,0
2019-11-11,1289.6346435546875,-0.004216441217668732,-0.03805035575435933,-0.02282603568247421,1282.8033325195313,1260.1307928466797,41.86564888886232,15.859999656677246,16.280000686645508,54.18000030517578,0
2019-11-13,1267.7918701171875,-0.01693717949239759,-0.038912573742047374,-0.06500639053655033,1283.4595263671874,1260.4772491455078,38.60830774998306,16.25,15.729999542236328,56.20000076293945,0
2019-11-14,1256.3697509765625,-0.00900945921002727,-0.04940784839855006,-0.06260832025224972,1284.1111645507813,1260.7351477050781,35.800435613218994,16.459999084472656,15.93000030517578,56.540000915527344,0
2019-11-15,1253.8216552734375,-0.0020281415571684613,-0.04316562511993838,-0.06552484755300103,1284.7518896484376,1260.9746899414063,36.695783125719345,15.649999618530272,15.920000076293944,57.22999954223633,0
2019-11-18,1241.853515625,-0.00954532855458412,-0.060940890103027945,-0.06799638714826661,1285.4117211914063,1261.136870727539,30.76509133749809,15.029999732971191,15.779999732971191,56.34999847412109,0
2019-11-19,1242.9912109375,0.0009161268202613204,-0.048291172177824526,-0.06330385482355205,1286.7104565429688,1261.4312023925781,19.48822057504367,15.760000228881836,15.210000038146973,57.150001525878906,0
2019-11-20,1256.6884765625,0.011019599740105246,-0.0296556239968232,-0.03094943647088655,1288.034677734375,1261.809071044922,20.4553569232622,15.40999984741211,15.859999656677246,57.2400016784668,0
2019-11-21,1267.518798828125,0.008618144009126194,-0.017148922632539865,-0.0036842571386379586,1289.3525219726562,1262.3012915039062,26.206733847329474,15.15999984741211,16.25,56.86000061035156,0
2019-11-22,1254.7315673828125,-0.010088395893721569,-0.0103016142019966,-0.03337423806743334,1290.26263671875,1262.728228149414,27.786551044832933,14.979999542236328,16.459999084472656,57.119998931884766,0
2019-11-25,1256.73388671875,0.0015958149041503944,0.0002898316693031866,-0.031050501464553903,1290.6967602539062,1263.192579345703,27.513471745265235,14.869999885559082,15.649999618530272,56.77000045776367,0
2019-11-26,1240.4884033203125,-0.012926748908516639,-0.01063408970250812,-0.04531764542748662,1290.6849267578125,1263.620180053711,26.59972095965685,15.0,15.029999732971191,57.720001220703125,0
2019-11-27,1215.460205078125,-0.020176084012713535,-0.021253159261373722,-0.06211583983916358,1290.195283203125,1263.8552508544922,17.045154585059564,14.84000015258789,15.760000228881836,57.04999923706055,0
2019-11-28,1228.565673828125,0.010782310021542507,-0.011605502100449194,-0.057497166941037015,1289.9486376953125,1264.2564801025392,25.636512955913048,14.619999885559082,15.40999984741211,55.209999084472656,0
2019-11-29,1210.9552001953125,-0.014334173587920218,-0.036391896018880265,-0.06575606211388252,1289.7110986328125,1264.4959814453125,24.608598528551482,13.989999771118164,15.15999984741211,57.11000061035156,1
2019-12-02,1213.5035400390625,0.0021044047239229258,-0.04261495674778304,-0.06388868538458448,1290.0687768554687,1264.6590484619142,26.61446599932205,13.899999618530272,14.979999542236328,58.58000183105469,0
2019-12-03,1195.1644287109375,-0.015112532203684137,-0.047474009756623414,-0.09296870085668196,1289.9814038085938,1264.6841473388672,27.19993684575188,14.199999809265137,14.869999885559082,57.77000045776367,1
2019-12-04,1169.59033203125,-0.021397973421339866,-0.06934129461172256,-0.10914703426627914,1289.6974487304688,1264.658646850586,24.980308656096568,14.5600004196167,15.0,58.0099983215332,1
2019-12-05,1185.1533203125,0.013306358521467443,-0.044607497224239845,-0.09051559840611267,1287.7079345703125,1264.7235400390625,31.584050997418316,13.31999969482422,14.84000015258789,58.40999984741211,1
2019-12-06,1174.778076171875,-0.008754347612922597,-0.03347055603818405,-0.09876070234202972,1283.3812426757813,1264.6925299072266,31.85622660548762,14.3100004196167,14.619999885559082,58.11000061035156,1
2019-12-09,1161.3082275390625,-0.011465866537708314,-0.05474468945521893,-0.10456139736597092,1279.6443017578124,1264.6766076660156,29.286824671308608,13.640000343322754,13.989999771118164,58.11000061035156,1
2019-12-10,1164.038818359375,0.002351305842462681,-0.03874328449836162,-0.1083377632156598,1276.5298876953125,1264.8284301757812,25.12222783084114,14.600000381469728,13.899999618530272,55.16999816894531,1
2019-12-11,1150.6600341796875,-0.011493417546455942,-0.05178683356568703,-0.13469284978786855,1272.4243603515624,1264.9818688964845,19.045377146970168,14.289999961853027,14.199999809265137,55.959999084472656,1
2019-12-12,1164.67578125,0.01218061517214708,-0.025510002413493438,-0.13196540061547424,1268.9122241210937,1265.203814086914,26.29944916732579,13.380000114440918,14.5600004196167,56.09999847412109,1
2019-12-13,1187.9747314453125,0.02000466616581198,0.015718665681969224,-0.11387936420756584,1265.8369409179688,1265.628733520508,33.72821063615034,13.350000381469728,13.31999969482422,58.43000030517578,1
2019-12-16,1185.88134765625,-0.001762145047071506,0.0006142895870704379,-0.10100728744939269,1262.9054541015626,1265.9735534667968,36.14956724847808,13.300000190734863,14.3100004196167,58.43000030517578,1
2019-12-17,1199.487548828125,0.011473492857245748,0.021033311020552947,-0.09244595472519668,1260.355302734375,1266.3801147460938,45.69955236536451,13.420000076293944,13.640000343322754,59.20000076293945,1
2019-12-18,1200.76171875,0.0010622618993585409,0.03397331584788965,-0.08365748533071704,1258.4340478515626,1266.7310510253906,42.004748639434766,12.520000457763672,14.600000381469728,59.02000045776367,1
2019-12-19,1193.8448486328125,-0.005760401925860914,0.025605701290483562,-0.09724386426688048,1256.866826171875,1266.9654156494141,44.757354470282145,12.34000015258789,14.289999961853027,59.2400016784668,1
2019-12-20,1193.6629638671875,-0.00015235209653352566,0.03737240228227545,-0.08605984486409535,1254.7790234375,1267.164952392578,43.83135218836818,12.119999885559082,13.380000114440918,58.7599983215332,0
2019-12-23,1193.3900146484375,-0.0002286652321570326,0.024654271910436343,-0.07853114698719188,1252.7066918945313,1267.3799713134765,49.37849638539381,12.329999923706056,13.350000381469728,59.18000030517578,0
2019-12-24,1184.0611572265625,-0.007817106987126232,-0.003294324462599141,-0.08186309731656038,1250.4004565429686,1267.5685620117188,55.719401239553385,11.960000038146973,13.300000190734863,60.06999969482422,1
2019-12-26,1164.3116455078125,-0.016679469297860794,-0.01818875234952244,-0.08162240746961869,1247.7674926757813,1267.7033294677735,42.026475827007665,11.630000114440918,13.420000076293944,60.209999084472656,1
2019-12-27,1182.786865234375,0.015867933467679673,-0.013923182120619937,-0.05856785845487944,1245.35294921875,1267.845789794922,52.885156623793314,11.119999885559082,12.520000457763672,60.93999862670898,0
2019-12-30,1185.244384765625,0.0020777365757802535,-0.012922908635469077,-0.05469459728932258,1243.1340893554689,1267.9634759521484,59.36611261784961,10.529999732971191,12.34000015258789,60.93000030517578,0
2019-12-31,1181.5128173828125,-0.003148352720144243,-0.01032967664443385,-0.04858922367491891,1240.8378662109376,1267.992421875,56.7843530534731,11.010000228881836,12.119999885559082,61.220001220703125,0
2020-01-01,1192.2066650390625,0.009050978964356915,-0.001220025142949055,-0.04085672163372278,1238.3286767578124,1268.0871911621093,66.47411770172626,11.670000076293944,12.329999923706056,60.43999862670898,0
2020-01-02,1224.3795166015625,0.02698596854551716,0.02596762296712707,-0.025709601515018443,1236.5585034179687,1268.292508544922,70.69399277498101,11.670000076293944,11.960000038146973,60.52000045776367,0
2020-01-03,1215.0506591796875,-0.007619253095452416,0.026172213963771895,-0.04139436803378893,1234.7974243164062,1268.2921478271485,60.39114237634969,11.489999771118164,11.630000114440918,61.11000061035156,0
2020-01-06,1198.3955078125,-0.013707371985981043,0.02927383096801539,-0.04489889394256763,1232.6950537109376,1268.2669140625,54.31983171719589,12.699999809265137,11.119999885559082,61.68000030517578,0
2020-01-07,1201.808349609375,0.0028478426150850833,0.01608192053369706,-0.043704986146893776,1230.79291015625,1268.2266235351562,50.86177667781736,14.779999732971191,10.529999732971191,61.720001220703125,0
2020-01-08,1175.460693359375,-0.02192334265156659,-0.00825457731080892,-0.05242105430964383,1228.1927124023437,1267.8643377685546,42.07984580487775,14.609999656677246,11.010000228881836,61.68000030517578,0
2020-01-09,1197.8494873046875,0.019046824850712074,0.01382690875758974,-0.014488929954153074,1225.5542895507813,1267.6602685546875,51.14289257799164,15.640000343322754,11.670000076293944,61.060001373291016,0
2020-01-10,1205.5400390625,0.006420298910105426,0.01118377745606769,-0.018741883528194947,1222.8303125,1267.489486694336,53.250321200431074,14.0,11.670000076293944,61.060001373291016,0
2020-01-13,1214.732177734375,0.007624913627110486,-0.007879369702267658,0.0031190068290332107,1220.312021484375,1267.2894158935546,55.5687207565319,14.079999923706056,11.489999771118164,61.18000030517578,0
2020-01-14,1206.9051513671875,-0.006443417331535528,-0.006703842141034033,-0.005437469652262106,1218.0676782226562,1267.12927734375,56.00767130746097,14.279999732971191,12.699999809265137,63.04999923706055,0
2020-01-15,1204.6297607421875,-0.0018853102270898203,0.005202166470956948,0.007919690214892805,1215.7268603515624,1267.0518786621094,61.67629657282811,13.90999984741211,14.779999732971191,63.27000045776367,0
2020-01-16,1200.7161865234375,-0.0032487776296833415,-0.0009087664320958089,0.026612612672789915,1213.5334790039062,1266.8967352294922,55.67068580098915,14.119999885559082,14.609999656677246,62.70000076293945,0
2020-01-17,1186.9736328125,-0.011445297286053702,0.00979440615765892,0.0015359299668671333,1210.8240625,1266.5659576416015,50.51048575065117,14.18000030517578,15.640000343322754,59.61000061035156,0
2020-01-20,1191.8880615234375,0.004140301498772869,-0.004976773663495915,0.014564440466336315,1208.5405737304689,1266.3403930664062,53.04160058173824,14.130000114440918,14.0,59.560001373291016,0
2020-01-21,1185.2899169921875,-0.005535876014075014,-0.016797552477858968,0.020650580857370482,1206.3444653320312,1266.0995819091797,47.92239887360301,15.40999984741211,14.079999923706056,59.040000915527344,0
2020-01-22,1177.8721923828125,-0.0062581521221393155,-0.030344125254268772,0.011883945625571712,1204.1092163085937,1265.8502099609375,33.59007137897706,15.859999656677246,14.279999732971191,58.08000183105469,0
2020-01-23,1212.5478515625,0.029439237468998458,0.004675346848027395,0.05378462408050244,1203.0043359375,1265.6832440185547,49.250888024511745,16.360000610351562,13.90999984741211,58.22999954223633,0
2020-01-24,1237.0299072265625,0.020190589288921368,0.026896352340168628,0.062123834925894794,1202.6175390625,1265.5241296386719,61.04606643143086,15.859999656677246,14.119999885559082,57.810001373291016,0
2020-01-27,1227.3826904296875,-0.0077986932575495604,0.02220883186680478,0.03317238821774482,1202.088759765625,1265.3277862548828,57.06033051668254,15.5600004196167,14.18000030517578,58.52000045776367,0
2020-01-28,1225.60791015625,-0.0014459876999048937,0.03254855565090109,0.0334996098711855,1201.76384765625,1265.26498046875,66.01737711872337,17.18000030517578,14.130000114440918,58.540000915527344,0
2020-01-29,1242.9456787109375,0.014146260326010074,0.04283759426387701,0.036230580238427734,1201.7629370117188,1265.3308685302734,64.88431085303924,17.299999237060547,15.40999984741211,58.540000915527344,0
2020-01-30,1247.041259765625,0.0032950603753938434,0.05209809168894197,0.038541819157761115,1201.5699926757814,1265.3943231201172,64.03072763109674,16.5,15.859999656677246,58.34000015258789,0
2020-01-31,1246.2220458984375,-0.0006569260325367532,0.05802824275641871,0.04387270031412149,1201.1440576171874,1265.454354248047,61.28498272463444,16.799999237060547,16.360000610351562,56.7400016784668,0
2020-02-03,1171.0010986328125,-0.06035918519752714,-0.03426401100472032,-0.01898514565699172,1199.4694482421876,1265.131318359375,41.32396250725643,17.3700008392334,15.859999656677246,55.59000015258789,0
2020-02-04,1175.6424560546875,0.003963580757775587,-0.04962487229553447,-0.014871549431372033,1197.8476196289062,1264.8478857421876,43.074549558745474,15.779999732971191,15.5600004196167,54.18999862670898,0
2020-02-05,1192.2978515625,0.014167058549166445,-0.028585085271900734,0.006956308198835304,1196.88380859375,1264.618754272461,48.104173550742765,14.380000114440918,17.18000030517578,53.13999938964844,0
2020-02-06,1199.1688232421875,0.005762798004444125,-0.02157222280875437,0.029938013476771497,1196.5579809570313,1264.5007983398436,52.83409710760566,14.170000076293944,17.299999237060547,53.47999954223633,0
2020-02-07,1182.240966796875,-0.014116324671904601,-0.04883939254450731,-0.00046153576231322546,1195.6314868164063,1264.316173095703,47.876629626106904,13.779999732971191,16.5,53.33000183105469,0
2020-02-10,1169.7723388671875,-0.0105466045246847,-0.06196179981483518,-0.013053886689787575,1194.8078295898438,1263.9591400146485,46.67054997737064,13.75,16.799999237060547,52.13999938964844,0
2020-02-11,1171.228515625,0.0012448377427207724,-0.060176700067420597,-0.008704350563537244,1193.9623291015625,1263.7023822021483,48.537109441147585,14.210000038146973,17.3700008392334,51.560001373291016,0
2020-02-12,1180.6937255859375,0.00808143742631362,0.00827721422673422,-0.009656831982857383,1193.6729150390624,1263.4954193115234,42.10997041114181,13.880000114440918,15.779999732971191,50.11000061035156,0
2020-02-13,1176.09765625,-0.0038926854918760467,0.0003871927157514943,-0.03943373741303313,1193.8030615234375,1263.3191625976563,33.25827079799056,13.619999885559082,14.380000114440918,49.61000061035156,0
2020-02-14,1178.737060546875,0.0022442050478110875,-0.011373660531094343,-0.02988648938911631,1193.674736328125,1263.1001708984375,36.09881473388546,13.369999885559082,14.170000076293944,50.75,0
2020-02-17,1165.1307373046875,-0.011543136885740157,-0.028384732222666798,-0.027757756342505435,1193.4817895507813,1262.837857055664,33.8123981799326,13.619999885559082,13.779999732971191,50.95000076293945,0
2020-02-18,1170.727783203125,0.00480379215759541,-0.009738440738476073,-0.025861499810974187,1193.6701806640624,1262.5898260498047,29.37340883750217,14.420000076293944,13.75,50.31999969482422,0
2020-02-19,1166.222900390625,-0.00384793363336311,-0.0030342985200007,-0.007858870161237874,1193.7138623046876,1262.3626220703125,26.970821860438576,14.510000228881836,14.210000038146973,49.56999969482422,0
2020-02-20,1165.4947509765625,-0.0006243655598072717,-0.00489551319144399,-0.027010685959324654,1194.010556640625,1262.085955810547,26.984826338136003,14.020000457763672,13.880000114440918,49.93999862670898,0
2020-02-24,1146.4732666015625,-0.016320523416396338,-0.028983349570518402,-0.048996110080981925,1193.6465063476562,1261.692393798828,39.70966307970591,13.699999809265137,13.619999885559082,51.16999816894531,0
2020-02-25,1130.409912109375,-0.01401110253517146,-0.038846896682288135,-0.06941634310064249,1192.4952099609375,1261.2674822998047,32.68291953419207,17.0,13.369999885559082,51.41999816894531,0
2020-02-26,1102.287353515625,-0.024878195327633468,-0.06485730328677475,-0.08668270056934546,1190.823330078125,1260.6395129394532,18.321358420789437,16.899999618530273,13.619999885559082,52.04999923706055,0
2020-02-27,1101.55908203125,-0.0006606911365283352,-0.054561821466060256,-0.085562122130732,1188.8647607421874,1260.0359802246094,14.094374410081357,18.26000022888184,14.420000076293944,52.04999923706055,0
2020-02-28,1080.8087158203125,-0.01883727032840976,-0.07680612749856575,-0.09986329163289287,1186.4657006835937,1259.346216430664,13.708852522023207,17.770000457763672,14.510000228881836,52.04999923706055,0
2020-03-02,1056.553955078125,-0.02244130750165041,-0.09403772235630647,-0.10987580021078425,1183.7198828125,1258.5394451904297,12.642594816843058,23.239999771118164,14.020000457763672,53.290000915527344,0
2020-03-03,1075.120361328125,0.017572605886111203,-0.07754165308141736,-0.09796868008398651,1181.3490307617187,1257.995546875,21.505659650793973,25.200000762939453,13.699999809265137,53.77999877929688,0
2020-03-04,1070.88818359375,-0.003936468777455682,-0.06592834321542085,-0.09651793351009463,1178.898994140625,1257.3219940185547,16.40208715399298,24.540000915527344,17.0,51.43000030517578,0
2020-03-05,1076.1668701171875,0.004929260219981968,-0.04798528517055245,-0.08634665367205685,1176.7411083984375,1256.7467138671875,19.55072579127355,24.229999542236328,16.899999618530273,49.900001525878906,0
2020-03-06,1054.7337646484375,-0.019916154328757707,-0.04314082776648076,-0.13015081154174812,1174.54955078125,1256.0132794189453,16.09849053707245,23.25,18.26000022888184,48.72999954223633,0
2020-03-09,1002.90234375,-0.049141710103225766,-0.08956100484354335,-0.18926588767888375,1170.9518603515626,1254.9094989013672,13.315446171512477,25.63999938964844,17.770000457763672,47.09000015258789,0
2020-03-11,1016.5543212890624,0.013612469473364364,-0.0594502927213002,-0.17177068797248352,1167.5780590820314,1253.4716790771483,16.362291134109313,30.799999237060547,23.239999771118164,44.7599983215332,0
2020-03-12,925.1785278320312,-0.08988776255572861,-0.12434332067440834,-0.245126830395471,1162.4513732910157,1251.587536315918,11.864715453434954,31.559999465942383,25.200000762939453,46.75,0
2020-03-13,956.941650390625,0.034331884715292915,-0.1099213773530534,-0.23010179223353355,1157.7460729980469,1249.8082998657226,19.955483665385714,41.15999984741211,24.540000915527344,47.18000030517578,0
2020-03-16,881.6295776367188,-0.07870079928401463,-0.17673050170551519,-0.2930229286860834,1150.89107421875,1247.5851165771485,17.170639929051262,51.470001220703125,24.229999542236328,46.77999877929688,0
2020-03-17,870.753662109375,-0.012336150922360734,-0.19087486681823274,-0.30128530066114867,1144.0051342773438,1245.0018402099608,17.39433875671662,58.880001068115234,23.25,45.900001525878906,0
2020-03-18,823.2454833984375,-0.054559837963644386,-0.219475557727271,-0.2969729197012647,1136.5021337890626,1241.9480889892577,16.58679439992747,62.93000030517578,25.63999938964844,41.27999877929688,0
2020-03-19,767.3189086914062,-0.0679342624221404,-0.23490166966577475,-0.34731949774386783,1127.8123449707032,1238.7112924194337,14.650163077389024,63.959999084472656,30.799999237060547,31.1299991607666,0
2020-03-20,786.9775390625,0.02561989565019296,-0.22583818436327419,-0.3399488743260167,1120.0426818847657,1235.671848449707,18.851961134715566,72.19999694824219,31.559999465942383,32.97999954223633,0
2020-03-23,658.9696655273438,-0.16265759463433704,-0.28773783037150047,-0.45047798712303877,1109.2650854492188,1231.964736328125,15.452803877249949,67.0999984741211,41.15999984741211,31.5,1
2020-03-24,653.2940063476562,-0.008612929360178545,-0.31731051095855145,-0.4474104478736939,1098.2201647949219,1228.2339614868165,12.506402911036488,71.98999786376953,51.470001220703125,31.729999542236328,1
2020-03-25,706.681640625,0.08172068587589809,-0.19843700965736788,-0.3958810469827373,1088.0591540527344,1224.7618154907227,20.229320384590736,83.61000061035156,58.880001068115234,28.700000762939453,1
2020-03-26,773.3583984375,0.09435190328919552,-0.1118516842478019,-0.3397032362853507,1079.3882189941405,1221.576330871582,27.505916853920354,77.62999725341797,62.93000030517578,26.950000762939453,1
2020-03-27,772.4816284179688,-0.001133717589803962,-0.061663083495958726,-0.34573919410420106,1070.7452563476563,1218.6286065673828,28.37242453366258,71.52999877929688,63.959999084472656,20.3700008392334,1
2020-03-30,737.0438842773438,-0.045875193450491514,-0.0394555954129866,-0.3733140438121303,1061.4718103027344,1215.5129037475585,29.103603564273996,70.38999938964844,72.19999694824219,25.21999931335449,1
2020-03-31,746.1339721679688,0.012333170499796875,-0.051899279035570456,-0.3670055883185688,1052.6550170898438,1212.3606634521484,28.591514491786526,71.88999938964844,67.0999984741211,22.43000030517578,0
2020-04-01,714.6181640625,-0.042238806006776985,0.08444773932138938,-0.3866626798331355,1043.109619140625,1209.0858862304688,31.58512868072326,64.41000366210938,71.98999786376953,23.36000061035156,1
2020-04-03,714.8951416015625,0.000387588159651564,0.09429312783427668,-0.38935835310442457,1033.7017236328124,1205.8801049804688,27.597690404576895,60.04999923706055,83.61000061035156,24.01000022888184,1
2020-04-07,739.8123779296875,0.034854393152404795,0.04688212541560599,-0.3656338100701948,1024.94052734375,1202.76162109375,35.523889448569875,55.29999923706055,77.62999725341797,24.489999771118164,1
2020-04-08,744.8419189453125,0.0067984007373596,-0.03687356282650123,-0.3609221162761883,1015.5864086914063,1199.6289758300782,36.992198110930445,51.79999923706055,71.52999877929688,22.600000381469727,1
2020-04-09,750.102294921875,0.007062405918306869,-0.028970699978880132,-0.34573067094240373,1005.8478564453125,1196.6464007568359,41.72097001283605,52.2400016784668,70.38999938964844,21.51000022888184,1
2020-04-13,798.69091796875,0.0647759957219376,0.08364092696033953,-0.29345018173242,997.2740209960938,1193.8773443603516,53.610961044398756,49.75,71.88999938964844,20.09000015258789,1
2020-04-15,812.257080078125,0.016985496897694574,0.08862095867050357,-0.2631167567263474,989.0070043945312,1191.176791381836,52.95109888496942,51.459999084472656,64.41000366210938,20.479999542236328,1
2020-04-16,841.3272094726562,0.03578932102596788,0.1773101381720188,-0.2362395960448459,980.9746350097656,1188.3882052612305,77.68282129349436,49.7400016784668,60.04999923706055,20.309999465942383,1
2020-04-17,860.9380493164062,0.02330940878049348,0.20428577453704233,-0.20343161864403425,973.2525708007812,1185.7756182861328,80.2419469540086,46.09999847412109,55.29999923706055,28.34000015258789,1
2020-04-20,844.9724731445312,-0.01854439606258762,0.1421442765111971,-0.20025620169861436,965.2275793457031,1183.0775875854492,72.60521180840936,42.59000015258789,51.79999923706055,23.6299991607666,1
2020-04-21,803.2129516601562,-0.049421162004211316,0.07836700812636388,-0.25290880858406795,957.87181640625,1180.1977142333985,55.312852393817785,43.459999084472656,52.2400016784668,25.09000015258789,1
2020-04-22,786.8321533203125,-0.020394091387578306,0.0489664658368536,-0.26525274498798324,950.0956103515625,1177.163158569336,52.42023693965131,45.20000076293945,49.75,22.76000022888184,1
2020-04-23,775.7578125,-0.014074591097453792,-0.028713367026977132,-0.27914728278568446,941.7648095703125,1174.0745782470703,57.11375817737487,42.81999969482422,51.459999084472656,22.40999984741211,1
2020-04-24,785.5401000976562,0.012609976258094457,-0.032892270976448756,-0.25522427893498656,933.4922351074218,1171.024577331543,57.222577964643236,39.22999954223633,49.7400016784668,19.8700008392334,1
2020-04-27,789.2777099609375,0.004758012815407664,-0.06186594101044629,-0.21300641594902292,925.6329699707031,1167.9777645874024,65.23539709964707,39.119998931884766,46.09999847412109,19.8700008392334,1
2020-04-28,791.0311889648438,0.00222162488789035,-0.08119847927161461,-0.2218505470895441,918.0581469726562,1164.9073742675782,65.44363528045245,38.040000915527344,42.59000015258789,18.270000457763672,1
2020-04-29,807.8272705078125,0.02123314703298651,-0.04396025174463303,-0.12684174328948994,910.7901220703125,1161.8571716308593,64.26634254605378,35.349998474121094,43.459999084472656,-37.630001068115234,1
2020-04-30,828.3148803710938,0.025361374406687842,0.03125189734435252,-0.134414433698257,903.7425451660156,1158.9379342651366,66.44246775577707,33.84000015258789,45.20000076293945,10.010000228881836,1
2020-05-04,785.0326538085938,-0.05225334904415713,-0.002287018272099206,-0.10956633747141409,895.9212451171875,1155.8622607421876,55.98419158480868,33.9900016784668,42.81999969482422,13.779999732971191,1
2020-05-05,772.34326171875,-0.01616415830383744,-0.0044015680232031285,-0.11301749814319328,887.793369140625,1153.0286267089843,44.85308986299071,43.66999816894531,39.22999954223633,16.5,1
2020-05-06,772.71240234375,0.00047794891636465664,-0.016329780939650984,-0.06138276136794829,879.9450024414062,1150.033987426758,41.85515834105201,43.61000061035156,39.119998931884766,16.940000534057617,1
2020-05-07,759.3770141601562,-0.01725789329011096,-0.037883618685064735,-0.010350187440049119,871.7179870605469,1147.094190979004,31.95122764322504,41.25,38.040000915527344,12.779999732971191,1
2020-05-08,753.0093383789062,-0.00838539442531383,-0.048066183882956026,-0.04316285916375573,863.4537158203125,1144.1421002197267,24.75719396218227,39.93000030517578,35.349998474121094,12.34000015258789,1
2020-05-11,758.2235107421875,0.0069244458169754886,-0.061403918357996634,0.15061974838464742,855.308291015625,1141.3434411621095,28.636388642629555,38.40999984741211,33.84000015258789,15.0600004196167,1
2020-05-12,751.947998046875,-0.008276599981936306,-0.0921954731635457,0.15101009765994866,847.4177856445312,1138.6313330078126,34.70120423202478,38.040000915527344,33.9900016784668,18.84000015258789,1
2020-05-13,796.3377075195312,0.05903295119869334,0.014400743276207661,0.126869104474312,840.7363415527344,1136.0486276245117,52.43040892743277,38.209999084472656,43.66999816894531,20.38999938964844,1
2020-05-14,804.4127807617188,0.010140262310747605,0.04152236529079345,0.040155227365425095,834.7788500976562,1133.5321307373047,57.44070911019843,38.84000015258789,43.61000061035156,24.559999465942383,1
2020-05-15,797.7219848632812,-0.008317615108131227,0.03236596493556143,0.032674377637956775,828.7021081542969,1131.073151550293,53.214830602388524,38.18000030517578,41.25,23.989999771118164,1
2020-05-18,750.6098022460938,-0.059058398177733396,-0.011545269017338766,0.01840584836010284,822.0981298828125,1128.4848571777343,41.69640809211432,38.02000045776367,39.93000030517578,23.549999237060547,1
2020-05-19,734.9212646484375,-0.020901056115588346,-0.024021048356995256,-0.015027740242079535,815.6654760742188,1125.8533868408203,38.63129050536749,40.91999816894531,38.40999984741211,24.739999771118164,1
2020-05-20,770.5897216796875,0.04853371204099344,0.01630945329747857,0.07832372647652464,809.57486328125,1123.3742022705078,42.99112983308756,39.45000076293945,38.040000915527344,24.13999938964844,1
2020-05-21,757.2084350585938,-0.01736499494429533,0.006995745750214555,0.059188111647028085,803.3012683105469,1120.8469955444336,36.24843953321032,35.810001373291016,38.209999084472656,25.780000686645508,1
2020-05-22,752.778564453125,-0.005850265792569975,-0.054699335037249774,0.017526317361332255,796.8335021972656,1118.3656704711914,42.659087530960406,32.9900016784668,38.84000015258789,25.290000915527344,1
2020-05-26,761.8687133789062,0.01207546196853393,-0.05288835334332509,0.022859608194049308,790.976201171875,1115.8399230957032,47.57632291403336,32.380001068115234,38.18000030517578,27.559999465942383,1
2020-05-27,785.2171630859375,0.03064629022955967,-0.01567566397143605,0.04681343918261138,786.6224975585938,1113.524887084961,52.61532271365102,31.46999931335449,38.02000045776367,29.43000030517578,1
2020-05-28,835.6515502929688,0.06422985841117113,0.1132968791406661,0.04627651509825337,783.0044421386718,1111.4399533081055,63.80953201841975,31.270000457763672,40.91999816894531,31.81999969482422,1
2020-05-29,860.3381958007812,0.029541793465419408,0.17065356138842858,0.05919445567409731,781.7076354980469,1109.4286224365235,68.22313085225933,30.020000457763672,39.45000076293945,32.5,0
2020-06-01,856.5545043945312,-0.004397911687192058,0.11155713643242304,0.018099135212112705,779.699892578125,1107.5314785766602,66.77689819800813,30.21999931335449,35.810001373291016,33.4900016784668,0
2020-06-02,872.5199584960938,0.01863915725111731,0.15228504873770587,0.013452662696094908,779.5177001953125,1105.6586456298828,69.91314207237697,30.739999771118164,32.9900016784668,33.91999816894531,0
2020-06-03,887.1473388671875,0.016764522379873137,0.17849707836949125,0.04991270965988304,779.8455737304688,1103.9702099609376,66.63287530159016,30.1200008392334,32.380001068115234,33.25,0
2020-06-04,858.90771484375,-0.031831943563621734,0.12736971575387757,0.06933997150877436,780.558818359375,1101.996322631836,59.29481633981335,30.040000915527344,31.46999931335449,34.349998474121094,0
2020-06-05,881.5639038085938,0.026377908328562683,0.122700757512749,0.12039638960930565,782.8437182617188,1100.215124206543,63.561724602013705,29.690000534057617,31.270000457763672,32.810001373291016,0
2020-06-08,887.193359375,0.006385760059010481,0.061678589675279616,0.14364734080586516,784.8480346679687,1098.4593423461913,75.51727621718724,28.68000030517578,30.020000457763672,33.709999084472656,0
2020-06-09,879.7644653320312,-0.008373477962236087,0.02257980597173015,0.11994851086871483,789.2639306640625,1096.648441772461,77.92212620869618,29.649999618530277,30.21999931335449,35.4900016784668,0
2020-06-10,873.5350341796875,-0.00708079423279806,0.01982422565994124,0.10675244360178371,793.6687512207031,1095.0400665283203,72.38614053771673,30.209999084472656,30.739999771118164,35.439998626708984,0
2020-06-11,858.6770629882812,-0.017009015792204596,-0.015865419894431576,0.08551606430583347,796.7086596679687,1093.26434173584,71.92422182729148,29.440000534057617,30.1200008392334,36.810001373291016,0
2020-06-12,854.939453125,-0.004352753816753929,-0.03630500180873475,0.058319623930957576,798.3402807617188,1091.4628762817383,72.14003026423,29.65999984741211,30.040000915527344,37.290000915527344,0
2020-06-15,830.4835815429688,-0.028605384267434864,-0.03309334962249355,0.0026182086345030164,799.5003198242188,1089.4619995117187,63.94151781639529,30.81999969482422,29.690000534057617,37.40999984741211,1
2020-06-16,826.0077514648438,-0.005389426326537716,-0.06301999447088569,0.05219540544900769,801.2795971679687,1087.482883605957,58.97646875838632,32.58000183105469,28.68000030517578,39.54999923706055,1
2020-06-17,816.5484008789062,-0.011451890819622834,-0.07962746536545418,0.05723509396817095,802.6878857421875,1085.6014068603515,44.87118057922529,32.970001220703125,29.649999618530277,38.18999862670898,1
2020-06-18,827.4842529296875,0.013392778724458099,-0.05942523762040408,0.0708825824715722,804.9452075195312,1083.8492388916015,40.47615761751337,33.349998474121094,30.209999084472656,38.93999862670898,1
2020-06-19,828.914794921875,0.0017287845504283528,-0.051080079804371126,0.09157214330305363,807.2256005859375,1082.1394903564453,41.8768594830812,31.459999084472656,29.440000534057617,39.59999847412109,1
2020-06-22,837.4512329101562,0.01029832986523771,-0.024719223318085404,0.1121392394854468,809.1783776855468,1080.2578634643555,39.22291614459929,29.96999931335449,29.65999984741211,36.34000015258789,1
2020-06-23,892.9613037109375,0.06628454125965377,0.044473150054028965,0.17770194548156626,812.1407653808594,1078.5477590942382,51.42790928872561,30.459999084472656,30.81999969482422,36.2599983215332,0
2020-06-24,881.8408813476562,-0.01245342022892526,0.061840234949943174,0.1727418433697112,814.775537109375,1076.8380242919923,56.149491411690576,29.34000015258789,32.58000183105469,37.119998931884766,0
2020-06-25,870.3511352539062,-0.013029273576193212,0.053683980217405836,0.09294226185133869,816.2087414550781,1075.0808529663086,46.801788533303814,29.57999992370605,32.970001220703125,38.380001068115234,0
2020-06-26,887.9779052734375,0.020252481217697182,0.08747736731545475,0.1038833873730709,817.7231579589844,1073.476432800293,50.20944145252715,29.729999542236328,33.349998474121094,37.959999084472656,0
2020-06-29,864.3525390625,-0.026605804120387933,0.04455466796169394,0.08352603471325715,818.1836645507813,1071.9079232788085,46.21312351136068,28.739999771118164,31.459999084472656,38.84000015258789,1
2020-06-30,870.8587646484375,0.007527282320468842,0.05060106296029576,0.16020169473209078,818.3820788574219,1070.3098300170898,49.343304969603444,28.90999984741211,29.96999931335449,39.75,1
2020-07-01,853.0013427734375,-0.020505531551041956,0.018568376583845136,0.1606703789983348,818.54265625,1068.5667037963867,48.62751163849939,29.1200008392334,30.459999084472656,40.459999084472656,1
2020-07-02,868.6900634765625,0.018392375153964968,-0.027180618167337633,0.12730554150533102,819.8521984863281,1066.8640249633788,53.14344746986593,28.1200008392334,29.34000015258789,40.369998931884766,1
2020-07-03,871.4124145507812,0.003133857734395784,-0.011825791951194042,0.1508223815327021,821.5438037109375,1065.0459484863281,60.38881404373298,26.51000022888184,29.57999992370605,38.0099983215332,1
2020-07-06,877.826416015625,0.0073604660178616665,0.008588810261662916,0.1661150535726854,823.58517578125,1063.2296801757811,63.02478645564699,25.770000457763672,29.729999542236328,38.720001220703125,1
2020-07-07,870.8125610351562,-0.00799002496678558,-0.019330823589575052,0.14299556569672145,825.290625,1061.3840310668945,63.80923564781621,25.200000762939453,28.739999771118164,38.4900016784668,1
2020-07-08,868.6438598632812,-0.002490433956645055,0.004964780696353088,0.10624665468272898,826.8779479980469,1059.5227606201172,60.963579000283204,25.100000381469727,28.90999984741211,39.70000076293945,1
2020-07-09,872.0584716796875,0.003930968690601944,0.001377613776137654,0.04356710805353603,828.4984936523438,1057.7688922119141,61.371871820661674,26.100000381469727,29.1200008392334,39.27000045776367,1
2020-07-10,860.245849609375,-0.013545676642026105,0.008492960646911518,-0.00010733708192545155,829.546865234375,1056.0920233154297,55.906232060310565,24.90999984741211,28.1200008392334,39.81999969482422,1
2020-07-13,856.5545043945312,-0.0042910351924626555,-0.01396995268193102,0.0,830.1116577148438,1054.377130432129,37.10370455890829,24.940000534057617,26.51000022888184,40.650001525878906,1
2020-07-14,842.4807739257812,-0.016430630387844647,-0.033200858906645814,-0.03442807729245423,831.2606201171875,1052.6705938720704,36.3432985009894,25.25,25.770000457763672,40.650001525878906,1
2020-07-15,841.8348999023438,-0.0007666335463394347,-0.041000721163807596,-0.05107656527798854,832.6504528808593,1050.4566232299806,39.30065522923863,26.63999938964844,25.200000762939453,40.630001068115234,1
2020-07-16,850.0944213867188,0.00981133175321336,-0.02379173265921808,-0.01026104819495599,834.1980932617188,1047.751531982422,34.71137527495401,26.290000915527344,25.100000381469727,40.619998931884766,1
2020-07-17,854.1549682617188,0.004776583368675924,-0.01667989871458131,-0.031091263410923498,836.09365234375,1045.281530456543,45.112807027294245,25.36000061035156,26.100000381469727,40.900001525878906,1
2020-07-20,848.6638793945312,-0.0064286798897421615,-0.026826862010864372,-0.0434285035762797,838.0067431640625,1042.9260522460938,39.25857046392663,24.15999984741211,24.90999984741211,39.619998931884766,1
2020-07-21,865.6907348632812,0.020063132038679043,0.006329452512184419,-0.015997157220300373,840.1560876464844,1040.4748239135743,56.19092427766148,24.709999084472656,24.940000534057617,40.54999923706055,1
2020-07-22,849.8637084960938,-0.018282541015859466,-0.007811290307984553,-0.02709831289803144,842.1144018554687,1038.0227294921874,40.827341659524635,24.43000030517578,25.25,40.09999847412109,1
2020-07-23,845.8492431640625,-0.004723657795830838,0.003998274313827821,-0.014939050286933986,843.1046325683594,1035.54328125,37.69987154418921,24.88999938964844,26.63999938964844,40.290000915527344,1
2020-07-24,834.6364135742188,-0.013256297951984908,-0.008550947850891055,-0.02374792679945814,843.7091052246094,1033.0541848754883,30.13578268033943,24.63999938964844,26.290000915527344,41.20000076293945,1
2020-07-27,834.082763671875,-0.0006633426164248668,-0.01883515208666431,0.004333838993203498,844.4363208007812,1030.5896231079103,32.03972277386109,24.540000915527344,25.36000061035156,40.75,1
2020-07-28,843.0344848632812,0.010732413594063628,-0.01301928082332493,0.020613285248525015,846.284814453125,1028.3206732177734,38.25644688554468,25.020000457763672,24.15999984741211,40.59000015258789,1
2020-07-29,850.8326416015625,0.00925010409217819,0.002555501959831785,0.041986783252228266,848.6030419921875,1026.2138067626954,40.64277196351003,23.63999938964844,24.709999084472656,40.810001373291016,0
2020-07-30,838.189453125,-0.014859783062346588,-0.03176802133919632,0.012937044007074405,849.9550366210938,1023.9144885253907,40.34731007248358,24.11000061035156,24.43000030517578,41.959999084472656,1
2020-07-31,842.9883422851562,0.005725303679573468,-0.008089963299061309,0.01697827985397171,851.670634765625,1021.644397277832,44.11995018036866,24.729999542236328,24.88999938964844,41.900001525878906,1
2020-08-03,845.2493896484375,0.0026821810573940397,-0.0007091730831148002,0.009311774144964202,853.5200512695312,1019.3737796020508,51.33691604788506,24.190000534057617,24.63999938964844,41.06999969482422,0
2020-08-04,852.9552612304688,0.009116683994573771,0.021948296717371862,-0.04480154102334899,855.3417822265625,1017.1587567138672,55.02706729575366,25.190000534057617,24.540000915527344,41.290000915527344,0
2020-08-05,861.7989501953125,0.010368291710969535,0.033229539957668974,-0.02272737812031922,856.87341796875,1014.950181274414,55.2633471316409,23.81999969482422,25.020000457763672,41.59999847412109,0
2020-08-06,858.4476928710938,-0.0038886764986882927,0.018283010107602138,-0.013676597755387432,857.3293408203125,1012.7614828491211,51.942765593061154,23.56999969482422,23.63999938964844,41.040000915527344,0
2020-08-07,852.396728515625,-0.007048728077107658,0.0018383014914875595,-0.04006988974219561,857.1705114746094,1010.5418466186524,51.680863729632655,23.149999618530277,24.11000061035156,41.27000045776367,0
2020-08-10,893.7295532226562,0.04849012592881352,0.06626198873129163,0.03398730591110355,857.9140124511719,1008.4221636962891,60.35823192042217,22.57999992370605,24.729999542236328,39.91999816894531,0
2020-08-11,895.4517822265625,0.001927013600139027,0.06223507172019649,0.028239961032088923,858.3726489257813,1006.3349816894531,68.80063471319352,22.51000022888184,24.190000534057617,40.27000045776367,0
2020-08-12,884.1410522460938,-0.012631311037590853,0.04601205641075046,0.03650604976940475,858.3125231933594,1004.2401638793946,64.89524210202421,21.36000061035156,25.190000534057617,41.0099983215332,0
2020-08-13,922.2622680664062,0.043116667553744215,0.08125514899334285,0.061670101733918514,859.5796142578125,1002.3339050292968,78.18540625988979,20.850000381469727,23.81999969482422,41.70000076293945,0
2020-08-14,914.907958984375,-0.007974205751093089,0.06162575247628954,0.049913845278433344,860.2464953613281,1000.4238671875,74.90820994342121,20.56999969482422,23.56999969482422,42.18999862670898,0
2020-08-17,931.66455078125,0.018315057413508917,0.0852898301412881,0.06133118550930772,861.1359191894531,998.5548370361328,76.05985395434143,21.670000076293945,23.149999618530277,41.95000076293945,0
2020-08-18,935.1554565429688,0.0037469556599436515,0.09708944820970977,0.07388834105852404,862.2437390136719,996.5817611694335,75.43771139863269,21.309999465942383,22.57999992370605,41.220001220703125,0
2020-08-19,939.39111328125,0.0045293610903360815,0.051091026243839543,0.08144563806518357,863.5608605957032,994.570022277832,82.16096231043883,20.43000030517578,22.51000022888184,41.93999862670898,0
2020-08-20,926.9634399414062,-0.013229498516794003,0.03519079233556188,0.06296019136877984,864.9265881347657,992.501605834961,75.45240355692238,19.959999084472656,21.36000061035156,41.61000061035156,0
2020-08-21,925.473876953125,-0.001606927440822692,0.04674912968018874,0.07582486724390369,866.3372766113281,990.533363647461,74.4298636579576,20.6200008392334,20.850000381469727,42.66999816894531,0
2020-08-24,922.8672485351562,-0.0028165337594945328,0.0006559744334095896,0.07741800877866978,868.1849499511719,988.5393466186523,71.9718790761912,19.940000534057617,20.56999969482422,42.2400016784668,0
2020-08-25,912.673828125,-0.011045381040811653,-0.00244191870606858,0.08331709918095109,869.918271484375,986.5507894897461,65.85440637513247,19.229999542236328,21.670000076293945,42.0099983215332,0
2020-08-26,902.0148315429688,-0.011678867360455758,-0.03182445786245536,0.07148662005769313,871.6276000976562,984.4486413574218,62.98560203518792,19.31999969482422,21.309999465942383,42.88999938964844,0
2020-08-27,908.2053833007812,0.006863026572659692,-0.028818816223149746,0.06835824403984314,873.2420227050782,982.4593557739258,66.62047288520759,19.299999237060547,20.43000030517578,42.88999938964844,0
2020-08-28,914.0235595703124,0.006406234070519989,-0.02700425132012363,0.07009101806248519,874.9441979980469,980.5539968872071,57.66525163692057,18.899999618530277,19.959999084472656,42.93000030517578,0
2020-08-31,879.6727294921875,-0.03758199634840198,-0.051016802186079735,0.03653843512201682,875.7886279296876,978.5041873168946,45.21862097485949,18.350000381469727,20.6200008392334,42.58000183105469,0
2020-09-01,889.2146606445312,0.010847137614294455,-0.03917908134583714,0.027173590791595092,875.7136950683594,976.6113012695313,51.554067241834446,22.84000015258789,19.940000534057617,42.34000015258789,0
2020-09-02,889.5404663085938,0.0003663970900191771,-0.03611221687567878,0.046686024377616375,875.8676867675781,974.7771548461914,36.957298126823986,21.799999237060547,19.229999542236328,42.619998931884766,0
2020-09-03,894.7534790039062,0.005860343506288501,-0.019634998362897504,0.0578167282587001,876.3557336425781,972.9818139648437,41.82703897694369,21.11000061035156,19.31999969482422,43.34999847412109,0
2020-09-04,877.3919067382812,-0.01940374938240297,-0.027297693944309143,0.05122648912592709,876.144013671875,971.1595059204102,28.09904165158082,20.5,19.299999237060547,43.38999938964844,0
2020-09-07,867.7568359375,-0.01098149039988272,-0.044536784417941955,0.04037257899609625,876.212099609375,969.2833340454101,24.087198652474868,22.149999618530277,18.899999618530277,43.040000915527344,0
2020-09-08,853.374267578125,-0.016574422423116353,-0.06635418896718481,0.012264958196248177,875.8624096679688,967.2667630004883,19.32260266577501,22.01000022888184,18.350000381469727,42.970001220703125,1
2020-09-09,846.6715087890625,-0.00785441868089709,-0.03751533905362259,-0.004890659583378532,875.7358129882813,965.162526550293,20.14523611648842,22.71999931335449,22.84000015258789,42.61000061035156,1
2020-09-10,857.33056640625,0.012589366131420254,-0.035856464866616866,0.022836261193560414,875.508623046875,963.1755215454101,26.27989074549032,22.229999542236328,21.799999237060547,42.7599983215332,1
2020-09-11,854.02587890625,-0.003854624609796131,-0.039924645080759325,0.013093344317399946,875.1608923339844,961.1619815063476,26.15279420476891,21.26000022888184,21.11000061035156,41.5099983215332,1
2020-09-14,839.78271484375,-0.016677672672801402,-0.06143677051845953,-0.006467528840170211,874.4000183105469,959.1584530639649,25.439043892872263,20.709999084472656,20.5,41.369998931884766,1
2020-09-15,847.0904541015625,0.008701940548004883,-0.03453582418985934,-0.006875867229478971,873.925576171875,957.316604309082,31.065381467290308,21.190000534057617,22.149999618530277,39.77000045776367,1
2020-09-16,858.1218872070312,0.013022733348080129,-0.011103281854368152,-0.004266729481914422,873.71513671875,955.4643853759766,33.29189061075955,20.600000381469727,22.01000022888184,39.77000045776367,1
2020-09-17,843.692626953125,-0.016814930919510584,-0.01134512838367685,-0.017188078016285635,873.1478198242188,953.6280725097656,27.812030891730316,19.65999984741211,22.71999931335449,36.7599983215332,1
2020-09-18,838.4794921875,-0.00617895024690629,-0.009675554824419397,-0.016327181771756294,872.7124926757813,951.7529522705078,34.07697861076116,20.100000381469727,22.229999542236328,38.04999923706055,1
2020-09-21,820.9315795898438,-0.020928254967662596,-0.042456186962962494,-0.08145414165875331,872.0000341796875,949.8817880249023,25.143970566017614,20.049999237060547,21.26000022888184,37.29999923706055,1
2020-09-22,797.3328247070312,-0.028746311470443153,-0.0663832977424823,-0.1095748084565269,871.0970751953125,948.0205004882813,21.298148314210536,22.190000534057617,20.709999084472656,37.33000183105469,1
2020-09-23,801.1495361328125,0.004786848487247086,-0.04600377934442912,-0.09386682803886048,870.2833679199218,946.1004815673828,20.608021734939072,21.40999984741211,21.190000534057617,37.2599983215332,1
2020-09-24,791.9334716796875,-0.011503550882162927,-0.0651134505822939,-0.14131424530677494,869.1201489257812,944.1862585449219,21.719046097427068,20.989999771118164,20.600000381469727,38.27999877929688,1
2020-09-25,827.8203735351562,0.045315551291641665,-0.035311433170057804,-0.09518726402368749,868.59345703125,942.5188192749024,38.74015200611521,23.51000022888184,19.65999984741211,40.15999984741211,1
2020-09-28,840.4808959960938,0.015293803904428582,-0.0038067547995884743,-0.09787176587184077,868.4297973632813,940.901029663086,46.32914507110245,20.68000030517578,20.100000381469727,40.970001220703125,1
2020-09-29,833.5921630859375,-0.008196180237972084,-0.005828799806196772,-0.10860578607163862,867.7878259277344,939.3156903076172,46.28013584347033,19.56999969482422,20.049999237060547,41.11000061035156,1
2020-09-30,839.3172607421875,0.006867984021173834,0.022396118762454842,-0.1065305506132681,867.5768969726563,937.6888977050781,44.728947939944334,19.770000457763672,22.190000534057617,39.310001373291016,1
2020-10-01,840.4344482421875,0.001331066990105878,0.0540572546364102,-0.09334671462845212,867.4686010742188,935.9511962890625,45.971300750878534,19.530000686645508,21.40999984741211,39.59999847412109,1
2020-10-05,834.9885864257812,-0.0064798174655935625,0.042238120059722606,-0.09777184724569676,867.47564453125,934.1967324829102,48.50076024188786,18.350000381469727,20.989999771118164,39.93000030517578,1
2020-10-06,830.93896484375,-0.0048499124992424925,0.049253497369333266,-0.0996116005171076,867.4127685546875,932.3539895629883,44.84397041516963,19.700000762939453,23.51000022888184,40.310001373291016,1
2020-10-07,826.563720703125,-0.005265421800803027,-0.0015180259778637684,-0.09434926779787245,867.0833532714844,930.4829995727539,39.4785776059419,19.63999938964844,20.68000030517578,40.25,1
2020-10-08,820.1868286132812,-0.007714943119471962,-0.024145780682809037,-0.0907169151417545,866.4704370117188,928.6147094726563,41.71856553966441,20.059999465942383,19.56999969482422,40.59999847412109,1
2020-10-09,845.694091796875,0.03109933285166222,0.014517805285184648,-0.06882946594823658,866.6205297851562,926.8748651123046,52.223807556475656,20.3799991607666,19.770000457763672,39.290000915527344,1
2020-10-12,843.1806030273438,-0.002972101607320865,0.0046029582207567366,-0.07750670735037979,866.624375,925.1238180541992,57.55852482198916,20.3799991607666,19.530000686645508,40.220001220703125,1
2020-10-13,834.5230102539062,-0.010267779811766742,-0.007033788299188992,-0.05132558703319701,866.4098474121093,923.376127319336,64.06192449461685,21.1299991607666,18.350000381469727,38.720001220703125,1
2020-10-14,851.977783203125,0.02091586778884391,0.020346621562897127,-0.041876139800052115,866.3902978515625,921.8144580078125,67.42182073790178,20.71999931335449,19.700000762939453,39.220001220703125,1
2020-10-15,827.4015502929688,-0.028846095983581455,-0.004257129224222167,-0.06985507502934463,865.7023498535157,920.0375314331054,60.998848839053615,20.209999084472656,19.63999938964844,40.66999816894531,1
2020-10-16,832.3353881835938,0.005963051300638789,0.006982725391768918,-0.06976009849081566,865.1801037597656,918.2729864501953,51.73278064750068,22.059999465942383,20.059999465942383,39.95000076293945,1
2020-10-19,840.5274047851562,0.009842206300323175,0.024799930286939054,-0.042016004102624294,864.9427172851563,916.5680593872071,50.01848317642846,21.649999618530277,20.3799991607666,41.18999862670898,1
2020-10-20,853.9327392578125,0.01594871790775554,0.009741876573162056,-0.015930841575857335,864.1467810058593,914.8766897583008,57.68552402054885,21.81999969482422,20.3799991607666,40.59999847412109,1
2020-10-21,860.5887451171875,0.007794531762724155,0.020645804739034324,0.008454060326352764,863.4495202636718,913.0577359008789,57.98111529325982,22.690000534057617,21.1299991607666,39.43000030517578,1
2020-10-22,871.6201782226562,0.012818472433039574,0.04445313971326326,0.029466763880216185,863.1991027832031,911.3405834960937,60.89072802370546,22.920000076293945,20.71999931335449,40.20000076293945,1
2020-10-23,876.228271484375,0.005286813427283432,0.028463756637029825,0.02204249541380543,862.2784228515625,909.7297473144531,64.4865511780771,22.63999938964844,20.209999084472656,41.040000915527344,1
2020-10-26,886.0029296875,0.011155378708069152,0.07082580323155252,0.03744271874079863,861.700322265625,908.1507202148438,68.59479228414477,21.82999992370605,22.059999465942383,40.959999084472656,1
2020-10-27,914.11669921875,0.031731011929233555,0.09825523724712415,0.08851573515517108,861.349365234375,906.8440002441406,75.48087000327556,22.82999992370605,21.649999618530277,40.880001068115234,1
2020-10-28,914.9545288085938,0.0009165455467117223,0.08854812299958437,0.08011431881735587,860.9453466796875,905.4295254516602,78.49945044900188,22.200000762939453,21.81999969482422,40.83000183105469,1
2020-10-29,869.9445190429688,-0.04919371219926605,0.018750633450443255,0.01377733398039438,859.5564147949219,903.7515478515625,56.52717610047395,23.280000686645508,22.690000534057617,41.459999084472656,1
2020-10-30,865.2899780273438,-0.005350388345161883,0.005462810124847728,0.025598601178031588,858.3229455566407,902.0043368530273,55.88309046745753,24.020000457763672,22.920000076293945,40.02999877929688,1
2020-11-02,865.103759765625,-0.00021520908186556387,-0.007476213401024112,0.031753033707079936,857.1155432128907,900.2953298950196,58.5214120813277,24.75,22.63999938964844,40.63999938964844,1
2020-11-03,882.2792358398438,0.019853660188544175,0.006905694043879862,0.07472931700428753,856.3037829589844,898.6835772705078,58.45674846343607,25.209999084472656,21.82999992370605,39.84999847412109,1
2020-11-04,891.863525390625,0.010863102248641177,0.006614645964198029,0.11855864672112015,855.8875769042969,897.1393139648437,69.63346600214525,24.239999771118164,22.82999992370605,38.560001373291016,1
2020-11-05,909.1817016601562,0.019417966736498204,-0.0053986515756810904,0.1348464433354355,856.0309143066406,895.750354309082,71.76359349503554,23.200000762939453,22.200000762939453,39.56999969482422,1
2020-11-06,911.6964721679688,0.0027659713159873256,-0.0035608945997211983,0.15122861297207768,856.1007360839844,894.3493963623047,70.82542728387195,20.96999931335449,23.280000686645508,37.38999938964844,1
2020-11-09,916.5360717773438,0.005308345219178889,0.05355692428021808,0.10716781209833304,856.150986328125,893.0056271362305,69.28572207537371,20.5,24.020000457763672,36.16999816894531,1
2020-11-10,980.9218139648438,0.07024899965218312,0.13363362441931104,0.1670959073999021,858.1759680175782,892.0208752441406,77.34412339145648,20.11000061035156,24.75,35.790000915527344,1
2020-11-11,1005.35693359375,0.02491036419114856,0.1621229502760715,0.2060537252077126,860.4988134765625,890.9849206542968,78.64499080047261,21.57999992370605,25.209999084472656,36.810001373291016,1
2020-11-12,1018.4049682617188,0.012978509653608583,0.15428871823362877,0.213373078210221,863.076103515625,889.8917959594727,79.39013856656169,22.030000686645508,24.239999771118164,37.65999984741211,1
2020-11-13,997.8129272460938,-0.020219894499113544,0.11879553187138603,0.18725848200662365,865.1372924804688,888.7439471435547,72.12345401692927,20.6200008392334,23.200000762939453,39.150001525878906,1
2020-11-14,1005.1198120117188,0.007322900481748107,0.10552138277352108,0.2037527558480703,867.6918505859375,887.641506652832,69.62215060018187,19.700000762939453,20.96999931335449,38.790000915527344,1
2020-11-17,1025.7119140625,0.020487211379871972,0.1250585533400257,0.2344010299906627,870.8509521484375,886.5553378295898,72.00684757571031,19.700000762939453,20.5,37.13999938964844,1
2020-11-18,1089.5281982421875,0.06221657690114246,0.1887455734604946,0.31814180921873647,875.5740307617187,885.7677725219727,90.59609243065005,19.799999237060547,20.11000061035156,40.290000915527344,1
2020-11-19,1076.3380126953125,-0.012106327829014107,0.0972719714987278,0.31230833652268597,880.1673608398437,884.918352355957,87.82427225863503,19.1200008392334,21.57999992370605,41.36000061035156,1
2020-11-20,1074.4874267578125,-0.0017193352977155074,0.06876213895193284,0.270539119499833,884.510498046875,884.435783996582,87.30343759392348,19.56999969482422,22.030000686645508,41.45000076293945,1
2020-11-23,1068.36669921875,-0.005696416157731421,0.0490588052042884,0.26706745314455915,888.797314453125,883.8994052124024,84.51246842623233,19.6200008392334,20.6200008392334,41.119998931884766,1
2020-11-24,1077.524169921875,0.008571467745879247,0.07988595908030538,0.29118569132567695,893.5521435546875,883.3255368041993,84.48790987119403,20.799999237060547,19.700000762939453,40.130001068115234,1
2020-11-25,1059.019775390625,-0.017173066783821356,0.053625411353724006,0.24301336991335365,897.7907299804688,882.6247915649415,77.71146448600388,21.059999465942383,19.700000762939453,40.130001068115234,1
2020-11-26,1061.72412109375,0.00255363097646355,0.03510947522157348,0.28320296320185956,901.8627746582031,882.0222073364258,77.72708250377602,23.1299991607666,19.799999237060547,41.43000030517578,1
2020-11-27,1065.0931396484375,0.0031731581563927413,-0.022427192461078826,0.27964418522777357,906.2907849121094,881.498811340332,77.60535294276431,20.020000457763672,19.1200008392334,41.81999969482422,1
2020-12-01,1058.9722900390625,-0.005746774044000813,-0.016134079119591416,0.2598902593898673,910.7006408691407,880.9375302124023,68.51221481702167,19.81999969482422,19.56999969482422,41.7400016784668,1
2020-12-02,1056.884765625,-0.001971273879116775,-0.016382379816139214,0.23766746142510153,915.4197045898437,880.3184854125976,63.67072832651497,20.18000030517578,19.6200008392334,42.150001525878906,1
2020-12-03,1067.70263671875,0.01023562023562019,-0.0006215679508595473,0.24066535006027712,920.8271008300782,879.7765103149414,63.23567439270555,19.90999984741211,20.799999237060547,43.060001373291016,1
2020-12-04,1090.8094482421875,0.021641616990334622,0.012329448091429551,0.2514733773906954,926.6202990722657,879.3368722534179,74.63548526564651,19.0,21.059999465942383,44.90999984741211,1
2020-12-07,1109.977783203125,0.017572578777921954,0.04811808900707626,0.2667678267476654,932.9811853027344,879.0611074829102,76.1352368625783,18.030000686645508,23.1299991607666,45.709999084472656,1
2020-12-08,1111.59130859375,0.0014536555731492484,0.046968121482093395,0.2546135812280177,938.6566040039063,878.7654251098633,73.64157172275482,18.020000457763672,20.020000457763672,45.709999084472656,1
2020-12-09,1120.700927734375,0.008195115480121418,0.052209319557059874,0.22599327710803463,944.2610046386719,878.537815246582,62.28034150878249,18.6200008392334,19.81999969482422,45.52999877929688,1
2020-12-10,1129.5736083984375,0.00791708157322546,0.06666965606509945,0.23456802806289145,950.1806335449219,878.3582095336914,71.7104254408236,18.920000076293945,20.18000030517578,44.54999923706055,1
2020-12-11,1133.3218994140625,0.003318323823924496,0.07232305382305393,0.3027519279744837,956.0607263183593,878.2924526977539,73.62802426866526,18.709999084472656,19.90999984741211,45.27999877929688,1
2020-12-14,1185.8460693359375,0.04634532337990693,0.11065200042988033,0.3704608853085132,962.9689587402344,878.5696334838867,84.36980600020142,18.790000915527344,19.0,45.63999938964844,1
2020-12-15,1182.6195068359375,-0.0027208948812444955,0.08416690810819394,0.3670262017544974,969.9215771484374,878.9712942504883,81.85209109804383,19.399999618530277,18.030000686645508,46.2599983215332,1
2020-12-16,1203.4962158203125,0.017652938129043783,0.08425252652113091,0.3640763229281958,977.3727221679687,879.4809799194336,93.16690264286042,19.350000381469727,18.020000457763672,45.7599983215332,1
2020-12-17,1213.507568359375,0.00831855755544586,0.09168500956935066,0.3606426698836842,985.1115991210937,880.1444741821289,93.45278034051833,19.200000762939453,18.6200008392334,45.59999847412109,1
2020-12-18,1216.1173095703125,0.0021505767899461237,0.08513991509655705,0.33759545242683076,993.0302087402343,880.9422909545898,93.42419307285158,19.15999984741211,18.920000076293945,45.52000045776367,1
2020-12-21,1171.8013916015625,-0.0364404960113659,0.03738382597571266,0.2852977140682329,999.5523547363281,881.4256961059571,76.59945643978419,18.6200008392334,18.709999084472656,46.77999877929688,1
2020-12-22,1198.2296142578125,0.022553499975050517,0.05727209090136509,0.3073458330278367,1006.6533349609375,882.0624032592773,79.89150329429538,23.190000534057617,18.790000915527344,46.56999969482422,1
2020-12-23,1200.222412109375,0.0016631185107178759,0.012123279020090694,0.2235658286139317,1013.9673229980468,882.6826809692383,79.11182287515727,21.989999771118164,19.399999618530277,46.9900016784668,1
2020-12-24,1197.755126953125,-0.0020556899549257768,0.012798385304570559,0.19137302079533902,1020.8828698730468,883.3977877807617,75.83663185013616,20.5,19.350000381469727,47.619998931884766,1
2020-12-28,1223.56640625,0.02154971305573472,0.016676571281121655,0.20145368923176443,1028.8061669921874,884.5011080932617,76.58808214058351,19.96999931335449,19.200000762939453,47.81999969482422,1
2020-12-29,1219.248779296875,-0.0035287230272672554,0.0047310878705617565,0.22192120988242903,1036.544434814453,885.5145803833008,74.8847367143897,20.43000030517578,19.15999984741211,48.36000061035156,1
2020-12-30,1226.0811767578125,0.00560377633913034,0.00819317931673913,0.2198358465383803,1044.2555102539063,887.0190936279297,74.61752334782919,20.790000915527344,18.6200008392334,49.09999847412109,1
2020-12-31,1221.8583984375,-0.0034441262131427175,0.042717995724106395,0.19122960519989451,1051.6140234375,888.3436773681641,72.0370924214838,21.11000061035156,23.190000534057617,47.7400016784668,1
2021-01-01,1230.7783203125,0.0073002910045931735,0.027163997340232893,0.12964338352894522,1059.0178149414062,890.0894210815429,72.71110443552723,21.100000381469727,21.989999771118164,47.02000045776367,1
2021-01-04,1247.479736328125,0.013569800296274748,0.039373805839615805,0.15900369736477837,1066.5350061035156,891.9730514526367,67.24172903907898,21.100000381469727,20.5,48.119998931884766,1
2021-01-05,1239.6036376953125,-0.006313608472707788,0.03493912052678305,0.15366974691898094,1073.8025134277343,894.0548422241211,65.53687133806127,20.030000686645508,19.96999931335449,48.22999954223633,1
2021-01-06,1246.9102783203125,0.0058943362239438635,0.01907854935463371,0.16711825558782722,1081.0206604003906,896.4527990722656,62.78286723139474,20.459999084472656,20.43000030517578,47.619998931884766,1
2021-01-07,1270.58642578125,0.018987851710414283,0.04210596504675679,0.17917208843062227,1088.1500549316406,898.8708435058594,65.55466403735329,21.0,20.790000915527344,48.0,1
2021-01-08,1303.277587890625,0.025729192006182622,0.06296190871875784,0.23064518545926505,1095.9165161132812,902.0923831176758,70.40653771032666,20.6200008392334,21.11000061035156,48.400001525878906,1
2021-01-11,1281.0723876953125,-0.017037966739880783,0.04846223534047378,0.20659629205334218,1104.139073486328,905.2312750244141,78.53789013931839,20.63999938964844,21.100000381469727,48.52000045776367,1
2021-01-12,1280.882568359375,-0.0001481722170899591,0.04070940088882402,0.20260146336325535,1112.4509252929688,908.1022796630859,75.01442657593256,22.3799991607666,21.100000381469727,48.52000045776367,1
2021-01-13,1283.444580078125,0.0020001925094754736,0.028830002366098784,0.2119718260340715,1120.8177416992187,910.652710571289,75.1002158949331,22.850000381469727,20.030000686645508,47.619998931884766,1
2021-01-14,1306.3140869140625,0.01781885029624375,0.05381595147847329,0.23600427350427355,1129.2984387207032,913.3218728637695,79.15398802651188,23.290000915527344,20.459999084472656,49.93000030517578,1
2021-01-15,1285.010498046875,-0.0163081674465545,0.030555702674843976,0.20352844870361353,1137.161378173828,916.0617059326172,66.91050584703375,23.030000686645508,21.0,50.630001068115234,1
2021-01-18,1267.8345947265625,-0.013366352528962677,-0.0021657960441341384,0.16228787417421686,1144.3344360351562,918.6702090454102,62.487834233071936,24.01000022888184,20.6200008392334,50.83000183105469,1
2021-01-19,1299.9088134765625,0.025298425270464886,-0.0025848479597618823,0.17111246112092693,1152.0986828613281,921.5966622924805,66.7962310430173,24.399999618530277,20.63999938964844,52.2400016784668,1
2021-01-20,1312.0552978515625,0.00934410494726512,0.02418513618265483,0.18033965155000642,1160.0090673828124,924.5824630737304,69.80624595575088,22.899999618530277,22.3799991607666,52.25,1
2021-01-21,1301.2847900390625,-0.00820888252967411,0.01592825305275225,0.16113474865213018,1166.416326904297,927.3898251342773,65.35762735028555,21.549999237060547,22.850000381469727,53.209999084472656,1
2021-01-22,1292.554443359375,-0.006709020766642038,0.007097979470757965,0.14428527167168803,1172.1602770996094,930.1283877563477,60.17131234422895,22.18000030517578,23.290000915527344,52.90999984741211,1
2021-01-25,1291.79541015625,-0.0005872349958058187,-0.011114231181652778,0.1398309790220411,1177.6280859375,932.8368533325196,62.16815103756074,22.18000030517578,23.030000686645508,53.56999969482422,1
2021-01-27,1290.4195556640625,-0.0010650715131593769,0.004209348970618532,0.08818470544552648,1183.4802185058593,935.295496520996,60.43238914554791,23.25,24.01000022888184,52.36000061035156,1
2021-01-28,1276.65966796875,-0.010663111570896389,0.006960744941725494,0.07951852695582029,1188.911015625,937.6175094604492,51.528909518008746,24.38999938964844,24.399999618530277,52.36000061035156,1
2021-01-29,1266.553466796875,-0.007916127865114309,-0.02565975884914551,0.05239505546229095,1193.7278466796874,939.7436407470703,39.568704031688746,24.290000915527344,22.899999618530277,52.97999954223633,1
2021-02-01,1374.875244140625,0.08552483585055182,0.047879038628880766,0.13297624175464695,1199.4347875976562,942.3133267211914,67.89139708487991,25.34000015258789,21.549999237060547,53.2400016784668,1
2021-02-02,1442.582275390625,0.04924594543290417,0.10858306070519808,0.18621967143969753,1206.7596728515625,945.3013757324219,74.52504893367903,23.31999969482422,22.18000030517578,53.130001068115234,0
2021-02-03,1450.506103515625,0.005492808458952059,0.12220116604584219,0.23784296034427999,1214.2800463867188,948.5378414916992,74.93275686295371,23.350000381469727,22.18000030517578,52.27000045776367,0
2021-02-04,1451.692138671875,0.0008176698832051965,0.1237786783096595,0.21153084634038022,1221.9465551757812,951.862141418457,73.19808000897585,23.75,23.25,52.77000045776367,0
2021-02-05,1439.0712890625,-0.008693888513387926,0.11519643572197724,0.19900384673983162,1229.1774975585938,955.1787088012695,75.28422226834493,23.1200008392334,24.38999938964844,52.84999847412109,0
2021-02-08,1472.5689697265625,0.023277290651726457,0.1534546024074821,0.22944075678683573,1237.4484814453126,958.613853149414,81.89210280718595,23.420000076293945,24.290000915527344,52.34000015258789,0
2021-02-09,1486.4708251953125,0.009440546252533988,0.17363448457853936,0.21486730724412828,1245.9434155273439,962.0998187255859,80.80539450567969,23.959999084472656,25.34000015258789,52.20000076293945,0
2021-02-10,1473.565185546875,-0.008682067235824653,0.07178101564257688,0.2085845075823336,1254.1128564453124,965.5124887084961,76.60205797209846,24.270000457763672,23.31999969482422,53.54999923706055,0
2021-02-11,1452.3563232421875,-0.014392890462335717,0.006775383295844151,0.18455152136233388,1261.980537109375,968.735133972168,74.05560255146311,23.950000762939453,23.350000381469727,54.7599983215332,0
2021-02-12,1443.673583984375,-0.005978380868979505,-0.0047104383185220255,0.18153919130934493,1269.7163134765624,971.8119274902343,74.0668320931531,23.049999237060547,23.75,55.68999862670898,0
2021-02-15,1459.141357421875,0.010714176396308783,0.005131403933078538,0.18554359736478987,1277.545087890625,975.1824710083008,75.45835883691771,22.040000915527344,23.1200008392334,56.22999954223633,0
2021-02-16,1470.3387451171875,0.0076739567680386145,0.02172752405828149,0.17864739786878903,1285.135673828125,978.6724484252929,76.57692876385288,22.040000915527344,23.420000076293945,56.84999847412109,0
2021-02-17,1469.2950439453125,-0.0007098372231167938,-0.002223275003450542,0.1852942337899599,1292.3220190429688,982.1553616333008,79.56603898724444,21.780000686645508,23.959999084472656,57.970001220703125,0
2021-02-18,1446.7576904296875,-0.015338888951199503,-0.026716390320278838,0.16027409155579764,1299.0253466796876,985.5922650146484,76.64146714286488,21.780000686645508,24.270000457763672,58.36000061035156,0
2021-02-19,1431.7646484375,-0.010363201862596982,-0.02836694129270012,0.12685341145301932,1305.24662109375,988.9860415649414,61.616066950946305,21.540000915527344,23.950000762939453,58.68000030517578,0
2021-02-22,1378.05419921875,-0.037513462339892834,-0.0511597070459735,0.05737581312140261,1310.2162329101564,992.0851950073243,36.02545488768316,22.25,23.049999237060547,58.2400016784668,0
2021-02-23,1410.4130859375,0.023481577674590026,-0.023038793821439696,0.10096283354828617,1315.758056640625,995.3775204467773,42.14823874334335,25.46999931335449,22.040000915527344,59.470001220703125,0
2021-02-24,1448.6556396484375,0.02711443483631437,-0.0071862247753462505,0.1309823987252441,1321.014248046875,998.6391101074219,49.480707365291835,25.229999542236328,22.040000915527344,59.470001220703125,0
2021-02-25,1429.5343017578125,-0.013199367308068699,-0.02775172965745576,0.11382627964410807,1325.9525439453125,1001.7647177124023,48.40448843439445,24.170000076293945,21.780000686645508,60.04999923706055,0
2021-02-26,1368.8494873046875,-0.04245075782966834,-0.06836309497846749,0.04787164206301564,1329.259609375,1004.6203552246094,34.094855439088846,22.88999938964844,21.780000686645508,61.13999938964844,0
2021-03-01,1397.64990234375,0.02103986983680106,-0.03394333993230925,0.08765640784108686,1332.9424560546875,1007.8555557250977,36.97468371198627,28.13999938964844,21.540000915527344,60.52000045776367,0
2021-03-02,1409.79638671875,0.008690648748754137,-0.015343486614733948,0.11197185546337352,1336.8160375976563,1011.2299313354492,40.6276328688241,25.6299991607666,22.25,59.2400016784668,0
2021-03-03,1420.471923828125,0.007572396418338068,0.03078088266297696,0.0927473597391193,1341.7894482421875,1014.4793423461914,45.16408421107201,23.61000061035156,25.46999931335449,61.4900016784668,0
2021-03-04,1387.9232177734375,-0.022914008723924573,-0.015945589549825723,0.05782372133713087,1345.5833203125,1017.6329162597656,42.115151211713666,22.09000015258789,25.229999542236328,61.66999816894531,0
2021-03-05,1388.82470703125,0.0006495238686610172,-0.041301004172190514,0.06727191285280432,1349.3553662109375,1020.8131469726562,39.6276547855104,24.149999618530277,24.170000076293945,63.220001220703125,0
2021-03-08,1437.83740234375,0.03529077144463355,0.005808255580665556,0.1123998758665683,1354.15701171875,1024.1929904174804,45.68693118328133,25.559999465942383,22.88999938964844,63.52999877929688,0
2021-03-09,1431.2899169921875,-0.004553703597423242,0.04561526323134868,0.10798498410755686,1358.3114819335938,1027.4233541870117,45.029166751818856,24.68000030517578,28.13999938964844,61.5,0
2021-03-10,1446.3780517578125,0.010541634218546259,0.034864345736617786,0.12085875125589851,1362.8540673828124,1030.476986694336,49.949358827391436,22.5,25.6299991607666,60.63999938964844,0
2021-03-12,1436.69873046875,-0.006692110183294742,0.019082432047236475,0.12535765522743647,1367.0664184570312,1033.3587893676759,50.667637014245344,20.75,23.61000061035156,59.75,0
2021-03-15,1407.9932861328125,-0.019980141784194272,-0.00878485346030844,0.11167299529299779,1370.7891162109374,1036.1159832763672,54.345127811007735,21.709999084472656,22.09000015258789,61.27999877929688,0
2021-03-16,1387.1640625,-0.014793553234917711,-0.0005469720973868553,0.008938133413738392,1373.9168310546875,1038.6892037963867,46.508984156474696,21.229999542236328,24.149999618530277,63.83000183105469,0
2021-03-17,1364.2471923828125,-0.01652066308284106,-0.017696628324660457,-0.0543019863366897,1376.2521801757812,1041.0747030639648,36.71394106801257,20.190000534057617,25.559999465942383,66.08999633789062,0
2021-03-18,1355.1846923828125,-0.0066428577244651565,-0.05748404501524951,-0.06571596693166604,1378.5638012695313,1043.5560879516602,37.91452831356762,20.15999984741211,24.68000030517578,65.05000305175781,0
2021-03-19,1339.1951904296875,-0.011798762222594794,-0.06434386595556707,-0.07749366773116839,1380.4094995117186,1045.8442443847657,44.36023824956772,20.07999992370605,22.5,64.01000213623047,0
2021-03-22,1328.56689453125,-0.007936330696518779,-0.08145253385405304,-0.07678868682262396,1381.5691088867188,1048.051112060547,35.88597006646907,19.989999771118164,20.75,64.44000244140625,0
2021-03-23,1332.6473388671875,0.003071312669865378,-0.07242394622817949,-0.09501872831488267,1382.15650390625,1050.3155264282227,33.70083532558097,20.489999771118164,21.709999084472656,65.61000061035156,0
2021-03-24,1299.2445068359375,-0.025065019872132055,-0.07723671722580716,-0.1259535775515639,1382.5199462890625,1052.4440737915038,26.6324760099899,20.670000076293945,21.229999542236328,65.38999938964844,1
2021-03-25,1301.094970703125,0.0014242614515214136,-0.06204680046407629,-0.11704281326363053,1382.9241943359375,1054.656163330078,31.016559138751845,22.459999084472656,20.190000534057617,64.80000305175781,1
2021-03-26,1326.90625,0.019838120873625575,-0.027371097108576325,-0.08637692502493965,1383.793427734375,1057.0159973144532,37.79231856321552,22.700000762939453,20.15999984741211,64.5999984741211,1
2021-03-30,1350.8670654296875,0.01805765511292723,-0.0031860062893223073,-0.06428497382251186,1384.6844873046875,1059.6179147338867,30.973672530567967,20.649999618530277,20.07999992370605,60.0,0
2021-03-31,1346.4544677734375,-0.003266492883847505,0.005420626803043449,-0.07722821992212014,1385.9133666992188,1062.2201483154297,31.265722600756746,20.489999771118164,19.989999771118164,61.41999816894531,0
2021-04-01,1370.84228515625,0.018112619450950662,0.03182029508564255,-0.06766907305636394,1387.9735205078125,1064.9916177368164,33.97747381275062,20.649999618530277,20.489999771118164,61.54999923706055,0
2021-04-05,1332.12548828125,-0.02824307164597495,-0.00039158941057959584,-0.09335739355367212,1388.6178540039064,1067.5148239135742,30.250932281849728,19.989999771118164,20.670000076293945,57.7599983215332,1
2021-04-06,1329.4683837890625,-0.001994635276903023,0.023262655176991665,-0.08107045666077639,1388.9661157226562,1070.0175918579102,33.55200042547011,21.21999931335449,22.459999084472656,61.18000030517578,1
2021-04-07,1332.4576416015625,0.002248461000614821,0.024104828321247496,-0.06935986786956383,1389.5895727539062,1072.492623901367,37.61550488880193,20.84000015258789,22.700000762939453,58.560001373291016,1
2021-04-08,1346.691650390625,0.01068252253929347,0.014910925614092907,-0.022758574260653308,1390.6723168945311,1074.7612756347655,45.86312693122633,20.25,20.649999618530277,60.970001220703125,1
2021-04-09,1332.4100341796875,-0.01060496380652165,-0.013663099591616046,-0.055305110634282006,1391.484609375,1077.0141213989257,44.76210636486756,20.309999465942383,20.489999771118164,60.54999923706055,1
2021-04-12,1276.469970703125,-0.04198412053463907,-0.05197687611824131,-0.11885893668083802,1391.2056176757812,1079.044715576172,37.8134073034414,19.790000915527344,20.649999618530277,59.15999984741211,1
2021-04-13,1303.562255859375,0.021224381127686653,-0.04907933613180482,-0.08812103755995027,1391.7436694335938,1081.1226373291015,45.434066600330254,23.0,19.989999771118164,61.45000076293945,1
2021-04-15,1304.4637451171875,0.0006915582694730915,-0.020765118156963247,-0.047036392813557426,1392.501875,1083.323193359375,44.793127866959544,20.459999084472656,21.21999931335449,58.650001525878906,1
2021-04-16,1289.755126953125,-0.011275605181914172,-0.02987153159878264,-0.07719728324646524,1390.79947265625,1085.4176751708985,48.116769633809724,20.88999938964844,20.84000015258789,59.33000183105469,1
2021-04-19,1243.54150390625,-0.03583131563589792,-0.06673093006426734,-0.11792829402794269,1386.8186572265624,1087.3703759765624,40.28821554369992,20.399999618530277,20.25,59.77000045776367,1
2021-04-20,1263.516845703125,0.016063269086015852,-0.061762322996043006,-0.11049502316245097,1383.0788720703124,1089.3445098876953,39.088530481916266,22.489999771118164,20.309999465942383,59.59999847412109,1
2021-04-22,1268.5462646484375,0.003980492197168672,-0.047931018149805826,-0.08601120839847998,1379.4159545898438,1091.3301791381837,34.841866955336485,22.43000030517578,19.790000915527344,59.31999969482422,1
2021-04-23,1255.3560791015625,-0.010397875043627547,-0.016540844740697058,-0.09610185306610064,1375.741650390625,1093.2178274536134,33.750863322072036,23.030000686645508,23.0,59.70000076293945,1
2021-04-26,1267.6922607421875,0.009826838652387648,-0.02751690220851033,-0.11833406289488435,1371.6441162109375,1095.2022259521484,30.77467368330045,22.690000534057617,20.459999084472656,60.18000030517578,1
2021-04-27,1310.157470703125,0.03349804307874815,0.004364801710472932,-0.0846316632647135,1368.1178491210937,1097.4097940063477,45.961975316176776,23.5,20.88999938964844,63.459999084472656,1
2021-04-28,1305.64990234375,-0.0034404783090355995,0.012323870677819482,-0.09729693370487247,1364.7595434570312,1099.577751159668,45.651417137768156,23.07999992370605,20.399999618530277,63.130001068115234,1
2021-04-29,1289.28076171875,-0.012537159153932498,0.03678144852328802,-0.10260882509578195,1361.4980322265626,1101.7229257202148,42.48430480695965,22.57999992370605,22.489999771118164,63.380001068115234,1
2021-04-30,1272.0098876953125,-0.0133957432207501,0.006721748127909821,-0.09657957873577039,1358.0647583007812,1103.8002026367187,37.136325808341255,23.309999465942383,22.43000030517578,62.43999862670898,1
2021-05-03,1273.9552001953125,0.0015293218384682117,0.004263885123948485,-0.08161173242958597,1354.36103515625,1105.9575747680665,39.48447206060094,23.030000686645508,23.030000686645508,61.43000030517578,1
2021-05-04,1269.305419921875,-0.0036498773840121235,0.011111859855966744,-0.06959279300044663,1350.3403686523438,1108.094927368164,48.41950324167178,23.690000534057617,22.690000534057617,62.13999938964844,1
2021-05-05,1270.3017578125,0.0007849473223602299,0.002058462571022268,-0.06263569463809648,1346.3605029296875,1110.195964050293,41.708054875896245,23.01000022888184,23.5,61.90999984741211,1
2021-05-06,1271.488037109375,0.0009338562979852583,-0.029515103686732602,-0.050558091758519774,1342.8551098632813,1112.2826293945313,41.790710946792494,23.01000022888184,23.07999992370605,62.93999862670898,1
2021-05-07,1274.1448974609375,0.002089567714378626,-0.02412974935031087,-0.040962933288740344,1339.70271484375,1114.4100344848632,45.86576230857017,22.040000915527344,22.57999992370605,63.86000061035156,1
2021-05-10,1323.774658203125,0.038951426043527304,0.026754371513611153,-0.006657935978474749,1338.6171240234376,1116.7004541015624,70.8714125126225,20.81999969482422,23.309999465942383,65.01000213623047,1
2021-05-11,1312.9566650390625,-0.008172080570530538,0.03219061246287902,0.01055394741403859,1336.6679956054688,1119.0159188842774,63.50439097517727,20.229999542236328,23.030000686645508,63.58000183105469,1
2021-05-12,1314.5701904296875,0.0012289250921901917,0.031881019229049956,0.010356830231447622,1333.9862866210938,1121.3595236206054,62.8103997771088,20.229999542236328,23.690000534057617,64.48999786376953,1
2021-05-14,1343.22802734375,0.02180015728539786,0.05823862898688703,0.012300625868443937,1332.2601611328125,1123.9024816894532,72.51941304438957,20.07999992370605,23.01000022888184,65.69000244140625,1
2021-05-17,1315.946044921875,-0.020310760248075987,0.03593184597963228,-0.02585081937481737,1331.2020922851561,1126.3117980957031,61.48634551759528,20.270000457763672,23.01000022888184,65.62999725341797,1
2021-05-18,1344.93603515625,0.02202977116443705,0.05776538662043018,-0.0011277266729252666,1330.1478149414063,1128.8213058471679,58.8462102130746,19.61000061035156,22.040000915527344,64.70999908447266,1
2021-05-19,1331.793212890625,-0.00977207980310979,0.04524470925133128,-0.028485459405838354,1328.5877514648437,1131.2261087036134,56.36993863424917,19.239999771118164,20.81999969482422,64.9000015258789,1
2021-05-20,1337.7716064453125,0.0044889803438115106,0.010573512761746562,0.004238428146395856,1326.9337451171875,1133.724019470215,62.44518145026119,19.31999969482422,20.229999542236328,64.91999816894531,1
2021-05-21,1345.64794921875,0.005887658801763784,0.024898981855364433,0.012169951257941847,1326.0882397460937,1136.2373175048829,69.85675321776947,19.31999969482422,20.229999542236328,65.27999877929688,1
2021-05-24,1369.5611572265625,0.017770775797411043,0.0418318985149817,0.027845925053499698,1325.70296875,1138.8588763427733,73.04967544621731,19.07999992370605,20.07999992370605,66.08000183105469,1
2021-05-25,1376.867919921875,0.005335112387466534,0.025044066899533313,0.0224077052252436,1324.4835791015626,1141.4784396362304,75.60425497787546,19.1299991607666,20.270000457763672,65.37000274658203,1
2021-05-26,1397.6971435546875,0.015127975117609216,0.06212344263526837,0.04899926276462985,1323.8117236328126,1144.1579306030274,77.70898769903117,19.1299991607666,19.61000061035156,66.2699966430664,1
2021-05-27,1407.1392822265625,0.0067554968652661085,0.04624996687153682,0.10236771292900859,1323.0269482421875,1146.9013885498048,78.48178481118424,20.8700008392334,19.239999771118164,65.48999786376953,1
2021-05-28,1402.6318359375,-0.00320326946024152,0.0531904070100504,0.07599911675320281,1322.3456103515625,1149.652564086914,76.76951459757667,19.90999984741211,19.31999969482422,63.36000061035156,1
2021-05-31,1392.762939453125,-0.007035984947382001,0.04110666779207084,0.06769003329257339,1322.0410034179688,1152.1477310180665,67.22755472316517,17.399999618530273,19.31999969482422,62.04999923706055,1
2021-06-01,1399.3580322265625,0.004735258662200703,0.039913918821780525,0.08497962363782952,1322.2848828125,1154.6672622680665,72.04075328431513,17.399999618530273,19.07999992370605,63.58000183105469,1
2021-06-02,1395.94189453125,-0.0024412177703206916,0.019262182755029222,0.1225535216526954,1322.9187768554686,1157.226266479492,70.56853462879275,17.389999389648438,19.1299991607666,66.05000305175781,1
2021-06-03,1433.709716796875,0.027055440067802472,0.04128340565754862,0.1346977459560823,1324.48927734375,1159.7835037231446,71.8643255864991,17.209999084472656,19.1299991607666,66.06999969482422,1
2021-06-04,1459.046630859375,0.017672276169758083,0.043893262276161416,0.15017218647814357,1326.8863061523436,1162.5041970825196,84.90748747561229,15.75,20.8700008392334,66.20999908447266,1
2021-06-07,1478.2626953125,0.013170288081750137,0.050544685934285516,0.17756445356162853,1329.8802221679687,1165.2371878051758,84.15177454698272,15.9399995803833,19.90999984741211,66.8499984741211,1
2021-06-08,1470.0543212890625,-0.005552716746127673,0.04806855485815942,0.15963027212014325,1332.6283618164061,1167.9116821289062,86.33424289104619,15.56999969482422,17.399999618530273,66.31999969482422,1
2021-06-09,1441.728271484375,-0.019268709594247424,0.035156975134961854,0.10042365419680399,1335.478037109375,1170.423367919922,74.44768201274039,15.229999542236328,17.399999618530273,66.31999969482422,1
2021-06-10,1442.107666015625,0.0002631525917566879,0.03054946111328083,0.10451328754126354,1338.298291015625,1172.999089050293,73.51373869986729,14.75,17.389999389648438,67.72000122070312,1
2021-06-11,1426.6876220703125,-0.010692713386592168,0.022025076874268246,0.1065763675620075,1340.2939184570312,1175.5051577758788,64.52709792054952,15.0,17.209999084472656,68.83000183105469,1
2021-06-14,1438.3594970703125,0.008181100627383753,0.003243181111882043,0.13077697821704826,1342.0437670898436,1178.0826190185546,65.29751778498645,14.100000381469728,15.75,68.80999755859375,1
2021-06-15,1433.662353515625,-0.0032656255715312055,-0.017397851999287228,0.12536324141997102,1343.7879248046875,1180.687561645508,59.72803616675218,14.720000267028809,15.9399995803833,69.62000274658203,1
2021-06-16,1414.7783203125,-0.013171883293731979,-0.04294525945984151,0.11460827166370935,1344.6666455078125,1183.2513790893554,51.9658320490404,14.609999656677246,15.56999969482422,69.2300033569336,1
2021-06-17,1411.5994873046875,-0.0022468770988166575,-0.03976372378751081,0.11123162557493949,1346.2561254882812,1185.768349609375,52.32362696208145,14.869999885559082,15.229999542236328,70.05000305175781,1
2021-06-18,1400.6390380859375,-0.007764560215077654,-0.02849998450549407,0.10157468824494553,1347.6795385742187,1188.201427001953,52.029313246001664,15.289999961853027,14.75,69.95999908447266,1
2021-06-21,1392.14599609375,-0.006063690759179341,-0.03464489586960817,0.09261199324186764,1348.8733056640624,1190.7637933349608,48.15978341378694,14.800000190734863,15.0,70.29000091552734,1
2021-06-22,1422.654296875,0.02191458429421478,-0.0028270555746882087,0.07469521950668923,1350.39255859375,1193.4309915161132,55.988029850942304,15.0600004196167,14.100000381469728,70.91000366210938,1
2021-06-23,1403.72314453125,-0.013306923815106786,-0.02408045597057673,0.06913135970827122,1351.8188208007812,1196.0019049072266,42.65796801008068,14.739999771118164,14.720000267028809,70.87999725341797,1
2021-06-24,1427.2568359375,0.016765194403137507,-0.00446794014114793,0.08572128466641948,1354.8345581054687,1198.6644216918946,42.147117536019486,15.369999885559082,14.609999656677246,72.12000274658203,1
2021-06-25,1446.0458984375,0.013164457879550673,0.02210069074149623,0.07654535864403722,1357.6842309570313,1201.5076916503906,42.02481276803543,15.100000381469728,14.869999885559082,72.1500015258789,1
2021-06-28,1437.1258544921875,-0.006168575945584398,0.018083293042447934,0.09208569761498597,1360.3374731445313,1204.354536743164,41.877260666007416,13.369999885559082,15.289999961853027,71.04000091552734,1
2021-06-29,1433.75732421875,-0.0023439354757330833,0.02364512571209687,0.06604127389016012,1363.2175170898438,1207.2564520263672,47.75763902720449,13.399999618530272,14.800000190734863,71.63999938964844,1
2021-06-30,1423.9356689453125,-0.006850291264450359,0.022835013670090554,0.0691867589974382,1366.825400390625,1210.1427728271485,45.14579410849761,13.0,15.0600004196167,73.66000366210938,1
2021-07-01,1416.1068115234375,-0.005498041514525487,-0.004602302446873208,0.05855648654875778,1369.8771997070312,1212.9366540527344,47.05412140236301,13.050000190734863,14.739999771118164,73.05999755859375,1
2021-07-02,1409.79638671875,-0.00445617855470859,0.004326524223213557,0.047671040213187243,1372.7022021484374,1215.7155065917968,41.8028198224141,12.84000015258789,15.369999885559082,73.08000183105469,1
2021-07-05,1430.957763671875,0.015010236338012906,0.0025930355638787983,0.04482940109782607,1376.2142358398437,1218.6713818359376,49.29083916298792,12.09000015258789,15.100000381469728,73.30000305175781,1
2021-07-06,1428.6329345703125,-0.0016246664720536153,-0.012041778124748825,0.03759620941083064,1379.4330493164061,1221.5790942382812,53.97823305701117,12.09000015258789,13.369999885559082,74.05000305175781,1
2021-07-07,1439.023681640625,0.0072732098069947515,0.001320571293394579,0.029567591431741702,1382.0103735351563,1224.4836032104492,57.56145009777491,12.279999732971191,13.399999618530272,72.91000366210938,1
2021-07-08,1424.077880859375,-0.010386070063982844,-0.006751102990632862,0.01203761336689424,1384.3789331054688,1227.3855294799805,56.32362734100776,12.210000038146973,13.0,72.9800033569336,1
2021-07-09,1423.0340576171875,-0.0007329818517773923,-0.0006331826274095231,0.014545671327965248,1387.0539990234374,1230.308302307129,58.68235817288062,13.5600004196167,13.050000190734863,73.47000122070312,1
2021-07-12,1424.1253662109375,0.0007668885982794471,0.005662393982042602,0.02251813705649508,1390.09630859375,1233.3242712402343,50.49543864265188,12.9399995803833,12.84000015258789,75.2300033569336,1
2021-07-13,1436.3193359375,0.008562427168196551,0.018813319049909794,0.02641304288090396,1393.3435913085937,1236.5192037963868,61.49987424677262,12.989999771118164,12.09000015258789,75.16000366210938,1
2021-07-14,1465.8314208984375,0.020547021976609958,0.02437085014799867,0.05006621453298821,1397.274111328125,1239.8426132202148,63.0582018365608,12.619999885559082,12.09000015258789,75.16000366210938,1
2021-07-15,1527.1805419921875,0.04185278076257082,0.06898035530135327,0.06519508384454586,1402.4116870117186,1243.5188485717774,71.3217560795339,12.59000015258789,12.279999732971191,73.37000274658203,1
2021-07-16,1536.1007080078125,0.00584093744672054,0.06746033967732235,0.052811250523948416,1407.7039404296875,1247.0602502441407,76.01005240492945,12.270000457763672,12.210000038146973,72.19999694824219,1
2021-07-19,1527.417724609375,-0.005652613369144688,0.0725661462332654,0.03325189051495592,1412.7693969726563,1250.494934387207,73.94461754322893,11.710000038146973,13.5600004196167,72.94000244140625,1
2021-07-20,1509.1505126953125,-0.011959539044064882,0.06051608857649082,0.026595065801355844,1416.4769140625,1253.872726135254,70.88366677556041,12.68000030517578,12.9399995803833,74.55999755859375,1
2021-07-22,1558.305908203125,0.0325715659864978,0.09421961378947374,0.08085964534684753,1421.3838989257813,1257.4676693725587,78.97891488187727,13.210000038146973,12.989999771118164,74.0999984741211,1
2021-07-23,1529.4580078125,-0.018512347440105215,0.06484537911912702,0.060571303970815116,1425.6816552734374,1260.9127871704102,72.33436985082898,11.890000343322754,12.619999885559082,75.25,1
2021-07-26,1516.030517578125,-0.008779247397304846,0.03424615952693899,0.0626226050648453,1429.137705078125,1264.3179968261718,66.35053388464188,11.760000228881836,12.59000015258789,73.12999725341797,1
2021-07-27,1526.1365966796875,0.006666144899053261,-0.0006835768815769416,0.061025842140411735,1433.3415161132812,1267.7939849853515,68.19545713822306,12.449999809265137,12.270000457763672,71.6500015258789,1
2021-07-28,1529.9273681640625,0.0024839005188803664,-0.004018837965224509,0.06714622478045573,1437.0413427734375,1271.3108032226562,67.39223551030456,13.229999542236328,11.710000038146973,71.80999755859375,1
2021-07-29,1531.65478515625,0.001129084313499451,0.002774002473985071,0.0826111505708782,1441.03857421875,1274.8681430053712,71.67877616645774,13.6899995803833,12.68000030517578,66.41999816894531,1
2021-07-30,1536.885009765625,0.0034147541992246566,0.01837755534454888,0.08875429864327744,1445.0208422851563,1278.3240975952149,72.56242443243588,12.949999809265137,13.210000038146973,67.41999816894531,1
2021-08-02,1548.8809814453125,0.007805380105514237,-0.0060481877840534715,0.1058387916718051,1449.0855029296874,1281.8525994873046,73.69916380281886,12.800000190734863,11.890000343322754,71.91000366210938,1
2021-08-03,1568.4586181640625,0.012639858680737026,0.025499628072393365,0.1266480832937289,1453.0634521484376,1285.5222775268555,74.41684106434992,12.8100004196167,11.760000228881836,72.06999969482422,1
2021-08-04,1557.7581787109375,-0.006822264437967962,0.02752428836292342,0.0949660659885585,1456.6812573242187,1289.0511795043944,68.25545968819512,13.75,12.449999809265137,71.91000366210938,1
2021-08-05,1561.7889404296875,0.0025875400776811386,0.023361174764805703,0.11260468028488702,1459.9630932617188,1292.723116455078,58.89857001167594,13.210000038146973,13.229999542236328,71.6500015258789,1
2021-08-06,1545.42626953125,-0.01047687717261958,0.010130481805673108,0.0827947925126804,1462.7288330078125,1296.2885708618164,52.30941680990623,12.869999885559082,13.6899995803833,72.38999938964844,1
2021-08-09,1533.046142578125,-0.008010816948827992,0.0009084014461737677,0.06016423422979278,1465.337119140625,1299.7511645507811,51.36877803875375,12.609999656677246,12.949999809265137,73.62000274658203,1
2021-08-10,1524.4093017578125,-0.005633777471164669,-0.008117528590974477,0.060734727576428504,1467.9700463867186,1303.1035473632812,53.89314955175833,12.609999656677246,12.800000190734863,73.94999694824219,1
2021-08-11,1519.4669189453125,-0.0032421625916352337,-0.018990524677081844,0.05977970837796098,1470.3722241210937,1306.397938232422,37.20353509637698,12.710000038146973,12.8100004196167,71.26000213623047,1
2021-08-12,1557.9981689453125,0.02535840005437251,-0.006669254194920593,0.09414926736072138,1473.613349609375,1309.8298281860352,58.83924365433488,12.710000038146973,13.75,70.55999755859375,1
2021-08-13,1601.1358642578125,0.027687898594708882,0.027846225517987877,0.13066037902559202,1476.9618725585938,1313.4543661499024,72.26137251157958,12.369999885559082,13.210000038146973,68.1500015258789,1
2021-08-16,1589.331787109375,-0.007372314499937249,0.01763544738132783,0.12734846115508014,1479.5675756835938,1316.9710104370117,66.38469236548883,12.989999771118164,12.869999885559082,69.08999633789062,1
2021-08-17,1572.6812744140625,-0.010476423381423627,0.017635914064719094,0.09904101598255521,1481.455947265625,1320.2638333129883,60.391891571126784,13.460000038146973,12.609999656677246,68.27999877929688,1
2021-08-18,1567.0191650390625,-0.003600290451165611,0.022160469614962208,0.09686619083184733,1483.395244140625,1323.5241564941407,58.43444103941265,13.40999984741211,12.609999656677246,66.4800033569336,1
2021-08-20,1529.3514404296875,-0.02403781998954435,0.003242002437387592,0.06277016837282368,1485.1477075195312,1326.8211911010742,48.44399307959524,12.90999984741211,12.710000038146973,68.29000091552734,1
2021-08-23,1517.0196533203125,-0.00806340961493468,-0.0016106080326504513,0.06526452921581138,1486.645947265625,1330.079839477539,43.42837806263445,14.020000457763672,12.710000038146973,69.25,1
2021-08-24,1541.059814453125,0.015846967493265973,-0.010871870602809475,0.08293951659425969,1488.9333911132812,1333.4596197509766,44.45095476775699,13.6899995803833,12.369999885559082,69.08999633789062,1
2021-08-25,1529.5435791015625,-0.007472932097479457,-0.04471343547690487,0.07402312703066527,1490.7570727539062,1336.6959414672851,44.30455292758605,13.1899995803833,12.989999771118164,68.44000244140625,1
2021-08-26,1531.4150390625,0.001223541444982379,-0.036440942361199546,0.06620791125319636,1492.7121264648438,1339.8936990356444,43.81475204370239,13.5,13.460000038146973,67.29000091552734,1
2021-08-27,1572.0574951171875,0.026539151711326925,-0.00039663427486757996,0.07246813835771237,1495.8577099609374,1343.2080780029296,54.93509319678618,13.539999961853027,13.40999984741211,66.58999633789062,1
2021-08-30,1593.1705322265625,0.013430193981423866,0.01668860711531117,0.04321033985169298,1499.489130859375,1346.6154483032226,60.792475271302436,13.40999984741211,12.90999984741211,65.45999908447266,1
2021-08-31,1604.7825927734375,0.0072886488370120794,0.049322314250122234,0.044711837191130144,1503.572001953125,1350.0566809082031,64.27473164064736,13.31999969482422,14.020000457763672,62.31999969482422,1
2021-09-01,1618.41015625,0.008491844027925799,0.0668353259021881,0.05957272210121545,1508.09728515625,1353.2441226196288,67.04694443684974,14.520000457763672,13.6899995803833,65.63999938964844,1
2021-09-02,1618.21826171875,-0.00011856977695612336,0.050068431180918305,0.0722709551538665,1512.008564453125,1356.308429260254,61.95465633116513,14.1899995803833,13.1899995803833,67.54000091552734,1
2021-09-03,1623.3045654296875,0.0031431506066030845,0.061299977071068046,0.04171110234800568,1516.4001928710939,1359.3329272460937,55.1840268738382,14.239999771118164,13.5,68.36000061035156,1
2021-09-06,1625.895751953125,0.001596241751929961,0.06169504052178043,0.06305354161279308,1520.3729711914064,1362.473341369629,58.935279096962034,14.539999961853027,13.539999961853027,67.41999816894531,1
2021-09-07,1613.8995361328125,-0.007378219548148768,0.026616100966781797,0.0645561005665205,1523.7300439453124,1365.5172399902344,60.307132147165554,15.109999656677246,13.40999984741211,68.73999786376953,1
2021-09-08,1599.360595703125,-0.009008578355828356,0.0038853740709801077,0.047979977141460406,1526.9747387695313,1368.3854833984376,57.74359316097225,14.899999618530272,13.31999969482422,69.20999908447266,1
2021-09-09,1602.719482421875,0.0021001434746947822,-0.001285601152986704,0.04757880391744629,1530.3539819335938,1370.951439819336,71.02017062881691,14.40999984741211,14.520000457763672,68.5,1
2021-09-13,1604.3028564453125,0.0009879296039034813,-0.008716764257940213,0.04743110000577011,1533.9613256835937,1373.591264038086,76.64814155017658,13.9399995803833,14.1899995803833,68.58999633789062,1
2021-09-14,1628.0550537109375,0.014805307595258776,0.006078779497729503,0.05932131770822324,1538.2002905273437,1376.3591021728516,76.60700858619384,14.029999732971191,14.239999771118164,69.98999786376953,1
2021-09-15,1647.7764892578125,0.0121134942592529,0.015075374239243544,0.06384964951936944,1542.959892578125,1379.256151123047,84.43268916286279,13.579999923706056,14.539999961853027,69.29000091552734,1
2021-09-16,1651.855224609375,0.002475296484779621,0.015966258983742376,0.053171059458955394,1547.377841796875,1382.1278063964844,84.63028819087117,13.729999542236328,15.109999656677246,69.29000091552734,1
2021-09-17,1647.0087890625,-0.0029339348114003627,0.020515064406687378,0.05729426529181714,1551.7453588867188,1385.0677514648437,77.13694233453343,14.40999984741211,14.899999618530272,68.3499984741211,1
2021-09-20,1635.636474609375,-0.006904829244777866,0.022681488467147126,0.04728393976164935,1555.6776147460937,1387.937313232422,66.54205163075781,15.229999542236328,14.40999984741211,69.30000305175781,1
2021-09-21,1651.5194091796875,0.009710552935734418,0.03044820212958954,0.06864975815418028,1560.2264453125,1390.8694445800782,67.61945785150742,17.489999771118164,13.9399995803833,68.13999938964844,1
2021-09-22,1641.922607421875,-0.00581089250569522,0.02344928255000256,0.0710196919843864,1564.6042163085938,1393.7841961669922,59.14186613407855,16.520000457763672,14.029999732971191,70.44999694824219,1
2021-09-23,1698.351806640625,0.03436775823883331,0.04317836351384763,0.1141048566695555,1570.0887451171875,1396.9915313720703,71.67705300864897,16.489999771118164,13.579999923706056,70.45999908447266,1
2021-09-24,1697.4400634765625,-0.0005368399883330932,0.030139751685084093,0.11712867342632527,1575.3111596679687,1400.1402185058594,70.51791590370075,16.600000381469727,13.729999542236328,72.61000061035156,1
2021-09-27,1669.46533203125,-0.016480541520869307,0.010660805595744227,0.0715451181572282,1579.383837890625,1403.0334979248046,60.57288531629611,16.920000076293945,14.40999984741211,72.61000061035156,1
2021-09-28,1667.1141357421875,-0.0014083528684011304,0.012207188457768803,0.041207166085782676,1582.182509765625,1405.8191796875,63.54757909130462,18.049999237060547,15.229999542236328,71.97000122070312,1
2021-09-29,1651.6153564453125,-0.009296771567457784,0.009769213443197255,0.039188525543314645,1584.492802734375,1408.5192999267579,63.23852042630861,18.540000915527344,17.489999771118164,70.29000091552734,1
2021-09-30,1634.29296875,-0.010488148846347967,-0.010430661809929243,0.03917621156829276,1586.6303076171876,1411.087260131836,57.47045897760567,18.84000015258789,16.520000457763672,70.55999755859375,1
2021-10-01,1628.48681640625,-0.0035526998247999986,-0.008182962433729846,0.03922584531099549,1589.0170336914061,1413.581826171875,55.60995500482799,18.399999618530277,16.489999771118164,72.2300033569336,1
2021-10-04,1646.09716796875,0.01081393560272259,-0.03076785296636253,0.07633675586447386,1590.7728588867187,1416.1457025146485,54.307984407417145,17.209999084472656,16.600000381469727,73.30000305175781,1
2021-10-05,1647.4886474609375,0.0008453203852507585,-0.029427499144398905,0.08600349629951509,1593.1334716796875,1418.4539154052734,49.924677627913866,16.739999771118164,16.920000076293945,73.9800033569336,1
2021-10-06,1626.7115478515625,-0.012611376498039006,-0.02560926744592451,0.05557975919892022,1595.3470922851564,1420.6743756103515,43.94920288003102,16.399999618530273,18.049999237060547,75.44999694824219,1
2021-10-07,1643.409912109375,0.01026510464001218,-0.01421871671807251,0.07444464777832382,1597.69255859375,1422.8739440917968,49.180671381469985,17.329999923706055,18.540000915527344,75.29000091552734,1
2021-10-08,1657.27734375,0.008438206158088546,0.003428151283888292,0.08218693265840615,1600.2395581054689,1425.09279296875,54.87146597376561,16.15999984741211,18.84000015258789,74.83000183105469,1
2021-10-11,1647.6806640625,-0.005790629868737129,0.008191735244837739,0.048104582167126875,1602.5600756835938,1427.2506097412108,49.110711560834545,15.649999618530272,18.399999618530277,75.02999877929688,1
2021-10-12,1648.9281005859375,0.0007570863399961603,0.012552317878014696,0.03499786572216479,1604.8009375,1429.6362432861329,51.68820869082268,16.09000015258789,17.209999084472656,75.87999725341797,1
2021-10-13,1681.4134521484375,0.01970089026377586,0.02145455618714598,0.04775155196727554,1607.4515869140625,1432.0521624755859,45.38562990463256,15.850000381469728,16.739999771118164,77.62000274658203,1
2021-10-14,1717.1617431640625,0.021260857030700686,0.04229048607436736,0.061017651509848836,1610.4256494140625,1434.6368591308594,54.51553830381668,16.100000381469727,16.399999618530273,78.93000030517578,0
2021-10-18,1716.345947265625,-0.00047508390032868775,0.05510159409173987,0.06063933887549333,1613.5974047851562,1437.229813232422,62.258498207409374,15.770000457763672,17.329999923706055,77.43000030517578,0
2021-10-19,1771.6236572265625,0.03220662480603198,0.07801689899303366,0.09136861618917158,1617.7940991210937,1439.9700994873047,71.4033145635398,17.18000030517578,16.15999984741211,78.30000305175781,0
2021-10-20,1733.860107421875,-0.02131578546642665,0.046209986494226474,0.06640299990885423,1621.5627758789062,1442.5431561279297,65.43585889943022,17.3799991607666,15.649999618530272,79.3499984741211,0
2021-10-21,1732.9483642578125,-0.0005258458627427354,0.0517501370593727,0.0737647080624746,1625.5608203125,1445.0774920654296,69.73128142427242,18.309999465942383,16.09000015258789,80.5199966430664,0
2021-10-22,1719.9927978515625,-0.0074760256413055615,0.04309751118946448,0.07542526836820307,1629.472490234375,1447.5681640625,67.79255340611911,18.040000915527344,15.850000381469728,80.63999938964844,1
2021-10-25,1712.21923828125,-0.004519530302698027,0.018321362954156317,0.06832122343325464,1633.3275366210937,1449.9753686523438,63.3682533352024,17.549999237060547,16.100000381469727,80.44000244140625,1
2021-10-26,1723.83154296875,0.006782019748333479,0.003884200094277368,0.07450506370616305,1636.6442041015625,1452.3571276855469,64.82208548826773,17.610000610351562,15.770000457763672,81.30999755859375,1
2021-10-27,1712.6031494140625,-0.0065136257660943775,-0.0021806780023136962,0.051931963547798166,1638.8735498046874,1454.7221252441407,67.31809970120159,16.75,17.18000030517578,82.44000244140625,1
2021-10-28,1741.1058349609375,0.01664290151318859,-0.01722590581873351,0.05663956629528211,1641.9090307617187,1457.1931030273438,68.80311779457571,16.829999923706055,17.3799991607666,82.95999908447266,1
2021-10-29,1695.4249267578125,-0.02623672110325781,-0.02216740583599497,0.026376223230301976,1644.3639038085937,1459.3172955322266,56.541081310305195,17.90999984741211,18.309999465942383,83.87000274658203,1
2021-11-01,1722.9676513671875,0.016245322440814558,-0.005759382735503249,0.04611928169971957,1647.4828735351562,1461.4157458496093,62.16087145639583,17.43000030517578,18.040000915527344,82.5,1
2021-11-02,1742.449462890625,0.011307125533075668,0.013056255274506379,0.06530362335356887,1651.744833984375,1463.722631225586,64.26585658971456,17.239999771118164,17.549999237060547,83.76000213623047,1
2021-11-03,1813.322021484375,0.040674097070325654,0.059047802374077696,0.09797197138909497,1657.6708813476562,1466.384828491211,68.01204809235759,17.059999465942383,17.610000610351562,83.76000213623047,0
2021-11-04,1831.9876708984373,0.01029362087533836,0.06274170371857957,0.11575762622271202,1663.4894384765626,1469.1275439453125,66.44670217616925,16.1299991607666,16.75,84.6500015258789,0
2021-11-08,1846.958984375,0.008172169340648683,0.07845123664925224,0.08750082118046154,1669.8377465820313,1471.830768432617,67.97886590766572,15.75,16.829999923706055,82.66000366210938,0
2021-11-09,1865.2408447265625,0.009898357519698253,0.07129664795386215,0.09885520252557467,1676.5142626953125,1474.7319201660157,64.34769789373328,16.34000015258789,17.90999984741211,82.80999755859375,0
2021-11-10,1871.52685546875,0.003370079933623371,0.1038689038550944,0.12103367441098656,1682.5036499023438,1477.7503814697266,73.35178396608816,16.0,17.43000030517578,83.56999969482422,0
2021-11-11,1853.820556640625,-0.009460884184688934,0.0759462344923334,0.11199378428599127,1687.716650390625,1480.5199401855468,69.39779721374299,16.309999465942383,17.239999771118164,84.05000305175781,0
2021-11-12,1880.931640625,0.014624438102846415,0.07947557773333691,0.13884363770583552,1693.2396313476563,1483.364321899414,74.70530586240174,16.350000381469727,17.059999465942383,83.91000366210938,0
2021-11-15,1868.5517578125,-0.006581782423728311,0.030457765181119978,0.1433395318598687,1698.2424633789062,1486.2006567382812,73.66354891519248,15.220000267028809,16.1299991607666,80.86000061035156,0
2021-11-16,1876.4691162109373,0.004237163014261913,0.02428042831242716,0.15227774477900624,1703.40748046875,1489.1202301025392,73.365620962567,15.470000267028809,15.75,78.80999755859375,0
2021-11-17,1874.1658935546875,-0.001227423695040919,0.01473065152494124,0.1385511924957441,1708.42470703125,1492.0320825195313,75.426665221972,15.199999809265137,16.34000015258789,81.93000030517578,0
2021-11-18,1820.5196533203125,-0.028624061732670514,-0.023976094847315,0.10502713091592186,1712.3171850585939,1494.6825830078126,61.58152703729473,14.979999542236328,16.0,84.1500015258789,0
2021-11-22,1789.3299560546875,-0.01713230461903581,-0.043919700737329315,0.09996757471716422,1715.8257934570313,1497.2459344482422,64.2992836138281,14.859999656677246,16.309999465942383,81.33999633789062,1
2021-11-23,1810.2989501953125,0.01171890856109048,-0.023476709376974214,0.10155046337266493,1720.044560546875,1499.9646618652343,63.569948536402,17.520000457763672,16.350000381469727,81.58999633789062,1
2021-11-24,1787.4105224609375,-0.012643451918206927,-0.049720636382610484,0.07852226979491506,1723.7383813476563,1502.027338256836,56.91307440656622,18.020000457763672,15.220000267028809,80.79000091552734,1
2021-11-25,1775.3184814453125,-0.006765116834478779,-0.0498960095578701,0.07746514246766134,1727.1586938476562,1503.6910192871094,42.867419807873375,17.100000381469727,15.470000267028809,80.87999725341797,1
2021-11-26,1706.4613037109375,-0.038785816997926714,-0.09059984575887303,0.03489127458289776,1728.7268188476562,1504.970795288086,30.175849326646073,16.65999984741211,15.199999809265137,80.76000213623047,1
2021-11-29,1696.00048828125,-0.006130121677496603,-0.09506383927172812,0.008675460585957584,1729.691298828125,1506.1923370361328,25.814840919740533,20.799999237060547,14.979999542236328,78.36000061035156,1
2021-11-30,1693.6014404296875,-0.00141453252409951,-0.06971537640867986,-0.01372049128637265,1730.5262231445313,1507.4649877929687,21.027050238983975,20.82999992370605,14.859999656677246,79.01000213623047,1
2021-12-01,1713.9947509765625,0.01204138710563507,-0.04210246680507845,-0.0013698848374992245,1731.8659423828126,1508.6721166992188,24.617273431417985,21.170000076293945,17.520000457763672,76.75,1
2021-12-02,1717.065673828125,0.0017916757620248802,-0.051501591136164926,-0.030795470119114765,1733.4945263671875,1509.8250909423828,26.874373502392018,19.450000762939453,18.020000457763672,78.5,1
2021-12-03,1728.6297607421875,0.006734795931410575,-0.032885988406188615,-0.0030165909333161878,1735.0367333984375,1511.1004138183594,22.815975876261206,18.09000015258789,17.100000381469727,78.38999938964844,1
2021-12-06,1710.7796630859375,-0.010326154311138369,-0.03635337492055679,-0.012792476469066338,1736.4138745117189,1512.392530517578,22.378974264066287,18.450000762939453,16.65999984741211,78.38999938964844,1
2021-12-07,1725.6068115234375,0.008666895426354682,0.011219421015211672,0.0032639751043652687,1736.958974609375,1513.8021966552735,24.21256195091337,20.07999992370605,20.799999237060547,68.1500015258789,1
2021-12-08,1751.4703369140625,0.014988075625287811,0.03270626925881759,0.022924107938544935,1738.039580078125,1515.2638415527344,30.590539838053985,18.459999084472656,20.82999992370605,69.94999694824219,1
2021-12-09,1804.0130615234373,0.029999208951463352,0.06519339111198263,0.0465135464551254,1740.7305346679686,1516.9322131347656,47.379640014913434,17.270000457763672,21.170000076293945,66.18000030517578,1
2021-12-10,1797.87109375,-0.0034046138048748897,0.04893617248573734,0.04978850141967239,1743.345673828125,1518.575093383789,51.47301483309453,16.600000381469727,19.450000762939453,65.56999969482422,1
2021-12-13,1786.4508056640625,-0.006352117304537663,0.04040913105044286,0.026043776198212854,1746.0423828125,1520.2735589599608,45.74704676585375,16.059999465942383,18.09000015258789,66.5,1
2021-12-14,1790.4814453125,0.0022562276193993647,0.03578075882701248,0.056066486374283464,1749.16615234375,1522.067142944336,50.58714356998787,16.56999969482422,18.450000762939453,66.26000213623047,1
2021-12-15,1804.9727783203125,0.008093539894395985,0.05505858952313458,0.04759527950977693,1752.6958715820313,1524.2017358398436,55.61819372647986,16.950000762939453,20.07999992370605,69.48999786376953,1
2021-12-16,1798.350830078125,-0.0036687247152557,0.042155616255632467,0.03208205941006903,1755.7409448242188,1526.141424560547,72.78126314578931,17.219999313354492,18.459999084472656,72.05000305175781,1
2021-12-17,1772.6312255859375,-0.014301772525147527,0.012081785358214248,-0.022439917133487586,1758.2437963867187,1527.7613024902344,67.66200844613132,15.899999618530272,17.270000457763672,72.36000061035156,1
2021-12-20,1726.806396484375,-0.025851304230757433,-0.042797176298636885,-0.05741374578273206,1760.245693359375,1529.2476629638672,56.37667970531988,16.34000015258789,16.600000381469727,70.94000244140625,1
2021-12-21,1753.8695068359375,0.015672347755174343,-0.02447427241420519,-0.050401486078784474,1762.4548852539062,1531.1727630615235,57.466281574453,18.96999931335449,16.059999465942383,71.66999816894531,1
2021-12-22,1795.5677490234375,0.023774996956715144,0.005103383384792437,-0.03735340446790336,1765.220693359375,1533.162352294922,62.84142377503184,17.540000915527344,16.56999969482422,71.29000091552734,1
2021-12-23,1802.71728515625,0.00398176907370984,0.006833826664768505,-0.03676654177386396,1768.32142578125,1535.1269567871093,62.29688884710629,16.579999923706055,16.950000762939453,70.7300033569336,1
2021-12-24,1784.4354248046875,-0.01014127977919621,-0.011378206786440748,-0.03742818126996761,1771.031572265625,1536.9467742919921,62.207728936898924,15.829999923706056,17.219999313354492,70.87000274658203,1
2021-12-27,1790.961181640625,0.0036570428636562013,-0.004109125046072859,-0.04783292334562428,1773.2225268554687,1538.9619641113281,61.1383533936857,16.149999618530273,15.899999618530272,72.37999725341797,1
2021-12-28,1822.918701171875,0.01784378123817021,0.028368830955979085,-0.02442161767787865,1775.337666015625,1541.1324340820313,61.92916099562501,17.1200008392334,16.34000015258789,70.86000061035156,0
2021-12-29,1818.4560546875,-0.0024480776249133918,0.053074657581600126,-0.030916075848122837,1777.3798681640626,1543.03552734375,52.87263502965215,16.479999542236328,18.96999931335449,68.2300033569336,1
2021-12-30,1809.675048828125,-0.004828824890620753,0.03181852570825705,-0.03441042489800317,1778.1408959960938,1544.9274530029297,52.32335415665546,16.239999771118164,17.540000915527344,71.12000274658203,0
2021-12-31,1819.4637451171875,0.00540909059634842,0.013308323290361246,-0.0005800037375038869,1779.85296875,1546.7928814697266,56.53989052221041,16.56999969482422,16.579999923706055,72.76000213623047,0
2022-01-03,1845.3272705078125,0.014214916598384475,0.023636532307321545,0.03129513048370014,1782.100546875,1548.836024169922,59.999982194437635,16.219999313354492,15.829999923706056,73.79000091552734,0
2022-01-04,1859.434814453125,0.007645009192017271,0.04202975832350253,0.027142403332063525,1784.8893872070312,1551.0932318115235,59.94392302566034,16.450000762939453,16.149999618530273,73.79000091552734,0
2022-01-05,1870.0391845703125,0.005703007190551279,0.044153945791972626,0.046228139015098924,1788.0457861328125,1553.507607421875,62.90155973126172,16.1200008392334,17.1200008392334,75.56999969482422,0
2022-01-06,1846.910888671875,-0.0123678135138926,0.013161413882350592,0.04032651491820105,1790.507373046875,1555.9209259033203,63.49376713334259,17.229999542236328,16.479999542236328,75.9800033569336,0
2022-01-07,1828.1009521484373,-0.010184539296838602,0.005303893616826816,0.07128180883620239,1792.8173291015626,1558.2855072021484,70.40402078256736,17.979999542236328,16.239999771118164,76.55999755859375,0
2022-01-10,1874.35791015625,0.025303284237913726,0.03574280441674382,0.1051635439419889,1795.4823706054688,1560.9613208007813,72.52828014795463,17.600000381469727,16.56999969482422,76.98999786376953,0
2022-01-11,1882.083251953125,0.004121593722850481,0.03441646309468194,0.11129053567385805,1799.215537109375,1563.7289025878906,68.53032763096999,17.68000030517578,16.219999313354492,75.20999908447266,0
2022-01-12,1894.6070556640625,0.006654224088090244,0.026705173626295986,0.10537506289595977,1802.6483251953125,1566.538701171875,69.23851111562051,17.760000228881836,16.450000762939453,76.08000183105469,0
2022-01-13,1937.025146484375,0.022388859311750497,0.041727911851575206,0.1281019567328836,1806.5398388671874,1569.7276043701172,79.01458371535405,17.18000030517578,16.1200008392334,76.98999786376953,0
2022-01-14,1962.3128662109373,0.01305492588594337,0.0493431808284952,0.13518401150771453,1809.5196557617187,1573.0336938476562,80.4121911090716,16.700000762939453,17.229999542236328,77.8499984741211,0
2022-01-17,1985.9688720703125,0.012055165242356614,0.07529219966775713,0.1608560207502019,1812.5992797851563,1576.3290069580078,79.8174574862923,16.559999465942383,17.979999542236328,79.45999908447266,0
2022-01-18,1940.6717529296875,-0.022808574584255226,0.06157800019137549,0.1246314861358142,1814.47353515625,1579.2780303955078,69.44571446551188,16.770000457763672,17.600000381469727,78.9000015258789,0
2022-01-19,1939.4244384765625,-0.0006427230422878516,0.03471403618687119,0.10731218085808902,1815.95720703125,1582.2428802490235,71.15147733011965,17.780000686645508,17.68000030517578,78.2300033569336,0
2022-01-20,1922.725830078125,-0.008610084552484243,0.021594463519519325,0.06580482762937323,1816.9811865234376,1585.0022979736327,66.46268721199836,17.81999969482422,17.760000228881836,81.22000122070312,0
2022-01-21,1877.18896484375,-0.02368349377847845,-0.009193511007066002,0.04411766303462206,1817.4485546875,1587.7276153564453,54.77976118316261,17.790000915527344,17.18000030517578,82.63999938964844,0
2022-01-24,1823.302734375,-0.02870581037814446,-0.05870982744636888,0.020628571799512274,1816.2959765625,1590.196787109375,45.157552865543465,18.88999938964844,16.700000762939453,82.12000274658203,0
2022-01-25,1847.6785888671875,0.013369065944248248,-0.05841794105192766,0.03194511940038813,1815.8785131835937,1592.772891845703,47.109900096558604,22.82999992370605,16.559999465942383,83.81999969482422,0
2022-01-27,1833.81103515625,-0.007505392872166006,-0.07661642589364581,0.015977114548383353,1815.0253515625,1595.2084887695312,48.265321693161376,21.36000061035156,16.770000457763672,83.81999969482422,0
2022-01-28,1821.0474853515625,-0.006960122695302662,-0.06164064963461091,0.01262081619104971,1813.9629833984375,1597.6516760253905,49.050782215119696,21.06999969482422,17.780000686645508,85.43000030517578,0
2022-01-31,1832.2275390625,0.006139353202412101,-0.05527253203959148,0.03362025480334352,1814.1971411132813,1600.4304638671874,43.73924741520741,20.700000762939453,17.81999969482422,86.95999908447266,0
2022-02-01,1910.2498779296875,0.042583323961558506,-0.00648867974480305,0.10623280167295368,1816.6155395507812,1603.463901977539,53.46230568692573,21.950000762939453,17.790000915527344,86.9000015258789,0
2022-02-02,1902.764404296875,-0.003918583489676886,0.013624328680865494,0.08489508306096893,1818.4648486328124,1606.4554052734375,51.015295755311676,19.979999542236328,18.88999938964844,85.13999938964844,0
2022-02-03,1855.6920166015625,-0.02473894697053003,0.01776407264461488,0.03348482261993446,1819.830478515625,1609.2850897216797,39.99289885585669,18.649999618530277,22.82999992370605,83.30999755859375,0
2022-02-04,1869.4154052734373,0.00739529434254238,0.011764392647736654,0.036998657896269105,1821.7124169921874,1612.4144592285156,38.23525046795201,19.15999984741211,21.36000061035156,85.5999984741211,0
2022-02-07,1808.5235595703125,-0.03257266711901208,-0.0137895754257924,0.013499022957505824,1823.753662109375,1615.1394927978515,29.46465755499183,18.899999618530277,21.06999969482422,86.61000061035156,0
2022-02-08,1799.9822998046875,-0.004722780480478916,-0.01156762012870205,0.0050370260709942105,1825.8332983398439,1617.796672973633,32.20439634146716,20.440000534057617,20.700000762939453,86.81999969482422,0
2022-02-09,1812.6502685546875,0.007037829622754899,-0.010684955929561868,-0.005632962463211544,1828.2142749023437,1620.5831439208985,34.414802106731614,19.68000030517578,21.950000762939453,88.1500015258789,0
2022-02-10,1824.3582763671875,0.006459055017731252,-0.04496354249507328,0.003245732369761223,1830.4215454101563,1623.3664739990234,37.75678664249099,18.559999465942383,19.979999542236328,88.19999694824219,0
2022-02-11,1795.8076171875,-0.015649699705114872,-0.056211261293222736,-0.00766294017790925,1831.9963842773439,1625.7947247314453,39.423757250706096,17.709999084472656,18.649999618530277,88.26000213623047,0
2022-02-14,1726.4705810546875,-0.03861050341316885,-0.06963517350445136,-0.05111020448308545,1831.9532006835936,1627.898828125,37.901648245222034,18.68000030517578,19.15999984741211,90.2699966430664,0
2022-02-15,1800.4144287109375,0.042829486043763465,-0.03691045680262117,-0.02433868642959769,1833.7458959960939,1630.4544964599609,44.74557023729262,22.979999542236328,18.899999618530277,92.30999755859376,0
2022-02-16,1785.682861328125,-0.008182320219106476,-0.01262947232360867,-0.039663640022084334,1834.9474169921875,1633.022861328125,44.6597754718034,20.61000061035156,20.440000534057617,91.31999969482422,0
2022-02-17,1793.3604736328125,0.004299538552426485,-0.0036788284932544046,-0.04100379904879847,1835.7852197265624,1635.6198876953124,46.892824557990686,20.59000015258789,19.68000030517578,89.36000061035156,0
2022-02-18,1807.179931640625,0.007705900855402792,-0.0030178667164649786,-0.021512113700201785,1835.8485571289064,1638.3092602539064,47.20558626715679,22.01000022888184,18.559999465942383,89.66000366210938,0
2022-02-21,1788.802001953125,-0.010169396730084213,-0.019489743256387748,-0.021497144426913084,1835.6671752929688,1640.9017614746094,34.370786958126814,22.170000076293945,17.709999084472656,89.87999725341797,0
2022-02-22,1770.088134765625,-0.010461676120144703,-0.014321958641736687,-0.055629597114636886,1835.339921875,1643.3947619628907,33.40537826950464,22.899999618530277,18.68000030517578,93.0999984741211,0
2022-02-23,1746.9119873046875,-0.013093216662912743,0.011839996855036228,-0.07182002417170652,1834.4685327148438,1645.7585974121093,35.52920543674183,26.65999984741211,22.979999542236328,95.45999908447266,1
2022-02-24,1686.499755859375,-0.034582298297994196,-0.0632713618792331,-0.10984193222680971,1832.099072265625,1647.5722229003907,28.355710272206622,24.540000915527344,20.61000061035156,92.06999969482422,1
2022-02-25,1705.405517578125,0.011210058971586667,-0.04495610362205793,-0.11957492102083989,1830.240166015625,1649.534467163086,36.45192176611629,31.979999542236328,20.59000015258789,93.66000366210938,0
2022-02-28,1743.5048828125,0.022340355324099503,-0.02780009460079158,-0.11150514638419373,1829.6576391601564,1651.679140625,43.114549894857156,26.739999771118164,22.01000022888184,91.76000213623048,0
2022-03-02,1712.55517578125,-0.017751431232773007,-0.05236045077894991,-0.1376726997760227,1829.3726147460939,1653.5257763671875,38.31765341807146,28.56999969482422,22.170000076293945,91.06999969482422,0
2022-03-03,1681.6533203125,-0.01804429772877414,-0.059899687904884646,-0.1334684406191653,1827.928291015625,1655.3543127441405,34.05876922531476,29.229999542236328,22.899999618530277,91.06999969482422,0
2022-03-04,1642.738037109375,-0.023141085462188737,-0.07194562527990289,-0.15297651998251482,1824.8716967773437,1656.8433227539062,33.28794851933377,28.15999984741211,26.65999984741211,92.3499984741211,0
2022-03-07,1568.5545654296875,-0.04515843062246472,-0.10209868795404387,-0.184202687199582,1820.1884423828126,1658.0271295166015,32.93936366293147,27.959999084472656,24.540000915527344,92.0999984741211,1
2022-03-08,1591.6351318359375,0.014714544788518413,-0.05624941461974786,-0.15211778800946707,1816.3324365234375,1659.2964471435546,24.65931301953505,29.32999992370605,31.979999542236328,92.80999755859376,1
2022-03-09,1622.776611328125,0.019565715074576273,-0.04845117797398868,-0.10997960967552234,1812.9687451171876,1660.6820904541016,30.984656385915173,28.59000015258789,26.739999771118164,91.58999633789062,0
2022-03-10,1658.52490234375,0.022029089380557254,-0.048740890436547724,-0.10237369619540149,1809.680869140625,1662.1269091796876,35.22917799422686,27.46999931335449,28.56999969482422,95.72000122070312,0
2022-03-11,1658.9569091796875,0.0002604765447458135,-0.031297249489851686,-0.09535013293322447,1806.4908862304687,1663.5373541259767,33.271972771009374,25.57999992370605,29.229999542236328,110.5999984741211,0
2022-03-14,1676.3270263671875,0.010470505346693582,-0.003167296065709091,-0.07947099685675463,1803.82392578125,1664.9305035400391,37.27745435033612,25.350000381469727,28.15999984741211,107.66999816894533,0
2022-03-15,1673.16015625,-0.0018891720215539198,0.01851915427377393,-0.0868163912075518,1800.8978540039063,1666.2606079101563,38.636364937388194,25.68000030517578,27.959999084472656,115.68000030517578,0
2022-03-16,1685.3961181640625,0.007313084684903437,0.07448995100936617,-0.1177090821276846,1797.6992309570312,1667.6744293212892,42.598133795203935,26.729999542236328,29.32999992370605,119.4000015258789,0
2022-03-17,1715.818115234375,0.018050354300953142,0.07802226836699289,-0.09824983515580421,1794.8268969726562,1669.2897052001954,53.80212053514891,24.1200008392334,28.59000015258789,123.6999969482422,0
2022-03-21,1685.4921875,-0.01767432542244296,0.03864707916916976,-0.0917177137040549,1791.13595703125,1670.7203759765625,47.4918527110377,22.61000061035156,27.46999931335449,108.6999969482422,0
2022-03-22,1702.526611328125,0.010106498240962658,0.026530629068151956,-0.08927325273694409,1788.248271484375,1672.2532995605468,44.5494275254121,24.6200008392334,25.57999992370605,106.0199966430664,0
2022-03-23,1696.00048828125,-0.003833198848964825,0.022329440202204953,-0.0622181948880981,1785.6062622070312,1673.5647534179689,47.645032229384306,24.06999969482422,25.350000381469727,109.33000183105467,0
2022-03-24,1700.12744140625,0.0024333443023842882,0.014197954614286079,-0.05547546684724203,1782.1216528320313,1674.7701574707032,52.84471545326727,24.75,25.68000030517578,103.01000213623048,0
2022-03-25,1680.5015869140625,-0.011543754905781745,0.004387763261418209,-0.07290357325574637,1778.09001953125,1675.781351928711,56.182231741713935,23.93000030517578,26.729999542236328,96.44000244140624,0
2022-03-28,1671.384765625,-0.005425059613186067,-0.0083133884005413,-0.08385058610680407,1773.6255737304687,1676.7880041503906,71.39146002361635,23.43000030517578,24.1200008392334,95.04000091552734,0
2022-03-29,1676.2310791015625,0.0028995797833242243,-0.02307181383698409,-0.06658649676139139,1768.4096923828124,1677.9605181884765,69.04292152121346,22.61000061035156,22.61000061035156,102.9800033569336,0
2022-03-30,1702.0946044921875,0.015429570369550394,0.009850189229777984,-0.014118964336831574,1763.2053271484374,1679.2604528808595,68.28942057451096,21.299999237060547,24.6200008392334,112.12000274658205,0
2022-03-31,1696.384521484375,-0.003354738915652744,-0.003607632211374723,-0.057781089491182325,1757.4136401367186,1680.6089373779296,60.13356945415575,20.61000061035156,24.06999969482422,111.76000213623048,0
2022-04-01,1717.9293212890625,0.01270042229920576,0.012929732720793785,-0.037942650123589106,1752.9587915039062,1682.0067864990235,64.18180345058789,20.559999465942383,24.75,114.93000030517578,0
2022-04-04,1752.7177734375,0.02025022317119185,0.03093317050852984,-0.02266287274246792,1749.224658203125,1683.6020635986329,66.95055140018322,18.43000030517578,23.93000030517578,112.33999633789062,0
2022-04-05,1762.02685546875,0.005311227039703326,0.04851246151120514,-0.024985379364457327,1746.0106787109376,1685.338306274414,69.19563518389414,17.90999984741211,23.43000030517578,113.9000015258789,0
2022-04-06,1778.1016845703125,0.009122919467243973,0.0638494026870029,-0.0059818344183030225,1744.0289331054687,1687.1708172607423,69.69816911535082,18.489999771118164,22.61000061035156,105.95999908447266,0
2022-04-07,1752.669921875,-0.014302760587878383,0.04560161407722352,-0.009840308258397212,1742.6162768554686,1688.9309716796874,57.99995972063078,19.020000457763672,21.299999237060547,104.23999786376952,0
2022-04-08,1756.9405517578125,0.002436642421662416,0.03222261977734675,0.005740738243257493,1740.8015161132812,1690.754944458008,67.48873684770378,19.0,20.61000061035156,107.81999969482422,0
2022-04-11,1709.6761474609375,-0.026901538728551277,0.007835267186316885,0.013742303561587343,1738.318818359375,1692.1900537109375,51.52442373092225,17.690000534057617,20.559999465942383,100.27999877929688,0
2022-04-12,1677.23876953125,-0.01897282007347456,-0.023685812479922075,-0.016516158624181654,1735.4426440429688,1693.5576318359374,46.39767007330475,18.270000457763672,18.43000030517578,99.2699966430664,0
2022-04-13,1689.8106689453125,0.007495593139416945,-0.03589117737353209,-0.030796709774951525,1732.594306640625,1694.8704010009765,48.081356043019035,18.15999984741211,17.90999984741211,103.27999877929688,0
2022-04-18,1668.2657470703125,-0.012749902856541429,-0.05321207682359319,-0.025861606876831367,1727.7546240234376,1695.9815002441405,47.74058826393435,17.790000915527344,18.489999771118164,101.95999908447266,0
2022-04-19,1636.9801025390625,-0.018753393808025876,-0.07936642952191608,-0.026565057871223985,1722.4389379882812,1696.980771484375,44.12776924695651,19.34000015258789,19.020000457763672,96.2300033569336,0
2022-04-20,1623.400634765625,-0.008295438504337893,-0.07375563732564272,-0.011771446150828035,1717.7931103515625,1697.9289880371093,41.24386920925799,19.770000457763672,19.0,96.02999877929688,0
2022-04-21,1645.3773193359375,0.0135374374628634,-0.06349858127542019,0.04897678129877825,1713.3123486328125,1699.0361962890624,40.47696737358864,18.670000076293945,17.690000534057617,98.26000213623048,0
2022-04-22,1626.039794921875,-0.01175263824705386,-0.04891941240642095,0.02161592339712426,1709.6626733398436,1700.0858612060547,38.70571965699932,17.850000381469727,18.270000457763672,94.29000091552734,0
2022-04-25,1590.5313720703125,-0.021837363982391667,-0.05169651395857622,-0.019870411634428264,1705.4736547851562,1700.9895361328124,30.423271689372655,18.350000381469727,18.15999984741211,100.5999984741211,0
2022-04-26,1631.413818359375,0.025703640309746145,-0.034558221023888835,-0.016346504020568475,1701.84892578125,1701.99181640625,31.702402995605865,21.26000022888184,17.790000915527344,104.25,0
2022-04-27,1609.4371337890625,-0.01347094423437778,-0.035263334624331066,-0.029849946744615163,1697.5505029296876,1702.8958374023437,27.830457889548768,19.190000534057617,19.34000015258789,108.20999908447266,0
2022-04-28,1649.9359130859375,0.02516331855816545,0.007914458170126704,-0.015743415733410204,1694.6330688476562,1703.9503985595702,32.61294512830466,20.61000061035156,19.770000457763672,102.55999755859376,0
2022-04-29,1626.039794921875,-0.014483058387018577,0.001625698610516535,-0.028162493083587647,1692.624453125,1704.9602081298829,32.749396518063875,19.3799991607666,18.670000076293945,102.75,0
2022-05-02,1611.7403564453125,-0.008794027379415703,-0.020443312603944608,-0.04370234446664367,1688.8509716796875,1705.9037396240235,30.745734529799535,19.420000076293945,17.850000381469727,103.79000091552734,0
2022-05-04,1568.0748291015625,-0.027092159831534013,-0.035647938015623715,-0.08610661282861631,1684.4988110351562,1706.6234869384766,31.042017498901743,20.280000686645508,18.350000381469727,102.06999969482422,0
2022-05-05,1571.6256103515625,0.0022644207942770223,-0.011886443770135369,-0.06755687032719482,1680.0641137695313,1707.3000183105469,34.6748369410997,21.8799991607666,21.26000022888184,98.54000091552734,0
2022-05-06,1557.0384521484375,-0.009281573236683216,-0.04558951589960958,-0.08545426439249226,1675.0612841796874,1707.7560534667969,30.845902914207983,20.290000915527344,19.190000534057617,101.6999969482422,0
2022-05-09,1550.9925537109375,-0.003882947418002214,-0.03631367690673959,-0.08549993680559931,1670.3050952148437,1707.8751135253906,32.289862382175386,21.25,20.61000061035156,102.0199966430664,0
2022-05-10,1543.123046875,-0.005073852106580845,-0.06473758487453085,-0.09234860323258165,1665.7657934570314,1707.9102252197265,34.74734265725942,22.030000686645508,19.3799991607666,105.36000061035156,0
2022-05-11,1507.470703125,-0.02310401871205281,-0.07291893603537036,-0.10296383242743756,1660.9769677734375,1707.8104901123047,32.421398665082236,22.299999237060547,19.420000076293945,104.69000244140624,0
2022-05-12,1464.6209716796875,-0.0284249182133256,-0.09127982939516155,-0.12370807619991375,1656.5393920898437,1707.5878424072266,24.22335272093757,22.799999237060547,20.280000686645508,105.16999816894533,0
2022-05-13,1472.6343994140625,0.0054713320984232094,-0.06086471634914459,-0.1214609860333965,1651.8839697265626,1707.1594848632812,27.39359204753346,24.270000457763672,21.8799991607666,107.80999755859376,0
2022-05-16,1480.695556640625,0.005473970477512857,-0.05785732499650287,-0.130074466640834,1646.627783203125,1706.9156726074218,32.38958345647397,23.489999771118164,20.290000915527344,108.26000213623048,0
2022-05-17,1539.4283447265625,0.03966567456931491,-0.01131000162364404,-0.09252393827578209,1643.1652465820312,1707.032661743164,36.050097430594356,24.530000686645508,21.25,109.7699966430664,0
2022-05-18,1509.102294921875,-0.01969955269991741,-0.02700867820985664,-0.12155740272858984,1639.7142260742187,1706.947490234375,35.15970671235819,22.739999771118164,22.030000686645508,103.08999633789062,0
2022-05-19,1485.5419921875,-0.015612131009047792,-0.03731462296808297,-0.15243514118419887,1636.5703051757812,1706.7255633544921,24.40226037669143,22.299999237060547,22.299999237060547,99.76000213623048,1
2022-05-20,1545.1864013671875,0.04014993146835222,0.025019191526576723,-0.12306308126267274,1636.1029418945313,1706.793221435547,38.671505805769684,24.559999465942383,22.799999237060547,105.70999908447266,0
2022-05-23,1577.8636474609375,0.021147769657328785,0.07731875889458184,-0.11261337799011395,1635.8275122070313,1706.9981146240234,45.4859502605129,23.100000381469727,24.270000457763672,106.12999725341795,0
2022-05-24,1560.7332763671875,-0.0108566865846208,0.059823997720125366,-0.10951100553062454,1634.5866455078126,1707.0573760986329,48.947300249250844,23.399999618530277,23.489999771118164,110.48999786376952,0
2022-05-25,1511.2615966796875,-0.03169771570620439,0.020643028137674824,-0.13983339096608827,1631.6413793945312,1706.7713909912109,42.35166780914294,25.63999938964844,24.530000686645508,114.1999969482422,0
2022-05-26,1501.4730224609375,-0.006477087911355595,-0.02465546538469554,-0.12177927691697943,1628.4917016601562,1706.489965209961,42.873001289520936,25.280000686645508,22.739999771118164,112.4000015258789,1
2022-05-27,1535.781494140625,0.022849875533198283,0.017678854050202863,-0.08433937848345774,1625.680791015625,1706.3599279785155,48.18086979676557,22.71999931335449,22.299999237060547,109.58999633789062,1
2022-05-30,1593.890380859375,0.03783668896939396,0.07293525813587354,-0.056763926189320246,1624.0953955078126,1706.6022485351561,55.4200914265577,21.479999542236328,24.559999465942383,112.20999908447266,1
2022-05-31,1587.7962646484375,-0.0038234224160709207,0.027575872557219272,-0.048235410073718565,1622.1433984375,1706.8759991455079,59.153551056496234,19.979999542236328,23.100000381469727,113.2300033569336,0
2022-06-01,1581.5584716796875,-0.003928585239574844,0.0023416625541095026,-0.03385601985840414,1619.4582055664061,1707.1617449951173,64.53884950960037,20.479999542236328,23.399999618530277,110.29000091552734,0
2022-06-02,1571.1458740234375,-0.006583757630656106,0.006671606105872696,-0.03218845651722424,1617.171279296875,1707.4201397705078,62.17530498384181,20.850000381469727,25.63999938964844,109.7699966430664,1
2022-06-03,1585.4451904296875,0.009101202277056464,0.04908719569992703,-0.0364245502851821,1614.8296508789062,1707.5573748779298,62.749698161750835,20.31999969482422,25.280000686645508,110.33000183105467,1
2022-06-06,1574.07275390625,-0.007173024076824297,0.048352338243360826,-0.03195926765010193,1612.3910961914062,1707.4220593261718,54.76628162286039,19.979999542236328,22.71999931335449,114.08999633789062,1
2022-06-07,1525.368896484375,-0.03094130007714735,-0.0067799994308933575,-0.0409689973616294,1608.8959252929687,1707.1022448730469,52.13019552476063,20.200000762939453,21.479999542236328,115.06999969482422,1
2022-06-08,1520.66650390625,-0.003082790391860546,-0.045940346859766445,-0.06788425671452114,1605.6992236328124,1706.8421710205077,54.83872486634397,20.43000030517578,19.979999542236328,115.06999969482422,1
2022-06-09,1530.7911376953125,0.00665802380933278,-0.03590204122677343,-0.048865528477397224,1602.8873510742187,1706.661030883789,47.703609309412,19.84000015258789,20.479999542236328,114.66999816894533,1
2022-06-10,1521.1943359375,-0.0062691777614162225,-0.03816750175418937,-0.07802822893141792,1599.7866162109376,1706.6202453613282,40.24127172582774,19.13999938964844,20.850000381469727,115.26000213623048,1
2022-06-13,1470.283203125,-0.033467869035368136,-0.06419688493987219,-0.0957889175180725,1595.1503881835938,1706.3865631103515,36.04736950131718,19.57999992370605,20.31999969482422,116.87000274658205,1
2022-06-14,1482.375,0.008224127738995834,-0.0650102514119415,-0.08026438993599894,1590.8701977539063,1706.0931390380858,44.96315364447087,22.3700008392334,19.979999542236328,118.87000274658205,1
2022-06-15,1497.442138671875,0.010164188327430601,-0.0486830199202718,-0.045044209063770824,1586.4604541015624,1705.9326318359374,49.309854321389146,21.88999938964844,20.200000762939453,118.5,1
2022-06-16,1465.820556640625,-0.021117064369042038,-0.03903864827780035,-0.0673220473209708,1580.722509765625,1705.604659423828,37.91044209407209,22.149999618530277,20.43000030517578,119.41000366210938,1
2022-06-17,1429.8802490234375,-0.024518899980196518,-0.0597016207364357,-0.08166670704216983,1574.0795776367188,1704.8937731933593,19.306713330485366,22.8700008392334,19.84000015258789,122.11000061035156,1
2022-06-20,1412.4622802734375,-0.012181417822853313,-0.07729915238471097,-0.08931717506060843,1566.7667895507811,1703.9902319335938,18.521698729328023,22.76000022888184,19.13999938964844,121.51000213623048,1
2022-06-21,1439.813232421875,0.019364023047144796,-0.0534981636422347,-0.06694852666632067,1560.5096557617187,1703.165385131836,26.34527215902355,22.40999984741211,19.57999992370605,120.66999816894533,1
2022-06-22,1419.1319580078125,-0.01436385910919502,-0.034790062899765495,-0.05860063809801441,1553.7534838867186,1702.168994140625,25.47225778495597,21.13999938964844,22.3700008392334,120.93000030517578,1
2022-06-23,1434.054931640625,0.010515564496032859,-0.032596386447002246,-0.020869590583567965,1548.2410595703125,1701.2481774902344,25.621948539485828,21.299999237060547,21.88999938964844,118.93000030517578,1
2022-06-24,1434.582763671875,0.00036806960431157165,-0.04197783231594632,-0.02583915991459096,1543.387939453125,1700.3045684814454,26.72534035082002,20.8799991607666,22.149999618530277,115.30999755859376,1
2022-06-27,1473.882080078125,0.027394248280009803,0.005499665972740431,-0.004601537792115917,1539.0693676757812,1699.5445001220703,41.13079522142101,20.549999237060547,22.8700008392334,117.58999633789062,1
2022-06-28,1488.948974609375,0.010222591572896622,0.041310260510472485,-0.03279098393251545,1535.4830322265625,1698.9197473144532,44.724658137219386,21.01000022888184,22.76000022888184,109.55999755859376,1
2022-06-29,1485.4940185546875,-0.0023203992303322263,0.051705266258233795,-0.01564392052588437,1532.453310546875,1698.350414428711,42.295122269258975,21.450000762939453,22.40999984741211,109.55999755859376,1
2022-06-30,1495.4267578125,0.006686488894432907,0.03862551346126941,0.006653979272874366,1529.8938330078124,1697.813950805664,45.62203054756144,21.899999618530277,21.13999938964844,110.6500015258789,1
2022-07-01,1508.7664794921875,0.008920344383298806,0.06316151290835892,-0.02356992130061164,1527.1616162109376,1697.3362689208984,57.49531743265496,21.84000015258789,21.299999237060547,106.19000244140624,1
2022-07-04,1517.9312744140625,0.006074362763520247,0.0584889329709839,-0.03798323964387973,1524.9994458007814,1696.785650024414,57.005100924226866,21.25,20.8799991607666,104.2699966430664,1
2022-07-05,1501.8087158203125,-0.010621402210698516,0.04686097857217364,-0.03775440777685579,1523.2249926757813,1696.0558111572266,50.85671613622963,20.96999931335449,20.549999237060547,107.62000274658205,1
2022-07-06,1493.411376953125,-0.005591483641510742,0.013250243787457316,-0.011811469149868081,1520.4649438476563,1695.2635919189454,55.95606262793635,20.790000915527344,21.01000022888184,109.56999969482422,1
2022-07-07,1546.14599609375,0.03531151560410284,0.0384143596991835,0.029752764761362682,1519.19912109375,1694.7592779541017,73.40161483474012,20.270000457763672,21.450000762939453,111.76000213623048,1
2022-07-08,1619.4178466796875,0.04738999471657568,0.09015440415929876,0.05445849742177211,1518.588759765625,1694.678184814453,84.00878293097624,19.200000762939453,21.899999618530277,109.77999877929688,1
2022-07-11,1595.95361328125,-0.014489301477408345,0.06722285457550603,0.0012944631868363476,1517.9870361328126,1694.400355834961,75.9903800591859,18.399999618530277,21.84000015258789,105.76000213623048,1
2022-07-12,1587.0765380859375,-0.005562238852958479,0.05190336586753119,-0.00045328646912978776,1517.493759765625,1694.1261254882813,79.09875627214976,18.3700008392334,21.25,108.43000030517578,1
2022-07-13,1580.838623046875,-0.003930443736875899,0.0414428174010022,-0.00045515145073837804,1517.7490356445312,1693.5385595703126,76.22150192291421,18.549999237060547,20.96999931335449,108.43000030517578,1
2022-07-14,1579.782958984375,-0.0006677873674830748,0.05192022282376474,0.00549731575135004,1517.9121826171875,1692.9502740478515,75.88980140153352,18.520000457763672,20.790000915527344,99.5,1
2022-07-15,1616.922607421875,0.023509336030170136,0.08270409103266574,0.01985399254556164,1519.1098657226562,1692.6875604248046,75.70267417589601,18.34000015258789,20.270000457763672,98.52999877929688,1
2022-07-18,1657.9971923828125,0.02540293813222738,0.07234193703029868,0.05331674680747378,1521.2499584960938,1692.6419757080077,77.77952074191965,17.600000381469727,19.200000762939453,102.7300033569336,1
2022-07-19,1660.060546875,0.0012444861195586299,0.025097105283014454,0.08830103373751652,1523.5887084960937,1692.6842016601563,78.81814199078576,17.15999984741211,18.399999618530277,104.79000091552734,1
2022-07-20,1669.80126953125,0.005867691196316027,0.04627180616996163,0.09807197386271493,1526.8353198242187,1692.8617431640625,78.80470465254712,17.200000762939453,18.3700008392334,104.08999633789062,1
2022-07-21,1715.6783447265625,0.02747457199394221,0.08103062678736506,0.12077885903468677,1531.8564672851562,1693.2977008056641,80.86196813411145,16.81999969482422,18.549999237060547,95.83999633789062,1
2022-07-22,1718.20556640625,0.0014730160157674366,0.08689498178796828,0.12951088878945471,1536.767890625,1693.6582427978515,80.47536945172283,16.860000610351562,18.520000457763672,96.3000030517578,1
2022-07-25,1732.4935302734375,0.008315631229778742,0.09666553903533592,0.17834001408104583,1541.8038500976563,1694.083267211914,85.29997422227868,16.649999618530273,18.34000015258789,95.77999877929688,1
2022-07-26,1702.16796875,-0.01750399698095917,0.05272074305649399,0.14827082806307446,1545.058642578125,1694.4605493164063,79.9354844582242,17.68000030517578,17.600000381469727,97.58999633789062,1
2022-07-27,1746.295654296875,0.025924401326433477,0.0532560985746684,0.1661857304521399,1549.802509765625,1694.9749780273437,79.42766644961803,18.170000076293945,17.15999984741211,102.5999984741211,1
2022-07-28,1750.7666015625,0.0025602464591971685,0.05464020867085284,0.1943935385753599,1555.107001953125,1695.4424243164062,74.20999792551753,18.1299991607666,17.200000762939453,104.22000122070312,1
2022-07-29,1757.3760986328125,0.003775201711303966,0.05244625854557339,0.22903725667449715,1559.3507958984376,1695.9909014892578,81.72425722123035,17.010000228881836,16.81999969482422,102.26000213623048,1
2022-08-01,1763.839599609375,0.0036779269853453034,0.028071261160837357,0.24876934714880639,1563.0703149414062,1696.565458984375,85.07184913739862,16.549999237060547,16.860000610351562,96.3499984741211,1
2022-08-02,1742.7965087890625,-0.011930274626430148,0.014311990872108549,0.21043234604640126,1566.7115795898437,1696.8723742675782,80.3511860616312,17.489999771118164,16.649999618530273,94.6999969482422,1
2022-08-03,1739.637451171875,-0.0018126371043641898,0.004123490664527996,0.22584615289334353,1571.2790966796874,1696.9847528076173,79.72268499393984,18.530000686645508,17.68000030517578,96.6999969482422,1
2022-08-04,1730.2093505859375,-0.005419577843410073,0.016473921699119876,0.20651539380468376,1575.8538232421874,1697.0540698242187,73.48414416338504,18.450000762939453,18.170000076293945,94.9800033569336,1
2022-08-05,1737.3533935546875,0.004129004947482695,-0.005120702625689089,0.2110513506434848,1579.8852612304688,1696.8827185058594,69.14339628419883,19.26000022888184,18.1299991607666,97.26000213623048,1
2022-08-08,1778.37060546875,0.023609020517201706,0.015766809740152876,0.20658947517326842,1583.5748657226563,1697.1052709960939,74.02510996267813,18.920000076293945,17.010000228881836,96.41999816894533,1
2022-08-10,1803.1561279296875,0.013937208804913004,0.026050217328260405,0.2110261390271917,1587.8820629882812,1697.456309814453,75.52085109762906,19.299999237060547,16.549999237060547,98.62000274658205,1
2022-08-11,1814.819580078125,0.0064683539976257975,0.02890284381870112,0.2216943033159131,1592.54728515625,1697.930443725586,71.83219293156998,19.59000015258789,17.489999771118164,93.88999938964844,0
2022-08-12,1794.6998291015625,-0.011086364285146422,0.029781629725987635,0.20012552920133464,1597.0183642578124,1698.3428466796875,65.63370232045247,18.36000061035156,18.530000686645508,94.41999816894533,0
2022-08-16,1797.0811767578125,0.0013268779645687623,0.03302051559492569,0.19109298966044386,1601.251083984375,1698.7090948486327,63.875566716808386,17.610000610351562,18.450000762939453,90.66000366210938,0
2022-08-17,1803.6905517578125,0.003677838867537586,0.04246954343819165,0.18825574132403067,1605.8434399414064,1699.1645318603516,74.2850752169726,17.68000030517578,19.26000022888184,88.54000091552734,0
2022-08-18,1841.451904296875,0.020935604781131545,0.059917867676419156,0.22615609091803934,1612.1651000976562,1699.6662622070312,73.47725520431766,17.68000030517578,18.920000076293945,89.01000213623047,0
2022-08-19,1881.7886962890625,0.02190488488896447,0.05815328396808117,0.2600605066557813,1619.3875439453125,1700.5980810546876,77.4653999824972,17.350000381469727,19.299999237060547,90.76000213623048,0
2022-08-22,1827.94140625,-0.02861495031044181,0.01374549765070543,0.18225666325702106,1625.3305493164062,1701.1229498291016,62.34695817287463,18.290000915527344,19.59000015258789,91.93000030517578,0
2022-08-23,1824.4422607421875,-0.0019142547435319068,0.005302279504637131,0.1266037758462797,1631.3955078125,1701.5329138183595,60.7149254897458,19.040000915527344,18.36000061035156,94.33999633789062,1
2022-08-24,1840.285400390625,0.008683826279047402,0.025400109004235505,0.15309454176868798,1638.7955517578125,1701.6677307128907,67.55951792012797,19.049999237060547,17.610000610351562,92.08999633789062,1
2022-08-25,1825.268310546875,-0.008160196152489418,0.015684952996901425,0.15008209544084372,1645.65341796875,1701.6341339111327,64.79181040517813,18.43000030517578,17.68000030517578,86.52999877929688,1
2022-08-26,1851.9976806640625,0.01464407723661143,0.02678238174456893,0.17152861377751583,1652.7445288085937,1701.6593273925782,69.85108255840976,19.56999969482422,17.68000030517578,88.11000061035156,0
2022-08-29,1828.7674560546875,-0.012543333532170187,-0.00688828647253259,0.15760677481315644,1660.003466796875,1701.4769604492187,64.15775013857831,18.21999931335449,17.350000381469727,90.5,1
2022-08-30,1868.618408203125,0.02179115338940374,-0.0069988134756626685,0.1556634805066952,1668.7782299804687,1701.4624182128907,64.02780096844214,19.81999969482422,18.290000915527344,90.7699966430664,0
2022-09-01,1859.3359375,-0.0049675582036308175,0.017174801742910084,0.1214349131845216,1677.715703125,1701.4899951171874,59.1745579127958,18.700000762939453,19.040000915527344,90.2300033569336,0
2022-09-02,1886.1138916015625,0.014401891321246252,0.03380300499851763,0.13617174695953072,1686.6417163085937,1701.5159063720703,61.09513874931278,19.8700008392334,19.049999237060547,93.73999786376952,0
2022-09-05,1913.1832275390625,0.014351909531038265,0.0396122401084984,0.145755044297059,1696.5227416992188,1701.7390637207031,68.04851634938792,19.549999237060547,18.43000030517578,94.88999938964844,0
2022-09-06,1907.3031005859373,-0.003073478205581459,0.04494396224656061,0.1116903739260724,1705.987705078125,1701.893233642578,66.61296673130771,19.65999984741211,19.56999969482422,92.5199966430664,0
2022-09-07,1903.220703125,-0.0021404030957026254,0.02765825410892031,0.10767927908982533,1715.3604638671875,1702.0385076904297,65.1166222756834,19.520000457763672,18.21999931335449,93.05999755859376,0
2022-09-08,1919.0638427734373,0.008324383831272764,0.049375543303658675,0.10768889420935013,1724.2640991210938,1702.5312286376952,62.62847518089708,19.3700008392334,19.81999969482422,97.01000213623048,0
2022-09-09,1895.104736328125,-0.012484788630422239,0.014174284063951603,0.1133476666934401,1732.3872143554688,1703.0601025390624,52.288673515587995,18.309999465942383,18.700000762939453,91.63999938964844,0
2022-09-12,1906.9140625,0.0062314899780981925,0.025588772873379684,0.0919766408442424,1740.815615234375,1703.543178100586,65.86600574659087,17.719999313354492,19.8700008392334,86.61000061035156,0
2022-09-13,1935.5386962890625,0.015010972099883224,0.02620457062936521,0.10553782243827348,1749.6178540039064,1704.2838189697266,70.27312637162404,17.940000534057617,19.549999237060547,86.87000274658203,0
2022-09-14,1899.1383056640625,-0.018806335773492444,-0.007341127432455075,0.08066697114040466,1757.4252905273438,1704.9029180908203,59.99008705735211,17.469999313354492,19.65999984741211,86.87000274658203,1
2022-09-15,1902.637451171875,0.001842491143154934,-0.0024462023957434464,0.0786907446647862,1765.1194140625,1705.883798828125,63.66759651728679,18.280000686645508,19.520000457763672,86.87999725341797,1
2022-09-16,1866.1884765625,-0.01915707828988933,-0.019457662740687276,0.07080113320812953,1772.4070092773438,1706.7347387695313,52.42363782301863,18.38999938964844,19.3700008392334,81.94000244140625,1
2022-09-19,1857.1490478515625,-0.004843791945167264,-0.032263019885985345,0.06754947509351905,1779.6817626953125,1707.5524768066407,55.09420584533731,19.81999969482422,18.309999465942383,83.54000091552734,1
2022-09-20,1878.532470703125,0.011514112384409803,-0.008744775582752107,0.08572553377252157,1786.3294921875,1708.3751654052735,51.90581854737654,19.940000534057617,17.719999313354492,86.79000091552734,1
2022-09-21,1842.5208740234373,-0.01917006878577343,-0.03376826976258285,0.06053315396792902,1790.791552734375,1709.00244140625,47.06879975894822,18.799999237060547,17.940000534057617,87.77999877929688,1
2022-09-22,1835.2796630859373,-0.003930056391539094,-0.05179903320731749,0.0320006737865457,1795.5780737304688,1709.5356909179689,40.490889444835624,19.32999992370605,17.469999313354492,87.30999755859375,1
2022-09-23,1804.8082275390625,-0.016603156543258613,-0.049669936014489546,0.000916226600561787,1799.9327075195313,1710.0058337402343,29.982034048724486,18.81999969482422,18.280000686645508,88.4800033569336,1
2022-09-26,1799.5595703125,-0.0029081523158387412,-0.05417631235834608,-0.008408554730805817,1804.3071264648438,1710.3755975341796,30.05213901024021,20.59000015258789,18.38999938964844,85.0999984741211,1
2022-09-27,1789.596923828125,-0.005536158207113395,-0.04104170275204777,-0.002843319640807085,1808.5034057617188,1710.56623046875,29.411738683828418,21.88999938964844,19.81999969482422,85.11000061035156,1
2022-09-28,1784.0081787109375,-0.0031229071992550095,-0.039383413638898745,-0.007274572910757726,1811.8451171875,1710.4662060546875,24.583854424627944,21.56999969482422,19.940000534057617,85.7300033569336,1
2022-09-29,1764.6171875,-0.010869339861966698,-0.060640571818536104,-0.02166300877926819,1813.9775170898438,1710.2999365234375,25.01393109251555,22.100000381469727,18.799999237060547,84.44999694824219,1
2022-09-30,1795.914794921875,0.017736202301313675,-0.02529473601012211,-0.02472891595416793,1816.6946020507812,1710.3472564697265,30.221711992789125,21.299999237060547,19.32999992370605,82.94000244140625,1
2022-10-03,1768.3109130859375,-0.015370373869623588,-0.036489670401182894,-0.06030314850275498,1818.664794921875,1710.2364038085936,20.09390556875566,19.96999931335449,18.81999969482422,83.48999786376953,1
2022-10-04,1819.096435546875,0.028719792478297812,0.007916745829164906,-0.0048387605165476355,1820.7331567382812,1710.3070220947266,36.38619915298753,21.3700008392334,20.59000015258789,78.73999786376953,1
2022-10-06,1859.3359375,0.02212059853826709,0.03321722057643228,0.01912566788691783,1823.5557641601563,1710.6119476318358,43.45332174814319,19.56999969482422,21.88999938964844,76.70999908447266,1
2022-10-07,1870.611083984375,0.006064071724195985,0.04526950123659845,0.01647879377150585,1826.318115234375,1711.1018469238281,50.723736726832236,19.31999969482422,21.56999969482422,78.5,1
2022-10-10,1856.1285400390625,-0.00774214590585276,0.04042602617451929,0.01690722909824771,1829.3973266601563,1711.7484576416016,49.83592220357266,18.809999465942383,22.100000381469727,82.1500015258789,1
2022-10-11,1826.288818359375,-0.016076322860193448,0.03494901403898676,-0.013881692495138154,1830.9971899414063,1712.1105541992188,41.82259865502211,19.6200008392334,21.299999237060547,81.2300033569336,1
2022-10-12,1857.683837890625,0.0171906103873829,0.03439419461513871,0.015811951235353172,1833.1355346679688,1712.4211346435548,52.4081756414338,20.489999771118164,19.96999931335449,79.48999786376953,1
2022-10-13,1823.5673828125,-0.018365049198502903,0.031248164176136184,-0.024109269818200274,1834.4593603515625,1712.525385131836,48.286164314020986,20.18000030517578,21.3700008392334,83.62999725341797,1
2022-10-14,1858.02392578125,0.018895130113375513,0.021399354907026824,-0.0007056345721548896,1836.343046875,1712.8933276367188,57.69718221577175,20.290000915527344,19.56999969482422,86.5199966430664,1
2022-10-17,1830.419921875,-0.014856646097623938,-0.015551797306666115,-0.029528423482036326,1838.0955151367189,1713.0906213378905,54.192545862811244,18.26000022888184,19.31999969482422,88.44999694824219,1
2022-10-18,1864.3416748046875,0.018532224504494987,-0.0033515300071534915,-0.025528946747667258,1840.589599609375,1713.2977362060547,59.53383160352549,18.420000076293945,18.809999465942383,92.63999938964844,1
2022-10-19,1851.5115966796875,-0.006881827670533691,-0.002487404972113527,-0.029251514292149117,1843.01564453125,1713.4630139160156,58.45401588227597,17.450000762939453,19.6200008392334,91.12999725341795,1
2022-10-20,1850.78271484375,-0.0003936685231918924,0.013411841674844549,-0.02755223721303013,1845.2842309570312,1713.6685522460937,61.32039039235536,17.489999771118164,20.489999771118164,89.3499984741211,1
2022-10-21,1824.1507568359373,-0.014389564909061292,-0.01805101620131666,-0.049458013757547215,1846.199833984375,1713.6919873046875,53.755671037450334,17.229999542236328,20.18000030517578,87.2699966430664,1
2022-10-24,1856.2257080078125,0.017583497993066466,0.017909031222604677,-0.020515503747641328,1847.2612255859376,1713.7464794921875,61.55611680022078,17.280000686645508,20.290000915527344,89.11000061035156,1
2022-10-25,1894.472900390625,0.02060481773192402,0.019617064185031508,-0.006524238482495837,1848.8542919921874,1713.921669921875,60.245717759748516,17.420000076293945,18.26000022888184,85.61000061035156,1
2022-10-27,1909.0040283203125,0.00767027489635308,0.04293228319150644,-0.013709190118298298,1851.1403759765626,1714.116494140625,57.258543592363694,16.8799991607666,18.420000076293945,85.45999908447266,1
2022-10-28,1919.6956787109373,0.0056006431793820255,0.029690911625439353,0.010824579223937425,1853.592666015625,1714.4804180908204,57.1855254820151,16.600000381469727,17.450000762939453,82.81999969482422,1
2022-10-31,1966.39892578125,0.024328463926987398,0.0620505587475606,0.033512151550524116,1856.8468334960937,1715.1719079589843,64.75099977302007,15.920000076293944,17.489999771118164,85.55000305175781,1
2022-11-01,1967.7110595703125,0.0006672775151874699,0.06317778083227554,0.05440103413070907,1859.3720166015626,1715.6386737060548,70.48143249157513,15.800000190734863,17.229999542236328,85.9800033569336,1
2022-11-02,1956.87353515625,-0.005507680795588499,0.0727586674637164,0.05369762185757443,1860.8737133789064,1716.0126251220704,65.27464057988448,16.1299991607666,17.280000686645508,85.05000305175781,1
2022-11-03,1952.4024658203125,-0.0022848023930072126,0.05181307283785075,0.03932324634747375,1863.3629345703125,1716.3016021728515,71.83333781550151,16.65999984741211,17.420000076293945,84.58000183105469,1
2022-11-04,1958.6231689453125,0.003186178686978014,0.033861803217908326,0.0630127433337282,1866.046552734375,1716.4095922851564,68.85248826793709,15.9399995803833,16.8799991607666,85.31999969482422,1
2022-11-07,1961.1015625,0.0012653753891933572,0.02729042652965319,0.06855734411751668,1868.4628759765626,1716.4035357666016,77.0360148859912,15.65999984741211,16.600000381469727,89.08000183105469,1
2022-11-09,1947.34814453125,-0.007013108465028783,0.014404609088290998,0.07897787411272339,1870.90447265625,1716.2104321289062,68.73630918496283,15.59000015258789,15.920000076293944,87.9000015258789,1
2022-11-10,1922.2227783203125,-0.012902349424008808,-0.02246550630278965,0.06816290498597466,1872.308974609375,1716.1181872558593,65.12165909973726,15.920000076293944,15.800000190734863,86.52999877929688,1
2022-11-11,1954.7352294921875,0.01691398704591629,-0.0065943777746304555,0.09227681578196689,1874.828330078125,1716.1947412109375,69.57002338992598,15.56999969482422,16.1299991607666,88.37000274658203,1
2022-11-14,1943.7520751953125,-0.005618742697817036,-0.006705318317818509,0.08954213236836184,1876.3310034179688,1716.2998724365234,73.92577781598105,14.40999984741211,16.65999984741211,90.0,1
2022-11-15,1940.593017578125,-0.001625236910355543,-0.0060486751317565535,0.09972464924669389,1877.9561450195313,1716.6168927001954,69.08533901380113,14.90999984741211,15.9399995803833,88.16999816894531,1
2022-11-16,1947.4454345703125,0.0035310943253519245,-0.005706934622354609,0.0843751830971633,1879.1827758789063,1717.237606201172,63.967213895664074,14.640000343322754,15.65999984741211,92.61000061035156,1
2022-11-17,1972.668212890625,0.012951725307712048,0.005898037415196233,0.11556638501317451,1880.3724755859375,1717.862554321289,65.8903542794883,15.100000381469728,15.59000015258789,91.79000091552734,1
2022-11-18,1967.7110595703125,-0.002512917929086811,0.01045674092547233,0.08169694641766445,1881.580634765625,1718.5320544433594,62.33764848764678,14.880000114440918,15.920000076293944,85.83000183105469,1
2022-11-21,1955.0753173828125,-0.006421543511708094,0.017090911330895464,0.05149116840689927,1882.6177270507812,1719.2021936035155,46.47286559375692,14.390000343322754,15.56999969482422,86.47000122070312,1
2022-11-22,1972.9111328125,0.009122827786278709,0.009298396553191646,0.054688037349927,1883.6946728515625,1719.9056115722656,51.46857351279309,14.800000190734863,14.40999984741211,88.95999908447266,1
2022-11-23,1968.2457275390625,-0.002364731586661284,0.012601222479100782,0.060403784049158915,1885.1574926757812,1720.1955908203124,53.32767534581948,13.84000015258789,14.90999984741211,85.87000274658203,1
2022-11-24,1994.683349609375,0.013432073902361674,0.02787309422495765,0.092205860079281,1886.9128784179688,1720.655185546875,60.962714774130696,14.039999961853027,14.640000343322754,86.91999816894531,1
2022-11-25,2004.9376220703125,0.005140802154359747,0.029521847687961067,0.07926740878948069,1888.3008569335936,1721.4014135742189,61.76251748529252,13.479999542236328,15.100000381469728,85.58999633789062,1
2022-11-28,2006.5899658203125,0.0008241372358974708,0.017195873440866594,0.10036513305339745,1890.4498901367188,1722.0872863769532,61.601402724877765,13.329999923706056,14.880000114440918,81.63999938964844,1
2022-11-29,1993.07958984375,-0.006733002858927084,0.012892406204688012,0.07268779599041642,1892.2587329101561,1723.0100665283203,61.67786557075758,13.56999969482422,14.390000343322754,80.08000183105469,1
2022-11-30,2016.69873046875,0.011850575734836388,0.03151971309649104,0.1017683463600716,1895.2689379882813,1724.0936486816406,74.31216061951879,13.619999885559082,14.800000190734863,79.7300033569336,1
2022-12-01,2045.2744140625,0.0141695351725184,0.03667842917326025,0.09704913090931533,1899.0314453125,1725.2567694091797,73.78092221744129,13.8100004196167,13.84000015258789,80.94999694824219,1
2022-12-02,2027.0499267578125,-0.008910534048332641,0.029876452109602214,0.09480811807655831,1902.0017944335937,1726.2702276611328,71.07714680020115,13.359999656677246,14.039999961853027,77.94000244140625,1
2022-12-05,2027.147216796875,4.799587705184294e-05,0.01627519836361868,0.09529184627597642,1905.6943212890626,1727.4269256591797,72.2458015305495,13.449999809265137,13.479999542236328,77.94000244140625,1
2022-12-06,2034.8258056640625,0.0037878792440741993,0.014907288518476225,0.11549212587755053,1909.685244140625,1728.9687017822266,72.3631692205413,13.729999542236328,13.329999923706056,76.27999877929688,1
2022-12-07,2064.47119140625,0.014569004216315573,0.028845567142201434,0.11218758715605559,1914.8785034179687,1730.288985595703,72.97494797375653,14.039999961853027,13.56999969482422,77.23999786376953,1
2022-12-08,2106.946044921875,0.02057420500340945,0.05713091221161504,0.11215422743045833,1921.0262329101563,1731.895301513672,79.33646739049361,14.079999923706056,13.619999885559082,78.19999694824219,1
2022-12-09,2093.678955078125,-0.006296834167028642,0.0381714053003257,0.0967388879322082,1927.1078735351562,1733.3968939208985,79.12595533223784,13.399999618530272,13.8100004196167,80.55000305175781,1
2022-12-12,2103.058349609375,0.004479862831166415,0.028252412072226285,0.09551653052715348,1933.488876953125,1734.8762860107422,78.35674572693674,13.479999542236328,13.359999656677246,81.22000122070312,1
2022-12-13,2112.000244140625,0.0042518527994770405,0.04190834979515645,0.07404464905386776,1940.4365380859374,1736.4922772216796,80.74852123999125,13.31999969482422,13.449999809265137,79.9800033569336,1
2022-12-14,2133.91845703125,0.010377940509918693,0.052670688813161615,0.0844673798282316,1947.196611328125,1738.3114288330078,80.36898152536362,12.880000114440918,13.729999542236328,76.93000030517578,0
2022-12-15,2116.520263671875,-0.008153166913219212,0.040148133457129864,0.0815825476953358,1954.1607983398437,1740.1594702148439,73.6020933161679,12.890000343322754,14.039999961853027,74.25,0
2022-12-16,2114.04150390625,-0.0011711486103727076,0.024011142759630566,0.08278981455702272,1960.0596997070313,1742.2971789550782,72.64909410622272,13.729999542236328,14.079999923706056,72.01000213623047,0
2022-12-19,2122.78955078125,0.004138067705310222,0.007519654287095223,0.08381723673999963,1965.3287719726563,1744.3840991210936,77.90097289894055,14.06999969482422,13.399999618530272,71.45999908447266,0
2022-12-20,2102.62109375,-0.009500921569840726,0.004271017125231369,0.07216328514347414,1969.9689721679688,1746.1796801757812,68.7606413431574,13.550000190734863,13.479999542236328,71.0199966430664,0
2022-12-21,2086.14599609375,-0.007835504792195747,-0.00804178995735727,0.07127531456164471,1974.5693212890626,1748.0476342773438,59.42194156944187,13.779999732971191,13.31999969482422,73.16999816894531,0
2022-12-22,2050.814697265625,-0.016936158300656756,-0.028970426042680963,0.06689751073373462,1979.0598388671874,1749.8934411621094,55.07788678780709,15.5600004196167,12.880000114440918,75.38999938964844,1
2022-12-23,2004.9376220703125,-0.0223701708674513,-0.060443188227716216,0.0256824514239542,1982.0049145507812,1751.7044390869141,46.030915668001896,15.1899995803833,12.890000343322754,77.27999877929688,1
2022-12-26,2032.4444580078125,0.013719546999719778,-0.0397236006227516,0.045629472989032305,1986.1824560546875,1754.0238885498047,49.60259288382951,16.15999984741211,13.729999542236328,76.11000061035156,1
2022-12-27,2064.568115234375,0.015805429319357467,-0.023402278801272325,0.0638851611508795,1990.31333984375,1756.3885534667968,50.01604227077737,16.15999984741211,14.06999969482422,74.29000091552734,1
2022-12-28,2061.65234375,-0.0014122912500971196,-0.028800408881205275,0.05864447195917788,1994.93798828125,1758.5829321289064,41.3736071613898,15.289999961853027,13.550000190734863,75.19000244140625,1
2022-12-29,2051.738037109375,-0.0048089129433877,-0.024199822208515798,0.0400826777164347,1998.6859155273437,1760.5489978027344,41.908827239166946,15.399999618530272,13.779999732971191,76.08999633789062,1
2022-12-30,2027.341796875,-0.011890523932941321,-0.028187959677251406,0.030304620698584195,2002.20251953125,1762.390922241211,36.192878982956074,14.8100004196167,15.5600004196167,78.29000091552734,1
2023-01-02,2030.8890380859373,0.0017497006259157288,-0.009715972489496405,0.03877790284039473,2005.8046459960938,1764.1637322998047,34.912304842454745,14.869999885559082,15.1899995803833,77.48999786376953,1
2023-01-03,2030.4031982421875,-0.00023922520366137512,0.012701430653777157,0.02914072736146478,2009.9296948242188,1765.9499475097657,29.076567696178813,14.6899995803833,16.15999984741211,79.55999755859375,1
2023-01-04,2012.51904296875,-0.008808179227121293,-0.00980367013748229,0.02249379475856572,2013.0555615234375,1767.5855621337892,29.019557626292183,14.390000343322754,16.15999984741211,79.55999755859375,1
2023-01-05,2028.84814453125,0.008113762510496336,-0.017301425145311744,0.017127929066317993,2015.74306640625,1769.1507122802734,33.72328198698426,15.199999809265137,15.289999961853027,79.52999877929688,1
2023-01-06,2028.0706787109373,-0.00038320552595738633,-0.01628871382746333,0.011538043072251591,2018.1243994140625,1770.8636047363282,31.334898827418897,14.979999542236328,15.399999618530272,78.95999908447266,1
2023-01-09,2062.2353515625,0.016845898523259573,0.005116303476984996,0.027731318650065617,2020.9751928710937,1772.6621484375,42.45771313047309,15.029999732971191,14.8100004196167,78.4000015258789,1
2023-01-10,2047.607177734375,-0.007093358096611824,0.009996035641652856,0.02735845982693541,2022.5993579101562,1774.4201818847657,42.75264174713421,14.649999618530272,14.869999885559082,80.26000213623047,1
2023-01-11,2065.783203125,0.008876715020474046,0.017181719131218243,0.02433902095274343,2024.56080078125,1776.2484606933594,53.00902841034017,15.510000228881836,14.6899995803833,80.26000213623047,1
2023-01-12,2099.218994140625,0.016185527583458592,0.03389267508936866,0.026375228530324923,2027.4077099609376,1778.3420477294922,69.95075036848107,15.4399995803833,14.390000343322754,76.93000030517578,0
2023-01-13,2093.046875,-0.0029401978344578694,0.04001345095967901,0.03255812665046043,2030.2205981445313,1780.4503582763673,64.0968268616455,15.279999732971191,15.199999809265137,72.83999633789062,0
2023-01-16,2077.301025390625,-0.00752293214139077,0.02388196523726016,0.024741078584809895,2032.5941552734375,1782.4557080078125,53.20610705793542,14.460000038146973,14.979999542236328,73.66999816894531,0
2023-01-17,2151.073974609375,0.035513846244252134,0.06065039901697111,0.05712929756528973,2036.393603515625,1784.7006048583985,66.59459851302799,15.020000457763672,15.029999732971191,73.7699966430664,0
2023-01-18,2202.977294921875,0.0241290262097682,0.06824727510016682,0.06709035422348486,2041.5061865234375,1787.2335687255859,74.28228277196426,14.59000015258789,14.649999618530272,74.62999725341797,0
2023-01-19,2209.392333984375,0.00291198600970044,0.0790118134031017,0.04862311937669883,2047.2495776367186,1789.6908837890626,81.0203000030784,14.369999885559082,15.510000228881836,75.12000274658203,0
2023-01-20,2186.890869140625,-0.010184458639435623,0.05862554494218952,0.044520633804155496,2051.8926904296877,1791.861749267578,74.96892480408268,13.960000038146973,15.4399995803833,77.41000366210938,0
2023-01-23,2170.90185546875,-0.007311299295953533,0.03414739554482282,0.03225945008704878,2056.4356860351563,1793.9061242675782,71.42432738410126,13.789999961853027,15.279999732971191,78.38999938964844,0
2023-01-24,2145.630859375,-0.01164078239193056,0.02512317569332989,0.015923584917983513,2060.5364428710936,1795.7437701416015,69.8507261626065,13.619999885559082,14.460000038146973,79.86000061035156,0
2023-01-25,2113.75,-0.014858501515161215,0.01754631329973999,-0.009451371941976094,2063.8625341796874,1797.5491705322265,62.100012873908746,13.65999984741211,15.020000457763672,79.86000061035156,0
2023-01-27,2099.31640625,-0.006828429923122381,-0.024061268450227935,-0.008128368869017466,2066.395498046875,1799.2610498046874,59.77334814516625,14.65999984741211,14.59000015258789,80.18000030517578,0
2023-01-30,2053.681884765625,-0.02173780062334274,-0.06776983607611109,-0.028551766381641364,2068.114914550781,1800.9810784912108,48.862449031807266,17.31999969482422,14.369999885559082,79.4800033569336,1
2023-01-31,2064.859619140625,0.005442777899497209,-0.065417405781934,-0.027289531182827398,2070.3106005859377,1802.9191827392578,52.31570627304532,17.709999084472656,13.960000038146973,80.33000183105469,1
2023-02-01,2085.4169921875,0.009955821139759014,-0.0464009788439973,-0.008182216764417882,2072.5607177734373,1804.8972143554688,52.618602300671036,16.8799991607666,13.789999961853027,81.30999755859375,1
2023-02-02,2084.78515625,-0.00030297822443525746,-0.03966862850193442,-0.0006523224387450233,2074.891506347656,1806.9798114013672,47.890324417797196,16.780000686645508,13.619999885559082,81.62000274658203,1
2023-02-03,2105.828369140625,0.01009370813464372,-0.018550483677313045,0.026825276778223994,2077.114406738281,1809.324052734375,51.79033704284046,15.729999542236328,13.65999984741211,80.12999725341797,1
2023-02-06,2095.67138671875,-0.0048232717208668285,-0.008552862581312826,0.04525515589594509,2078.92908203125,1811.6854064941406,52.6141131887213,14.399999618530272,14.65999984741211,80.1500015258789,1
2023-02-07,2104.613525390625,0.004266956512621878,0.0025232590594035376,0.035508506566301,2080.889553222656,1813.981587524414,41.89279689177445,14.6899995803833,17.31999969482422,79.68000030517578,1
2023-02-08,2071.12939453125,-0.015909871553809518,0.008495721706001325,0.003178039633790597,2082.450549316406,1816.207035522461,25.41241924395497,14.130000114440918,17.709999084472656,77.9000015258789,1
2023-02-09,2087.215087890625,0.007766628874974479,0.010826628862694365,0.012399153629427229,2083.860876464844,1818.6904541015624,28.00902774237889,13.600000381469728,16.8799991607666,78.87000274658203,1
2023-02-10,2103.2041015625,0.007660453282768209,0.008529281885414353,0.025084130392023063,2085.0194702148438,1821.0494055175782,34.57540874282614,13.039999961853027,16.780000686645508,76.41000366210938,0
2023-02-13,2141.54833984375,0.018231344382013903,0.027227354062637543,0.05633314675640344,2087.3094384765627,1823.7099615478517,45.00165458569673,12.75,15.729999542236328,75.87999725341797,0
2023-02-14,2130.224853515625,-0.00528752310533942,0.011585219732297647,0.04891247801667653,2089.3709912109375,1826.11140625,47.24582725567372,13.68000030517578,14.399999618530272,73.38999938964844,0
2023-02-15,2114.09033203125,-0.00757409315629165,0.008789042704514305,0.04121700254487104,2090.956281738281,1828.5516589355468,50.06447184883433,13.449999809265137,14.6899995803833,74.11000061035156,0
2023-02-16,2117.249267578125,0.0014942292195432305,0.006003830173596736,0.052039370745472935,2092.0118432617187,1831.079203491211,53.54875926528947,12.859999656677246,14.130000114440918,77.13999938964844,0
2023-02-17,2163.95263671875,0.022058512361205374,0.04481769339597852,0.06659172227930088,2093.1519750976563,1834.058592529297,71.72971136998467,12.890000343322754,13.600000381469728,78.47000122070312,1
2023-02-20,2163.126220703125,-0.0003819011569856645,0.036369578417151605,0.06659311404178014,2094.540920410156,1837.0160955810547,70.18778400826571,13.09000015258789,13.039999961853027,78.05999755859375,1
2023-02-21,2166.9658203125,0.0017750233771041124,0.03031646748056005,0.05078492552784941,2095.819069824219,1840.065732421875,67.98895751248904,13.380000114440918,12.75,79.72000122070312,1
2023-02-22,2133.238037109375,-0.01556452016315657,-0.003880511394378061,0.041819964447354696,2096.243825683594,1842.9769598388673,59.32648793439696,14.010000228881836,13.68000030517578,80.13999938964844,1
2023-02-23,2098.635986328125,-0.016220435872284167,-0.014828888666549522,0.015903306384439153,2095.538176269531,1845.7545245361327,48.68424813668813,15.59000015258789,13.449999809265137,79.05999755859375,1
2023-02-24,2074.2392578125,-0.01162504058567615,-0.018850223008427647,-0.011899538065275106,2094.692556152344,1848.5883673095702,46.273426396499346,15.079999923706056,12.859999656677246,78.58999633789062,1
2023-02-27,2054.459716796875,-0.00953580496614681,-0.029656191995321213,-0.018435878653279114,2093.500920410156,1851.5375610351562,41.59608518214277,14.1899995803833,12.890000343322754,78.48999786376953,1
2023-02-28,2050.037109375,-0.0021526863660146223,-0.05264233856637579,-0.013124682307658397,2092.0458715820314,1854.424574584961,46.08436246818324,13.880000114440918,13.09000015258789,76.33999633789062,1
2023-03-01,2056.014892578125,0.0029159390216830783,-0.04951691080245124,-0.04419145187627138,2091.113747558594,1857.3011712646485,43.98204918109984,14.020000457763672,13.380000114440918,76.33999633789062,1
2023-03-02,2062.138427734375,0.00297835155686621,-0.04837519429033166,-0.06393114786618559,2090.6335961914065,1859.9147216796875,41.765805316527334,13.0,14.010000228881836,76.16000366210938,1
2023-03-03,2091.734619140625,0.014352184610015195,-0.019455596256378827,-0.05325342766604446,2091.451994628906,1862.8278833007812,39.64856136021649,12.970000267028809,15.59000015258789,73.94999694824219,1
2023-03-06,2081.140380859375,-0.005064809935403036,-0.008336655609990307,-0.048356545712226806,2092.9760498046876,1865.8058752441407,39.76909345160916,12.18000030517578,15.079999923706056,75.38999938964844,1
2023-03-08,2109.959228515625,0.013847623121103325,0.017220757233567863,-0.028072492913304048,2094.526345214844,1868.6297393798827,49.18217873655048,12.270000457763672,14.1899995803833,76.31999969482422,1
2023-03-09,2131.7314453125,0.010318785549326526,0.03761170291335758,-0.006478008088748655,2095.869611816406,1871.3990783691406,52.670205994650495,12.449999809265137,13.880000114440918,75.68000030517578,1
2023-03-10,2097.372314453125,-0.016117945313856463,0.02308992596361148,-0.00774816584121818,2096.5840112304686,1874.0822735595702,37.138545267615854,12.729999542236328,14.020000457763672,77.05000305175781,1
2023-03-13,2074.044921875,-0.011122199152422518,0.008769405981425837,-0.012037958784946734,2097.0301489257813,1876.8961901855469,34.16825832921859,13.40999984741211,13.0,77.69000244140625,1
2023-03-14,2084.104736328125,0.004850335856771526,0.01065219885256874,0.014813809182512294,2098.1654077148437,1879.8093487548829,35.59227635063256,16.219999313354492,12.970000267028809,78.16000366210938,1
2023-03-15,2115.6455078125,0.015133966606661442,0.011431129194438006,0.02459532270431608,2099.860537109375,1882.708668823242,46.917602249676825,16.219999313354492,12.18000030517578,79.68000030517578,1
2023-03-16,2112.680908203125,-0.001401274267559205,0.015155405965803226,0.013073604040708675,2101.5060913085936,1885.3026214599608,52.767653364020894,16.299999237060547,12.270000457763672,80.45999908447266,1
2023-03-17,2134.2099609375,0.010190394891524734,0.011493460202515626,0.02370738516596238,2103.9399096679685,1888.0346899414062,61.95274956060361,16.219999313354492,12.449999809265137,76.66000366210938,1
2023-03-20,2116.520263671875,-0.008288639632182404,-0.007135599408674587,0.005077286776041134,2105.6933520507814,1890.7094989013672,62.473184126180335,14.770000457763672,12.729999542236328,75.72000122070312,1
2023-03-21,2146.55419921875,0.014190242381507012,0.02344928672258595,0.024279957641483385,2108.0630224609376,1893.5865405273437,67.5877532498732,16.010000228881836,13.40999984741211,76.68000030517578,1
2023-03-22,2151.89990234375,0.0024903648493690422,0.03753775033877593,0.02246796211401736,2109.8563134765627,1896.4188140869142,67.51291580048533,15.079999923706056,16.219999313354492,74.80000305175781,1
2023-03-23,2144.804443359375,-0.0032972997380812386,0.029125075133312972,0.03557240268167772,2111.8002587890624,1899.2724725341798,65.04511757941565,14.8100004196167,16.219999313354492,71.33000183105469,1
2023-03-24,2105.439697265625,-0.018353536246919377,-0.004823970040910841,0.008731543519751916,2112.593388671875,1902.172826538086,52.408662534948256,14.489999771118164,16.299999237060547,67.61000061035156,1
2023-03-27,2093.630126953125,-0.0056090755426704275,-0.009017349082878323,-0.004552090119195884,2112.481611328125,1905.0376446533203,52.18573118044351,15.239999771118164,16.219999313354492,68.3499984741211,1
2023-03-28,2073.802001953125,-0.009470691477322268,-0.028304599870689118,-0.031634279100871354,2112.0967138671876,1907.7526989746093,43.46682594495018,15.449999809265137,14.770000457763672,66.73999786376953,1
2023-03-29,2087.263671875,0.00649129951133065,-0.013822967962573984,-0.020167439868952752,2112.295966796875,1910.583045654297,41.716435966330906,15.100000381469728,16.010000228881836,67.63999938964844,1
2023-03-31,2103.544189453125,0.0077999333756908484,-0.0200367685946522,-0.004988501398609624,2111.34537109375,1913.7493505859375,51.23274257916275,13.630000114440918,15.079999923706056,69.33000183105469,1
2023-04-03,2109.327392578125,0.0027492662878185747,-0.01978368497496419,-0.0037415882585528637,2109.472373046875,1916.8841125488282,57.5782778095323,12.9399995803833,14.8100004196167,70.9000015258789,1
2023-04-05,2194.47265625,0.04036607307688089,0.02315745523765811,0.014103829729622985,2109.1739794921873,1920.3692651367187,67.92430087744688,12.59000015258789,14.489999771118164,69.95999908447266,0
2023-04-06,2210.509765625,0.0073079558905986275,0.04990409770264681,0.0219051225343998,2109.646357421875,1924.0927111816407,66.22339759273578,12.40999984741211,15.239999771118164,69.26000213623047,0
2023-04-10,2244.96630859375,0.015587600427998005,0.07228410581809186,0.03599525546277493,2111.127646484375,1928.168141479492,70.42320093054602,11.800000190734863,15.449999809265137,72.80999755859375,0
2023-04-11,2236.99609375,-0.00355026033719974,0.07869318847371987,0.04863876174888637,2112.954951171875,1932.290810546875,66.5622865846942,12.270000457763672,15.100000381469728,73.19999694824219,0
2023-04-12,2224.360595703125,-0.0056484220433722365,0.065682609090288,0.059907773522445806,2115.1671630859373,1936.2135473632814,67.66440533186594,11.979999542236328,13.630000114440918,72.97000122070312,0
2023-04-13,2195.444580078125,-0.012999697837148383,0.04368835752810685,0.05843362659785378,2117.0897265625,1940.0951104736328,58.037753418719376,12.270000457763672,12.9399995803833,75.66999816894531,0
2023-04-17,2151.948486328125,-0.019811975280401795,0.020206011594011697,0.04745226627429111,2119.05505859375,1943.6845782470702,50.00709711058439,11.90999984741211,12.59000015258789,80.41999816894531,0
2023-04-18,2154.475830078125,0.0011744443540617766,-0.018226167484001854,0.050944795206641746,2120.8473828125,1947.2840435791015,51.43189895233607,12.270000457763672,12.40999984741211,80.61000061035156,0
2023-04-19,2157.3916015625,0.0013533553933020581,-0.024029825558124718,0.049307380676243184,2122.286875,1950.7015911865235,58.62235235292831,12.079999923706056,11.800000190734863,80.69999694824219,0
2023-04-20,2170.173095703125,0.005924512791914083,-0.03331596229498679,0.05238962938460201,2123.9946337890624,1954.1077117919922,62.66282915197173,12.149999618530272,12.270000457763672,79.73999786376953,1
2023-04-21,2153.114990234375,-0.007860251102791982,-0.03749720607469209,0.029344244022201815,2124.9403662109376,1957.4458166503907,63.24245398692982,11.9399995803833,11.979999542236328,81.52999877929688,1
2023-04-24,2166.430908203125,0.006184489926987391,-0.02604329874027833,0.04098259210583888,2126.355556640625,1960.8008374023439,63.22455508147969,11.630000114440918,12.270000457763672,83.26000213623047,1
2023-04-25,2184.947265625,0.008546941124115026,-0.004781407168452212,0.03554004081971285,2127.9622314453127,1964.1817413330077,63.49722183765947,11.670000076293944,11.90999984741211,82.16000366210938,1
2023-04-26,2212.356689453125,0.012544661493367748,0.028071398320540064,0.03782148277538111,2130.78677734375,1967.6538684082032,65.93986779981114,11.520000457763672,12.270000457763672,80.83000183105469,1
2023-04-27,2240.9814453125,0.012938580833658841,0.04015158305639388,0.06847097669295787,2133.8621044921874,1971.3497320556642,58.7205948864812,11.649999618530272,12.079999923706056,80.86000061035156,1
2023-04-28,2298.133056640625,0.025502938209359227,0.06523686055706923,0.10804401216297799,2137.76068359375,1975.3733404541015,64.23495236969588,11.43000030517578,12.149999618530272,79.16000366210938,0
2023-05-02,2317.621337890625,0.008480049139751644,0.06794307904721641,0.11204648091435199,2141.2821435546875,1979.230717163086,62.40664633876884,10.949999809265137,11.9399995803833,77.29000091552734,0
2023-05-03,2290.260498046875,-0.011805569527873039,0.06369632297138539,0.08253508897855033,2144.4828564453123,1982.5849304199219,58.53056200494073,11.899999618530272,11.630000114440918,77.87000274658203,0
2023-05-04,2290.84326171875,0.0002544530075823115,0.05742733499810293,0.08432998699607475,2148.0179150390627,1986.0593786621093,61.07509966300442,11.84000015258789,11.670000076293944,78.76000213623047,1
2023-05-05,2310.8662109375,0.008740427402146755,0.057630198812363975,0.08277360392526689,2151.89025390625,1989.6783270263672,69.81475598235323,11.729999542236328,11.520000457763672,77.06999969482422,0
2023-05-08,2299.10546875,-0.005089321974520056,0.039211027638729634,0.08626669359704797,2154.593310546875,1993.2696612548827,78.3521593559233,12.300000190734863,11.649999618530272,74.30000305175781,1
2023-05-09,2307.8046875,0.0037837406192287037,0.02981873960950243,0.07512062278228893,2157.4868798828124,1996.909769897461,78.85503359034935,12.640000343322754,11.43000030517578,74.76000213623047,1
2023-05-10,2298.181884765625,-0.0041696781302577035,2.1246865954394067e-05,0.06797806081154212,2160.111201171875,2000.3160662841797,75.84301233899569,12.68000030517578,10.949999809265137,76.77999877929688,1
2023-05-11,2179.3095703125,-0.051724502416939044,-0.05967832851591237,0.01608777297154429,2161.0326318359375,2002.9226281738281,51.20697629265442,13.079999923706056,11.899999618530272,71.66000366210938,1
2023-05-12,2158.849609375,-0.009388276551534736,-0.05737814051455792,0.02536758102297565,2162.236904296875,2005.4165734863282,50.750824855694205,13.220000267028809,11.84000015258789,68.5999984741211,1
2023-05-15,2183.8779296875,0.01159335981710452,-0.046692558071824264,0.04310589610482607,2164.429677734375,2007.9869567871094,52.21633718669112,12.850000381469728,11.729999542236328,68.55999755859375,1
2023-05-16,2164.778564453125,-0.008745619420728379,-0.06321769983607506,0.04386945446784085,2166.6360546875,2010.2324578857422,47.44171066689376,13.170000076293944,12.300000190734863,71.33999633789062,1
2023-05-17,2157.3916015625,-0.003412341110505701,-0.061638697795168285,0.03359802148259683,2168.78314453125,2012.4283880615235,42.65488596553617,13.289999961853027,12.640000343322754,73.16000366210938,1
2023-05-18,2126.87158203125,-0.01414672213850543,-0.07840052776075745,0.011089566216428981,2170.2002783203125,2014.4002783203125,34.828081847608885,13.109999656677246,12.68000030517578,73.70999908447266,1
2023-05-19,2128.669677734375,0.0008454180865060668,-0.07375926516300835,0.009169882885088354,2171.5309033203125,2016.5327868652344,23.57935989549314,12.800000190734863,13.079999923706056,72.55999755859375,1
2023-05-22,2154.475830078125,0.012123136160428816,-0.011395232954817924,-0.018226167484001854,2172.7857275390625,2018.5736877441407,25.055768076471693,12.300000190734863,13.220000267028809,70.87000274658203,1
2023-05-23,2136.056640625,-0.008549267156298113,-0.010557923373179623,-0.03368142776738614,2173.884052734375,2020.5001379394532,25.76012145671301,12.56999969482422,12.850000381469728,70.04000091552734,1
2023-05-24,2123.906982421875,-0.005687891403277634,-0.027460759802726886,-0.053924785288963495,2174.1630078125,2022.3327923583984,24.67944326480915,12.609999656677246,13.170000076293944,71.11000061035156,1
2023-05-25,2142.9091796875,0.008946812371207091,-0.01010236572217249,-0.042059489654618476,2174.3865625,2024.2281402587892,24.445487828071506,13.109999656677246,13.289999961853027,70.86000061035156,1
2023-05-26,2156.273681640625,0.006236616129048356,-0.0005181812708761058,-0.030609656633023397,2175.56458984375,2026.2955261230468,28.373811655479713,12.520000457763672,13.109999656677246,72.83000183105469,1
2023-05-29,2162.202880859375,0.002749743350871192,0.016611862759660534,-0.015141215369493422,2177.3277490234377,2028.4083532714844,27.76791565612021,11.899999618530272,12.800000190734863,71.86000061035156,1
2023-05-30,2148.83837890625,-0.006180965750916645,0.009474791407439564,-0.0014452517993038816,2178.622421875,2030.501498413086,27.45421079362552,12.300000190734863,12.300000190734863,71.55000305175781,1
2023-05-31,2143.83251953125,-0.0023295653242884073,-0.0049400928050741255,-0.0049400928050741255,2179.186162109375,2032.5338940429688,41.83812626376095,12.010000228881836,12.56999969482422,71.98999786376953,1
2023-06-01,2145.922119140625,0.0009747028232558463,0.004618547246358684,-0.0053163655655135145,2179.850986328125,2034.3716516113282,46.751293016178806,11.970000267028809,12.609999656677246,72.91000366210938,1
2023-06-02,2171.922607421875,0.012116231082823337,0.022607216510606376,0.0008061622928667855,2180.6052392578126,2036.215484008789,47.01020957656083,11.600000381469728,13.109999656677246,74.33999633789062,1
2023-06-05,2204.726806640625,0.015103760652728448,0.028847525382358796,0.023970766373528463,2182.3693701171874,2038.1650201416016,59.34940210634096,11.130000114440918,12.520000457763672,71.83000183105469,1
2023-06-06,2214.106201171875,0.004254220751069626,0.026820584058349972,0.022006375919134458,2183.72041015625,2040.2620520019532,63.15072013840062,11.140000343322754,11.899999618530272,72.66999816894531,1
2023-06-07,2250.60400390625,0.01648421503677544,0.04088474945132803,0.03004957571022615,2185.6944921875,2042.5296661376954,77.9165996487896,11.380000114440918,12.300000190734863,72.66999816894531,1
2023-06-08,2274.708740234375,0.010710340995700562,0.058576002068704947,0.028183543403510924,2188.292578125,2044.884757080078,79.9361616517497,11.4399995803833,12.010000228881836,69.45999908447266,1
2023-06-09,2296.7724609375,0.009699580571731481,0.07133950064331063,0.024895795430033063,2192.1192333984377,2047.1613598632812,79.62352491519755,11.260000228881836,11.970000267028809,68.08999633789062,1
2023-06-12,2274.36865234375,-0.009754474583261619,0.05985610197939706,-0.010340743425715115,2195.73400390625,2049.1242596435545,78.32409072092376,11.119999885559082,11.600000381469728,70.0999984741211,1
2023-06-13,2288.41357421875,0.006175305775748541,0.053634952920883494,-0.012602474439788458,2200.0262353515627,2051.4266204833984,83.42883450861792,11.25,11.130000114440918,71.73999786376953,1
2023-06-14,2289.04541015625,0.00027610216292117684,0.03824446786860758,-0.0005305457137566583,2204.0618701171875,2053.7496362304687,82.09181682100288,11.109999656677246,11.140000343322754,72.1500015258789,1
2023-06-15,2295.1201171875,0.0026538167413792113,0.0365898961724358,0.0018669350017168629,2207.893388671875,2056.023809814453,81.49948434593907,11.15999984741211,11.380000114440918,71.73999786376953,1
2023-06-16,2300.46630859375,0.002329373249885247,0.022155076859792677,-0.004500434639844841,2211.7161669921875,2058.3997998046875,81.45041533894079,11.079999923706056,11.4399995803833,72.52999877929688,1
2023-06-19,2300.028564453125,-0.00019028496048378862,0.01113101812592543,0.0004015021127443674,2213.82728515625,2060.6399542236327,86.53966658052092,10.84000015258789,11.260000228881836,71.29000091552734,1
2023-06-20,2315.239990234375,0.006613581246921019,0.00804064382125902,0.0032218076229100223,2215.9218896484376,2063.0723168945315,89.47833059492602,11.229999542236328,11.119999885559082,70.16999816894531,1
2023-06-21,2327.341064453125,0.005226704043551411,0.02329104037500107,0.012687933831866394,2217.569384765625,2065.365930175781,89.94216359746724,11.130000114440918,11.25,67.12000274658203,1
2023-06-22,2348.5302734375,0.009104470895138883,0.02627003260950045,0.07764876795394193,2219.800068359375,2067.811901855469,89.72447097922796,11.289999961853027,11.109999656677246,69.41999816894531,1
2023-06-23,2322.57861328125,-0.011050170589568364,0.014649426776863761,0.07584085672074692,2221.7644287109374,2069.994225463867,77.35164629689439,11.550000190734863,11.15999984741211,68.2699966430664,1
2023-06-26,2310.914794921875,-0.005021926186987824,0.0068818523336069415,0.05817031414963436,2224.0738330078125,2071.9828833007814,72.23208999407933,11.239999771118164,11.079999923706056,70.62000274658203,1
2023-06-27,2321.12060546875,0.004416350862135543,0.008978308788023748,0.07222080058572677,2227.457275390625,2074.0519708251954,68.41831399056242,11.399999618530272,10.84000015258789,71.77999877929688,1
2023-06-28,2353.58447265625,0.013986290549061753,0.023284888296967177,0.09093985113859548,2231.4394482421876,2076.3037896728515,69.73968001036246,10.779999732971191,11.229999542236328,71.77999877929688,1
2023-06-30,2406.16845703125,0.022342085013695723,0.039273883994924486,0.13131816577908295,2236.4149853515623,2078.7393127441405,73.74972173636507,10.890000343322754,11.130000114440918,70.5,1
2023-07-03,2385.270751953125,-0.008685054870974707,0.024890931709492303,0.1205452761895216,2240.7169384765625,2081.1901428222654,74.23517975716537,10.800000190734863,11.289999961853027,72.52999877929688,1
2023-07-04,2392.852294921875,0.003178483181643932,0.018872237665261915,0.11064244096676923,2245.5116845703124,2083.619833984375,73.48620357590312,11.539999961853027,11.550000190734863,69.51000213623047,1
2023-07-05,2401.55126953125,0.0036353997393971937,0.03400214563175985,0.12429194238434027,2250.214091796875,2085.949896850586,74.41451655629139,11.699999809265137,11.239999771118164,69.16000366210938,1
2023-07-06,2418.8525390625,0.0072042057776375845,0.04670779917018697,0.13886933800853218,2254.892197265625,2088.548468017578,75.60324289152439,11.880000114440918,11.399999618530272,69.37000274658203,1
2023-07-07,2380.70263671875,-0.015771900819773088,0.02566951114458238,0.1109675852272598,2258.2591162109375,2090.9387939453127,64.6182984045875,11.84000015258789,10.779999732971191,67.69999694824219,1
2023-07-10,2370.3994140625,-0.004327807470508205,0.007144396813288267,0.09930359686946377,2260.8474755859374,2093.4598486328123,62.37600976207099,11.529999732971191,10.890000343322754,69.55999755859375,1
2023-07-11,2405.196044921875,0.014679648776886545,-0.0004041330134361143,0.1123822219522348,2262.9887353515624,2096.200083618164,64.80082395511309,11.460000038146973,10.800000190734863,70.63999938964844,1
2023-07-12,2386.1455078125,-0.007920575601143454,0.0003667323127400923,0.11043507563702315,2264.35921875,2098.738148803711,59.45901367663818,11.010000228881836,11.539999961853027,69.79000091552734,1
2023-07-13,2381.47998046875,-0.001955256847696263,-0.004752618654005225,0.11085169143224949,2266.1836083984376,2101.4329443359375,55.5977045437955,10.9399995803833,11.699999809265137,69.79000091552734,1
2023-07-14,2402.96044921875,0.00901979816171794,0.0005867789313425131,0.1197798968496866,2268.4259521484373,2104.2713482666018,63.86643171568685,10.9399995803833,11.880000114440918,71.79000091552734,1
2023-07-17,2399.607177734375,-0.001395475104663202,-0.007956401234605281,0.10483088556399678,2270.200771484375,2107.2453430175783,65.75170098113182,10.68000030517578,11.84000015258789,71.80000305175781,1
2023-07-18,2405.341796875,0.002389815797283701,0.010349532854808441,0.09099312877682797,2272.325498046875,2110.274254150391,65.19900532584214,11.31999969482422,11.529999732971191,73.86000061035156,1
2023-07-19,2424.24658203125,0.00785950054200657,0.022716495645965562,0.09490980186413478,2274.6543359375,2113.4475024414064,63.40824566897618,11.710000038146973,11.460000038146973,72.98999786376953,1
2023-07-20,2419.921630859375,-0.0017840392986142595,0.006122405684389154,0.07523208288052885,2277.089130859375,2116.627069702148,53.194795590475444,11.600000381469728,11.010000228881836,74.83000183105469,1
2023-07-21,2513.765625,0.03877976581716758,0.05348379500313705,0.10509340406411494,2283.778251953125,2120.3728118896483,72.29345362898957,11.789999961853027,10.9399995803833,75.75,1
2023-07-24,2532.233154296875,0.007346559724268342,0.06330230573613815,0.10251807584947459,2291.2459228515627,2124.0544036865235,73.30193777377238,11.489999771118164,10.9399995803833,76.88999938964844,1
2023-07-25,2489.1259765625,-0.017023384146608977,0.03585807139346131,0.09442502823693122,2297.3508837890627,2127.6584790039065,63.130275632343796,11.649999618530272,10.68000030517578,75.41999816894531,1
2023-07-26,2572.083984375,0.033328167635398476,0.07187710065256248,0.12395941596924565,2305.4969921875,2131.4234167480467,69.19517028772754,10.239999771118164,11.31999969482422,74.1500015258789,1
2023-07-27,2585.64306640625,0.005271632696917772,0.0749586897652117,0.12957263972747235,2314.062021484375,2135.0549523925783,77.35823475578755,10.460000038146973,11.710000038146973,75.75,1
2023-07-28,2575.29150390625,-0.004003476981990217,0.062305923413302766,0.12207264649053728,2323.030419921875,2138.5783544921874,77.34825209827719,10.510000228881836,11.600000381469728,75.3499984741211,1
2023-07-31,2606.2001953125,0.01200201661030098,0.07697710623255705,0.132900832138525,2332.5810302734376,2142.328712768555,77.11068479329623,10.140000343322754,11.789999961853027,75.62999725341797,1
2023-08-01,2591.911865234375,-0.005482437651498917,0.031087321529577716,0.12690420688347004,2341.3297509765625,2146.1568280029296,78.11415262825375,10.40999984741211,11.489999771118164,77.06999969482422,1
2023-08-02,2577.658203125,-0.005499285026069445,0.017938730780396206,0.11334384944865272,2350.1617822265625,2149.7566998291018,76.1197532694143,10.279999732971191,11.649999618530272,78.73999786376953,1
2023-08-03,2554.016357421875,-0.009171831111845274,0.026069544679690804,0.09739668002721968,2358.7639697265627,2153.4089447021483,69.99694256613721,11.279999732971191,10.239999771118164,79.62999725341797,1
2023-08-04,2582.327392578125,0.011084907531613508,0.003982532555450113,0.09955039617114259,2367.552333984375,2157.030462036133,72.68941038370777,11.1899995803833,10.460000038146973,78.77999877929688,1
2023-08-07,2591.1748046875,0.003426138813693136,0.00213940522306455,0.11564568358217486,2376.2503564453127,2160.8342364501955,72.89891975215791,10.56999969482422,10.510000228881836,80.08999633789062,1
2023-08-08,2587.53759765625,-0.0014036903356231534,0.004755226245815258,0.11970272696433493,2384.75705078125,2164.4502160644533,70.90791439771426,11.100000381469728,10.140000343322754,80.58000183105469,1
2023-08-09,2606.608642578125,0.007370345048956617,0.0001567213702000636,0.12299577903739323,2393.9124560546875,2168.2257012939453,73.03375524884179,11.329999923706056,10.40999984741211,81.80000305175781,1
2023-08-10,2598.64599609375,-0.0030547917145319348,0.0025981326563224716,0.10412268022864901,2403.0087255859376,2171.9650177001954,63.28891844784882,11.140000343322754,10.279999732971191,81.37000274658203,1
2023-08-11,2593.73095703125,-0.0018913846171768611,0.006235409290015426,0.07795069354014239,2411.96490234375,2175.812918701172,60.054813593068545,11.399999618530272,11.279999732971191,79.48999786376953,1
2023-08-14,2614.767578125,0.00811056406475874,0.02378654331112018,0.09621416184471165,2420.8218017578124,2179.605628051758,72.14009884633387,11.520000457763672,11.1899995803833,81.55000305175781,1
2023-08-16,2645.38916015625,0.011711014886152116,0.024420516065999598,0.10553800824660597,2429.635048828125,2183.360209350586,65.83909908655278,12.0,10.56999969482422,82.81999969482422,1
2023-08-17,2607.493408203125,-0.014325208753364183,0.006297762499891668,0.0857537964251216,2437.50279296875,2186.85265625,54.271942996846846,12.130000114440918,11.100000381469728,81.94000244140625,1
2023-08-18,2597.122314453125,-0.003977418971558122,0.0037041845519680816,0.07370014191097352,2444.4331591796877,2190.239789428711,54.26779852252909,12.239999771118164,11.329999923706056,82.91999816894531,1
2023-08-21,2617.077880859375,0.007683722208690735,0.004016421226507916,0.09928801711515467,2451.2805419921874,2193.4931842041015,52.22166929115012,12.140000343322754,11.140000343322754,84.4000015258789,1
2023-08-22,2633.346923828125,0.006216491716863892,0.013353464760701206,0.11092962148306196,2458.01203125,2196.8213635253906,58.39481624375525,11.960000038146973,11.399999618530272,82.81999969482422,1
2023-08-23,2671.48876953125,0.014484170451676714,0.02997913576549216,0.11071560057301877,2465.95443359375,2200.3944396972656,67.33252397411013,11.75,11.520000457763672,83.19000244140625,1
2023-08-24,2642.538330078125,-0.010836818699486717,0.01062073439545963,0.107450623369852,2473.0369287109374,2203.8451190185547,66.03738367361382,11.729999542236328,12.0,82.51000213623047,1
2023-08-25,2593.632568359375,-0.01850711536029226,-0.019564830980791537,0.08908434655363617,2479.128671875,2207.020166015625,51.90591671358813,11.699999809265137,12.130000114440918,79.37999725341797,1
2023-08-28,2649.616455078125,0.021585126359730644,0.016154612986741146,0.10264671894186517,2486.2185986328127,2210.4627404785156,58.50140673799442,12.079999923706056,12.239999771118164,80.38999938964844,1
2023-08-29,2672.81591796875,0.008755781557048481,0.029145182379122447,0.11385561052218929,2493.6655908203124,2214.090079345703,61.73727851053163,12.399999618530272,12.140000343322754,81.25,1
2023-08-30,2663.03466796875,-0.0036595299864247144,0.017560343712157422,0.10713357720243444,2500.925712890625,2217.7941387939454,57.970002958737,12.229999542236328,11.960000038146973,80.72000122070312,1
2023-08-31,2656.841552734375,-0.0023255856594232016,0.008921964931265292,0.09594526086048405,2507.757744140625,2221.304670410156,58.261240248285326,11.800000190734863,11.75,80.3499984741211,1
2023-09-01,2656.251708984375,-0.00022200938155036987,-0.005703583979336235,0.09766021969937655,2514.33595703125,2224.8671685791014,58.98557101543251,12.0600004196167,11.729999542236328,78.88999938964844,1
2023-09-04,2665.09912109375,0.0033307882982061,0.008537545419429415,0.06020191166141431,2520.667333984375,2228.4896990966795,57.49637104633134,11.369999885559082,11.699999809265137,79.05000305175781,1
2023-09-05,2686.578125,0.008059363997476865,0.035836053947849056,0.06095211668847367,2527.94732421875,2232.185362548828,56.306425519062444,10.960000038146973,12.079999923706056,79.83000183105469,1
2023-09-06,2684.12060546875,-0.0009147396490656323,0.013022318881095396,0.0783385938447112,2535.4114404296874,2235.7426245117185,63.16052091116685,10.81999969482422,12.399999618530272,80.0999984741211,1
2023-09-07,2798.103271484375,0.04246555306918465,0.04687466603043844,0.08787399186123235,2544.95109375,2239.894585571289,75.45758954802015,10.68000030517578,12.229999542236328,81.16000366210938,1
2023-09-08,2852.366943359375,0.01939301970302676,0.07109643658339593,0.1031557218467285,2554.9267431640624,2244.381043701172,77.42009641691439,10.869999885559082,11.800000190734863,81.62999725341797,1
2023-09-11,2845.09228515625,-0.0025503935319616255,0.07085508438699728,0.10476514244727686,2563.7052197265625,2248.7419494628907,75.20474831258097,10.779999732971191,12.0600004196167,83.62999725341797,0
2023-09-12,2894.145751953125,0.01724143257243438,0.08956005267276024,0.11048481891702822,2573.8827197265623,2253.371449584961,75.83254448026622,11.350000381469728,11.369999885559082,85.55000305175781,0
2023-09-13,2857.42919921875,-0.012686490550656182,0.07216620072504787,0.10244072630161183,2583.1742578125,2257.6851788330077,74.49020078117739,11.6899995803833,10.960000038146973,85.55000305175781,1
2023-09-14,2869.078125,0.0040767154561291985,0.06793027840945443,0.11305607606225676,2592.524794921875,2262.005881347656,84.30450241938377,11.829999923706056,10.81999969482422,86.69000244140625,1
2023-09-15,2859.19873046875,-0.003443403804575751,0.06522736893539283,0.11949115837102076,2601.33171875,2266.2689251708985,79.48815010892542,11.31999969482422,10.68000030517578,87.54000091552734,0
2023-09-18,2870.306884765625,0.0038850584880658623,0.025804484779772485,0.11151935769847876,2611.1238037109374,2270.655061645508,78.76565459295036,10.899999618530272,10.869999885559082,86.87000274658203,0
2023-09-20,2840.96337890625,-0.010223124926159621,-0.003997930378373593,0.09639973874663954,2620.5350830078123,2274.7763848876953,74.51903667379005,10.84000015258789,10.779999732971191,87.51000213623047,1
2023-09-21,2850.15478515625,0.0032353131751872155,0.0017793798909133685,0.10149309047253041,2629.4342578125,2278.8007867431643,76.42073722108958,11.130000114440918,11.350000381469728,87.29000091552734,1
2023-09-22,2868.97998046875,0.006604972968676126,-0.008695405705601345,0.10065620653782559,2639.090947265625,2283.0104370117188,77.69383475393747,10.81999969482422,11.6899995803833,88.83999633789062,1
2023-09-25,2853.25146484375,-0.005482267472089575,-0.0014620605039460388,0.09797620342775404,2648.526376953125,2287.140958251953,74.06331689295604,10.65999984741211,11.829999923706056,88.5199966430664,1
2023-09-26,2863.131103515625,0.003462589538148597,-0.002072798726725167,0.1038658792863878,2657.7297900390627,2291.2824847412107,73.2702591208439,10.899999618530272,11.31999969482422,90.16000366210938,1
2023-09-27,2914.739990234375,0.018025331307874648,0.019425463215884786,0.11472240004003709,2668.0324462890626,2295.5338287353516,76.90978859416974,11.1899995803833,10.899999618530272,90.7699966430664,1
2023-09-28,2958.92724609375,0.015159930562390178,0.030874873275218206,0.11852248079786531,2679.1041552734373,2299.7937347412108,72.4170389029132,11.59000015258789,10.84000015258789,91.4800033569336,1
2023-09-29,2972.24755859375,0.0045017370797422185,0.04621114818384009,0.13988689261614828,2690.0641748046874,2304.186577758789,68.86304145227798,12.81999969482422,11.130000114440918,90.27999877929688,1
2023-10-03,3021.104248046875,0.016437624555149855,0.059979010186021586,0.1632506606386106,2702.0878271484376,2308.7768072509766,74.4904676915175,11.449999809265137,10.81999969482422,89.62999725341797,0
2023-10-04,2976.376220703125,-0.014805191635696269,0.037433596945778636,0.1372898920859651,2711.3400390625,2313.098687133789,61.581023427765075,11.789999961853027,10.65999984741211,90.02999877929688,1
2023-10-05,3043.517333984375,0.022558006213807547,0.06668387679283794,0.15576011137946866,2721.56572265625,2317.6466815185545,74.13926225827231,11.65999984741211,10.899999618530272,89.68000030517578,0
2023-10-06,3041.207275390625,-0.0007590095078334747,0.062196303779572304,0.13839418307726858,2732.6073486328123,2322.2701165771487,72.88293253205534,10.9399995803833,11.1899995803833,90.38999938964844,0
2023-10-09,3022.529296875,-0.0061416328530997655,0.03698076226413516,0.14379771240087957,2741.6162548828124,2326.812555541992,71.21690141559758,10.300000190734863,11.59000015258789,93.68000030517578,1
2023-10-10,3023.8076171875,0.00042293066069598595,0.02192699099966111,0.16585813043681674,2750.3795458984373,2331.3176458740236,70.46256789785949,11.399999618530272,12.81999969482422,91.70999908447266,0
2023-10-11,3036.2919921875,0.004128693548173468,0.021547476221681627,0.14593641897426002,2759.5995556640623,2335.986000366211,77.26394776658533,11.270000457763672,11.449999809265137,90.79000091552734,0
2023-10-12,3029.4599609375,-0.002250123264685655,0.0027657810537411454,0.133433821824807,2768.0647509765627,2340.7025701904295,75.19333203439088,10.989999771118164,11.789999961853027,89.2300033569336,0
2023-10-13,3037.1767578125,0.0025472516469937645,0.020427705572453325,0.1404946373188336,2776.970048828125,2345.634380493164,74.39402136965192,10.619999885559082,11.65999984741211,84.22000122070312,0
2023-10-16,3049.26806640625,0.003981101383924379,0.0018895021091753783,0.14770414640195484,2786.40224609375,2350.856032714844,78.73193348401587,10.619999885559082,10.9399995803833,82.30999755859375,1
2023-10-17,3014.272216796875,-0.011476803235151323,-0.008856699381100341,0.13478410445875633,2795.60736328125,2355.765171508789,70.63478201742048,11.06999969482422,10.300000190734863,82.79000091552734,1
2023-10-18,2993.92333984375,-0.006750842488522424,-0.009464244750522655,0.1233816093920932,2803.8392822265623,2360.411947631836,61.81950434136788,10.699999809265137,11.399999618530272,86.37999725341797,1
2023-10-19,3002.573974609375,0.002889397550865924,-0.007022153941749432,0.1176201974805311,2812.067265625,2365.1165557861327,57.28824476650563,10.970000267028809,11.270000457763672,85.97000122070312,1
2023-10-20,2961.237548828125,-0.01376699662716141,-0.024719112507128105,0.10324310420134042,2819.5412646484374,2369.6640533447267,48.31881803927592,10.899999618530272,10.989999771118164,83.48999786376953,1
2023-10-23,2908.104736328125,-0.017942772784651062,-0.04005836887569236,0.039312868100609855,2825.5711865234375,2374.0678680419924,32.96787327119752,10.81999969482422,10.619999885559082,82.91000366210938,1
2023-10-25,2866.62060546875,-0.014265005775464079,-0.05615614959025028,0.004997134798017111,2830.9306787109376,2378.246525878906,33.293446018713354,10.90999984741211,10.619999885559082,87.69000244140625,1
2023-10-26,2815.99462890625,-0.01766050814883524,-0.07650145294537092,-0.010227315437819628,2835.3759521484376,2382.1744830322264,13.534004637618551,11.3100004196167,11.06999969482422,86.66000366210938,1
2023-10-27,2852.66162109375,0.013020973765756727,-0.053615129649723814,-0.014333808458464548,2840.1338330078124,2386.3751959228516,22.77889120974639,11.729999542236328,10.699999809265137,86.66000366210938,1
2023-10-30,2876.69677734375,0.00842551954717452,-0.03915483103388939,0.006742976564482417,2844.7599853515626,2390.614439086914,29.266286237920696,10.90999984741211,10.970000267028809,88.31999969482422,1
2023-10-31,2879.35107421875,0.0009226891398164128,-0.04103908893923447,0.0035805749342394666,2850.197138671875,2394.870841064453,29.541959289572887,11.489999771118164,10.899999618530272,89.37000274658203,1
2023-11-01,2846.173583984375,-0.01152255816647052,-0.03885671545982028,-0.004555523316925769,2855.1781640625,2398.7905322265624,24.566016167224618,11.829999923706056,10.81999969482422,88.75,1
2023-11-02,2868.586669921875,0.007874813420945204,-0.013588941936165222,-0.0005993139106066359,2860.20833984375,2402.8954296875,29.33971699917538,12.050000190734863,10.90999984741211,85.48999786376953,1
2023-11-03,2861.852783203125,-0.0023474579971235476,-0.0016632205379844,0.0073529298026071555,2864.77845703125,2406.8757775878908,27.42688768059226,11.079999923706056,11.3100004196167,85.38999938964844,1
2023-11-06,2924.963623046875,0.022052441066906736,0.038696449567785285,0.026247289543793517,2869.8479541015627,2411.004500732422,35.854126786116154,10.880000114440918,11.729999542236328,83.20999908447266,1
2023-11-07,2911.0537109375,-0.004755584650617095,0.020469336219891998,0.014665048468506914,2875.21826171875,2415.0945349121093,37.66156902824237,11.109999656677246,10.90999984741211,85.54000091552734,1
2023-11-08,2945.607177734375,0.011869745538204857,0.023954697253234514,0.03236858511371432,2882.25775390625,2419.436065673828,44.414124176737936,11.1899995803833,11.489999771118164,82.30999755859375,1
2023-11-09,2973.525390625,0.009477914469266935,0.03270678495910828,0.03855718900675642,2888.7359326171877,2423.548322753906,46.78490190388023,11.039999961853027,11.829999923706056,81.0199966430664,1
2023-11-10,2981.782958984375,0.002777029712075052,0.0476462067398431,0.023001354829117693,2894.9152734375,2427.4423510742185,52.45362962479182,10.979999542236328,12.050000190734863,80.44000244140625,1
2023-11-13,2996.774169921875,0.005027599642130287,0.044686640060100036,0.012790758501443067,2901.5900634765626,2431.379260253906,61.65071279175702,11.109999656677246,11.079999923706056,82.45999908447266,1
2023-11-15,3012.945068359375,0.005396101781643958,0.0527952681713908,0.013692503387867205,2908.7121337890626,2435.50953125,70.59637368838133,11.1899995803833,10.880000114440918,80.51000213623047,1
2023-11-16,2999.379150390625,-0.004502544075965176,0.02544152233463781,-0.00719111155144514,2915.5746826171876,2439.6519177246096,78.8196402796546,11.140000343322754,11.109999656677246,80.81999969482422,1
2023-11-17,3056.24755859375,0.018960059849625566,0.04987673264520098,0.026835094748793642,2923.3976513671873,2444.2050012207033,80.08418932062654,11.649999618530272,11.1899995803833,77.37000274658203,1
2023-11-20,3036.390380859375,-0.006497241258660247,0.030819860778186436,-0.002341683106391157,2930.393896484375,2448.818203125,73.89318174678608,11.829999923706056,11.039999961853027,75.33000183105469,1
2023-11-21,3022.67724609375,-0.0045162620893772765,0.016529825379570262,-0.006092984666589363,2937.165029296875,2453.4350073242185,70.75739618190407,12.149999618530272,10.979999542236328,75.73999786376953,1
2023-11-22,3030.000732421875,0.002422847605575207,0.016170785768365725,0.00247191501323063,2941.802978515625,2458.3166015625,78.77810137516148,12.229999542236328,11.109999656677246,77.16999816894531,1
2023-11-23,2993.972412109375,-0.011890531882380984,-0.0009349245734365796,-0.009866766955853867,2944.635087890625,2462.9621655273436,68.82654998834292,11.869999885559082,11.1899995803833,78.26000213623047,1
2023-11-24,3002.426513671875,0.0028237072353460846,-0.0034911206307612908,-0.011153564480215428,2947.7817724609376,2467.5472131347656,70.99853831880405,11.31999969482422,11.140000343322754,76.66000366210938,1
2023-11-28,2998.248779296875,-0.0013914526653612258,-0.00037686835744088487,-0.01030255624536014,2949.8638330078124,2472.11453125,63.28642728529771,11.329999923706056,11.649999618530272,72.9000015258789,1
2023-11-29,3031.426025390625,0.011065541432999648,-0.00812157154394455,-0.0018934467370338437,2953.34376953125,2476.74251953125,70.398153825277,12.18000030517578,11.829999923706056,75.88999938964844,1
2023-11-30,3056.444091796875,0.008252903483939145,0.00660445740571225,0.002353359965193924,2957.0910888671874,2481.5463830566405,69.40955762140273,12.710000038146973,12.149999618530272,77.5999984741211,1
2023-12-01,3136.511962890625,0.026196412788521917,0.037660228839842214,0.040553651860829154,2962.637353515625,2486.7058752441408,74.13392080549433,12.6899995803833,12.229999542236328,77.7699966430664,1
2023-12-04,3257.326904296875,0.03851888430066963,0.07502512109734649,0.08797939511265906,2970.37775390625,2492.6368627929687,80.60045463024419,12.380000114440918,11.869999885559082,77.0999984741211,1
2023-12-05,3259.194580078125,0.0005733768320232979,0.08858537470019323,0.08546687197011882,2978.7423779296873,2498.4967602539064,80.01800733027923,12.989999771118164,11.31999969482422,77.0999984741211,1
2023-12-06,3334.74072265625,0.023179390098370334,0.11068187929701057,0.1261307705543362,2988.4340966796876,2504.654443359375,82.40770108719438,13.460000038146973,11.329999923706056,75.54000091552734,1
2023-12-07,3298.66357421875,-0.010818576746429387,0.10019675385053461,0.13430012785019496,2997.0277685546876,2510.44001953125,78.83327084673031,13.739999771118164,12.18000030517578,76.41000366210938,1
2023-12-08,3321.125732421875,0.006809472290136398,0.09556548786108676,0.1585508476727091,3006.38525390625,2516.3945239257814,77.33040248158436,12.670000076293944,12.710000038146973,77.86000061035156,1
2023-12-11,3328.35107421875,0.0021755700864736216,0.08896187015219437,0.18194510744202042,3015.6896533203126,2522.4658276367186,80.93109536340457,12.470000267028809,12.6899995803833,75.95999908447266,1
2023-12-12,3285.687255859375,-0.012818304742503561,0.04756088761455546,0.15179705562119805,3023.1085986328126,2528.308017578125,76.25353182210095,12.760000228881836,12.380000114440918,74.06999969482422,1
2023-12-13,3342.113525390625,0.01717335374224227,0.026029509344580815,0.16178860132649286,3030.77232421875,2534.1988220214844,78.37353761583219,12.710000038146973,12.989999771118164,73.04000091552734,1
2023-12-14,3374.8486328125,0.009794732337241374,0.035485470380109296,0.17208653818923159,3038.824345703125,2540.257434082031,84.83324766817351,12.06999969482422,13.460000038146973,72.31999969482422,1
2023-12-15,3428.81689453125,0.015991313267811558,0.028210940429594933,0.20471109486274885,3046.9785986328125,2546.566689453125,85.99884984736774,12.31999969482422,13.739999771118164,69.37999725341797,0
2023-12-18,3432.35595703125,0.0010321526663159553,0.040529256713959905,0.1965320737981151,3056.098193359375,2553.0622790527345,86.68992290610277,13.130000114440918,12.670000076293944,69.33999633789062,0
2023-12-19,3439.5810546875,0.0021049966106951867,0.03566722003603373,0.20187211406372674,3064.0194677734376,2559.7670043945313,86.0792395188465,13.899999618530272,12.470000267028809,71.2300033569336,0
2023-12-20,3360.49609375,-0.022992614414398593,0.00965794136929965,0.14890184181143407,3070.405244140625,2566.1982885742186,74.53204045058379,13.869999885559082,12.760000228881836,71.31999969482422,0
2023-12-21,3366.05029296875,0.0016527914521549114,0.02445851684942424,0.15629961766824252,3077.2756640625,2572.756241455078,71.05121626940857,14.449999809265137,12.710000038146973,68.61000061035156,1
2023-12-22,3418.937255859375,0.015711875428926048,0.022986571187695093,0.1606901564142249,3085.1782568359376,2579.6007421875,66.93098145857567,13.760000228881836,12.06999969482422,69.47000122070312,0
2023-12-26,3430.83203125,0.0034790856048148022,0.016588417593960347,0.15379274784967611,3093.0690576171874,2586.4748278808593,67.61145266609117,13.710000038146973,12.31999969482422,71.58000183105469,0
2023-12-27,3483.86669921875,0.015458252542147166,0.016055043585238016,0.1683837311906129,3102.1571923828124,2593.5834692382814,66.04271614146964,14.68000030517578,13.130000114440918,71.43000030517578,0
2023-12-28,3458.357177734375,-0.007322186434428057,0.00757532756760293,0.15402662384284138,3110.58080078125,2600.41658203125,67.57926195076985,15.5600004196167,13.899999618530272,72.47000122070312,0
2023-12-29,3466.172119140625,0.0022597265130865907,0.00773090211579297,0.15042658943265885,3118.9188818359376,2607.341740722656,66.49893082284984,15.140000343322754,13.869999885559082,73.44000244140625,0
2024-01-01,3465.63134765625,-0.0001560140309792013,0.03128563491021019,0.1554495693566793,3127.946064453125,2614.1201013183595,65.85667796533696,14.5,14.449999809265137,74.22000122070312,0
2024-01-02,3379.763671875,-0.024776921480503367,0.004074026741339942,0.10585402755466156,3135.66287109375,2620.360262451172,59.880268692888784,14.5,13.760000228881836,73.88999938964844,0
2024-01-03,3381.975341796875,0.0006543859679537523,-0.010810936643880997,0.11381440381183494,3143.2508984375,2626.7832775878906,54.724445447548284,14.579999923706056,13.710000038146973,73.55999755859375,0
2024-01-04,3400.013916015625,0.005333739130447324,-0.008982694271729375,0.12483525007822549,3152.02642578125,2633.413122558594,53.090258686284045,14.100000381469728,14.68000030517578,75.56999969482422,0
2024-01-05,3462.1416015625,0.018272773900784633,-0.0062359153009848844,0.14262071441653257,3163.1071630859374,2640.303306884766,54.011829338688,13.329999923706056,15.5600004196167,74.11000061035156,0
2024-01-08,3441.694580078125,-0.005905888273069815,-0.004818067307659102,0.14954118019187468,3174.608642578125,2646.9335522460938,51.08026269042487,12.630000114440918,15.140000343322754,71.7699966430664,0
2024-01-09,3495.61376953125,0.015666465515339567,0.00849399550242902,0.16426288990374727,3188.201025390625,2653.8482165527344,55.84974930009972,13.460000038146973,14.5,71.6500015258789,0
2024-01-10,3485.34130859375,-0.002938671608127219,0.005687264154864424,0.16245901029303655,3200.854619140625,2660.6038732910156,65.2205670499544,13.260000228881836,14.5,71.6500015258789,0
2024-01-11,3445.380859375,-0.011465290105224457,0.019414726552048345,0.13655448970787054,3212.22830078125,2667.248176269531,58.92304397016663,12.970000267028809,14.579999923706056,70.37999725341797,0
2024-01-12,3508.245849609375,0.01824616575067961,0.03733631829066253,0.1478194085162825,3224.8061962890624,2674.0566345214843,59.82483280960439,12.770000457763672,14.100000381469728,72.69999694824219,0
2024-01-15,3482.932861328125,-0.007215283468251954,0.024387825273865404,0.11044781672639847,3237.5413818359375,2680.711799316406,55.567248648786844,13.100000381469728,13.329999923706056,72.19000244140625,0
2024-01-16,3512.865966796875,0.008594224080832769,0.01465115268869499,0.0784505424257258,3250.4269677734374,2687.5521069335937,53.259655529924196,13.789999961853027,12.630000114440918,73.80999755859375,0
2024-01-17,3510.359375,-0.0007135460961411599,0.019950868191307203,0.07706345501956946,3263.397099609375,2694.5767053222658,56.1640545281858,13.56999969482422,13.460000038146973,70.7699966430664,1
2024-01-18,3534.984375,0.007014951282587667,0.011262859132755265,0.06004774253761114,3275.5975146484375,2701.7834765625,57.844030544004546,15.079999923706056,13.260000228881836,72.23999786376953,1
2024-01-19,3584.135986328125,0.013904336232921866,0.02834576845911152,0.08654183904673762,3289.05916015625,2709.335146484375,62.16083229653696,14.06999969482422,12.970000267028809,71.37000274658203,0
2024-01-23,3490.747802734375,-0.026055982236718678,0.013167468332544452,0.05107366717754647,3299.96197265625,2716.352567138672,61.21596715576094,13.880000114440918,12.770000457763672,72.0199966430664,1
2024-01-24,3528.2998046875,0.010757580918251852,0.005716234248622554,0.060074411025190066,3311.0574609375,2723.4763452148436,63.80159435247911,14.850000381469728,13.100000381469728,72.68000030517578,1
2024-01-25,3532.4775390625,0.0011840644520768606,0.01422498787860138,0.07511070408877885,3322.0713525390624,2730.5920959472655,62.82967961920345,14.380000114440918,13.789999961853027,72.68000030517578,1
2024-01-29,3645.083740234375,0.031877400472236195,0.03763814921696529,0.09065228112152135,3335.0375439453123,2737.8451513671876,66.14050467954034,13.869999885559082,13.56999969482422,72.4000015258789,0
2024-01-30,3571.651611328125,-0.02014552590265828,0.01746038789208737,0.058314609017476204,3346.2116748046874,2744.6508605957033,60.48543475126286,15.68000030517578,15.079999923706056,72.55999755859375,0
2024-01-31,3420.706787109375,-0.04226191147535263,-0.032327607640592504,-0.002365278657723069,3354.6382275390624,2750.529562988281,44.77438065427925,16.100000381469727,14.06999969482422,74.08000183105469,1
2024-02-01,3340.343994140625,-0.02349303754171217,-0.06801973840207443,-0.026807232129329894,3360.32015625,2756.046302490234,40.7858486183947,16.049999237060547,13.880000114440918,73.41000366210938,1
2024-02-02,3318.766357421875,-0.006459704975475544,-0.04926779447595253,-0.035124829258196266,3365.96767578125,2761.5183312988283,41.76154316121966,14.460000038146973,14.850000381469728,74.37000274658203,1
2024-02-05,3285.04833984375,-0.010159804561933106,-0.06894296922290444,-0.022451373785725037,3371.21509765625,2766.9663500976562,34.90457962958621,14.699999809265137,14.380000114440918,75.08999633789062,1
2024-02-06,3366.1484375,0.024687642088124573,-0.04708567845746103,2.9157179099570385e-05,3377.9380517578124,2773.0373498535155,42.655769106171384,15.619999885559082,13.869999885559082,77.36000061035156,1
2024-02-07,3337.099853515625,-0.008629620625390189,-0.08449295233446319,-0.02393650313514739,3384.8006005859374,2778.950469970703,38.93427252561322,15.789999961853027,15.68000030517578,76.77999877929688,1
2024-02-08,3278.904541015625,-0.017438888572270717,-0.08196406093584296,-0.04428298699864397,3390.3301611328125,2784.558034667969,36.38308941202359,15.510000228881836,16.100000381469727,77.81999969482422,1
2024-02-09,3268.140380859375,-0.003282852556883431,-0.044600842967579934,-0.06192151910053023,3395.7279931640624,2790.04787109375,34.04079916246512,15.829999923706056,16.049999237060547,75.8499984741211,1
2024-02-12,3243.564453125,-0.007519850701123376,-0.028972926496608764,-0.062108311423775264,3399.97076171875,2795.500118408203,29.01446682630933,15.449999809265137,14.460000038146973,73.81999969482422,1
2024-02-13,3265.14208984375,0.006652445798621676,-0.016157891759449483,-0.05799770536112814,3404.1447216796873,2800.993674316406,34.74880815121254,16.059999465942383,14.699999809265137,72.27999877929688,1
2024-02-14,3252.85400390625,-0.003763415373475576,-0.00980026246403154,-0.06139641594998202,3406.4715625,2806.3332080078126,30.72104566693187,15.8100004196167,15.619999885559082,72.77999877929688,1
2024-02-15,3244.3017578125,-0.0026291515338469074,-0.03619765496081162,-0.040080291764112985,3406.2110595703125,2811.4929333496093,29.95281208325889,15.4399995803833,15.789999961853027,73.30999755859375,1
2024-02-16,3329.28466796875,0.026194514721574746,-0.002341909409345866,-0.015579851566904113,3407.612861328125,2816.934449462891,27.153106033603578,15.229999542236328,15.510000228881836,73.86000061035156,1
2024-02-19,3283.1806640625,-0.013848020972739072,0.0013041316065731667,-0.03436258051850516,3406.58166015625,2821.8596875,28.270991171774696,15.220000267028809,15.829999923706056,76.22000122070312,1
2024-02-20,3299.7939453125,0.0050601179008660235,0.009685497183202774,-0.04689226349861908,3406.604267578125,2826.7705505371096,38.581509136240584,15.220000267028809,15.449999809265137,76.83999633789062,1
2024-02-21,3240.4677734375,-0.017978750448728875,-0.0009547150156108408,-0.05846736308486078,3404.9911083984375,2831.5215869140625,40.17786271821676,16.06999969482422,16.059999465942383,76.91999816894531,1
2024-02-22,3306.675048828125,0.020431394483640286,0.012720107683388049,-0.05405022784552682,3404.557587890625,2836.600745849609,48.90685946458495,15.93000030517578,15.8100004196167,77.87000274658203,1
2024-02-23,3330.46435546875,0.0071943285292142,0.023859156134674375,-0.04443666757775555,3405.4531298828124,2841.6987365722657,54.180991081703105,15.199999809265137,15.4399995803833,76.63999938964844,1
2024-02-26,3411.26953125,0.024262435251278136,0.051464933258883905,-0.009900597210372841,3406.83625,2847.2595568847655,54.156097420564244,14.970000267028809,15.229999542236328,78.02999877929688,1
2024-02-27,3446.95361328125,0.010460645722759399,0.03534361193099533,-0.017470906816564602,3408.278349609375,2852.9553015136717,59.99641875028603,15.600000381469728,15.220000267028809,79.19000244140625,1
2024-02-28,3411.318603515625,-0.010338117005207703,0.03902859835150574,-0.02056148098852295,3407.9283837890625,2858.520985107422,62.565262597974986,15.729999542236328,15.220000267028809,79.19000244140625,1
2024-02-29,3418.544189453125,0.002118121107202775,0.03598716953502956,-0.026850377508070733,3407.6521484375,2864.717158203125,64.36887452127387,16.329999923706055,16.06999969482422,78.18000030517578,1
2024-03-01,3571.847900390625,0.0448447357826971,0.10226305278191239,0.017516304976787467,3410.2974853515625,2871.7821496582033,75.17146334733444,15.56999969482422,15.93000030517578,77.91000366210938,0
2024-03-04,3582.6123046875,0.003013679360674315,0.08344855535688822,0.013473306989510991,3414.7398095703124,2878.7758215332033,74.75280657619024,15.239999771118164,15.199999809265137,78.61000061035156,0
2024-03-05,3551.302734375,-0.008739313006750571,0.06630858503068038,-0.009160716021481607,3418.4448583984376,2885.7084423828123,72.59938623086593,14.920000076293944,14.970000267028809,76.48999786376953,0
2024-03-06,3580.400390625,0.008193516133769174,0.04958003400951583,0.025682917517100057,3421.67412109375,2892.823486328125,74.68234917816343,14.380000114440918,15.600000381469728,77.58000183105469,0
2024-03-07,3614.560546875,0.00954087602588971,0.04862465597098664,0.02444824617026553,3425.34869140625,2900.2619311523435,72.64003031871854,14.300000190734863,15.729999542236328,78.87000274658203,0
2024-03-11,3578.827880859375,-0.009885756664532286,0.04910396735476974,0.013121199295488273,3427.2479150390627,2907.5127221679686,73.85582854596524,13.609999656677246,16.329999923706055,78.54000091552734,0
2024-03-12,3560.198974609375,-0.005205309355510779,0.04143716661416352,-0.023287466536925705,3429.2847509765625,2914.541337890625,70.94400278986583,14.0,15.56999969482422,78.26000213623047,1
2024-03-13,3478.50927734375,-0.022945261725038302,-0.02613174626967385,-0.026078224899919622,3429.531494140625,2921.2536010742188,68.48053040986215,13.640000343322754,15.239999771118164,79.97000122070312,1
2024-03-14,3546.977294921875,0.019683149337583083,-0.009946655327175646,0.03691357244892757,3431.1584130859374,2928.368952636719,68.5907858054865,14.43000030517578,14.920000076293944,78.73999786376953,0
2024-03-15,3477.1328125,-0.019691268540644402,-0.02088527152502906,0.040950518449393014,3433.1057958984375,2935.0400708007815,60.592088049418486,13.619999885559082,14.380000114440918,78.1500015258789,0
2024-03-18,3500.774658203125,0.006799235743349952,-0.022239337430073114,0.05484215554198868,3435.4817822265627,2941.7625756835937,57.04558636379535,13.6899995803833,14.300000190734863,79.12999725341797,0
2024-03-19,3442.284423828125,-0.016707797583584538,-0.047661706260756276,0.047864161411960815,3436.3271923828124,2948.1629833984375,49.64519402553118,13.899999618530272,13.609999656677246,78.93000030517578,0
2024-03-20,3450.148681640625,0.0022846043046478304,-0.03595568255935533,0.024954408785077486,3436.087333984375,2954.669534912109,53.08067061648277,14.109999656677246,14.0,77.93000030517578,0
2024-03-21,3499.59521484375,0.014331710823433763,-0.017022576602554795,0.048693586785225174,3437.2453466796874,2961.448348388672,56.02661706706149,13.470000267028809,13.640000343322754,77.55999755859375,0
2024-03-22,3556.41455078125,0.016235973719616936,0.02239616664095534,0.08463497680224252,3438.4613623046876,2968.500810546875,48.66020126970913,12.510000228881836,14.43000030517578,79.72000122070312,0
2024-03-26,3607.8271484375,0.014456300558368884,0.017155411060212344,0.10393885451420015,3440.9110791015623,2975.680333251953,52.044648082172365,12.220000267028809,13.619999885559082,81.26000213623047,0
2024-03-27,3643.51123046875,0.009890740482593419,0.04784931348340615,0.1233047109510721,3444.8736865234373,2982.8742553710936,57.424428040334405,12.81999969482422,13.6899995803833,81.04000091552734,0
2024-03-28,3700.035400390625,0.015513653271929995,0.0569190426811923,0.13319276729169438,3448.7094775390624,2990.3039013671873,59.225302395632326,12.699999809265137,13.899999618530272,82.72000122070312,0
2024-04-01,3772.878173828125,0.019687047704951555,0.09603905700283488,0.1598670488430758,3454.5083837890625,2997.915272216797,61.520886580376995,12.829999923706056,14.109999656677246,83.47000122070312,0
2024-04-02,3742.79736328125,-0.007972907992508493,0.08482204932149884,0.15365266324821314,3459.10701171875,3005.2557153320313,62.03114179041112,12.079999923706056,13.470000267028809,81.68000030517578,0
2024-04-03,3718.270751953125,-0.006553016085974472,0.06248595157001269,0.11683773626413929,3463.2652392578125,3012.3632067871094,61.49888147944501,11.649999618530272,12.510000228881836,81.06999969482422,0
2024-04-04,3733.409423828125,0.004071428060220761,0.04976778452556774,0.1371318869819751,3467.233740234375,3019.658410644531,70.53048825810653,11.369999885559082,12.220000267028809,80.62999725341797,0
2024-04-05,3679.58837890625,-0.014416057499176849,0.01989042920191686,0.11509640901464913,3469.1427880859374,3026.6142846679686,60.939027420925036,11.220000267028809,12.81999969482422,81.62000274658203,0
2024-04-08,3743.239990234375,0.017298568419504834,0.02737160762169366,0.15515420980827477,3474.1926318359374,3033.8852575683595,72.17764661693606,11.34000015258789,12.699999809265137,81.3499984741211,0
2024-04-09,3721.0234375,-0.005935113108519685,0.005672388190437028,0.1253066547372772,3478.0471044921874,3041.014774169922,68.39947216743795,11.609999656677246,12.829999923706056,83.16999816894531,0
2024-04-10,3689.516845703125,-0.008467184452362053,-0.022094889971074227,0.10780853716233207,3481.187890625,3047.9600268554686,71.62878415726546,11.359999656677246,12.079999923706056,83.70999908447266,0
2024-04-12,3616.82177734375,-0.019703140383824813,-0.03365813687200503,0.06025681764830493,3480.6226513671877,3054.543992919922,63.09568522767774,11.109999656677246,11.649999618530272,85.1500015258789,0
2024-04-15,3539.702880859375,-0.021322282719999586,-0.04802444012447249,0.02690760537674719,3479.9836767578126,3060.666307373047,53.01997902131069,11.529999732971191,11.369999885559082,85.43000030517578,1
2024-04-16,3483.325927734375,-0.0159270297599986,-0.06698528548666971,0.021108355034484605,3481.2360595703126,3066.4462316894533,44.49299158858184,12.470000267028809,11.220000267028809,86.58999633789062,1
2024-04-18,3490.69873046875,0.0021165985863316195,-0.051334450755507355,0.021106803661697704,3484.243154296875,3072.1570739746094,40.54740032722493,12.619999885559082,11.34000015258789,86.91000366210938,1
2024-04-19,3458.65185546875,-0.009180647622287541,-0.07602722120624872,-0.03169117165081292,3487.0408642578127,3077.8374401855467,34.99321786930902,13.039999961853027,11.609999656677246,86.43000030517578,0
2024-04-22,3551.40087890625,0.026816524852262047,-0.045584920773224735,-0.008711918322954704,3492.3679150390626,3084.039870605469,38.60416901425324,13.460000038146973,11.359999656677246,85.2300033569336,0
2024-04-23,3548.89404296875,-0.0007058724213280243,-0.03811415115183625,-0.0006782557237193787,3496.0228271484375,3090.1787377929686,30.75103846397552,12.699999809265137,11.109999656677246,86.20999908447266,0
2024-04-24,3573.175048828125,0.006841851451576009,-0.012067702309534245,-0.0020180262005875527,3500.7443310546873,3096.276690673828,35.27605918796472,10.199999809265137,11.529999732971191,85.66000366210938,0
2024-04-25,3590.3291015625,0.004800787115089911,0.01430239271688083,-0.006703842693532858,3506.972822265625,3102.1974938964845,38.750127193251735,10.279999732971191,12.470000267028809,85.41000366210938,0
2024-04-26,3544.0283203125,-0.012895971355341818,0.017426561234138438,-0.009723731262124446,3512.4905810546875,3107.991281738281,34.212928911218086,10.729999542236328,12.619999885559082,85.36000061035156,0
2024-04-29,3572.634521484375,0.008071662691835568,0.023472604582126744,0.0034929359183819564,3519.071982421875,3113.890192871094,40.69291899317313,10.93000030517578,13.039999961853027,82.7300033569336,0
2024-04-30,3533.313232421875,-0.011006244502771767,0.02158684368161312,0.015755011905552285,3524.4354052734375,3119.549002685547,30.924521571223465,12.239999771118164,13.460000038146973,83.13999938964844,1
2024-05-02,3538.425048828125,0.0014467487227975973,-0.0036537215934128175,-0.0024111364078913677,3530.146826171875,3125.146865234375,32.87545649162574,12.869999885559082,12.699999809265137,82.8499984741211,1
2024-05-03,3440.416748046875,-0.027698283679545188,-0.030566507088819916,-0.010559293082258447,3534.0691259765626,3130.445435791016,29.22953904581368,13.449999809265137,10.199999809265137,83.36000061035156,1
2024-05-06,3404.5361328125,-0.010429147938180616,-0.04719581708456533,-0.02749063701232979,3535.5741552734376,3135.6161193847656,31.141411328487266,14.619999885559082,10.279999732971191,82.80999755859375,1
2024-05-07,3369.58935546875,-0.010264769114046723,-0.06148175831504832,-0.021118263167379858,3537.3023291015625,3140.4380859375,33.663769314702876,16.600000381469727,10.729999542236328,83.56999969482422,1
2024-05-08,3427.6865234375,0.01724161666004198,-0.03282755846170593,-0.006510489916754514,3539.8601806640627,3145.645791015625,44.67446813383104,17.010000228881836,10.93000030517578,83.8499984741211,1
2024-05-09,3219.873291015625,-0.06062784067355931,-0.0987398034552337,-0.0799297937777681,3539.448291015625,3149.8377575683594,31.266155456486942,17.079999923706055,12.239999771118164,82.62999725341797,1
2024-05-10,3215.941162109375,-0.001221206100631922,-0.08982279504694812,-0.09573501171202947,3537.63361328125,3153.9026611328127,32.531490629686076,18.200000762939453,12.869999885559082,81.93000030517578,1
2024-05-13,3237.961181640625,0.006847146269556292,-0.08491457726001839,-0.10251765164444171,3535.7835498046875,3158.0944311523435,24.883843677750775,18.46999931335449,13.449999809265137,78.94999694824219,1
2024-05-14,3322.108642578125,0.025987791766812984,-0.03438772513123989,-0.08821232255383371,3534.00033203125,3162.6782653808596,33.93008082767315,20.600000381469727,14.619999885559082,78.11000061035156,1
2024-05-15,3353.418212890625,0.009424607585440725,-0.015014650433345933,-0.09367942465183077,3532.1296240234374,3167.324123535156,34.58170093168509,20.200000762939453,16.600000381469727,78.4800033569336,1
2024-05-16,3401.8818359375,0.01445200686886583,0.009583506196783276,-0.09833244562842491,3531.940888671875,3172.2339245605467,37.33483501222083,20.270000457763672,17.010000228881836,78.37999725341797,1
2024-05-17,3392.198974609375,-0.0028463250033657905,-0.010353207210015203,-0.09367282132648269,3531.413984375,3176.626091308594,39.267599936353854,20.0,17.079999923706055,78.98999786376953,1
2024-05-21,3382.565185546875,-0.0028399834840494576,0.05052742136940824,-0.09028540114511874,3527.628330078125,3180.8777514648436,36.19421909391472,19.799999237060547,18.200000762939453,79.26000213623047,1
2024-05-22,3402.127685546875,0.005783332745097569,0.05789487868471377,-0.08873437136759665,3524.0186376953125,3185.4427600097656,40.18967905803859,21.809999465942383,18.46999931335449,78.26000213623047,1
2024-05-23,3524.56396484375,0.03598814936224071,0.08851334748179651,-0.04213091196591412,3523.4838623046876,3190.2051599121096,49.11817797474953,21.46999931335449,20.600000381469727,79.12000274658203,1
2024-05-24,3564.376953125,0.011295862035239024,0.07292606492208598,-0.04778294674560146,3523.1633935546874,3195.098829345703,58.51680360330499,21.3799991607666,20.200000762939453,78.0199966430664,1
2024-05-27,3590.033935546875,0.007198167522484145,0.07055956270133357,-0.035202546867356355,3522.672861328125,3200.1725415039064,62.92639904890976,21.709999084472656,20.270000457763672,78.62999725341797,1
2024-05-28,3596.12890625,0.0016977473785904085,0.05709988755649098,-0.025311698891383627,3523.0188818359375,3205.122185058594,66.44776631595815,23.190000534057617,20.0,79.2300033569336,1
2024-05-29,3573.1259765625,-0.006396580958908715,0.05333619970625669,-0.012081270096018115,3523.277421875,3210.0282556152342,61.126551165101496,24.200000762939453,19.799999237060547,80.05999755859375,1
2024-05-30,3573.027587890625,-2.7535741118689394e-05,0.05630709000304357,0.009414549229951108,3525.1677880859374,3215.0051025390626,89.60420978852493,24.18000030517578,21.809999465942383,79.26000213623047,1
2024-05-31,3607.040771484375,0.009519429323474604,0.06023086282388057,0.035516298594104434,3526.3690576171875,3220.270224609375,91.08745521772497,24.18000030517578,21.46999931335449,77.56999969482422,1
2024-06-03,3831.0244140625,0.06209623255407526,0.08694989005039555,0.09749500311304415,3533.4468896484377,3226.5137097167967,93.74273186455022,24.600000381469727,21.3799991607666,76.87000274658203,0
2024-06-04,3345.45556640625,-0.12674647696680752,-0.061419257726603504,-0.032728442697554594,3530.3405078125,3230.2851135253904,51.0815565257458,20.940000534057617,21.709999084472656,77.72000122070312,1
2024-06-05,3351.157470703125,0.0017043730468673246,-0.06653877627130611,-0.05638434382118962,3528.51796875,3234.103212890625,49.89272494397601,26.75,23.190000534057617,77.72000122070312,1
2024-06-06,3423.45947265625,0.021575232612973894,-0.048015362656676164,-0.03534469296456377,3527.9841845703127,3238.1874670410157,51.00123480565971,18.88999938964844,24.200000762939453,79.83000183105469,1
2024-06-07,3472.561767578125,0.014342887746755295,-0.02814460213382175,-0.02815794912790448,3527.443515625,3242.5570458984375,53.597354556566046,16.799999237060547,24.18000030517578,79.2300033569336,1
2024-06-10,3483.620849609375,0.0031847041957624445,-0.025022683447577965,-0.02972102248417452,3525.9876416015627,3247.0064953613282,54.51788384505397,16.8799991607666,24.18000030517578,77.91000366210938,1
2024-06-11,3537.638427734375,0.015506158809176052,-0.019240798246214275,-0.0018030026852499104,3524.5838671875,3251.620849609375,55.8772006730935,16.399999618530273,24.600000381469727,76.98999786376953,1
2024-06-12,3568.702392578125,0.008780989204610234,-0.06847307485733378,-0.0011006244502771434,3523.0876904296874,3256.2374157714844,52.079100845320774,14.770000457763672,20.940000534057617,74.22000122070312,1
2024-06-13,3640.8076171875,0.02020488588774816,0.08828455345426178,0.030423112159785548,3521.903134765625,3261.4039868164064,53.49390614376599,14.390000343322754,26.75,73.25,1
2024-06-14,3625.226806640625,-0.00427949295461838,0.08178348476116115,0.024531184528339134,3518.950107421875,3266.544509277344,51.623744540771476,13.489999771118164,18.88999938964844,74.06999969482422,1
2024-06-18,3626.602783203125,0.0003795559935668713,0.05933860534042101,0.05411729124442499,3516.6262158203126,3271.5921337890627,51.412166802240534,12.81999969482422,16.799999237060547,75.55000305175781,1
2024-06-19,3529.037109375,-0.026902773659141177,0.016263308063851234,0.03656914531250677,3512.84154296875,3276.070584716797,48.08897300129908,12.970000267028809,16.8799991607666,75.52999877929688,1
2024-06-20,3561.236572265625,0.00912414970221942,0.022280186623912623,0.056875540779423694,3509.3980859375,3280.519323730469,49.50275719774812,13.710000038146973,16.399999618530273,77.73999786376953,1
2024-06-21,3502.336181640625,-0.016539308588400803,-0.009979043029662793,0.021778437932609362,3505.8530419921876,3284.8183129882814,45.675247130176,13.350000381469728,14.770000457763672,77.9000015258789,0
2024-06-24,3498.967529296875,-0.0009618300954113979,-0.019540677705789822,0.08667864013779769,3500.9675927734374,3289.344987792969,33.22795713298143,13.18000030517578,14.390000343322754,78.5,1
2024-06-25,3554.648193359375,0.015913455496881612,-0.02366492077784721,0.10532127740416675,3497.640087890625,3293.870146484375,68.67712329059745,14.0600004196167,13.489999771118164,78.62000274658203,1
2024-06-26,3569.658203125,0.00422264284653151,-0.01532831088356612,0.10244008586795639,3495.2429150390626,3298.354357910156,69.18922650808346,14.3100004196167,12.81999969482422,78.44999694824219,0
2024-06-27,3531.46435546875,-0.01069958115956704,-0.02623348445410556,0.06301892424811073,3493.5357666015625,3302.6965063476564,60.089696735265086,14.050000190734863,12.970000267028809,81.56999969482422,1
2024-06-28,3515.66162109375,-0.004474838985852436,-0.0037901240102342637,0.04838150147197773,3493.05494140625,3306.990606689453,54.293463483538204,14.149999618530272,13.710000038146973,81.56999969482422,1
2024-07-01,3493.964111328125,-0.006171671822862934,-0.018890197147083065,0.027068040523297254,3493.267705078125,3311.179168701172,51.008975658456286,13.800000190734863,13.350000381469728,82.16999816894531,1
2024-07-02,3592.990478515625,0.028342124885151865,0.025883950647060505,0.05919213625414521,3495.3135400390624,3315.818625488281,54.963674768325944,13.829999923706056,13.18000030517578,80.7300033569336,0
2024-07-03,3580.952880859375,-0.003350300460919442,0.023431298197549966,0.05865007307477077,3497.759560546875,3320.290499267578,51.13736921319382,13.640000343322754,14.0600004196167,81.62999725341797,0
2024-07-04,3540.2822265625,-0.011357494960144376,-0.0040414595243807305,0.040608276286202116,3497.5371875,3324.5713073730467,40.08841070634204,13.210000038146973,14.3100004196167,80.83000183105469,0
2024-07-05,3593.634521484375,0.01507006829048163,0.006716698629125162,0.019596908250092415,3498.4319970703127,3328.548963623047,47.10099666821397,12.859999656677246,14.050000190734863,80.9000015258789,0
2024-07-08,3598.439697265625,0.0013371353576783207,0.0189653172325408,0.009556437096464032,3498.9372900390626,3332.279327392578,47.431833017050764,12.699999809265137,14.149999618530272,81.73999786376953,0
2024-07-09,3632.224853515625,0.009388834909661803,0.03315541851994608,0.011752233746593621,3499.775205078125,3336.214990234375,60.648219296526264,13.600000381469728,13.800000190734863,81.54000091552734,0
2024-07-10,3616.322998046875,-0.00437799313370113,0.03502007542723118,0.005615508321122231,3501.2210986328123,3339.8258764648435,55.88237441093873,14.279999732971191,13.829999923706056,83.37999725341797,0
2024-07-11,3587.640625,-0.00793136372563119,-0.0014889695777415834,0.004062170920562824,3501.521220703125,3343.47693359375,59.737619063278764,14.43000030517578,13.640000343322754,82.80999755859375,1
2024-07-12,3615.629638671875,0.0078015098493526835,0.00968366771812379,0.011923235892617567,3503.167548828125,3347.2096911621093,62.608432711295364,14.0,13.210000038146973,83.87999725341797,1
2024-07-15,3617.858642578125,0.0006164912142574419,0.021912494838285612,0.002999098645979137,3504.756220703125,3351.0029907226562,57.72397160886292,13.729999542236328,12.859999656677246,83.87999725341797,1
2024-07-16,3602.94775390625,-0.004121468013258078,0.0025915914281755548,-0.05953411816407417,3508.0068408203124,3354.6661950683592,54.068786889550665,14.1899995803833,12.699999809265137,83.16000366210938,1
2024-07-18,3622.416015625,0.005403426041258319,0.006662976283191346,0.08278706553447557,3512.3644384765626,3358.573458251953,61.64974889143229,14.220000267028809,13.600000381469728,82.33000183105469,1
2024-07-19,3585.064453125,-0.010311229394660115,-0.012983887917891068,0.06979886336788521,3516.6739404296877,3362.248006591797,58.424560833678086,14.510000228881836,14.279999732971191,81.41000366210938,1
2024-07-22,3617.7099609375,0.009105975147544187,0.00038352848774136916,0.0567409925056106,3520.4744091796874,3365.9916564941404,64.63216007695075,14.829999923706056,14.43000030517578,82.0999984741211,1
2024-07-23,3505.35791015625,-0.03105612445286654,-0.02293504936653179,0.009444365506851238,3526.1841015625,3369.252188720703,39.95457290639925,15.4399995803833,14.0,82.62000274658203,1
2024-07-24,3486.9296875,-0.0052571586492942135,-0.03559544644598889,0.0009498272152654863,3531.6038720703127,3372.371181640625,39.377639254733765,12.75,13.729999542236328,82.20999908447266,1
2024-07-25,3585.70849609375,0.028328305256011932,-0.008886512619924902,0.013588180177633635,3538.558818359375,3375.726024169922,54.53645577841862,11.760000228881836,14.1899995803833,81.91000366210938,0
2024-07-26,3645.89697265625,0.01678565801655907,0.01192057772789945,0.021630994010222837,3545.0345849609375,3379.1608728027345,55.14884401335971,12.619999885559082,14.220000267028809,80.76000213623047,0
2024-07-29,3740.06884765625,0.025829549135995,0.032479105526191265,0.027263519775161393,3552.76759765625,3382.9999792480467,61.86406188070924,12.25,14.510000228881836,82.81999969482422,0
2024-07-30,3749.67919921875,0.0025695654154929137,0.045916816349078404,0.03432954659558285,3559.723544921875,3386.6428540039065,60.25429136934615,12.949999809265137,14.829999923706056,80.12999725341797,0
2024-07-31,3779.748779296875,0.008019240708482478,0.044790439285902206,0.04222850012773849,3567.474541015625,3390.659716796875,63.923366075336006,12.880000114440918,15.4399995803833,79.77999877929688,0
2024-08-01,3744.378662109375,-0.009357795782946154,0.06818726021117505,0.06101991734864831,3574.710810546875,3394.1640234375,63.20313486509131,13.25,12.75,76.95999908447266,0
2024-08-02,3631.828369140625,-0.030058469809072563,0.041554804549130964,0.019822271124799284,3579.30482421875,3397.11712890625,51.194376440092164,12.93000030517578,11.760000228881836,77.58999633789062,0
2024-08-05,3495.400634765625,-0.03756447731236867,-0.025185499999931915,-0.0019802630345300276,3578.7215576171875,3399.481485595703,42.462487354528236,14.31999969482422,12.619999885559082,78.27999877929688,1
2024-08-06,3543.1552734375,0.013662135949997323,-0.0281800884636344,0.012628795143321714,3578.2971240234374,3402.078223876953,46.46268450629527,20.3700008392334,12.25,77.16000366210938,1
2024-08-07,3604.632080078125,0.017350864383931297,-0.036212372845221164,0.014061556587267265,3578.5890869140626,3404.919924316406,48.9977222649223,18.739999771118164,12.949999809265137,75.80999755859375,1
2024-08-08,3520.714599609375,-0.023280456536061034,-0.061062450264299906,-0.013711005572684232,3577.08080078125,3407.3761975097655,46.554194980033245,16.170000076293945,12.880000114440918,74.7300033569336,1
2024-08-09,3558.85888671875,0.010834245727730174,-0.05844036349400339,0.007757272477514121,3576.795458984375,3409.984608154297,46.86709313176316,16.600000381469727,13.25,77.91000366210938,1
2024-08-12,3538.944580078125,-0.005595699991068126,-0.05486466529416656,0.006622639347506842,3576.113798828125,3412.432990722656,51.983145476221026,15.34000015258789,12.93000030517578,76.30999755859375,1
2024-08-13,3518.98095703125,-0.0056411233900798274,-0.031071791020806816,0.007160017935506469,3574.3526025390624,3414.956534423828,51.88906162494813,15.869999885559082,14.31999969482422,73.5199966430664,1
2024-08-14,3512.441650390625,-0.0018582955464873097,0.004875268218329065,-0.02241832495984719,3567.980947265625,3417.5491259765627,45.15494282980748,16.170000076293945,20.3700008392334,72.94000244140625,1
2024-08-16,3535.3779296875,0.006530010055632918,-0.0021950332824264285,-0.012727045757982114,3571.77939453125,3420.213145751953,42.3127527683097,15.4399995803833,18.739999771118164,73.19999694824219,1
2024-08-19,3522.200927734375,-0.003727183405902501,-0.022868118163661078,-0.0051073043534388685,3575.200263671875,3423.017962646484,32.921744702008425,14.399999618530272,16.170000076293945,75.2300033569336,1
2024-08-20,3539.687744140625,0.004964741298134401,0.005389003849773921,-0.015011759549067083,3577.5248291015623,3426.1758776855468,33.73995189993734,14.31999969482422,16.600000381469727,76.19000244140625,1
2024-08-21,3562.822021484375,0.006535683092963485,0.001113597052250448,-0.009898088832311136,3579.3300341796876,3429.656884765625,33.020574080755324,13.81999969482422,15.34000015258789,76.83999633789062,0
2024-08-22,3573.17529296875,0.0029059187974991296,0.009672576700782809,-0.016257132454154388,3581.121123046875,3433.4427880859375,36.053272299780396,13.329999923706056,15.869999885559082,80.05999755859375,0
2024-08-23,3565.298828125,-0.0022043320570499514,0.013162296602146295,-0.014109406142491232,3581.6743310546876,3437.005974121094,43.465994783441865,13.0,16.170000076293945,78.3499984741211,0
2024-08-26,3608.248291015625,0.01204652539972706,0.027276365036368766,0.0057440719875963,3582.4652490234375,3440.663731689453,63.57568979250421,13.550000190734863,15.4399995803833,76.9800033569336,0
2024-08-27,3668.486328125,0.016694537695580713,0.03765040148034915,0.014618944619709584,3583.0188232421874,3444.6094079589843,64.63780447189893,13.800000190734863,14.399999618530272,76.6500015258789,0
2024-08-28,3654.962646484375,-0.0036864473330440184,0.037692829419415874,0.010255791497649325,3583.6135400390626,3448.6533532714843,56.61975503367773,13.630000114440918,14.31999969482422,74.37000274658203,0
2024-08-29,3649.414306640625,-0.001518029151156175,0.030998938446374025,0.012896815582184473,3584.0697705078123,3452.557491455078,71.3230678126254,13.949999809265137,13.81999969482422,74.04000091552734,0
2024-08-30,3670.41845703125,0.005755485298669649,0.030199778405447075,0.01325149877849352,3586.8973974609376,3456.600319824219,69.59626247742099,13.789999961853027,13.329999923706056,71.93000030517578,0
2024-09-02,3649.067626953125,-0.005817001611144401,0.021239465674610214,0.017852726126676766,3588.6540185546874,3460.22083984375,69.24679336741225,13.390000343322754,13.0,73.01000213623047,0
2024-09-03,3656.05224609375,0.0019140832274617825,0.025454645555328614,0.010598496167535165,3591.72833984375,3463.9458325195315,75.09520591295765,14.0600004196167,13.550000190734863,74.83000183105469,0
2024-09-04,3617.066162109375,-0.010663437325336145,0.002443809400729524,0.03186785909349421,3594.0903125,3467.303127441406,67.12072423353814,13.84000015258789,13.800000190734863,77.41999816894531,0
2024-09-05,3590.662109375,-0.007299853403559764,-0.021214258903828775,0.029748928476206915,3594.8105908203124,3470.3888110351563,58.945165413902124,14.380000114440918,13.630000114440918,75.52999877929688,0
2024-09-06,3541.71875,-0.01363073379898705,-0.030983598859293915,-0.012268076488000101,3594.2518017578127,3473.1884899902343,52.83044653396429,14.210000038146973,13.949999809265137,74.5199966430664,1
2024-09-09,3545.236083984375,0.0009931149909561121,-0.028546559503173752,-0.027609361818728972,3594.527236328125,3475.930799560547,50.83858912158841,15.220000267028809,13.789999961853027,75.91000366210938,0
2024-09-10,3562.9208984375,0.004988331957077818,-0.029287548504945526,-0.047364889908313224,3595.472421875,3478.6806787109376,50.015194797301405,14.239999771118164,13.390000343322754,73.55000305175781,0
2024-09-11,3504.26806640625,-0.016462007915183263,-0.03968124884212654,-0.06544856767043739,3595.6785009765626,3481.2051232910158,40.77952183821531,13.359999656677246,14.0600004196167,73.55000305175781,0
2024-09-12,3588.5322265625,0.024046151310183728,-0.01846801275977128,-0.0505897518326458,3595.5893359375,3483.8665466308594,52.58119183340458,13.630000114440918,13.84000015258789,70.33999633789062,0
2024-09-13,3579.615234375,-0.0024848577703987518,-0.010353951533066397,-0.044002875404048014,3595.5625830078125,3486.5826708984373,46.55868639653994,13.18000030517578,14.380000114440918,69.19999694824219,0
2024-09-16,3628.41015625,0.013631331492397036,0.010512837389082597,-0.0009411823861692481,3597.3251416015623,3489.6113354492186,45.04714134679907,12.550000190734863,14.210000038146973,69.1500015258789,0
2024-09-17,3661.0556640625,0.00899719337304461,0.03369463316715926,0.04739228678087781,3598.673564453125,3492.766610107422,50.71902836527574,12.460000038146973,15.220000267028809,67.66999816894531,0
2024-09-18,3695.97998046875,0.009539411473327819,0.04252012924198789,0.04313237643773449,3600.6243701171875,3496.276647949219,55.138859925498075,12.59000015258789,14.239999771118164,68.70999908447266,0
2024-09-19,3649.662109375,-0.012531959409551652,0.024345533737653247,0.01249226780889634,3600.973115234375,3499.5128259277344,47.83059348519706,13.369999885559082,13.359999656677246,65.75,0
2024-09-20,3758.84375,0.02991554761865256,0.07264732000221263,0.0676365958254741,3603.8235302734374,3503.31580078125,59.69379505534378,12.470000267028809,13.630000114440918,67.30999755859375,0
2024-09-23,3752.700927734375,-0.0016342318739971384,0.04574814737810895,0.05446747038468458,3607.124736328125,3506.922175292969,58.547281848083344,12.789999961853027,13.18000030517578,68.97000122070312,0
2024-09-24,3756.565185546875,0.0010297270917436485,0.04943267350988645,0.061493080929779786,3609.943447265625,3510.422780761719,63.1539593466438,13.789999961853027,12.550000190734863,68.6500015258789,0
2024-09-25,3758.79443359375,0.0005934272232122062,0.03593427196182897,0.06814855763380323,3612.7621630859376,3513.5341931152343,66.61123718223324,13.390000343322754,12.460000038146973,70.08999633789062,0
2024-09-26,3727.386962890625,-0.008355729811245993,0.018118079842173174,0.061195411595263316,3615.250947265625,3515.884493408203,69.00219231943598,12.739999771118164,12.59000015258789,71.19000244140625,0
2024-09-27,3671.4091796875,-0.015017969360421213,-0.006647979943369076,0.0384771452176893,3616.230810546875,3517.94556640625,61.66099943365276,12.0,13.369999885559082,70.91000366210938,0
2024-09-30,3641.58740234375,-0.008122705992222978,-0.002212453314652918,0.03389541853484479,3617.36126953125,3519.4797998046874,57.110882971379745,11.960000038146973,12.470000267028809,71.94999694824219,0
2024-10-01,3619.7412109375,-0.005999084737658533,-0.037006736197135126,0.02261596857784709,3617.40189453125,3521.085187988281,61.181999406120745,12.789999961853027,12.789999961853027,71.91999816894531,0
2024-10-03,3465.3310546875,-0.042657788845078315,-0.07657681189648369,-0.02736341198325065,3616.601357421875,3521.8062145996096,39.49657525977989,11.989999771118164,13.789999961853027,70.37000274658203,1
2024-10-04,3461.665283203125,-0.001057841639521384,-0.07850253829704779,-0.03120753968747436,3616.0960693359375,3522.472785644531,39.85341390849899,13.170000076293944,13.390000343322754,71.55999755859375,1
2024-10-07,3436.302001953125,-0.0073269017004818915,-0.08579677269881791,-0.036181210156713495,3613.107939453125,3523.225859375,32.77977678870384,14.130000114440918,12.739999771118164,69.69000244140625,1
2024-10-08,3499.760009765625,0.018466947252142596,-0.06106877428912638,-0.030066744996493422,3610.1852001953125,3524.014091796875,36.29861104486242,15.079999923706056,12.0,67.66999816894531,0
2024-10-09,3454.878662109375,-0.01282412152005119,-0.0589774952833112,-0.05822773942973969,3604.481396484375,3524.4142419433592,29.86014382479658,14.59000015258789,11.960000038146973,68.18000030517578,1
2024-10-10,3428.3759765625,-0.007671090113102186,-0.05854903431509728,-0.06199425051301788,3598.05533203125,3524.4120373535156,30.88248817794876,14.119999885559082,12.789999961853027,68.16999816894531,1
2024-10-11,3450.370849609375,0.006415537034805796,-0.04679073764067754,-0.05454120587762867,3591.4677734375,3524.5021118164063,18.623429501458446,13.5,11.989999771118164,69.83000183105469,1
2024-10-14,3522.200927734375,0.020818074710181378,0.016411093817414013,-0.040381643409879264,3587.02421875,3524.9152111816406,29.318188589043274,13.220000267028809,13.170000076293944,73.70999908447266,1
2024-10-15,3519.079833984375,-0.0008861203020600339,0.016585818120498308,-0.03562219346350848,3584.769248046875,3525.7081298828125,28.6629663815704,13.0,14.130000114440918,74.37999725341797,1
2024-10-16,3499.958251953125,-0.005433688047252971,0.018524637812339817,-0.04269468367346252,3584.860400390625,3526.3776696777345,27.4297842807905,13.0,15.079999923706056,77.13999938964844,1
2024-10-17,3537.31005859375,0.01067207205108267,0.010729321074401277,-0.022049943225012303,3584.74349609375,3526.9695336914065,33.595574889707265,13.050000190734863,14.59000015258789,73.56999969482422,1
2024-10-18,3544.74072265625,0.0021006538695831356,0.026010192928746623,-0.01278911390711257,3583.5456689453126,3527.5390771484376,38.06814052730395,13.390000343322754,14.119999885559082,73.23999786376953,1
2024-10-21,3552.468505859375,0.0021800700834710973,0.036195717781600356,0.0030351805488153527,3584.1807470703125,3527.8820861816407,41.24061685776498,13.039999961853027,13.5,75.8499984741211,1
2024-10-22,3479.449462890625,-0.020554451882772162,0.008427677646460019,-0.01855634421384278,3582.59255859375,3527.9875476074217,37.471225473245305,13.760000228881836,13.220000267028809,75.55999755859375,1
2024-10-23,3423.471435546875,-0.016088185197334348,-0.028030624661440573,-0.03913908471888328,3580.283095703125,3527.774044189453,45.4642997159384,14.399999618530272,13.0,73.83000183105469,1
2024-10-24,3410.83935546875,-0.0036898453268698894,-0.03075817646145096,-0.026661405225575252,3578.120263671875,3527.500084228516,44.59772608494148,14.619999885559082,13.0,70.58000183105469,1
2024-10-25,3295.66357421875,-0.03376757719924084,-0.05837060416945539,-0.08161237906014085,3573.7847021484376,3527.0795837402343,37.44803743962668,13.970000267028809,13.050000190734863,70.38999938964844,1
2024-10-28,3309.9306640625,0.00432904922558186,-0.06428031209162488,-0.07533898272717199,3569.2757568359375,3526.7193603515625,31.426933467737115,14.630000114440918,13.390000343322754,70.66999816894531,1
2024-10-29,3349.659912109375,0.012003045404616719,-0.05503387294309392,-0.07682434789255366,3565.8249365234374,3526.4675903320312,39.600461755559124,14.289999961853027,13.039999961853027,69.22000122070312,1
2024-10-30,3376.8564453125,0.008119192370785733,-0.04943381208228126,-0.07762766940140908,3562.568310546875,3526.041164550781,44.914922595128324,14.520000457763672,13.760000228881836,70.55999755859375,1
2024-10-31,3588.829345703125,0.06277225692696242,0.031435973989296206,-0.02899112964135575,3563.08845703125,3526.776838378906,59.938824093507236,15.510000228881836,14.399999618530272,72.08999633789062,1
2024-11-01,3592.842041015625,0.001118107027659132,0.049473351437995694,-0.015568583243204759,3563.4817919921875,3527.262979736328,55.61770571551941,15.550000190734863,14.619999885559082,70.7699966430664,1
2024-11-04,3541.42138671875,-0.01431197189018063,0.038284427274662525,-0.05784288407339355,3563.0042431640627,3527.5433801269533,51.649953356106565,15.899999618530272,13.970000267028809,70.19000244140625,1
2024-11-05,3541.768310546875,9.79617476264405e-05,0.0746753213080813,-0.05620821409683896,3561.6746435546875,3528.0253173828123,53.1757953118382,16.690000534057617,14.630000114440918,71.77999877929688,1
2024-11-06,3611.765380859375,0.019763311480329948,0.0911906464005543,-0.038545798498215156,3560.540224609375,3528.5429150390623,55.38823436290284,16.1200008392334,14.289999961853027,67.37999725341797,0
2024-11-07,3612.85546875,0.0003018158090781764,0.07857381452043688,-0.03882600323642038,3559.6980810546875,3529.192528076172,54.97503193672427,14.869999885559082,14.520000457763672,67.20999908447266,0
2024-11-08,3626.478271484375,0.003770647027595775,0.07392136154273943,-0.027072233822483027,3559.2393603515625,3529.7605895996094,55.35944624854321,14.9399995803833,15.510000228881836,68.61000061035156,0
2024-11-11,3595.319091796875,-0.008592131912800949,0.0018083183870305497,-0.020725036128253493,3557.737373046875,3530.1853881835937,58.932272355994535,14.470000267028809,15.550000190734863,69.26000213623047,1
2024-11-12,3558.16552734375,-0.01033387120990037,-0.009651555308029303,-0.022908107312297088,3555.9193310546875,3530.3012939453124,60.69379914830602,14.270000457763672,15.899999618530272,69.48999786376953,1
2024-11-13,3515.166259765625,-0.012084673196815832,-0.007413725757569711,-0.02889017337921529,3553.101611328125,3529.9564453125,57.901831728335104,14.59000015258789,16.690000534057617,71.47000122070312,1
2024-11-14,3493.6669921875,-0.006116145294236652,-0.013581158941463278,0.008176978491469145,3550.6336279296875,3529.9710412597656,67.47703911216463,15.4399995803833,16.1200008392334,71.98999786376953,1
2024-11-18,3509.419921875,0.004508995769409774,-0.02833668530263811,0.013795279082467138,3549.0087841796876,3529.876641845703,67.56212344218548,14.779999732971191,14.869999885559082,71.69000244140625,1
2024-11-19,3473.5048828125,-0.010233896160055878,-0.03857076131133286,0.010826429352900124,3547.6445068359376,3529.581778564453,60.976460512404614,15.170000076293944,14.9399995803833,72.36000061035156,1
2024-11-21,3451.31201171875,-0.006389186669511826,-0.0483020293111881,-0.013843234367981516,3545.766025390625,3528.612919921875,56.65809979661324,15.65999984741211,14.470000267028809,70.37999725341797,1
2024-11-22,3570.203125,0.03444809187855569,-0.006985740668798979,0.03338017747350164,3545.911669921875,3528.6056774902345,48.001707740622486,15.989999771118164,14.270000457763672,68.04000091552734,0
2024-11-25,3718.32177734375,0.04148745804028997,0.04501090485229908,0.08457234642974232,3550.192744140625,3530.093752441406,60.282536942629534,16.100000381469727,14.59000015258789,68.12000274658203,0
2024-11-26,3668.387451171875,-0.013429264373011396,0.04358860437414025,0.06318642576845979,3551.7898486328127,3531.7339697265625,60.42974178992228,15.300000190734863,15.4399995803833,68.43000030517578,0
2024-11-27,3664.5234375,-0.001053327578754204,0.04890461675213098,0.040407265992395525,3553.4880126953126,3533.462755126953,60.02589798491025,15.3100004196167,14.779999732971191,68.69999694824219,0
2024-11-28,3632.17529296875,-0.008827380990451106,0.03497882095231408,0.0321377929230795,3553.5633154296875,3535.1983898925782,51.77619202820185,14.630000114440918,15.170000076293944,69.16000366210938,0
2024-11-29,3690.38232421875,0.016025391550534174,0.06243763827118731,0.05440752676388638,3554.1498486328123,3536.8195593261717,56.13677263155941,15.210000038146973,15.65999984741211,69.38999938964844,0
2024-12-02,3669.823974609375,-0.005570791263132091,0.06331272343638572,0.03746177570543696,3553.626728515625,3538.4831799316407,53.393840225103986,14.43000030517578,15.989999771118164,70.0999984741211,0
2024-12-03,3752.05712890625,0.022407928790543208,0.05093659871418388,0.058485633356745836,3555.67462890625,3540.8489428710936,61.36330087058596,14.699999809265137,16.100000381469727,71.23999786376953,0
2024-12-04,3754.880615234375,0.0007525168810391669,0.009832080190956827,0.056977875818222,3555.5953662109373,3543.282644042969,65.0086820851757,14.369999885559082,15.300000190734863,68.94000244140625,0
2024-12-05,3796.14599609375,0.010989798368542525,0.034826895092845866,0.09101915017901208,3556.464267578125,3546.0455517578125,71.49465422512878,14.449999809265137,15.3100004196167,68.7699966430664,0
2024-12-06,3830.970947265625,0.009173764973135823,0.0454213249292732,0.11903108274471541,3557.9523828125,3548.874696044922,75.287829052733,14.529999732971191,14.630000114440918,68.72000122070312,0
2024-12-09,3910.826416015625,0.020844707477355673,0.07671742153697658,0.14658768955073298,3560.9930224609375,3552.1645581054686,77.45478336055722,14.140000343322754,15.210000038146973,68.72000122070312,0
2024-12-10,3886.8994140625,-0.006118144711086959,0.053251146515111314,0.1793981171102712,3564.183271484375,3555.3775463867187,78.74612420735542,14.109999656677246,14.43000030517578,68.0,0
2024-12-11,3880.55859375,-0.0016313312069664576,0.057423631378138884,0.17239875622866685,3568.366259765625,3558.133916015625,80.52129762654525,13.779999732971191,14.699999809265137,68.0999984741211,0
2024-12-12,3824.23388671875,-0.014514587441603388,0.019236582848497275,0.14167825602048123,3572.019189453125,3560.839182128906,69.82677604666459,13.270000457763672,14.369999885559082,69.94000244140625,0
2024-12-13,3851.08349609375,0.007020911944807251,0.025620756215006812,0.14043447166359013,3576.64603515625,3563.5956298828123,62.78136816710886,13.1899995803833,14.449999809265137,68.54000091552734,0
2024-12-16,3842.01806640625,-0.002353994582744101,0.01208385303402526,0.07054911123212526,3584.179775390625,3566.603381347656,68.14369210438367,13.050000190734863,14.529999732971191,68.30000305175781,0
2024-12-17,3772.020751953125,-0.018218892582824053,-0.015387794928222065,0.049871023800102776,3590.386884765625,3568.9301098632814,59.869004696590906,14.020000457763672,14.140000343322754,67.19999694824219,0
2024-12-18,3723.424072265625,-0.012883460320926687,-0.04791886006051038,0.05139255278387167,3596.129326171875,3570.8949084472656,58.13458371729506,14.489999771118164,14.109999656677246,68.37000274658203,0
2024-12-19,3682.010498046875,-0.01112244359357939,-0.05271268797807138,0.03959665771540699,3599.7743359375,3572.24861328125,49.23063806491709,14.369999885559082,13.779999732971191,68.58999633789062,0
2024-12-20,3596.309814453125,-0.023275513103292345,-0.07324944912690767,-0.004279227684100717,3602.602958984375,3572.9953942871093,43.96651702881912,14.510000228881836,13.270000457763672,70.29000091552734,0
2024-12-23,3606.861328125,0.0029339835042769824,-0.056840811789432344,-0.0016591144253755852,3606.172666015625,3573.973107910156,36.49433405245828,15.06999969482422,13.1899995803833,70.0199966430664,0
2024-12-24,3606.1181640625,-0.0002060417617680832,-0.06360945751493685,-0.005614291854985076,3609.2876123046876,3574.910977783203,36.10881490259339,13.520000457763672,13.050000190734863,71.29000091552734,0
2024-12-26,3595.962890625,-0.002816123314733354,-0.06404321154361603,0.00017906583857718594,3610.7628515625,3575.031552734375,30.154196772004283,13.18000030517578,14.020000457763672,70.70999908447266,0
2024-12-27,3574.7607421875,-0.00589609767463839,-0.05229557914374816,0.004663980558582637,3611.8764697265624,3574.992294921875,23.894640953272216,14.039999961853027,14.489999771118164,70.08000183105469,0
2024-12-30,3545.8798828125,-0.008079102759007806,-0.04768304281416247,0.008737459561563687,3612.79490234375,3574.9651806640627,8.505111283464288,13.239999771118164,14.369999885559082,70.58000183105469,0
2024-12-31,3574.314697265625,0.008019113842787862,-0.02924918352035588,0.0230839702978185,3613.5349951171875,3574.9347521972654,14.819349609133496,13.970000267028809,14.510000228881836,69.91000366210938,0
2025-01-01,3633.61181640625,0.016589786899846137,0.01037229935063233,0.035388154537202565,3615.3124169921875,3575.0300085449217,25.166897117919035,14.449999809265137,15.06999969482422,69.45999908447266,0
2025-01-02,3679.186767578125,0.012542603193356427,0.02005218190373914,0.059214508602931426,3617.8467822265625,3575.5318029785158,35.091663810197275,14.449999809265137,13.520000457763672,69.23999786376953,0
2025-01-03,3626.081787109375,-0.014433890917613601,0.0055360423975638895,0.05063864837406862,3620.7794287109373,3575.8612170410156,28.05796880617305,13.739999771118164,13.18000030517578,70.0999984741211,0
2025-01-06,3569.90576171875,-0.01549221134237222,-0.007246217410692202,-8.329029773346264e-05,3623.708115234375,3576.318199462891,25.696841774746417,13.539999961853027,14.039999961853027,69.62000274658203,0
2025-01-07,3609.635498046875,0.01112907146013753,0.009755829375600156,-0.029229928393802673,3627.6840380859376,3576.631490478516,34.66795200185885,15.649999618530272,13.239999771118164,70.5999984741211,0
2025-01-08,3563.119384765625,-0.01288665110547016,0.004861840367658132,-0.028696005481269937,3633.033154296875,3577.0614233398437,34.80469433415935,14.65999984741211,13.970000267028809,70.98999786376953,0
2025-01-09,3495.301513671875,-0.01903328622209799,-0.022105827350399676,-0.046178425848347415,3636.7405712890627,3577.0340576171875,33.14551768094171,14.470000267028809,14.449999809265137,71.72000122070312,0
2025-01-10,3503.475341796875,0.002338518749535057,-0.03581463325878431,-0.035433298448182105,3639.8168798828124,3577.340012207031,40.25581652798023,14.65999984741211,14.449999809265137,71.72000122070312,0
2025-01-13,3432.289306640625,-0.020318691645119347,-0.06710653101745734,-0.06993666100239704,3640.925537109375,3577.250715332031,33.745407526995635,14.920000076293944,13.739999771118164,73.12999725341797,0
2025-01-14,3430.605224609375,-0.0004906585316080125,-0.053908481379243534,-0.0651853472142252,3637.7610546875,3576.9057653808595,33.68638231224162,16.0,13.539999961853027,73.95999908447266,0
2025-01-15,3469.04638671875,0.011205358702778723,-0.02825267156392408,-0.07542815380052581,3635.2851416015624,3576.468924560547,38.792645509124554,15.470000267028809,15.649999618530272,73.55999755859375,0
2025-01-16,3475.486328125,0.0018564010648300933,-0.03716418735200866,-0.07440830101916185,3633.9664404296873,3575.8072204589844,40.998906484502626,15.260000228881836,14.65999984741211,74.25,0
2025-01-17,3535.675048828125,0.017318071492917086,-0.007702334099396246,-0.06861457581811936,3633.8445751953127,3575.2680395507814,49.12444747753148,15.470000267028809,14.470000267028809,73.31999969482422,0
2025-01-20,3559.800048828125,0.00682330804353648,0.018452924562863515,-0.07078385666982145,3632.8052685546877,3574.5668627929685,48.745396424510645,15.75,14.65999984741211,73.91999816894531,0
2025-01-21,3508.3798828125,-0.014444678158974766,0.0013999073882762225,-0.102905751979946,3630.7157568359376,3573.2443713378907,39.025882614704614,16.420000076293945,14.920000076293944,76.56999969482422,0
2025-01-22,3485.691162109375,-0.006467007981170059,0.01555866965101993,-0.10322064175408929,3627.9000146484377,3571.9588403320313,32.33537551909022,17.059999465942383,16.0,78.81999969482422,0
2025-01-23,3470.87939453125,-0.004249305773022516,0.011739669033606459,-0.10557222351405193,3625.411220703125,3570.721883544922,34.76613216684983,16.770000457763672,15.470000267028809,77.5,0
2025-01-24,3426.24560546875,-0.012859504462421123,-0.012337909753488141,-0.10407006815984254,3622.772822265625,3569.186064453125,35.57214467085977,16.700000762939453,15.260000228881836,80.04000091552734,0
2025-01-27,3425.70068359375,-0.00015904343638706298,-0.014324799418246936,-0.11045795629502098,3620.9835107421877,3567.9166259765625,29.949204804758125,16.75,15.470000267028809,78.68000030517578,0
2025-01-28,3382.35498046875,-0.012653091185867438,-0.04336373287759909,-0.11964105269485625,3618.7572705078123,3566.112200927734,30.15765904589881,18.1299991607666,15.75,77.87999725341797,0
2025-01-29,3417.82421875,0.010486551082327322,-0.03988309122161593,-0.09390100333348506,3616.9253564453124,3564.5962048339843,40.84524025882237,18.200000762939453,16.420000076293945,77.87999725341797,0
2025-01-30,3389.33984375,-0.008334066697677556,-0.033930202269621734,-0.08972500097533664,3615.2420556640627,3563.0953198242187,37.131357329526594,18.63999938964844,17.059999465942383,75.88999938964844,0
2025-01-31,3534.4365234375,0.04280971704712955,0.013984417741308652,-0.04007972673832838,3616.9045458984374,3562.6833935546874,59.87169474769543,17.389999389648438,16.770000457763672,75.44000244140625,0
2025-02-01,3415.64453125,-0.03360988134877185,-0.015913795036577305,-0.05023629568204979,3613.8133740234375,3562.0631018066406,48.82103123741024,16.25,16.700000762939453,74.62000274658203,0
2025-02-03,3258.80712890625,-0.045917366666476056,-0.048869373606855726,-0.09649780447746892,3604.6230810546876,3560.9405078125,36.03763550695735,16.25,16.75,74.66000366210938,1
2025-02-04,3407.37158203125,0.04558859952379657,-0.005350467905815948,-0.05511371868284831,3599.402763671875,3560.5238720703123,46.19471937831908,14.350000381469728,18.1299991607666,73.16999816894531,0
2025-02-05,3351.938720703125,-0.016268510784221424,-0.008992627900164862,-0.06786059182036275,3593.1510693359373,3559.9903063964844,39.68059911387836,14.020000457763672,18.200000762939453,73.7699966430664,1
2025-02-06,3321.77001953125,-0.00900037371970408,-0.028103902679313286,-0.07077137210067874,3586.9429638671877,3558.8421520996094,36.72138345781101,14.079999923706056,18.63999938964844,72.62000274658203,1
2025-02-07,3306.06640625,-0.004727483597273818,-0.024569220361173816,-0.0676315849628516,3579.2566455078127,3557.628013916016,38.24543704920861,14.18000030517578,17.389999389648438,72.7300033569336,1
2025-02-10,3297.892578125,-0.002472372638839815,-0.06692550389402485,-0.07733569720430322,3571.818017578125,3556.2516015625,38.90157119157953,13.6899995803833,16.25,72.52999877929688,1
2025-02-11,3209.715087890625,-0.026737526509886478,-0.06029006867527065,-0.11665988276504213,3560.9711767578124,3554.348531494141,35.79741181875032,14.449999809265137,16.25,72.52999877929688,1
2025-02-12,3259.2529296875,0.015433719330344209,0.000136798762128576,-0.11413767889990867,3551.058623046875,3552.9246545410156,40.96681714884,14.869999885559082,14.350000381469728,73.16000366210938,1
2025-02-13,3233.493408203125,-0.007903504895167779,-0.05103000058610285,-0.10826793270408053,3539.8055712890623,3551.2289489746095,39.878966331227666,14.899999618530272,14.020000457763672,72.69999694824219,1
2025-02-14,3207.733642578125,-0.007966543416989658,-0.043021394524405454,-0.10145145091064123,3527.3408251953124,3549.6010510253905,40.63147791147615,14.960000038146973,14.079999923706056,71.02999877929688,1
2025-02-17,3192.079833984375,-0.004880021329067952,-0.0390424938464512,-0.11567806895971455,3512.9658935546877,3547.869324951172,37.62559436422934,15.020000457763672,14.18000030517578,70.61000061035156,1
2025-02-18,3190.395263671875,-0.0005277343926568534,-0.03498754361359857,-0.10460612762158883,3499.035810546875,3546.6192175292967,38.76454177367241,15.720000267028809,13.6899995803833,71.0,1
2025-02-19,3245.630126953125,0.01731285897712853,-0.015847226655753777,-0.07143057208145287,3486.3372412109375,3545.8246875,31.847052241222315,15.670000076293944,14.449999809265137,72.31999969482422,0
2025-02-20,3245.53125,-3.04646399180708e-05,0.01115867331792142,-0.07362520544088647,3474.7631884765624,3545.2043969726565,37.43229915566487,15.420000076293944,14.869999885559082,73.31999969482422,0
2025-02-21,3284.468017578125,0.011997039799917175,0.007736462445411485,-0.04306784069061509,3463.43087890625,3544.4883044433595,52.295713657297895,14.68000030517578,14.899999618530272,71.37000274658203,0
2025-02-24,3227.598388671875,-0.017314715382183543,-0.0018231116588315333,-0.059175224966497075,3451.1424853515623,3544.5269299316406,30.760250603699063,14.529999732971191,14.960000038146973,71.29000091552734,0
2025-02-25,3196.092041015625,-0.00976154523029571,-0.003629229499598763,-0.07868281806439115,3439.6239111328123,3544.427684326172,32.42062198174064,14.4399995803833,15.020000457763672,70.73999786376953,1
2025-02-27,3179.84375,-0.005083799467321293,-0.0038332637718216933,-0.08506509599319789,3428.7523046875,3544.137097167969,33.471776949592794,13.720000267028809,15.720000267028809,70.73999786376953,1
2025-02-28,3134.61572265625,-0.014223348975480277,-0.017483583194462082,-0.1134321793245121,3417.8044091796874,3543.1996325683594,31.31814868610769,13.3100004196167,15.670000076293944,71.8499984741211,1
2025-03-03,3167.756591796875,0.010572546070349409,-0.023993348628839173,-0.11013075219219393,3409.2333447265623,3542.271324462891,36.55166149879277,13.90999984741211,15.420000076293944,72.25,1
2025-03-04,3183.311279296875,0.004910316512411361,-0.0191709664490598,-0.09265490464933146,3400.76234375,3541.1784716796874,46.78952843026197,13.760000228881836,14.68000030517578,72.56999969482422,1
2025-03-05,3209.715087890625,0.008294447597842813,-0.02275952430878614,-0.07917398914129337,3392.8342822265627,3540.2660522460938,43.61757073431578,13.829999923706056,14.529999732971191,70.4000015258789,1
2025-03-06,3229.77783203125,0.0062506308476775185,0.0006752523384025988,-0.06946411416077491,3385.5105810546875,3539.5021154785154,49.514155228984556,13.670000076293944,14.4399995803833,70.69999694824219,1
2025-03-07,3214.718505859375,-0.0046626507936627926,0.005827887496578699,-0.06173728447013527,3378.309736328125,3538.565069580078,50.939627380761586,13.729999542236328,13.720000267028809,68.93000030517578,1
2025-03-10,3148.337646484375,-0.020649042600155987,-0.009908066556925998,-0.08096534482353135,3370.3588916015624,3536.6839379882813,44.82230275287685,13.470000267028809,13.3100004196167,70.3499984741211,1
2025-03-11,3165.923583984375,0.0055857850950762344,0.009987782904883558,-0.0639883742936942,3362.1910693359373,3534.6916711425783,47.20841163869211,13.989999771118164,13.90999984741211,69.76000213623047,1
2025-03-12,3164.14013671875,-0.0005633260621472624,-0.0011416455063151254,-0.07422385289435096,3352.8016357421875,3532.5622021484373,39.41302410261453,14.06999969482422,13.760000228881836,68.37000274658203,1
2025-03-13,3157.848876953125,-0.0019882999784418542,-0.007998715836980308,-0.06829972132294382,3342.3748779296875,3530.370802001953,38.7889113712573,13.6899995803833,13.829999923706056,68.26000213623047,1
2025-03-17,3144.126708984375,-0.004345416295535309,-0.02043433049671506,-0.11043056279690089,3332.7357763671876,3528.2258056640626,30.81916888559664,13.279999732971191,13.670000076293944,66.30999755859375,1
2025-03-18,3144.126708984375,0.0,-0.0265191996172095,-0.0794924119830056,3324.2201953125,3526.081301269531,36.4918469070715,13.420000076293944,13.729999542236328,66.36000061035156,1
2025-03-19,3288.876953125,0.04603829856061448,0.02306841085166811,0.00922724881507242,3317.8050244140627,3524.4904821777345,60.987961574646164,13.210000038146973,13.470000267028809,67.04000091552734,1
2025-03-20,3320.0859375,0.009489252659740322,0.05455205581504563,-0.02561670848919151,3312.94435546875,3521.9357897949217,66.03969043781672,13.300000190734863,13.989999771118164,66.02999877929688,0
2025-03-21,3384.385986328125,0.01936698327650599,0.06900431945006424,0.009680148811966882,3310.726044921875,3522.130441894531,77.37242057238504,12.600000381469728,14.06999969482422,66.25,1
2025-03-24,3449.67724609375,0.019291907019288512,0.09024161289869581,0.03850574416965502,3309.6500830078126,3522.6230407714843,78.86196459323207,12.579999923706056,13.6899995803833,67.68000030517578,1
2025-03-25,3437.54052734375,-0.0035182186286392136,0.08857030886813289,0.03976753789494447,3309.755107421875,3522.693446044922,76.210454249131,13.699999809265137,13.279999732971191,66.55000305175781,1
2025-03-26,3412.969482421875,-0.007147856069310565,0.08550634192613127,0.034894072978659985,3309.402392578125,3522.3954846191405,71.03455454840375,13.640000343322754,13.420000076293944,67.58000183105469,1
2025-03-27,3469.244873046875,0.01648868849101648,0.10340491785317418,0.08085757709006147,3309.4063623046877,3522.323604736328,73.05419819159164,13.470000267028809,13.210000038146973,66.9000015258789,1
2025-03-28,3460.03076171875,-0.0026559414700619843,0.052040198229710066,0.06160240900680902,3309.0972509765625,3521.93556640625,73.88576185624504,13.300000190734863,13.300000190734863,67.16000366210938,1
2025-04-01,3405.04345703125,-0.015892143299958805,0.025588951952015604,0.053054089546901606,3306.484619140625,3521.117271728516,75.56230323215871,12.720000267028809,12.600000381469728,68.26000213623047,1
2025-04-02,3388.299560546875,-0.004917381142316879,0.001156361666358352,0.056290807806481435,3303.054609375,3519.8547314453126,72.18099712355094,13.779999732971191,12.579999923706056,68.27999877929688,1
2025-04-03,3388.547119140625,7.306278247432019e-05,-0.017720535166687257,0.061548362000400925,3300.6579541015626,3518.6713330078123,72.4523739151463,13.720000267028809,13.699999809265137,69.11000061035156,1
2025-04-04,3230.025634765625,-0.04678154937836687,-0.06036725703375945,0.012421774676325992,3295.5446435546874,3516.688447265625,55.53528030646291,13.600000381469728,13.640000343322754,69.0,1
2025-04-07,3040.146484375,-0.05878564812207843,-0.10923713205379038,-0.06331086246448703,3286.9299853515627,3514.243994140625,43.72196536035135,13.760000228881836,13.470000267028809,69.6500015258789,1
2025-04-08,3131.89111328125,0.03017770011339138,-0.09724126491807505,-0.03501434063183029,3281.0428955078123,3512.097266845703,49.33492931542189,22.790000915527344,13.300000190734863,69.91999816894531,1
2025-04-09,3025.92919921875,-0.0338332049965443,-0.12546176389609975,-0.07871558406892765,3273.0474658203125,3509.7152319335937,35.07815916016932,20.440000534057617,12.720000267028809,69.36000061035156,1
2025-04-11,3087.158203125,0.02023477744358937,-0.09335717970055046,-0.04351228642317695,3267.1435302734376,3507.6561853027342,37.21727386732692,21.43000030517578,13.779999732971191,71.19999694824219,1
2025-04-15,3227.499267578125,0.045459628311585565,-0.047457519648232194,0.00982675910438413,3263.33703125,3506.020440673828,42.05350818530405,20.11000061035156,13.720000267028809,71.70999908447266,1
2025-04-16,3197.87548828125,-0.009178554924693882,-0.05626943470325163,0.0056706365780552215,3259.507744140625,3504.1615270996094,36.76784912438258,16.1299991607666,13.600000381469728,66.94999694824219,1
2025-04-17,3217.29443359375,0.006072451971210757,-0.003941517068733358,0.026376027638704835,3253.16490234375,3502.590677490234,38.514004560133515,15.869999885559082,13.760000228881836,61.9900016784668,1
2025-04-21,3250.187744140625,0.010223904347521184,0.06908919055221308,0.026021933805523867,3249.8557666015627,3501.2633081054687,41.58386697250254,15.470000267028809,22.790000915527344,60.70000076293945,1
2025-04-22,3227.697509765625,-0.006919672383709163,0.030590589844613048,0.013943415071413945,3249.23357421875,3499.931975097656,37.05945042118541,15.520000457763672,20.440000534057617,59.58000183105469,1
2025-04-23,3270.498291015625,0.013260468529192382,0.0808244594288654,0.018937258124348322,3246.4961083984376,3498.3195141601564,40.198790360354245,15.229999542236328,21.43000030517578,62.34999847412109,1
2025-04-24,3270.10205078125,-0.00012115592154982036,0.0592596283115856,0.012485137011619019,3244.859375,3496.765260009766,42.60426445668801,15.960000038146973,20.11000061035156,61.5,1
2025-04-25,3241.865478515625,-0.00863476791462181,0.0044511895267695945,0.008444587794163017,3243.2612841796877,3495.273176269531,42.07423076455499,16.25,16.1299991607666,61.33000183105469,1
2025-04-28,3296.55517578125,0.016869823139813445,0.030857889202258182,0.047078028451739806,3243.0710595703126,3493.7877795410154,45.298025839463094,17.15999984741211,15.869999885559082,62.470001220703125,1
2025-04-29,3291.6015625,-0.0015026635433383895,0.02309615437442214,0.03969709791840792,3242.9452392578123,3492.2535888671873,53.73341784586017,16.940000534057617,15.470000267028809,64.68000030517578,1
2025-04-30,3310.128662109375,0.005628597282382852,0.018442294011110638,0.04613845123244653,3244.9535107421875,3490.6431079101562,70.66273783653999,17.3700008392334,15.520000457763672,63.08000183105469,1
2025-05-02,3304.0849609375,-0.0018258206217348638,0.023666236052405587,0.0463087657714234,3245.8501513671877,3489.0819177246094,65.16843203662586,18.21999931335449,15.229999542236328,64.30999755859375,1
2025-05-05,3299.428466796875,-0.0014093142869133768,0.008845800611094745,0.049394242722064385,3247.1688525390623,3487.6408569335936,79.3265014526429,18.26000022888184,15.960000038146973,62.27000045776367,1
2025-05-06,3303.193359375,0.0011410741636050936,0.01011935043001011,0.050591679379870635,3249.078046875,3486.0786755371096,76.42073242827814,18.34000015258789,16.25,62.790000915527344,1
2025-05-07,3290.709716796875,-0.0037792648567467335,0.015066707303232896,0.0005572612469231242,3251.05064453125,3484.442930908203,61.24825135330049,19.0,17.15999984741211,63.02000045776367,1
2025-05-08,3293.1865234375,0.0007526664014094742,-0.0010218704569238124,-0.008102023432187133,3253.1064697265624,3482.8941247558596,68.77443021806374,19.059999465942383,16.940000534057617,62.04999923706055,1
2025-05-09,3412.07763671875,0.03610214982816973,0.03660105025811422,0.008182178540654172,3256.435419921875,3481.8424328613282,77.5659337697822,21.01000022888184,17.3700008392334,60.41999816894531,1
2025-05-12,3554.0537109375,0.04160986042371606,0.0736905038224962,0.03025687836795199,3262.605869140625,3481.687379150391,82.8584055330246,21.6299991607666,18.21999931335449,58.209999084472656,1
2025-05-13,3534.040283203125,-0.005631155115293884,0.06959727881827149,0.02807232528366499,3267.597314453125,3481.2690307617186,83.30463235856188,18.38999938964844,18.26000022888184,58.290000915527344,1
2025-05-14,3540.084228515625,0.0017102083813889113,0.07293862077645885,0.0372446184322599,3273.84703125,3481.4426623535155,81.85440413192433,18.200000762939453,18.34000015258789,57.130001068115234,1
2025-05-15,3584.767333984375,0.012622045856656383,0.0852429585480432,0.033299021880816904,3281.620537109375,3481.9318505859374,83.65834741347567,17.229999542236328,19.0,59.09000015258789,1
2025-05-16,3571.39208984375,-0.0037311331237106504,0.08529539132977271,0.03218506880259109,3289.45150390625,3481.8602685546875,86.40543586208162,16.889999389648438,19.059999465942383,58.06999969482422,1
2025-05-19,3566.93359375,-0.0012483916583757582,0.0831252856053708,0.047544220437026885,3298.097861328125,3481.4654516601563,83.6000985427326,16.549999237060547,21.01000022888184,59.90999984741211,1
2025-05-20,3534.8330078125,-0.008999490765330465,0.03597672273711772,0.04324689852451358,3305.4393896484376,3480.4392724609374,78.31600547973238,17.360000610351562,21.6299991607666,61.02000045776367,1
2025-05-21,3555.837158203125,0.005942048844797654,0.0005018065034123609,0.049369252715283585,3312.8899072265626,3479.4700622558594,78.4403477875566,17.389999389648438,18.38999938964844,61.95000076293945,1
2025-05-22,3518.58447265625,-0.010476488064402822,-0.0043734109711014435,0.0893363924994246,3319.067294921875,3478.1642407226564,73.1550589609464,17.549999237060547,18.200000762939453,63.66999816894531,1
2025-05-23,3566.63623046875,0.013656559387992928,0.007500387064027114,0.17317907173212643,3325.804462890625,3477.275528564453,76.37391050804001,17.260000228881836,17.229999542236328,63.150001525878906,1
2025-05-26,3614.9853515625,0.013555944023872613,0.008429561743561909,0.15425001087445755,3333.8097998046874,3477.1913134765623,78.28506275824432,17.280000686645508,16.889999389648438,61.619998931884766,0
2025-05-27,3606.365966796875,-0.002384348462684538,0.009792785578649488,0.19182100087734533,3342.9703662109373,3477.7461401367186,78.83780518922045,18.020000457763672,16.549999237060547,62.4900016784668,1
2025-05-28,3612.607666015625,0.0017307448207464216,0.012804856346542381,0.17020490312376424,3351.9040478515626,3478.093402099609,78.98238704203762,18.540000915527344,17.360000610351562,62.68999862670898,0
2025-05-29,3621.5244140625,0.0024682303951122364,0.024524894403328057,0.1220837291715473,3361.0517333984376,3478.177863769531,73.7421472416408,18.020000457763672,17.389999389648438,62.560001373291016,0
2025-05-30,3641.1416015625,0.005416831493341823,0.02398997467096664,0.1386126867370594,3370.717587890625,3478.779998779297,63.66180827693128,16.420000076293945,17.549999237060547,61.56999969482422,0
2025-06-02,3645.60009765625,0.001224477535242352,0.03609850097022482,0.13312603894449238,3380.7470556640624,3479.2137048339846,68.39872925885513,16.079999923706055,17.260000228881836,61.20000076293945,0
2025-06-03,3644.800048828125,-0.00021945600359163375,0.021915276273942297,0.12141215700505281,3390.7605224609374,3479.7429821777346,67.57397264315145,17.15999984741211,17.280000686645508,61.52999877929688,0
2025-06-04,3626.5,-0.005020864953623083,0.0031852545218538086,0.12355633978331926,3397.5129833984374,3480.280577392578,57.68428169540867,16.559999465942383,18.020000457763672,61.52999877929688,0
2025-06-05,3642.60009765625,0.004439569186888148,0.010047269520890412,0.11377526405160476,3403.9632666015623,3480.9313696289064,62.981346113447245,15.75,18.540000915527344,60.88999938964844,0
2025-06-06,3656.300048828125,0.0037610362940170283,0.012094416790265239,0.11809967763991014,3409.4015478515626,3481.5359802246094,65.76061450228846,15.079999923706056,18.020000457763672,61.84000015258789,0
2025-06-09,3678.89990234375,0.006181071907068514,0.015842910808072652,0.13480954923158417,3413.9860009765625,3482.3194750976563,76.28850180425002,14.630000114440918,16.420000076293945,60.93999862670898,0
2025-06-10,3679.800048828125,0.0002446781669165343,0.010617122731243267,0.11625616821537044,3418.83119140625,3483.020036621094,74.4110599574617,14.6899995803833,16.079999923706055,60.790000915527344,0
2025-06-11,3684.800048828125,0.0013587694803125494,0.010752674490292158,0.1194550673470598,3424.267802734375,3483.6299267578124,87.49428624612705,14.020000457763672,17.15999984741211,62.52000045776367,0
2025-06-12,3603.89990234375,-0.021955098081944402,-0.011221506238051404,0.08874919080854382,3426.9609033203124,3483.7835498046875,57.32087287182813,13.670000076293944,16.559999465942383,63.40999984741211,0
2025-06-13,3587.39990234375,-0.0045783735528474034,-0.010781772413139379,0.08574686933167186,3429.5082861328124,3483.8940551757814,43.805304882728976,14.020000457763672,15.75,62.84999847412109,0
2025-06-16,3628.699951171875,0.011512529952722117,-0.0038159957480149442,0.09979652163656727,3433.981416015625,3483.9963134765626,54.37347611990248,15.079999923706056,15.079999923706056,63.369998931884766,0
2025-06-17,3622.300048828125,-0.0017636901451946185,-0.009299018008901427,0.0966055131309369,3438.66142578125,3483.7653820800783,51.89680247836116,14.84000015258789,14.630000114440918,64.58000183105469,0
2025-06-18,3601.5,-0.005742221391862423,-0.021038871510051238,0.09444475810696651,3442.9204833984377,3483.498068847656,46.25538271613957,14.399999618530272,14.6899995803833,65.29000091552734,1
2025-06-19,3621.10009765625,0.005442203986186334,-0.015951940429635214,0.09957333782493039,3450.74197265625,3483.3564978027343,46.25194730719148,14.279999732971191,14.020000457763672,64.9800033569336,1
2025-06-20,3662.0,0.011294883113069032,-0.006187594584779688,0.07324638823915786,3463.17904296875,3483.314405517578,52.6991254984466,14.260000228881836,13.670000076293944,68.1500015258789,0
2025-06-23,3583.699951171875,-0.021381771935588434,-0.005605025588734658,0.008341528475818816,3472.2152197265623,3482.9875671386717,41.98792935870396,13.670000076293944,14.020000457763672,68.04000091552734,1
2025-06-24,3604.800048828125,0.0058877969539135044,0.004850350381346402,0.020022342688427397,3483.79263671875,3482.7313061523437,47.175223657656794,14.050000190734863,15.079999923706056,72.9800033569336,1
2025-06-25,3619.800048828125,0.00416111845229139,-0.0024526421207341498,0.02251805752823155,3494.4454736328125,3482.7449755859375,47.02349421744055,13.640000343322754,14.84000015258789,71.7699966430664,1
2025-06-26,3659.60009765625,0.010995095942111455,0.010297338245127463,0.020875207984195843,3503.087490234375,3483.0896655273436,50.403330001342745,12.960000038146973,14.399999618530272,74.83999633789062,0
2025-06-27,3679.199951171875,0.005355736417259838,0.02157433046560464,0.030186509522353022,3512.7139794921877,3483.777071533203,50.03694269583686,12.59000015258789,14.279999732971191,75.13999938964844,0
2025-06-30,3669.800048828125,-0.002554876730946898,0.013448938128884036,0.028838903886062806,3521.764091796875,3484.399891357422,48.7940186149822,12.390000343322754,14.260000228881836,75.13999938964844,0
2025-07-01,3666.699951171875,-0.0008447592825227002,0.0012834383320248222,0.03730499943503118,3530.0943359375,3484.9187866210937,47.80711302516534,12.789999961853027,13.670000076293944,74.93000030517578,1
2025-07-02,3596.800048828125,-0.019063436680007095,0.0036554672083990436,0.011519900603575328,3537.47638671875,3485.381446533203,49.11627403800863,12.529999732971191,14.050000190734863,68.51000213623047,1
2025-07-03,3582.89990234375,-0.0038645869371870534,-0.0060752735762680254,0.018278779488544394,3543.7244189453127,3485.3532849121093,49.436231658871215,12.449999809265137,13.640000343322754,64.37000274658203,1
2025-07-04,3594.60009765625,0.003265565779509094,-0.006961697008660228,0.00784040350081483,3550.2143798828124,3485.4282092285157,45.38567916309046,12.390000343322754,12.960000038146973,64.91999816894531,1
2025-07-07,3581.39990234375,-0.0036722291642696803,-0.021368508368600825,-0.00929061834351097,3557.005068359375,3485.1931579589846,44.56549453814798,12.31999969482422,12.59000015258789,65.23999786376953,1
2025-07-08,3606.39990234375,0.00698051060526339,-0.019786923731866524,9.409901043699875e-06,3563.201962890625,3484.9198791503904,50.643875960039274,12.5600004196167,12.390000343322754,65.5199966430664,0
2025-07-09,3579.699951171875,-0.007403491541390972,-0.024551772973304575,-0.00910913054670126,3568.9639306640624,3484.3384790039063,44.65942853759516,12.199999809265137,12.789999961853027,65.11000061035156,1
2025-07-10,3574.699951171875,-0.0013967651110990964,-0.025090681327932685,-0.012929489777510295,3574.2553564453124,3483.9636682128908,37.58886270317549,11.9399995803833,12.529999732971191,65.44999694824219,1
2025-07-11,3540.60009765625,-0.00953922118818562,-0.0156249862124489,-0.027612632220374356,3578.9856591796874,3482.872449951172,42.991899301401084,11.670000076293944,12.449999809265137,67.44999694824219,1
2025-07-14,3495.89990234375,-0.012625033632600813,-0.02428200685793347,-0.04106325194821614,3582.915087890625,3481.5884448242186,33.55481213136537,11.81999969482422,12.390000343322754,67.0,1
2025-07-15,3494.0,-0.000543465887703598,-0.027986450487731074,-0.041374025133864345,3586.731220703125,3480.2756188964845,30.22013329453702,11.979999542236328,12.31999969482422,66.5,1
2025-07-16,3503.800048828125,0.002804822217551406,-0.021667464017308347,-0.033834262007962246,3590.99302734375,3479.0006469726563,22.951403341163356,11.479999542236328,12.5600004196167,67.93000030517578,1
2025-07-17,3474.0,-0.008505065475437723,-0.03671248500691926,-0.04628564573001903,3594.609296875,3477.733712158203,15.593620259548445,11.239999771118164,12.199999809265137,68.33000183105469,1
2025-07-18,3464.800048828125,-0.0026482300437176143,-0.03209763497248852,-0.05237535143248906,3595.6637451171873,3476.700666503906,15.604083204299485,11.239999771118164,11.9399995803833,68.37999725341797,1
2025-07-21,3502.800048828125,0.010967443853752146,-0.020113548920428825,-0.04786753056353488,3594.638671875,3476.006729736328,25.383041450321215,11.390000343322754,11.670000076293944,66.56999969482422,1
2025-07-22,3464.60009765625,-0.010905547173511887,-0.021465287777150954,-0.05848142516341559,3593.2498681640627,3475.231024169922,28.054488995450342,11.199999809265137,11.81999969482422,68.44999694824219,1
2025-07-23,3484.89990234375,0.005859205713592219,-0.003146543181235084,-0.05424993048074589,3592.146181640625,3475.328868408203,34.070226123673535,10.75,11.979999542236328,66.9800033569336,1
2025-07-24,3477.5,-0.002123418907605701,-0.004722381224957051,-0.035073089089280085,3590.0008349609375,3475.4080419921875,30.69565231390402,10.520000457763672,11.479999542236328,66.5199966430664,1
2025-07-25,3442.89990234375,-0.009949704574047424,-0.01738117062494582,-0.04027986952488738,3587.4309912109375,3475.4410314941406,28.67260163763092,10.720000267028809,11.239999771118164,66.37999725341797,1
2025-07-28,3422.199951171875,-0.006012359278230406,-0.014910779743271485,-0.056907433179563816,3584.536318359375,3475.053231201172,21.254658602803957,11.279999732971191,11.239999771118164,67.54000091552734,1
2025-07-29,3495.60009765625,0.021448234332199112,0.008889415953033719,-0.03497776259944685,3583.75166015625,3475.256838378906,38.54537086977543,12.0600004196167,11.390000343322754,67.33999633789062,1
2025-07-30,3665.10009765625,0.04848952833982567,0.04633437437641441,0.01765933573684575,3585.9369189453123,3476.440458984375,58.502649679691636,11.529999732971191,11.199999809265137,67.19999694824219,0
2025-07-31,3636.5,-0.007803360588852448,0.04961608771530024,0.004252824260151611,3588.2952294921874,3477.371104736328,59.11422586414442,11.210000038146973,10.75,66.20999908447266,0
2025-08-01,3587.300048828125,-0.013529479216795037,0.029383956312635018,-0.02039867590712041,3588.708505859375,3477.696600341797,58.612907248162614,11.539999961853027,10.520000457763672,65.25,1
2025-08-04,3631.10009765625,0.01220975336100838,0.044169690195902334,0.013226594617352205,3589.03080078125,3478.256701660156,61.97380765556769,11.979999542236328,10.720000267028809,66.02999877929688,1
2025-08-05,3652.60009765625,0.0059210705906669325,0.06090801395932166,0.013260111013276399,3589.9554833984375,3479.019910888672,62.735369844660184,11.970000267028809,11.279999732971191,65.16000366210938,1
2025-08-06,3628.39990234375,-0.006625470805859179,0.06025362460228689,0.0023757813690314933,3590.271328125,3479.4753601074217,63.342540294167044,11.710000038146973,12.0600004196167,66.70999908447266,1
2025-08-07,3641.60009765625,0.0036380210747921637,0.04176679137235717,-0.004918570204303974,3590.672841796875,3479.959656982422,65.17335608513656,11.960000038146973,11.529999732971191,69.20999908447266,1
2025-08-08,3607.60009765625,-0.009336555109904165,-0.015688521041149706,-0.0194607127815436,3590.00201171875,3480.235314941406,59.05634176629266,11.6899995803833,11.210000038146973,70.0,1
2025-08-11,3668.39990234375,0.016853255084176233,0.008772144189124198,-0.0003815320905078412,3590.4580078125,3481.180067138672,66.94941271447576,12.029999732971191,11.539999961853027,69.26000213623047,1
2025-08-12,3686.10009765625,0.00482504519237148,0.0275416183434114,0.005290901012550808,3591.2840087890627,3482.4932104492186,66.80588025130227,12.220000267028809,11.979999542236328,67.33000183105469,0
2025-08-13,3693.699951171875,0.0020617599398500275,0.01723991402936842,0.026940586362403263,3592.6280078125,3483.9075134277346,68.05275194103447,12.229999542236328,11.970000267028809,66.29000091552734,1
2025-08-14,3677.0,-0.004521198633521073,0.006680146112739482,0.026263669156566305,3593.316005859375,3485.8141955566407,70.14976245793,12.140000343322754,11.710000038146973,65.16000366210938,1
2025-08-18,3635.10009765625,-0.01139513253841451,0.0018465978097319535,0.011266900044432315,3592.8920068359375,3487.440042724609,67.67978953881736,12.359999656677246,11.960000038146973,64.3499984741211,1
2025-08-19,3613.0,-0.006079639366877165,-0.007853717291653517,0.008823392672672625,3591.5740087890626,3488.7567431640623,60.657211319821386,12.34000015258789,11.6899995803833,63.880001068115234,1
2025-08-20,3592.300048828125,-0.005729297307466075,-0.004241060099223537,-0.00390967554831112,3589.8240087890626,3489.8339611816405,40.9452730577623,11.789999961853027,12.029999732971191,63.880001068115234,1
2025-08-21,3612.60009765625,0.005650989213650703,-0.01521093833086451,0.00919075535188485,3588.380009765625,3489.9528149414064,46.96470783754889,11.789999961853027,12.220000267028809,63.959999084472656,1
2025-08-22,3595.800048828125,-0.004650403690966032,-0.024497448912345288,0.005902620623958299,3588.2180126953126,3489.967604980469,51.176306823633716,11.369999885559082,12.229999542236328,63.16999816894531,1
2025-08-25,3603.10009765625,0.00203015983341559,-0.024528211471773975,0.017652374816735872,3588.5320166015626,3490.2759985351563,45.68965906033004,11.729999542236328,12.140000343322754,62.650001525878906,1
2025-08-26,3541.300048828125,-0.01715191006442618,-0.03690507238832608,0.012986683758862139,3586.7840185546875,3490.2736572265626,34.75760823992228,11.760000228881836,12.359999656677246,63.959999084472656,1
2025-08-28,3560.10009765625,0.005308798624489963,-0.02063216912468424,0.018918173341800237,3585.54001953125,3490.015330810547,40.50600950770091,12.1899995803833,12.34000015258789,63.41999816894531,1
2025-08-29,3601.0,0.011488413590021285,-0.0033213396069747825,0.027741295113111297,3585.53001953125,3489.9560534667967,44.75992412354502,12.18000030517578,11.789999961853027,62.34999847412109,1
2025-09-01,3598.39990234375,-0.0007220487798528241,0.0016980356408744512,0.03580883775007204,3585.076015625,3489.8156616210936,48.707837737008425,11.75,11.789999961853027,63.209999084472656,1
2025-09-02,3574.89990234375,-0.0065306804795913775,-0.010435751063882948,0.031776683203656564,3583.334013671875,3489.7135656738283,35.33104130853779,11.289999961853027,11.369999885559082,63.52000045776367,1
2025-09-03,3600.800048828125,0.007244999074629943,0.001390511133017469,0.027977617515674735,3583.676015625,3489.92673828125,36.953195074171965,11.399999618530272,11.729999542236328,63.65999984741211,1
2025-09-04,3592.60009765625,-0.002277258126161086,-0.0029141571744926154,0.036945100846296874,3583.4320166015623,3490.3139074707033,34.56491936656178,10.93000030517578,11.760000228881836,64.80000305175781,1
2025-09-05,3553.60009765625,-0.010855647425229153,0.0034733145055572123,0.019713678222521125,3582.108017578125,3490.613572998047,32.36137807426391,10.850000381469728,12.1899995803833,63.25,1
2025-09-08,3529.60009765625,-0.006753714357400242,-0.008567174844347547,0.014982055400790895,3579.508017578125,3490.714473876953,34.10667733753891,10.779999732971191,12.18000030517578,64.5999984741211,1
2025-09-09,3525.0,-0.0013032914576652788,-0.02110524854207163,0.02384620522959735,3576.4240185546873,3490.9719494628907,36.005106446422694,10.84000015258789,11.75,64.01000213623047,1
2025-09-10,3550.0,0.007092198581560183,-0.013450395636189771,0.03734441314113224,3574.028017578125,3491.4653894042967,43.36366637888704,10.6899995803833,11.289999961853027,64.01000213623047,1
2025-09-11,3539.699951171875,-0.002901422205105586,-0.009846415881126447,0.012615817680401431,3571.488017578125,3491.312873535156,38.19241290787916,10.539999961853027,11.399999618530272,65.58999633789062,1
2025-09-12,3579.800048828125,0.011328671415489433,-0.00583203724595438,-0.02327359323219369,3571.148017578125,3490.6202648925782,47.59036498969758,10.359999656677246,10.93000030517578,63.970001220703125,1
2025-09-15,3586.199951171875,0.0017877820706340142,-0.001781480351389586,-0.013831994727932062,3571.2140185546873,3490.209327392578,47.447881449977025,10.119999885559082,10.850000381469728,63.47999954223633,1
2025-09-16,3667.800048828125,0.02275391745225619,0.032136410410162464,0.022440275110607866,3572.678017578125,3490.2257104492187,68.02505830425079,10.399999618530272,10.779999732971191,61.869998931884766,1
2025-09-17,3685.5,0.004825767745308296,0.04416928208021975,0.014981658693150157,3574.76001953125,3490.492333984375,67.92449933067277,10.270000457763672,10.84000015258789,62.2599983215332,1
2025-09-18,3686.0,0.0001356668023335672,0.04567375886524827,0.00914414429468513,3576.352021484375,3490.470422363281,63.73624639391969,10.25,10.6899995803833,62.630001068115234,1
2025-09-19,3675.39990234375,-0.00287577256002447,0.0353239161531691,0.012953368224279949,3578.2660205078123,3490.498302001953,62.12978973472238,9.890000343322754,10.539999961853027,63.66999816894531,1
2025-09-22,3644.5,-0.008407221843817703,0.029607043047089165,0.0007963264131105596,3579.662021484375,3489.960516357422,60.71429108331291,9.970000267028809,10.359999656677246,62.369998931884766,1
2025-09-23,3657.60009765625,0.003594484197077863,0.02173307105618738,0.013859629295520648,3582.002021484375,3489.4741137695314,59.10256480480894,10.5600004196167,10.119999885559082,62.68999862670898,1
2025-09-24,3673.800048828125,0.00442912039024046,0.024426997615574875,0.0014720713739320157,3585.5600244140624,3488.862384033203,62.68748269082436,10.630000114440918,10.399999618530272,63.29999923706055,1
2025-09-25,3644.39990234375,-0.008002652864505522,-0.006379886082353736,-0.011312822280386325,3588.5680224609373,3487.9295288085937,64.62623879188297,10.520000457763672,10.270000457763672,64.5199966430664,1
2025-09-26,3729.5,0.023350921945070047,0.011938678605345254,0.009692191921752302,3593.082021484375,3487.0228967285157,76.9043929482554,10.779999732971191,10.25,64.05000305175781,1
2025-09-29,3688.39990234375,-0.01102027018534657,0.0006510858230466265,0.0031003269904132935,3597.37001953125,3486.030399169922,70.02447387159894,11.43000030517578,9.890000343322754,63.56999969482422,1
2025-09-30,3659.0,-0.00797090964162217,-0.004462072911655679,0.006574757696262479,3601.2540185546877,3484.9226062011717,63.21531240972015,11.369999885559082,9.970000267028809,62.68000030517578,1
2025-10-01,3670.300048828125,0.0030882888297689703,0.007079173776409764,0.015859410137870178,3604.6040185546876,3484.1529370117187,65.79583626648272,11.06999969482422,10.5600004196167,62.63999938964844,1
2025-10-03,3733.10009765625,0.01711033103361026,0.020641950454993507,0.039194957802608066,3609.9740185546875,3483.5630200195315,67.57623580349411,10.289999961853027,10.630000114440918,63.40999984741211,1
2025-10-06,3737.0,0.0010446819645149041,0.017202882664241415,0.034435004977289685,3615.0160205078123,3483.0379296875,67.38929081596169,10.0600004196167,10.520000457763672,64.98999786376953,1
2025-10-07,3729.699951171875,-0.001953451653231242,0.02340578726644882,0.03723786098378534,3620.06001953125,3482.826325683594,58.61395099796561,10.1899995803833,10.779999732971191,64.9800033569336,1
2025-10-08,3729.800048828125,2.683799167768619e-05,8.045282963542455e-05,0.03516414968717929,3625.7980224609373,3482.8582055664065,56.48229321844378,10.050000190734863,11.43000030517578,65.72000122070312,1
2025-10-09,3769.199951171875,0.010563542771181211,0.02190653154957012,0.0643548694551217,3632.7380224609374,3483.294152832031,60.93009412170714,10.3100004196167,11.369999885559082,63.45000076293945,1
2025-10-10,3784.0,0.003926575671190813,0.03416233943700475,0.06289146265610679,3638.5060205078125,3484.2326037597654,64.11122855681785,10.119999885559082,11.06999969482422,62.369998931884766,1
2025-10-13,3769.5,-0.003831923890063371,0.02702774973494293,0.04679255762288248,3640.5940185546874,3485.045797119141,66.96523716871398,10.100000381469728,10.289999961853027,61.77999877929688,1
2025-10-14,3744.300048828125,-0.0066852238153269905,0.003000174353456675,0.04054583994106542,3642.75001953125,3485.736706542969,61.3928903472441,11.010000228881836,10.0600004196167,60.880001068115234,1
2025-10-15,3828.699951171875,0.02254090250330365,0.024538386719795247,0.07099500846491691,3647.578017578125,3486.9003918457033,67.2609577577595,11.15999984741211,10.1899995803833,61.68999862670898,1
2025-10-16,3861.800048828125,0.00864525767972979,0.035418424909688495,0.0724838914854331,3652.1920166015625,3488.3355883789063,74.02741778200149,10.529999732971191,10.050000190734863,61.72999954223633,1
2025-10-17,3839.39990234375,-0.005800441814995727,0.0293849139580713,0.06869670934110039,3655.9280126953126,3489.8031884765624,64.10057060089761,10.869999885559082,10.3100004196167,62.54999923706055,1
2025-10-20,3872.699951171875,0.008673243130468578,0.027459408187623824,0.08979621925553327,3660.814013671875,3491.2951147460935,74.12935037138895,11.630000114440918,10.119999885559082,61.5099983215332,1
2025-10-21,3888.199951171875,0.004002375654047263,0.027536984981996637,0.10159787046519653,3665.7460107421875,3492.568055419922,81.1412770536492,11.359999656677246,10.100000381469728,58.900001525878906,1
2025-10-23,3918.699951171875,0.007844246793637044,0.039580833312607755,0.1116879294104609,3671.9680078125,3493.7656213378905,82.07641749034661,11.300000190734863,11.010000228881836,59.4900016784668,1
2025-10-24,3904.89990234375,-0.003521588537034659,0.04289182261605573,0.09997180347711265,3676.6980078125,3495.1597119140624,75.39912854407956,11.729999542236328,11.15999984741211,58.70000076293945,1
2025-10-27,3923.800048828125,0.0048401103631443565,0.024838743925896356,0.1085120498784331,3681.4520068359375,3496.9291833496095,76.44391512045615,11.59000015258789,10.529999732971191,58.27000045776367,1
2025-10-28,3972.800048828125,0.012487894232692698,0.02874307281488675,0.10978266792544789,3687.0340087890627,3498.7450061035156,80.77992620765718,11.859999656677246,10.869999885559082,57.459999084472656,1
2025-10-29,3958.10009765625,-0.003700148759364641,0.030916340660434916,0.10370312630305167,3692.6560107421874,3500.7199096679688,77.87544721825921,11.949999809265137,11.630000114440918,57.540000915527344,1
2025-10-30,3987.5,0.007427781414916401,0.02964341422665262,0.0871639530279249,3699.7040087890623,3503.1809020996093,77.32164147955851,11.970000267028809,11.359999656677246,57.52000045776367,1
2025-10-31,4030.89990234375,0.010883988048589366,0.03670077489941481,0.09371860055453807,3708.0620068359376,3505.818024902344,78.83670240855707,12.06999969482422,11.300000190734863,57.81999969482422,1
2025-11-03,3980.5,-0.012503387224883755,0.015770548803983875,0.07989690721649478,3715.826005859375,3508.5590783691405,72.73706896551724,12.149999618530272,11.729999542236328,61.790000915527344,1
2025-11-04,3924.39990234375,-0.014093731354415273,0.004993725956533801,0.0677477299385072,3722.062001953125,3511.0280517578126,68.19557488465111,12.670000076293944,11.59000015258789,61.5,1
2025-11-06,3881.60009765625,-0.010906076279825316,-0.010754867895085063,0.06505696190321042,3727.7780029296873,3513.0908203125,55.83500339577868,12.649999618530272,11.859999656677246,61.310001373291016,1
2025-11-07,3882.5,0.0002318379846222296,-0.02272957302614842,0.06148837935778251,3733.3660009765626,3515.125888671875,52.45784354934559,12.40999984741211,11.949999809265137,60.150001525878906,1
2025-11-10,3918.5,0.009272376046361774,-0.010004824708626958,0.06660676899112405,3740.91,3517.0400134277343,59.09824602786811,12.5600004196167,11.970000267028809,60.47999954223633,1
2025-11-11,3955.0,0.00931478882225334,-0.008150470219435713,0.08522667818548113,3748.807998046875,3519.0160131835937,59.397135540803404,12.300000190734863,12.06999969482422,60.56999969482422,1
2025-11-12,3954.60009765625,-0.00010111310840710264,-0.018928727216256602,0.060356642353197376,3755.88,3521.2471142578124,57.85243797303018,12.489999771118164,12.149999618530272,60.97999954223633,1
2025-11-13,4002.5,0.012112451616065778,0.005526943851275057,0.08515890520891145,3763.962001953125,3523.831158447266,59.518417886955326,12.109999656677246,12.670000076293944,61.04999923706055,1
2025-11-14,4004.39990234375,0.0004746789116176764,0.020385282333796217,0.0943973496430035,3772.552001953125,3526.4987609863283,61.615708476361704,12.15999984741211,12.649999618530272,60.560001373291016,1
2025-11-17,4027.699951171875,0.005818611876023505,0.03763907920443477,0.09737620837235439,3781.09,3529.506032714844,62.00601917469373,11.9399995803833,12.40999984741211,59.43000030517578,1
2025-11-18,3999.60009765625,-0.0069766501617006815,0.030161003903734773,0.0713883884783364,3789.23,3532.3755297851562,53.25402005894249,11.789999961853027,12.5600004196167,59.75,1
2025-11-19,4019.60009765625,0.005000499927910296,0.02580071396101835,0.07562218294253409,3798.55,3535.5617553710936,57.37234830880605,12.100000381469728,12.300000190734863,60.130001068115234,1
2025-11-20,4037.39990234375,0.004428252625896523,0.02083436216024026,0.08249992095884151,3808.70599609375,3538.6596337890624,56.15290043373447,11.970000267028809,12.489999771118164,61.040000915527344,1
2025-11-21,4024.89990234375,-0.003096051989485482,0.017776716469805498,0.07911948352522091,3818.703994140625,3541.8374340820315,49.19914387646169,12.140000343322754,12.109999656677246,58.4900016784668,1
2025-11-24,4013.300048828125,-0.0028820228569834683,0.0026983257534354266,0.0647617799051381,3827.9699951171874,3544.2317517089846,54.88388020354318,13.630000114440918,12.15999984741211,58.68999862670898,1
2025-11-25,3996.699951171875,-0.004136271261625968,-0.0019228726799659368,0.05621034650419521,3837.1099951171873,3547.1370288085936,62.200518934347144,13.239999771118164,11.9399995803833,60.09000015258789,1
2025-11-26,4062.0,0.016338491662097,0.008516038742693688,0.07759649820931158,3846.753994140625,3551.1529931640625,78.29364635679835,12.239999771118164,11.789999961853027,59.90999984741211,0
2025-11-27,4081.300048828125,0.004751366033511895,0.02042702999726176,0.09000347077031745,3856.65599609375,3554.522635498047,79.47810876149117,11.970000267028809,12.100000381469728,60.7400016784668,0
2025-11-28,4069.60009765625,-0.0028667216406288443,0.012439048359351501,0.06291956788377773,3864.6919970703125,3558.1109423828125,74.14515509863955,11.789999961853027,11.970000267028809,59.43999862670898,0
2025-12-01,4073.199951171875,0.000884571807853618,0.008867104991839625,0.054741286361498664,3872.44599609375,3561.8680920410156,71.10718934986053,11.619999885559082,12.140000343322754,59.13999938964844,0
2025-12-02,4030.5,-0.010483146342862515,0.0013913632120363673,0.04977342879536817,3879.33599609375,3565.4902600097657,61.77475385149128,11.630000114440918,13.630000114440918,58.060001373291016,0
2025-12-03,3988.0,-0.01054459744448577,-0.0063040511599705695,0.029772523118718697,3885.587998046875,3568.940797119141,47.712207824224585,11.229999542236328,13.239999771118164,58.84000015258789,0
2025-12-04,3983.60009765625,-0.0011032854422643457,-0.0032776674945999007,0.024535812890903896,3892.37,3572.8102221679687,46.74391940439973,11.210000038146973,12.239999771118164,57.95000076293945,0
2025-12-05,4038.199951171875,0.013706158293285808,-0.00585919468934637,0.030494807331258977,3899.9819970703124,3576.704957275391,51.49700932289288,10.81999969482422,11.970000267028809,58.650001525878906,0
2025-12-08,3996.699951171875,-0.0102768561492248,-0.020728713067921012,0.02350893777661911,3906.4399951171877,3580.5209899902343,49.60173694857884,10.31999969482422,11.789999961853027,58.650001525878906,0
2025-12-09,3997.5,0.00020017735579336282,-0.01771675248822946,0.018782799901816194,3913.5019970703124,3584.469821777344,46.79615320363443,11.130000114440918,11.619999885559082,58.54999923706055,0
2025-12-10,3991.300048828125,-0.00155095714118203,-0.020107017412731465,0.004656665266971283,3918.737998046875,3588.4659228515625,43.08432128743513,10.949999809265137,11.630000114440918,59.31999969482422,0
2025-12-11,4003.89990234375,0.0031568294444124234,-0.006599701688686288,0.011571158777571089,3925.047998046875,3592.5334460449217,46.85062433912027,10.90999984741211,11.229999542236328,58.63999938964844,0
2025-12-12,4074.10009765625,0.01753295462541593,0.021589793795448786,0.021717892829153707,3933.35,3596.6757958984376,57.75511309883778,10.399999618530272,11.210000038146973,58.95000076293945,0
2025-12-15,4092.300048828125,0.004467232207265859,0.02728686326617691,0.015232366958225496,3941.79,3600.909639892578,62.144333401150234,10.109999656677246,10.81999969482422,59.66999816894531,0
2025-12-16,4063.800048828125,-0.006964298721977014,0.006339482434202237,0.020927031485523218,3948.4039990234373,3604.8063000488282,50.252249305655816,10.25,10.31999969482422,60.08000183105469,0
2025-12-17,4062.39990234375,-0.0003445411849873903,0.01643854979721726,0.03516461202579868,3954.9119970703123,3608.9803076171875,47.21154240984113,10.0600004196167,11.130000114440918,58.880001068115234,0
2025-12-18,4031.10009765625,-0.007704757148463415,0.008405277712632886,0.03851504437313613,3960.94,3613.1553479003906,44.6303971495777,9.84000015258789,10.949999809265137,58.25,0
2025-12-19,4073.5,0.01051819635250495,0.020594781190657274,0.04919510624597545,3967.8139990234376,3617.6236291503906,50.037761031966916,9.710000038146973,10.90999984741211,58.459999084472656,0
2025-12-22,4072.39990234375,-0.0002700620243647478,0.017108319805872796,0.039275207947875534,3973.877998046875,3622.312550048828,55.889785894604195,9.520000457763672,10.399999618530272,57.59999847412109,1
2025-12-23,4058.800048828125,-0.003339518181354917,-0.0037554425422504645,0.026245271511535995,3979.3739990234376,3626.7677673339845,60.83233537854921,9.68000030517578,10.109999656677246,57.43999862670898,1
2025-12-24,4053.60009765625,-0.0012811548017440666,-0.009456772648661738,0.02503413684197131,3985.0560009765627,3631.119211425781,60.68377342292123,9.380000114440918,10.25,56.81999969482422,1
2025-12-26,4047.300048828125,-0.0015541860756732584,-0.0040602391362138945,0.011193016571674042,3991.1160009765626,3635.3071362304686,51.62909130323808,9.1899995803833,10.0600004196167,55.27000045776367,1
2025-12-29,4038.699951171875,-0.002124897475476284,-0.00583397788046458,0.008565590266858658,3995.3160009765625,3639.351746826172,58.52273065055972,9.149999618530272,9.84000015258789,55.93999862670898,1
2025-12-30,4052.0,0.003293151011197537,0.005184664691383345,0.0060332321480538464,3999.12,3643.538154296875,60.52530331348649,9.720000267028809,9.710000038146973,56.150001525878906,1
2025-12-31,4083.5,0.007773938795656576,0.002454891371056922,0.020977072781080075,4004.002001953125,3648.213966064453,66.2209653435365,9.68000030517578,9.520000457763672,56.65999984741211,1
2026-01-01,4140.39990234375,0.013934101222909279,0.01669777075695955,0.030052692246160584,4009.3560009765624,3653.08634765625,70.77625570776256,9.479999542236328,9.68000030517578,58.0099983215332,1
2026-01-02,4163.39990234375,0.005555018969781278,0.025771127490211265,0.031208204054014033,4014.86,3658.082646484375,65.87271004093026,9.479999542236328,9.380000114440918,58.380001068115234,1
2026-01-05,4150.39990234375,-0.0031224480724711956,0.02387995913643981,0.03118089966086357,4019.4939990234375,3663.045401611328,60.521529217750384,9.449999809265137,9.1899995803833,58.34999847412109,1
2026-01-06,4140.60009765625,-0.0023611711926762036,0.023052417093499145,0.03171954433491608,4024.2080029296876,3668.0277685546876,64.918444213224,10.020000457763672,9.149999618530272,56.7400016784668,1
2026-01-07,4157.0,0.003960754952653689,0.029291616178072077,0.0401081018806837,4028.872001953125,3673.0921350097656,67.36422561366905,10.020000457763672,9.720000267028809,58.08000183105469,1
2026-01-08,4028.39990234375,-0.030935794480695167,-0.005824308404800083,-0.008271811338318558,4029.9839990234377,3676.7897497558592,49.63481235430466,9.949999809265137,9.68000030517578,57.95000076293945,1
2026-01-09,4025.199951171875,-0.0007943479419739718,-0.014276980244428805,-0.01374564403133216,4031.32599609375,3680.315319824219,42.69287677648448,10.600000381469728,9.479999542236328,57.41999816894531,1
2026-01-12,4019.0,-0.0015402840224297831,-0.029320815671700973,-0.012433678111368085,4031.95599609375,3683.488389892578,42.04410540834677,10.93000030517578,9.479999542236328,57.41999816894531,1
2026-01-13,3887.39990234375,-0.03274448809560837,-0.0662919744616961,-0.04561525362256513,4029.08599609375,3685.6770031738283,31.106679691810044,11.369999885559082,9.449999809265137,57.31999969482422,1
2026-01-14,3865.800048828125,-0.005556375484447096,-0.06857167025156063,-0.04086340433491498,4026.7919970703124,3687.81830078125,30.021261023344536,11.199999809265137,10.020000457763672,58.31999969482422,1
2026-01-15,3865.800048828125,0.0,-0.06636720338766189,-0.030641913533569487,4025.62,3690.0824536132814,30.42914441740544,11.31999969482422,10.020000457763672,57.130001068115234,1
2026-01-16,3856.39990234375,-0.0024316173536250707,-0.07231178678283623,-0.0319309650050813,4025.11599609375,3692.0182287597654,30.376733622728153,11.31999969482422,9.949999809265137,55.9900016784668,1
2026-01-19,3869.800048828125,0.0034747813566302632,-0.0393704342568747,-0.04170172462482469,4024.8619970703126,3694.0670751953126,30.39173389819554,11.369999885559082,10.600000381469728,57.7599983215332,1
2026-01-20,3810.5,-0.015323801767505474,-0.05333895303992753,-0.046588423811319446,4022.7019970703127,3696.0943579101563,22.27862975799134,11.829999923706056,10.93000030517578,59.119998931884766,1
2026-01-21,3766.5,-0.011547041070725572,-0.0628265737745708,-0.0577861163227017,4018.9319970703127,3697.985360107422,11.011480464676751,12.729999542236328,11.369999885559082,59.5,1
2026-01-22,3793.800048828125,0.007248121287169784,-0.024077752705399025,-0.049482624103388884,4015.71599609375,3700.0116247558594,11.802416679072195,13.779999732971191,11.199999809265137,61.150001525878906,1
2026-01-23,3743.800048828125,-0.01317939779547539,-0.0315587972629322,-0.06496162737818978,4010.5419970703124,3702.580496826172,10.963919412974988,13.350000381469728,11.31999969482422,62.02000045776367,1
2026-01-27,3787.800048828125,0.01175276441747286,-0.020176935954989372,-0.0702731994711735,4006.21,3706.3187646484375,18.21622579874638,14.1899995803833,11.31999969482422,59.18999862670898,1
2026-01-28,3794.0,0.0016368211341548644,-0.01618086918470929,-0.07289300522173259,4001.5360009765627,3709.6293090820313,16.68503994170743,14.449999809265137,11.369999885559082,59.43999862670898,0
2026-01-29,3932.89990234375,0.03661041179329194,0.016305714176300556,-0.03221126652678752,4000.2019970703127,3714.1641625976563,41.39794782929951,13.529999732971191,11.829999923706056,59.43999862670898,0
2026-01-30,3932.300048828125,-0.00015252193814230264,0.03196432195988064,-0.03202536841352466,3998.45599609375,3718.3898718261717,41.59276901866516,13.369999885559082,12.729999542236328,60.34000015258789,0
2026-02-02,3921.300048828125,-0.002797345030493781,0.04109917664360152,-0.027238234270581474,3996.1339990234374,3721.858875732422,41.234528744675714,13.630000114440918,13.779999732971191,60.619998931884766,0
2026-02-03,4038.800048828125,0.02996455219873173,0.06457904919782975,-0.008518461070792904,3996.412001953125,3726.063498535156,63.93594993498722,13.869999885559082,13.350000381469728,59.36000061035156,0
2026-02-04,4087.10009765625,0.01195900966727459,0.0916982863269058,0.0036097131089802836,3997.8880029296874,3730.412526855469,69.41568625603016,12.899999618530272,14.1899995803833,61.06999969482422,0
2026-02-05,4063.300048828125,-0.005823211631585279,0.07273351191946742,0.0011087020660944802,3999.2200048828126,3734.4780883789062,66.6329741475025,12.25,14.449999809265137,62.38999938964844,0
2026-02-06,4068.10009765625,0.001181317837827267,0.07224567676759364,0.0035770672120281066,3999.3420068359374,3738.6801013183594,67.96810051082615,12.170000076293944,13.529999732971191,63.209999084472656,0
2026-02-09,4113.60009765625,0.011184582214733174,0.04594579058694448,0.016381303097931177,3999.9880078125,3742.8956103515625,69.62331519571143,11.9399995803833,13.369999885559082,65.41999816894531,0
2026-02-10,4169.0,0.013467498305271386,0.060193766557161466,0.032262869340000666,4001.976005859375,3747.390100097656,79.03775420611755,12.1899995803833,13.630000114440918,65.20999908447266,0
2026-02-11,4170.39990234375,0.000335788520928304,0.06352481330523752,0.02922011410260361,4003.9200048828125,3752.0327722167967,85.14008249892734,11.670000076293944,13.869999885559082,62.13999938964844,0
2026-02-12,4185.89990234375,0.003716669950833529,0.036421672709028075,0.02507650357383362,4007.0280029296873,3756.4794958496095,84.82857448939274,11.550000190734863,12.899999618530272,63.209999084472656,0
2026-02-13,4173.89990234375,-0.002866767070392906,0.021237504003700725,0.008091005890768388,4010.7460009765623,3760.890987548828,90.96972124043425,11.729999542236328,12.25,65.13999938964844,0
2026-02-16,4201.5,0.006612544215722993,0.03401175141169621,0.00915119819136323,4015.1039990234376,3765.347844238281,90.67848080602454,13.289999961853027,12.170000076293944,63.290000915527344,0
2026-02-17,4279.7998046875,0.01863615487028447,0.052038962156613744,0.031177695014564133,4019.93599609375,3770.2264184570313,91.8360430185658,13.329999923706056,11.9399995803833,63.54999923706055,0
2026-02-18,4325.89990234375,0.010771554689487761,0.05160924728887939,0.04475192008819873,4026.5199951171876,3775.3587756347656,90.28291895809268,12.670000076293944,12.1899995803833,64.36000061035156,0
2026-02-19,4280.5,-0.010494903573509129,0.026745022787239225,0.029708924705316386,4032.1799951171874,3780.2453088378907,82.68870136496008,12.220000267028809,11.670000076293944,63.959999084472656,0
2026-02-20,4380.60009765625,0.02338514137513137,0.050402887069503466,0.08742930291195461,4039.96599609375,3785.6947607421876,86.93904494944596,13.460000038146973,11.550000190734863,64.62999725341797,0
2026-02-23,4418.10009765625,0.008560470977495349,0.05547198947172327,0.09761009421904321,4048.25,3791.3193286132814,85.01016088404424,14.359999656677246,11.729999542236328,62.84000015258789,0
2026-02-24,4259.2001953125,-0.03596566370871601,0.020436592866266867,0.05976615957016662,4051.952001953125,3795.55494140625,63.19179435740432,14.170000076293944,13.289999961853027,62.88999938964844,0
2026-02-25,4298.5,0.009227038618835559,0.023086992740687817,0.10575194422585499,4056.0760009765627,3799.2771728515627,67.61007082568794,14.149999618530272,13.329999923706056,62.88999938964844,0
2026-02-26,4286.5,-0.0027916715133186054,0.001565539421998663,0.10882610219310385,4060.53,3803.039471435547,66.1777822466596,13.489999771118164,12.670000076293944,62.33000183105469,0
2026-02-27,4278.2998046875,-0.0019130281844161878,-0.011003513426295575,0.10670488660799204,4064.847998046875,3806.7305493164063,62.9135786966246,13.0600004196167,12.220000267028809,65.19000244140625,0
2026-03-02,4066.699951171875,-0.0494588652445036,-0.04994744745429858,0.054532738863600105,4065.5599951171876,3809.140212402344,43.55711721430476,13.699999809265137,13.460000038146973,66.43000030517578,0
2026-03-04,3882.60009765625,-0.04527008525981224,-0.11368305458113936,0.0033076770547877388,4061.7419970703127,3810.696252441406,35.26520992202296,17.1299991607666,14.359999656677246,66.38999938964844,1
2026-03-05,4038.699951171875,0.04020497851680771,-0.08587404950051769,0.05988714110270954,4061.067998046875,3813.0550842285156,43.41210070084477,21.13999938964844,14.170000076293944,66.30999755859375,0
2026-03-06,3949.800048828125,-0.02201200966116701,-0.07264278087348142,0.048665883135039056,4058.887998046875,3815.129919433594,40.61636493410081,17.860000610351562,14.149999618530272,65.62999725341797,1
2026-03-09,3842.10009765625,-0.02726719070344552,-0.10617655050453645,0.012731311140934842,4054.657998046875,3816.5612341308592,35.89702861785129,19.8799991607666,13.489999771118164,65.41999816894531,1
2026-03-10,3876.0,0.008823274116265045,-0.09576577627434968,0.03531170186646482,4051.2319970703124,3818.3483117675783,33.58269518853312,23.36000061035156,13.0600004196167,65.20999908447266,1
2026-03-11,3838.800048828125,-0.009597510622258776,-0.10272766657863464,0.013464279883458552,4047.2339990234377,3819.709130859375,30.051593714049517,18.90999984741211,13.699999809265137,67.0199966430664,1
2026-03-12,3719.5,-0.03107743235143068,-0.08537633839246606,-0.019636267791249384,4040.5839990234376,3820.2317041015626,28.3364111761709,21.059999465942383,17.1299991607666,71.2300033569336,1
2026-03-13,3439.0,-0.075413362011023,-0.11425335767235756,-0.12558161016236846,4027.6939990234373,3819.394874267578,18.08566308575908,21.520000457763672,21.13999938964844,74.66000366210938,1
2026-03-16,3469.39990234375,0.008839750608825137,-0.1409612141805524,-0.11771740221663018,4014.2739990234377,3818.6788354492187,17.689504690742282,22.649999618530277,17.860000610351562,81.01000213623047,1
2026-03-17,3542.800048828125,0.021156438735929317,-0.10304319078651936,-0.09652411069974465,4001.862001953125,3818.2852136230467,24.092272696692135,21.600000381469727,19.8799991607666,90.9000015258789,1
2026-03-18,3607.89990234375,0.01837525477543056,-0.06095629717074946,-0.10669014095149432,3991.012001953125,3818.119005126953,25.48280371460011,19.790000915527344,23.36000061035156,94.7699966430664,1
2026-03-19,3434.5,-0.048061173268999724,-0.11390608875128994,-0.15967313793720983,3976.89,3817.063504638672,22.86277325083539,18.71999931335449,18.90999984741211,83.44999694824219,1
2026-03-20,3434.800048828125,8.736317604451926e-05,-0.10524121987633339,-0.15467723093234587,3962.4460009765626,3816.0135046386717,22.997624555317287,22.799999237060547,21.059999465942383,87.25,1
2026-03-23,3342.39990234375,-0.02690117187924801,-0.10138462095879819,-0.17838798896089036,3948.7260009765623,3814.5930041503907,24.897750104623285,22.809999465942383,21.520000457763672,95.7300033569336,1
2026-03-24,3516.800048828125,0.0521781209848895,0.02262286967959426,-0.145079743937228,3938.5580029296875,3813.96400390625,37.23656276519204,26.729999542236328,22.649999618530277,98.70999908447266,1
2026-03-25,3649.300048828125,0.03767629611019596,0.051853390081334716,-0.12465817970061766,3931.16400390625,3813.92900390625,36.18561340552811,24.739999771118164,21.600000381469727,93.5,1
2026-03-27,3564.10009765625,-0.023346929556870677,0.006012207444552331,-0.1453816945340809,3924.6980078125,3813.3550048828124,36.28085777301435,24.63999938964844,19.790000915527344,96.20999908447266,1
2026-03-30,3504.10009765625,-0.01683454402401774,-0.028770145374618084,-0.16288010238987072,3917.4640087890625,3812.4765051269533,37.55522827687776,26.799999237060547,18.71999931335449,96.31999969482422,1
2026-04-01,3607.5,0.029508261597010366,0.05037123307613922,-0.13570040384190862,3912.2980078125,3812.0900048828125,40.5954465849387,27.88999938964844,22.799999237060547,96.13999938964844,1
2026-04-02,3613.10009765625,0.0015523486226611816,0.05190987722530083,-0.14004519870135668,3907.43201171875,3812.136005859375,41.91561259806768,25.01000022888184,22.809999465942383,98.31999969482422,1
2026-04-06,3727.699951171875,0.0317178739636812,0.1152764660380543,-0.12900132686368448,3904.590009765625,3812.837506103516,50.2947078586715,25.520000457763672,26.729999542236328,88.12999725341797,1
2026-04-07,3723.300048828125,-0.001180326314183855,0.05871815205098452,-0.1393004616655923,3902.8460107421874,3813.310506591797,62.7477394930956,25.46999931335449,24.739999771118164,92.3499984741211,1
2026-04-08,4005.89990234375,0.07590037058779897,0.09771732900673302,-0.06415140699830624,3907.6340087890626,3815.228505859375,69.61895987115344,24.700000762939453,24.63999938964844,90.31999969482422,0
2026-04-09,3896.199951171875,-0.027384596182169263,0.093179160072977,-0.11057849054597413,3909.6820068359375,3816.702005615234,62.58905673609845,19.700000762939453,26.799999237060547,99.63999938964844,0
2026-04-10,3959.89990234375,0.016349251057486303,0.13007613709219257,-0.10370978139575648,3914.00400390625,3818.396004638672,62.55170708690481,20.43000030517578,27.88999938964844,102.87999725341795,0
2026-04-13,3954.300048828125,-0.0014141401686216248,0.09613306966822588,-0.07158624448316275,3917.33400390625,3819.8575048828125,71.05477125555838,18.850000381469727,25.01000022888184,100.12000274658205,0
2026-04-15,4076.300048828125,0.030852489313792697,0.12820014354773734,-0.05169243949560898,3922.9800048828124,3822.3205053710935,73.65239233037073,20.5,25.520000457763672,111.54000091552734,0
2026-04-16,4119.7998046875,0.010671382218755188,0.105185465206866,-0.03888958248279484,3926.7180029296874,3824.8955041503905,79.73532615354273,18.670000076293945,25.46999931335449,112.41000366210938,0
2026-04-17,4096.10009765625,-0.005752635602410683,0.10012624390705782,-0.04258694232499172,3929.99400390625,3827.277004394531,75.04542413699417,18.09000015258789,24.700000762939453,112.9499969482422,0
2026-04-20,4051.0,-0.011010496955886406,0.011258418521606917,-0.003860612132781216,3932.5880029296877,3829.23400390625,68.78684749518672,17.209999084472656,19.700000762939453,94.41000366210938,0
2026-04-21,4075.39990234375,0.006023180040422016,0.04599352020369918,0.04965739448775186,3933.32,3831.215003662109,75.35457695801833,18.790000915527344,20.43000030517578,97.87000274658205,0
2026-04-22,4021.10009765625,-0.013323797906623192,0.01545498543442414,-0.004357801700648256,3932.0,3832.97150390625,75.78299945162036,17.530000686645508,18.850000381469727,96.56999969482422,0
2026-04-23,4054.10009765625,0.008206709407516222,0.02523836016381731,0.0264064123598029,3931.8160009765625,3834.9085046386717,73.95412496601878,18.299999237060547,20.5,99.08000183105467,0
2026-04-24,4014.300048828125,-0.009817233879137355,-0.015209871515180606,0.04481922563051399,3930.74,3836.996004638672,70.75747612210989,18.59000015258789,18.670000076293945,91.29000091552734,0
2026-04-27,4053.60009765625,0.00979001279179359,-0.016068670850444722,0.045820458631643524,3929.54,3839.349505615234,68.28641887635992,19.709999084472656,18.09000015258789,94.69000244140624,0
2026-04-28,4037.699951171875,-0.003922475355565558,-0.014257499839369414,0.051813040484999684,3926.9139990234376,3841.5650048828124,67.41636430815305,18.3799991607666,17.209999084472656,83.8499984741211,0
2026-04-29,4096.10009765625,0.014463716271791105,0.011133077673722624,0.10125019428854687,3925.4280029296874,3844.138505859375,56.64801542002732,18.049999237060547,18.790000915527344,89.61000061035156,0
2026-04-30,4014.0,-0.020043479333726966,-0.015065982189487515,0.1671997673742367,3921.9900048828126,3846.1765063476564,59.05040937098483,17.440000534057617,17.530000686645508,92.12999725341795,0
2026-05-01,4014.0,0.0,-0.0017657102493887633,0.1569724197225999,3918.7920068359376,3848.348006591797,54.60740364942863,18.459999084472656,18.299999237060547,92.95999908447266,0
2026-05-04,4100.7998046875,0.021624266240034773,0.01151913024008655,0.15750246928102762,3916.7780029296873,3850.978505859375,60.96063535785457,18.459999084472656,18.59000015258789,95.8499984741211,0
2026-05-05,4054.5,-0.01129043281619746,0.01001418695237044,0.1237839490408621,3912.2720068359376,3853.548005371094,48.1606419018435,18.299999237060547,19.709999084472656,94.4000015258789,0
2026-05-06,4008.5,-0.011345418670612895,-0.01112593659209904,0.1671276750618722,3905.9240087890626,3856.111005859375,40.648640754075444,17.90999984741211,18.3799991607666,96.37000274658205,0
2026-05-07,4023.0,0.0036173132094299287,-0.003640674480432482,0.17124721754110706,3900.7740087890625,3858.756005859375,43.76172471066893,16.68000030517578,18.049999237060547,99.93000030517578,0
2026-05-08,3974.5,-0.012055679840914713,-0.029686798358718902,0.18911564029576788,3892.6520068359373,3861.1095056152344,43.50924610940884,16.6200008392334,17.440000534057617,106.87999725341795,0
2026-05-11,3940.199951171875,-0.008630028639608711,-0.018385662388670898,0.12039351014136734,3883.09400390625,3863.440505371094,38.71829420984932,16.84000015258789,18.459999084472656,105.06999969482422,0
2026-05-12,3856.5,-0.02124256438990646,-0.039237668161434924,0.05677799808169004,3875.04,3865.399005126953,36.90740756563949,18.549999237060547,18.459999084472656,101.94000244140624,0
2026-05-13,3915.800048828125,0.015376649508135554,-0.0451130912676857,0.09867847185413026,3867.3860009765626,3867.464005126953,39.441134685146636,19.280000686645508,18.299999237060547,106.41999816894533,0
2026-05-14,3940.39990234375,0.006282203689891297,-0.028141595179738577,0.12451122757004662,3860.4639990234373,3869.8430041503907,44.22384304164817,19.43000030517578,17.90999984741211,102.2699966430664,0
2026-05-15,3909.0,-0.007968709552823139,-0.024822252712984882,0.08357588357588353,3853.0780029296875,3871.963504638672,38.556493957150565,18.61000061035156,16.68000030517578,95.08000183105467,0
2026-05-18,3917.800048828125,0.0022512276357444794,-0.026149627435216205,0.08433199826639948,3850.1000048828123,3874.1650048828124,40.40339694462574,18.790000915527344,16.6200008392334,94.80999755859376,0
2026-05-19,3921.0,0.0008167724569894119,-0.013460812680840317,0.05185504503047711,3850.8680029296875,3876.5555053710937,34.62684391705642,19.6299991607666,16.84000015258789,95.41999816894533,0
2026-05-20,3910.699951171875,-0.0026268933507077596,-0.007486929690262656,0.05033166811327283,3848.3080029296875,3878.9980053710938,39.62224630220002,18.68000030517578,18.549999237060547,98.06999969482422,0
2026-05-21,3956.0,0.011583616588777268,0.02580059639569554,-0.012456602401511585,3848.432001953125,3881.3000048828126,44.659295381646544,18.440000534057617,19.280000686645508,102.18000030517578,0
