,Close,return_1d,return_7d,return_30d,MA_50,MA_200,RSI,VIX_lag1,VIX_lag7,CRUDE_lag7,target
2008-10-21,596.3329467773438,0.03214743781726015,-0.0033105941870319455,-0.004116016186408666,594.7911303710938,650.2512464904785,52.60897729457969,57.130001068115234,39.33000183105469,77.69999694824219,0
2008-10-22,571.0255737304688,-0.04243832775572631,-0.10301445675982424,-0.06621569491486512,594.4745300292968,648.7748536682129,42.6209325251521,56.0,46.4900016784668,81.19000244140625,0
2008-10-23,524.107666015625,-0.08216428453165847,-0.17276824162506577,-0.1590988323129292,593.0893920898437,647.0398457336426,33.73979093653054,54.75,46.4900016784668,78.62999725341797,0
2008-10-24,473.8007507324219,-0.09598584135516797,-0.21037176273083613,-0.22631877105627962,589.9974212646484,645.1574893188476,30.093627601600602,54.970001220703125,46.06999969482422,74.54000091552734,0
2008-10-27,453.9947509765625,-0.04180238153958682,-0.24020331386066507,-0.2408183494916828,587.2117779541015,643.2156372070312,30.205893179439926,45.5,47.810001373291016,69.8499984741211,0
2008-10-29,477.8498229980469,0.05254481900984764,-0.1524588905687715,-0.22819366996077917,585.0709814453126,641.3948075866699,32.80562905877437,67.5,46.720001220703125,71.8499984741211,0
2008-10-31,495.7631530761719,0.037487363635997806,-0.1419211851750436,-0.21853752328248388,583.5340447998046,639.7681686401368,33.618082754662694,68.3499984741211,57.130001068115234,74.25,0
2008-11-03,530.0493774414062,0.06915847648719153,-0.11115194908170345,-0.13471767945732793,582.8659259033203,638.3787057495117,40.57142519939269,68.3499984741211,56.0,70.88999938964844,0
2008-11-04,542.0208740234375,0.022585625210652438,-0.05079404678418453,-0.12067128045566622,582.8527215576172,637.1170300292969,35.91187855801276,67.83999633789062,54.75,66.75,0
2008-11-05,542.10888671875,0.00016237879301428393,0.03434641748321288,-0.14095424660737887,582.6898712158203,635.8972943115234,36.256606783263756,62.150001525878906,54.970001220703125,67.83999633789062,0
2008-11-06,528.9049682617188,-0.024356579979626036,0.1163025120667589,-0.18919112879977518,582.3782586669922,634.7698947143555,38.61650451768419,66.75,45.5,64.1500015258789,0
2008-11-07,527.6725463867188,-0.0023301385862387614,0.16228776930057465,-0.16893118375719152,581.814008178711,633.6018225097656,38.77492408576782,62.150001525878906,67.5,63.220001220703125,0
2008-11-10,523.9754638671875,-0.007006395433772905,0.09652748342512019,-0.15073474165701228,581.277925415039,632.5185778808594,42.915303328679705,67.22000122070312,68.3499984741211,67.5,0
2008-11-11,504.741943359375,-0.03670691059817954,0.018111048042781075,-0.1833070836281241,580.2911541748047,631.2644659423828,37.252206240107384,63.7599983215332,68.3499984741211,67.80999755859375,0
2008-11-12,492.2861328125,-0.024677581704373064,-0.07124476744259689,-0.2071313213668622,579.1133636474609,630.04767578125,31.438447552682078,66.98999786376953,67.83999633789062,63.90999984741211,0
2008-11-14,471.9521179199219,-0.04130527662115335,-0.12927316910028408,-0.21621217401317272,577.4725573730469,628.898709564209,32.00638681347381,70.62000274658203,62.150001525878906,70.52999877929688,0
2008-11-17,482.2511596679688,0.021822217460192528,-0.1104164283546154,-0.1734933220582907,575.6812268066407,627.7844206237793,41.23177380337446,70.08000183105469,66.75,65.30000305175781,0
2008-11-18,451.7940673828125,-0.06315607889077157,-0.14579348939061088,-0.2563750206822184,573.5641967773438,626.4344090270996,44.97180966879063,85.12999725341797,62.150001525878906,60.77000045776367,1
2008-11-19,454.4349060058594,0.005845226428812911,-0.13879372895626307,-0.2632893570562215,570.9410162353515,625.2609814453125,50.10912869104739,64.66000366210938,67.22000122070312,61.040000915527344,1
2008-11-20,454.4349060058594,0.0,-0.13271720272565024,-0.24397750411471086,567.92259765625,623.8911924743652,43.41585186481927,60.84000015258789,63.7599983215332,62.40999984741211,1
2008-11-21,448.8892822265625,-0.012203340249627215,-0.11065587448722392,-0.22617600519179304,564.9244311523438,622.3582539367676,35.834010445824404,65.55000305175781,66.98999786376953,59.33000183105469,1
2008-11-24,466.8464965820313,0.040003660293242316,-0.051676524148930314,-0.21090638834815834,562.0310083007812,620.9225276184083,28.807491083115963,64.45999908447266,70.62000274658203,56.15999984741211,1
2008-11-25,471.0717468261719,0.009050620011235688,-0.0018653822290917166,-0.22199629406817045,558.9870623779296,619.5079275512695,24.90655505874163,62.810001373291016,70.08000183105469,57.040000915527344,1
2008-11-26,467.9909362792969,-0.006540002807707834,-0.02957011736060966,-0.21781680732756004,556.0989233398437,618.133839263916,24.32924811990341,59.560001373291016,85.12999725341797,54.95000076293945,1
2008-11-27,467.9909362792969,0.0,0.0358501141688532,-0.26486461636461567,553.4986334228515,616.5170849609375,26.77850504757194,56.209999084472656,64.66000366210938,54.38999938964844,1
2008-11-28,469.6634216308594,0.0035737558612980447,0.0335108844495402,-0.25870098204497327,550.5092663574219,614.9453880310059,27.959855564256927,56.209999084472656,60.84000015258789,53.619998931884766,1
2008-12-01,428.7752990722656,-0.08705835003418794,-0.056464867893011084,-0.2854104113013527,546.3966864013672,613.2773690795898,21.799199226889655,57.43999862670898,65.55000305175781,49.619998931884766,1
2008-12-02,404.9202575683594,-0.05563529791832933,-0.0979507116768521,-0.3223334208394665,542.24361328125,611.6663414001465,21.218236913892753,55.2599983215332,64.45999908447266,49.93000030517578,1
2008-12-03,426.8387145996094,0.05413030497134286,-0.08569793770615142,-0.24293503877382183,538.4523272705078,610.3057876586914,32.10587050462962,54.29999923706055,62.810001373291016,54.5,1
2008-12-04,429.43548583984375,0.0060837294074185255,-0.08838624109140669,-0.2567227103370152,534.4198492431641,608.9330990600586,37.12684115781322,54.65999984741211,59.560001373291016,50.77000045776367,1
2008-12-05,431.9002380371094,0.005739516827411917,-0.07711837013152878,-0.2757397685786923,530.0115002441406,607.5395347595215,33.995507215364,51.84000015258789,56.209999084472656,54.43999862670898,1
2008-12-08,439.3384399414063,0.01722203705675618,-0.06122446850293439,-0.23061512451843436,526.0996203613281,606.2078425598145,45.3621922983571,52.04999923706055,56.209999084472656,54.43999862670898,1
2008-12-10,454.038818359375,0.03346025997617974,-0.03326766052427399,-0.13369170534926134,522.8408959960938,604.9079341125488,49.864671575984424,50.27999877929688,57.43999862670898,54.43000030517578,1
2008-12-11,449.5494689941406,-0.009887589306694533,0.04845001558350903,-0.05118455743430661,519.4712554931641,603.5333755493164,48.38050872457096,50.36000061035156,55.2599983215332,49.27999877929688,1
2008-12-12,446.3365478515625,-0.007146980174989381,0.10228258406214996,-0.016868483850367988,515.9801385498047,602.2159240722656,49.140492063361584,51.75,54.29999923706055,46.959999084472656,1
2008-12-15,447.8328857421875,0.0033524879327664348,0.04918525528377016,-0.06281667547249892,512.8939422607422,600.9332565307617,42.79999537748603,49.43000030517578,54.65999984741211,46.790000915527344,1
2008-12-16,448.2731018066406,0.0009829918223258627,0.04386599754316123,-0.09579181303584017,510.18977905273437,599.6388111877442,41.11190585306031,48.09999847412109,51.84000015258789,43.66999816894531,1
2008-12-17,448.7131958007813,0.0009817541859349355,0.0389278733442775,-0.15345019747639677,507.01291625976563,598.5199934387207,42.326542343208665,44.90999984741211,52.04999923706055,40.810001373291016,1
2008-12-18,471.9521179199219,0.05179014643790003,0.07423360902102072,-0.12927316910028408,504.11509582519534,597.5459838867188,51.33057677735535,44.90999984741211,50.27999877929688,43.709999084472656,1
2008-12-19,483.615478515625,0.02471301675074189,0.06514125876532395,-0.10789974050632345,501.7656756591797,596.6163119506836,54.39177785057152,45.4900016784668,50.36000061035156,43.52000045776367,1
2008-12-22,465.04205322265625,-0.038405357392564676,0.03446246808650444,-0.12074553818042622,499.46467224121096,595.444372253418,63.281778603531656,44.90999984741211,51.75,47.97999954223633,1
2008-12-23,451.6180725097656,-0.02886616515617224,0.011833054415162136,-0.14413195152513125,496.66455932617185,594.149615020752,68.51659941838628,41.459999084472656,49.43000030517578,46.27999877929688,1
2008-12-24,442.3753051757813,-0.0204658934099331,-0.01218664537634706,-0.1557327858238977,493.4023095703125,592.7230232238769,56.84905134942067,45.70000076293945,48.09999847412109,44.5099983215332,1
2008-12-26,449.1093444824219,0.015222457555502,0.0018654759172722635,-0.11021988485181788,490.41822204589846,591.3115353393555,58.36767116673352,41.790000915527344,44.90999984741211,43.59999847412109,1
2008-12-29,439.4704895019531,-0.021462156374361552,-0.020598249361339804,-0.10728647384155154,486.47552978515625,589.7162132263184,53.03458612474022,45.15999984741211,44.90999984741211,40.060001373291016,1
2008-12-30,456.3716430664063,0.03845799426397689,-0.033012829611158034,-0.033012829611158034,482.93160034179687,588.1859574890136,56.34639944984773,43.88999938964844,45.4900016784668,36.220001220703125,1
2008-12-31,457.9118957519531,0.0033749964726066395,-0.05314880086668161,-0.05047009930006874,480.0892352294922,586.524049987793,51.599973475182274,42.5099983215332,44.90999984741211,33.869998931884766,1
2009-01-02,479.21429443359375,0.046520736585493605,0.030475182002845713,0.06069187054540848,477.7230938720703,584.812919921875,60.75992018644123,43.09000015258789,41.459999084472656,39.90999984741211,1
2009-01-05,490.3495178222656,0.023236417439995494,0.08576150439963293,0.07903136696093327,476.2539392089844,583.2114161682128,65.09661110093424,40.66999816894531,45.70000076293945,38.97999954223633,1
2009-01-06,494.1786804199219,0.007809047339665476,0.11710277368117583,0.0874575739865151,474.58232360839844,581.7723425292969,65.6463840289038,38.59999847412109,41.790000915527344,35.349998474121094,1
2009-01-07,497.4797058105469,0.006679821533013053,0.10770286105685378,0.10824589828246323,472.6052587890625,580.4738374328613,66.29739165239823,38.72999954223633,45.15999984741211,37.709999084472656,1
2009-01-09,515.701171875,0.03662755656487482,0.1734602986868088,0.10464826372405733,471.49877075195315,579.3068473815918,69.84875584820969,44.36000061035156,43.88999938964844,40.02000045776367,1
2009-01-12,509.9793395996094,-0.011095247766428451,0.11746500324386422,0.08259377268022527,471.2162042236328,578.1857312011718,62.57273275794225,47.81999969482422,42.5099983215332,39.02999877929688,1
2009-01-13,517.1535034179688,0.014067557764186889,0.12937337556765782,0.10505025488214081,472.08325927734376,577.1339038085938,61.427723502028144,47.81999969482422,43.09000015258789,44.59999847412109,1
2009-01-14,524.4156494140625,0.014042534659625794,0.09432388704910055,0.1205679613869517,473.49167724609373,576.2326220703125,71.92064844109139,53.470001220703125,40.66999816894531,46.34000015258789,1
2009-01-15,519.3101196289062,-0.009735654896761203,0.059061140582456595,0.10570697165568843,474.3208831787109,575.2761071777344,76.6273458689634,53.470001220703125,38.59999847412109,48.810001373291016,1
2009-01-16,519.0460815429688,-0.000508440093804019,0.05032066762150911,0.21053167630229774,474.7865417480469,574.2785186767578,82.45151160213344,45.16999816894531,38.72999954223633,48.58000183105469,1
2009-01-19,505.18206787109375,-0.02671056417700224,0.015482766373348555,0.24760877834275297,474.2891955566406,573.2651239013671,72.38230836379336,44.29999923706055,44.36000061035156,42.630001068115234,1
2009-01-20,492.5942687988281,-0.024917351332980453,-0.04480676860236554,0.15405246044961007,473.30066345214846,572.041792755127,70.71745352271451,44.459999084472656,47.81999969482422,40.83000183105469,1
2009-01-21,475.1209716796875,-0.035471986228643226,-0.06835251001989529,0.10638498062286805,471.9609051513672,570.7234498596191,57.279463689057174,45.0,47.81999969482422,37.59000015258789,1
2009-01-22,457.2078247070313,-0.03770228644997109,-0.11591467197794214,0.058595908131329866,470.52696228027344,569.3474305725098,49.75747653658289,45.40999984741211,53.470001220703125,37.77999877929688,1
2009-01-23,453.5105895996094,-0.008086552564560812,-0.13520774960410964,0.03225793231316887,469.04372314453127,567.9551095581055,39.92407336559988,45.54999923706055,53.470001220703125,37.27999877929688,1
2009-01-27,473.27252197265625,0.04357545959509812,-0.08865145491319903,0.04236136390888423,468.0296643066406,566.708776550293,43.72984336794001,34.0099983215332,45.16999816894531,35.400001525878906,1
2009-01-28,458.2199401855469,-0.03180531530621811,-0.11718832589315376,0.01928702354116063,467.0992242431641,565.4363264465333,37.80234409452569,42.86000061035156,44.29999923706055,36.5099983215332,1
2009-01-29,479.25823974609375,0.045913103545925704,-0.051315812206570555,0.07375979415756917,466.83866638183594,564.2913468933106,44.48294055412592,40.7599983215332,44.459999084472656,36.5099983215332,1
2009-01-30,500.2525939941406,0.04380593280810263,0.015546923056955153,0.1170519404020065,467.4046759033203,563.3550888061524,45.3997546749079,43.11000061035156,45.0,38.7400016784668,1
2009-02-02,499.1082153320313,-0.0022876016553403655,0.050486602533123426,0.11340210536950313,467.74181701660154,562.5105249023437,46.67209631820675,42.09999847412109,45.40999984741211,43.54999923706055,1
2009-02-03,513.8526000976562,0.02954145877125325,0.12389283894456904,0.1451693529552347,468.9829876708984,561.7613070678711,49.034276557394676,43.68999862670898,45.54999923706055,43.66999816894531,1
2009-02-04,529.9172973632812,0.031263240202680675,0.16847833218432462,0.12282004305613592,470.49263549804687,561.1579385375976,51.530738396724786,49.2400016784668,34.0099983215332,46.470001220703125,1
2009-02-05,507.9547424316406,-0.04144525011906597,0.07328171159065966,0.05032771901908695,471.5630322265625,560.4928099060058,47.1115129141323,44.38999938964844,42.86000061035156,41.58000183105469,1
2009-02-06,508.5270385742188,0.0011266675842782625,0.10978810387060212,0.0935076409761646,472.75578735351564,559.8119770812988,47.32844236024176,43.91999816894531,40.7599983215332,42.15999984741211,1
2009-02-09,523.9315185546875,0.030292351855387922,0.09321337663857632,0.1601207977418977,473.8974877929688,559.2027067565919,54.724891587324,50.650001525878906,43.11000061035156,41.43999862670898,1
2009-02-10,535.551025390625,0.022177529742801072,0.07056121611414934,0.21062595295146402,475.1870733642578,558.5766151428222,60.87825977148968,44.58000183105469,42.09999847412109,41.68000030517578,1
2009-02-11,556.5892944335938,0.039283407267540316,0.11516756754509272,0.23931799966228184,476.95904052734375,558.0565888977051,70.26493350017628,44.29999923706055,43.68999862670898,40.08000183105469,1
2009-02-12,540.3482666015625,-0.029179554825176313,0.05156277597675052,0.22954391593832169,478.40618713378905,557.4361360168457,70.85434705860919,46.650001525878906,49.2400016784668,40.77999877929688,1
2009-02-13,553.50830078125,0.024354726373891245,0.0445182739558625,0.2128455156901794,480.08308471679686,556.8474089050293,73.94594995936083,45.650001525878906,44.38999938964844,40.31999969482422,1
2009-02-16,547.6106567382812,-0.01065502366386284,0.07806977865154474,0.19588650528292262,482.4597918701172,556.2748442077636,69.06746400142526,43.310001373291016,43.91999816894531,41.16999816894531,1
2009-02-17,530.4454345703125,-0.03134566860004062,0.04310173173396503,0.1069065358270902,484.97029541015627,555.5850010681153,68.32695740842931,42.560001373291016,50.650001525878906,40.16999816894531,1
2009-02-18,543.033203125,0.023730562531628197,0.03645836124348123,0.10744108719982548,487.29418518066404,555.0367283630371,66.90776956517661,44.0,44.58000183105469,39.560001373291016,1
2009-02-19,556.1489868164062,0.02415282088816806,0.03846124916063287,0.12540060680850473,489.8284552001953,554.593787689209,65.46508315336179,43.040000915527344,44.29999923706055,37.54999923706055,1
2009-02-20,554.12451171875,-0.0036401668359499206,-0.0044283688879643845,0.11386355110890678,492.27294067382815,554.2088716125488,65.14781346712806,43.040000915527344,46.650001525878906,35.939998626708984,1
2009-02-24,564.4235229492188,0.01858609574682757,0.04455507278495374,0.09447787542749375,494.7746423339844,553.8370082092285,64.27325199803892,45.209999084472656,45.650001525878906,33.97999954223633,1
2009-02-25,584.405517578125,0.035402483802405404,0.05582069275793167,0.14593959440974302,497.38197631835936,553.5172206115723,65.04616989117699,45.20000076293945,43.310001373291016,37.5099983215332,1
2009-02-26,608.0405883789062,0.04044292890787382,0.11035200081854168,0.17574488881975459,500.5517987060547,553.115534210205,77.3843796096564,41.93999862670898,42.560001373291016,37.5099983215332,1
2009-02-27,596.2008666992188,-0.019471926555517105,0.12396266956689228,0.13688610811931912,503.5490850830078,552.6699394226074,72.5951816174111,39.869998931884766,44.0,34.93000030517578,1
2009-03-02,593.8241577148438,-0.003986423229361158,0.09353195034402395,0.1434865897456119,506.46891052246093,552.289781036377,69.30925366912933,40.61000061035156,43.040000915527344,34.619998931884766,1
2009-03-03,590.8754272460938,-0.004965662697350215,0.06244089489126625,0.1383872227483114,509.32095703125,551.8557820129395,66.0536046424722,43.36000061035156,43.040000915527344,39.47999954223633,1
2009-03-04,601.4824829101562,0.017951424572687058,0.0854644943327163,0.19062516499226834,512.3763427734375,551.4970976257324,63.86617229321865,44.43999862670898,45.209999084472656,38.93999862670898,1
2009-03-05,588.234619140625,-0.0220253526011831,0.04218657661004066,0.19415644151730005,514.7019927978515,551.0968553161621,65.06930300560155,42.77000045776367,45.20000076293945,39.959999084472656,1
2009-03-06,571.86181640625,-0.027833796586631876,-0.021464036177923584,0.20361308065303074,516.466919555664,550.5909403991699,55.66117588231838,41.560001373291016,41.93999862670898,42.5,1
2009-03-09,573.84228515625,0.0034631945920884366,-0.0562434545921221,0.2551016280702445,518.6429241943359,550.0936174011231,58.29156160229042,37.970001220703125,39.869998931884766,45.220001220703125,1
2009-03-12,607.1603393554688,0.05806134378916794,0.018382181691424915,0.3388007982162269,521.75376953125,549.6475590515137,72.00208800646148,41.02999877929688,40.61000061035156,44.7599983215332,1
2009-03-13,627.7584838867188,0.03392537884328206,0.05714541203992307,0.32642072958334145,525.4614331054687,549.1963725280762,73.23202418030797,38.47999954223633,43.36000061035156,40.150001525878906,1
2009-03-16,615.08251953125,-0.02019242221464934,0.04096818241025657,0.34233032129109175,528.7808966064454,548.6848634338379,66.19889147210611,35.56999969482422,44.43999862670898,41.650001525878906,1
2009-03-17,624.7655029296875,0.01574257614379415,0.03870939001728013,0.3036093093791816,532.486796875,548.2499464416504,68.63243465667426,36.63999938964844,42.77000045776367,45.380001068115234,1
2009-03-18,631.675537109375,0.011060204424355291,0.07384964528645832,0.26271316669429146,535.9928747558594,547.8556953430176,68.06144705063534,38.470001220703125,41.560001373291016,43.61000061035156,1
2009-03-19,643.3829956054688,0.018533974815090337,0.12506724027961713,0.28906512824570263,539.7022967529297,547.5529631042481,66.5759207281907,38.18999862670898,37.970001220703125,45.52000045776367,1
2009-03-20,625.82177734375,-0.027295123404982746,0.09058149518093916,0.21790135386064868,542.6344464111328,547.2327561950683,55.17414820953411,35.97999954223633,41.02999877929688,47.06999969482422,1
2009-03-23,645.3195190429688,0.031155422206583072,0.06284860392562508,0.2177740229539522,545.7338464355469,547.1316996765137,63.68320181073396,35.97999954223633,38.47999954223633,47.02999877929688,1
2009-03-24,646.1558227539062,0.0012959529136478132,0.029306396232643195,0.2720736096697913,548.7733892822266,547.0217189025878,64.70446394516384,37.630001068115234,35.56999969482422,46.25,1
2009-03-25,646.0237426757812,-0.00020440901942520018,0.05030418222275501,0.27038228780728835,551.7442700195312,546.8560356140136,65.74512947408775,36.84999847412109,36.63999938964844,47.34999847412109,1
2009-03-26,677.933349609375,0.04939386097703857,0.08510048399018455,0.29393503845600955,554.9889135742187,546.9125871276856,69.46000725222872,28.18000030517578,38.470001220703125,49.15999984741211,1
2009-03-27,676.4808959960938,-0.002142472580996535,0.07093097049753361,0.26314928722744213,558.3189447021484,546.9616578674317,73.89745344314916,36.93000030517578,38.18999862670898,48.13999938964844,1
2009-03-30,667.4141235351562,-0.013402850715520942,0.03735120152977078,0.19911419463132507,561.3241571044922,546.8594609069825,76.94205508915753,37.13999938964844,35.97999954223633,51.61000061035156,1
2009-03-31,686.4717407226562,0.02855441099531375,0.0969125165895155,0.2704246189964019,564.565278930664,546.874829864502,78.96752277361698,40.25,35.97999954223633,51.060001373291016,1
2009-04-01,697.6071166992188,0.01622117170451931,0.08102590439817203,0.2603372265864492,568.1312188720703,547.1016114807129,76.25850812662091,39.47999954223633,37.630001068115234,53.79999923706055,1
2009-04-02,699.41162109375,0.0025867058281592303,0.082419435783877,0.2772060084798875,571.738529663086,547.2729808044434,73.35041504909502,36.52999877929688,36.84999847412109,53.97999954223633,1
2009-04-06,703.4168090820312,0.005726510494661108,0.08884049085956547,0.3260870265606759,575.7032244873047,547.5137394714355,80.5107395971813,37.400001525878906,28.18000030517578,52.77000045776367,1
2009-04-08,719.4376220703125,0.02277570393745454,0.061221759461829395,0.32485015267971784,580.2400915527344,547.8846202087402,81.32822421933321,41.720001220703125,36.93000030517578,54.34000015258789,1
2009-04-09,712.219482421875,-0.010033030560267275,0.05283014884427373,0.2806271328459511,584.9820617675781,548.2065238952637,76.59879127187352,43.54999923706055,37.13999938964844,52.380001068115234,1
2009-04-13,724.279052734375,0.016932379147354792,0.08520186671809826,0.3070691467660398,590.323486328125,548.6225807189942,76.65308742423261,43.540000915527344,40.25,48.40999984741211,1
2009-04-15,745.2293090820312,0.0289256692825266,0.08559357199106299,0.32033708515206527,596.1578607177735,549.130064239502,88.48220576658815,46.560001373291016,39.47999954223633,49.65999984741211,1
2009-04-16,752.7554321289062,0.01009907011862654,0.07905354476689674,0.28807037149213044,601.7475189208984,549.7391761779785,87.51914078752617,48.02000045776367,36.52999877929688,48.38999938964844,1
2009-04-17,736.0745239257812,-0.022159797845561657,0.052419636343327136,0.21056807389820076,607.3046105957031,550.2871629333496,78.27286984517386,50.5099983215332,37.400001525878906,52.63999938964844,1
2009-04-20,736.2064819335938,0.00017927261917538573,0.04661485541460619,0.23482960702404898,612.4435754394531,550.6693727111816,78.35591232269326,50.79999923706055,41.720001220703125,51.04999923706055,1
2009-04-21,694.3060913085938,-0.056913911590334876,-0.03493218868565451,0.16921159620791615,616.3246453857422,550.871785736084,54.843717780142796,54.220001220703125,43.54999923706055,49.380001068115234,1
2009-04-22,663.8492431640625,-0.04386660080588911,-0.0679147937561766,0.12350118578814384,619.6194659423828,550.9275932312012,46.81042170054333,53.63999938964844,43.540000915527344,52.2400016784668,1
2009-04-23,702.9767456054688,0.05894034352576094,-0.02941173992052304,0.16874018043593253,623.401948852539,551.2607279968262,57.79624939520187,57.880001068115234,46.560001373291016,50.04999923706055,1
2009-04-24,706.8496704101562,0.00550932136645832,-0.051500441815889975,0.20164581853890318,626.9405963134766,551.7897120666504,54.78601191858481,57.880001068115234,48.02000045776367,49.25,1
2009-04-27,712.439453125,0.007908021958332734,-0.053557871897233045,0.24582448536638046,631.0302905273437,552.3957905578613,53.576730301586124,47.77999877929688,50.5099983215332,49.97999954223633,1
2009-04-28,706.9820556640625,-0.007660156153620479,-0.03952380814181278,0.2320145690754738,634.9993908691406,552.9079627990723,51.793960522859784,49.43000030517578,50.79999923706055,50.33000183105469,1
2009-04-29,716.53271484375,0.013509054583735747,-0.02672316472706404,0.1801375491758661,638.8514147949219,553.5380009460449,53.028472213414055,48.79999923706055,54.220001220703125,45.880001068115234,1
2009-04-30,716.53271484375,0.0,0.03201271573646225,0.14141462558561124,642.4710485839844,554.3128538513183,49.275665376092725,46.630001068115234,53.63999938964844,46.5099983215332,1
2009-05-04,738.8473510742188,0.031142522550885676,0.11297460783821567,0.20121662966017806,646.1162097167969,555.3137327575683,56.174751273883636,46.630001068115234,57.880001068115234,48.84999847412109,1
2009-05-05,732.0693359375,-0.00917376928653002,0.0413848544975326,0.17175057282234207,649.9506311035157,556.4775193786621,51.85185400131392,49.540000915527344,57.880001068115234,49.619998931884766,1
2009-05-06,711.7353515625,-0.027776036198757015,0.006911909783460457,0.12674198975551376,653.1151721191407,557.5059989929199,42.01464405130162,50.52999877929688,47.77999877929688,51.54999923706055,1
2009-05-07,738.8914184570312,0.03815472539745923,0.037128720505306134,0.1484472289505916,656.9407873535156,558.8045887756348,46.97755641234717,51.209999084472656,49.43000030517578,50.13999938964844,1
2009-05-08,729.1204223632812,-0.01322385921622149,0.0313139018477977,0.16506080286623126,660.914287109375,560.052794342041,48.43686719297918,54.7599983215332,48.79999923706055,49.91999816894531,1
2009-05-11,734.2259521484375,0.007002313511680125,0.02469285342895433,0.13777118230875773,664.7381420898438,561.2201559448242,49.56455552564532,57.02000045776367,46.630001068115234,50.970001220703125,1
2009-05-12,760.4578247070312,0.03572724783404335,0.061302308957183804,0.17689541427634525,668.8243188476563,562.535932006836,65.62052316783166,61.02999877929688,46.630001068115234,51.119998931884766,1
2009-05-13,738.5831909179688,-0.02876508476652173,-0.00035753008502492634,0.14327561377049913,672.5134924316407,563.6713473510742,68.39251718194734,50.310001373291016,49.540000915527344,54.470001220703125,1
2009-05-14,732.99365234375,-0.007567920097493186,0.0012626077351898246,0.08121787011378134,675.8848950195312,564.8657478332519,58.8479655492159,50.72999954223633,50.52999877929688,53.84000015258789,1
2009-05-15,746.6375732421875,0.018613968695105454,0.04903820163360617,0.10370829045037633,679.1295361328125,566.131862487793,61.089342452694424,51.25,51.209999084472656,56.34000015258789,1
2009-05-18,825.8611450195312,0.10610713231765789,0.11770298637939525,0.23740435794962433,683.485947265625,567.7777131652832,72.41262362033328,49.63999938964844,54.7599983215332,56.709999084472656,1
2009-05-19,880.17333984375,0.06576431782964476,0.20717142579940973,0.2821698077726871,689.1653967285156,569.7789990234374,78.68491783617537,49.63999938964844,57.02000045776367,58.630001068115234,1
2009-05-20,917.1002807617188,0.04195416885101766,0.24907091349490984,0.31463722030395647,695.6309191894532,571.9695065307617,80.45714745430963,58.09999847412109,61.02999877929688,58.5,1
2009-05-21,853.1932983398438,-0.06968374534657817,0.12194689911769818,0.2198729226226006,700.8772766113282,573.6174710083008,67.379374228365,50.790000915527344,50.310001373291016,58.84999847412109,1
2009-05-22,846.7674560546875,-0.007531519876749826,0.1464753956859739,0.20379189851850543,705.7829760742187,575.1461560058593,64.3023853823683,50.790000915527344,50.72999954223633,58.02000045776367,1
2009-05-25,856.80224609375,0.011850703480997371,0.168908139046118,0.1909333343287578,711.1543286132812,576.6031341552734,66.38907048853548,49.63999938964844,51.25,58.619998931884766,1
2009-05-26,843.2023315429688,-0.01587287453176589,0.12933284067323303,0.18390798392047847,716.5811389160157,578.2513806152343,67.58507180721003,43.709999084472656,49.63999938964844,56.34000015258789,1
2009-05-27,857.814697265625,0.017329607824870807,0.03869119214385375,0.18437043571412448,722.2605871582032,579.8844467163086,66.4595550264755,52.369998931884766,49.63999938964844,59.02999877929688,1
2009-05-28,883.650390625,0.030118035330624515,0.003950415928148043,0.1857429382554412,727.7903881835938,581.5979824829102,70.47710371585713,41.56999969482422,58.09999847412109,59.650001525878906,1
2009-05-29,904.1163940429688,0.023160747321679276,-0.014157543063846756,0.2010758812938629,733.3175463867187,583.4345980834961,71.63193906373883,44.58000183105469,50.790000915527344,62.040000915527344,1
2009-06-01,917.5844116210938,0.014896331564014265,0.0754707208865133,0.24659172651058126,739.3675842285156,585.3549362182617,70.67888203866713,40.29999923706055,50.790000915527344,61.04999923706055,1
2009-06-02,911.9948120117188,-0.006091646216504376,0.07703101423021463,0.23877585214467212,745.1121704101563,587.4406285095215,73.84416266267324,41.83000183105469,49.63999938964844,61.66999816894531,1
2009-06-03,919.78515625,0.008542092713331284,0.0735092729312925,0.3247545538833376,750.8743627929688,589.4715699768067,75.52939174421824,41.040000915527344,43.709999084472656,61.66999816894531,1
2009-06-04,949.7139892578124,0.032538938908117876,0.12631803035926015,0.4306169646759721,757.0009826660156,591.7054507446289,76.57225933573903,40.66999816894531,52.369998931884766,62.45000076293945,1
2009-06-05,956.93212890625,0.007600329920462112,0.11554643672645426,0.36125716090658355,763.6231896972656,594.0343962097168,71.1325966578986,41.310001373291016,41.56999969482422,63.45000076293945,1
2009-06-08,925.9027709960938,-0.03242587114889961,0.04781572080923202,0.3099005485265769,769.2348547363281,596.1621078491211,57.97144315666302,40.54999923706055,44.58000183105469,65.08000183105469,1
2009-06-09,959.4407958984376,0.036221972709146844,0.06119168087205318,0.34669801298904246,775.5005541992188,598.2770932006836,57.468940738962246,42.27000045776367,40.29999923706055,66.30999755859375,1
2009-06-10,976.51806640625,0.017799191550762483,0.06422695725730376,0.3812487298408367,782.1104406738282,600.312774963379,76.06030613253017,40.7599983215332,41.83000183105469,68.58000183105469,1
2009-06-11,966.0426635742188,-0.01072730059217697,0.059263332258742585,0.3482185021864326,787.872626953125,602.2087103271484,74.78046733036861,40.470001220703125,41.040000915527344,68.55000305175781,1
2009-06-12,955.171630859375,-0.011253160056743816,0.03847254369014497,0.33304678358986517,793.4464416503906,604.0177456665039,70.3663322496118,41.02000045776367,40.66999816894531,66.12000274658203,1
2009-06-15,937.8743286132812,-0.018109103837737783,-0.012466553908280997,0.26937496256797133,798.8556457519531,605.5651208496093,69.30526217268553,40.83000183105469,41.310001373291016,68.80999755859375,1
2009-06-16,946.76513671875,0.009479743537297303,-0.010624569789626226,0.2932724951610042,804.061513671875,607.3325619506836,68.57190335745082,52.709999084472656,40.54999923706055,68.44000244140625,1
2009-06-17,934.0012817382812,-0.01348154308333016,0.008746610330882865,0.3122873265854118,808.7893969726563,609.0781201171875,61.11970039383696,41.68999862670898,42.27000045776367,68.08999633789062,1
2009-06-18,908.209716796875,-0.027614057331276087,-0.05339681126816054,0.2291517997237238,812.9653588867187,610.7561187744141,50.8832112039618,62.04999923706055,40.7599983215332,70.01000213623047,1
2009-06-19,924.1864013671876,0.01759140457851527,-0.05359006334788219,0.26753602425734213,817.3807507324219,612.5597741699219,51.40924690685373,54.4900016784668,40.470001220703125,71.33000183105469,1
2009-06-22,938.53466796875,0.015525295092349678,-0.02847492832634646,0.2782640891710235,821.7626916503906,614.5390420532226,55.46094566520507,48.95000076293945,41.02000045776367,72.68000030517578,1
2009-06-23,927.2232055664062,-0.012052258470989563,-0.029260108225600656,0.2192960285780765,826.0627661132812,616.4239010620117,51.508621916928426,47.52999877929688,40.83000183105469,72.04000091552734,1
2009-06-24,932.9889526367188,0.006218294619568354,-0.005208987843590807,0.2632144409854864,830.2369641113281,618.3664178466797,46.239112527013695,48.22999954223633,52.709999084472656,70.62000274658203,1
2009-06-25,902.9721069335938,-0.0321727771998741,-0.046255431349037535,0.23189621635376656,833.3918200683594,620.1018530273437,38.9946514425022,42.220001220703125,41.68999862670898,70.47000122070312,1
2009-06-26,932.4168090820312,0.03260865083466302,-0.0016964352054219534,0.2488211717408204,836.9850476074218,622.0100390625,51.33720606800824,38.59000015258789,62.04999923706055,71.02999877929688,1
2009-06-29,940.0310668945312,0.008166152452781628,0.03503744730885017,0.13824348386350094,841.0641784667969,623.9397918701172,45.54097017329989,37.9900016784668,54.4900016784668,71.37000274658203,1
2009-06-30,940.955322265625,0.000983217899539257,0.0181445224400949,0.0690568319561522,845.1591552734375,625.8886901855469,41.17515557752704,40.310001373291016,48.95000076293945,69.55000305175781,1
2009-07-01,943.8601684570312,0.003087124460289914,0.005674271468103731,0.029178802205890086,850.1502368164063,627.8380288696289,44.28055162828291,42.540000915527344,47.52999877929688,66.93000030517578,1
2009-07-02,926.3870239257812,-0.018512429187274693,-0.0009018126763924439,0.08578797527870763,855.4009924316406,629.6108755493165,42.822643705555,43.150001525878906,48.22999954223633,69.23999786376953,1
2009-07-03,931.9766845703124,0.00603382873482361,-0.0010849732609862217,0.10062884196404664,859.9809912109375,631.4825311279296,48.438257116470524,43.880001068115234,42.220001220703125,68.66999816894531,1
2009-07-06,913.359130859375,-0.01997641573997211,0.011503150369787773,0.06600926295825404,864.1111804199219,633.1213571166992,41.58720487339705,45.86000061035156,38.59000015258789,70.2300033569336,1
2009-07-07,950.8142700195312,0.04100811815929939,0.019730940882128012,0.1276229138024847,868.8786767578125,634.8486492919922,53.76577457410427,39.88999938964844,37.9900016784668,69.16000366210938,1
2009-07-08,970.2683715820312,0.020460464441809822,0.03216628232021246,0.13109320075170583,874.1444030761719,636.7060031127929,64.30604156026155,36.16999816894531,40.310001373291016,71.48999786376953,1
2009-07-09,967.539306640625,-0.002812690819712582,0.028252121802118335,0.09493450906109024,879.1645349121094,638.4861114501953,60.644023561808375,37.380001068115234,42.540000915527344,69.88999938964844,1
2009-07-10,971.4564208984376,0.004048532427497031,0.02923764913876936,0.07448159031199753,884.2630090332032,640.2270483398438,58.51933327478885,36.63999938964844,43.150001525878906,69.30999755859375,1
2009-07-13,939.2388305664062,-0.03316421574756323,0.013873042593108176,0.023599375350171536,888.2708386230469,641.8612530517578,52.80576294222008,35.83000183105469,43.880001068115234,66.7300033569336,1
2009-07-14,955.7437133789062,0.017572615479011677,0.025501741837620884,0.04797055947136819,892.744326171875,643.6499444580078,55.0596907081618,36.58000183105469,45.86000061035156,66.7300033569336,1
2009-07-15,976.60595703125,0.021828282373512087,0.0692463939265231,0.061776166309218006,898.04173828125,645.4373153686523,67.06790195941394,35.04999923706055,39.88999938964844,64.05000305175781,1
2009-07-16,1005.258544921875,0.029338944416973378,0.05726068341530599,0.05848556122403736,903.3690808105468,647.2915866088867,66.9465246276047,36.150001525878906,36.16999816894531,62.93000030517578,1
2009-07-17,1039.9847412109375,0.03454454226177339,0.07185266640737042,0.08679049411750306,909.5863671875,649.4286407470703,70.64916390380475,37.59000015258789,37.380001068115234,60.13999938964844,1
2009-07-20,1064.8958740234375,0.02395336376137025,0.10062285502471457,0.15011630527664788,916.199765625,651.6711050415039,73.29575986016867,35.88999938964844,36.63999938964844,60.40999984741211,1
2009-07-21,1091.568115234375,0.02504680679263349,0.12364084662166719,0.1377128426274714,922.8219714355469,653.9736486816406,75.48598834954892,36.970001220703125,35.83000183105469,59.88999938964844,1
2009-07-22,1068.9012451171875,-0.020765419767066584,0.138050525948324,0.09460467951291784,929.4283325195313,656.0565664672852,74.15688698260027,36.59000015258789,36.58000183105469,59.68999862670898,1
2009-07-23,1140.6427001953125,0.06711700955148547,0.19346084544225794,0.18073739722332638,937.5813134765625,658.5851177978516,78.89085243793694,37.13999938964844,35.04999923706055,59.52000045776367,1
2009-07-24,1213.22021484375,0.06362861449602941,0.2422822184412794,0.270159388791946,946.9129663085937,661.5663436889648,86.12017049748822,34.04999923706055,36.150001525878906,61.540000915527344,1
2009-07-27,1205.8701171875,-0.006058337609546549,0.19956216565283302,0.28574807988450956,954.5131457519532,664.5055368041992,83.12559065997436,36.470001220703125,37.59000015258789,62.02000045776367,1
2009-07-28,1222.72705078125,0.013979062382826202,0.17571633729695968,0.2914787452133214,961.3642199707032,667.5147100830078,83.01097954975656,37.38999938964844,35.88999938964844,63.560001373291016,1
2009-07-29,1230.649169921875,0.0064790577222964,0.15565211579999927,0.31760972279556055,967.6351977539063,670.6572424316406,83.94274163500569,36.06999969482422,36.970001220703125,63.97999954223633,1
2009-07-30,1229.76904296875,-0.0007151729141302576,0.12660769933235128,0.35405845172629125,975.1667126464844,673.8886813354492,83.58704996051002,37.33000183105469,36.59000015258789,64.72000122070312,1
2009-07-31,1245.085693359375,0.012454899949058351,0.1648276199948404,0.3472235595735531,983.1330773925781,677.076328125,91.59585292833934,37.59000015258789,37.13999938964844,65.4000015258789,1
2009-08-03,1295.65673828125,0.04061651755505191,0.13590060941905335,0.38051025977059694,991.9101672363281,680.4703961181641,92.30855368725796,39.209999084472656,34.04999923706055,67.16000366210938,1
2009-08-04,1313.834228515625,0.014029557132924086,0.08293136929377076,0.41695572395974745,1001.3228051757812,684.0341348266602,92.25680312482409,40.650001525878906,36.470001220703125,68.05000305175781,1
2009-08-05,1269.0726318359375,-0.0340694401989049,0.05241237322958736,0.36022257096336796,1009.5479638671875,687.4790368652343,81.77476367761648,36.79999923706055,37.38999938964844,68.37999725341797,1
2009-08-06,1201.29248046875,-0.053409197918902085,-0.017530135036110117,0.3303760672610625,1015.9008056640625,690.5273806762696,67.995647596986,36.70000076293945,36.06999969482422,67.2300033569336,1
2009-08-07,1138.5301513671875,-0.05224566882918669,-0.07485400454179436,0.22105279557119495,1020.5890808105469,693.1925924682618,57.57497214695958,37.650001525878906,37.33000183105469,63.34999847412109,1
2009-08-10,1099.0501708984375,-0.034676271349810994,-0.1062954648417136,0.1691636687383522,1024.2183959960937,695.6962747192383,50.749938884624214,40.84999847412109,37.59000015258789,66.94000244140625,1
2009-08-11,1141.0826416015625,0.03824436028135536,-0.08353083832904795,0.21268525146770245,1028.8001525878906,698.2186624145507,56.964493344916676,38.18999862670898,39.209999084472656,69.44999694824219,1
2009-08-12,1135.6253662109375,-0.004782541764867698,-0.12351371111039922,0.20317119438082987,1033.1169567871093,700.7289486694336,49.44489402988945,38.20000076293945,40.650001525878906,71.58000183105469,1
2009-08-13,1208.6868896484375,0.06433593825160222,-0.08003090236580557,0.30473210270837425,1038.296414794922,703.7722323608399,49.49898020609577,42.52000045776367,36.79999923706055,71.41999816894531,1
2009-08-14,1187.692626953125,-0.017369479949781663,-0.06412556920803025,0.2743801927842331,1042.9116247558593,706.7230886840821,48.04985130623686,42.79999923706055,36.70000076293945,71.97000122070312,1
2009-08-17,1122.861328125,-0.054585923459373076,-0.06528897301774983,0.22937548899139526,1046.8507958984376,709.5183590698242,40.28597076173378,44.2400016784668,37.650001525878906,71.94000244140625,1
2009-08-18,1147.84130859375,0.022246719023143013,0.008178226299392577,0.20721926961631687,1050.6188061523437,712.3687683105469,42.20391490206769,46.4900016784668,40.84999847412109,70.93000030517578,1
2009-08-19,1149.12109375,0.001114949555019784,0.045558359552076766,0.18433324985781807,1054.0708666992186,715.1327090454101,42.41297291735379,45.040000915527344,38.18999862670898,70.5999984741211,1
2009-08-20,1209.71728515625,0.05273264213478379,0.06014870531932348,0.25030298702435827,1058.9443591308593,718.326167602539,46.93389986839828,40.209999084472656,38.20000076293945,69.44999694824219,1
2009-08-21,1225.340576171875,0.012914828288666635,0.07900070976776097,0.2613438439561049,1064.3477380371094,721.8323321533203,43.51108577762658,36.83000183105469,42.52000045776367,70.16000366210938,1
2009-08-24,1263.737548828125,0.03133575546498846,0.04554583958108438,0.34549116550689285,1070.8650024414062,725.7820161437988,45.54329430816332,38.5099983215332,42.79999923706055,70.5199966430664,1
2009-08-25,1251.4241943359375,-0.00974360103773586,0.05365998401986194,0.3093721431990295,1076.95818359375,729.7691633605957,48.33376052694178,38.5099983215332,44.2400016784668,67.51000213623047,1
2009-08-26,1240.3905029296875,-0.008816907533184648,0.10466935841573832,0.27010335540068464,1083.0859680175781,733.5818667602539,54.134360821215814,48.29999923706055,46.4900016784668,66.75,1
2009-08-27,1249.791259765625,0.007578868762485591,0.08881885536666778,0.2432535550968673,1089.9175988769532,737.3520072937011,63.26176300864832,36.27000045776367,45.040000915527344,69.19000244140625,1
2009-08-28,1254.64599609375,0.003884437733254309,0.09183096796124746,0.20640808117325382,1096.5267907714845,740.9749903869629,70.21483238214923,34.84000015258789,40.209999084472656,72.41999816894531,1
2009-08-31,1269.0777587890625,0.011502657116226223,0.04906970774179298,0.1917388260639754,1103.1376525878907,744.610274810791,67.91369738320363,33.27000045776367,36.83000183105469,72.54000091552734,1
2009-09-01,1359.7293701171875,0.07143109293367766,0.10967464601977084,0.24566607538296825,1111.7877758789064,748.6983772277832,75.32539265629,34.5099983215332,38.5099983215332,73.88999938964844,0
2009-09-02,1332.2340087890625,-0.020221201315784865,0.05420149146035502,0.2463583655410606,1119.772677001953,752.7150224304199,65.56467542182031,34.97999954223633,38.5099983215332,74.37000274658203,1
2009-09-03,1330.5565185546875,-0.0012591558414724036,0.06323381358368341,0.16649720225874054,1128.324365234375,756.7294422912597,68.91904780533477,34.959999084472656,48.29999923706055,72.05000305175781,0
2009-09-04,1365.15771484375,0.026005055633899765,0.10058704224143433,0.12523488987493336,1136.9791833496095,760.9353535461426,84.8792322144896,34.11000061035156,36.27000045776367,71.43000030517578,0
2009-09-07,1372.219482421875,0.005172858418730941,0.09795893650209164,0.13794965383366353,1145.6229516601563,765.272741241455,84.05675996964342,32.5099983215332,34.84000015258789,72.48999786376953,0
2009-09-08,1339.6923828125,-0.02370400655729421,0.06778516568301796,0.09565939672023793,1153.5976928710938,769.5097724914551,76.41941128489086,32.209999084472656,33.27000045776367,72.73999786376953,0
2009-09-09,1335.5438232421875,-0.0030966508607022103,0.05237351611657437,0.08523522047064924,1161.4313659667969,773.8277310180664,70.68034802064562,31.96999931335449,34.5099983215332,69.95999908447266,0
2009-09-10,1314.4034423828125,-0.01582904318935363,-0.03333452136175352,0.06882137739436756,1169.1916943359374,777.9884924316407,64.37728067938677,31.65999984741211,34.97999954223633,68.05000305175781,0
2009-09-11,1296.3084716796875,-0.013766679331211673,-0.02696638643989402,0.04113996216767046,1176.478330078125,782.211064453125,55.62668254722731,32.58000183105469,34.959999084472656,68.05000305175781,0
2009-09-14,1301.427978515625,0.0039492967513388155,-0.021891997546036768,0.004454297240819249,1184.23970703125,786.4460298156738,58.858414922185496,31.170000076293945,34.11000061035156,67.95999908447266,0
2009-09-15,1324.0250244140625,0.017363270401033803,-0.030130357820521425,0.007756530981805065,1191.7039221191405,790.7939804077148,64.23313174019913,31.670000076293945,32.5099983215332,68.0199966430664,0
2009-09-16,1339.295166015625,0.011533121595130202,-0.023993476865771357,0.05533373931332686,1199.0844580078126,795.2460098266602,64.9336635558941,30.200000762939453,32.209999084472656,68.0199966430664,0
2009-09-17,1376.9415283203125,0.028109085480152007,0.027804252667028795,0.14621672132919983,1207.2725024414062,799.7964849853515,68.39233805721159,28.31999969482422,31.96999931335449,71.0999984741211,0
2009-09-18,1446.982421875,0.05086700641539088,0.08344061549570303,0.27092147725504856,1216.7830224609374,804.6760383605957,72.92158225202252,27.270000457763672,31.65999984741211,71.30999755859375,0
2009-09-22,1463.3564453125,0.011315979510160501,0.11332365552821333,0.33147374347456227,1227.2653747558593,809.6528659057617,66.51191722421981,25.86000061035156,32.58000183105469,71.94000244140625,0
2009-09-23,1460.1346435546875,-0.0022016520774092996,0.12637900272511748,0.27960464064664126,1237.353193359375,814.6135844421386,72.0882990591789,26.799999237060547,31.170000076293945,69.29000091552734,0
2009-09-24,1443.363525390625,-0.011486007977478896,0.10906139196184172,0.2709856334104872,1246.6883447265625,819.4820849609375,68.51633302009093,26.51000022888184,31.670000076293945,68.86000061035156,0
2009-09-25,1445.7467041015625,0.0016511285403948417,0.09193306579788185,0.19613004532718725,1255.4981079101562,824.566941986084,64.79256993692513,24.36000061035156,30.200000762939453,70.93000030517578,0
2009-09-29,1446.1883544921875,0.0003054825505546255,0.07981301746542369,0.21764530794655235,1263.6221801757813,829.7732824707032,63.91560335708968,26.11000061035156,28.31999969482422,72.51000213623047,0
2009-09-30,1501.79736328125,0.03845212044221502,0.09067620693613998,0.3374735825919064,1272.3602099609375,835.1480757141113,78.05956903728558,26.059999465942383,27.270000457763672,72.47000122070312,0
2009-10-01,1461.67919921875,-0.026713433545286436,0.01015684580653442,0.27341574856675166,1279.762431640625,840.3092942810058,69.41570308527682,25.270000457763672,25.86000061035156,72.04000091552734,0
2009-10-05,1409.689453125,-0.03556850649686871,-0.0366739029027473,0.22675448287583921,1286.5781958007813,845.1982403564454,63.39499696435233,25.3700008392334,26.799999237060547,71.55000305175781,0
2009-10-06,1411.6309814453125,0.0013772737789932155,-0.033218622901305284,0.16690982163074808,1291.9979614257813,850.0597030639649,66.98296026939127,28.71999931335449,26.51000022888184,68.97000122070312,0
2009-10-07,1359.86181640625,-0.03667329898502092,-0.057852167881114025,0.10978273538826011,1294.9307934570313,854.5888180541992,57.56574289023422,27.75,24.36000061035156,65.88999938964844,1
2009-10-08,1333.5135498046875,-0.019375694121035014,-0.07762988771025459,0.055213996799625464,1297.483662109375,859.008638458252,51.21671144482019,30.479999542236328,26.11000061035156,66.0199966430664,1
2009-10-09,1306.635986328125,-0.020155448349586824,-0.09649667536775641,0.044119166180485614,1299.1618408203126,863.3101356506347,45.933183232938745,29.8700008392334,26.059999465942383,66.70999908447266,1
2009-10-12,1337.8392333984375,0.02388059673604981,-0.10917460230758647,0.07856294468442404,1301.3056420898438,867.760167388916,45.051461855321,30.25,25.270000457763672,70.61000061035156,1
2009-10-13,1337.8392333984375,0.0,-0.08472444971954407,0.0704501435298277,1303.4670458984374,872.207998046875,33.21124366596477,28.200000762939453,25.3700008392334,70.81999969482422,1
2009-10-14,1341.325439453125,0.0026058482720914267,-0.0484957970851847,0.06908677318482281,1305.3918408203126,876.6710592651367,30.453813125190635,28.200000762939453,28.71999931335449,70.41000366210938,1
2009-10-15,1347.0185546875,0.004244395183242045,-0.045771471161435096,0.06141530363971359,1306.4190771484375,881.0463914489746,32.02406240239927,26.3799991607666,27.75,70.87999725341797,1
2009-10-16,1337.397705078125,-0.007142328942608356,-0.01651940738176738,-0.01642361011672333,1306.8903466796876,885.3153025817871,32.7687592550687,26.63999938964844,30.479999542236328,69.56999969482422,1
2009-10-20,1367.055419921875,0.022175688451639308,0.0251530028488276,0.026137608635635745,1308.8500024414063,889.8253694152831,38.24647935345326,26.020000457763672,29.8700008392334,71.69000244140625,1
2009-10-21,1330.3802490234375,-0.026827859620009664,0.018172056290932215,-0.00013247804869009894,1311.4317578125,894.2191802978516,34.392007233606265,26.690000534057617,30.25,71.7699966430664,1
2009-10-22,1316.1689453125,-0.010682136720963298,-0.016197976217882104,-0.035885062215582186,1314.9845336914063,898.5881484985351,21.83966921702003,26.780000686645508,28.200000762939453,73.2699966430664,1
2009-10-23,1340.619384765625,0.018576976413403834,0.0020780907733772835,-0.02302845722644742,1319.81591796875,903.0456986999511,30.718312006059875,25.489999771118164,28.200000762939453,74.1500015258789,1
2009-10-26,1339.5162353515625,-0.0008228654803879021,-0.0013488181528117371,-0.00013148351307912254,1323.78458984375,907.5459274291992,36.66099716679699,24.489999771118164,26.3799991607666,75.18000030517578,1
2009-10-27,1305.5325927734375,-0.025370086364952416,-0.030798359658592123,-0.02247116863293508,1327.182734375,911.7917321777344,32.022087507766955,24.489999771118164,26.63999938964844,77.58000183105469,1
2009-10-28,1249.3499755859375,-0.043034250924480655,-0.06583511333829017,-0.04949276964684679,1327.99599609375,915.7489225769043,31.550197293687376,28.18000030517578,26.020000457763672,78.52999877929688,1
2009-10-29,1217.3525390625,-0.02561126757811072,-0.10950754349661285,-0.06090829022731037,1328.5891943359375,919.4396138000488,30.966101498283606,28.479999542236328,26.690000534057617,79.08999633789062,1
2009-10-30,1238.6693115234375,0.01751076354377501,-0.06893588323136957,-0.04822292745217327,1330.9053540039063,923.1812127685547,38.6564027882305,28.21999931335449,26.780000686645508,81.37000274658203,1
2009-11-03,1260.2952880859375,0.01745903960105566,-0.04245173647771816,-0.04813333219009819,1333.15443359375,927.0117958068847,36.630556851071425,25.38999938964844,25.489999771118164,81.19000244140625,1
2009-11-04,1290.747802734375,0.02416299968453184,-0.037200403483624744,-0.03624844210083833,1335.9869677734375,930.9781362915039,42.65245508598829,24.43000030517578,24.489999771118164,80.5,1
2009-11-05,1311.4022216796875,0.016001901302142185,-0.02098818433842753,-0.04759774129303396,1338.0206665039063,934.9566415405274,45.568573572080666,29.88999938964844,24.489999771118164,78.68000030517578,1
2009-11-06,1298.647705078125,-0.009725861669828584,-0.005273623755869927,-0.10251314359760011,1339.4868090820312,938.89998336792,42.983356423833925,29.56999969482422,28.18000030517578,79.55000305175781,1
2009-11-09,1310.1226806640625,0.008836095841132874,0.04864345961156569,-0.10471390284935966,1340.41451171875,942.8648292541504,46.06467171164773,29.040000915527344,28.479999542236328,77.45999908447266,1
2009-11-10,1275.962890625,-0.02607373381380429,0.04814575045585112,-0.12613340402726336,1340.9052856445312,946.6225654602051,37.025435522379965,28.920000076293945,28.21999931335449,79.87000274658203,1
2009-11-11,1281.1707763671875,0.004081533859998432,0.034312196522797045,-0.11237137849908074,1341.7208911132811,950.4318687438965,42.300804977306775,30.059999465942383,25.38999938964844,77.0,1
2009-11-12,1256.146484375,-0.01953236247172674,-0.0032919298756075577,-0.1311434563113092,1341.8479956054687,954.1173707580566,40.916379646057585,28.959999084472656,24.43000030517578,79.5999984741211,1
2009-11-13,1304.9146728515625,0.038823647626436975,0.010975707328089834,-0.09768691692323273,1342.853369140625,958.116033782959,44.9670016687585,29.63999938964844,29.88999938964844,80.4000015258789,1
2009-11-16,1375.529541015625,0.05411454835568019,0.04889980989493914,-0.0840778026069674,1344.9824047851562,962.5307101440429,54.24467072764016,29.09000015258789,29.56999969482422,79.62000274658203,1
2009-11-17,1373.7640380859375,-0.0012835078252001475,0.057841963385515394,-0.06014668689258362,1345.2630981445313,967.0239254760742,58.70299589382617,27.950000762939453,29.040000915527344,77.43000030517578,1
2009-11-18,1376.3238525390625,0.0018633581766280827,0.050530513555756995,-0.023668759464698153,1346.1448950195313,971.6195056152344,68.76219343257392,26.780000686645508,28.920000076293945,79.43000030517578,0
2009-11-19,1368.64453125,-0.005579588899004784,0.07263662705707863,-0.030451619977411082,1346.9066552734375,976.1951753234863,74.08656817360277,26.38999938964844,30.059999465942383,79.05000305175781,0
2009-11-20,1361.8035888671875,-0.0049983339184240805,0.06293681840654974,0.0014279189528749736,1346.8395727539062,980.637830657959,70.55094483543206,28.549999237060547,28.959999084472656,79.27999877929688,0
2009-11-23,1377.20654296875,0.011310701651458643,0.09637415707451025,0.03276531623579082,1346.9393139648437,985.232763671875,69.92624432788713,26.63999938964844,29.63999938964844,76.94000244140625,0
2009-11-24,1411.9842529296875,0.025252356038020007,0.08205102012084153,0.08062556649584529,1348.3851513671875,989.896393737793,70.36319878686332,26.690000534057617,29.09000015258789,76.3499984741211,0
2009-11-25,1431.6678466796875,0.013940377670047743,0.04081214106286124,0.07013444585781992,1350.3076318359374,994.5534700012207,70.26622958805011,26.09000015258789,27.950000762939453,78.9000015258789,0
2009-11-26,1394.1097412109375,-0.02623381223225374,0.014810187602048108,0.04206073974191882,1351.9017578125,999.0284776306153,64.84552228180912,24.850000381469727,26.780000686645508,79.13999938964844,0
2009-11-27,1383.3414306640625,-0.00772414841425717,0.0050987840631069314,0.03132423345975455,1353.6424169921875,1003.3759217834472,61.41149871046838,28.309999465942383,26.38999938964844,79.58000183105469,0
2009-11-30,1374.646728515625,-0.006285290063396509,0.004385504876231794,0.020510611180507787,1355.1067919921875,1007.599568939209,66.70646867338218,30.059999465942383,28.549999237060547,77.45999908447266,0
2009-12-01,1400.994873046875,0.019167211462177924,0.02877895498299332,0.04755292141392964,1356.6461889648438,1012.0647695922852,68.93036757272559,27.559999465942383,26.63999938964844,76.72000122070312,0
2009-12-02,1423.7236328125,0.016223299744269948,0.03377640781714297,0.04145275463218856,1358.3347583007812,1016.6407525634766,76.66804462727461,25.450000762939453,26.690000534057617,77.55999755859375,0
2009-12-03,1450.24853515625,0.018630653964317068,0.027099652242699612,0.09010077097942593,1359.8008984375,1021.2723376464844,74.8903992457043,26.030000686645508,26.09000015258789,76.0199966430664,0
2009-12-04,1405.1873779296875,-0.031071334419039864,-0.018496237665330928,0.06763450310404617,1358.9649975585937,1025.6205194091797,55.56653785755297,25.989999771118164,24.850000381469727,77.95999908447266,0
2009-12-07,1392.4327392578125,-0.009076824110580084,-0.0012029196149712096,0.038648817912808164,1357.5465234375,1029.7997366333009,53.365148073204416,26.13999938964844,28.309999465942383,77.95999908447266,0
2009-12-08,1384.4444580078125,-0.005736924323007431,0.0007973644967897986,0.03354063315586342,1356.0327197265624,1034.020217590332,51.43569211219652,27.670000076293945,30.059999465942383,76.05000305175781,0
2009-12-09,1422.091064453125,0.027192572607416254,0.03451383904920169,0.08928039968123191,1355.6072705078125,1038.3631314086915,58.54382262075554,26.459999084472656,27.559999465942383,77.27999877929688,0
2009-12-10,1403.422119140625,-0.013127812823772511,0.0017325160430252673,0.1233218446115778,1354.7607788085938,1042.6421887207032,56.41060643153394,26.989999771118164,25.450000762939453,78.37000274658203,0
2009-12-11,1405.010986328125,0.0011321377694066825,-0.013143454286425715,0.1541529189318842,1353.9372314453126,1047.0150164794923,54.47314900860718,27.200000762939453,26.030000686645508,76.5999984741211,0
2009-12-14,1420.6343994140625,0.011119780014509306,-0.020420041823380863,0.1469036862363422,1352.3139721679688,1051.4030224609376,51.483025839834376,27.149999618530277,25.989999771118164,76.45999908447266,0
2009-12-15,1393.6241455078125,-0.01901281140129385,-0.008228961207231711,0.10579176061537687,1350.95287109375,1055.5903982543946,43.637434149870856,27.88999938964844,26.13999938964844,75.47000122070312,0
2009-12-16,1385.7686767578125,-0.005636719753544184,-0.004785913396112784,0.07361691712520546,1350.4744555664063,1059.7486190795898,48.45112743777989,28.31999969482422,27.670000076293945,73.93000030517578,0
2009-12-17,1372.0869140625,-0.009873049466901485,-0.008925994736614262,0.04627466034416616,1349.68357421875,1063.7869360351563,47.93249210083129,27.36000061035156,26.459999084472656,72.62000274658203,0
2009-12-18,1367.099853515625,-0.003634653530882548,-0.038669261281553235,0.052710329498778075,1349.8283349609376,1067.7004077148438,48.59445676153962,27.25,26.989999771118164,70.66999816894531,0
2009-12-21,1342.7818603515625,-0.017788015338840446,-0.04320885210658865,0.024928336994323397,1350.013701171875,1071.374114074707,39.075697050526855,26.65999984741211,27.200000762939453,70.54000091552734,0
2009-12-22,1351.608642578125,0.006573504220746207,-0.038008488381690464,0.05928522883300458,1350.913154296875,1075.1511529541015,35.721847121196305,26.190000534057617,27.149999618530277,69.87000274658203,0
2009-12-23,1375.529541015625,0.017698095205926023,-0.03174980024208962,0.07365041912366732,1351.6669604492188,1079.0596798706056,35.05214306227667,24.520000457763672,27.88999938964844,69.51000213623047,0
2009-12-24,1382.2376708984375,0.004876761772676597,-0.008170405662156432,0.10037936505962097,1352.5549291992188,1083.0164910888673,44.57656572370152,23.84000015258789,28.31999969482422,70.69000244140625,0
2009-12-29,1383.297119140625,0.0007664732806036412,-0.0017835282746974102,0.06006710470790977,1353.3943627929686,1086.9255642700195,47.714768521034856,22.690000534057617,27.36000061035156,72.66000366210938,0
2009-12-30,1386.165771484375,0.002073778875164578,0.010260907875136116,0.007732462409274499,1354.1773071289062,1090.9152200317383,50.44189659851496,24.40999984741211,27.25,72.6500015258789,0
2009-12-31,1377.0740966796875,-0.00655886546307638,0.007295914148782057,0.0024094811787052084,1354.9708349609375,1094.9412814331054,36.45775113892832,24.6200008392334,26.65999984741211,73.36000061035156,0
2010-01-04,1369.439208984375,-0.005544282412777379,0.019852330017202657,-0.005002197369453842,1355.0185107421876,1098.919266052246,39.05015434283934,23.34000015258789,26.190000534057617,72.47000122070312,0
2010-01-05,1338.0152587890625,-0.022946582797653048,-0.010057189160268876,-0.022379275086836015,1355.1712109375,1102.573540649414,31.89406210721131,23.63999938964844,24.520000457763672,74.4000015258789,0
2010-01-06,1290.17431640625,-0.0357551545608753,-0.06205262923423138,-0.05259882779463232,1354.651318359375,1105.8856198120118,19.971610497372623,22.270000457763672,23.84000015258789,76.66999816894531,0
2010-01-07,1282.8033447265625,-0.005713159521125166,-0.07193721330662617,-0.06854687027458417,1353.4949975585937,1109.2242239379882,21.95668478469041,22.1200008392334,22.690000534057617,78.05000305175781,0
2010-01-08,1265.0174560546875,-0.013864859914023864,-0.08550560935124252,-0.10408529455626903,1352.0050219726563,1112.4254837036133,20.905990367036154,22.5,24.40999984741211,78.87000274658203,0
2010-01-11,1284.0833740234375,0.015071663934355772,-0.07364371531957725,-0.10308569337400897,1351.5760375976563,1115.6875228881836,29.33249928473262,22.56999969482422,24.6200008392334,79.27999877929688,0
2010-01-12,1271.9466552734375,-0.009451659444800531,-0.07634116541711633,-0.08762802692375415,1352.0279711914063,1118.8303411865234,28.379467601722553,22.68000030517578,23.34000015258789,79.36000061035156,0
2010-01-13,1261.1339111328125,-0.008500941525964034,-0.07908733526907386,-0.08834226809254542,1352.9035986328124,1122.0069018554686,30.235077462799296,23.07999992370605,23.63999938964844,81.51000213623047,1
2010-01-14,1248.8643798828125,-0.009728967829418567,-0.06662919448836013,-0.09150158075059411,1353.1075,1125.024626159668,25.535956880460347,21.989999771118164,22.270000457763672,81.7699966430664,1
2010-01-15,1247.6287841796875,-0.000989375406191817,-0.032976576642040234,-0.10946941478354444,1352.854169921875,1128.031990966797,15.857633229340664,20.979999542236328,22.1200008392334,83.18000030517578,1
2010-01-18,1261.6632080078125,0.011248877876244734,-0.016479639537622326,-0.11382856972356681,1352.2724780273438,1131.110188293457,19.02491188018213,21.07999992370605,22.5,82.66000366210938,1
2010-01-19,1252.7923583984375,-0.007031075768137995,-0.009663975463530261,-0.13615333646004235,1351.1002807617188,1133.9844833374023,17.767489482402127,21.549999237060547,22.56999969482422,82.75,1
2010-01-20,1287.2608642578125,0.02751334299599284,0.002474520189774676,-0.08392226938845715,1350.8725439453126,1137.038383178711,28.870319729491356,22.34000015258789,22.68000030517578,82.5199966430664,1
2010-01-21,1282.3179931640625,-0.0038398363773762823,0.008153909480107524,-0.07908083671778843,1350.3164501953124,1140.1129025268556,29.39133112797286,22.290000915527344,23.07999992370605,80.79000091552734,1
2010-01-22,1274.991943359375,-0.005713130318487414,0.010988549355646526,-0.0790587979281866,1350.29703125,1143.0555035400391,29.43086837236011,23.5,21.989999771118164,79.6500015258789,1
2010-01-25,1276.5362548828125,0.001211232377962057,0.022157630120411165,-0.10235266447320424,1350.2043408203126,1145.950149230957,34.60756999143024,24.850000381469727,20.979999542236328,79.38999938964844,1
2010-01-27,1209.0994873046875,-0.05282792973577999,-0.030882019847219944,-0.13846342393044908,1349.2634008789062,1148.4985885620117,31.515183563733117,25.81999969482422,21.07999992370605,78.0,1
2010-01-28,1216.602294921875,0.006205285583168019,-0.035715484766405625,-0.13409766417459823,1347.4971533203125,1151.064515991211,34.91542866997294,28.920000076293945,21.549999237060547,78.0,1
2010-01-29,1226.4443359375,0.008089776796168957,-0.0210314361229188,-0.13669249706796893,1344.51544921875,1153.5995495605468,40.8805906313293,26.959999084472656,22.34000015258789,79.0199966430664,1
2010-02-01,1234.8294677734375,0.006836944482708995,-0.040730979974758275,-0.11394369008762617,1341.7367578125,1156.2125994873047,37.73609106747508,26.1299991607666,22.290000915527344,77.62000274658203,1
2010-02-02,1212.40966796875,-0.018156191109622077,-0.054517152194688334,-0.1250995290171074,1338.4584741210938,1158.6532525634766,35.89781993579916,25.61000061035156,23.5,76.08000183105469,1
2010-02-03,1215.67529296875,0.0026934996365306496,-0.046523157028221074,-0.11399541784903666,1335.3990893554687,1161.00548248291,38.83323787733855,26.690000534057617,24.850000381469727,74.54000091552734,1
2010-02-04,1204.994873046875,-0.008785586071913043,-0.056043360744583826,-0.11857581584247989,1332.2629150390626,1163.2666796875,39.1388023696565,25.540000915527344,25.81999969482422,75.26000213623047,1
2010-02-05,1199.4783935546875,-0.004578010758036544,-0.007957239127978855,-0.10672133056619915,1328.7083520507813,1165.5836990356445,38.326390393291206,27.06999969482422,28.920000076293945,73.66999816894531,1
2010-02-08,1202.2586669921875,0.002317902058461163,-0.011789907013621592,-0.11049794362150567,1324.5138403320314,1167.9139599609375,34.766655063695296,30.06999969482422,26.959999084472656,73.63999938964844,1
2010-02-09,1194.0496826171875,-0.006827968556498143,-0.026413472157747697,-0.13193454083468215,1319.7614770507812,1170.4126779174806,34.88507227348968,30.36000061035156,26.1299991607666,72.88999938964844,1
2010-02-10,1177.4112548828125,-0.013934451787555369,-0.04649890077061225,-0.1481846576229473,1315.4275073242188,1172.9804879760743,18.87936555803475,29.90999984741211,25.61000061035156,74.43000030517578,1
2010-02-11,1197.2274169921875,0.01683028086167515,-0.012522377029538734,-0.1345117397945812,1311.7052270507813,1175.4517413330077,27.76726663128457,30.549999237060547,26.690000534057617,77.2300033569336,1
2010-02-15,1179.2647705078125,-0.015003537531326216,-0.029950861608794344,-0.14926136919035493,1307.797587890625,1177.813816833496,26.305140915757534,28.809999465942383,25.540000915527344,76.9800033569336,1
2010-02-16,1198.110107421875,0.015980581617771383,-0.005713522753496569,-0.12995959308894045,1303.739892578125,1180.2421701049805,32.11905508059225,29.68000030517578,27.06999969482422,73.13999938964844,1
2010-02-17,1218.3236083984375,0.016871154705520697,0.015711174911539505,-0.1103485277729197,1299.6318920898439,1182.7988778686524,52.68022076245336,28.729999542236328,30.06999969482422,71.19000244140625,1
2010-02-18,1200.1402587890625,-0.014924893094108382,-0.0017620236487251306,-0.10304441529671371,1294.6297265625,1185.216915588379,45.49622450581269,29.040000915527344,30.36000061035156,71.88999938964844,1
2010-02-19,1210.15869140625,0.00834771814695734,0.013491070785056403,-0.06201923568195156,1290.7291528320313,1187.6850454711914,45.548778860269586,29.76000022888184,29.90999984741211,73.75,1
2010-02-22,1223.61962890625,0.011123282917844257,0.03924573833637823,-0.046136234414736355,1287.352890625,1190.1089068603515,47.01882441089717,31.899999618530277,30.549999237060547,74.5199966430664,0
2010-02-23,1179.0438232421875,-0.03642946272765113,-0.01518808665080773,-0.067962408266391,1283.2448779296874,1192.343779296875,42.062040456925,32.130001068115234,28.809999465942383,75.27999877929688,1
2010-02-24,1205.2159423828125,0.022197749247908183,0.022006230088451595,-0.06141924522666198,1278.9073754882813,1194.8111822509766,47.75620596302478,30.989999771118164,29.68000030517578,75.27999877929688,1
2010-02-25,1235.6683349609375,0.02526716707540233,0.031347893074603395,-0.028521888211342494,1275.5522998046874,1197.295066833496,56.06566874506652,30.399999618530277,28.729999542236328,77.01000213623047,0
2010-02-26,1288.6734619140625,0.0428959174994159,0.05774315873933067,0.02183713445347979,1273.2255493164062,1200.09283203125,64.84933740649636,29.549999237060547,29.040000915527344,77.33000183105469,0
2010-03-02,1316.1689453125,0.021336268815219217,0.09667927200484883,0.05389261357266273,1271.136240234375,1203.0025469970703,67.52203226755006,24.020000457763672,29.76000022888184,79.05999755859375,0
2010-03-03,1303.281982421875,-0.009791268010479581,0.07695130537583639,0.044607177189150304,1269.3293969726562,1205.7166677856446,66.5640672890996,21.6299991607666,31.899999618530277,79.80999755859375,0
2010-03-04,1286.2017822265625,-0.013105529291191909,0.051145104117243045,0.019449385591180812,1267.3380590820314,1208.4547607421875,66.4750031426311,20.75,32.130001068115234,80.16000366210938,0
2010-03-05,1286.1134033203125,-6.871309577649587e-05,0.09081051778355476,0.026597420313508646,1265.6185888671876,1211.2203594970704,64.31609866581732,20.979999542236328,30.989999771118164,78.86000061035156,0
2010-03-08,1304.7384033203125,0.014481615658398894,0.08257645575176831,0.013577309423274508,1264.3713598632812,1214.0108636474608,70.16592925562554,20.739999771118164,30.399999618530277,80.0,0
2010-03-09,1323.5836181640625,0.014443672996665491,0.07114796156519154,0.032180492841856534,1263.9873950195313,1216.4994760131835,70.16591754935641,20.729999542236328,29.549999237060547,78.16999816894531,0
2010-03-10,1306.23876953125,-0.013104460039231602,0.013630534139422501,0.02450746950568594,1263.0799975585937,1218.629803161621,64.2610953028746,20.799999237060547,24.020000457763672,79.66000366210938,0
2010-03-11,1292.4248046875,-0.010575375012569221,-0.018040344067958847,0.012446610696651206,1261.4179028320314,1220.50642578125,65.18512924116837,20.09000015258789,21.6299991607666,79.68000030517578,0
2010-03-12,1291.8951416015625,-0.0004098212012153546,-0.00873705074872011,0.0684771229879868,1259.6110522460938,1222.6999349975586,63.8829970529071,20.13999938964844,20.75,80.87000274658203,0
2010-03-15,1276.4478759765625,-0.011957058376928398,-0.007583496139396462,0.049190751410287614,1257.4740673828126,1224.848337097168,58.91277744757499,19.729999542236328,20.979999542236328,80.20999908447266,0
2010-03-16,1287.6583251953125,0.008782535840073713,0.0012012330102550983,0.04991175503372536,1255.5039184570312,1227.0026174926759,70.64937488164153,20.26000022888184,20.739999771118164,81.5,0
2010-03-17,1265.3265380859375,-0.017342944686811745,-0.03020671816977205,0.024697394343439427,1253.2689672851564,1229.1132385253907,61.59734377384584,19.59000015258789,20.729999542236328,81.87000274658203,0
2010-03-18,1254.910888671875,-0.008231590107813824,-0.05188393732724128,0.035055164789580484,1250.9784008789063,1231.098719482422,54.023618706898006,17.729999542236328,20.799999237060547,81.48999786376953,0
2010-03-19,1261.6190185546875,0.00534550297026426,-0.034158954715893586,0.03779276082327887,1249.4504760742188,1232.9885626220703,42.98464300591413,17.969999313354492,20.09000015258789,82.08999633789062,0
2010-03-22,1233.5057373046875,-0.022283495125340336,-0.04558800416791653,0.023660568933145498,1248.3171044921876,1234.6355093383788,28.633460531455498,17.75,20.13999938964844,82.11000061035156,0
2010-03-23,1229.930908203125,-0.002898104964938253,-0.04796382570308333,0.025388131051023555,1247.2596557617187,1236.197241821289,30.081570848763775,19.959999084472656,19.729999542236328,81.23999786376953,0
2010-03-25,1209.4083251953125,-0.016685964122809982,-0.052520398241847954,0.005946855197985101,1246.1474731445312,1237.6843093872071,29.52950119160579,18.1299991607666,20.26000022888184,79.80000305175781,0
2010-03-26,1232.975830078125,0.019486805565859244,-0.04246661870406754,0.03260010703710159,1245.125322265625,1239.2502627563476,37.411151335253216,17.049999237060547,19.59000015258789,81.69999694824219,0
2010-03-29,1259.986083984375,0.021906555868608235,-0.00422061336802515,0.07013252910494816,1244.8861108398437,1240.8016232299806,39.802849887211664,17.889999389648438,17.729999542236328,82.93000030517578,0
2010-03-30,1242.509033203125,-0.01387082841898013,-0.009882658267373445,0.03782206752723649,1244.51361328125,1242.2295077514648,31.41064718174526,18.729999542236328,17.969999313354492,82.19999694824219,0
2010-03-31,1251.6005859375,0.007317091861245739,-0.007940933411629048,0.061339757820916274,1244.5683374023438,1243.857996826172,36.97937393384672,19.799999237060547,17.75,80.68000030517578,0
2010-04-01,1229.7103271484375,-0.017489811873702354,-0.0030769294713969275,0.02637505478904667,1244.2099682617188,1245.2093444824218,35.608700937893744,19.8700008392334,19.959999084472656,81.25,0
2010-04-05,1233.41748046875,0.003014655759546958,0.0028347708333622545,0.012389049975116473,1243.6450537109374,1246.4938415527345,36.77381450004887,17.6200008392334,18.1299991607666,81.91000366210938,0
2010-04-06,1215.1458740234375,-0.014813805329213059,0.004744095694229955,0.012503217956804091,1242.8921240234374,1247.7393576049806,36.309922338947636,17.170000076293945,17.049999237060547,80.52999877929688,0
2010-04-07,1238.3165283203125,0.01906820801699749,0.004331551448051529,0.02326788801668811,1241.9132373046875,1249.155082092285,39.539682687559974,17.200000762939453,17.889999389648438,80.0,0
2010-04-08,1221.721923828125,-0.01340093918854246,-0.030368716482367497,-0.0015508946026154824,1240.7013159179687,1250.5743200683594,40.525477918182716,17.31999969482422,18.729999542236328,82.16999816894531,0
2010-04-09,1216.028564453125,-0.004660110671633411,-0.0213120935481127,0.03136841946148805,1239.5220483398436,1251.9206372070312,41.374542492545025,19.920000076293945,19.799999237060547,82.37000274658203,0
2010-04-12,1210.6441650390625,-0.004427856031888555,-0.03272323563811652,0.004503941962066937,1238.2042065429687,1253.3038516235351,38.625192991402145,18.440000534057617,19.8700008392334,83.76000213623047,0
2010-04-13,1203.3619384765625,-0.006015166778807424,-0.02142650028236648,-0.02614487688186673,1238.0894555664063,1254.7796127319336,42.58411484954887,20.049999237060547,17.6200008392334,84.87000274658203,0
2010-04-15,1195.903076171875,-0.006198353185518202,-0.03041500942780373,-0.07198905578795423,1237.6754711914064,1256.138196105957,41.78556105104836,20.13999938964844,17.170000076293945,86.62000274658203,0
2010-04-16,1192.6375732421875,-0.002730574905903338,-0.018523126533543932,-0.0938567746262865,1236.9993359375,1257.4087106323243,45.583505960624265,21.57999992370605,17.200000762939453,86.83999633789062,0
2010-04-19,1175.998779296875,-0.01395125754765536,-0.05032457178615479,-0.09766359455723539,1235.8227221679688,1258.6525885009767,34.427077286079,21.780000686645508,17.31999969482422,85.87999725341797,0
2010-04-20,1193.6966552734375,0.015049229887078575,-0.022939154981252652,-0.0719211621624315,1235.4484619140626,1259.95612701416,30.91005092359211,22.65999984741211,19.920000076293945,85.38999938964844,0
2010-04-21,1215.85205078125,0.018560323018361302,-0.00014515585984975488,-0.05463075989852162,1235.4519970703125,1261.5205267333984,42.52477660661129,20.8700008392334,18.440000534057617,84.91999816894531,0
2010-04-22,1217.5291748046875,0.0013793816627276634,0.0056870631061132215,-0.0668403936710179,1235.7026831054689,1262.9460885620117,40.03105907295667,19.229999542236328,20.049999237060547,84.33999633789062,0
2010-04-23,1201.6407470703125,-0.01304973060454484,-0.0014303189682307593,-0.09213084040953634,1235.7459301757813,1264.2541369628907,41.48818504737382,20.530000686645508,20.13999938964844,84.05000305175781,0
2010-04-26,1177.234619140625,-0.020310669382002433,-0.015610342847355407,-0.09876000728176115,1235.24544921875,1265.4355334472657,34.863304374365256,20.209999084472656,21.57999992370605,85.51000213623047,0
2010-04-27,1132.74755859375,-0.03778945999681038,-0.050216441266080825,-0.12354857746045733,1234.0194067382813,1266.3799703979491,30.548122293695528,19.790000915527344,21.780000686645508,83.23999786376953,1
2010-04-28,1121.3167724609375,-0.010091203504338786,-0.046498353398488734,-0.1320373176178672,1232.8975170898439,1267.354619140625,20.75891331725748,19.81999969482422,22.65999984741211,81.44999694824219,1
2010-04-29,1138.1317138671875,0.014995710239263271,-0.046548627878597704,-0.10836021173489319,1231.7156030273438,1268.3853942871094,29.13175526802263,22.729999542236328,20.8700008392334,83.44999694824219,1
2010-04-30,1129.56982421875,-0.007522758169479005,-0.07096441257557529,-0.12277208781497495,1230.7217041015624,1269.4664477539063,28.720406201177752,21.190000534057617,19.229999542236328,83.68000030517578,1
2010-05-03,1131.1142578125,0.001367275896218434,-0.07097564377136989,-0.10606928427855522,1229.381787109375,1270.367947692871,30.048635945767344,20.350000381469727,20.530000686645508,83.69999694824219,1
2010-05-04,1116.903076171875,-0.012563878089653313,-0.07051830682758897,-0.10997419318439372,1227.3533764648437,1271.1011212158203,29.039097250378077,22.13999938964844,20.209999084472656,85.12000274658203,1
2010-05-05,1132.08544921875,0.013593277134585247,-0.03835188771022857,-0.10267249259156808,1225.9922802734375,1271.923851928711,35.08668534941144,23.299999237060547,19.790000915527344,84.19999694824219,1
2010-05-06,1128.510498046875,-0.0031578457035571494,-0.0037405161589004754,-0.08511937649129697,1224.35931640625,1272.7091223144532,35.03601356112962,23.690000534057617,19.81999969482422,82.44000244140625,1
2010-05-07,1128.9517822265625,0.0003910324099343221,0.006808967771763985,-0.08210146220659542,1222.4659594726563,1273.657687072754,38.1238748913024,24.36000061035156,22.729999542236328,83.22000122070312,1
2010-05-10,1143.4718017578125,0.012861505477774315,0.0046919770581563824,-0.054519654002589735,1221.7545190429687,1274.5963275146485,37.11496015252526,27.399999618530277,21.190000534057617,85.16999816894531,1
2010-05-11,1119.330322265625,-0.021112439725296084,-0.009064957060274659,-0.09217172392203266,1220.036806640625,1275.3099493408204,25.487426667443756,24.13999938964844,20.350000381469727,86.1500015258789,1
2010-05-12,1116.8148193359375,-0.0022473284960206064,-0.012641904544830607,-0.1136292427894886,1217.659736328125,1275.8677307128905,24.53112440005286,25.809999465942383,22.13999938964844,86.19000244140625,1
2010-05-13,1126.127197265625,0.008338336641364297,0.008258658508995431,-0.09366679261676958,1214.4088110351563,1276.2984429931641,30.246989663793897,25.81999969482422,23.299999237060547,82.73999786376953,1
2010-05-14,1111.73974609375,-0.012776044488410854,-0.017971879365679122,-0.111745585145271,1210.3202270507813,1276.5326623535157,31.920052945783155,24.86000061035156,23.690000534057617,79.97000122070312,1
2010-05-17,1095.8511962890625,-0.014291609039358444,-0.02894018426442313,-0.10885419753266568,1206.171611328125,1276.5540777587892,37.90499102443132,26.530000686645508,24.36000061035156,77.11000061035156,1
2010-05-18,1096.6895751953125,0.0007650481279657395,-0.02857713459437672,-0.11085290052924757,1202.3813671875,1276.6930194091797,41.324469137288965,27.170000076293945,27.399999618530277,75.11000061035156,1
2010-05-19,1082.8759765625,-0.012595723480231302,-0.05299284608694421,-0.10885104437953785,1198.3166186523438,1276.4041857910156,30.114317796621336,26.540000915527344,24.13999938964844,76.80000305175781,1
2010-05-20,1066.5902099609375,-0.015039364575489378,-0.04711755882565283,-0.13867723997216563,1193.5536547851561,1275.6710357666016,28.528312817281588,32.040000915527344,25.809999465942383,76.37000274658203,1
2010-05-21,1093.2474365234375,0.024992941350433284,-0.02110231920678962,-0.10515853468695024,1188.9469311523437,1275.1079223632812,38.977472762146796,31.040000915527344,25.81999969482422,75.6500015258789,1
2010-05-24,1073.0338134765625,-0.018489522473663422,-0.0471468799599013,-0.11759160529331025,1184.28283203125,1274.3594561767577,37.66140932615447,32.2599983215332,24.86000061035156,74.4000015258789,1
2010-05-25,1058.11669921875,-0.013901811919124873,-0.04823345307515714,-0.125988684557358,1179.596669921875,1273.4967938232421,29.16459213005625,31.299999237060547,26.530000686645508,71.61000061035156,1
2010-05-26,1059.8377685546875,0.0016265401890058762,-0.0328634287723818,-0.11926932814874835,1174.9555224609376,1272.6471374511718,30.452210739336167,34.52000045776367,27.170000076293945,70.08000183105469,1
2010-05-27,1092.8944091796875,0.031190283650751383,-0.0034605654156502075,-0.086134628336204,1171.284453125,1271.8861810302735,41.34354899779502,32.150001525878906,26.540000915527344,69.41000366210938,1
2010-05-28,1081.4635009765625,-0.010459297903907205,-0.0013043742926325264,-0.09321697954173791,1167.160556640625,1270.81521484375,34.88926912386246,29.01000022888184,32.040000915527344,69.87000274658203,1
2010-05-31,1091.7464599609375,0.009508373583657193,0.023585674952821156,-0.07164320305358785,1163.688955078125,1269.7047760009766,42.79121522768731,26.43000030517578,31.040000915527344,68.01000213623047,1
2010-06-01,1109.53271484375,0.016291561763753126,0.014896241945099087,-0.07050697516649085,1160.7813916015625,1268.9070764160156,48.23756308345362,26.43000030517578,32.2599983215332,70.04000091552734,1
2010-06-02,1128.2899169921875,0.016905497149833026,0.051495211820584474,-0.07201709593926264,1158.1148095703124,1268.542063598633,50.500544420103594,29.07999992370605,31.299999237060547,70.20999908447266,1
2010-06-03,1144.6636962890625,0.014512031925734581,0.08179343274159989,-0.0598470082060365,1156.33796875,1268.5727313232421,57.550565635244354,27.76000022888184,34.52000045776367,68.75,1
2010-06-04,1174.012939453125,0.025640057651178383,0.10772891312803412,-0.022991736660517015,1155.219609375,1268.9475451660155,66.88277000392867,25.290000915527344,32.150001525878906,71.51000213623047,1
2010-06-07,1161.12548828125,-0.010977265018798033,0.062431538242359474,-0.013683874562858689,1154.2539526367189,1269.047759399414,63.22940961523713,24.71999931335449,29.01000022888184,74.55000305175781,1
2010-06-08,1142.5008544921875,-0.016040155846231197,0.05643958715250963,0.008610299642177743,1152.444453125,1269.0821368408203,62.00449953377673,27.989999771118164,26.43000030517578,73.97000122070312,1
2010-06-09,1150.135986328125,0.006682823742246713,0.05348267982410193,0.025701224288243285,1150.247451171875,1268.7893823242186,67.42764570804052,28.770000457763672,26.43000030517578,73.97000122070312,1
2010-06-10,1188.2242431640625,0.03311630736599813,0.07092312580561821,0.04401294567802583,1149.1617553710937,1268.7920404052734,68.91032028815727,28.15999984741211,29.07999992370605,72.58000183105469,1
2010-06-11,1197.4921875,0.007799827675000426,0.06133376667257018,0.06013117721892702,1148.0795874023438,1269.1651947021485,75.90954810136297,26.5,27.76000022888184,72.86000061035156,1
2010-06-14,1196.4327392578125,-0.0008847224668740994,0.04522642164382651,0.05774702333929915,1147.4140356445312,1269.4081518554688,80.55750177586985,25.100000381469727,25.290000915527344,74.61000061035156,0
2010-06-15,1185.3553466796875,-0.009258683931531841,0.009661228462989557,0.061287565562473834,1146.45279296875,1269.5893231201171,76.62912525612896,22.950000762939453,24.71999931335449,71.51000213623047,0
2010-06-16,1204.3770751953125,0.016047279466791853,0.03724970931271643,0.06385704014343685,1146.2374169921875,1269.5626220703125,75.14922668687565,21.979999542236328,27.989999771118164,71.44000244140625,0
2010-06-17,1217.882080078125,0.011213269632039724,0.0659791415380977,0.0791942850207652,1145.8287280273437,1269.5253295898438,80.48917298935714,22.670000076293945,28.770000457763672,71.98999786376953,0
2010-06-18,1192.6375732421875,-0.0207282028768484,0.03695353194690587,0.056411435827685485,1145.247041015625,1269.169829711914,71.13540467970847,20.850000381469727,28.15999984741211,74.37999725341797,0
2010-06-21,1214.7928466796875,0.018576702541134082,0.02235992378414764,0.06237236879146124,1145.2223266601563,1268.9866729736327,71.65427532632427,19.959999084472656,26.5,75.4800033569336,0
2010-06-22,1208.4376220703125,-0.005231529496362519,0.009140297268379838,0.07960768866184775,1145.1781958007812,1268.826908569336,67.37468800345499,19.40999984741211,25.100000381469727,73.77999877929688,0
2010-06-23,1242.2442626953125,0.027975494975968962,0.0382900951589793,0.1123099740330773,1145.9558422851562,1268.7891735839844,69.66732504893581,20.63999938964844,22.950000762939453,75.12000274658203,0
2010-06-24,1224.2374267578125,-0.014495406803836097,0.03280204555286992,0.08712180092125577,1146.522529296875,1268.6371307373047,60.607723154872005,20.34000015258789,21.979999542236328,76.94000244140625,0
2010-06-25,1232.931884765625,0.0071019377596046596,0.02370919387159698,0.10901124934833017,1147.3284155273439,1268.4564013671875,65.43941484145832,20.06999969482422,22.670000076293945,77.66999816894531,0
2010-06-28,1231.1221923828125,-0.0014677959140918517,0.010871423860541629,0.12343920100815242,1148.4308837890626,1267.8133654785156,70.54010773862068,20.0,20.850000381469727,76.79000091552734,0
2010-06-29,1226.002685546875,-0.0041584067508594336,0.02797590236402203,0.11791222719385552,1149.0770043945313,1267.2822088623047,67.79138364578228,19.549999237060547,19.959999084472656,77.18000030517578,0
2010-06-30,1256.7200927734375,0.025054926541910882,0.0345139059785764,0.16053926762951298,1149.894365234375,1266.9130267333985,66.63804299481097,20.63999938964844,19.40999984741211,77.81999969482422,0
2010-07-01,1236.551025390625,-0.01604897343393441,0.023264256927178595,0.15934968635790514,1150.2748022460937,1266.2699932861328,59.010437317521536,20.06999969482422,20.63999938964844,77.20999908447266,0
2010-07-02,1249.791259765625,0.010707390235528136,0.006075292353484141,0.143191575861364,1151.2378125,1265.6578521728516,61.65425200910556,21.440000534057617,20.34000015258789,76.3499984741211,0
2010-07-05,1232.31396484375,-0.013984171184836525,0.006597199129360742,0.14843907933444322,1152.3393994140624,1265.1209600830077,59.9774868824779,21.899999618530277,20.06999969482422,76.51000213623047,0
2010-07-06,1229.004150390625,-0.002685853238338254,-0.0031856864304767862,0.16150151613526953,1154.26453125,1264.58826171875,55.606977671030265,21.989999771118164,20.0,78.86000061035156,0
2010-07-07,1218.102783203125,-0.00887008167062342,-0.010575237178113595,0.14932947224957394,1156.2002514648439,1264.1067584228515,50.05085153825903,20.899999618530277,19.549999237060547,78.25,0
2010-07-08,1238.757568359375,0.016956520780566864,0.010403633664807677,0.13346500627555646,1158.2127685546875,1263.81900390625,60.85597299044609,22.11000061035156,20.63999938964844,75.94000244140625,0
2010-07-09,1257.1614990234375,0.014856765467384347,0.00035123672529646655,0.16246317872791782,1160.7646020507811,1263.597671508789,60.152252786660064,21.1200008392334,20.06999969482422,75.62999725341797,0
2010-07-12,1244.009765625,-0.010461450981957165,0.00603189037995322,0.13946764312797533,1163.0225122070312,1263.1975952148437,58.25482374363411,20.209999084472656,21.440000534057617,72.94999694824219,0
2010-07-13,1243.788818359375,-0.00017760894787988146,-0.0048027551475881,0.12100238390404883,1165.5602270507814,1262.7200634765625,50.42461526896774,19.90999984741211,21.899999618530277,72.13999938964844,0
2010-07-14,1230.107177734375,-0.010999970753111321,-0.001790766941162425,0.09024033558113631,1167.5206616210937,1261.985891723633,51.65296784816828,19.11000061035156,21.989999771118164,72.13999938964844,0
2010-07-15,1213.9100341796875,-0.01316726204664509,-0.01228158278077418,0.06049491926328909,1169.22865234375,1260.8205297851562,44.86047519504053,20.06999969482422,20.899999618530277,71.9800033569336,0
2010-07-16,1212.89501953125,-0.000836153108433102,-0.004275307259524186,0.033118953609009516,1170.9075170898439,1259.56822265625,45.0539498640902,20.18000030517578,22.11000061035156,74.06999969482422,0
2010-07-19,1203.3619384765625,-0.007859774260077113,-0.028573492333686334,0.03637543971051116,1172.1053198242187,1258.2843591308595,44.00001811578966,19.700000762939453,21.1200008392334,75.44000244140625,0
2010-07-20,1199.1253662109375,-0.0035206134830793046,-0.04616442108478702,0.04956189879080508,1173.701220703125,1257.063168334961,32.24496154836146,20.709999084472656,20.209999084472656,76.08999633789062,0
2010-07-21,1202.5677490234375,0.0028707447190259305,-0.033313256653368595,0.04558744645726964,1175.416279296875,1255.8472735595703,38.31916398762396,20.3799991607666,19.90999984741211,74.94999694824219,0
2010-07-22,1195.285400390625,-0.00605566600195806,-0.03899650588009673,0.005942613330089719,1176.799443359375,1254.5927587890626,30.464977906111912,20.0,19.11000061035156,77.1500015258789,0
2010-07-23,1198.8604736328125,0.0029909787578925595,-0.025401611068649355,0.0011426263545559756,1178.5418579101563,1253.0780743408204,36.683146041208474,18.899999618530277,20.06999969482422,77.04000091552734,0
2010-07-26,1051.6729736328125,-0.12277283573624653,-0.1336483396452921,-0.1209928154547153,1177.6582934570313,1251.0280432128907,17.097955299149447,19.239999771118164,20.18000030517578,76.62000274658203,1
2010-07-27,1065.840087890625,0.013471026272430242,-0.12124291820198718,-0.10082652356007682,1177.0413037109374,1249.3087963867188,22.08742361354159,19.96999931335449,19.700000762939453,76.01000213623047,1
2010-07-28,1061.5150146484375,-0.0040579007032350844,-0.11787552796268508,-0.11861904671650048,1176.6140844726563,1247.5582165527344,15.438955454874801,19.21999931335449,20.709999084472656,76.54000091552734,1
2010-07-29,1057.233642578125,-0.004033265673336173,-0.1183293487328767,-0.13190803947923646,1176.426953125,1246.0450756835937,8.743224459505953,19.520000457763672,20.3799991607666,77.44000244140625,1
2010-07-30,1057.9840087890625,0.0007097449236552755,-0.1202291848852477,-0.11290400996429206,1175.7216845703124,1244.6674279785157,9.541258585306153,18.32999992370605,20.0,76.55999755859375,1
2010-08-02,1067.9583740234375,0.009427708879826469,-0.10652437177395158,-0.12087202608871372,1175.62017578125,1243.4740399169923,13.315012950761641,18.940000534057617,18.899999618530277,79.30000305175781,1
2010-08-03,1070.8712158203125,0.002727486265125867,-0.10675909384572857,-0.11383823520350123,1175.8752661132812,1242.1391998291015,15.214132151316264,17.989999771118164,19.239999771118164,78.9800033569336,1
2010-08-04,1071.2242431640625,0.00032966367807318875,0.01859063608311029,-0.13767020276687436,1176.1029956054688,1240.8061248779297,16.51136379263714,17.549999237060547,19.96999931335449,78.9800033569336,1
2010-08-05,1081.9490966796875,0.010011772590160062,0.015113907772922541,-0.1162260905998862,1175.8840893554689,1239.5092431640626,20.606444223407777,17.040000915527344,19.21999931335449,77.5,1
2010-08-06,1078.109375,-0.0035488930962380705,0.01563271373703401,-0.12557263842280797,1175.8170068359375,1238.164697265625,21.14695783971048,17.709999084472656,19.520000457763672,76.98999786376953,1
2010-08-09,1087.5538330078125,0.008760203952231205,0.028678798336146283,-0.11661584874619657,1175.733154296875,1236.9154779052735,24.900728158272543,17.3700008392334,18.32999992370605,78.36000061035156,1
2010-08-10,1083.2730712890625,-0.00393613776976065,0.023903066861043598,-0.1164186799428959,1175.2079614257811,1235.4965661621093,23.264168927340705,17.0,18.940000534057617,78.94999694824219,1
2010-08-11,1072.6365966796875,-0.009818830442002824,0.004380529026262625,-0.14647931321564123,1174.0948950195314,1234.2078479003906,22.919589909562973,17.329999923706055,17.989999771118164,81.33999633789062,1
2010-08-12,1082.1695556640625,0.008887407919778267,0.01055060559742027,-0.12484844260898464,1172.8450122070312,1233.0378509521483,24.895557037885197,18.11000061035156,17.549999237060547,82.55000305175781,1
2010-08-13,1102.6038818359375,0.01888273983029931,0.02929324916993048,-0.11776956894168855,1171.4168310546875,1231.8477734375,74.10184068359004,18.0,17.040000915527344,82.47000122070312,1
2010-08-16,1109.1357421875,0.0059240317027420275,0.02512747188499298,-0.09995685042153057,1170.3770361328125,1230.6958709716796,72.08455790784558,16.739999771118164,17.709999084472656,82.01000213623047,1
2010-08-17,1106.487548828125,-0.002387618808633918,0.026322165900955152,-0.09968770367745261,1169.6567700195312,1229.700645751953,73.33917844875536,18.11000061035156,17.3700008392334,80.69999694824219,1
2010-08-18,1107.193603515625,0.0006381045030716681,0.01805866515452892,-0.09105075632111526,1168.7979223632813,1228.9898638916015,76.92671065062751,17.6299991607666,17.0,81.4800033569336,1
2010-08-19,1104.8106689453125,-0.0021522293506267554,0.019881965339192842,-0.10813003515406439,1167.1296508789062,1228.4271545410156,74.80151238510993,16.399999618530273,17.329999923706055,80.25,1
2010-08-20,1094.2623291015625,-0.00954764480489656,0.020161285274823415,-0.12957696369831162,1165.0650537109375,1227.7051196289062,63.84756763704132,16.530000686645508,18.11000061035156,78.0199966430664,1
2010-08-23,1099.02880859375,0.004355883745080558,0.015579123291212804,-0.11654326279216176,1163.1169750976562,1226.8987872314453,64.53963831651402,16.700000762939453,18.0,75.73999786376953,1
2010-08-24,1093.6629638671875,-0.004882351294711151,-0.008108912108909405,-0.12070043746671699,1161.2831274414064,1225.9133630371093,61.01630109073475,17.139999389648438,16.739999771118164,75.38999938964844,1
2010-08-25,1082.1324462890625,-0.010543026470744787,-0.02434624985142042,-0.12029417771372897,1158.8382348632813,1224.7670141601564,50.08930907361161,16.989999771118164,18.11000061035156,75.23999786376953,1
2010-08-26,1088.4739990234375,0.005860237123581191,-0.01627993900497615,-0.1033322335464627,1156.2500732421875,1223.7161456298827,54.928459069300374,18.920000076293945,17.6299991607666,75.7699966430664,1
2010-08-27,1080.9346923828125,-0.006926492178397581,-0.02371663912204125,-0.10879781433964208,1154.016015625,1222.5702056884766,46.79446859023774,17.09000015258789,16.399999618530273,75.41999816894531,1
2010-08-30,1095.7027587890625,0.013662311433168428,-0.008243865136589146,-0.08946533561115855,1151.6342138671876,1221.6689050292969,55.46441987764301,19.6299991607666,16.530000686645508,74.43000030517578,1
2010-08-31,1115.3487548828125,0.017930041643284822,0.01926999150063291,-0.06986476450985857,1149.7724365234376,1220.839794921875,67.3991005523587,18.36000061035156,16.700000762939453,73.45999908447266,1
2010-09-01,1128.875,0.01212736828545502,0.027156878120819572,-0.06127949887503703,1147.5050512695314,1220.2034375,68.42631467927288,18.46999931335449,17.139999389648438,73.0999984741211,1
2010-09-02,1132.3785400390625,0.0031035677458199906,0.03539991519414443,-0.052629154786801746,1145.6678735351563,1219.3407568359376,63.55797857084096,16.700000762939453,16.989999771118164,71.62999725341797,1
2010-09-03,1128.29833984375,-0.003603212221923391,0.04266196223299956,-0.058857669713009764,1143.5752026367188,1218.1046008300782,58.9250180228737,16.149999618530273,18.920000076293945,72.5199966430664,1
2010-09-06,1155.3065185546875,0.023937089825619706,0.06140019843488331,0.09854160705860093,1142.0588891601562,1217.0123132324218,68.53229162322346,15.859999656677246,17.09000015258789,73.36000061035156,1
2010-09-07,1166.7037353515625,0.009865102129894554,0.07934710910210563,0.09463300227387195,1140.87291015625,1215.9642126464844,70.8947630546462,15.220000267028809,19.6299991607666,75.16999816894531,1
2010-09-08,1159.6968994140625,-0.0060056685559412015,0.058404654101377185,0.09249222423682979,1138.9324462890625,1214.9194744873048,68.66518992806711,15.829999923706056,18.36000061035156,74.69999694824219,1
2010-09-09,1166.171630859375,0.005583123873646567,0.045566802091335346,0.10304059944176425,1137.5248583984376,1213.9413146972656,75.15107784661234,15.970000267028809,18.46999931335449,71.91999816894531,1
2010-09-13,1178.012451171875,0.010153582885371826,0.04352780526796596,0.11345014800383746,1136.0892822265625,1212.9453442382812,76.32278253398187,15.920000076293944,16.700000762939453,73.91000366210938,1
2010-09-14,1194.2882080078125,0.013816285914250326,0.0546722370477053,0.11829097187415516,1135.3287670898437,1211.8568640136718,81.26192722760412,18.13999938964844,16.149999618530273,75.0199966430664,1
2010-09-15,1213.9342041015625,0.01644996238095775,0.07589824537867496,0.13359495163165858,1135.0273681640624,1210.7681958007813,88.98204483520038,18.600000381469727,15.859999656677246,74.5999984741211,1
2010-09-16,1239.3455810546875,0.02093307599972616,0.07274178856459201,0.156943178763437,1135.4522241210936,1209.994375,90.09891545985566,19.43000030517578,15.220000267028809,74.5999984741211,1
2010-09-17,1231.4073486328125,-0.006405180720553738,0.055458477864350764,0.13813797008730466,1135.3052197265624,1209.2347045898437,89.90826103904345,18.850000381469727,15.829999923706056,74.08999633789062,1
2010-09-20,1240.7647705078125,0.007598965432023208,0.06990436133330147,0.15087095918056792,1134.97728515625,1208.5652947998046,89.61006841068811,19.489999771118164,15.970000267028809,74.66999816894531,1
2010-09-21,1253.359375,0.010150678671375202,0.0747640757444723,0.15245731931597772,1135.16427734375,1207.8271173095702,89.1939432556353,21.950000762939453,15.920000076293944,74.25,1
2010-09-22,1298.3726806640625,0.03591412531945393,0.10217228975165282,0.19856453102728566,1136.2559545898437,1207.200362548828,90.83332598140845,22.6299991607666,18.13999938964844,77.19000244140625,1
2010-09-23,1293.716064453125,-0.0035865019961417444,0.08325281601094248,0.20610845132245337,1137.5281323242189,1206.4177001953126,88.65273697256974,24.290000915527344,18.600000381469727,76.80000305175781,1
2010-09-24,1314.2491455078125,0.015871396838043506,0.08263622613755528,0.2144576962353526,1139.5349145507812,1205.9630090332032,91.29410565568406,23.899999618530277,19.43000030517578,76.0199966430664,1
2010-09-27,1311.898681640625,-0.0017884461825381504,0.05854146066684196,0.18981866765804623,1141.5149877929687,1205.5603387451172,89.05110422309855,21.709999084472656,18.850000381469727,74.56999969482422,0
2010-09-28,1302.1419677734375,-0.007437094040666281,0.057442096004347576,0.1740149724192277,1143.4905883789063,1205.1488262939454,84.05435634009974,22.36000061035156,19.489999771118164,73.66000366210938,1
2010-09-29,1268.3934326171875,-0.025917707893216457,0.02226744566423111,0.14632418047589968,1144.8759497070312,1204.3803381347657,74.09079398472807,21.209999084472656,21.950000762939453,74.86000061035156,1
2010-09-30,1278.0169677734375,0.007587184629608945,0.019673202487066055,0.15428499922272332,1146.3849340820314,1203.7533123779297,74.44744651636621,22.15999984741211,22.6299991607666,73.5199966430664,1
2010-10-01,1312.6527099609375,0.02710115989136086,0.010998405549916157,0.18812457813612316,1148.7322802734375,1203.2915209960938,76.7630434814258,22.25,24.290000915527344,74.70999908447266,0
2010-10-04,1312.8299560546875,0.0001350289321806475,0.014774410032267982,0.19973969782234824,1151.011669921875,1202.752498779297,75.17420627267015,21.43000030517578,23.899999618530277,75.18000030517578,0
2010-10-05,1333.4071044921875,0.01567388704271977,0.014577113517523,0.21325946514389704,1156.6463525390625,1202.4514135742188,75.27200295810317,22.799999237060547,21.709999084472656,76.48999786376953,0
2010-10-06,1345.248046875,0.008880215459270424,0.025420686598045306,0.23003895287649567,1162.23451171875,1202.2488104248048,73.76587970569913,22.170000076293945,22.36000061035156,76.5199966430664,0
2010-10-07,1321.6551513671875,-0.0175379518763239,0.01498545018644637,0.22134324305635222,1167.437314453125,1201.9966516113282,68.92318718165298,21.729999542236328,21.209999084472656,76.18000030517578,0
2010-10-08,1327.9525146484375,0.004764755219798245,0.04695631536687839,0.22001307871373732,1172.8516918945313,1201.8009149169923,68.51920418257379,22.450000762939453,22.15999984741211,77.86000061035156,0
2010-10-11,1345.7359619140625,0.013391628894451113,0.052987554819874605,0.24497434618137937,1178.6067309570312,1201.8156854248048,69.19816387427197,21.399999618530277,22.25,79.97000122070312,0
2010-10-12,1348.2197265625,0.001845655253876588,0.027095526738843967,0.23046119556412514,1184.2119580078124,1201.7987408447266,62.58398372375248,21.200000762939453,21.43000030517578,81.58000183105469,0
2010-10-13,1382.234375,0.025229306297294585,0.052866266971761,0.23928445604911142,1190.4392211914062,1201.8322650146483,69.46180007600694,20.51000022888184,22.799999237060547,81.47000122070312,0
2010-10-14,1381.347412109375,-0.0006416877677672961,0.03595324147867429,0.2236495733445909,1196.6416845703125,1201.827813720703,66.14729205480225,20.020000457763672,22.170000076293945,82.81999969482422,0
2010-10-15,1347.1998291015625,-0.024720488639181415,0.0014508716300287716,0.18970801853511765,1201.94669921875,1201.6473272705077,57.36771278284295,20.600000381469727,21.729999542236328,83.2300033569336,0
2010-10-18,1322.94140625,-0.018006551312985453,0.000973215200259947,0.17251028343550057,1206.84333984375,1201.3312054443359,54.09327799043591,22.649999618530277,22.450000762939453,81.66999816894531,0
2010-10-19,1325.8681640625,0.0022123109902472127,-0.0015695972280223014,0.14763324084866114,1211.6096264648438,1201.07517578125,62.87248439580389,22.350000381469727,21.399999618530277,82.66000366210938,0
2010-10-20,1322.187255859375,-0.0027762248939190437,-0.0174987566069007,0.13326735468191564,1216.38791015625,1200.838916015625,60.16325563027448,23.229999542236328,21.200000762939453,82.20999908447266,0
2010-10-21,1342.543212890625,0.015395668761017722,-0.004210377255307041,0.15766732977293096,1221.7860424804687,1200.8615557861328,57.36132080066234,23.799999237060547,20.51000022888184,81.66999816894531,0
2010-10-22,1333.363037109375,-0.006837899661705671,-0.035356766388207506,0.14336775293255366,1226.809912109375,1201.0774993896484,54.84209162744505,22.190000534057617,20.020000457763672,83.01000213623047,0
2010-10-25,1336.6448974609375,0.002461340430343295,-0.0323615292261451,0.1346610947373743,1231.490732421875,1201.3467071533203,50.831347218791876,21.61000061035156,20.600000381469727,82.69000244140625,0
2010-10-26,1389.6846923828125,0.03968129083695171,0.031535680426550305,0.16360915486299588,1237.1017114257813,1201.970043334961,59.417315183653486,21.36000061035156,22.649999618530277,81.25,0
2010-10-27,1353.14208984375,-0.026295607010252797,0.022828436279242803,0.11467498425519351,1242.0348022460937,1202.3153369140625,56.32572062269138,20.549999237060547,22.350000381469727,83.08000183105469,0
2010-10-28,1361.302001953125,0.006030343871956001,0.026725008451861987,0.09840388569800851,1247.1169702148438,1202.7621136474609,56.65013862620096,21.020000457763672,23.229999542236328,79.48999786376953,0
2010-10-29,1376.2030029296875,0.010946139031003721,0.04085332605569869,0.11758550446985438,1252.5448168945313,1203.3374591064453,56.14600940076988,20.520000457763672,23.799999237060547,81.7699966430664,0
2010-11-01,1337.7979736328125,-0.0279065146748827,-0.0035345150995889085,0.07820435060006337,1257.4155297851562,1203.7821270751954,48.16377236326314,20.76000022888184,22.190000534057617,80.55999755859375,0
2010-11-02,1324.58251953125,-0.009878512572175424,-0.006585241478690218,0.05682579629745055,1261.9266040039063,1204.1668957519532,39.03883859276479,20.920000076293945,21.61000061035156,81.69000244140625,0
2010-11-03,1326.9766845703125,0.0018074865127388762,-0.00723319477670592,0.022030657554824806,1266.5928784179687,1204.4934631347655,39.72157646262818,21.25,21.36000061035156,82.5199966430664,0
2010-11-04,1337.1768798828125,0.0076867931675852486,-0.03778397559374991,0.03359378199269636,1271.6937670898437,1204.9153857421875,47.91659265920401,21.530000686645508,20.549999237060547,82.55000305175781,0
2010-11-08,1320.324951171875,-0.012602617473025934,-0.02425254444318148,0.00462302424531158,1276.3307861328126,1205.0807061767578,49.438855867063765,19.36000061035156,21.020000457763672,81.94000244140625,0
2010-11-09,1305.5567626953125,-0.011185268038337637,-0.04094994290600629,-0.004834152998295149,1280.8232275390626,1205.1969000244142,45.854429796302966,19.61000061035156,20.520000457763672,82.18000030517578,0
2010-11-10,1308.350830078125,0.0021401347399436776,-0.049303898267274104,0.004768191532374955,1285.0761889648438,1205.3636944580078,47.16571613752433,18.75,20.76000022888184,81.43000030517578,0
2010-11-11,1304.1822509765625,-0.003186132500342831,-0.025127652544551182,0.028215865392434925,1288.8528588867186,1205.5019244384766,41.58392613529543,19.07999992370605,20.920000076293945,82.94999694824219,0
2010-11-12,1290.0794677734375,-0.010813506465499723,-0.026048246333510883,0.009438450587252678,1292.0769482421874,1205.9068243408203,40.70472136892488,19.36000061035156,21.25,83.9000015258789,0
2010-11-15,1274.4691162109375,-0.012100302308850841,-0.039569322483143266,-0.029088877400890167,1294.918759765625,1206.1961584472656,37.31903867047885,21.6299991607666,21.530000686645508,84.69000244140625,0
2010-11-16,1242.31689453125,-0.025227933161124927,-0.07094049170209693,-0.05371073473623589,1297.199130859375,1206.2755212402344,17.144488515347618,20.25,19.36000061035156,86.48999786376953,1
2010-11-18,1268.6595458984375,0.02120445393856385,-0.039130825504419264,-0.04855798231134245,1299.46619140625,1206.4446716308594,30.26722238917722,21.1299991607666,19.61000061035156,87.05999755859375,0
2010-11-19,1246.530029296875,-0.017443227123547067,-0.04521192420356912,-0.07338276224035123,1301.0627172851562,1206.6152734375,24.834695878959693,20.6200008392334,18.75,86.72000122070312,1
2010-11-22,1260.3218994140625,0.011064210081619175,-0.03670951977092762,-0.046406395715008375,1303.0752172851562,1206.8385064697266,24.467317128800318,21.600000381469727,19.07999992370605,87.80999755859375,1
2010-11-23,1278.5491943359375,0.01446241228558276,-0.019654505052059346,-0.03720262567188182,1305.3227685546874,1207.2062780761719,35.67134481516689,19.93000030517578,19.36000061035156,87.80999755859375,0
2010-11-24,1255.9759521484375,-0.017655356780561182,-0.026435205331854172,-0.06669956983088854,1306.8820385742188,1207.4887658691407,34.1267173873626,23.26000022888184,21.6299991607666,84.87999725341797,0
2010-11-25,1224.08984375,-0.025387515058623578,-0.03952961419003831,-0.09206947529909593,1307.4780712890624,1207.5979217529298,29.053896548964758,24.68000030517578,20.25,84.86000061035156,0
2010-11-26,1212.470703125,-0.009492065214269485,-0.02402462007691808,-0.1228182969150945,1307.4488012695313,1207.6900268554687,24.75766849791779,21.6299991607666,21.1299991607666,82.33999633789062,0
2010-11-29,1247.1064453125,0.0285662507953639,-0.016988876689272847,-0.09718117659617831,1307.6040185546874,1208.038502807617,36.174845200382066,22.57999992370605,20.6200008392334,81.8499984741211,0
2010-11-30,1261.25341796875,0.011343837335958229,0.011811499382955004,-0.06379633464630818,1308.2009399414062,1208.3586328125,41.614949308440615,21.309999465942383,21.600000381469727,81.51000213623047,0
2010-12-01,1254.246337890625,-0.00555564803892461,-0.004820642667767716,-0.05192600974981765,1308.4705712890625,1208.733540649414,39.92067968053559,20.709999084472656,19.93000030517578,81.73999786376953,0
2010-12-02,1249.589599609375,-0.003712778056886079,-0.02265035624351064,-0.05753103251186387,1308.39517578125,1208.9909381103516,39.84820302912953,19.200000762939453,23.26000022888184,81.25,0
2010-12-03,1242.2723388671875,-0.0058557311492308806,-0.010910729029332877,-0.060441451570523275,1307.2731689453126,1209.1106817626953,40.879850514090684,18.799999237060547,24.68000030517578,83.86000061035156,0
2010-12-06,1248.9248046875,0.0053550784414782004,0.02028851155354583,-0.06973213771015652,1306.37734375,1209.3546044921875,44.9544752904096,18.600000381469727,21.6299991607666,83.86000061035156,0
2010-12-07,1267.151611328125,0.014593998431463362,0.045098745942637075,-0.049657463075316044,1305.4353930664063,1209.6395690917968,55.19092360198241,19.3700008392334,22.57999992370605,83.76000213623047,0
2010-12-08,1256.9515380859375,-0.008049607601016806,0.007894348401808138,-0.05962193812760874,1304.3364501953124,1209.8062286376953,47.375713585262496,19.239999771118164,21.309999465942383,85.7300033569336,0
2010-12-09,1233.8907470703125,-0.01834660312420755,-0.021694823981135425,-0.1121074054902117,1302.97142578125,1210.0804632568359,47.1787516328151,20.43000030517578,20.709999084472656,84.11000061035156,0
2010-12-10,1253.4925537109375,0.015886176865469226,-0.0006009857528905815,-0.07364306888445038,1302.673408203125,1210.3218463134765,48.5141420236522,22.600000381469727,19.200000762939453,86.75,0
2010-12-13,1261.1202392578125,0.0060851462773299225,0.009227541307995857,-0.07359260660131028,1302.3354736328124,1210.4491058349608,46.02463325210604,21.6299991607666,18.799999237060547,88.0,0
2010-12-14,1254.0245361328125,-0.005626508007813724,0.009460242249571094,-0.08877939267446677,1301.16291015625,1210.2758612060547,49.52108817777437,22.56999969482422,18.600000381469727,89.19000244140625,0
2010-12-15,1237.3055419921875,-0.0133322703494968,-0.009303412544696688,-0.07511779328513712,1299.652421875,1209.881544189453,53.5042398638479,21.459999084472656,19.3700008392334,89.37999725341797,0
2010-12-16,1222.227294921875,-0.0121863570141576,-0.03545299236858013,-0.07727357344682229,1297.4288256835937,1209.476270751953,52.54043023876726,21.420000076293945,19.239999771118164,88.69000244140625,0
2010-12-20,1254.911865234375,0.026741810175814562,-0.0016227139947403435,-0.05430752489767576,1295.6221020507812,1209.3198211669921,52.05324527196782,20.239999771118164,20.43000030517578,88.27999877929688,0
2010-12-21,1262.406494140625,0.00597223527315216,0.023110431079914395,-0.055916600763199154,1294.43712890625,1209.2012866210937,50.314321842140295,20.780000686645508,22.600000381469727,88.37000274658203,0
2010-12-22,1236.5074462890625,-0.020515616777774137,-0.013550226023753331,-0.06348248195144612,1292.6082275390625,1208.8601318359374,45.61601773419583,19.770000457763672,21.6299991607666,87.79000091552734,0
2010-12-23,1234.9554443359375,-0.0012551497023189917,-0.020747264303103585,-0.05407755555079741,1290.3926171875,1208.416990966797,46.326954175089725,19.559999465942383,22.56999969482422,88.61000061035156,0
2010-12-24,1234.201171875,-0.0006107689669266891,-0.015807796168760935,-0.05667414006891203,1288.11224609375,1208.0568029785156,47.90519369014013,19.030000686645508,21.459999084472656,88.27999877929688,0
2010-12-27,1236.72900390625,0.002048152350568433,-0.0004659625827014846,-0.051720721563112804,1285.202138671875,1207.7783239746093,46.765425000129504,17.649999618530273,21.420000076293945,88.62000274658203,0
2010-12-28,1237.4830322265625,0.0006096956713481649,0.012481915080830186,-0.0407699191102171,1282.3248510742187,1207.5062634277344,41.32749659408566,18.450000762939453,20.239999771118164,87.69999694824219,0
2010-12-29,1257.6170654296875,0.016270148906121662,0.0021556893916270248,-0.013222800432663329,1280.5331958007812,1207.412109375,50.1838639487717,18.1299991607666,20.780000686645508,88.80999755859375,0
2010-12-30,1259.8785400390625,0.0017982219481114115,-0.0020024881948055295,0.014136204365504446,1279.2719384765626,1207.2732104492188,58.11184014997371,17.1299991607666,19.770000457763672,89.81999969482422,0
2010-12-31,1260.8985595703125,0.0008096173550335983,0.019725811886091904,-0.006117469697221933,1277.9725463867187,1207.2510705566406,52.61506817194364,17.020000457763672,19.559999465942383,90.4800033569336,0
2011-01-03,1264.8458251953125,0.0031305179905551928,0.024203610742772774,0.01469342532306972,1276.8257177734374,1207.3007452392578,51.35061220082524,16.559999465942383,19.030000686645508,91.51000213623048,0
2011-01-04,1267.24072265625,0.0018934303400715002,0.02676998817871512,0.005489727065287164,1275.31966796875,1207.3288537597657,54.960237284315106,16.989999771118164,17.649999618530273,91.51000213623048,0
2011-01-05,1252.782958984375,-0.011408853435178612,0.012980980495660877,-0.020152713298564273,1273.70806640625,1207.425239868164,55.909211660802086,17.030000686645508,18.450000762939453,91.0,0
2011-01-06,1218.591064453125,-0.027292751937629478,-0.01526644590790538,-0.02976560787757354,1271.3469897460936,1207.3685406494142,48.78851866432841,17.8799991607666,18.1299991607666,91.48999786376952,0
2011-01-07,1189.0107421875,-0.02427419921948959,-0.054552633808882756,-0.028657293205730072,1267.3335107421874,1207.266552734375,27.579997574698453,18.200000762939453,17.1299991607666,91.12000274658205,0
2011-01-10,1176.1055908203125,-0.010853687783715982,-0.06649287733415365,-0.029992569891347243,1263.7927807617189,1206.982201538086,21.682340020043313,20.81999969482422,17.020000457763672,89.83999633789062,0
2011-01-11,1169.408935546875,-0.005693923509679677,-0.07255906776086352,-0.062302227734983395,1259.9549194335937,1206.5293157958984,24.808637284817195,23.15999984741211,16.559999465942383,91.37999725341795,0
2011-01-12,1168.6993408203125,-0.0006067977633766874,-0.07601439041802072,-0.07338261750560482,1255.8048461914063,1206.1602673339844,24.96656181682333,22.32999992370605,16.989999771118164,91.5500030517578,0
2011-01-13,1166.8367919921875,-0.0015936937440366172,-0.07923035368813502,-0.06969089185896427,1252.3856225585937,1205.7364483642577,24.759209234802668,21.40999984741211,17.030000686645508,89.37999725341797,0
2011-01-14,1126.169677734375,-0.03485244426376022,-0.10106561582913354,-0.09876836516051457,1248.4173657226563,1205.2187451171876,17.782508042794348,23.149999618530277,17.8799991607666,90.3000030517578,0
2011-01-17,1126.081298828125,-7.847743372724203e-05,-0.07591534873638373,-0.09353105305799181,1244.3994580078124,1204.6820642089845,17.41059727044116,23.809999465942383,18.200000762939453,88.37999725341797,1
2011-01-18,1133.1768798828125,0.006301126803252677,-0.04695824883967514,-0.09267805745410695,1240.3194580078125,1204.2722192382812,10.589929036558004,23.56999969482422,20.81999969482422,88.02999877929688,1
2011-01-19,1128.83056640625,-0.003835511960861737,-0.0401962415475714,-0.10915903328797272,1236.4895703125,1203.724789428711,9.038164070935977,21.459999084472656,23.15999984741211,89.25,1
2011-01-20,1116.9010009765625,-0.01056807441675367,-0.04490125992218208,-0.11142079297873442,1232.716455078125,1203.200684814453,7.864168390732345,21.09000015258789,22.32999992370605,91.11000061035156,1
2011-01-21,1107.49951171875,-0.008417477690137565,-0.05236575992128667,-0.10243308465653012,1228.6994287109376,1202.6580395507813,5.3823089805070765,21.01000022888184,21.40999984741211,91.86000061035156,1
2011-01-24,1146.3922119140625,0.03511757773595248,-0.01752137078504279,-0.08544154608641807,1225.5436279296875,1202.3367797851563,21.6084883935019,21.030000686645508,23.149999618530277,91.4000015258789,0
2011-01-25,1142.5340576171875,-0.0033654749716358623,0.014531007366256121,-0.09403241495070658,1222.5927197265626,1202.0326403808594,22.74109321870712,20.170000076293945,23.809999465942383,91.54000091552734,0
2011-01-27,1126.169677734375,-0.014322881470107962,7.848359291817708e-05,-0.10195562743351017,1219.6267309570312,1201.6839733886718,24.939692358207537,20.780000686645508,23.56999969482422,91.54000091552734,0
2011-01-28,1090.381103515625,-0.03177902488970341,-0.03776619266324355,-0.11874547837230187,1216.5880151367187,1201.1726910400391,24.127379365024467,22.09000015258789,21.459999084472656,91.37999725341795,1
2011-01-31,1111.2244873046875,0.019115686911538532,-0.015596741996111385,-0.09082010202061708,1213.4393139648437,1200.848819580078,33.66081024251203,22.57999992370605,21.09000015258789,90.86000061035156,0
2011-02-01,1101.9560546875,-0.008340738278426851,-0.01338072602316176,-0.12188569953341544,1210.5478344726562,1200.3901165771485,33.23037199613485,23.40999984741211,21.01000022888184,88.86000061035156,0
2011-02-02,1079.4713134765625,-0.020404390098218483,-0.025307639367434076,-0.1449098856138208,1206.9308227539063,1199.708212890625,29.983964300853373,23.729999542236328,21.030000686645508,89.11000061035156,0
2011-02-03,1080.4915771484375,0.0009451512598228629,-0.05748524290442858,-0.12617462968690663,1202.9696704101561,1199.0230249023436,30.55717730257841,23.520000457763672,20.170000076293945,87.87000274658203,0
2011-02-04,1049.226318359375,-0.028936143002221026,-0.0816673591791307,-0.15039338206766895,1198.834677734375,1198.260952758789,31.908213863786926,22.690000534057617,20.780000686645508,86.19000244140625,0
2011-02-07,1055.25732421875,0.0057480504957265754,-0.06296773471852513,-0.1449875852770406,1195.45802734375,1197.6510662841797,33.79980208724244,24.40999984741211,22.09000015258789,85.63999938964844,0
2011-02-08,1043.7716064453125,-0.01088428150161469,-0.04274606091396249,-0.15602237584100886,1192.0840454101562,1197.2061865234375,29.95217479848378,24.690000534057617,22.57999992370605,89.33999633789062,0
2011-02-09,1023.5488891601562,-0.019374657406161067,-0.07889998748784899,-0.17287844559895227,1187.6128942871094,1196.7173471069336,27.961301397778882,24.739999771118164,23.40999984741211,92.19000244140624,1
2011-02-10,1028.870361328125,0.005199040538586441,-0.06632360069939547,-0.18188899498068367,1182.9652331542968,1196.1710403442382,31.048162020164227,25.239999771118164,23.729999542236328,90.7699966430664,1
2011-02-11,1047.80712890625,0.018405397113082644,-0.029333048664660022,-0.16832686992687185,1178.8364489746093,1195.7622268676757,37.655823144549046,24.81999969482422,23.520000457763672,90.86000061035156,1
2011-02-14,1085.7244873046875,0.0361873453161341,0.004843082784652841,-0.13892796604139246,1175.5591467285155,1195.5352780151368,37.40331150032367,23.46999931335449,22.690000534057617,90.54000091552734,1
2011-02-15,1096.9005126953125,0.010293610875784509,0.04543747473898985,-0.13277927566710868,1172.6517102050782,1195.435265197754,40.804364157313934,22.57999992370605,24.40999984741211,89.02999877929688,1
2011-02-16,1089.1392822265625,-0.007075601095015482,0.0321077686268576,-0.14054270609010333,1169.4559997558595,1195.220534362793,42.26996919739962,22.850000381469727,24.690000534057617,87.4800033569336,1
2011-02-17,1089.22802734375,8.148188081702479e-05,0.043550160416074846,-0.13055328576086167,1165.897528076172,1195.0241220092773,49.71713803340562,23.049999237060547,24.739999771118164,86.94000244140625,1
2011-02-18,1089.8046875,0.0005294209676702799,0.06473144472288772,-0.10568465559110374,1162.5545910644532,1194.8283865356445,44.16533550044092,22.56999969482422,25.239999771118164,86.70999908447266,1
2011-02-21,1070.8680419921875,-0.0173761828380945,0.040819215172890555,-0.09936218067967806,1159.2941369628907,1194.4653677368165,41.95547275373745,24.18000030517578,24.81999969482422,86.7300033569336,1
2011-02-22,1047.585205078125,-0.021742022360428548,-0.00021179835678031278,-0.10927623059129143,1155.1759899902345,1194.106642150879,41.78289252652202,24.90999984741211,23.46999931335449,85.58000183105469,1
2011-02-23,1057.69677734375,0.00965226715364964,-0.02581475345602302,-0.09552873661845485,1151.1075207519532,1193.8110519409179,44.38866885829161,26.850000381469727,22.57999992370605,84.80999755859375,1
2011-02-24,1041.7760009765625,-0.015052306774697932,-0.050254796201432694,-0.10860221736298936,1146.862550048828,1193.3892959594727,48.016100553371196,26.549999237060547,22.850000381469727,84.31999969482422,1
2011-02-25,1036.542724609375,-0.005023418049832085,-0.04829185621664722,-0.11166434609964282,1142.8472937011718,1193.0133108520508,44.995341694996256,28.200000762939453,23.049999237060547,84.98999786376953,1
2011-02-28,1071.621826171875,0.03384240777505787,-0.016163925945617108,-0.048436618958023425,1139.8351843261719,1192.8921640014648,56.61320617988927,27.270000457763672,22.56999969482422,86.36000061035156,1
2011-03-01,1144.8402099609375,0.06832483437801784,0.050500353955338806,0.016658576207893905,1137.633751220703,1193.132917175293,73.01011699139059,24.399999618530277,24.18000030517578,86.19999694824219,0
2011-03-03,1172.779296875,0.024404355010395617,0.09516695884697612,0.03494813360142235,1135.8412072753906,1193.5824337768554,75.14321520371749,22.21999931335449,24.90999984741211,86.19999694824219,0
2011-03-04,1163.7322998046875,-0.0077141514131595645,0.11087126294218774,0.03091848718231538,1134.385704345703,1194.0681442260743,70.97899270861822,22.959999084472656,26.850000381469727,93.56999969482422,0
2011-03-07,1118.3201904296875,-0.03902281425257481,0.05731643925226315,0.0012706492803606917,1132.0529992675781,1194.1935079956054,55.743059265625526,22.90999984741211,26.549999237060547,98.0999984741211,1
2011-03-08,1114.1513671875,-0.0037277546071896595,0.0694730596050328,0.00600619268754965,1129.6520031738282,1194.3990957641602,53.11639000754625,25.21999931335449,28.200000762939453,97.27999877929688,1
2011-03-09,1122.8880615234375,0.007841568563517365,0.08330128113783442,-0.02050271289908845,1127.3751843261718,1194.7229525756836,56.07535043083634,23.670000076293945,27.270000457763672,97.87999725341795,1
2011-03-10,1127.677734375,0.004265494500907074,0.052309412550294976,-0.013002958767960981,1125.1790783691406,1195.0621524047851,56.806399026385435,23.280000686645508,24.399999618530277,96.97000122070312,1
2011-03-11,1109.45068359375,-0.01616335077445874,-0.030912197230035243,-0.014845892649374304,1122.2157507324218,1195.1449337768554,53.27320858233907,23.530000686645508,22.21999931335449,99.62999725341795,1
2011-03-14,1114.905517578125,0.004916698024562516,-0.04934754514433026,0.022491598564417403,1119.3162902832032,1195.3121438598632,57.682173048478255,24.1299991607666,22.959999084472656,101.91000366210938,1
2011-03-15,1076.8994140625,-0.03408908012060474,-0.074615859469365,-0.03088941400620515,1115.636307373047,1195.237908630371,54.863903388703136,23.299999237060547,22.90999984741211,104.41999816894533,1
2011-03-16,1081.4227294921875,0.00420031376247465,-0.03299364641116154,-0.018633524547524205,1111.9678454589844,1195.0973587036133,54.011065549242936,26.6299991607666,25.21999931335449,105.44000244140624,1
2011-03-17,1033.394287109375,-0.04441227382502455,-0.07248304176297293,-0.04268480856502899,1107.2909167480468,1194.6228805541991,48.721769294836925,24.88999938964844,23.670000076293945,105.0199966430664,1
2011-03-18,1025.5001220703125,-0.007639063944454461,-0.08672987343101457,-0.050894848457083586,1102.7452600097656,1194.0270626831054,48.32953484910767,25.26000022888184,23.280000686645508,104.37999725341795,1
2011-03-21,1000.6652221679688,-0.024217354408701874,-0.11263192340799932,-0.04628276601690562,1098.3867431640624,1193.1603240966797,38.92274325356739,25.88999938964844,23.530000686645508,102.6999969482422,1
2011-03-22,1039.4697265625,0.038778707938365464,-0.06307712281952593,-0.01496089844051851,1095.3959228515625,1192.552045288086,31.56999684006456,25.209999084472656,24.1299991607666,101.16000366210938,1
2011-03-23,1043.017578125,0.003413136017181184,-0.06447895209029453,-0.0007224073884136706,1092.7341625976562,1192.05462890625,25.18663571127452,22.26000022888184,23.299999237060547,101.19000244140624,1
2011-03-24,1035.2122802734375,-0.007483380927859162,-0.03871033194437512,0.011395050335945678,1090.0502294921876,1191.4800103759765,25.306813144544478,20.96999931335449,26.6299991607666,97.18000030517578,1
2011-03-25,1048.6497802734375,0.012980429479111821,-0.030305400769724433,0.019224403470793128,1087.64923828125,1190.7821380615235,34.73874792167919,19.84000015258789,24.88999938964844,97.9800033569336,1
2011-03-28,1065.85693359375,0.016408865613670942,0.031413611328527935,0.017226266351462183,1085.6296411132812,1190.123961791992,39.992760694669784,20.46999931335449,25.26000022888184,101.41999816894533,1
2011-03-29,1098.0089111328125,0.030165378228254047,0.0707057829657951,0.011314494581052603,1085.06642578125,1189.6318426513672,45.300727175635814,21.020000457763672,25.88999938964844,101.06999969482422,0
2011-03-30,1125.5489501953125,0.025081799230652013,0.12480070782991715,0.02611762613694557,1085.0557788085937,1189.3328106689453,49.62972918572269,21.21999931335449,25.209999084472656,102.33000183105467,0
2011-03-31,1119.4732666015625,-0.005397973666712352,0.07696572395968881,0.027851336252409542,1084.7817065429688,1188.9082916259765,51.82022423087462,22.040000915527344,22.26000022888184,104.0,0
2011-04-01,1127.411376953125,0.007090933377677411,0.08091311268199064,0.035055423337288616,1084.7533227539063,1188.4559381103516,52.250914774682215,22.18000030517578,20.96999931335449,105.75,0
2011-04-04,1153.35498046875,0.023011656655211876,0.11412412936611105,0.05831347001684639,1085.48240234375,1188.2595251464843,64.38581162681837,20.11000061035156,19.84000015258789,105.5999984741211,0
2011-04-05,1162.66796875,0.008074693775081299,0.10872856755553983,0.08572477948546542,1086.585771484375,1187.9989007568358,65.01637096941589,20.059999465942383,20.46999931335449,105.4000015258789,0
2011-04-06,1150.8271484375,-0.010184180377163288,0.0797200939128444,0.09855231141000664,1086.6744702148437,1187.7108483886718,75.05666341436986,19.899999618530277,21.020000457763672,103.9800033569336,0
2011-04-07,1133.75341796875,-0.014836051175827203,0.03255393146041041,0.07190779271919978,1086.498857421875,1187.168394165039,72.2273102781738,20.36000061035156,21.21999931335449,104.79000091552734,0
2011-04-08,1112.1116943359375,-0.019088563077133802,-0.01193840201889329,0.06751517916849892,1086.2176977539064,1186.6077655029296,73.18700397392303,20.31999969482422,22.040000915527344,104.2699966430664,0
2011-04-11,1097.6986083984375,-0.012960106445159103,-0.01945080677918054,0.05899986786565825,1086.3640478515624,1185.9315991210938,63.48330454888504,20.540000915527344,22.18000030517578,106.72000122070312,0
2011-04-13,1133.66455078125,0.03276486105351584,0.005546488137297745,0.057896100185835575,1086.8128491210937,1185.444310913086,68.25001572895859,21.239999771118164,20.11000061035156,107.94000244140624,0
2011-04-15,1115.0830078125,-0.016390688899943773,-0.03318316849916869,-0.02599245020355534,1087.0753881835938,1184.889712524414,65.4116866714435,20.40999984741211,20.059999465942383,108.47000122070312,0
2011-04-18,1119.65087890625,0.0040964404100380936,-0.036998602352482646,-0.04530129250261883,1087.8789794921875,1184.2043664550781,64.18579150210016,21.59000015258789,19.899999618530277,108.33999633789062,0
2011-04-19,1112.8653564453125,-0.006060391313733482,-0.03298652803223223,-0.043710175757699754,1088.526455078125,1183.5859381103517,59.800255406780344,22.450000762939453,20.36000061035156,108.83000183105467,0
2011-04-20,1122.0008544921875,0.008208987721619154,-0.01036606663344708,0.0032912435043186417,1089.9819458007812,1182.9469860839845,55.5327848085587,22.06999969482422,20.31999969482422,110.3000030517578,0
2011-04-21,1159.253173828125,0.03320168535236778,0.042389159049655234,0.04048086101126236,1092.0618627929687,1182.5816821289063,57.439291790091296,20.989999771118164,20.540000915527344,112.79000091552734,0
2011-04-25,1176.504638671875,0.01488153341584697,0.07179204717077758,0.04774881752299964,1094.7165234375,1182.3191845703125,61.996289169520665,20.51000022888184,21.239999771118164,109.91999816894533,0
2011-04-26,1155.3507080078125,-0.017980320662350002,0.019129254073983137,0.024539788974506926,1097.3525598144531,1182.005424194336,55.56737728389224,20.90999984741211,20.40999984741211,107.11000061035156,0
2011-04-27,1167.9454345703125,0.010901215081451143,0.04740671895047055,0.0527240659197985,1100.134061279297,1181.6513635253907,53.07075439462784,21.709999084472656,21.59000015258789,109.66000366210938,0
2011-04-28,1154.1533203125,-0.011808868676203677,0.03081535687263015,0.03520280608139048,1102.260985107422,1181.136322631836,48.24114064621288,21.350000381469727,22.450000762939453,107.12000274658205,0
2011-04-29,1168.6993408203125,0.012603195998148742,0.05017137432810692,0.0852446621839138,1103.9204821777344,1180.7597705078124,53.651029881244085,20.920000076293945,22.06999969482422,108.1500015258789,0
2011-05-02,1145.5941162109375,-0.01977003306355718,0.02102784648005307,0.05933977987394767,1104.894354248047,1180.2687969970702,52.360708258718766,19.57999992370605,20.989999771118164,111.4499969482422,0
2011-05-03,1129.8062744140625,-0.013781357265602479,-0.025401612071349278,0.09329641987316628,1105.7076940917968,1179.7672924804688,53.612125042113306,20.8799991607666,20.51000022888184,112.29000091552734,0
2011-05-04,1103.9073486328125,-0.022923333289755043,-0.06170591058698727,0.07645754971165575,1106.0012805175782,1179.2172790527343,51.21066332029569,21.57999992370605,20.90999984741211,112.27999877929688,0
2011-05-05,1112.1116943359375,0.007432096283520595,-0.03742501161957368,0.11137238478870781,1106.4474206542968,1178.7133624267578,45.28708423888816,21.18000030517578,21.709999084472656,112.20999908447266,0
2011-05-06,1129.540283203125,0.015671617298831153,-0.032882658924315855,0.08665048566492262,1107.6208654785157,1178.3442541503907,53.1773617868817,21.600000381469727,21.350000381469727,112.76000213623048,0
2011-05-09,1104.7052001953125,-0.021986894471249574,-0.042843631991457465,0.05914341557043201,1108.7632653808594,1177.8721533203125,46.983980746349914,20.96999931335449,20.920000076293945,112.86000061035156,0
2011-05-10,1101.423583984375,-0.002970580939020917,-0.057564640011447676,0.06395915598436352,1109.6378015136718,1177.3664324951171,47.65794404012712,21.5,19.57999992370605,113.93000030517578,0
2011-05-11,1084.6158447265625,-0.015260013951227447,-0.05322851315443311,0.03429749867848808,1110.4945983886719,1176.8130847167968,42.58057107639353,21.739999771118164,20.8799991607666,113.5199966430664,0
2011-05-12,1081.3785400390625,-0.002984747736481941,-0.04286375060194769,0.014562560842924954,1111.3913146972657,1176.2256750488282,32.13269244880662,21.239999771118164,21.57999992370605,111.0500030517578,0
2011-05-13,1084.26123046875,0.0026657551661635193,-0.017796890462224213,-0.012520554728357447,1111.6441027832032,1176.3886163330078,27.342024021128225,21.229999542236328,21.18000030517578,109.23999786376952,0
2011-05-16,1091.4010009765625,0.006584917275632707,-0.018622853679945983,-0.030338928584869085,1110.5753186035156,1176.5164208984374,33.13046457589482,20.6299991607666,21.600000381469727,99.8000030517578,0
2011-05-17,1073.2183837890625,-0.016659886852981254,-0.04986267444517001,-0.041318434474918786,1108.5841003417968,1176.5749377441407,25.727179913218862,21.459999084472656,20.96999931335449,97.18000030517578,0
2011-05-18,1079.072265625,0.005454511331859591,-0.023203416228855023,-0.04287619613948146,1106.8908996582031,1176.684130859375,29.945405008497048,21.030000686645508,21.5,102.5500030517578,0
2011-05-19,1074.7706298828125,-0.003986420445803995,-0.02419864118502535,-0.0681354413139994,1106.0199084472656,1176.7680639648438,23.458558230404975,20.709999084472656,21.739999771118164,103.87999725341795,0
2011-05-20,1084.9263916015625,0.00944923636390893,0.0002863196923683642,-0.0668648137197918,1105.4354089355468,1176.8529040527344,31.50349468168251,20.40999984741211,21.239999771118164,98.20999908447266,0
2011-05-23,1067.6746826171875,-0.0159012713838661,-0.012672581260378957,-0.07225452226532036,1104.331141357422,1176.8369213867188,31.224777972381375,19.450000762939453,21.229999542236328,98.97000122070312,0
2011-05-24,1068.34033203125,0.0006234571493544117,-0.01468363710709919,-0.05769604298498621,1103.1443933105468,1176.8225018310548,37.31818296567316,21.040000915527344,20.6299991607666,99.6500015258789,0
2011-05-25,1065.013916015625,-0.0031136295391005486,-0.024177259263393425,-0.04234986338169522,1102.2556579589843,1176.7378259277343,32.60154528671319,19.93000030517578,21.459999084472656,97.37000274658205,0
2011-05-26,1077.91943359375,0.012117698542763122,0.004380329181550291,-0.018018766402141728,1101.515936279297,1176.7368762207032,30.27139095562535,20.65999984741211,21.030000686645508,96.91000366210938,0
2011-05-27,1083.5955810546875,0.00526583646610157,0.004191855887490048,-0.04416559527424413,1101.6498596191407,1176.7170849609374,40.548083271752574,19.18000030517578,20.709999084472656,100.0999984741211,0
2011-05-30,1073.61767578125,-0.009208145038507642,-0.0010727443321447705,-0.03718587023632802,1101.4937585449218,1176.6688079833984,38.25414275754813,17.25,20.40999984741211,98.44000244140624,0
2011-05-31,1091.0908203125,0.016275015701967765,0.005681886585722662,-0.025508003549864933,1102.6476892089843,1176.7610791015625,52.71988883134463,17.8700008392334,19.450000762939453,99.48999786376952,0
2011-06-01,1108.7855224609375,0.01621744204883835,0.03850502452954596,-0.0036660625301578875,1104.3133972167968,1176.8941589355468,60.26574488125612,16.81999969482422,21.040000915527344,97.6999969482422,0
2011-06-02,1086.8778076171875,-0.019758298065730595,0.017351657547826527,-0.03130393950626409,1106.0376489257812,1176.8155285644532,50.85782342164092,16.729999542236328,19.93000030517578,99.58999633789062,0
2011-06-03,1094.4168701171875,0.006936439816108031,0.027608046861550273,-0.055929373474849164,1107.136591796875,1176.7419342041017,50.98614621435767,17.979999542236328,20.65999984741211,101.31999969482422,0
2011-06-06,1092.7315673828125,-0.0015399093164513156,0.013741410839657409,-0.07120504971712793,1108.1308715820312,1176.673154296875,57.15216356392975,17.610000610351562,19.18000030517578,100.2300033569336,0
2011-06-07,1099.8271484375,0.006493434679188503,0.014979359150776528,-0.04805775353360242,1109.4231689453125,1176.6363220214844,57.53866345062429,18.209999084472656,17.25,100.58999633789062,0
2011-06-08,1085.547119140625,-0.012983885074270396,0.01111144463106406,-0.070549798809738,1110.1611157226562,1176.540004272461,53.64971560818672,18.030000686645508,17.8700008392334,100.58999633789062,0
2011-06-09,1077.6976318359375,-0.007230904275165484,-0.012275044595028817,-0.06624396181250969,1110.3979296875,1176.4571807861328,47.512956414370066,18.57999992370605,16.81999969482422,102.6999969482422,0
2011-06-10,1087.9862060546875,0.009546809712500437,-0.01875864717288711,-0.0690623601353042,1110.1974755859376,1176.4019677734375,57.33982185960504,18.57999992370605,16.729999542236328,100.29000091552734,0
2011-06-13,1086.4783935546875,-0.0013858746476830275,-0.00036748754984305965,-0.05160267656731321,1109.416064453125,1176.366044921875,56.51476209392075,18.540000915527344,17.979999542236328,100.4000015258789,0
2011-06-14,1084.26123046875,-0.0020406876925398443,-0.009279498448657941,-0.04031225970039243,1108.7118237304687,1176.3766888427735,56.96870856536728,18.90999984741211,17.610000610351562,100.22000122070312,0
2011-06-15,1073.2183837890625,-0.010184673554096801,-0.017857252573462046,-0.027800308496685244,1107.6279638671874,1176.3004107666015,48.27466016033461,18.51000022888184,18.209999084472656,99.01000213623048,0
2011-06-16,1058.2733154296875,-0.013925468092160775,-0.03778214882842923,-0.04841094575342808,1105.7263305664062,1176.187103881836,41.29845331937328,19.13999938964844,18.030000686645508,99.08999633789062,0
2011-06-17,1033.305419921875,-0.023593050248720382,-0.048124764275646714,-0.08519825694781713,1103.1390795898437,1175.8751171875,37.44122546148756,19.65999984741211,18.57999992370605,100.73999786376952,1
2011-06-20,1029.535888671875,-0.003648032011953406,-0.04468947665962242,-0.06804467971196981,1100.7132543945313,1175.4460528564452,29.03310575379831,20.270000457763672,18.57999992370605,101.93000030517578,1
2011-06-21,1015.3890380859376,-0.013740997998804239,-0.06672618417838727,-0.07811213337852219,1098.345966796875,1174.878623046875,17.39926677495174,22.18000030517578,18.540000915527344,99.29000091552734,1
2011-06-22,995.831298828125,-0.019261325978740085,-0.08343202705576847,-0.08185805723760242,1096.0203588867187,1174.1958868408203,17.689471883000706,21.309999465942383,18.90999984741211,97.3000030517578,1
2011-06-23,975.0322265625,-0.020886140343350235,-0.10074048655140777,-0.09834328085771049,1093.56703125,1173.4295562744142,11.277211893055323,20.88999938964844,18.51000022888184,99.37000274658205,1
2011-06-24,993.0374755859376,0.018466311710450434,-0.07471071071298774,-0.08413448006747815,1090.7544897460937,1172.6182110595703,20.759548418419058,19.5,19.13999938964844,94.80999755859376,1
2011-06-27,1022.4401245117188,0.029608800925093215,-0.033860053348713115,-0.0631856452423436,1088.9016320800781,1171.896893005371,29.92866566387221,19.31999969482422,19.65999984741211,94.9499969482422,1
2011-06-28,1026.9637451171875,0.004424337911844933,-0.00613727043565393,-0.0430989995797223,1087.047889404297,1171.2332272338867,33.99567406486503,19.989999771118164,20.270000457763672,93.01000213623048,1
2011-06-29,1043.9044189453125,0.01649588304228966,0.0139563180181832,-0.03259081694525645,1085.6686706542969,1170.6218911743165,41.2049403864776,19.489999771118164,22.18000030517578,93.26000213623048,1
2011-06-30,1028.7818603515625,-0.014486535662938116,0.013189843265268175,-0.04278938059208448,1083.8042907714844,1169.8757382202148,34.96960463715226,19.459999084472656,21.309999465942383,93.4000015258789,1
2011-07-01,1013.9254150390624,-0.014440811881561766,0.018169860931495307,-0.06544312785836914,1080.8977355957031,1168.973924255371,32.749907706024516,18.40999984741211,20.88999938964844,95.41000366210938,1
2011-07-04,1026.919189453125,0.01281531582237938,0.053215638906165985,-0.03817220154004086,1077.9060266113281,1168.0388491821288,37.03102861452936,18.209999084472656,19.5,91.0199966430664,1
2011-07-05,1034.502685546875,0.00738470579928352,0.04175593668957056,-0.031673096549709956,1075.4890661621093,1167.0146347045898,41.104527460889365,18.170000076293945,19.31999969482422,91.16000366210938,1
2011-07-06,1036.7645263671875,0.0021864040102677063,0.014010015366239248,-0.02652490190374479,1072.8654479980469,1166.0414205932618,44.75219770335682,18.25,19.989999771118164,90.61000061035156,0
2011-07-07,1049.0045166015625,0.011805950071675175,0.021462073602082077,-0.026824747834618856,1070.7624719238281,1165.0826193237306,54.08397802266198,18.34000015258789,19.489999771118164,92.88999938964844,0
2011-07-08,1050.3792724609375,0.0013105337847627574,0.006202534828013029,-0.030653787422628476,1068.3960705566406,1164.067718811035,55.49062873614151,18.6200008392334,19.459999084472656,94.7699966430664,0
2011-07-11,1032.5516357421875,-0.0169725709428572,0.003664309739420224,-0.03825015269907839,1066.1352209472657,1162.7386135864258,54.43502037139144,18.670000076293945,18.40999984741211,95.41999816894533,0
2011-07-12,1017.7392578125,-0.014345411325643265,0.0037614628422057983,-0.06722773314048347,1063.8938806152344,1161.3587295532227,55.80361300537061,19.690000534057617,18.209999084472656,94.94000244140624,0
2011-07-13,1033.1279296875,0.015120446378452446,0.006045987160568478,-0.06823465065228873,1062.4782922363281,1159.9531234741212,65.84424750477736,20.82999992370605,18.170000076293945,94.94000244140624,0
2011-07-14,1041.4654541015625,0.00807017618484518,0.006730546621062317,-0.04178239098945691,1061.0653674316407,1158.6009573364258,63.94284838669767,19.520000457763672,18.25,96.88999938964844,0
2011-07-15,1044.4366455078125,0.0028528948267545484,0.007400059459507169,-0.045668360908968086,1059.3632946777343,1157.3124307250976,57.469890655812236,19.96999931335449,18.34000015258789,96.6500015258789,0
2011-07-18,1041.953369140625,-0.002377622786282174,-0.00672175128833663,-0.04646905036687621,1058.1082580566406,1156.1802304077148,55.16192196100488,19.950000762939453,18.6200008392334,98.66999816894533,0
2011-07-19,1031.5313720703125,-0.01000236419304279,-0.017943899774855776,-0.062096827182538394,1056.7104138183595,1154.9478024291993,45.53885020642061,20.200000762939453,18.670000076293945,96.1999969482422,0
2011-07-20,1031.2655029296875,-0.00025774217616991724,-0.0012455869207698145,-0.05000392452232716,1055.6434069824218,1153.540866394043,51.00293397375986,19.25,19.690000534057617,95.1500015258789,0
2011-07-21,1025.4556884765625,-0.005633674777853148,0.007581932803346847,-0.048475510956052625,1054.524949951172,1152.1039950561524,55.02311175966327,19.11000061035156,20.82999992370605,97.43000030517578,0
2011-07-22,1030.289794921875,0.004714105640677868,-0.002747128099114926,-0.053030461978037624,1053.4455212402345,1150.5884085083007,51.58077332631073,18.75,19.520000457763672,98.0500030517578,0
2011-07-25,1047.718505859375,0.016916319101094812,0.006004089461812079,-0.03567478923211698,1052.5718713378906,1149.1007608032226,55.674082987604066,17.90999984741211,19.96999931335449,95.69000244140624,0
2011-07-26,1043.9044189453125,-0.003640373719402845,-0.0005095824287563167,-0.03722056123503592,1051.9855920410157,1147.7120071411132,53.02512159447544,19.200000762939453,19.950000762939453,97.23999786376952,0
2011-07-27,1072.55322265625,0.02744389542855097,0.02936777635343013,-0.0006197817171786912,1051.8552111816407,1146.4350106811523,58.75945254045965,19.299999237060547,20.200000762939453,95.93000030517578,0
2011-07-28,1051.8426513671875,-0.019309597744502915,0.01969041354128631,-0.006076562612645109,1051.396651611328,1144.965544128418,50.47588122182544,18.25,19.25,97.5,0
2011-07-29,1070.2471923828125,0.017497427958167222,0.037799857885659094,0.03575106812439888,1051.1030676269531,1143.5756814575195,62.21252503393225,18.51000022888184,19.11000061035156,98.13999938964844,0
2011-08-01,1072.86376953125,0.00244483439625931,0.046231233184846676,0.04208486691539126,1051.2068493652343,1142.0288284301757,69.39150240128617,19.770000457763672,18.75,99.12999725341795,0
2011-08-02,1075.169677734375,0.0021493019604272856,0.04356044584126262,0.05887461594141996,1051.3434362792968,1140.4979397583008,66.28856169398091,18.780000686645508,17.90999984741211,99.87000274658205,0
2011-08-03,1075.258544921875,8.265410505936543e-05,0.02628572360656234,0.07975974061793245,1051.548328857422,1139.1382333374024,63.98670612926663,19.149999618530277,19.200000762939453,99.1999969482422,0
2011-08-04,1064.615234375,-0.009898373369958469,0.01983976219835548,0.09187697121389227,1051.282244873047,1137.8466024780273,57.853030796814004,19.479999542236328,19.299999237060547,99.58999633789062,0
2011-08-05,1057.2532958984375,-0.0069151165969219,-0.014264958078183954,0.06466605932934155,1050.755399169922,1136.503528137207,55.73653593544755,20.21999931335449,18.25,97.4000015258789,0
2011-08-08,1057.0316162109375,-0.0002096750971219974,0.004933213952681426,0.03383229087936912,1050.4236779785156,1135.1777499389648,60.35292461769639,24.899999618530277,18.51000022888184,97.44000244140624,0
2011-08-09,1074.9478759765625,0.016949596862436467,0.004392147559186155,0.04672426956406284,1050.100819091797,1133.8397732543945,65.51163613287143,28.780000686645508,19.770000457763672,95.6999969482422,0
2011-08-10,1133.1768798828125,0.054169141785921804,0.05621693272195616,0.08551784944803154,1050.5886462402343,1132.8388424682616,77.87463974214319,34.880001068115234,18.780000686645508,94.88999938964844,0
2011-08-11,1106.6121826171875,-0.02344267495853969,0.02924422585007136,0.07565289131267172,1050.9833337402345,1131.688678894043,67.75311188356481,28.950000762939453,19.149999618530277,93.79000091552734,0
2011-08-12,1105.45947265625,-0.0010416566698292495,0.02808713111558614,0.09027691411962602,1051.2041857910156,1130.2675527954102,64.5312236955771,29.09000015258789,19.479999542236328,91.93000030517578,0
2011-08-16,1086.611572265625,-0.017049833898782674,0.020661302957531325,0.058127634019857544,1051.081785888672,1128.9349002075196,59.9917177642533,27.020000457763672,20.21999931335449,86.62999725341797,0
2011-08-17,1051.9312744140625,-0.03191600267909245,-0.005033818768900078,0.016847311380322028,1050.1238684082032,1127.3880465698242,45.30773909879482,26.459999084472656,24.899999618530277,86.87999725341797,0
2011-08-18,1028.3385009765625,-0.02242805591139163,-0.02714499244329993,-0.008127231571232185,1048.9796960449219,1125.6487240600586,44.72116884056859,25.479999542236328,28.780000686645508,81.30999755859375,0
2011-08-19,1028.0279541015625,-0.000301988960546673,-0.04364855536123036,-0.019996636971552184,1047.9863024902343,1124.0998739624024,39.67908661736884,27.450000762939453,34.880001068115234,79.30000305175781,0
2011-08-22,1037.208251953125,0.008930007997287825,-0.08468989231373314,-0.012539299711192942,1046.9707434082031,1122.6630026245118,41.55467530214538,29.190000534057617,28.950000762939453,82.88999938964844,0
2011-08-23,1027.274169921875,-0.009577712106072722,-0.07169450503217356,-0.00511109143371713,1045.786658935547,1121.1644900512695,39.05117229139576,27.07999992370605,29.09000015258789,85.72000122070312,0
2011-08-24,994.9569702148438,-0.03145917677409238,-0.09996069975852273,-0.022385190924661624,1044.0005737304687,1119.4533905029298,34.000655217945095,25.920000076293945,27.020000457763672,85.37999725341797,0
2011-08-25,991.654052734375,-0.0033196586177546283,-0.08738865106439098,-0.040143989685449744,1042.369287109375,1117.8100360107421,35.025144412508666,28.600000381469727,26.459999084472656,86.6500015258789,0
2011-08-26,967.1926879882812,-0.0246672361985959,-0.0805552496506785,-0.07131563108577033,1040.547674560547,1116.118215637207,32.72793334240119,27.940000534057617,25.479999542236328,87.58000183105469,1
2011-08-29,963.6218872070312,-0.003691922845981299,-0.06293318173740758,-0.0773764101904798,1039.15400390625,1114.3945709228515,32.3128403399337,33.2599983215332,27.450000762939453,82.37999725341797,0
2011-08-30,974.4684448242188,0.011256030774295933,-0.052099273238295996,-0.06476770104603236,1038.0526550292968,1112.74600189209,30.450799338707625,26.06999969482422,29.190000534057617,82.26000213623047,0
2011-09-02,963.2200927734376,-0.011543064437361195,-0.07133394768154155,-0.0662231718263423,1037.009276123047,1111.11170501709,9.536121124897264,24.8799991607666,27.07999992370605,84.12000274658203,0
2011-09-05,969.0674438476562,0.006070628216841012,-0.05666133519023986,-0.06031236272844853,1036.4739990234375,1109.5846966552735,13.66885504802859,26.09000015258789,25.920000076293945,85.44000244140625,0
2011-09-06,984.6455688476562,0.016075377517737577,-0.010363665641701991,-0.039797058115241035,1036.6662658691407,1108.2963400268554,20.347841718535804,27.82999992370605,28.600000381469727,85.16000366210938,0
2011-09-07,1005.5803833007812,0.02126126914644555,0.014043537187193422,-0.02398297230825952,1036.9171240234375,1106.9809442138671,30.313646510278858,28.65999984741211,27.940000534057617,85.30000305175781,0
2011-09-08,1010.4906616210938,0.00488302914600891,0.04476664698827526,-0.03553229615596576,1036.678134765625,1105.8007473754883,38.22947022795158,27.86000061035156,33.2599983215332,85.37000274658203,0
2011-09-09,985.0474853515624,-0.025179031569390053,0.022234445303677353,-0.056381535057792975,1035.8398095703126,1104.4243753051758,37.83179995621859,27.63999938964844,26.06999969482422,87.2699966430664,1
2011-09-12,953.66796875,-0.031855841538809715,-0.021345458834196362,-0.11084322101221489,1034.0350805664064,1102.799969177246,32.20668458976091,28.149999618530277,24.8799991607666,88.9000015258789,1
2011-09-13,959.6043701171876,0.006224809432331613,-0.0037537865783500157,-0.0876920907610167,1032.6515307617187,1101.3181112670898,31.137638382514922,32.75,26.09000015258789,86.44999694824219,1
2011-09-14,977.19140625,0.018327382284289317,0.008383278639604086,-0.08694793763077469,1031.9168505859375,1100.0836190795899,38.263533417969334,32.77000045776367,27.82999992370605,86.44999694824219,1
2011-09-15,966.1661376953124,-0.011282608999804267,-0.01876759692725838,-0.09945123963180846,1030.7017895507813,1098.8520962524415,42.505196372183825,32.45000076293945,28.65999984741211,86.0199966430664,1
2011-09-16,990.4485473632812,0.025132747589241777,-0.015047863093580194,-0.07879791638992306,1029.8207067871094,1097.5688067626952,49.71708585973612,30.790000915527344,27.86000061035156,89.33999633789062,1
2011-09-19,1018.3912963867188,0.028212216674783575,0.007818612349123732,-0.052887046379424985,1029.4532421875,1096.3544961547852,61.82236586563478,28.450000762939453,27.63999938964844,89.05000305175781,0
2011-09-20,1031.068115234375,0.012447886085273918,0.04671919939614688,-0.0315110267610621,1029.0945141601562,1095.238605041504,64.94561475974115,29.600000381469727,28.149999618530277,87.23999786376953,0
2011-09-21,1002.2774047851562,-0.02792318957770723,0.05097102726315739,-0.05199878905703825,1028.1324768066406,1094.0020440673827,55.70831278640414,27.25,32.75,88.19000244140625,1
2011-09-22,970.4957885742188,-0.031709401069208054,0.01134990501939992,-0.08186683000733441,1026.8913598632812,1092.643161315918,51.377366064279144,27.670000076293945,32.77000045776367,90.20999908447266,0
2011-09-23,973.888427734375,0.003495779373901664,-0.0033800732328380656,-0.09401334753127222,1026.0143432617188,1091.2679794311523,50.921225090464034,33.880001068115234,32.45000076293945,88.91000366210938,0
2011-09-26,961.3005981445312,-0.01292533028565468,-0.005035924320828888,-0.15167648121805644,1024.5777966308594,1089.7387243652345,45.487521442543425,35.15999984741211,30.790000915527344,89.4000015258789,0
2011-09-27,987.5023803710938,0.027256596195962324,-0.0029745785382093715,-0.10763463850939514,1023.49853515625,1088.3914785766601,46.57533454630554,35.43000030517578,28.450000762939453,87.95999908447266,0
2011-09-28,962.5950317382812,-0.025222570727832183,-0.05478863070256412,-0.1292353491482482,1021.8617028808594,1087.035,41.5657494116504,32.0099983215332,29.600000381469727,85.69999694824219,0
2011-09-29,986.5652465820312,0.02490166067080568,-0.04316190947503762,-0.09207183895068727,1020.7539404296875,1085.7003634643554,50.268666120842404,32.0,27.25,86.88999938964844,0
2011-09-30,966.8357543945312,-0.0199981625704464,-0.03536111880943993,-0.08089456230582215,1019.4600280761719,1084.228941040039,52.43116446761531,31.06999969482422,27.670000076293945,85.91999816894531,0
2011-10-03,962.1488037109376,-0.004847721717251563,-0.008600743003268407,-0.06436567064518905,1018.0776940917968,1082.7695623779298,50.47195550884203,31.940000534057617,33.880001068115234,80.51000213623047,0
2011-10-04,989.020263671875,0.027928590522896313,0.01553754568447041,-0.03794419234813318,1017.3489855957031,1081.5281359863282,52.12102786084419,35.06999969482422,35.15999984741211,79.8499984741211,0
2011-10-05,969.1121215820312,-0.020129154903188784,0.00812599456671248,-0.06565328635099521,1016.1254321289063,1080.262560119629,50.51193518436224,37.18999862670898,35.43000030517578,80.23999786376953,0
2011-10-07,993.7964477539062,0.025471073596292415,0.006373723757959304,-0.03258888731770093,1015.0469909667969,1078.9569830322266,50.580966268962,35.369998931884766,32.0099983215332,84.44999694824219,0
2011-10-10,956.0780639648438,-0.03795383237111616,-0.0067702071572808276,-0.039075967518077515,1013.2904638671876,1077.4253408813477,39.541520860821315,33.02000045776367,32.0,81.20999908447266,0
2011-10-11,958.0867309570312,0.0021009445440653973,-0.02886632761863872,-0.03384983067914216,1011.0011340332031,1076.0332373046874,37.296077267684524,30.030000686645508,31.06999969482422,82.13999938964844,0
2011-10-12,969.3797607421876,0.011787064177243955,0.002631270447015499,0.0022612585693295717,1009.3518762207032,1074.7053588867188,43.90201407369379,30.299999237060547,31.940000534057617,79.19999694824219,0
2011-10-13,944.740478515625,-0.0254175744371824,-0.018093173455259737,-0.01959420903787512,1006.8417419433594,1073.258055419922,45.09608637535384,28.40999984741211,35.06999969482422,77.61000061035156,0
2011-10-14,917.0654907226562,-0.029293746189907766,-0.07275358816418653,-0.05890693988753759,1003.7257763671874,1071.6597378540039,40.09645822700086,28.239999771118164,37.18999862670898,75.66999816894531,0
2011-10-17,938.8035278320312,0.023703909185640804,-0.03127459978575298,-0.025348894945809053,1000.9984533691406,1070.1663403320313,46.200231331143726,25.979999542236328,35.369998931884766,79.68000030517578,0
2011-10-18,939.4285888671876,0.0006658060143849287,-0.054707238096489696,-0.030584924886949416,998.2818542480469,1068.5753979492188,41.11243582634814,25.43000030517578,33.02000045776367,82.9800033569336,0
2011-10-19,951.4807739257812,0.012829272178236373,-0.0048084881479213415,-0.033681962292978374,996.0191650390625,1067.0334091186523,47.842731301957436,25.899999618530277,30.030000686645508,85.41000366210938,0
2011-10-20,961.8809814453124,0.010930549312751836,0.0039602369656983605,-0.04345689572028755,994.11171875,1065.5383212280274,44.94237518917929,24.049999237060547,30.299999237060547,85.80999755859375,0
2011-10-21,977.14697265625,0.015870977288686028,0.008012558368369005,-0.032997523115504745,992.5140258789063,1064.099826965332,52.152055726012925,25.600000381469727,28.40999984741211,85.56999969482422,0
2011-10-24,993.0821533203124,0.016307864742951317,0.05116926383914633,0.008156630099799056,990.8767114257812,1062.7290341186524,56.1665683543293,26.299999237060547,28.239999771118164,84.2300033569336,0
2011-10-25,1027.764892578125,0.03492434049071669,0.1207104650380384,0.07769677314972201,988.7684716796875,1061.6039437866211,57.490468058674644,25.21999931335449,25.979999542236328,86.80000305175781,0
2011-10-28,1005.2233276367188,-0.02193260842454081,0.07074941437221693,0.047539339065285846,986.7406945800781,1060.537105102539,56.91098050264478,22.309999465942383,25.43000030517578,86.37999725341797,0
2011-10-31,1004.5985107421876,-0.0006215702295728764,0.06937187418746249,0.028046812852523084,984.7234753417969,1059.6150439453124,52.27699343872444,20.88999938964844,25.899999618530277,88.33999633789062,0
2011-11-01,1011.9190673828124,0.007287047076365294,0.06352024666527378,0.04735513686770143,983.2296252441406,1058.794111328125,63.501059101618544,22.65999984741211,24.049999237060547,86.11000061035156,0
2011-11-02,1003.43798828125,-0.008381183214085985,0.043203896986812707,0.013114705405493865,982.2597595214844,1057.9642565917968,60.63212214888678,24.020000457763672,25.600000381469727,85.30000305175781,0
2011-11-03,1008.3480224609376,0.004893211376318263,0.031930764437484216,-0.009861900785498645,981.8599499511719,1057.1625,59.41754968118255,24.88999938964844,26.299999237060547,87.4000015258789,0
2011-11-04,1001.87548828125,-0.006418948652163747,0.008854589654579526,-0.028312995544905517,981.3369006347656,1056.3376934814453,65.1371087976663,24.65999984741211,25.21999931335449,91.2699966430664,0
2011-11-08,1003.5718994140624,0.0016932354894945156,-0.023539423596553366,0.0012915532393784623,980.6641735839844,1055.7247045898437,76.57705769909435,23.43000030517578,22.309999465942383,93.16999816894533,0
2011-11-09,961.0327758789062,-0.04238771886697179,-0.043960929420235995,-0.009750699391714912,979.339345703125,1054.8994619750977,56.05544881323154,23.709999084472656,20.88999938964844,93.31999969482422,0
2011-11-11,946.0794677734376,-0.015559623439266312,-0.05825117431790405,-0.02855456453634153,978.3617956542969,1053.9639749145508,51.68056962439189,24.299999237060547,22.65999984741211,93.19000244140624,0
2011-11-14,916.8423461914062,-0.03090345217071444,-0.09395684324568443,-0.0462480227713753,976.8655615234375,1052.9040338134766,41.94682414403184,24.739999771118164,24.020000457763672,92.19000244140624,0
2011-11-15,895.8629150390625,-0.022882266770828164,-0.10720649855647646,-0.09279923487130637,975.4389660644531,1051.798843383789,35.37092318828506,25.290000915527344,24.88999938964844,92.51000213623048,0
2011-11-16,885.060791015625,-0.012057786790924951,-0.12226654756005995,-0.08054710253661157,973.867744140625,1050.6866497802735,29.18260320530011,25.96999931335449,24.65999984741211,94.06999969482422,0
2011-11-17,845.55712890625,-0.044633840421338444,-0.15602573493755123,-0.14292832447149928,971.2895178222657,1049.1824743652344,19.861422770776457,25.040000915527344,23.43000030517578,94.26000213623048,0
2011-11-18,839.7097778320312,-0.006915382620902855,-0.16327890575423887,-0.13148663150351847,968.8193115234375,1047.6683529663087,6.450400075760584,26.920000076293945,23.709999084472656,96.8000030517578,0
2011-11-21,841.8969116210938,0.0026046306078622017,-0.12396649442976337,-0.1249826343139867,966.2759008789062,1046.2469891357423,8.240219627661602,26.57999992370605,24.299999237060547,95.73999786376952,1
2011-11-22,856.6271362304688,0.017496470655785634,-0.0945505473800119,-0.13386290686287694,963.7155322265625,1045.0782192993165,14.711602758720176,28.61000061035156,24.739999771118164,98.98999786376952,0
2011-11-23,851.3153076171875,-0.006200864283444907,-0.07147034476147429,-0.12155127496759177,960.6302307128906,1043.778673400879,11.328508947257049,27.350000381469727,25.290000915527344,98.13999938964844,0
2011-11-24,882.8735961914062,0.03707003538154363,-0.014499225974868968,-0.11161526267597188,958.0778894042969,1042.6832611083985,23.873112330722492,30.68000030517578,25.96999931335449,99.37000274658205,0
2011-11-25,848.0568237304688,-0.03943573871858008,-0.04180952049936981,-0.11298370322022899,955.338076171875,1041.526188659668,19.249907909351393,27.950000762939453,25.040000915527344,102.58999633789062,1
2011-11-28,861.8497314453125,0.016264131516766644,0.01926848226108313,-0.10044706434415152,953.5017114257812,1040.4329794311523,23.87147150485194,29.1200008392334,26.920000076293945,98.81999969482422,1
2011-11-29,856.046875,-0.0067330257626014856,0.01945564717627568,-0.11691278313404896,951.4305615234375,1039.4670822143555,22.887622698636406,26.63999938964844,26.57999992370605,97.41000366210938,1
2011-11-30,867.8756713867188,0.013817930690674718,0.030857411883840058,-0.08136076401603554,949.2442468261719,1038.5301739501954,30.70097220550346,26.8700008392334,28.61000061035156,96.91999816894533,1
2011-12-01,859.03759765625,-0.010183571243962852,0.0028138980471577035,-0.06327562606317216,947.1016760253906,1037.60650390625,31.499077868958793,26.549999237060547,27.350000381469727,98.01000213623048,1
2011-12-02,885.9088745117188,0.03128067610635776,0.04063543388096469,-0.05634262308585647,945.0108825683594,1036.9183038330077,43.35823097935342,25.020000457763672,30.68000030517578,96.16999816894533,1
2011-12-05,892.3366088867188,0.007255525438260024,0.010718423040551484,-0.050128323257923046,942.4897888183593,1036.2356350708008,49.192396068258354,23.989999771118164,27.950000762939453,96.16999816894533,1
2011-12-07,891.577880859375,-0.000850271097013855,0.05131856251974254,-0.06295754439603518,939.6999841308593,1035.4544888305663,51.56453486532012,25.020000457763672,29.1200008392334,96.7699966430664,1
2011-12-08,871.2233276367188,-0.02282980955408731,0.010876137509130412,-0.09425038602215874,937.0789025878906,1034.3819830322266,56.78545714600136,26.459999084472656,26.63999938964844,98.20999908447266,1
2011-12-09,880.0614624023438,0.010144511154905889,0.028052888344862748,-0.09935609787542155,935.2702160644532,1033.2977877807616,60.50183470207933,28.57999992370605,26.8700008392334,99.79000091552734,1
2011-12-12,855.4219970703125,-0.027997436979880663,-0.014349606432114137,-0.1386191019441253,932.9008874511719,1032.1292013549805,53.15167732467759,29.530000686645508,26.549999237060547,100.36000061035156,1
2011-12-13,853.9042358398438,-0.0017742836116756422,-0.0059757126235356894,-0.16916384086846525,930.7529602050781,1030.952582397461,49.323863092127525,29.270000457763672,25.020000457763672,100.1999969482422,1
2011-12-14,846.0036010742188,-0.009252366288890035,-0.04504444484710046,-0.15839239120805704,927.9229846191406,1029.733576965332,48.697766329657384,28.11000061035156,23.989999771118164,100.95999908447266,1
2011-12-15,831.7643432617188,-0.0168312023665379,-0.06788051170574527,-0.17204302577830888,925.3063708496094,1028.5380584716797,36.30710835871192,28.790000915527344,25.020000457763672,100.98999786376952,1
2011-12-16,831.6304321289062,-0.00016099648163248048,-0.0672374786515414,-0.1781650737347974,922.2076745605468,1027.4582846069336,44.594593508932896,28.809999465942383,26.459999084472656,100.48999786376952,1
2011-12-19,818.3286743164062,-0.015994794440661098,-0.06071308198759395,-0.18447509076461244,919.2375329589844,1026.2614440917969,35.632151946175654,29.690000534057617,28.57999992370605,98.33999633789062,1
2011-12-20,817.8822631835938,-0.0005455156917059112,-0.07065324625057057,-0.18888891041061406,916.3522021484375,1025.141975402832,36.93856022927377,30.57999992370605,29.530000686645508,99.41000366210938,1
2011-12-21,858.72509765625,0.04993730309503985,0.0038613697067062525,-0.14288241632758092,913.746298828125,1024.2528872680664,47.387200676470044,30.530000686645508,29.270000457763672,97.7699966430664,1
2011-12-22,862.2513427734375,0.0041063724896497344,0.00977522605375536,-0.14081757044326892,911.6090832519532,1023.2060348510743,50.946339695943394,27.530000686645508,28.11000061035156,100.13999938964844,1
2011-12-23,870.8663330078125,0.009991274941555606,0.0293884469309873,-0.09382244303648501,909.1504809570313,1021.8361654663086,45.036854512377005,26.84000015258789,28.790000915527344,94.9499969482422,1
2011-12-26,865.5098266601562,-0.006150778994011508,0.04057096661069459,-0.08516159990544869,907.3391162109375,1020.2998181152344,41.08574140476693,27.38999938964844,28.809999465942383,93.87000274658205,1
2011-12-27,859.841064453125,-0.006549622005917577,0.033922077925890415,-0.06217130128758397,905.3742028808593,1018.7803619384765,39.78743529452432,26.600000381469727,29.690000534057617,93.52999877929688,1
2011-12-28,856.4039916992188,-0.003997334968052879,0.04652814764754365,-0.04404571578691052,903.1146875,1017.4707809448242,44.64865841778373,26.290000915527344,30.57999992370605,93.87999725341795,1
2011-12-29,822.8815307617188,-0.03914327964654507,0.006112453837384235,-0.07025422534259407,900.6775085449219,1016.0144317626953,32.47606263781239,26.739999771118164,30.530000686645508,97.22000122070312,1
2011-12-30,819.8015747070312,-0.003742891217690225,-0.0453271053279497,-0.03045986287471103,898.7322302246093,1014.4989993286133,37.42115116603377,26.6200008392334,27.530000686645508,98.66999816894533,1
2012-01-02,838.192138671875,0.022432945400740367,-0.0279027737134927,-0.0018073377257491474,896.7200024414062,1013.0515713500977,45.04229400234417,27.11000061035156,26.84000015258789,99.52999877929688,1
2012-01-03,850.6011962890625,0.014804550227409452,-0.02327008858955193,0.010338896066512948,894.9434545898438,1011.7573239135742,51.41056673221984,27.530000686645508,27.38999938964844,99.68000030517578,1
2012-01-04,846.5392456054688,-0.004775387927168362,-0.02191838898917131,-0.011776291222095892,892.8446240234375,1010.4154925537109,54.834957289266555,26.15999984741211,26.600000381469727,99.68000030517578,1
2012-01-05,833.3267211914062,-0.015607692712004795,-0.03083633052415613,-0.021130345319563038,890.2735388183594,1009.1976290893555,50.511327508654595,26.40999984741211,26.290000915527344,101.33999633789062,1
2012-01-06,847.8783569335938,0.017462101444896794,-0.00995515533353486,-0.03963788180864969,887.6881665039062,1008.0299072265625,58.8408062495663,25.90999984741211,26.739999771118164,99.36000061035156,1
2012-01-09,866.8936157226562,0.022426871300067708,0.05348532360447655,0.022211709716959183,885.1643957519532,1007.1974038696289,63.19710275833552,25.459999084472656,26.6200008392334,99.6500015258789,1
2012-01-10,880.5526733398438,0.015756325077790567,0.07410463764298436,0.021700931394579293,882.2201513671876,1006.4726666259766,56.885408070888964,25.68000030517578,27.11000061035156,98.83000183105467,1
2012-01-11,881.9362182617188,0.0015712233507023665,0.052188606372706836,0.03024290376822969,879.7544091796875,1005.8790216064453,56.294594116689574,24.0,27.530000686645508,98.83000183105467,1
2012-01-12,887.8283081054688,0.006680857097991932,0.04376564714324149,0.022990201680465505,877.4190051269532,1005.1208145141602,55.52002288215888,24.540000915527344,26.15999984741211,102.95999908447266,1
2012-01-13,872.25,-0.0175465323230245,0.03037160359428137,0.01538047040059487,874.6256237792969,1004.2669766235351,52.056658443583856,24.030000686645508,26.40999984741211,103.22000122070312,1
2012-01-16,899.9248657226562,0.03172813496435234,0.07991840755572399,0.015821030372523026,872.555361328125,1003.5905395507813,60.78284761237684,23.479999542236328,25.90999984741211,101.80999755859376,1
2012-01-17,989.4666137695312,0.09949913760297235,0.1669912383988672,0.10884906426061813,872.1777331542969,1003.2946237182617,74.46246706131006,24.06999969482422,25.459999084472656,101.55999755859376,1
2012-01-18,983.6192626953124,-0.0059095991646878065,0.13464817926401706,0.10323425896032812,871.8126086425781,1002.8834353637695,82.89789303241383,22.61000061035156,25.68000030517578,101.30999755859376,1
2012-01-19,1008.74951171875,0.025548756491994506,0.14558679140984165,0.15785411124732507,871.9161608886719,1002.4371383666992,85.47009761336835,22.68000030517578,24.0,102.23999786376952,1
2012-01-20,985.1367797851562,-0.023407924027999183,0.11701590136171536,0.1193954307418299,872.3982409667968,1001.7350775146484,77.05461556804508,21.68000030517578,24.540000915527344,100.87000274658205,1
2012-01-23,1036.1568603515625,0.05178984442904766,0.16706896017160244,0.21128152409014356,874.1997888183594,1001.3184954833985,79.91083059229295,21.959999084472656,24.030000686645508,99.0999984741211,1
2012-01-24,1033.7462158203125,-0.002326524702478072,0.18514900065384055,0.2106114156976726,876.5378662109375,1000.8501696777344,80.33852711308917,22.13999938964844,23.479999542236328,98.6999969482422,1
2012-01-25,1054.1009521484375,0.01969026441559718,0.17132106501132727,0.24597690932991978,879.702626953125,1000.3538995361328,84.96889486124738,21.420000076293945,24.06999969482422,98.6999969482422,1
2012-01-27,1080.7938232421875,0.02532287921697196,0.09229943507111438,0.2993990809992084,883.6172875976563,999.9445288085938,85.52560214802106,21.020000457763672,22.61000061035156,100.70999908447266,1
2012-01-30,1065.3048095703125,-0.01433114562536153,0.08304589994625111,0.2809834373703941,888.0122412109375,999.5169171142578,80.59188541277886,21.700000762939453,22.68000030517578,100.58999633789062,1
2012-01-31,1059.41259765625,-0.005531010337256559,0.05022365349270719,0.2946052495853626,892.4062976074218,999.1452130126953,78.25408692194617,23.459999084472656,21.68000030517578,100.38999938964844,1
2012-02-01,1084.4984130859375,0.02367898539736557,0.10086074882155005,0.325983533209957,897.2583276367187,999.0071466064453,79.76905781609551,22.65999984741211,21.959999084472656,98.45999908447266,1
2012-02-02,1087.0430908203125,0.002346409827501894,0.04911054726934361,0.2658801912127864,901.8666467285157,998.9538690185547,79.56803001794589,22.88999938964844,22.13999938964844,99.58000183105467,1
2012-02-03,1107.75439453125,0.019052881974815028,0.07159221245826708,0.2847233046551718,906.9954284667969,998.8243182373047,84.42963138515745,23.690000534057617,21.420000076293945,98.9499969482422,1
2012-02-06,1118.3780517578125,0.009590264122633307,0.06097812498733379,0.2842132131749082,911.705517578125,998.8407934570313,83.61262013070008,24.09000015258789,21.020000457763672,99.4000015258789,1
2012-02-07,1113.2001953125,-0.004629790827148428,0.02998386128179309,0.28617857478075726,917.0083850097657,998.8085400390624,75.71427230516205,24.6200008392334,21.700000762939453,99.55999755859376,1
2012-02-08,1130.6529541015625,0.01567800550390941,0.06134220360612841,0.31495575268980547,922.3844494628906,998.8974780273437,79.15037722451623,24.90999984741211,23.459999084472656,98.77999877929688,1
2012-02-09,1133.777587890625,0.0027635657588189755,0.07019454969564598,0.323881718067498,927.9390637207031,998.9563616943359,77.1572289089541,24.270000457763672,22.65999984741211,98.4800033569336,1
2012-02-10,1111.102294921875,-0.019999771746182615,0.024531047270264006,0.35025790880657914,932.8035961914062,998.7156072998047,77.47272919443799,23.299999237060547,22.88999938964844,97.61000061035156,1
2012-02-13,1093.64892578125,-0.015708156864037592,0.0060768841794049955,0.3340410161716052,937.4958227539063,998.3013287353516,64.68966360444219,23.82999992370605,23.690000534057617,96.36000061035156,1
2012-02-14,1131.7244873046875,0.03481515925802081,0.02163845423838784,0.35019697166083885,942.4121350097656,998.1831976318359,71.17499010684605,23.709999084472656,24.09000015258789,97.83999633789062,1
2012-02-15,1163.0595703125,0.02768790757761197,0.03995207030794212,0.3673382724908063,947.8265942382812,998.1587683105469,72.48107370487925,22.709999084472656,24.6200008392334,96.91000366210938,1
2012-02-16,1213.7672119140625,0.04359849047795383,0.09034045899833054,0.4337991040757265,954.270380859375,998.4568377685547,74.96225818426805,22.100000381469727,24.90999984741211,98.41000366210938,0
2012-02-17,1179.7984619140625,-0.027986214874294202,0.04346648335744363,0.4157693878186288,960.4418835449219,998.5123333740235,70.0986921617132,23.32999992370605,24.270000457763672,98.70999908447266,0
2012-02-21,1169.264404296875,-0.008928692448113118,0.031299627709410416,0.3790473535916101,966.2259423828125,998.6306848144532,68.97461437447656,24.18000030517578,23.299999237060547,99.83999633789062,1
2012-02-22,1166.2286376953125,-0.0025963046428220116,0.04961410216267592,0.34529614308340006,972.4420751953126,998.8127966308593,65.2812241521919,26.25,23.82999992370605,98.66999816894533,0
2012-02-23,1142.1695556640625,-0.02062981584708401,0.044365818626989295,0.29710531833596443,978.2073815917969,999.0041076660157,59.5396023750356,26.799999237060547,23.709999084472656,100.91000366210938,0
2012-02-24,1147.391845703125,0.004572254629940931,0.013843791995480137,0.30099186533535804,984.235146484375,999.1805084228515,57.24777104980742,24.32999992370605,22.709999084472656,100.73999786376952,0
2012-02-27,1122.172119140625,-0.021980046883674054,-0.035155079082397345,0.2639517223045309,990.0433020019532,999.143667602539,50.65859650565193,24.81999969482422,22.100000381469727,101.8000030517578,1
2012-02-28,1133.4207763671875,0.010024003479231824,-0.06619591858983553,0.2994219276207366,996.0791088867187,999.2872454833985,53.43755693913473,27.3799991607666,23.32999992370605,102.30999755859376,1
2012-02-29,1120.208251953125,-0.011657210357843395,-0.05050880458367479,0.2447797528670097,1002.1167004394531,999.3811688232422,48.198396806246016,25.850000381469727,24.18000030517578,103.23999786376952,1
2012-03-01,1173.9957275390625,0.04801560378809655,0.004046410054732386,0.1864935220669428,1009.2389697265625,999.8280682373047,55.90513556287224,26.93000030517578,26.25,105.83999633789062,1
2012-03-02,1187.833251953125,0.011786690606676142,0.018525196140361633,0.20761487396884215,1015.8211328125,1000.360341796875,61.56640535008351,27.670000076293945,26.799999237060547,106.27999877929688,1
2012-03-05,1174.12939453125,-0.011536852836323663,0.027981693881348413,0.16394544026169466,1022.0586938476563,1000.8096826171875,62.27030950475517,27.84000015258789,24.32999992370605,107.83000183105467,1
2012-03-06,1188.7705078125,0.012469761296705517,0.03606323529693389,0.20670604550137006,1028.41677734375,1001.2965301513672,59.36674583846948,28.920000076293945,24.81999969482422,109.7699966430664,1
2012-03-07,1168.19287109375,-0.017310016175128395,0.04101042181333847,0.12742859290376973,1034.4704382324219,1001.7714025878906,50.87373517006379,27.34000015258789,27.3799991607666,108.55999755859376,1
2012-03-09,1197.474609375,0.025065842298655827,0.05651372759648554,0.1583835481562208,1041.2231091308595,1002.3634143066406,47.00866768955892,26.32999992370605,25.850000381469727,106.5500030517578,1
2012-03-12,1193.814453125,-0.0030565627206996515,0.06570760485252625,0.13254280881902503,1047.971318359375,1002.9586334228516,52.89560742464218,25.46999931335449,26.93000030517578,107.06999969482422,1
2012-03-13,1221.4892578125,0.023181830823924665,0.04045460231187881,0.13017786699432787,1055.9434729003906,1003.6414477539063,60.07570212401169,26.270000457763672,27.670000076293945,108.83999633789062,1
2012-03-14,1224.748046875,0.0026678818840666363,0.031077421735060007,0.14966912368395158,1064.04240234375,1004.4268145751953,61.28039870392986,24.75,27.84000015258789,106.6999969482422,1
2012-03-15,1219.837646484375,-0.004009314734695124,0.038929484404377046,0.15142830015712017,1071.6753125,1005.1843011474609,66.16490999324702,24.71999931335449,28.920000076293945,106.72000122070312,1
2012-03-16,1226.9349365234375,0.005818225121611231,0.032104118044756325,0.1313386185897656,1079.2019873046875,1005.99390625,66.42694109396136,25.420000076293945,27.34000015258789,104.6999969482422,0
2012-03-19,1215.9990234375,-0.008913197236786519,0.04092316733536494,0.11863000989213202,1086.5911828613282,1006.6843041992188,70.59162029312579,23.1299991607666,26.32999992370605,106.16000366210938,0
2012-03-20,1212.5174560546875,-0.002863133370757498,0.01256214249714982,0.09457246303028066,1094.1749975585938,1007.3289135742187,67.97155216121254,22.96999931335449,25.46999931335449,107.4000015258789,0
2012-03-21,1216.9808349609375,0.0036810842466326044,0.019405345424739817,0.0881658782986181,1101.5570471191406,1008.0457293701172,72.89807141846205,21.940000534057617,26.270000457763672,106.33999633789062,0
2012-03-22,1187.60986328125,-0.024134292698726245,-0.027736137927174886,0.066843024535997,1107.9713720703126,1008.528324584961,53.64218556606762,21.0,24.75,106.70999908447266,0
2012-03-23,1166.4073486328125,-0.017853097472478874,-0.047634857137389575,0.03162278434027632,1113.688465576172,1008.8164337158203,44.485254612509024,24.770000457763672,24.71999931335449,105.43000030517578,0
2012-03-26,1158.2833251953125,-0.006964996788662581,-0.05046107690352464,0.021614236836591694,1119.2154077148436,1009.173461303711,45.80081505160549,23.34000015258789,25.420000076293945,105.11000061035156,0
2012-03-27,1137.080810546875,-0.018305119470542586,-0.07323462989094376,0.023380849579494933,1124.200457763672,1009.3867810058593,36.76263895662177,26.739999771118164,23.1299991607666,107.05999755859376,0
2012-03-28,1150.1148681640625,0.011462736417932273,-0.05418109225712209,0.05163077570114738,1129.757755126953,1009.6736975097656,45.18428769600871,25.049999237060547,22.96999931335449,108.08999633789062,0
2012-03-29,1165.7825927734375,0.013622747642924926,-0.038543662235854925,0.030093990057476594,1135.0749096679688,1010.0034747314453,40.89749855725102,24.8700008392334,21.940000534057617,105.61000061035156,0
2012-03-30,1205.6435546875,0.034192449056244634,-0.009315906995200463,0.03661376034553254,1139.398448486328,1010.6039569091797,52.812636780224004,24.32999992370605,21.0,107.2699966430664,0
2012-04-02,1194.9747314453125,-0.008849069196867898,0.006201420510026923,-0.015482771559725217,1143.6255578613282,1011.1903424072266,43.14086479160206,22.3799991607666,24.770000457763672,105.3499984741211,0
2012-04-03,1169.0855712890625,-0.021665027280482585,0.0022961297863814956,-0.009080271733546641,1146.8322790527343,1011.5958392333985,37.10975508401796,20.8799991607666,23.34000015258789,106.87000274658205,0
2012-04-04,1174.5760498046875,0.004696387202496322,0.014066268809168614,0.0045427240308462125,1150.621064453125,1012.0363275146484,39.54646257839808,20.01000022888184,26.739999771118164,107.02999877929688,0
2012-04-09,1145.69580078125,-0.024587806833146097,0.007576409833379927,-0.01760618479978271,1152.8118432617186,1012.343500366211,32.95246184923924,20.6299991607666,25.049999237060547,107.33000183105467,0
2012-04-10,1138.9556884765625,-0.005882985954990372,-0.009702665356646878,-0.0028138266963624314,1154.9160327148438,1012.6721868896484,33.543131748502645,22.32999992370605,24.8700008392334,105.41000366210938,0
2012-04-11,1135.9649658203125,-0.0026258463665520537,-0.025577347901711067,-0.009959003914491005,1156.5533129882813,1013.0606451416015,33.61361752652421,21.920000076293945,24.32999992370605,102.77999877929688,0
2012-04-12,1171.6297607421875,0.03139603420438264,-0.028212147622792894,0.044073133486365546,1158.3700317382813,1013.7522668457032,41.436313813426175,22.290000915527344,22.3799991607666,103.0199966430664,0
2012-04-13,1180.86962890625,0.007886337880500305,-0.011803682678714456,0.041863404596432785,1160.681328125,1014.508935546875,48.62250788585296,21.780000686645508,20.8799991607666,105.2300033569336,0
2012-04-16,1198.3228759765625,0.014779994880957492,0.025008695176403695,0.06973223406205209,1163.4595336914062,1015.4236047363281,56.624042061141886,22.75,20.01000022888184,104.01000213623048,0
2012-04-17,1198.2335205078125,-7.456710586217774e-05,0.02014128476998911,0.02064555466445972,1165.7342358398437,1016.4356158447266,58.577712917416264,22.229999542236328,20.6299991607666,101.47000122070312,0
2012-04-18,1207.4287109375,0.0076739552619013995,0.05388246174434297,0.01649680959188049,1168.1419482421875,1017.5975982666016,65.92556114880475,20.309999465942383,22.32999992370605,102.45999908447266,0
2012-04-19,1242.022216796875,0.028650557623824513,0.09049213183892313,0.057823969472061476,1170.8273046875,1018.8425219726563,68.9558944156895,20.030000686645508,21.920000076293945,101.0199966430664,0
2012-04-20,1241.5311279296875,-0.00039539459161530566,0.09293082558505028,0.044382510981261,1173.2903662109375,1019.9379769897461,66.66652342163673,19.350000381469727,22.290000915527344,102.6999969482422,0
2012-04-23,1229.7918701171875,-0.009455467968874642,0.049642055300947785,0.05273016172899925,1175.6221997070313,1020.952117614746,56.06358111840141,20.09000015258789,21.780000686645508,103.63999938964844,0
2012-04-24,1217.471923828125,-0.010017911638892651,0.030996050728967273,0.016699572831496035,1177.3585791015626,1021.8199551391601,55.602532884637014,21.56999969482422,22.75,102.83000183105467,0
2012-04-25,1233.8536376953125,0.013455516752844732,0.02965040760804505,0.03353886733864164,1179.3601000976562,1022.8453140258789,66.93109874400082,19.25,22.229999542236328,102.93000030517578,0
2012-04-26,1233.7197265625,-0.00010853080845363294,0.0296154342599666,0.01001275178784855,1181.8124487304688,1023.9442855834961,65.90628096275836,18.940000534057617,20.309999465942383,104.1999969482422,0
2012-04-27,1234.2105712890625,0.000397857565210602,0.022180904022704562,0.007726098799019532,1184.623681640625,1024.9807424926757,78.09572445837946,18.739999771118164,20.030000686645508,102.66999816894533,0
2012-04-30,1224.7032470703125,-0.007703162199315883,-0.013944170637484543,0.00398872800815786,1186.4832568359375,1025.931745300293,76.7475032404185,17.889999389648438,19.350000381469727,102.2699966430664,0
2012-05-02,1189.9307861328125,-0.0283925604187637,-0.04156185909162102,-0.03015983104652442,1187.0206811523437,1026.697576599121,64.04829363097076,17.81999969482422,20.09000015258789,103.0500030517578,0
2012-05-03,1151.632568359375,-0.03218524826801383,-0.06355490197732783,-0.05293298254152201,1185.77798828125,1027.2107168579103,44.864770653360345,18.540000915527344,21.56999969482422,103.11000061035156,0
2012-05-04,1143.8656005859375,-0.006744310630692252,-0.060458333208001536,-0.05661927185125293,1185.0593310546874,1027.6781484985352,40.425025190070535,19.25,19.25,103.5500030517578,0
2012-05-07,1170.2459716796875,0.02306247436782516,-0.05155203508127293,-0.03840230013379797,1185.0789624023437,1028.3666201782225,43.055776959789775,21.1200008392334,18.940000534057617,104.12000274658205,0
2012-05-08,1165.916259765625,-0.003699830650002567,-0.054958565820938166,-0.0182666077357152,1185.07271484375,1029.1075051879882,42.171225662144046,20.21999931335449,18.739999771118164,104.5500030517578,0
2012-05-09,1161.676025390625,-0.0036368258350324423,-0.058769992403062354,-0.004056321531009988,1185.4628442382811,1029.7502456665038,38.64390798440471,22.15999984741211,17.889999389648438,104.93000030517578,0
2012-05-10,1126.5018310546875,-0.030278832968176128,-0.08018384555649594,-0.02743844571470966,1185.0450439453125,1030.1754275512694,21.409559764084463,23.040000915527344,17.81999969482422,104.87000274658205,0
2012-05-11,1102.7550048828125,-0.02108014875541042,-0.07326122011962966,-0.030187657153015857,1184.6567016601562,1030.4670193481445,19.19946247920629,22.71999931335449,18.540000915527344,105.22000122070312,0
2012-05-14,1115.0301513671875,0.011131345067601384,-0.031783068660806935,-0.03050540234549004,1184.2888891601563,1030.8324032592773,24.589761608735614,22.479999542236328,19.25,102.54000091552734,0
2012-05-15,1086.7305908203125,-0.0253800854731826,-0.04994905847011921,-0.06781024390238799,1183.6193359375,1031.1083993530274,22.964703744184817,23.26000022888184,21.1200008392334,98.48999786376952,0
2012-05-16,1064.2333984375,-0.020701719978113986,-0.09058999202537277,-0.11729018556123183,1181.4240893554688,1031.2732388305665,15.790365172536553,22.280000686645508,20.21999931335449,97.94000244140624,0
2012-05-17,1076.017578125,0.01107292789796066,-0.07710560761773455,-0.09954783995845229,1179.1877758789062,1031.5260482788085,19.62163189176529,23.709999084472656,22.15999984741211,97.01000213623048,0
2012-05-18,1041.5133056640625,-0.032066643856378696,-0.10343909756264158,-0.10912140972224615,1176.5354541015624,1031.5821658325194,17.181099219120327,23.59000015258789,23.040000915527344,96.80999755859376,1
2012-05-21,1079.14208984375,0.03612895195390298,-0.04204142408414635,-0.08124970705541512,1174.3428857421875,1031.7392837524415,27.37612560907445,23.549999237060547,22.71999931335449,97.08000183105467,0
2012-05-22,1030.17529296875,-0.045375671411435725,-0.06581671503887243,-0.10083000019178434,1171.5825341796874,1031.6706381225586,26.219249601418213,23.920000076293945,22.479999542236328,96.12999725341795,1
2012-05-23,1029.4166259765625,-0.0007364445617805693,-0.0767813545540903,-0.09617499926315531,1168.2213745117188,1031.4549551391601,29.51822485676773,24.38999938964844,23.26000022888184,94.77999877929688,1
2012-05-24,1021.6944580078124,-0.007501499173305448,-0.05984568149812364,-0.10059333804364479,1164.778974609375,1031.3042141723633,29.522657893229223,27.1299991607666,22.280000686645508,93.9800033569336,1
2012-05-25,998.9743041992188,-0.02223771855716561,-0.061320284003578696,-0.1473634951314291,1160.3286755371093,1030.9478497314453,20.93621329915146,25.489999771118164,23.709999084472656,92.80999755859376,1
2012-05-28,985.1815185546876,-0.013806947372472678,-0.0844187506012658,-0.1657152538784603,1155.537344970703,1030.5094384765625,20.28473750610631,25.13999938964844,23.59000015258789,92.55999755859376,1
2012-05-29,1007.3214721679688,0.022472968885735467,-0.0328289934561069,-0.1593906013460178,1151.287021484375,1030.1701974487305,26.032696699642855,23.68000030517578,23.549999237060547,91.4800033569336,1
2012-05-30,1027.586669921875,0.020117905071844966,-0.04777445009983783,-0.14241535365628666,1147.3000561523438,1029.9318380737304,33.89537307956944,24.030000686645508,23.920000076293945,92.56999969482422,1
2012-05-31,982.2352905273438,-0.044133872812868624,-0.04653577189106639,-0.18650659734213737,1142.6247814941407,1029.5199383544923,31.667565062854607,25.299999237060547,24.38999938964844,91.66000366210938,1
2012-06-01,959.5598754882812,-0.023085522641818845,-0.0678605228684851,-0.22742132748402255,1137.5656298828126,1029.0314712524414,27.076482908954233,25.25,27.1299991607666,89.9000015258789,1
2012-06-04,952.9983520507812,-0.0068380552429425645,-0.0672374264327329,-0.2324007585376039,1132.2859802246094,1028.5113049316406,28.931076692888993,26.770000457763672,25.489999771118164,90.66000366210938,1
2012-06-05,963.2647094726562,0.01077269168386552,-0.03574625951484056,-0.2167254208788465,1127.7990771484374,1027.9528890991212,33.45522190273783,25.600000381469727,25.13999938964844,90.86000061035156,1
2012-06-06,989.1094360351562,0.026830347160386347,0.003986998747429915,-0.1875710505708611,1124.2531188964845,1027.2325518798827,36.38649164978087,26.26000022888184,23.68000030517578,90.86000061035156,1
2012-06-07,1020.623291015625,0.03186083746889734,0.013205137798788291,-0.17281656443301951,1121.4999182128906,1026.802607421875,46.69678972997721,24.899999618530277,24.030000686645508,90.76000213623048,0
2012-06-08,1003.4825439453124,-0.016794391448049173,-0.023457024776698532,-0.1866203300961191,1118.8279528808594,1026.2927227783202,37.20755852544603,23.63999938964844,25.299999237060547,87.81999969482422,1
2012-06-11,991.3858642578124,-0.012054698669635489,0.009316071025666117,-0.19674495801606495,1115.6533728027343,1025.8165942382811,42.50734262172621,23.46999931335449,25.25,86.52999877929688,0
2012-06-12,1021.78369140625,0.030661953376947215,0.06484620450214806,-0.1656887545203124,1112.7733947753907,1025.6658563232422,48.67708289256548,25.020000457763672,26.770000457763672,83.2300033569336,0
2012-06-13,988.9310302734376,-0.03215226609028987,0.03770486921129712,-0.16891718258051736,1108.4391442871095,1025.4688189697265,44.7765600472371,24.200000762939453,25.600000381469727,83.9800033569336,0
2012-06-14,964.2469482421876,-0.024960367584405674,0.0010196976592955487,-0.16271302606884286,1103.8245886230468,1025.1499139404298,44.49790784863792,24.36000061035156,26.26000022888184,84.29000091552734,1
2012-06-15,988.0828857421876,0.02471974377876185,-0.0010378530985242218,-0.13618970162574273,1100.2045349121095,1024.904287109375,50.44550560049724,25.709999084472656,24.899999618530277,85.0199966430664,1
2012-06-18,974.6919555664062,-0.013552436105320198,-0.04500322092739262,-0.16710505384829222,1096.2068530273436,1024.6413760375976,44.851396011878926,25.540000915527344,23.63999938964844,84.81999969482422,1
2012-06-19,973.9331665039062,-0.0007784911511443671,-0.029446827570342338,-0.1646628492000889,1092.7716003417968,1024.536257019043,40.97868999666471,22.600000381469727,23.46999931335449,84.0999984741211,1
2012-06-20,960.943603515625,-0.013337222137027593,-0.03070677305347458,-0.17279552774406426,1089.211358642578,1024.3827047729492,45.98283842429679,21.43000030517578,25.020000457763672,82.69999694824219,1
2012-06-21,972.05810546875,0.011566237511194677,-0.04866547230663287,-0.13710028810280717,1085.9332214355468,1024.4070318603515,52.46563812840232,21.030000686645508,24.200000762939453,83.31999969482422,1
2012-06-22,983.886962890625,0.012168878954176066,-0.005100524938951412,-0.1077918861994368,1082.1783654785156,1024.5083572387696,55.96960928754516,19.940000534057617,24.36000061035156,82.62000274658203,1
2012-06-25,994.4212036132812,0.01070675912983643,0.03129307842363516,-0.10816653487443573,1078.4493969726564,1024.6081210327147,56.01515277206927,20.57999992370605,25.709999084472656,83.91000366210938,1
2012-06-26,993.7964477539062,-0.0006282607984472444,0.005782472395953864,-0.08551718691957999,1074.358868408203,1024.7610028076172,51.00251176246351,21.56999969482422,25.540000915527344,84.02999877929688,1
2012-06-27,1001.3847045898438,0.0076356248335238686,0.027385830847373782,-0.0590553669335413,1070.4218920898438,1024.922589111328,45.41584411557591,20.229999542236328,22.600000381469727,83.2699966430664,1
2012-06-28,1000.6256713867188,-0.0007579836197277867,0.027406916409500326,-0.07006568319232698,1066.285831298828,1025.0024896240234,49.26162257835019,20.3700008392334,21.43000030517578,84.02999877929688,1
2012-06-29,1044.2806396484375,0.043627671675881885,0.0867241696889629,0.0026570318106600155,1062.3309997558595,1025.1959909057616,61.75364207369539,20.6200008392334,21.030000686645508,81.80000305175781,0
2012-07-02,1052.0924072265625,0.0074805251400187345,0.0823348947018121,-0.02506591381409662,1058.542225341797,1025.403999633789,57.48628258094317,19.07999992370605,19.940000534057617,78.19999694824219,1
2012-07-03,1063.831787109375,0.01115812622748491,0.08125407413050278,0.03267064777260775,1055.2230236816406,1025.7979211425782,70.65486325288668,19.01000022888184,20.57999992370605,79.76000213623047,1
2012-07-04,1090.1676025390625,0.02475561996624176,0.09628354521995486,0.059014955684116854,1052.6769372558595,1026.4804193115235,84.41079377448516,18.559999465942383,21.56999969482422,79.20999908447266,0
2012-07-05,1107.263427734375,0.01568183200041484,0.11417527224706547,0.08375201515080377,1050.1451330566406,1027.2187145996095,83.81455603127901,18.270000457763672,20.229999542236328,79.36000061035156,0
2012-07-06,1085.1236572265625,-0.01999503456292573,0.08362315926426822,0.08623780678363024,1047.1732116699218,1027.7583758544922,79.85035499114213,18.350000381469727,20.3700008392334,80.20999908447266,0
2012-07-09,1060.35009765625,-0.022830171847539105,0.05968708177031079,0.07629921764248948,1043.6960021972657,1028.229295654297,70.67486697952774,18.040000915527344,20.6200008392334,77.69000244140625,1
2012-07-10,1089.6317138671875,0.02761504551719307,0.04342805228488933,0.0817119896412708,1040.994571533203,1028.7252114868163,78.56151649974831,18.71999931335449,19.07999992370605,84.95999908447266,0
2012-07-11,1074.3212890625,-0.014051008804020215,0.02112825991638445,0.045479977999498766,1038.682381591797,1029.0048614501952,72.28167027149519,17.829999923706055,19.01000022888184,83.75,0
2012-07-12,1067.358154296875,-0.006481426772898979,0.0033147789248539894,0.08666239605770065,1036.996893310547,1029.1863116455079,68.58115048374316,18.38999938964844,18.559999465942383,87.66000366210938,0
2012-07-13,1056.957275390625,-0.00974450690649531,-0.030463505860097828,0.10150215988635636,1035.2587268066407,1029.4597109985352,63.92914697567911,18.709999084472656,18.270000457763672,87.66000366210938,0
2012-07-16,1074.2320556640625,0.016343877539471086,-0.029831538948143166,0.1272129205180632,1033.3384484863282,1029.9783923339844,66.67894309332033,18.26000022888184,18.350000381469727,87.22000122070312,0
2012-07-17,1067.8936767578125,-0.005900381461184212,-0.01587835667760451,0.10861912229965931,1031.377996826172,1030.4484185791016,63.86300587021012,18.770000457763672,18.040000915527344,84.44999694824219,0
2012-07-18,1095.032958984375,0.025413842985716473,0.03270887738378714,0.10708979116993667,1030.0451354980469,1031.1170803833008,67.72843003513894,17.780000686645508,18.71999931335449,85.98999786376953,0
2012-07-19,997.4567260742188,-0.08910803287661462,-0.08459279095854555,-0.0226984482377951,1027.4642333984375,1031.1668521118163,42.68789592063659,17.440000534057617,17.829999923706055,83.91000366210938,1
2012-07-20,1024.4171142578125,0.027029130666855306,-0.046451815963021725,0.020861917767092786,1025.8974755859374,1031.4759625244142,45.92206165436417,16.3799991607666,18.38999938964844,85.80999755859375,1
2012-07-23,964.1126708984376,-0.05886707916146572,-0.09672993360551085,-0.02751016969542175,1022.8791259765625,1031.3636996459961,37.14610439471909,16.889999389648438,18.709999084472656,86.08000183105469,1
2012-07-24,988.1723022460938,0.02495520707681953,-0.06507829100198026,-0.03289481858327359,1020.9079602050781,1031.470382385254,36.77509757483849,18.65999984741211,18.26000022888184,87.0999984741211,1
2012-07-25,984.6455688476562,-0.0035689458107875938,-0.08339584202877492,-0.004333428009227758,1019.3162036132812,1031.5828662109375,33.52128688385413,16.969999313354492,18.770000457763672,88.43000030517578,1
2012-07-26,989.6451416015624,0.005077535421966317,-0.0732737133473973,0.026339926100544586,1017.5887548828125,1031.585990600586,36.54887589147057,16.75,17.780000686645508,89.22000122070312,1
2012-07-27,993.5731811523438,0.003969139427516977,-0.09265454249535421,0.005556513010578135,1016.6299523925782,1031.7082958984374,40.00535691741193,16.3700008392334,17.440000534057617,89.87000274658203,1
2012-07-30,999.77783203125,0.006244784980719897,0.0023270242170472244,0.02573723556614982,1015.0426672363282,1031.7382028198242,35.55341454434405,16.440000534057617,16.3799991607666,92.66000366210938,1
2012-07-31,1013.1242065429688,0.013349340307539093,-0.011023739800584464,0.04023996860045864,1014.7016455078125,1032.0234335327148,40.09828116590378,16.600000381469727,16.889999389648438,91.44000244140624,1
2012-08-01,1004.8663940429688,-0.008150839202803906,0.042270705877720305,0.045707979497081386,1014.2106408691407,1032.2573318481445,39.930986694758715,16.010000228881836,18.65999984741211,88.13999938964844,1
2012-08-02,1004.64306640625,-0.00022224609962351316,0.016667907127854598,0.033521618465170544,1013.8696130371094,1032.4336483764648,41.285021946164385,16.450000762939453,16.969999313354492,88.5,1
2012-08-03,1000.6256713867188,-0.003998828194676229,0.016229294118252247,0.017012836969519274,1013.9026403808593,1032.7130743408204,37.17132536174979,16.770000457763672,16.75,88.97000122070312,1
2012-08-06,1015.6235961914062,0.014988546899763922,0.026250272443921085,0.021321339992635968,1014.5114819335937,1033.205864868164,41.156905899581524,16.1200008392334,16.3700008392334,89.38999938964844,1
2012-08-07,1023.9263305664062,0.008175011299594859,0.0305494854227637,0.030317961872974086,1014.8435791015625,1033.6314788818358,37.15119689055282,16.219999313354492,16.440000534057617,90.12999725341795,1
2012-08-08,1017.8112182617188,-0.005972219018242075,0.01803739356155787,0.016403799255754636,1014.6480700683594,1034.0233920288085,55.49396383573198,16.209999084472656,16.600000381469727,89.77999877929688,1
2012-08-09,1022.007080078125,0.004122436205382218,0.00876780307665026,0.02136803932061304,1015.443505859375,1034.3760235595703,49.258357982108635,16.3700008392334,16.010000228881836,88.05999755859375,1
2012-08-10,1040.754150390625,0.018343385949016078,0.03571395815444256,-0.003376955507860102,1017.0673913574219,1034.7703894042968,81.69039819502419,16.329999923706055,16.450000762939453,88.91000366210938,1
2012-08-13,1057.85009765625,0.016426499245002724,0.0529611292101273,0.005472609050440225,1019.1644262695313,1035.173905029297,80.57155038008202,16.06999969482422,16.770000457763672,87.12999725341797,1
2012-08-14,1064.5435791015625,0.006327438509617256,0.0638779411148458,0.000669083214858146,1021.1900036621093,1035.531212158203,84.10791977617288,16.010000228881836,16.1200008392334,91.4000015258789,1
2012-08-16,1053.4930419921875,-0.010380539910541997,0.037286890480678014,-0.03364121302216083,1022.47767578125,1035.6598529052735,75.9172893584128,15.640000343322754,16.219999313354492,92.1999969482422,1
2012-08-17,1057.9398193359375,0.00422098406586624,0.03321868747209189,-0.0445455048572867,1023.2240063476562,1035.9234353637696,76.01828464057624,15.6899995803833,16.209999084472656,93.66999816894533,1
2012-08-21,1067.2388916015625,0.008789793233666243,0.048562712272182784,-0.01648177652924021,1024.4991333007813,1036.2366372680665,76.60358211886674,15.729999542236328,16.3700008392334,93.3499984741211,1
2012-08-22,1062.9713134765625,-0.003998709341069606,0.04008214247919506,0.0024720286498829402,1025.9308422851564,1036.4918984985352,71.1735787793138,16.299999237060547,16.329999923706055,93.36000061035156,1
2012-08-23,1061.0396728515625,-0.0018172086118508624,0.019491176137345967,-0.026240096219436904,1026.7159619140625,1036.7799069213868,75.21594061776852,16.0,16.06999969482422,92.87000274658205,1
2012-08-24,1069.3951416015625,0.007874793906192501,0.01091368613652488,-0.0045853577613046426,1028.325244140625,1037.08514251709,77.08915512521959,16.1200008392334,16.010000228881836,92.7300033569336,1
2012-08-27,1049.1802978515625,-0.01890306301534672,-0.014431801150842527,-0.01703069993154005,1030.0239111328126,1037.3216665649413,67.8885776233293,16.15999984741211,15.640000343322754,93.43000030517578,1
2012-08-28,1046.1707763671875,-0.0028684502468618867,-0.006950464154137581,-0.010205236554572283,1031.1856689453125,1037.5346609497071,62.34472436524509,16.469999313354492,15.6899995803833,95.5999984741211,1
2012-08-29,1049.1802978515625,0.0028767019232036617,-0.008279791840970052,-0.023320620233226674,1032.6754357910156,1037.9753985595703,60.66176148489201,16.350000381469727,15.729999542236328,96.01000213623048,1
2012-08-30,1027.4385986328125,-0.020722557660748264,-0.037292768546902666,-0.03788305802860825,1033.7455444335938,1038.3821942138673,53.59072455533383,16.739999771118164,16.299999237060547,96.68000030517578,1
2012-08-31,1027.1690673828125,-0.0002623331947608776,-0.03368129096226957,-0.061974291316770125,1035.0700537109376,1038.9338278198243,51.983355330487306,16.670000076293945,16.0,97.26000213623048,1
2012-09-03,1044.4188232421875,0.016793492334544968,-0.01566468251343156,0.04708183918193809,1036.5172680664064,1039.6766073608399,51.42444208047022,17.299999237060547,16.1200008392334,96.2699966430664,1
2012-09-04,1055.3348388671875,0.010451760713306113,-0.0131479021994787,0.030180796649199593,1037.9462255859376,1040.5279776000978,48.97299021586893,17.280000686645508,16.15999984741211,96.1500015258789,1
2012-09-05,1055.1998291015625,-0.00012793073880690287,0.005737365886803625,0.09447771090721435,1039.161798095703,1041.5761911010743,45.968941299392895,16.59000015258789,16.469999313354492,95.47000122070312,1
2012-09-06,1063.2406005859375,0.007620141003265024,0.016316479684153284,0.07596681081752155,1040.5506811523437,1042.6938452148438,54.31738850224704,17.010000228881836,16.350000381469727,96.33000183105467,1
2012-09-07,1082.6019287109375,0.018209733633506975,0.03185499282422044,0.09948387822221227,1042.1750256347657,1043.897370300293,59.64857987758751,16.979999542236328,16.739999771118164,95.48999786376952,1
2012-09-10,1083.59033203125,0.0009129886933505471,0.05465215485690078,0.09492815806446964,1043.8343188476563,1045.0321862792969,56.84211709203766,15.260000228881836,16.670000076293945,94.62000274658205,1
2012-09-11,1090.5528564453125,0.006425421313063007,0.06170726034809393,0.09760697765663529,1044.7597631835938,1046.2283740234375,61.28670020820262,15.270000457763672,17.299999237060547,96.47000122070312,1
2012-09-12,1096.258056640625,0.005231475174810596,0.04963452615447217,0.0965016641880887,1045.643076171875,1047.2952963256837,63.980032194258726,15.380000114440918,17.280000686645508,96.47000122070312,1
2012-09-13,1087.633056640625,-0.007867673079120174,0.030604711020539188,0.0735436480704561,1046.1191015625,1048.4931774902343,57.22413107829361,15.039999961853027,16.59000015258789,95.3000030517578,1
2012-09-14,1133.0032958984375,0.041714656409899575,0.07373339594180939,0.1275163570153084,1046.9758154296876,1049.8489453125,77.68545860070863,15.670000076293944,17.010000228881836,95.36000061035156,1
2012-09-17,1149.35498046875,0.014432159755851437,0.08099237353742517,0.1440431123266046,1047.817646484375,1051.3154858398439,81.31982057755768,15.380000114440918,16.979999542236328,95.52999877929688,1
2012-09-18,1146.34521484375,-0.002618656269077535,0.05887970863742331,0.14562842791659092,1049.0420776367187,1052.7078335571289,79.49272403502779,17.780000686645508,15.260000228881836,96.41999816894533,1
2012-09-20,1152.5892333984375,0.005446891977944457,0.06367618769525674,0.13485865996088808,1050.8868603515625,1054.1755917358398,91.93234114746508,17.829999923706055,15.270000457763672,96.54000091552734,1
2012-09-21,1178.5087890625,0.022488111907516206,0.08065260853461265,0.1509702933516548,1052.6644018554687,1055.6385913085937,93.26977106835002,18.6200008392334,15.380000114440918,97.16999816894533,1
2012-09-24,1217.05126953125,0.032704448898858374,0.11018684164637649,0.19575344395378713,1055.5190014648438,1057.2621646118164,94.00027752870027,18.93000030517578,15.039999961853027,97.01000213623048,1
2012-09-25,1187.4478759765625,-0.024323867281358935,0.09177251346537396,0.16187832660199453,1057.9207958984375,1058.7415145874024,80.74407088575376,18.82999992370605,15.670000076293944,98.30999755859376,1
2012-09-26,1178.8233642578125,-0.007263065514902856,0.04044124895774548,0.13266265987540482,1060.3581176757812,1060.2795147705078,77.67498472405467,17.110000610351562,15.380000114440918,99.0,1
2012-09-27,1195.8482666015625,0.014442284450706389,0.04045163324028134,0.13045153491128691,1062.7904418945313,1061.8584487915039,78.53827513881357,16.969999313354492,17.780000686645508,96.62000274658205,1
2012-09-28,1213.4124755859375,0.014687656849886155,0.05850529131517246,0.13984293307185713,1065.7008178710937,1063.648401184082,78.3709724391729,16.90999984741211,17.829999923706055,95.29000091552734,1
2012-10-01,1220.0609130859375,0.005479124068499042,0.05853922432414027,0.15811008184616493,1068.201376953125,1065.4791845703126,78.8892753539299,16.15999984741211,18.6200008392334,91.87000274658205,1
2012-10-03,1224.9573974609375,0.004013311403129105,0.03941303520984962,0.15787058495428963,1072.7513903808594,1067.3739535522461,78.70298729087504,16.34000015258789,18.93000030517578,92.88999938964844,1
2012-10-04,1249.259765625,0.019839357853943307,0.02646437081172026,0.1705530743452257,1077.248243408203,1069.4614306640624,80.27014886443773,16.5,18.82999992370605,91.93000030517578,1
2012-10-05,1246.7440185546875,-0.0020137901976327033,0.049935785627103435,0.17288585566535808,1082.900870361328,1071.5369985961913,82.25861298336429,16.440000534057617,17.110000610351562,91.37000274658205,1
2012-10-08,1244.722412109375,-0.001621508838402952,0.0559023937339862,0.17311580703119422,1088.0318725585937,1073.6689672851562,77.4805861945338,16.780000686645508,16.969999313354492,89.9800033569336,1
2012-10-09,1251.146484375,0.0051610481205510705,0.046241834618858,0.1699571427837614,1093.3618908691406,1075.8352883911132,76.32426978749304,17.170000076293945,16.90999984741211,91.8499984741211,1
2012-10-10,1238.8828125,-0.009801947276482315,0.02099066675720751,0.18081021444731382,1098.3466442871095,1077.7360769653321,72.83802364577848,16.799999237060547,16.15999984741211,92.19000244140624,1
2012-10-11,1230.123291015625,-0.007070500450885087,0.008247438977646127,0.17583411695670748,1103.077646484375,1079.5754367065429,68.90051533415185,16.829999923706055,16.34000015258789,92.4800033569336,1
2012-10-12,1232.683837890625,0.0020815367806636953,0.006307517670167684,0.17490181660371262,1107.7357666015625,1081.3845242309571,64.90356716850962,16.489999771118164,16.5,88.13999938964844,1
2012-10-15,1202.3170166015625,-0.024634720076338712,-0.037576451523636645,0.1702081449942181,1111.5196228027344,1083.068560180664,45.75568397193406,16.489999771118164,16.440000534057617,91.70999908447266,1
2012-10-16,1228.1917724609375,0.021520743283258037,-0.014880557530371874,0.195705567332088,1115.9861303710939,1084.910313720703,61.994247487408295,15.899999618530272,16.780000686645508,89.87999725341797,1
2012-10-17,1229.18017578125,0.0008047630202994149,-0.012486507977137018,0.17690350693365353,1120.4768725585936,1086.7741946411134,65.52195641752901,15.56999969482422,17.170000076293945,89.33000183105469,1
2012-10-18,1238.7032470703125,0.007747498272993036,-0.009945467984832645,0.17375377126747327,1125.2384240722656,1088.8533032226562,63.85012569217489,15.170000076293944,16.799999237060547,92.38999938964844,1
2012-10-19,1230.1685791015625,-0.006890002096091696,-0.007033944865901143,0.16581574899322638,1129.5293237304688,1090.905138244629,55.7509895995683,14.760000228881836,16.829999923706055,91.25,1
2012-10-22,1230.7071533203125,0.00043780521458547383,0.00047463722453833235,0.15750579186130254,1133.6649401855468,1092.867713317871,53.81393436887769,14.539999961853027,16.489999771118164,92.06999969482422,1
2012-10-23,1228.0567626953125,-0.0021535510034613736,-0.003753659335089865,0.1343567105571013,1137.8698510742188,1094.7549911499023,51.128484568340205,13.039999961853027,16.489999771118164,91.86000061035156,1
2012-10-25,1229.808837890625,0.0014267053840957278,0.02286570090039164,0.13493891698468774,1142.0258862304688,1096.671339111328,41.52641699672846,13.710000038146973,15.899999618530272,91.8499984741211,1
2012-10-29,1223.8341064453125,-0.004858260293169159,-0.0035480338765773167,0.12221438806224749,1145.6874853515626,1098.6238760375977,40.311533362792744,13.520000457763672,15.56999969482422,92.08999633789062,1
2012-10-30,1249.5294189453125,0.020995748005939507,0.016555134523812853,0.13981321402952562,1149.5210717773436,1100.6321313476562,51.69372188707259,15.119999885559082,15.170000076293944,92.12000274658205,1
2012-10-31,1291.8450927734375,0.03386528815291312,0.04290119189467867,0.18775821025848805,1154.0671020507812,1102.75688873291,61.445167704183184,15.170000076293944,14.760000228881836,92.0999984741211,1
2012-11-01,1311.4757080078125,0.015195796573589382,0.06609429820230939,0.15752152950963105,1159.2267553710938,1104.91150390625,69.60220137084647,14.399999618530272,14.539999961853027,90.05000305175781,1
2012-11-02,1317.0008544921875,0.004212923236502686,0.0701171687668054,0.14586083226877844,1164.4079760742188,1107.0868270874023,73.8765426465921,14.079999923706056,13.039999961853027,88.7300033569336,1
2012-11-05,1328.096435546875,0.008424885235906565,0.08146176617438883,0.15854841835572042,1169.625126953125,1109.2881677246094,75.0471705368725,13.65999984741211,13.710000038146973,86.66999816894531,1
2012-11-06,1304.153564453125,-0.018027961263137438,0.060452262393899,0.13149899952457167,1174.4487719726562,1111.447685546875,77.66667926888559,14.630000114440918,13.520000457763672,86.05000305175781,1
2012-11-07,1318.1240234375,0.010712280643294658,0.07704468807954479,0.11846770738643664,1179.590458984375,1113.5386813354492,76.12220251590078,15.210000038146973,15.119999885559082,86.05000305175781,1
2012-11-08,1311.4757080078125,-0.005043770776857248,0.04957569475618029,0.07758460209562923,1184.4320703125,1115.1487268066405,73.14305291321693,14.510000228881836,15.170000076293944,86.05000305175781,1
2012-11-09,1314.7550048828125,0.002500463298692246,0.017734256403908466,0.10721070918717346,1189.743564453125,1116.804405517578,72.1655822531892,14.220000267028809,14.399999618530272,86.23999786376953,1
2012-11-12,1306.3994140625,-0.006355245493860906,-0.0038706732532801658,0.10822321110424338,1194.9481372070313,1118.2926550292968,72.2409913519543,14.369999885559082,14.079999923706056,87.08999633789062,1
2012-11-15,1317.1357421875,0.008218258527545874,0.00010242035519758552,0.10142380013696894,1200.30724609375,1119.9526498413086,73.80003643842008,14.859999656677246,13.65999984741211,84.86000061035156,1
2012-11-16,1292.024658203125,-0.019064917289899452,-0.027160510621276224,0.06478603459159826,1205.5989672851563,1121.2319888305665,65.67586373179039,15.529999732971191,14.630000114440918,85.6500015258789,1
2012-11-19,1342.4713134765625,0.039044653639657145,0.029381316792632006,0.10033138434130207,1211.9050122070312,1122.7756143188476,72.28930443959823,16.219999313354492,15.210000038146973,88.70999908447266,1
2012-11-20,1347.0084228515625,0.003379669516550221,0.021913263775236835,0.09963695524726779,1217.9568041992188,1124.2401516723633,74.50839612779369,16.68000030517578,14.510000228881836,84.44000244140625,1
2012-11-21,1340.8990478515625,-0.004535513584292716,0.022435291530062296,0.0733548656157319,1223.6680883789063,1125.5406777954101,69.71687775272375,15.8100004196167,14.220000267028809,85.08999633789062,1
2012-11-22,1341.75244140625,0.0006364338583539908,0.02053419566624415,0.07620523655024458,1229.399140625,1126.9229159545898,63.11681845102316,15.460000038146973,14.369999885559082,86.06999969482422,1
2012-11-23,1341.6177978515625,-0.00010034902902533727,0.0269583585310591,0.07784497555401382,1234.9666845703125,1128.3339419555664,58.826595174262735,14.90999984741211,14.859999656677246,85.56999969482422,1
2012-11-26,1340.3150634765625,-0.000971017511161687,0.017598278253816213,0.0712694957905795,1240.120947265625,1129.6130252075195,57.00027855969974,14.68000030517578,15.529999732971191,85.44999694824219,1
2012-11-27,1345.52587890625,0.003887754134592525,0.041408823247639504,0.0860800273684077,1245.359658203125,1130.9054391479492,55.42504589833064,14.670000076293944,16.219999313354492,86.66999816894531,1
2012-11-29,1337.8441162109375,-0.005709115532996578,-0.0034467755244930176,0.08756912903126568,1250.3054833984374,1132.0558877563476,61.66751638778059,13.960000038146973,16.68000030517578,89.27999877929688,1
2012-11-30,1324.143310546875,-0.010240958193893368,-0.016974735953234066,0.07419540180940154,1254.8631884765625,1133.0847140502929,52.08846520043505,15.369999885559082,15.8100004196167,86.75,1
2012-12-03,1338.563232421875,0.010890000923725163,-0.0017419770962101566,0.11331971014219056,1259.8817919921876,1134.2115292358399,58.91743831563651,15.149999618530272,15.460000038146973,87.37999725341797,1
2012-12-04,1330.1632080078125,-0.006275403515203615,-0.008637385735844938,0.08302566246845466,1263.824990234375,1135.209080505371,54.90706342825775,15.619999885559082,14.90999984741211,87.37999725341797,1
2012-12-05,1327.2877197265625,-0.0021617559889937077,-0.010681192622778113,0.07981542972978439,1267.3836450195313,1136.1766311645508,56.892913853984645,15.90999984741211,14.68000030517578,88.27999877929688,1
2012-12-06,1331.959716796875,0.003519958032366155,-0.006233867623642975,0.07528556169294442,1271.0959350585938,1137.2809182739259,55.095696952098656,16.6200008392334,14.670000076293944,87.73999786376953,1
2012-12-07,1356.5765380859375,0.018481655998021873,0.008212892336690203,0.1027566149321546,1275.1756811523437,1138.5955563354491,72.26517336477127,15.239999771118164,13.960000038146973,87.18000030517578,1
2012-12-10,1341.707763671875,-0.010960512729375038,0.0028879653571898256,0.09019254503566909,1278.4396606445312,1139.6454727172852,49.65097631772482,14.960000038146973,15.369999885559082,88.06999969482422,1
2012-12-11,1327.7821044921875,-0.010379055377585988,0.0027480363464658097,0.08120580809147615,1280.65427734375,1140.4690853881837,41.906222314492965,14.510000228881836,15.149999618530272,88.91000366210938,1
2012-12-12,1326.0753173828125,-0.0012854421697661156,-0.009329342638874083,0.07827759609965423,1283.426826171875,1141.0306259155273,43.51937633683276,14.670000076293944,15.619999885559082,89.08999633789062,1
2012-12-13,1324.4129638671875,-0.001253589063784033,-0.004322961352417165,0.08218340777739175,1286.3386181640626,1141.753698425293,42.47278608394106,14.510000228881836,15.90999984741211,88.5,1
2012-12-14,1327.197998046875,0.002102844245465141,-6.759776222897695e-05,0.06215826368227484,1288.9656127929688,1142.543366394043,43.88104697722363,14.710000038146973,16.6200008392334,87.87999725341797,1
2012-12-17,1347.3228759765625,0.01516343300645695,0.011534252114345556,0.042944609623450036,1291.6438208007812,1143.4488375854492,52.5641254692053,14.229999542236328,15.239999771118164,86.26000213623047,1
2012-12-18,1325.4910888671875,-0.016203827232986745,-0.022914629839175915,0.010686725475582692,1293.7524243164062,1144.3654452514647,43.46430605166434,14.920000076293944,14.960000038146973,85.93000030517578,1
2012-12-19,1356.39697265625,0.023316553425851927,0.010948143390163256,0.029913509949280215,1296.3812158203125,1145.4104708862305,55.25587938502909,14.4399995803833,14.510000228881836,85.55999755859375,1
2012-12-20,1365.7403564453125,0.006888384431266603,0.028587711661953952,0.02834426769840448,1298.7108276367187,1146.628312072754,62.082414703001994,14.470000267028809,14.670000076293944,85.79000091552734,1
2012-12-21,1352.03955078125,-0.010031779173401811,0.01957975769406617,0.03671805808252748,1300.81673828125,1147.7214059448243,53.93079678409423,14.31999969482422,14.510000228881836,86.7699966430664,1
2012-12-24,1328.680419921875,-0.017276958241256635,0.003222149111427264,0.008008651914897413,1302.4958984375,1148.763766784668,49.60221113887406,14.630000114440918,14.710000038146973,85.88999938964844,1
2012-12-26,1329.7584228515625,0.0008113334956429963,0.0019291958008189614,0.01394056689888834,1304.0681372070312,1149.5425802612306,50.669272331673376,14.489999771118164,14.229999542236328,86.7300033569336,1
2012-12-27,1331.4654541015625,0.001283715312996092,-0.011769578144738557,0.012709933909123672,1305.9197900390625,1150.2607412719726,49.86392669449745,14.100000381469728,14.920000076293944,87.19999694824219,1
2012-12-28,1347.9967041015625,0.01241583095458898,0.016979076980147223,0.0318411732210655,1308.2772583007813,1151.1300778198242,47.52786367690797,13.739999771118164,14.4399995803833,87.93000030517578,1
2012-12-31,1338.6978759765625,-0.006898257315248846,-0.013048611163608781,0.016370472001049796,1310.3975390625,1151.8797146606446,49.10399110423094,13.630000114440918,14.470000267028809,89.51000213623047,1
2013-01-01,1360.5745849609375,0.01634178209808268,-0.0037823964562490042,0.05305620625936647,1313.5626904296876,1152.8416232299805,59.32071308125212,14.949999809265137,14.31999969482422,90.12999725341795,1
2013-01-02,1399.2066650390625,0.028393945106092167,0.03488589829384647,0.042261872557689095,1316.98298828125,1153.850283508301,67.18011748363408,13.6899995803833,14.630000114440918,88.66000366210938,0
2013-01-03,1386.5391845703125,-0.009053330566000661,0.04354603543554858,0.029347078346447786,1320.1301684570312,1154.8139071655273,63.877230716206874,13.710000038146973,14.489999771118164,88.61000061035156,0
2013-01-04,1388.4708251953125,0.0013931381431522283,0.04415268317522347,0.035477523397433375,1323.1255200195312,1155.6488150024413,63.7389864374769,13.470000267028809,14.100000381469728,90.9800033569336,0
2013-01-07,1423.6439208984375,0.025332254063154203,0.06923083622854831,0.06103322562719504,1326.9950268554687,1156.6432943725586,66.03133333333332,13.369999885559082,13.739999771118164,90.87000274658205,0
2013-01-08,1414.88427734375,-0.006152973665746075,0.04961998277790158,0.05461054527564779,1330.6785693359375,1157.6185275268554,69.8682466291138,13.920000076293944,13.630000114440918,90.8000030517578,0
2013-01-09,1410.1673583984375,-0.003333784268327533,0.05338731292879584,0.05211632460556648,1334.32078125,1158.5346896362305,63.525371643966096,13.270000457763672,14.949999809265137,91.81999969482422,0
2013-01-10,1412.593505859375,0.0017204677490854081,0.03823305350065098,0.04984491789012857,1337.976474609375,1159.5176620483398,62.21032291642145,13.31999969482422,13.6899995803833,91.81999969482422,0
2013-01-11,1406.2593994140625,-0.00448402630979039,0.005040523713345069,0.05113845654671034,1341.62498046875,1160.4863717651367,64.6943578593835,13.270000457763672,13.710000038146973,93.12000274658205,0
2013-01-14,1382.765869140625,-0.0167063987506334,-0.0027213911237977673,0.044272064909302467,1344.2897094726563,1161.315296936035,64.64726339870145,13.229999542236328,13.470000267028809,92.91999816894533,0
2013-01-15,1388.96484375,0.00448302546925583,0.00035580045739735944,0.0376535154315667,1346.2321044921875,1162.3220718383789,65.60137569793318,13.699999809265137,13.369999885559082,93.08999633789062,0
2013-01-16,1341.5277099609375,-0.03415286859312383,-0.05768030174685668,0.008543689890615491,1346.83314453125,1163.1976736450194,52.13656383097844,13.579999923706056,13.920000076293944,93.19000244140624,0
2013-01-17,1342.3365478515625,0.0006029229844597417,-0.051274673592660025,0.011338030105560115,1347.3398583984374,1164.1179397583007,48.71216741823562,13.989999771118164,13.270000457763672,93.1500015258789,0
2013-01-18,1390.2674560546875,0.03570707232835124,-0.01411173094117768,0.04377590292147282,1348.5832788085938,1165.3838729858398,59.979127966634984,14.010000228881836,13.31999969482422,93.0999984741211,0
2013-01-21,1414.6597900390625,0.017545065791582104,0.0014627592234544018,0.04281605226276253,1350.7934033203126,1166.7065975952148,60.36500919845264,13.890000343322754,13.270000457763672,93.81999969482422,0
2013-01-22,1410.616943359375,-0.002857822572009283,0.0030986772050221045,0.05135930606745176,1352.64326171875,1167.9307693481446,52.52089984632902,13.65999984741211,13.229999542236328,93.55999755859376,0
2013-01-23,1413.85107421875,0.0022927066590261447,0.022480454407978856,0.06482160697555095,1354.6907690429687,1168.9718069458008,56.29653686110578,13.890000343322754,13.699999809265137,94.13999938964844,0
2013-01-24,1382.496337890625,-0.022176830997176045,-0.004657069535259795,0.0425473725121186,1356.045595703125,1169.9094149780274,48.78716886461282,13.670000076293944,13.579999923706056,93.27999877929688,0
2013-01-25,1436.985595703125,0.039413672440997694,0.07115610436773379,0.08499813495273689,1358.6573193359375,1171.2489151000977,52.51142601754172,14.460000038146973,13.989999771118164,94.23999786376952,0
2013-01-28,1444.8018798828125,0.005439361537832976,0.07633356343850428,0.08861065342850516,1361.2106420898438,1172.6000442504883,55.65173757175794,14.770000457763672,14.010000228881836,95.48999786376952,0
2013-01-29,1431.235595703125,-0.009389719357776438,0.02946781172933255,0.06228107695843965,1363.9948608398438,1174.0277432250978,53.851238061320444,15.170000076293944,13.890000343322754,95.55999755859376,0
2013-01-30,1439.186767578125,0.005555459841042998,0.017337721558047026,0.08577626787978332,1365.929169921875,1175.5288986206056,54.76495440471534,14.470000267028809,13.65999984741211,95.55999755859376,0
2013-01-31,1420.9486083984375,-0.012672545072366703,0.0073242173133534205,0.04759051888458221,1367.4079736328124,1176.9538168334961,52.52431298510594,14.380000114440918,13.890000343322754,96.23999786376952,0
2013-02-01,1446.1944580078125,0.017766898436833545,0.022876089553445,0.05890878246572595,1369.5138818359376,1178.3266403198243,60.834829462165146,14.130000114440918,13.670000076293944,95.2300033569336,0
2013-02-04,1436.94091796875,-0.00639854480690627,0.03938135573016788,0.06279503224476035,1371.4176513671875,1179.6069967651367,58.11060234976751,13.760000228881836,14.460000038146973,95.9499969482422,0
2013-02-05,1437.7943115234375,0.0005938960635165635,0.0005627863095709618,0.08212199861271241,1373.341181640625,1180.804353942871,69.31685465476293,14.34000015258789,14.770000457763672,95.87999725341795,0
2013-02-06,1462.5010986328125,0.017183811975995722,0.012250273893217534,0.09982465499003479,1375.78490234375,1182.1256918334961,72.00205986850457,14.609999656677246,15.170000076293944,96.44000244140624,0
2013-02-07,1457.5595703125,-0.0033788202449434035,0.018392481774772262,0.09470325784458478,1378.025576171875,1183.376346130371,64.62323336341503,14.260000228881836,14.470000267028809,97.56999969482422,0
2013-02-08,1426.428955078125,-0.021358039745641877,-0.008864598249099354,0.05818430470780522,1379.7972729492187,1184.2983798217774,52.484785319269896,14.890000343322754,14.380000114440918,97.94000244140624,0
2013-02-11,1400.4647216796875,-0.01820226188342866,-0.014415642196826228,0.04613949630574177,1381.323701171875,1185.0930477905274,48.03818749065292,15.15999984741211,14.130000114440918,97.48999786376952,0
2013-02-12,1400.599365234375,9.614205385055641e-05,-0.0315276362186081,0.029417556902686437,1382.564423828125,1185.9470852661134,47.408196514657234,15.649999618530272,13.760000228881836,97.7699966430664,0
2013-02-13,1376.791259765625,-0.016998512251050424,-0.041859520771495684,-0.016020081831736976,1383.4969848632813,1186.7436819458007,48.85024556762974,15.3100004196167,14.34000015258789,96.16999816894533,0
2013-02-14,1334.385498046875,-0.030800429199389967,-0.0719218407304687,-0.037614289667262324,1383.6389404296874,1187.2463412475586,28.264197707099143,15.140000343322754,14.609999656677246,96.63999938964844,0
2013-02-15,1325.221435546875,-0.006867627468533866,-0.09386636578548246,-0.045553272348765717,1383.5041748046874,1187.7038497924805,24.81075985594144,15.09000015258789,14.260000228881836,96.62000274658205,0
2013-02-18,1329.4893798828125,0.003220551842474828,-0.0878661792205373,-0.0661362996978947,1382.962431640625,1188.1802438354491,27.69367049988894,15.239999771118164,14.890000343322754,95.83000183105467,0
2013-02-19,1357.744384765625,0.021252523946677204,-0.04815141340757356,-0.04038485231131217,1383.2831640625,1188.8454495239257,33.60460109975013,16.290000915527344,15.15999984741211,95.72000122070312,0
2013-02-20,1355.09423828125,-0.0019518743838019548,-0.0323967342383471,-0.03905431492878653,1383.8294067382812,1189.671266784668,35.8549031514772,15.8100004196167,15.649999618530272,97.02999877929688,0
2013-02-21,1318.4383544921875,-0.027050431441251965,-0.05866132227500953,-0.06665410181813536,1383.6766674804687,1190.505295715332,23.841017227399476,15.600000381469728,15.3100004196167,97.51000213623048,0
2013-02-22,1292.2943115234375,-0.01982955280364218,-0.06137237409291196,-0.08104129859548681,1383.0342944335937,1191.2474392700196,22.29864151843219,16.940000534057617,15.140000343322754,97.01000213623048,0
2013-02-25,1297.415283203125,0.003962697687379446,-0.027705797835680057,-0.06172453908668174,1382.4386401367187,1191.8832858276367,23.548300283611923,16.790000915527344,15.09000015258789,97.30999755859376,0
2013-02-26,1261.657958984375,-0.027560430867185737,-0.047964419271764536,-0.09165594459677984,1380.725341796875,1192.3619943237304,13.668063584261773,16.729999542236328,15.239999771118164,95.86000061035156,1
2013-02-27,1265.4764404296875,0.0030265583616548852,-0.04814851507784701,-0.05669004744856476,1379.525048828125,1192.8809963989258,15.110965464058566,17.360000610351562,16.290000915527344,95.86000061035156,0
2013-02-28,1216.78173828125,-0.03847934310962231,-0.10382119643875976,-0.09353452364182857,1376.732744140625,1193.3323959350587,14.204637350580839,16.229999542236328,15.8100004196167,96.66000366210938,1
2013-03-01,1279.71630859375,0.05172215224186183,-0.055625599724419494,-0.0795178992211042,1375.0122631835939,1194.2172024536133,31.694337551358956,14.859999656677246,15.600000381469728,94.45999908447266,1
2013-03-04,1256.6717529296875,-0.018007550196328714,-0.04684830455064404,-0.11167917418859596,1373.1049072265625,1194.9254104614258,29.597559435126215,14.0600004196167,16.940000534057617,92.83999633789062,1
2013-03-05,1285.42138671875,0.0228776000749904,-0.005318389737849483,-0.08875234147016031,1372.2397265625,1195.918864440918,37.22682370094499,13.670000076293944,16.790000915527344,93.12999725341795,1
2013-03-06,1279.7613525390625,-0.004403251912694306,-0.01360700069793963,-0.09484006068586914,1371.23978515625,1196.9965042114259,41.48937505586821,13.390000343322754,16.729999542236328,93.11000061035156,1
2013-03-07,1302.132080078125,0.017480389991992418,0.03208010602678035,-0.05812981605080969,1370.6531176757812,1198.1270767211913,46.54479267440807,13.399999618530272,17.360000610351562,92.62999725341795,1
2013-03-08,1283.80419921875,-0.014075285556496953,0.01448289213731968,-0.10659911758504614,1369.369267578125,1199.338531188965,43.439505273421,13.06999969482422,16.229999542236328,92.76000213623048,1
2013-03-11,1273.9215087890625,-0.007697973285724968,0.04695975351218262,-0.11827252820823442,1368.073740234375,1200.3124282836914,37.29231106325854,13.34000015258789,14.859999656677246,92.0500030517578,1
2013-03-12,1273.0679931640625,-0.0006699907483399548,-0.005195147850380333,-0.11051122751133036,1366.3236083984375,1201.526891784668,37.496571581471315,14.25,14.0600004196167,90.68000030517578,1
2013-03-13,1234.6602783203125,-0.030169413613401863,-0.017515691395194932,-0.14211254151675623,1363.0326806640626,1202.5531100463868,37.2973773343945,15.130000114440918,13.670000076293944,90.12000274658205,1
2013-03-14,1274.68505859375,0.03241764635684974,-0.008352380189041497,-0.10293373661806271,1360.7955981445311,1203.8180630493164,47.43789076361885,16.200000762939453,13.390000343322754,90.81999969482422,1
2013-03-15,1263.81396484375,-0.008528454677262154,-0.012461219948291635,-0.1261106292823847,1358.3024609375,1205.142261352539,45.19153705490684,14.65999984741211,13.399999618530272,90.43000030517578,1
2013-03-18,1222.80126953125,-0.03245152882732272,-0.06092378166592394,-0.1490246716199065,1354.2856079101562,1206.330360107422,44.521873337101134,15.15999984741211,13.06999969482422,91.55999755859376,1
2013-03-19,1226.0355224609375,0.002644953853316867,-0.04499804315406297,-0.1472803080143833,1350.5086328125,1207.4239303588868,44.43033209080265,15.850000381469728,13.34000015258789,91.9499969482422,1
2013-03-20,1206.225341796875,-0.01615791736955452,-0.053139982742372194,-0.1752311550914467,1346.4297924804687,1208.3171237182617,48.37685957858936,16.709999084472656,14.25,92.05999755859376,1
2013-03-21,1174.1964111328125,-0.026553024177348172,-0.07766402310179532,-0.19440931605898937,1341.6618505859376,1209.2769293212891,32.071433934354346,16.65999984741211,15.130000114440918,92.54000091552734,1
2013-03-22,1172.9384765625,-0.0010713152913650603,-0.04999091883135787,-0.1777098520141449,1336.9954321289063,1210.34382232666,34.63564870500906,16.510000228881836,16.200000762939453,92.5199966430664,1
2013-03-25,1154.6556396484375,-0.015587208774703654,-0.09416398045626317,-0.17551965303091088,1332.4332275390625,1211.3521087646484,25.04711133555803,15.539999961853027,14.65999984741211,93.02999877929688,1
2013-03-26,1161.8876953125,0.00626338746872146,-0.08064974147033699,-0.1704353692049041,1327.8916845703125,1212.3452236938476,27.641337433875975,16.360000610351562,15.15999984741211,93.4499969482422,1
2013-03-28,1151.061767578125,-0.009317533680794576,-0.05866816116459028,-0.16395331578871775,1324.0823657226563,1213.1549853515626,20.031973824276662,15.800000190734863,15.850000381469728,93.73999786376952,1
2013-04-01,1153.3978271484375,0.0020294823754138935,-0.059245995716909805,-0.13563372141210106,1320.3035913085937,1213.8188580322267,22.378632015881607,15.220000267028809,16.709999084472656,92.16000366210938,1
2013-04-02,1174.9600830078125,0.01869455217605509,-0.02591991538039451,-0.1133858451942823,1315.9974438476563,1214.676245727539,30.027179268859925,14.850000381469728,16.65999984741211,92.95999908447266,1
2013-04-03,1171.0968017578125,-0.0032880106361659056,-0.0026397707790722924,-0.11913790401166013,1311.1261840820312,1215.5748004150391,29.66676143444667,14.100000381469728,16.510000228881836,92.4499969482422,1
2013-04-04,1177.9249267578125,0.005830538508645011,0.004251246160775768,-0.13243984657602037,1306.47234375,1216.355506591797,37.05679486522554,14.869999885559082,15.539999961853027,93.70999908447266,1
2013-04-05,1263.45458984375,0.0726104534703702,0.09422631861776454,-0.0676260335618667,1303.4644140625,1217.7281243896484,47.87844406932876,15.850000381469728,16.360000610351562,94.80999755859376,1
2013-04-08,1275.8978271484375,0.009848582928672078,0.0981249154250432,-0.0322658448146671,1301.3324438476564,1219.2863787841798,52.26929176529813,16.15999984741211,15.800000190734863,96.33999633789062,1
2013-04-09,1264.443115234375,-0.008977765829151996,0.09850153210701151,-0.02155174408856586,1297.8815942382812,1220.6681799316407,58.796726079960386,16.770000457763672,15.220000267028809,97.2300033569336,1
2013-04-10,1269.114990234375,0.0036948083656052066,0.10032719011793767,-0.02181282534215323,1294.3678564453126,1222.1402951049804,59.04547870881621,16.81999969482422,14.850000381469728,97.06999969482422,1
2013-04-11,1282.9954833984375,0.010937143813500416,0.09194814526299666,0.01691228931115285,1291.4030541992188,1223.6856066894532,66.53122422339644,16.489999771118164,14.100000381469728,97.19000244140624,1
2013-04-12,1265.3865966796875,-0.013724823623000648,0.08051409138881294,-7.099598785853534e-05,1287.92705078125,1225.2078216552734,70.93656391813599,16.969999313354492,14.869999885559082,94.4499969482422,1
2013-04-15,1278.36865234375,0.010259359233080856,0.08527175484978011,0.050614594322802464,1285.0754516601562,1226.7393743896484,72.96939059910343,16.450000762939453,15.850000381469728,93.26000213623048,1
2013-04-16,1331.5106201171875,0.04157014306945617,0.053865038617536554,0.04047327612817009,1282.7817749023438,1228.4774926757811,83.44957292110146,16.610000610351562,16.15999984741211,92.6999969482422,1
2013-04-17,1342.6959228515625,0.008400460773936969,0.05235379689642938,0.06845396955993177,1280.896875,1230.2188662719727,83.69342141839022,16.25,16.770000457763672,93.36000061035156,1
2013-04-18,1369.7384033203125,0.0201404353796788,0.08327404121016557,0.06559484498448831,1279.5357568359375,1232.0985760498047,88.42764063078512,16.360000610351562,16.81999969482422,94.1999969482422,1
2013-04-22,1383.978515625,0.010396227681263026,0.0905067911690276,0.08143484164384973,1277.9653051757812,1234.0115451049805,88.8923571204143,15.359999656677246,16.489999771118164,94.63999938964844,1
2013-04-23,1380.2950439453125,-0.002661509292305797,0.07583780442402266,0.06002690899259466,1276.4200146484375,1235.9098919677735,86.85707875095095,16.219999313354492,16.969999313354492,93.51000213623048,1
2013-04-25,1429.348876953125,0.03553865763916786,0.1295748514356534,0.11336984083939372,1276.4784130859375,1237.835233154297,89.8849565763958,15.06999969482422,16.450000762939453,91.29000091552734,0
2013-04-26,1503.1995849609375,0.05166737750215078,0.17587331495103897,0.17997818122234022,1278.5331103515625,1240.0907690429688,91.61983494825967,14.199999809265137,16.610000610351562,88.70999908447266,0
2013-04-29,1512.4981689453125,0.006185861197278486,0.135926477861811,0.18807336062716828,1280.7710864257813,1242.3341009521484,89.58882567694327,13.880000114440918,16.25,88.72000122070312,0
2013-04-30,1500.009765625,-0.008256805579487603,0.11716267257246216,0.21491700345756715,1283.2354565429687,1244.383311767578,85.62049123362526,14.329999923706056,16.360000610351562,86.68000030517578,0
2013-05-02,1509.1739501953125,0.006109416605360574,0.10179720926054303,0.183958296224366,1286.7312255859374,1246.392864379883,89.18296883984242,15.100000381469728,15.359999656677246,87.7300033569336,0
2013-05-03,1496.23681640625,-0.008572327787256251,0.08111274814880676,0.18390590547971608,1290.151533203125,1248.4484301757811,85.42605353829843,16.280000686645508,16.219999313354492,88.76000213623047,0
2013-05-06,1520.494140625,0.016212222525717968,0.10157183226490107,0.24345155546646424,1293.9716284179688,1250.749150390625,85.88303642731597,15.550000190734863,15.06999969482422,89.18000030517578,0
2013-05-07,1520.853515625,0.00023635408410860315,0.06401840736526898,0.24046447901631307,1297.2338110351564,1252.905259399414,90.7203039101345,15.84000015258789,14.199999809265137,93.63999938964844,0
2013-05-08,1510.1175537109375,-0.007059168949384631,0.0046021624933989536,0.2519365174846717,1300.33427734375,1255.0842407226562,87.20616531056434,16.5,13.880000114440918,93.0,0
2013-05-09,1491.5198974609375,-0.012315369889117855,-0.013869948351080241,0.2702473651933457,1303.795908203125,1257.2050494384766,78.89354235733936,16.760000228881836,14.329999923706056,94.5,0
2013-05-10,1552.4332275390625,0.04083977034555142,0.03494874707846951,0.3235419065531364,1308.9986865234375,1259.6824291992189,82.10698391294663,16.600000381469727,15.100000381469728,93.45999908447266,0
2013-05-13,1531.814453125,-0.013281585351498593,0.015001917391137987,0.32664181468978715,1313.686669921875,1261.9703411865235,75.30865562438503,16.860000610351562,16.280000686645508,93.98999786376952,0
2013-05-14,1530.826171875,-0.0006451703389949159,0.023117567412776818,0.31753368079457167,1319.0700341796876,1264.2850036621094,73.92068434804395,17.510000228881836,15.550000190734863,95.61000061035156,0
2013-05-15,1562.40576171875,0.020629115456701763,0.027564473925905553,0.3573604872709024,1325.0086206054686,1266.6218676757812,77.19343719639014,17.170000076293945,15.84000015258789,96.16000366210938,0
2013-05-16,1552.65771484375,-0.006239126297304831,0.020912072656570135,0.3461597363005344,1331.7261401367186,1269.397872619629,70.86180248008915,18.1299991607666,16.5,95.62000274658205,0
2013-05-17,1535.1385498046875,-0.011283340089432103,0.01656890619691409,0.30654527928714326,1336.8345849609375,1271.9514797973634,56.67604285421219,17.739999771118164,16.760000228881836,96.62000274658205,0
2013-05-20,1565.2806396484375,0.019634768371613598,0.04945340810609711,0.3365937276055715,1343.0067626953125,1274.9573196411134,60.14855017358862,17.56999969482422,16.600000381469727,96.38999938964844,0
2013-05-21,1524.9864501953125,-0.02574246970956917,-0.0176798440389343,0.2946380669545485,1347.7980639648438,1277.6413903808593,54.33841268575795,17.709999084472656,16.860000610351562,96.04000091552734,0
2013-05-22,1516.181640625,-0.005773696919854521,-0.010205421725919872,0.20002859842592713,1352.5264697265625,1280.2990707397462,51.218746881853285,17.8799991607666,17.510000228881836,95.16999816894533,0
2013-05-23,1480.155029296875,-0.023761408503320314,-0.033100520169485725,0.160088996001303,1356.0869287109374,1282.7516201782228,47.411050680065436,17.719999313354492,17.170000076293945,94.20999908447266,0
2013-05-24,1504.7718505859375,0.016631245242436865,-0.03688792792815321,0.19006686220677915,1360.5062817382814,1285.3076135253907,47.471851115257614,18.729999542236328,18.1299991607666,94.3000030517578,0
2013-05-27,1481.2777099609375,-0.015613091523377198,-0.045972788593650726,0.1671737560103841,1364.6534057617187,1287.715112915039,44.07688746515521,17.700000762939453,17.739999771118164,95.16000366210938,0
2013-05-28,1486.9830322265625,0.0038516223036768604,-0.031368841323313634,0.15899319324788008,1368.9317065429686,1290.084407043457,46.48463700414903,17.030000686645508,17.56999969482422,96.0199966430664,0
2013-05-29,1468.1611328125,-0.012657776858340575,-0.062046066613173356,0.16024710287344823,1373.6017236328125,1292.4008807373048,46.45297980837138,17.1200008392334,17.709999084472656,96.70999908447266,0
2013-05-30,1471.1707763671875,0.002049940900507252,-0.035289279994082934,0.15081887659710347,1377.5314379882811,1294.7335192871094,35.02733621884809,17.860000610351562,17.8799991607666,96.16000366210938,0
2013-05-31,1442.5107421875,-0.019481106231907797,-0.04858975762767537,0.0833640531237696,1381.1053735351563,1296.9429446411132,34.019271870024966,16.040000915527344,17.719999313354492,94.27999877929688,0
2013-06-03,1409.2244873046875,-0.023075221493557452,-0.047921022182306094,0.04954849666321648,1384.833837890625,1298.9109490966796,30.49433389321473,16.989999771118164,18.729999542236328,94.25,0
2013-06-04,1389.6834716796875,-0.01386650303130521,-0.07648227793564599,0.014561224472517731,1388.106796875,1300.7397348022462,21.181255262440743,17.290000915527344,17.700000762939453,94.1500015258789,0
2013-06-05,1408.9547119140625,0.013867359457821138,-0.0488247393183161,0.018046664747381147,1392.1613842773438,1302.6954522705078,26.761619338381806,17.260000228881836,17.030000686645508,94.1500015258789,0
2013-06-06,1425.8900146484375,0.012019763723539745,-0.04108521499848339,0.03303277143761996,1397.1952563476561,1304.7148669433593,32.2998677282163,16.780000686645508,17.1200008392334,95.01000213623048,0
2013-06-07,1396.960693359375,-0.020288606408535137,-0.04849633862512692,-0.02265939695757857,1401.6757006835937,1306.4958996582031,22.62169738379862,17.350000381469727,17.860000610351562,93.12999725341795,0
2013-06-10,1367.2679443359375,-0.02125525017603258,-0.07062594887034179,-0.09042820526625706,1405.9279467773438,1308.0429888916015,23.429738095688563,17.350000381469727,16.040000915527344,93.61000061035156,0
2013-06-11,1339.0572509765625,-0.020632893118163853,-0.07171765740479352,-0.11467182012504051,1409.471337890625,1309.4155572509765,21.99180873089375,18.11000061035156,16.989999771118164,91.97000122070312,0
2013-06-12,1329.3543701171875,-0.007246053783211082,-0.056676645848143914,-0.11376952298487641,1413.0371899414063,1310.7948638916016,23.9888826892101,19.489999771118164,17.290000915527344,93.4499969482422,0
2013-06-13,1308.6456298828125,-0.015578043522397556,-0.05831388474306731,-0.13287290062656343,1416.1421459960939,1312.048392944336,15.708510838107117,18.850000381469727,17.260000228881836,93.30999755859376,0
2013-06-14,1360.349853515625,0.03950972092990712,-0.034497104830578884,-0.09081915469571611,1419.84994140625,1313.5139477539062,30.754962492574094,19.440000534057617,16.780000686645508,93.73999786376952,0
2013-06-17,1379.3067626953125,0.01393531901421996,-0.03266959686551307,-0.09285624597780584,1424.014140625,1315.095625,33.557406030763005,18.350000381469727,17.350000381469727,94.76000213623048,0
2013-06-18,1382.2716064453125,0.0021495173011449875,-0.010515032372699462,-0.09112114201395449,1428.10107421875,1316.7017846679687,36.21682697901946,18.18000030517578,17.350000381469727,96.02999877929688,0
2013-06-19,1386.943359375,0.00337976480736768,0.01439031399848889,-0.08156596420805207,1430.570849609375,1318.289525756836,36.555276655096264,18.290000915527344,18.11000061035156,95.7699966430664,0
2013-06-20,1370.232421875,-0.012048752666821594,0.023281432422476156,-0.08131804060569969,1432.4575415039062,1319.894786376953,38.00506615907837,18.459999084472656,19.489999771118164,95.37999725341795,0
2013-06-21,1396.7362060546875,0.019342546385977544,0.050687640144862156,-0.10029225007711795,1435.1034033203125,1321.6476135253906,47.879780152368006,19.190000534057617,18.850000381469727,95.87999725341795,0
2013-06-24,1387.5721435546875,-0.0065610545930396835,0.06031160145236769,-0.09416434821857755,1437.4725463867187,1323.3395727539062,49.62845402848978,19.030000686645508,19.440000534057617,96.69000244140624,0
2013-06-25,1388.24609375,0.0004857046161117484,0.02050666610672347,-0.0931393000358518,1439.57755859375,1325.1436102294922,46.100514751820846,21.01000022888184,18.350000381469727,97.8499984741211,0
2013-06-26,1387.841796875,-0.000291228534205934,0.006187915850574877,-0.1117276760754633,1442.0266625976562,1326.946973876953,42.35976940887861,21.13999938964844,18.18000030517578,97.7699966430664,0
2013-06-27,1366.6839599609375,-0.015245135981423519,-0.0112768333022919,-0.1197776902821932,1443.79296875,1328.5582995605469,43.72444825434674,21.06999969482422,18.290000915527344,98.44000244140624,0
2013-06-28,1381.552734375,0.010879453370102876,-0.0038866944086520805,-0.1000468755404702,1444.7938110351563,1330.189389038086,53.1547167491868,18.850000381469727,18.459999084472656,98.23999786376952,0
2013-07-01,1442.376220703125,0.0440254539799676,0.052650774917006204,-0.07851909480776365,1446.7874169921874,1332.1252709960938,69.9444780365179,17.950000762939453,19.190000534057617,95.4000015258789,0
2013-07-02,1418.2984619140625,-0.016693119619876406,0.015437600719380828,-0.06995995818034051,1447.7586181640625,1333.9005603027344,66.26680752376964,18.09000015258789,19.030000686645508,93.69000244140624,0
2013-07-03,1402.396240234375,-0.011212182842126661,0.010683478151781722,-0.07504734086063747,1448.12697265625,1335.4995318603515,67.45269962872351,18.209999084472656,21.01000022888184,95.18000030517578,0
2013-07-04,1399.1617431640625,-0.0023064074029262027,0.007862906629599431,-0.05471946149538609,1448.504306640625,1337.0773889160157,58.81627100521688,18.90999984741211,21.13999938964844,95.31999969482422,0
2013-07-05,1396.6463623046875,-0.0017977770416212069,0.006344069943355679,-0.07185507107881328,1447.8502563476563,1338.6078564453126,54.256712939932655,18.57999992370605,21.06999969482422,95.5,0
2013-07-08,1393.501708984375,-0.002251574489567476,0.019622494892092,-0.059256951202538044,1445.656298828125,1340.0940747070313,52.754455626967484,18.670000076293945,18.850000381469727,97.0500030517578,0
2013-07-09,1387.032958984375,-0.004642082573917072,0.003966714026196083,-0.0672166871282488,1443.1469946289062,1341.59107421875,50.02178444910869,19.34000015258789,17.950000762939453,96.55999755859376,0
2013-07-10,1386.71875,-0.00022653317813370322,-0.038587346286112045,-0.055472373564667166,1440.8811743164063,1342.8596514892579,54.355616673740265,19.31999969482422,18.09000015258789,97.98999786376952,0
2013-07-11,1352.6236572265625,-0.024586883802816928,-0.04630534859275581,-0.08058012097912759,1437.7501684570314,1343.875994873047,38.79510391589987,19.979999542236328,18.209999084472656,99.5999984741211,0
2013-07-12,1300.874267578125,-0.03825852769316862,-0.07239178895636744,-0.09818746610828699,1433.8429174804687,1344.6486401367188,31.894965517206217,18.88999938964844,18.90999984741211,101.23999786376952,0
2013-07-15,1299.6611328125,-0.00093255343414822,-0.0711144446578077,-0.07774726842970259,1429.4262573242188,1345.383999633789,31.542452806193822,18.690000534057617,18.57999992370605,101.23999786376952,0
2013-07-16,1267.902099609375,-0.024436395304364922,-0.09218100313014388,-0.08763245339826731,1424.3672290039062,1345.8309661865235,27.89734771591874,18.790000915527344,18.670000076293945,103.22000122070312,0
2013-07-17,1276.7965087890625,0.00701505990283291,-0.08374959244245972,-0.09379875875886978,1419.7008081054687,1346.1296923828124,32.651282191434845,18.989999771118164,19.34000015258789,103.13999938964844,0
2013-07-18,1298.7181396484375,0.01716924404826714,-0.06367175254480195,-0.08918771693015537,1415.8447729492189,1346.686043701172,34.43623701435273,19.36000061035156,19.31999969482422,103.52999877929688,0
2013-07-19,1304.0635986328125,0.004115950044266015,-0.059604841549295795,-0.06649943349742071,1410.8773803710938,1347.312244873047,17.16779859138687,18.270000457763672,19.979999542236328,106.5199966430664,0
2013-07-22,1301.3233642578125,-0.002101304244572777,-0.03792650874814418,-0.048230912127581016,1406.26755859375,1347.8396203613281,19.102938616006654,18.1299991607666,18.88999938964844,104.91000366210938,0
2013-07-23,1301.5482177734375,0.00017278834899991935,0.0005180748148452263,-0.028011523163606333,1401.6819995117187,1348.2802990722657,20.957378220222026,17.6299991607666,18.690000534057617,105.9499969482422,0
2013-07-24,1272.21435546875,-0.02253766852746264,-0.021118410523175757,-0.04298328266179352,1395.8781713867188,1348.5410662841796,18.218673962033037,16.719999313354492,18.790000915527344,106.31999969482422,0
2013-07-25,1270.3726806640625,-0.0014476136012542273,0.0019485582171121507,-0.029246228577691658,1390.232470703125,1348.7681427001953,18.280338135690926,16.90999984741211,18.989999771118164,106.0,0
2013-07-26,1235.6934814453125,-0.027298445366931268,-0.03219230868882372,-0.09163552430880662,1384.2435693359375,1348.7003112792968,15.780295502348167,16.719999313354492,19.36000061035156,106.4800033569336,0
2013-07-29,1211.256103515625,-0.01977624572487402,-0.06734489452537284,-0.12183704432166964,1377.1630786132812,1348.5228717041016,14.63947570818587,16.780000686645508,18.270000457763672,108.04000091552734,0
2013-07-30,1206.0457763671875,-0.0043015900050490385,-0.07516337574976206,-0.12749001661931847,1370.7842651367187,1348.3294885253906,14.35666716596981,18.25,18.1299991607666,108.0500030517578,0
2013-07-31,1191.5810546875,-0.01199350966864432,-0.08433131424863194,-0.14085817085964947,1364.2922534179688,1348.031661376953,15.562006144882446,18.1200008392334,17.6299991607666,106.91000366210938,1
2013-08-01,1204.1588134765625,0.01055552095225365,-0.07482581357107099,-0.12120105008987125,1358.7723291015625,1347.8580413818358,25.155767782299506,18.770000457763672,16.719999313354492,107.2300033569336,1
2013-08-02,1201.8228759765625,-0.0019398915440861364,-0.05532988933005056,-0.13954913550117665,1352.713349609375,1347.7165393066407,25.011488920440556,19.809999465942383,16.90999984741211,105.38999938964844,1
2013-08-05,1207.39306640625,0.004634784826475613,-0.0495756994907125,-0.12985204263819683,1347.2356567382812,1347.5900854492188,32.15889949466592,20.88999938964844,16.719999313354492,105.48999786376952,1
2013-08-06,1196.656982421875,-0.00889195431304779,-0.03159076228012381,-0.13800803199855938,1341.4291357421876,1347.5617852783203,26.624708833861362,20.799999237060547,16.780000686645508,104.6999969482422,1
2013-08-07,1195.668701171875,-0.000825868452294376,-0.012868791578022343,-0.13846902156704077,1335.979287109375,1347.399169921875,15.761112476587485,22.729999542236328,18.25,104.5500030517578,1
2013-08-08,1244.36328125,0.04072581312064072,0.03177118616362251,-0.08950180311945244,1331.4431372070312,1347.4750854492188,34.60022910805927,22.040000915527344,18.1200008392334,103.08000183105467,1
2013-08-12,1240.005859375,-0.00350172810517424,0.04063911934232611,-0.10245492008962964,1327.3930395507812,1347.4815985107423,34.31394408376505,21.190000534057617,18.770000457763672,105.02999877929688,1
2013-08-13,1262.3714599609375,0.01803668943726633,0.04834299747913451,-0.12479737128114843,1324.4559790039064,1347.642612915039,40.997698766130235,21.280000686645508,19.809999465942383,107.88999938964844,0
2013-08-14,1257.175537109375,-0.0041160015228189906,0.04605725372620717,-0.11360297506580119,1321.8058203125,1347.7749548339843,46.11309806257509,19.26000022888184,20.88999938964844,106.94000244140624,0
2013-08-16,1197.443359375,-0.047512997168014603,-0.008240652781670188,-0.14614477348079769,1317.5755932617187,1347.621887817383,35.49222131078672,18.700000762939453,20.799999237060547,106.55999755859376,1
2013-08-19,1182.3973388671875,-0.01256512083850525,-0.011916233109531382,-0.1549244791432649,1312.7057397460937,1347.3848303222655,38.499505844521195,23.63999938964844,22.729999542236328,105.3000030517578,1
2013-08-20,1172.8638916015625,-0.008062811841879403,-0.019072849818650872,-0.16022844203299147,1308.2238037109375,1347.1299792480468,41.146053561324145,25.59000015258789,22.040000915527344,104.37000274658205,1
2013-08-21,1160.7095947265625,-0.01036292187186627,-0.06722609689945602,-0.16705549247404816,1304.09263671875,1346.6858801269532,39.869120230444416,27.229999542236328,21.190000534057617,103.4000015258789,1
2013-08-22,1161.8389892578125,0.0009730207593536822,-0.06303750061034863,-0.16235661039479254,1300.548271484375,1346.035849609375,42.93259354530302,28.09000015258789,21.280000686645508,106.11000061035156,1
2013-08-23,1168.43603515625,0.005678106828427065,-0.07441187303742924,-0.15740950704225354,1297.3299047851563,1345.3206512451172,41.26310723496082,29.059999465942383,19.26000022888184,106.83000183105467,1
2013-08-26,1182.1263427734375,0.011716779699760593,-0.05969667092671738,-0.12604933644493177,1294.7995190429688,1344.6462786865234,45.436196583469,25.75,18.700000762939453,106.8499984741211,1
2013-08-27,1138.8409423828125,-0.03661656019700166,-0.04893961500005706,-0.12455725294418696,1290.3693408203126,1343.7000012207031,36.47919003082263,26.3799991607666,23.63999938964844,107.45999908447266,1
2013-08-28,1117.2432861328125,-0.018964594129195045,-0.05510334858905952,-0.1403580072329551,1285.1280712890625,1342.7654498291015,34.98043818647005,29.420000076293945,25.59000015258789,107.0999984741211,1
2013-08-29,1130.12060546875,0.011525976030261509,-0.036443517818973814,-0.10866887449991114,1280.0850512695313,1341.8254327392578,38.13637436182501,32.380001068115234,27.229999542236328,104.97000122070312,1
2013-08-30,1123.749755859375,-0.005637318334473229,-0.03184245140654185,-0.11986777209693333,1274.8211791992187,1340.8868029785156,24.220482597900826,29.40999984741211,28.09000015258789,103.8499984741211,1
2013-09-02,1174.7615966796875,0.0453943064764466,0.011122545844437504,-0.09544530039620835,1270.9117626953125,1340.1868359375,38.37362430832026,27.809999465942383,29.059999465942383,105.02999877929688,1
2013-09-03,1153.118896484375,-0.01842305728794913,-0.013109094730912374,-0.11574949435494464,1266.0394165039063,1339.4204333496093,30.48115956694636,27.549999237060547,25.75,106.41999816894533,1
2013-09-04,1153.5255126953125,0.0003526229707770945,-0.02419439364748721,-0.11357503878122865,1261.3584838867187,1338.6023822021484,31.15968430138257,32.4900016784668,26.3799991607666,105.91999816894533,1
2013-09-05,1174.4000244140625,0.018096272244533917,0.031223923120334396,-0.09768996002075725,1257.0815625,1338.0142590332032,45.12243080823506,31.11000061035156,29.420000076293945,109.01000213623048,1
2013-09-06,1164.2789306640625,-0.00861809736001129,0.04209973343769868,-0.08484059650853293,1252.6103051757811,1337.1232971191407,46.083225843225584,28.530000686645508,32.380001068115234,110.0999984741211,1
2013-09-10,1207.880859375,0.03744972752025033,0.06880704017780181,-0.04919172321652576,1249.4342431640625,1336.4276593017578,56.597987797613165,28.649999618530277,29.40999984741211,108.8000030517578,1
2013-09-11,1229.7041015625,0.01806737975696726,0.09428642377955199,-0.004846978617874642,1246.3972705078124,1335.8716845703125,62.54309168258956,29.440000534057617,27.809999465942383,107.6500015258789,1
2013-09-12,1193.6480712890625,-0.02932089941606575,0.016076857349401896,-0.014537001857374166,1241.4227075195313,1335.1311627197265,55.131216416111755,29.75,27.549999237060547,107.6500015258789,1
2013-09-13,1189.1298828125,-0.003785193127889941,0.031229204931005006,-0.014025913349359764,1236.8393359375,1334.3687231445313,53.36072548088246,29.709999084472656,32.4900016784668,108.54000091552734,1
2013-09-16,1228.89111328125,0.03343724772495649,0.0653350097214922,0.03131138955841717,1233.3692333984375,1333.8116033935546,57.00179149302173,28.290000915527344,31.11000061035156,107.2300033569336,1
2013-09-17,1243.2587890625,0.011691577574262979,0.05863314306621614,0.032470779724686594,1230.2511743164061,1333.300267944336,67.11594665147013,28.81999969482422,28.530000686645508,108.37000274658205,1
2013-09-18,1266.799560546875,0.01893473160332637,0.08805504177966905,0.05406510881856419,1227.65423828125,1332.9450451660157,74.35976253523737,27.93000030517578,28.649999618530277,110.52999877929688,1
2013-09-19,1337.4207763671875,0.055747742594594474,0.10724560786501414,0.10769294074874813,1226.5326196289063,1333.011432495117,78.41924860991597,27.690000534057617,29.440000534057617,107.38999938964844,1
2013-09-20,1325.8990478515625,-0.008614886742616124,0.07822609208738451,0.10800260001668871,1225.30994140625,1332.9481115722656,77.32716384512693,24.5,29.75,107.55999755859376,1
2013-09-23,1266.25732421875,-0.044982100054641205,0.060829699034552265,0.05903694140165339,1222.900712890625,1332.6285821533204,62.08666474664596,24.729999542236328,29.709999084472656,108.5999984741211,1
2013-09-24,1274.88720703125,0.006815267834935801,0.0721177101494741,0.024529754486638078,1221.3459838867188,1332.3665795898437,66.65841699899133,27.020000457763672,28.290000915527344,108.20999908447266,1
2013-09-25,1258.9827880859375,-0.01247515769049723,0.024486851991581293,0.015303902451317741,1220.508154296875,1332.001694946289,63.84013164935287,26.71999931335449,28.81999969482422,106.58999633789062,1
2013-09-26,1253.8770751953125,-0.004055427078862084,0.008540688572826749,-0.006728910653515441,1219.5924731445311,1331.4881976318359,60.88086261297396,25.68000030517578,27.93000030517578,105.41999816894533,1
2013-09-27,1235.2618408203125,-0.01484613981964733,-0.02489558783312784,-0.017430896197239587,1218.93966796875,1330.955968017578,59.49708371006434,24.0,27.690000534057617,108.06999969482422,1
2013-09-30,1227.6710205078125,-0.0061451103415119945,-0.08206075290492076,0.025243499741473885,1217.957158203125,1330.4554125976563,52.93015777425055,24.059999465942383,24.5,106.38999938964844,1
2013-10-01,1247.235107421875,0.015935936083243174,-0.059328755501523056,0.05483585460096374,1216.9274975585938,1330.0612115478516,52.61314582625221,26.649999618530277,24.729999542236328,104.68000030517578,1
2013-10-03,1276.2879638671875,0.023293809060079163,0.007921485985975307,0.08818079660070177,1216.3719848632813,1329.8205865478515,62.58083867054395,25.770000457763672,27.020000457763672,103.58999633789062,1
2013-10-04,1290.882080078125,0.011434814574852625,0.012546108360535824,0.11214905601105873,1216.1631591796875,1329.6390069580077,65.02935718546053,25.170000076293945,26.71999931335449,103.12999725341795,1
2013-10-07,1274.3450927734375,-0.01281061032599251,0.0122021562430219,0.09683450508705538,1215.6190966796876,1329.274118041992,57.20834448065361,26.1299991607666,25.68000030517578,102.66000366210938,1
2013-10-08,1271.0921630859375,-0.0025526285665843362,0.013729486112459277,0.08785772163895977,1215.5966528320312,1329.0021234130859,54.57526163013524,26.82999992370605,24.0,103.02999877929688,1
2013-10-09,1263.7723388671875,-0.005758688812130708,0.023080530058260162,0.06906706427182452,1215.4646459960939,1328.5390002441407,49.474352229578294,26.549999237060547,24.059999465942383,102.87000274658205,1
2013-10-10,1284.1953125,0.016160326511908796,0.04604188829740963,0.1276336007143022,1216.4346826171875,1328.131275024414,38.806577072663565,25.8700008392334,26.649999618530277,102.33000183105467,1
2013-10-11,1322.962158203125,0.03018765551141578,0.06071593906443451,0.18413077493835805,1218.6688037109375,1327.9858880615234,49.44586655930557,25.8799991607666,25.770000457763672,102.04000091552734,1
2013-10-14,1307.509765625,-0.011680147071714275,0.024462975944088416,0.1569648047277863,1220.6980834960937,1327.880034790039,59.34120123745901,23.59000015258789,25.170000076293945,103.30999755859376,1
2013-10-15,1301.183837890625,-0.0048381495119090845,0.007980401906172885,0.1578946568006676,1222.8901391601562,1327.7371618652344,56.01739447171332,22.850000381469727,26.1299991607666,103.83999633789062,1
2013-10-17,1289.5716552734375,-0.008924321282696157,0.011948539360607136,0.09773051733921667,1224.5983959960938,1327.5276928710937,57.13982876993353,23.239999771118164,26.82999992370605,103.02999877929688,1
2013-10-18,1327.2545166015625,0.029221223321735268,0.04418432836473074,0.15101271919842052,1227.1070288085937,1327.4239819335937,64.86637015112004,21.059999465942383,26.549999237060547,103.48999786376952,1
2013-10-21,1373.52197265625,0.03485952051845742,0.08684288333723078,0.19071659667664975,1230.4296069335937,1327.598102416992,75.18929327102065,20.1200008392334,25.8700008392334,101.61000061035156,1
2013-10-22,1368.6873779296875,-0.0035198524834756384,0.06579378121635027,0.16543541338272694,1233.87021484375,1327.638666381836,75.95208055886545,20.18000030517578,25.8799991607666,103.01000213623048,1
2013-10-23,1381.5648193359375,0.00940860682570821,0.044296551318147914,0.18662700401865306,1237.5881372070312,1327.5504571533204,75.34528703863649,19.959999084472656,23.59000015258789,102.0199966430664,1
2013-10-24,1368.0550537109375,-0.00977859701978634,0.04630580182091126,0.13260761033900081,1240.06197265625,1327.4580364990234,68.39342006492636,20.350000381469727,22.850000381469727,102.41000366210938,1
2013-10-25,1363.35595703125,-0.0034348739598899503,0.04778119534701064,0.10868619149836767,1242.528974609375,1327.332462158203,65.12637542382468,20.63999938964844,23.239999771118164,101.20999908447266,1
2013-10-28,1367.5579833984375,0.003082119783550441,0.060474598527418655,0.14569613631726774,1244.632705078125,1327.0520324707031,70.51102427263223,20.420000076293945,21.059999465942383,100.66999816894533,1
2013-10-29,1477.7144775390625,0.08054977959097687,0.11336179990764172,0.24268551223690515,1249.0434838867188,1327.3661834716797,80.91946052743103,21.290000915527344,20.1200008392334,100.80999755859376,1
2013-10-30,1478.9794921875,0.0008560616192543336,0.07677890971580603,0.20350735407182774,1254.6742065429687,1327.710244140625,82.79846152186103,19.76000022888184,20.18000030517578,99.22000122070312,1
2013-10-31,1478.572998046875,-0.00027484771950681,0.0802854047528394,0.189272105738997,1260.5977197265624,1328.0401416015625,81.54881725270405,19.530000686645508,19.959999084472656,97.8000030517578,1
2013-11-01,1478.5277099609375,-3.0629590826669606e-05,0.07018338138604752,0.16713626686344907,1266.71099609375,1328.4014831542968,78.87934648562438,18.38999938964844,20.350000381469727,96.86000061035156,1
2013-11-05,1466.8704833984375,-0.007884347708848827,0.07223059438979207,0.09679056084568383,1272.8342138671876,1328.822006225586,80.00670246524763,18.63999938964844,20.63999938964844,97.11000061035156,1
2013-11-06,1459.0086669921875,-0.005359584568117914,0.07015974769290945,0.10039197128643451,1278.777607421875,1329.1722253417968,79.54660654206931,19.940000534057617,20.420000076293945,97.8499984741211,1
2013-11-07,1455.6199951171875,-0.002322585157760515,0.06439362190692077,0.14954517322556815,1284.5212866210939,1329.742686767578,82.0737135080126,20.25,21.290000915527344,98.68000030517578,1
2013-11-08,1428.2840576171875,-0.01877958367685051,-0.03345058918566923,0.12032189964721907,1289.4444409179687,1330.1724243164062,70.32727633546389,19.8700008392334,19.76000022888184,98.1999969482422,1
2013-11-11,1430.09130859375,0.001265330217000038,-0.03305534921342379,0.13591013485414916,1295.2694482421875,1330.3715435791016,63.86183156511844,19.63999938964844,19.530000686645508,96.7699966430664,1
2013-11-12,1434.2030029296875,0.0028751271413436363,-0.03000866049616635,0.14381467793107716,1301.608642578125,1330.4692596435548,66.11112178440376,19.979999542236328,18.38999938964844,96.37999725341795,1
2013-11-13,1427.335205078125,-0.004788581419459814,-0.03462397392887884,0.15549202437133536,1307.5529345703126,1330.5528509521484,61.59832863256085,20.86000061035156,18.63999938964844,94.61000061035156,1
2013-11-14,1457.24658203125,0.020956098361973652,-0.006560839198898383,0.18700088027530049,1314.22287109375,1330.769828491211,70.86681635378403,20.450000762939453,19.940000534057617,93.37000274658205,1
2013-11-18,1472.3826904296875,0.010386786001130632,0.009166514044821383,0.18051735528292556,1320.17529296875,1331.2192602539062,74.31969167815285,19.26000022888184,20.25,94.8000030517578,1
2013-11-19,1520.457763671875,0.03265120783792819,0.044543059845414845,0.1913124676541227,1327.5220703125,1331.63662109375,78.5232851369809,18.81999969482422,19.8700008392334,94.1999969482422,1
2013-11-20,1490.90771484375,-0.01943496855628679,0.043845379980672616,0.1549526775935408,1334.2697143554688,1331.8671502685547,53.51970211216646,19.299999237060547,19.63999938964844,94.5999984741211,1
2013-11-21,1488.332275390625,-0.0017274304958538877,0.04072534840739994,0.16791933663076586,1340.548359375,1332.1526336669922,52.47781806610016,20.82999992370605,19.979999542236328,95.13999938964844,1
2013-11-22,1482.14208984375,-0.00415914218164104,0.03342559373821974,0.16603825661660032,1346.9056225585937,1332.3674102783202,50.91743867739219,21.13999938964844,20.86000061035156,93.04000091552734,1
2013-11-25,1517.1595458984375,0.023626247641600262,0.06293149675054499,0.20050067503327362,1353.0911962890625,1332.8484649658203,58.41703236788213,20.040000915527344,20.450000762939453,93.87999725341795,1
2013-11-26,1503.0618896484375,-0.00929213825145303,0.031439639785139084,0.170430911106785,1358.5583520507812,1333.1328021240233,57.80234343995764,21.049999237060547,19.26000022888184,93.76000213623048,1
2013-11-27,1500.0347900390625,-0.0020139554001219473,0.018780511200729544,0.13384557580727874,1364.6860864257812,1333.448271484375,59.032938135906626,21.59000015258789,18.81999969482422,93.02999877929688,1
2013-11-28,1506.08935546875,0.004036283338155089,-0.00945005415239264,0.1518761810156175,1371.0252758789063,1333.7897467041016,60.983171065389776,21.13999938964844,19.299999237060547,93.33999633789062,1
2013-11-29,1514.67431640625,0.005700167062682615,0.015941027956241305,0.16407403189215652,1376.7409399414062,1334.0506127929686,70.47097393390017,20.709999084472656,20.82999992370605,93.33000183105467,1
2013-12-02,1501.34521484375,-0.008799978594820956,0.008743302600025649,0.16422007936069938,1381.9026684570313,1334.269541015625,66.01005839971826,21.3799991607666,21.13999938964844,95.44000244140624,1
2013-12-03,1503.01708984375,0.0011135846595906607,0.014084344640803437,0.13242567348139667,1386.6270190429686,1334.6524816894532,65.63325895593209,23.36000061035156,20.040000915527344,94.83999633789062,1
2013-12-04,1481.78076171875,-0.01412913284120254,-0.0233190927581296,0.0788183889429439,1389.51421875,1335.0590618896485,61.61097614691509,24.71999931335449,21.049999237060547,94.08999633789062,1
2013-12-05,1536.3621826171875,0.036835017911237555,0.022154971261056255,0.12250774529763642,1393.7234814453125,1335.7378759765625,65.26577760860687,23.709999084472656,21.59000015258789,93.68000030517578,1
2013-12-06,1537.5821533203125,0.0007940645226289789,0.025030994967971454,0.11292798701936135,1399.1499780273436,1336.541830444336,63.29455338341373,21.68000030517578,21.13999938964844,92.3000030517578,1
2013-12-09,1593.8349609375,0.036585237085194455,0.058260557482952446,0.16503715008699382,1405.5289331054687,1337.839077758789,64.47916475973642,22.209999084472656,20.709999084472656,92.3000030517578,1
2013-12-10,1583.0361328125,-0.0067753741068949935,0.04513301352362453,0.16113192937493048,1412.01,1339.1281512451171,69.63205823472858,19.15999984741211,21.3799991607666,92.72000122070312,1
2013-12-11,1584.1207275390625,0.0006851357995445451,0.05513423020695951,0.15835726657999372,1418.614873046875,1340.4013079833985,70.54251470858495,17.979999542236328,23.36000061035156,93.81999969482422,1
2013-12-12,1549.6009521484375,-0.021791126642381364,0.030993567950401868,0.04864706660321305,1424.9016552734374,1341.3605908203126,62.899606211907944,17.540000915527344,24.71999931335449,96.04000091552734,1
2013-12-13,1526.828369140625,-0.014695772467253287,0.030400993578579838,0.032352630449495656,1430.8848022460938,1342.2192614746093,51.93972684594493,17.739999771118164,23.709999084472656,97.1999969482422,1
2013-12-16,1537.672607421875,0.007102460564938129,0.0008529400290595568,0.039970707873786315,1436.6935522460938,1343.3154327392579,57.03532363664876,17.84000015258789,21.68000030517578,97.37999725341795,0
2013-12-17,1537.943603515625,0.00017623783661235848,0.00023507699704494733,0.04018585052846735,1441.9266650390625,1344.5436791992188,57.79304633684237,18.36000061035156,22.209999084472656,97.6500015258789,0
2013-12-18,1563.291259765625,0.01648152519510937,-0.01916365365326722,0.06573230387989026,1447.3748486328125,1345.8730590820312,60.89497257412612,18.32999992370605,19.15999984741211,97.33999633789062,0
2013-12-19,1609.016845703125,0.02924956283856872,0.01641195191449385,0.10281513887109806,1454.0682836914064,1347.609853515625,65.7418180040574,17.540000915527344,17.979999542236328,98.51000213623048,0
2013-12-20,1635.313232421875,0.01634313946990318,0.032316037529753316,0.12344790392235638,1461.352705078125,1349.459037475586,71.4264461493287,16.579999923706055,17.540000915527344,97.44000244140624,0
2013-12-23,1628.76171875,-0.004006274481233363,0.0510846140690675,0.14036259808659501,1468.6524926757813,1351.5189373779297,69.8021362700703,16.020000457763672,17.739999771118164,97.5,0
2013-12-24,1616.4718017578125,-0.007545558598724633,0.05871218692880542,0.13032768750083235,1475.2980224609375,1353.20271484375,71.8260089338381,16.260000228881836,17.84000015258789,96.5999984741211,0
2013-12-26,1620.8095703125,0.002683479260182864,0.054066751588958795,0.13011168363308823,1481.254970703125,1355.023403930664,66.34596618207956,15.579999923706056,18.36000061035156,97.4800033569336,0
2013-12-27,1604.046630859375,-0.010342325070238245,0.04298143780607,0.12380513361721346,1487.1857080078125,1356.6165301513672,62.13494990917904,14.880000114440918,18.32999992370605,97.22000122070312,0
2013-12-30,1605.989501953125,0.0012112310554894812,0.02731304350406294,0.102071208645103,1493.2818212890625,1358.2476708984375,52.768112412553,14.65999984741211,17.540000915527344,97.8000030517578,0
2013-12-31,1593.9705810546875,-0.007483810375983557,-0.009351216358373438,0.08257900029340659,1499.3697998046875,1359.7068634033203,52.47648206012342,15.079999923706056,16.579999923706055,98.7699966430664,0
2014-01-01,1594.06103515625,5.67476606141426e-05,-0.025225868933091866,0.04840862616704622,1504.7059301757813,1361.2581475830077,52.261508612956575,15.119999885559082,16.020000457763672,99.31999969482422,0
2014-01-02,1598.0369873046875,0.0024942283016458067,-0.018863859023462548,0.07185506614147807,1509.19623046875,1362.878724975586,62.7983413260876,15.579999923706056,16.260000228881836,98.91000366210938,0
2014-01-03,1625.327880859375,0.017077760885070292,0.005478647441874429,0.09204638489264383,1514.3290405273438,1364.6400244140625,75.41974132542995,16.549999237060547,15.579999923706056,99.22000122070312,0
2014-01-06,1633.5509033203125,0.005059300684973067,0.007861091914305396,0.10215539691779774,1519.3687622070313,1366.6344775390626,75.08263103605748,15.869999885559082,14.880000114440918,99.5500030517578,0
2014-01-07,1667.935302734375,0.021048869272560555,0.03982968490184802,0.09938029078322841,1525.3663671875,1368.6007287597656,78.85648445222941,16.5,14.65999984741211,100.31999969482422,0
2014-01-08,1660.4801025390625,-0.00446971785002126,0.03392961194308475,0.10473169067405785,1531.3088500976562,1370.5840594482422,73.43641177291344,16.31999969482422,15.079999923706056,99.29000091552734,0
2014-01-09,1637.256103515625,-0.013986315757668732,0.027155785041086844,0.09147875395142613,1536.7028125,1372.6563336181641,57.63866325374246,16.31999969482422,15.119999885559082,98.41999816894533,0
2014-01-10,1621.26123046875,-0.009769316487829749,0.01706345912271412,0.07647081136441214,1539.5737475585938,1374.6324621582032,45.97462398258843,16.18000030517578,15.579999923706056,98.41999816894533,0
2014-01-13,1611.0045166015625,-0.006326379533680759,0.0081146615503227,0.06359796238168713,1542.214248046875,1376.6563580322265,45.01895964065369,15.579999923706056,16.549999237060547,95.44000244140624,0
2014-01-14,1602.510498046875,-0.00527249828734544,-0.01403863373120473,0.06738309231142003,1544.692998046875,1378.797928466797,45.998526356595114,15.949999809265137,15.869999885559082,93.95999908447266,0
2014-01-15,1626.68310546875,0.015084211586342988,-0.00420421416780048,0.08227851596674518,1547.6561059570313,1381.066651611328,51.51156259306684,15.739999771118164,16.5,93.43000030517578,0
2014-01-16,1617.4205322265625,-0.005694147317967246,-0.030285809302674882,0.09153835304926017,1550.6671069335937,1383.3804760742187,53.57999679771003,15.420000076293944,16.31999969482422,93.66999816894533,0
2014-01-17,1604.181884765625,-0.008185037346294277,-0.03390478313311385,0.044143043167664375,1553.5705712890624,1385.5919470214844,49.54372061207008,15.539999961853027,16.31999969482422,92.33000183105467,0
2014-01-20,1606.8929443359375,0.001689995128394406,-0.018545149481800527,0.045077780634974696,1556.5960302734375,1387.8711029052733,53.42269987843046,15.40999984741211,16.18000030517578,91.66000366210938,0
2014-01-21,1628.3096923828125,0.013328049091487992,0.004347517711272619,0.021630050971547465,1560.59654296875,1390.2456622314453,58.15053351112196,15.350000381469728,15.579999923706056,92.72000122070312,0
2014-01-22,1633.6865234375,0.0033020936249659183,0.01407941852564476,0.031995726171462735,1564.668447265625,1392.5392944335938,58.42772308542953,15.550000190734863,15.949999809265137,91.8000030517578,0
2014-01-23,1620.990478515625,-0.007771408247379541,0.011531893545329908,0.023274584023554645,1568.4041967773437,1394.7887628173828,48.8986150546167,15.850000381469728,15.739999771118164,92.58999633789062,0
2014-01-24,1603.32373046875,-0.010898736470711934,-0.014360126395527195,0.0346687824667562,1571.9239672851563,1396.9157568359376,42.67576813614107,15.579999923706056,15.420000076293944,94.16999816894533,1
2014-01-27,1538.30517578125,-0.0405523559914448,-0.048914524620508715,0.00751676276953428,1573.5451391601562,1398.290009765625,22.65009699296067,15.829999923706056,15.539999961853027,93.95999908447266,1
2014-01-28,1415.1357421875,-0.08006826963394742,-0.11784582806565302,-0.07968982775847544,1572.4002001953124,1398.9861993408203,15.21900219048915,18.670000076293945,15.40999984741211,94.37000274658205,1
2014-01-29,1512.5958251953125,0.06886977701316477,-0.058682888286371915,-0.01648160456753378,1572.2429614257812,1400.226962890625,35.40055314570526,17.719999313354492,15.350000381469728,94.37000274658205,1
2014-01-30,1478.3017578125,-0.022672327142238657,-0.0921249411411389,-0.05436575009436628,1571.9908422851563,1401.2728967285157,33.94558472187265,18.040000915527344,15.550000190734863,94.98999786376952,1
2014-01-31,1478.6177978515625,0.00021378587787790337,-0.0949195107881845,-0.0810426865323336,1571.796552734375,1402.2510083007812,34.793394362863594,17.25,15.850000381469728,96.7300033569336,1
2014-02-03,1462.578369140625,-0.010847582610085449,-0.09772550269392166,-0.10562799826760538,1571.4052783203124,1403.2369671630859,34.20055924686912,16.81999969482422,15.579999923706056,97.31999969482422,1
2014-02-04,1463.617431640625,0.000710432016446827,-0.08713542759532433,-0.10139253962581807,1570.3344360351562,1404.1632110595704,30.573790088260637,18.270000457763672,15.829999923706056,96.63999938964844,1
2014-02-05,1451.9149169921875,-0.007995610325110536,-0.05615937601275245,-0.1018000342391866,1569.3114965820312,1404.7652325439453,30.397077797961614,18.690000534057617,18.670000076293945,95.72000122070312,1
2014-02-06,1481.73583984375,0.0205390291831562,0.047062692058996713,-0.08580510197872038,1568.945517578125,1405.4604321289062,36.04532038454604,18.93000030517578,17.719999313354492,97.41000366210938,1
2014-02-07,1504.5531005859375,0.015399007116270846,-0.0053171670021874284,-0.062026582244765205,1568.9147924804688,1406.1345056152343,38.84782931419513,18.940000534057617,18.040000915527344,97.36000061035156,1
2014-02-10,1526.150634765625,0.01435478360403275,0.0323674626646786,-0.04971319369796867,1569.1443188476562,1406.8453662109375,38.871914531146494,18.549999237060547,17.25,98.2300033569336,1
2014-02-11,1516.481689453125,-0.006335511772063596,0.02560762602518296,-0.048613752676846866,1569.4470483398438,1407.5262994384766,37.351267637102524,19.049999237060547,16.81999969482422,97.48999786376952,1
2014-02-12,1488.9649658203125,-0.01814510773469058,0.018041150639463988,-0.06592976493251779,1569.166005859375,1407.8243798828125,36.193477411133884,18.6299991607666,18.270000457763672,96.43000030517578,1
2014-02-13,1483.1363525390625,-0.003914540244430054,0.013336081189302407,-0.07190111097454699,1569.1931176757812,1407.724063720703,37.11235624728883,17.43000030517578,18.690000534057617,97.19000244140624,1
2014-02-14,1485.0792236328125,0.0013099746968132653,0.022841770032453912,-0.08628945511745456,1568.1674584960938,1407.5869689941405,43.39978051087984,17.799999237060547,18.93000030517578,97.37999725341795,1
2014-02-17,1505.2308349609375,0.013569384722001532,0.015856399288867173,-0.07855284343974533,1567.5204321289064,1407.6130743408203,65.00606090672466,16.65999984741211,18.940000534057617,97.83999633789062,1
2014-02-18,1543.862548828125,0.025664976407548945,0.026126992943538374,-0.07438703030198357,1566.5209838867188,1407.7865173339844,56.47700048703244,15.829999923706056,18.549999237060547,99.87999725341795,1
2014-02-19,1534.5096435546875,-0.006058120446367998,0.005477184622962428,-0.07586387743626188,1565.5504541015625,1407.9778814697265,62.98546557373165,15.40999984741211,19.049999237060547,100.05999755859376,1
2014-02-20,1521.1353759765625,-0.008715662123271906,0.003068739013337929,-0.07092398512958376,1564.2907470703126,1407.9810876464844,59.26371961598693,15.06999969482422,18.6299991607666,99.94000244140624,1
2014-02-21,1514.1771240234375,-0.004574380468048589,0.01693267389218578,-0.06604987797947381,1563.5822705078126,1407.9477056884766,61.705536783117324,15.15999984741211,17.43000030517578,100.37000274658205,1
2014-02-24,1522.129638671875,0.005252037243374863,0.026291099982855837,-0.055167367325059,1563.4882958984374,1408.0077661132811,62.87019823024436,14.039999961853027,17.799999237060547,100.3499984741211,1
2014-02-25,1516.3460693359375,-0.003799656211269875,0.021053991736979416,-0.05376840202666622,1563.0617651367188,1408.1318969726562,64.55099824115477,14.359999656677246,16.65999984741211,100.3000030517578,1
2014-02-26,1503.7398681640625,-0.008313538331916392,-0.0009905236872945755,-0.0755790952099793,1562.3776904296874,1407.8884301757812,55.388311002727974,13.949999809265137,15.829999923706056,100.3000030517578,1
2014-02-28,1435.9202880859375,-0.045100606503787666,-0.06991701484314228,-0.11221586502971459,1559.8302709960938,1407.408959350586,36.22855927960551,13.960000038146973,15.40999984741211,102.43000030517578,1
2014-03-03,1429.7750244140625,-0.0042796690894775224,-0.068252825637516,-0.10872012831452949,1556.2454345703125,1406.9037036132813,29.383399634728676,14.18000030517578,15.06999969482422,103.30999755859376,1
2014-03-04,1443.5107421875,0.00960690845685086,-0.051030720220564096,-0.10167584761905635,1552.409384765625,1406.309228515625,34.65706324664177,15.279999732971191,15.15999984741211,102.91999816894533,1
2014-03-05,1468.8134765625,0.01752860829885905,-0.029959274077789644,-0.09795201525018937,1549.210419921875,1405.8900073242187,45.72311065904839,14.390000343322754,14.039999961853027,102.1999969482422,1
2014-03-06,1491.4501953125,0.015411567984096486,-0.020155604739517607,-0.08706463944240372,1546.7099877929688,1405.6715655517578,51.6469974284331,13.84000015258789,14.359999656677246,102.81999969482422,1
2014-03-07,1567.900146484375,0.05125880261516658,0.033998886000353945,-0.032751785241740605,1545.6517993164061,1405.6846630859375,62.66758477400631,14.479999542236328,13.949999809265137,101.83000183105467,1
2014-03-10,1627.5869140625,0.03806796479479746,0.08235935517866144,0.015133053376972239,1546.1226049804689,1406.1976654052735,66.69541565270691,16.719999313354492,13.960000038146973,102.58999633789062,1
2014-03-11,1585.1600341796875,-0.026067351313923903,0.10393316908467432,0.030458753657018445,1545.706015625,1406.542557373047,55.57725437571198,17.780000686645508,14.18000030517578,102.58999633789062,1
2014-03-12,1594.1063232421875,0.005643776571196302,0.11493507441527018,0.12646884374359524,1545.70873046875,1407.1123138427733,58.05742268626526,17.329999923706055,15.279999732971191,104.91999816894533,1
2014-03-13,1579.0150146484375,-0.009466939798003171,0.09387132946138932,0.04391073170160875,1545.4078100585937,1407.4835296630858,57.78911642852214,17.040000915527344,14.390000343322754,103.33000183105467,1
2014-03-14,1570.972412109375,-0.005093430058898507,0.06955201404194633,0.06268723811436394,1544.8665185546874,1407.9320031738282,57.62094875993963,16.81999969482422,13.84000015258789,101.4499969482422,1
2014-03-18,1688.22265625,0.07463545714541908,0.13193364522391637,0.14175729434813666,1546.1244140625,1408.9382012939452,67.23228940809338,16.450000762939453,14.479999542236328,101.55999755859376,1
2014-03-19,1689.623291015625,0.0008296504968936524,0.07763450038842312,0.15523607258625471,1547.2458618164062,1410.045512084961,68.14265793970625,17.1299991607666,16.719999313354492,102.58000183105467,1
2014-03-20,1677.6949462890625,-0.007059765801045725,0.03078670133903416,0.1462660323801075,1547.4410546875,1411.0781329345702,68.23952210465633,16.8799991607666,17.780000686645508,101.12000274658205,1
2014-03-21,1688.5389404296875,0.006463626873652428,0.06521669990468704,0.1629737532607589,1548.0022314453124,1412.3082739257814,80.08171018670717,16.90999984741211,17.329999923706055,100.02999877929688,1
2014-03-24,1704.5791015625,0.009499432171064193,0.06930075912102684,0.15039338033576155,1549.34869140625,1413.7850469970704,81.97014465840921,16.18000030517578,17.040000915527344,97.98999786376952,1
2014-03-25,1718.4952392578125,0.008163972961158672,0.08833369113999834,0.14219646922967133,1551.2933715820313,1415.4291058349609,81.97771030206502,16.540000915527344,16.81999969482422,98.1999969482422,1
2014-03-26,1750.4849853515625,0.018614975103198983,0.11426844409135906,0.1469935833826712,1554.0829809570312,1417.1367572021484,82.25371012584445,16.920000076293945,16.450000762939453,98.88999938964844,1
2014-03-27,1749.0843505859375,-0.0008001409765555634,0.03605075083586895,0.15338309901829006,1557.0144580078124,1418.752728881836,81.00934773876169,17.770000457763672,17.1299991607666,99.6999969482422,1
2014-03-28,1745.334228515625,-0.0021440487241545236,0.03297240147921521,0.1721795130042374,1559.38748046875,1420.4945965576171,75.88662132165419,18.3700008392334,16.8799991607666,100.37000274658205,1
2014-03-31,1781.796875,0.020891497965627837,0.06205057060057517,0.20137091370570492,1562.6750073242188,1422.5672412109375,74.13378877146329,18.6299991607666,16.90999984741211,99.43000030517578,1
2014-04-01,1744.837158203125,-0.020742946244574068,0.03334137959478212,0.17491183664592014,1565.4881127929686,1424.5961407470704,75.42446509642667,21.6200008392334,16.18000030517578,99.45999908447266,1
2014-04-02,1746.9608154296875,0.0012171091248134314,0.02486344800797946,0.16059329562898772,1568.2894702148437,1426.6841729736327,74.87866479216652,20.690000534057617,16.540000915527344,99.5999984741211,1
2014-04-03,1752.83447265625,0.003362214638522376,0.019982152184063073,0.13535656006860575,1570.7799658203126,1428.9051171875,79.16607095819826,21.209999084472656,16.920000076293945,99.19000244140624,1
2014-04-04,1741.538818359375,-0.006444221900632541,-0.005110679078684455,0.134915525408563,1572.93701171875,1430.8110620117188,78.31115361548312,22.11000061035156,17.770000457763672,100.26000213623048,1
2014-04-07,1721.4322509765625,-0.011545288092833839,-0.015809471738805314,0.13167590351477454,1574.9458471679689,1432.521689453125,58.13595036601654,22.690000534057617,18.3700008392334,101.27999877929688,1
2014-04-09,1746.328125,0.01446230254447367,0.0005694591145561922,0.15331825933263077,1577.8059350585938,1434.3419720458985,62.45784148397976,24.950000762939453,18.6299991607666,101.66999816894533,1
2014-04-10,1771.133544921875,0.014204329396501514,-0.005984593545841244,0.16358915819237763,1582.4625024414063,1436.2629229736328,69.42881321257477,26.90999984741211,21.6200008392334,101.58000183105467,1
2014-04-11,1749.2198486328125,-0.012372695639971676,0.0025118048461330034,0.15357561443665624,1589.1441845703125,1438.1578601074218,62.062182975146605,28.71999931335449,20.690000534057617,99.73999786376952,1
2014-04-15,1741.538818359375,-0.004391117719960147,-0.0031036741193184447,0.15813835572880341,1593.7230444335937,1439.8818731689453,57.59942090853507,29.190000534057617,21.209999084472656,99.62000274658205,1
2014-04-16,1748.8131103515625,0.0041769335920058825,-0.0022942053955576913,0.21790403329610086,1599.133271484375,1441.6880780029296,56.40881138023075,31.8799991607666,22.11000061035156,100.29000091552734,1
2014-04-17,1763.36181640625,0.008319188579140269,0.01253087086938054,0.23331418320787578,1604.8281518554688,1443.563656616211,52.93868561326366,31.15999984741211,22.690000534057617,101.13999938964844,1
2014-04-21,1796.75244140625,0.018935776361569623,0.0437543739446955,0.24471012850479146,1611.5116333007813,1445.6082098388672,59.4925471385767,30.850000381469727,24.950000762939453,100.44000244140624,1
2014-04-22,1785.27587890625,-0.006387392183543006,0.02230265512459173,0.21545445176903932,1617.9448022460938,1447.7011694335938,57.71646048686983,34.38999938964844,26.90999984741211,103.5999984741211,1
2014-04-23,1791.1048583984375,0.0032650301060239695,0.01127600656304173,0.2009149645276298,1624.7286010742187,1449.7489300537109,52.03966392129274,33.349998474121094,28.71999931335449,103.4000015258789,1
2014-04-24,1791.1048583984375,0.0,0.023944965979183275,0.1423590095418661,1630.9159814453126,1451.4925732421875,62.0983624557992,31.1299991607666,29.190000534057617,103.73999786376952,1
2014-04-25,1767.7449951171875,-0.013042152820766595,0.015047713253098838,0.08611403780880078,1636.1798193359375,1453.2398059082032,54.89152481214067,31.1299991607666,31.8799991607666,103.75,1
2014-04-28,1762.5489501953125,-0.002939363390210281,0.007854378356638048,0.11190599825299219,1640.9077856445313,1455.040569458008,52.29360283644609,30.68000030517578,31.15999984741211,103.76000213623048,1
2014-04-29,1731.8695068359375,-0.017406292946346436,-0.017859244357742887,0.08642032315232218,1645.2155419921876,1456.7041082763672,47.90849787103033,31.38999938964844,30.850000381469727,104.3000030517578,1
2014-04-30,1737.743408203125,0.003391653553574514,-0.032842049824594044,0.10052367588792555,1650.1911108398438,1458.4095935058594,53.75964030173687,31.049999237060547,34.38999938964844,104.37000274658205,1
2014-05-02,1701.9583740234375,-0.020592818255423695,-0.046669260402407375,0.08337890653228275,1654.5675512695314,1459.9518768310547,40.26183001303684,30.59000015258789,33.349998474121094,102.12999725341795,1
2014-05-05,1715.0162353515625,0.0076722565765554585,-0.042481389456400453,0.015870879947244898,1659.1662915039062,1461.5917932128907,37.013852440631794,33.060001373291016,31.1299991607666,101.44000244140624,1
2014-05-06,1726.2216796875,0.006533724932137774,-0.036225226237705854,0.021660679552941042,1663.5861083984375,1463.289307861328,44.40046341566352,34.189998626708984,31.1299991607666,101.94000244140624,1
2014-05-07,1700.015380859375,-0.015181305585774574,-0.03831413153191965,0.013304227100214838,1666.7091650390626,1465.0262664794923,40.72653417300509,33.27000045776367,30.68000030517578,100.5999984741211,1
2014-05-08,1713.8865966796875,0.00815946489454733,-0.027609079174925943,0.015011591170973837,1670.2967041015625,1467.091328125,42.423091671380426,33.61000061035156,31.38999938964844,100.83999633789062,1
2014-05-09,1784.59814453125,0.04125800854534489,0.030446080081198312,0.04694357856165232,1675.5659594726562,1469.5160131835937,53.70431883783938,34.29999923706055,31.049999237060547,101.27999877929688,1
2014-05-12,1852.4180908203125,0.038002923233384944,0.06599057264487884,0.07793030117461308,1682.3307788085938,1472.4385931396484,58.668713641390866,37.709999084472656,30.59000015258789,99.73999786376952,1
2014-05-13,1888.9713134765625,0.01973270658356774,0.10988103017527129,0.07911311966905377,1689.6676123046875,1475.499467163086,64.9784476298388,37.09999847412109,33.060001373291016,99.76000213623048,1
2014-05-14,1884.3172607421875,-0.002463802759296252,0.09871686454088868,0.07731640278580465,1697.0270361328126,1478.4274627685547,63.5100667863636,32.04999923706055,34.189998626708984,99.4800033569336,1
2014-05-15,1913.8221435546875,0.01565812903548891,0.10867692491334546,0.09653618904979511,1705.228681640625,1481.476255493164,66.38507952133988,32.41999816894531,33.27000045776367,99.5,1
2014-05-16,1944.8175048828125,0.01619552863494156,0.14399994657677007,0.09149226388828002,1715.4066259765625,1484.6937261962892,73.17009979937896,36.77000045776367,33.61000061035156,100.7699966430664,1
2014-05-19,2001.2965087890625,0.029040773113389484,0.16769482453866802,0.1469818254272195,1726.8370556640625,1488.1924676513672,77.54373463197001,24.290000915527344,34.29999923706055,100.26000213623048,1
2014-05-20,1982.635986328125,-0.009324216765974613,0.11097055233624742,0.1349058140382331,1737.619560546875,1491.744575805664,79.75550496229502,20.6299991607666,37.709999084472656,99.98999786376952,1
2014-05-21,1960.2252197265625,-0.011303520543409329,0.058198054445964376,0.11831735985659386,1747.4477954101562,1495.1938385009767,75.4023874108303,19.229999542236328,37.09999847412109,100.58999633789062,1
2014-05-22,2046.615234375,0.04407147391996524,0.08345490467417482,0.1751763513965332,1758.5510961914063,1499.248447265625,85.27560391078664,17.90999984741211,32.04999923706055,101.6999969482422,1
2014-05-23,2156.00341796875,0.05344833838645546,0.1441828098096134,0.25244744121974994,1770.3131616210937,1503.9721838378907,87.70084917957169,17.84000015258789,32.41999816894531,102.37000274658205,1
2014-05-26,2115.745361328125,-0.018672538413020523,0.10550782811948767,0.21153941864626669,1780.0763305664063,1508.5206817626954,81.72517753694801,17.700000762939453,36.77000045776367,101.5,1
2014-05-27,2080.27685546875,-0.01676407119101997,0.06965144557051883,0.1745454550467065,1789.9786669921875,1512.9641607666015,80.51048292154508,19.84000015258789,24.290000915527344,102.0199966430664,1
2014-05-28,2087.415771484375,0.003431714387850837,0.043031735835796336,0.193341004628947,1799.8448559570313,1517.3804455566406,80.29763046952772,19.100000381469727,20.6299991607666,102.61000061035156,1
2014-05-29,2083.7109375,-0.0017748423840547867,0.05098008503268803,0.19647688327899004,1809.9387744140624,1521.7898858642577,77.22046701770756,17.559999465942383,19.229999542236328,102.44000244140624,1
2014-05-30,2052.94091796875,-0.01476693286841757,0.04729849269826292,0.17390526512924476,1819.57814453125,1526.0176251220703,69.5679240441732,16.690000534057617,17.90999984741211,104.06999969482422,1
2014-06-02,2100.383056640625,0.02310935412540549,0.026271583130301757,0.19112427018592704,1827.8213525390624,1530.5362554931642,70.20120193468513,16.34000015258789,17.84000015258789,103.73999786376952,1
2014-06-03,2111.72412109375,0.005399521966847232,-0.0205376747114423,0.17530054359685954,1836.263369140625,1535.1165325927734,71.45540957241829,16.5,17.700000762939453,104.3499984741211,1
2014-06-04,2143.533203125,0.015063085993815672,0.013133830897037457,0.20067336844221328,1845.5801342773439,1539.6123822021484,71.57898237369689,15.800000190734863,19.84000015258789,104.3499984741211,1
2014-06-05,2151.801513671875,0.003857327954995382,0.03438227850062203,0.2013822103056344,1854.8453857421875,1544.1713604736328,70.31129127121882,15.56999969482422,19.100000381469727,104.11000061035156,1
2014-06-06,2161.6064453125,0.004556615272518272,0.03554187663120301,0.20685644683324456,1863.9859326171875,1548.6675354003905,67.3174986173788,15.449999809265137,17.559999465942383,102.72000122070312,1
2014-06-09,2200.5537109375,0.01801774125417621,0.056074367770841516,0.2448366235038446,1873.6271020507813,1553.3844262695313,72.55213623386139,15.979999542236328,16.690000534057617,103.58000183105467,1
2014-06-10,2226.895751953125,0.011970642154606859,0.08473445702299687,0.26345186141148424,1883.1553173828124,1558.5316882324219,77.37478086416273,17.100000381469727,16.34000015258789,102.70999908447266,1
2014-06-11,2212.66357421875,-0.0063910390604915435,0.05345716212246909,0.277615643375583,1892.4269018554687,1563.6830194091797,70.00989706347889,16.65999984741211,16.5,102.47000122070312,1
2014-06-12,2241.8515625,0.013191335827705153,0.06162142114418412,0.29009355001273573,1902.3572485351563,1569.0279577636718,62.82405320519273,17.059999465942383,15.800000190734863,102.66000366210938,1
2014-06-13,2171.81787109375,-0.031239218767968757,0.01319534865497518,0.2760699111339382,1910.1576684570311,1574.0834991455079,57.69189292376529,16.899999618530273,15.56999969482422,102.63999938964844,1
2014-06-16,2151.75634765625,-0.009237203406654348,-2.0989861443054814e-05,0.25465654686071226,1918.2960522460937,1579.0330859375,60.238151188098314,17.760000228881836,15.449999809265137,102.4800033569336,1
2014-06-17,2181.848388671875,0.013984873821054178,0.009364305608576595,0.2639444946994627,1926.9938037109375,1584.1001477050781,62.6912900363812,17.979999542236328,15.979999542236328,102.66000366210938,1
2014-06-18,2200.4189453125,0.008511387288430816,-6.12416885487077e-05,0.2943523747415544,1935.9454931640626,1589.1916107177735,65.08234085542614,17.700000762939453,17.100000381469727,104.41000366210938,1
2014-06-19,2150.76220703125,-0.022566947256581593,-0.03418819442046228,0.2549034523042082,1944.1299609375,1594.2512170410157,62.05320453350372,18.57999992370605,16.65999984741211,104.3499984741211,1
2014-06-20,2138.42724609375,-0.005735157934789181,-0.03355066219283309,0.19826822225876417,1952.4698608398437,1599.3571368408202,55.13164264332501,18.739999771118164,17.059999465942383,104.4000015258789,1
2014-06-23,2150.988037109375,0.005873845387337706,-0.04053057165359275,0.16117848760419196,1960.5630590820313,1604.4614739990234,55.2787973040305,18.850000381469727,16.899999618530273,106.52999877929688,1
2014-06-24,2181.984130859375,0.014410165568216948,0.0046809909343388245,0.15511766393293525,1968.7800708007812,1609.7526458740235,55.18082133921411,18.959999084472656,17.760000228881836,106.91000366210938,1
2014-06-25,2232.9501953125,0.023357669623862876,0.03773375537833945,0.1850181717451309,1978.454677734375,1615.0435888671875,59.80561352456913,19.190000534057617,17.979999542236328,106.9000015258789,1
2014-06-26,2247.318359375,0.006434610181929923,0.030006654469230787,0.17425663975278538,1988.5702685546876,1620.5145861816407,60.24404135946059,18.309999465942383,17.700000762939453,106.36000061035156,1
2014-06-27,2218.220703125,-0.012947723284782997,0.008090167488524314,0.14058038739149548,1997.9584204101564,1625.838062133789,52.16241995962272,17.700000762939453,18.57999992370605,105.97000122070312,1
2014-06-30,2204.349853515625,-0.00625314225488649,0.024915653766458545,0.10146089988905516,2006.7781811523437,1630.987811279297,47.15350624115364,17.6299991607666,18.739999771118164,106.43000030517578,1
2014-07-01,2334.8837890625,0.05921652379212494,0.0918696407968127,0.1776664022863541,2017.5408081054688,1636.840835571289,61.92785540965295,17.8700008392334,18.850000381469727,107.26000213623048,1
2014-07-02,2387.431640625,0.022505553299335235,0.10992325361017441,0.21793741688418322,2029.5839233398438,1642.738589477539,63.588066666970505,17.65999984741211,18.959999084472656,106.16999816894533,1
2014-07-03,2376.54248046875,-0.00456103536995911,0.08916579495596433,0.16120628858433372,2041.29267578125,1648.4727813720704,71.48002955017947,17.56999969482422,19.190000534057617,106.02999877929688,1
2014-07-04,2387.928466796875,0.004790987925399559,0.06940516264523566,0.10757174450429674,2053.2291479492187,1654.4441833496094,75.23902903309802,17.809999465942383,18.309999465942383,106.5,1
2014-07-07,2384.63037109375,-0.0013811534763220612,0.06110038266093176,0.12708760452951529,2065.56685546875,1660.4216857910155,72.98714582949336,18.15999984741211,17.700000762939453,105.83999633789062,1
2014-07-08,2340.169921875,-0.018644587336341556,0.05497614307638532,0.12493196072581791,2077.119274902344,1665.9780798339843,64.9636952239143,19.40999984741211,17.6299991607666,105.73999786376952,1
2014-07-09,2274.02197265625,-0.028266301775962788,0.03160665219702219,0.0893957992083092,2087.96232421875,1671.1318957519532,62.747721997895205,19.18000030517578,17.8700008392334,105.37000274658205,1
2014-07-10,2287.802734375,0.006060082921121923,-0.020164196140315838,0.09794630973136109,2098.9635107421873,1676.2369116210937,65.40258971304513,18.190000534057617,17.65999984741211,105.33999633789062,1
2014-07-11,2263.358642578125,-0.010684527747779282,-0.051969235866537455,0.10249575268711064,2110.191516113281,1680.8666009521485,61.309734426293964,15.970000267028809,17.56999969482422,104.4800033569336,1
2014-07-14,2267.876953125,0.001996285724178648,-0.04572420995492443,0.07974445230588878,2121.24873046875,1685.5764904785156,59.13152445484733,15.720000267028809,17.809999465942383,104.05999755859376,1
2014-07-15,2275.8291015625,0.0035064285240618,-0.0469441889876806,0.07771137282068508,2132.24087890625,1690.6243493652344,55.017477982541436,15.5600004196167,18.15999984741211,104.05999755859376,1
2014-07-16,2324.355712890625,0.021322607789314496,-0.025276310716230266,0.08435722362593157,2144.727685546875,1695.8716918945313,58.34724342169656,14.770000457763672,19.40999984741211,103.52999877929688,1
2014-07-17,2313.692626953125,-0.0045875447885896925,-0.011314261701415584,0.07523515168692119,2156.723806152344,1701.1452410888671,60.77514304750285,14.729999542236328,19.18000030517578,103.4000015258789,1
2014-07-18,2281.386962890625,-0.013962815840859122,0.003238750690597758,0.05541273150710313,2166.6595825195313,1706.2827905273436,58.347212552033845,14.970000267028809,18.190000534057617,102.29000091552734,1
2014-07-21,2296.523681640625,0.006634875624440761,0.0038119314810625138,0.043611737457768696,2175.5416943359373,1711.5890997314452,44.4575430932612,15.100000381469728,15.970000267028809,102.93000030517578,1
2014-07-22,2271.265869140625,-0.010998280880759714,0.0034935809172040866,0.019924649435693054,2183.1875854492187,1716.8070739746095,31.77888117126163,14.899999618530272,15.720000267028809,100.83000183105467,1
2014-07-23,2250.165283203125,-0.00929023159472031,-0.007809801981306541,0.016948671918014524,2190.5045458984373,1721.8217248535157,30.792470472988768,14.640000343322754,15.5600004196167,100.91000366210938,1
2014-07-24,2257.982177734375,0.003473920155821819,-0.007841943762768477,0.007195220015542292,2197.3877465820315,1726.7301959228516,30.03340145669965,14.6899995803833,14.770000457763672,99.95999908447266,1
2014-07-25,2267.560791015625,0.004242111995259812,-0.024434694552138314,0.04408423063286504,2203.8426123046875,1731.613589477539,32.35254500769541,14.720000267028809,14.729999542236328,101.1999969482422,1
2014-07-28,2264.127197265625,-0.0015142234614411443,-0.021422651008216276,0.05222285029240048,2209.0992260742187,1736.5625,36.91908395664206,14.220000267028809,14.970000267028809,103.19000244140624,1
2014-07-30,2306.553955078125,0.01873868122945499,0.011031443852739686,0.05715592662337099,2215.5775854492185,1741.739808959961,56.09346319210018,14.31999969482422,15.100000381469728,103.12999725341795,1
2014-07-31,2280.889892578125,-0.011126582338773283,-0.006807588873340653,0.03657073914812914,2221.99087890625,1746.8253967285157,48.760361695066926,13.890000343322754,14.899999618530272,104.58999633789062,1
2014-08-01,2336.8720703125,0.024544007107286214,0.02888530227273578,0.08653205020658339,2227.796015625,1752.088780517578,61.84313512637591,13.81999969482422,14.640000343322754,104.41999816894533,1
2014-08-04,2390.82080078125,0.023085872416428677,0.06250897150892887,0.11802765567477014,2232.49236328125,1757.4280737304687,67.08533677497806,15.220000267028809,14.6899995803833,103.12000274658205,1
2014-08-05,2409.029541015625,0.007616104154868131,0.06689484300217496,0.11996417434892925,2238.358046875,1762.9356726074218,67.99762489897574,14.81999969482422,14.720000267028809,102.06999969482422,1
2014-08-06,2382.95849609375,-0.010822218855350174,0.05089067756654897,0.09210624513351573,2244.4116796875,1768.3445458984374,58.429763153144485,13.949999809265137,14.220000267028809,102.08999633789062,1
2014-08-07,2394.1640625,0.0047023758175472885,0.05743355116771709,0.07219769949456412,2250.5466455078126,1773.8675079345703,61.557439186966896,14.300000190734863,14.31999969482422,101.66999816894533,1
2014-08-08,2369.94580078125,-0.010115539740188528,0.027483356963560857,0.05456611916807108,2256.2713427734375,1779.0809643554687,63.02146042303404,14.140000343322754,13.890000343322754,100.2699966430664,1
2014-08-11,2407.854248046875,0.015995491227321912,0.055664394796909766,0.08548903391566132,2263.369609375,1784.2526257324218,65.34234205136073,14.619999885559082,13.81999969482422,98.16999816894533,1
2014-08-12,2407.583251953125,-0.00011254671829485918,0.030258901434501384,0.09219652593410776,2269.51361328125,1789.4471051025391,70.17517361989349,14.0,15.220000267028809,97.87999725341795,1
2014-08-13,2395.564453125,-0.004992059493010181,0.001984110370045311,0.02598872986602241,2275.190419921875,1794.5171032714843,72.11376154692178,13.470000267028809,14.81999969482422,98.29000091552734,1
2014-08-14,2409.661865234375,0.005884797668868735,0.0002624808903270992,0.009311355446204761,2280.5129931640627,1799.7251373291015,72.6365157371296,13.760000228881836,13.949999809265137,97.37999725341795,1
2014-08-18,2443.09716796875,0.01387551640201723,0.025236978308091462,0.028004838140689436,2286.33890625,1805.123843383789,74.45546399929796,13.220000267028809,14.300000190734863,96.91999816894533,1
2014-08-19,2484.440185546875,0.01692237955991671,0.037706740511595616,0.040416503296457185,2292.7955810546873,1810.7082543945312,77.76126106725569,13.5,14.140000343322754,97.33999633789062,1
2014-08-20,2474.093017578125,-0.004164788522156515,0.043944978303952276,0.037516357909733955,2298.2663671875,1815.6901470947266,72.96819314917009,13.90999984741211,14.619999885559082,97.6500015258789,1
2014-08-21,2485.569091796875,0.004638497476535441,0.03227555979064678,0.06213188562195415,2303.439833984375,1820.7230950927735,79.19553022821077,13.65999984741211,14.0,98.08000183105467,1
2014-08-22,2489.45556640625,0.001563615601031465,0.034006015944290535,0.0947368127223307,2308.975673828125,1825.7775079345704,75.5638525712659,13.729999542236328,13.470000267028809,97.37000274658205,1
2014-08-25,2535.5419921875,0.01851265248641476,0.05843196532654349,0.1082869838776459,2314.849482421875,1831.0625793457032,74.90266260008906,13.619999885559082,13.760000228881836,97.58999633789062,1
2014-08-26,2505.314208984375,-0.011921625946745396,0.039695338640675315,0.10690111670974312,2321.5194091796875,1836.2547979736328,65.90994174694615,13.789999961853027,13.220000267028809,95.58000183105467,1
2014-08-27,2513.3466796875,0.0032061729719647936,0.02875428478235964,0.10823767410496288,2328.7512158203126,1841.5264880371094,72.91095755250383,13.899999618530272,13.5,96.41000366210938,1
2014-08-28,2527.187255859375,0.00550683130335039,0.017205916472120775,0.11044684951269046,2335.6579931640626,1846.8843243408203,73.15950411747754,13.0600004196167,13.90999984741211,94.4800033569336,1
2014-09-01,2643.631591796875,0.0460766552488423,0.0685255457309808,0.1373610231581941,2344.52224609375,1852.9610620117187,86.0667852787975,13.06999969482422,13.65999984741211,96.06999969482422,1
2014-09-02,2645.673583984375,0.0007724193468696683,0.06441361566487647,0.14348533299707666,2354.4204736328124,1859.0389733886718,84.61215938873318,13.529999732971191,13.729999542236328,93.95999908447266,1
2014-09-03,2639.77392578125,-0.002229926714632735,0.06038202143611571,0.15709170286330187,2364.4474072265625,1865.0668280029297,83.24823053059261,13.449999809265137,13.619999885559082,93.6500015258789,1
2014-09-04,2629.971923828125,-0.003713197504299215,0.03724250354818892,0.14519695348810258,2374.0270849609374,1871.0800115966797,83.78011907249828,13.390000343322754,13.789999961853027,93.3499984741211,1
2014-09-05,2614.543212890625,-0.005866492641123822,0.04359892404495258,0.15113921642290395,2382.6782666015624,1876.8664947509765,79.41229661489804,13.079999923706056,13.899999618530272,93.86000061035156,1
2014-09-08,2646.218017578125,0.01211485223550035,0.05286629933087683,0.1760105079086529,2390.943623046875,1882.7356713867186,79.30770406786563,12.9399995803833,13.0600004196167,93.87999725341795,1
2014-09-09,2641.090087890625,-0.001937833411093326,0.0450709901955868,0.1696682613060545,2398.8190576171874,1888.3388330078126,75.2403513299178,12.789999961853027,13.06999969482422,94.5500030517578,1
2014-09-10,2638.322021484375,-0.0010480772386151083,-0.0020084380626164133,0.16350663317947411,2407.221083984375,1894.0759045410157,77.12401170311256,12.760000228881836,13.529999732971191,94.5500030517578,1
2014-09-11,2647.534423828125,0.0034917657013555647,0.0007033520140256044,0.16933996774807492,2416.084775390625,1899.8719152832032,76.95167135219461,12.93000030517578,13.449999809265137,92.87999725341795,1
2014-09-12,2697.17919921875,0.018751323852039814,0.021746283981690206,0.16935447934379422,2423.33068359375,1905.9471008300782,79.99775766729707,12.520000457763672,13.390000343322754,95.54000091552734,1
2014-09-15,2688.829345703125,-0.0030957726197961,0.022379486770082613,0.1788510065533675,2429.3586376953126,1911.8054498291015,74.84435306509909,12.369999885559082,13.079999923706056,94.4499969482422,1
2014-09-16,2677.71142578125,-0.004134855170203289,0.02416032467131668,0.1458528088887514,2435.3820166015626,1917.6786975097657,79.78677541902081,13.260000228881836,12.9399995803833,93.29000091552734,1
2014-09-17,2693.00390625,0.005711026334470848,0.017680284980711614,0.12639303847867045,2441.483525390625,1923.6435430908202,80.2814675818478,13.279999732971191,12.789999961853027,92.66000366210938,1
2014-09-18,2761.52734375,0.02544498258653416,0.04560134332849097,0.14632357002387164,2449.02146484375,1929.9207330322265,83.35057861450785,12.949999809265137,12.760000228881836,92.75,1
2014-09-19,2797.558349609375,0.013047491976105885,0.06035515256602775,0.17398534393077147,2458.1692333984374,1936.335153198242,78.40867718993428,12.329999923706056,12.93000030517578,91.66999816894533,1
2014-09-22,2782.855224609375,-0.005255699135659819,0.051112008049204904,0.16234942633943872,2468.3458984375,1942.7427032470703,74.18779400927055,11.890000343322754,12.520000457763672,92.83000183105467,1
2014-09-23,2778.8623046875,-0.0014348284763665564,0.030284641633158804,0.1725425550961761,2478.16708984375,1949.1219293212891,74.69000223624838,11.56999969482422,12.369999885559082,92.2699966430664,1
2014-09-24,2787.938232421875,0.0032660588180513095,0.03685949310138659,0.15785174068708852,2488.658681640625,1955.6527166748047,78.11355088534026,12.40999984741211,13.260000228881836,92.91999816894533,1
2014-09-25,2774.733154296875,-0.004736503115970625,0.03623307858400682,0.15249728209643587,2498.7958056640623,1961.8445715332032,78.73674270958519,12.539999961853027,13.279999732971191,94.87999725341795,1
2014-09-26,2757.261962890625,-0.006296530309299997,0.023861107847446217,0.15098634031482328,2508.424462890625,1967.9429705810546,70.99001530285437,13.300000190734863,12.949999809265137,94.41999816894533,1
2014-09-29,2730.170166015625,-0.009825615860814985,-0.011355012582201618,0.13300965807917442,2516.540751953125,1973.6246466064454,65.54734784246418,12.93000030517578,12.329999923706056,93.06999969482422,1
2014-09-30,2779.815185546875,0.018183855405504268,-0.006342374973153819,0.13782424292934703,2525.863203125,1979.6085418701173,71.22247204177438,13.390000343322754,11.890000343322754,92.41000366210938,1
2014-10-01,2696.40771484375,-0.03000468201511608,-0.031064321636695813,0.08531802477273831,2534.1636181640624,1985.1699768066405,55.995957666924454,13.149999618530272,11.56999969482422,91.5199966430664,1
2014-10-07,2667.0927734375,-0.010871850441930953,-0.040221327649614946,0.07800828606205812,2541.575,1990.7574359130858,46.11509512238488,13.0,12.40999984741211,91.55999755859376,1
2014-10-08,2678.39208984375,0.004236566691186772,-0.03929288723264235,0.07757700185573158,2549.7175244140626,1996.5152545166015,48.66247888956119,14.460000038146973,12.539999961853027,92.8000030517578,1
2014-10-09,2728.400390625,0.01867101570784846,-0.016698097112554877,0.09598276323673782,2559.2822265625,2002.4688934326173,55.90695091377335,14.109999656677246,13.300000190734863,92.52999877929688,1
2014-10-10,2692.096435546875,-0.013305948497466913,-0.02363414438700362,0.06174397578180524,2567.96451171875,2008.2396575927735,49.89918638503586,13.15999984741211,12.93000030517578,93.54000091552734,1
2014-10-13,2698.132568359375,0.0022421681232507318,-0.011734652314000393,0.07696374318380061,2576.575947265625,2013.9138641357422,41.82184783752101,14.329999923706056,13.390000343322754,94.56999969482422,1
2014-10-14,2688.375732421875,-0.003616144014536915,-0.03289407641213782,0.0696398368553508,2585.06091796875,2019.3106585693358,34.89081269840413,14.5,13.149999618530272,91.16000366210938,1
2014-10-15,2688.375732421875,0.0,-0.002978771488324594,0.06378177010380948,2592.697353515625,2024.575971069336,36.37087855970586,14.59000015258789,13.0,90.7300033569336,1
2014-10-16,2665.458984375,-0.008524384359856585,-0.0006125730153714315,0.008256593939130807,2600.3887353515624,2029.759457397461,34.487938328450966,14.59000015258789,14.460000038146973,88.8499984741211,1
2014-10-17,2669.316162109375,0.0014470970129294436,-0.003388573229733738,0.008936317113388714,2607.0376171875,2035.0236791992188,33.53906843939002,16.43000030517578,14.109999656677246,87.30999755859375,1
2014-10-20,2726.1318359375,0.02128473001235931,-0.000831459596360884,0.03271413105222343,2613.743837890625,2040.5502905273438,43.983861950165455,16.399999618530273,13.15999984741211,85.7699966430664,1
2014-10-21,2791.478271484375,0.023970387156424078,0.03691615004026083,0.06140991323632283,2621.3928125,2046.4874487304687,53.7866670413256,14.1899995803833,14.329999923706056,85.81999969482422,1
2014-10-22,2883.598388671875,0.033000477964858055,0.06873858700918989,0.10290714433584913,2631.4056103515627,2052.8754931640624,64.84325399824652,13.329999923706056,14.5,85.73999786376953,1
2014-10-27,2876.791259765625,-0.0023606369503436087,0.070085265638822,0.087133123822702,2641.058154296875,2059.289596557617,60.22975445334037,13.029999732971191,14.59000015258789,81.83999633789062,1
2014-10-28,2860.136962890625,-0.005789191975074659,0.06389033660634014,0.0829380550115757,2650.8619775390625,2065.619976196289,70.10244939728773,13.520000457763672,14.59000015258789,81.77999877929688,1
2014-10-29,2909.192138671875,0.017151338001545113,0.09144134489618705,0.10266757241221924,2660.8887353515624,2072.175751953125,78.35037929577408,13.31999969482422,16.43000030517578,82.69999694824219,1
2014-10-30,2940.822021484375,0.010872393882839226,0.101713638582418,0.11077763333939172,2671.5535107421874,2078.75322265625,79.33437508357562,13.010000228881836,16.399999618530273,82.75,1
2014-10-31,3028.858642578125,0.02993605884701367,0.11104628274021788,0.12297271292001932,2684.21939453125,2085.729761352539,80.95362176970397,13.270000457763672,14.1899995803833,82.70999908447266,0
2014-11-03,2983.115966796875,-0.015102281479308144,0.06865097151932908,0.10944786122779937,2695.6884765625,2092.3056646728514,79.40928590672644,13.300000190734863,13.329999923706056,82.80999755859375,0
2014-11-05,2985.021484375,0.0006387675166952267,0.03517240684471257,0.11476593617778996,2706.526962890625,2098.928371582031,79.23593767959957,13.739999771118164,13.029999732971191,80.5199966430664,1
2014-11-07,2984.477294921875,-0.00018230671235486273,0.03743268990779103,0.10823355584275807,2716.527705078125,2105.6644775390623,80.75219174581022,13.760000228881836,13.520000457763672,81.0,1
2014-11-10,3002.129638671875,0.00591471872814564,0.0496454112595166,0.08712652998581238,2727.0884375,2112.568819580078,81.43297682081626,14.109999656677246,13.31999969482422,81.41999816894531,1
2014-11-11,3021.37060546875,0.006409105905695434,0.03856000616311572,0.08000271232613465,2737.8044677734374,2119.620650024414,85.92104640664856,13.93000030517578,13.010000228881836,82.19999694824219,1
2014-11-12,3049.279296875,0.00923709635479164,0.036879918131149436,0.09573766896300628,2749.0009423828124,2126.8544940185548,86.57291628969591,14.800000190734863,13.270000457763672,81.12000274658203,1
2014-11-13,3020.962158203125,-0.009286502125566254,-0.0026070825042791013,0.08712193227683174,2758.709345703125,2133.8258892822264,80.02582824169545,14.4399995803833,13.300000190734863,80.54000091552734,1
2014-11-14,3021.869384765625,0.0003003104689798253,0.012990919025639425,0.08390829811912104,2769.04044921875,2140.848133544922,77.00811775844087,13.800000190734863,13.739999771118164,78.77999877929688,1
2014-11-17,3032.443115234375,0.0034990693251191196,0.015886529161549534,0.09287738553828762,2779.4223779296876,2147.9894396972654,71.5732261397574,13.970000267028809,13.760000228881836,78.68000030517578,1
2014-11-18,3053.68115234375,0.0070036061031713,0.02318793228537075,0.1075049064769924,2789.952255859375,2155.2233807373045,74.60861106601392,14.40999984741211,14.109999656677246,78.6500015258789,0
2014-11-19,3034.440185546875,-0.006300908915165326,0.010762542182986445,0.11144727289116108,2797.768427734375,2162.254033203125,74.07548539040307,14.06999969482422,13.93000030517578,77.4000015258789,0
2014-11-20,3027.27001953125,-0.002362928770116013,0.0019525622086287164,0.08901844815834159,2805.4003564453124,2169.2219506835936,68.44343533183898,14.350000381469728,14.800000190734863,77.94000244140625,1
2014-11-21,3045.013671875,0.0058612717825869964,-0.0013988961274788991,0.1292853284435329,2813.5051513671874,2176.3420666503907,67.01244135104861,14.170000076293944,14.4399995803833,77.18000030517578,1
2014-11-24,3043.243408203125,-0.0005813647696316648,0.007375547535243943,0.1410339522163755,2821.7705810546877,2183.5416650390625,53.269925344474316,13.850000381469728,13.800000190734863,74.20999908447266,1
2014-11-25,2984.930908203125,-0.0191613000270755,-0.012223717129774214,0.11444882156042269,2829.1783349609377,2190.774793701172,50.39026735991534,13.020000457763672,13.970000267028809,75.81999969482422,1
2014-11-26,2980.52880859375,-0.0014747743732618224,-0.017119630828297483,0.09240887768345263,2835.86455078125,2198.601759033203,49.04420090375526,13.529999732971191,14.40999984741211,75.63999938964844,1
2014-11-27,2961.878173828125,-0.006257491862467379,-0.030063053061438527,0.1002125090019097,2842.2803125,2205.848170776367,45.53603635753375,12.989999771118164,14.06999969482422,74.61000061035156,1
2014-11-28,3036.9814453125,0.025356637605153942,0.0008374723541195728,0.12558644483475678,2850.2535009765625,2213.641569213867,55.6107734018377,12.739999771118164,14.350000381469728,74.58000183105469,1
2014-12-01,3075.962158203125,0.012835347726865676,0.016084504638742114,0.14417122618202072,2858.8220556640626,2221.628291015625,58.26345707682335,12.899999618530272,14.170000076293944,75.58000183105469,1
2014-12-02,3046.6474609375,-0.009530252895812552,0.0005365457231243376,0.13326698504039425,2865.8114208984375,2229.5486364746093,49.60331069971871,13.199999809265137,13.850000381469728,76.51000213623047,1
2014-12-03,3078.094970703125,0.010322004816385233,0.011452111390780173,0.15480860472699431,2873.5967333984377,2237.621024169922,58.5309660184548,12.399999618530272,13.020000457763672,75.77999877929688,1
2014-12-04,3092.027099609375,0.004526218014341277,0.03587895154019494,0.15835926200887385,2881.883046875,2245.821585083008,60.08359779299581,12.369999885559082,13.529999732971191,74.08999633789062,1
2014-12-05,3094.976318359375,0.0009538140045319832,0.03839839072705442,0.13529957632992895,2889.9224951171873,2253.887787475586,59.18914419870158,12.449999809265137,12.989999771118164,73.69000244140625,1
2014-12-08,3067.521484375,-0.008870773524667475,0.03566767582825148,0.09888782431533616,2896.0423779296875,2261.7026293945314,51.99731952602681,11.949999809265137,12.739999771118164,73.69000244140625,1
2014-12-09,3028.222900390625,-0.012811184594647473,-0.0028839639225960445,0.05015417968289304,2900.6556689453123,2269.2129907226563,49.15187290016439,12.210000038146973,12.899999618530272,66.1500015258789,1
2014-12-10,3016.2880859375,-0.003941194174175711,-0.019400132120118374,0.04849042338346088,2905.324326171875,2276.712022705078,48.52113065022645,12.5,13.199999809265137,69.0,1
2014-12-11,3032.3525390625,0.005325901461433746,-0.004692017064094833,0.06021235290698246,2910.394130859375,2284.4289605712893,48.287257273376994,12.239999771118164,12.399999618530272,66.87999725341797,1
2014-12-12,3067.0224609375,0.011433341416733356,-0.003597195626194649,0.05425228542576721,2915.9758154296874,2292.348391113281,52.95380671958503,12.770000457763672,12.369999885559082,67.37999725341797,1
2014-12-15,3057.447509765625,-0.0031219044835257836,-0.011183469203138174,0.03965744524124015,2921.6301025390626,2300.2102325439455,60.24888998077393,13.75,12.449999809265137,66.80999755859375,1
2014-12-16,3003.990478515625,-0.017484202452946684,-0.029397911481268135,-0.008210407614576698,2926.5646728515626,2307.704030761719,52.912085614389795,14.020000457763672,11.949999809265137,65.83999633789062,1
2014-12-17,2960.5166015625,-0.014472042193225287,-0.034883173062535855,-0.0075757581957637266,2931.1716015625,2314.7873010253907,49.840809874411924,16.309999465942383,12.210000038146973,63.04999923706055,1
2014-12-18,3072.468017578125,0.037814824600726604,0.014610918232535797,0.029295110156111415,2937.024658203125,2322.4770928955077,53.81983371254945,16.93000030517578,12.5,63.81999969482422,1
2014-12-19,3048.96142578125,-0.007650719767427927,0.010832300799144212,0.021606507434013933,2944.075732421875,2330.1162231445314,46.99343800411803,14.600000381469728,12.239999771118164,60.93999862670898,1
2014-12-22,3079.910400390625,0.010150661253920168,0.015683486901832522,0.02590852863807691,2952.3320849609377,2337.944889526367,53.69043420601423,14.510000228881836,12.770000457763672,59.95000076293945,1
2014-12-23,3084.629638671875,0.0015322647959665758,0.005740804952889977,0.020937197538304142,2960.4568359375,2345.757389526367,50.77071390809482,14.210000038146973,13.75,57.810001373291016,1
2014-12-24,3054.498046875,-0.009768301328339835,-0.0009646814479085108,0.0017114699874649641,2966.9787890625,2353.4481494140623,45.73664781630746,15.300000190734863,14.020000457763672,55.90999984741211,1
2014-12-26,3025.091796875,-0.009627195548573053,0.007024429175222169,0.0013669945055954091,2973.6386962890624,2361.0549090576174,42.51118298125278,15.06999969482422,16.309999465942383,55.93000030517578,1
2014-12-29,3037.88916015625,0.004230404939932653,0.026134816657644944,0.005301279887008681,2980.433828125,2369.064753417969,46.721617005001285,14.649999618530272,16.93000030517578,56.470001220703125,1
2014-12-30,3037.934326171875,1.4867565353293699e-05,-0.011239723638676424,0.0018108207570040058,2987.425,2377.1055499267577,51.176624403080076,14.579999923706056,14.600000381469728,54.11000061035156,1
2014-12-31,3022.096923828125,-0.005213214192061444,-0.008811033726424222,-0.010343001426780796,2994.099423828125,2384.998480834961,50.69719848868535,14.859999656677246,14.510000228881836,56.52000045776367,1
2015-01-01,3032.034912109375,0.003288441281579235,-0.015544441901679362,-0.0007926580490715818,3001.4309423828126,2392.8145880126954,49.96130820498027,15.119999885559082,14.210000038146973,55.2599983215332,1
2015-01-02,3049.143310546875,0.005642546650492797,-0.011504242739585169,0.00722541790937159,3009.0274853515625,2400.603053588867,47.724698207857685,15.029999732971191,15.300000190734863,57.119998931884766,1
2015-01-05,3129.1923828125,0.026252971445696938,0.02445388236994228,0.027644772736165057,3017.0886962890627,2408.409514770508,57.74163380252007,13.800000190734863,15.06999969482422,55.84000015258789,1
2015-01-06,3081.4990234375,-0.015241427672188501,0.01864645119885955,0.012570672175369335,3022.889111328125,2415.6790753173827,58.46890426957084,14.149999618530272,14.649999618530272,54.72999954223633,1
2015-01-07,3120.071044921875,0.012517291484112514,0.02705229863007852,0.04527412555760013,3027.618564453125,2423.353630371094,67.6223480932481,17.420000076293945,14.579999923706056,53.61000061035156,1
2015-01-08,3154.332763671875,0.010981070064338239,0.038314994665034297,0.05831312704544134,3033.16939453125,2431.1547625732424,60.914858905434805,18.13999938964844,14.859999656677246,54.119998931884766,1
2015-01-09,3147.70703125,-0.0021005178965842752,0.041563891095446115,0.06274020959535198,3038.9207958984375,2438.99822265625,63.786114833958,16.469999313354492,15.119999885559082,53.27000045776367,1
2015-01-12,3142.89697265625,-0.0015281150837724855,0.036563583125020394,0.03487526323456058,3043.594892578125,2446.8578454589842,59.486062096417776,15.960000038146973,15.029999732971191,53.27000045776367,1
2015-01-13,3147.752685546875,0.0015449799763944672,0.03234002634737232,0.023339210189012194,3047.733505859375,2454.155495605469,59.502709473306616,16.110000610351562,13.800000190734863,52.68999862670898,1
2015-01-14,3191.09033203125,0.013767805419835799,0.019780806561697117,0.04741043161236069,3050.9781396484377,2461.662830810547,69.77661427609961,16.479999542236328,14.149999618530272,50.040000915527344,1
2015-01-15,3290.743896484375,0.031228688029552476,0.06790359868862028,0.06908458894388003,3057.1306982421875,2469.7280755615234,81.96120751693213,17.25,17.420000076293945,47.93000030517578,1
2015-01-16,3282.393798828125,-0.0025374498651112853,0.05202533902887918,0.061566956914058,3063.07814453125,2477.697349853516,79.73511019161874,16.15999984741211,18.13999938964844,48.650001525878906,1
2015-01-19,3291.152099609375,0.002668266307466416,0.04337504828698924,0.06338522853512218,3069.211640625,2485.63021484375,80.1556657808584,17.270000457763672,16.469999313354492,48.790000915527344,1
2015-01-20,3272.36474609375,-0.005708442802705771,0.03960270559050305,0.06677810172223997,3074.6163427734373,2493.3995623779297,79.59640672990363,17.649999618530273,15.960000038146973,48.36000061035156,1
2015-01-21,3298.8212890625,0.00808483925892789,0.04961165375856047,0.08935880797842488,3080.1653564453127,2501.1412438964844,80.36358826821262,17.270000457763672,16.110000610351562,46.06999969482422,1
2015-01-22,3264.832275390625,-0.010303381327314787,0.037194659663489116,0.08240068003181933,3084.476416015625,2508.719983520508,73.63972736749945,17.709999084472656,16.479999542236328,45.88999938964844,1
2015-01-23,3273.408447265625,0.0026268338314481277,0.02579623472519388,0.0794946844398412,3089.525341796875,2516.3603546142576,68.74263489446601,18.56999969482422,17.25,48.47999954223633,1
2015-01-27,3347.105224609375,0.02251377380213926,0.01712723016373685,0.09132074095938036,3096.03005859375,2524.1868963623047,82.3333747435883,17.889999389648438,16.15999984741211,46.25,0
2015-01-28,3381.5029296875,0.010276852016846805,0.03019416222841964,0.10598887434267557,3103.0112548828124,2532.3702252197268,82.15198272937178,18.09000015258789,17.270000457763672,48.68999862670898,0
2015-01-29,3347.922119140625,-0.009930735310638483,0.017249284692125944,0.11449158813411042,3108.89607421875,2540.3750317382815,73.84836742525862,19.770000457763672,17.649999618530273,48.68999862670898,0
2015-01-30,3310.30224609375,-0.011236782609665874,0.011593298102018146,0.1181502053886947,3114.4133154296874,2548.162370605469,68.60912318977455,19.43000030517578,17.270000457763672,46.38999938964844,1
2015-02-02,3330.359619140625,0.006059076046769807,0.009560484583597484,0.08393630139908925,3120.475107421875,2556.106474609375,70.73165463469108,20.170000076293945,17.709999084472656,47.77999877929688,0
2015-02-03,3274.45263671875,-0.016787070711691277,0.0029466632637273893,0.07395672802902764,3125.06388671875,2563.8715765380857,62.59021813440907,20.40999984741211,18.56999969482422,46.310001373291016,1
2015-02-04,3228.80078125,-0.013941828004113921,-0.013627283834037662,0.048342439065919285,3128.7750341796873,2571.283939819336,53.73014447059005,19.809999465942383,17.889999389648438,45.59000015258789,1
2015-02-05,3197.17138671875,-0.009796019226371966,-0.044795077486135204,0.036484687378978586,3133.01984375,2578.4141290283205,39.304978321033985,20.049999237060547,18.09000015258789,46.22999954223633,1
2015-02-06,3178.9287109375,-0.00570587984648907,-0.05990656313544018,0.04073686155727052,3136.987841796875,2585.562673339844,38.43580016688961,20.6200008392334,19.770000457763672,44.45000076293945,1
2015-02-09,3096.0654296875,-0.026066416955151772,-0.0752277623225518,0.023461645985691337,3139.6715869140626,2592.335306396484,31.294036237003624,20.690000534057617,19.43000030517578,44.52999877929688,1
2015-02-10,3080.22802734375,-0.00511533192802982,-0.06950248093553812,0.013936936127492583,3140.5365185546875,2598.9923809814454,31.472078350127134,22.020000457763672,20.170000076293945,48.2400016784668,1
2015-02-11,3135.5,0.017944117177556507,-0.05851008342183395,0.032115794270993536,3141.727275390625,2605.853071899414,35.0799436888111,21.190000534057617,20.40999984741211,49.56999969482422,1
2015-02-12,3223.67236328125,0.028120670796125014,-0.015508018918357513,0.06670052104013502,3145.2677734375,2612.987671508789,46.57858730730188,20.5,19.809999465942383,53.04999923706055,1
2015-02-13,3282.71142578125,0.01831422546921191,0.016696801129482797,0.08267599844273565,3149.3601025390626,2620.474849243164,50.71345412904673,20.15999984741211,20.049999237060547,48.45000076293945,1
2015-02-16,3242.006591796875,-0.012399760047347996,0.014023397452001873,0.06325162893554159,3152.3596923828127,2627.729357910156,41.510276398598364,20.100000381469727,20.6200008392334,50.47999954223633,1
2015-02-18,3235.51708984375,-0.002001693016153938,0.01780108459543328,0.03397832220711394,3155.1705078125,2634.9514190673826,37.65066013716578,20.82999992370605,20.690000534057617,51.68999862670898,1
2015-02-19,3262.926025390625,0.008471268976730562,0.05389440226396225,0.05887621594983927,3159.0785986328124,2642.42732421875,42.734078770079456,20.90999984741211,22.020000457763672,52.86000061035156,1
2015-02-20,3219.543701171875,-0.013295527965135667,0.04522901310922256,0.03188153565025331,3162.9050146484374,2649.7122979736328,42.31716566742514,20.399999618530277,21.190000534057617,50.02000045776367,1
2015-02-23,3218.22705078125,-0.00040895558900033713,0.026384005989874115,0.020256038882529692,3166.9437939453123,2657.1440856933596,40.19678362211124,21.270000457763672,20.5,48.84000015258789,1
2015-02-24,3256.708984375,0.011957494914601519,0.010248132369172769,0.034629002014114896,3171.4309228515626,2664.7389135742187,48.40000880591757,21.6299991607666,20.15999984741211,51.209999084472656,1
2015-02-25,3249.08544921875,-0.002340870858534183,-0.010243354410751304,0.033786814358331974,3175.0721826171875,2672.474548950195,51.96380320652575,21.549999237060547,20.100000381469727,52.77999877929688,1
2015-02-26,3173.709716796875,-0.023199061274303934,-0.02106623569884436,0.008246210500965745,3177.3974267578124,2679.768016357422,47.905994061764446,20.780000686645508,20.82999992370605,52.77999877929688,1
2015-02-27,3271.3212890625,0.030756301292778954,0.011065989832394596,0.02514217671180119,3182.74404296875,2687.493514404297,57.22292034709106,20.57999992370605,20.90999984741211,52.13999938964844,1
2015-03-02,3368.478759765625,0.029699764137495865,0.03234910431730165,0.023622276824488475,3190.9032861328124,2695.835831298828,70.83074303700343,19.56999969482422,20.399999618530277,51.15999984741211,0
2015-03-03,3365.9375,-0.0007544235682821476,0.045470356179616145,0.025452065258501744,3196.77267578125,2704.09608581543,72.30094168619303,15.850000381469728,21.270000457763672,50.34000015258789,0
2015-03-04,3338.482666015625,-0.008156667788506211,0.03736703884991033,0.01438115437201093,3202.5631005859377,2711.8655084228517,66.56298247116877,15.489999771118164,21.6299991607666,49.45000076293945,0
2015-03-05,3338.801025390625,9.536049961877957e-05,0.025207054547853547,0.020302223148009668,3207.7409130859373,2719.297423095703,60.96659790745646,15.199999809265137,21.549999237060547,49.27999877929688,0
2015-03-09,3332.038818359375,-0.0020253399288623353,0.02553129809515209,0.010069514649675204,3212.6890966796873,2726.512760620117,55.21840353450017,14.4399995803833,20.780000686645508,50.9900016784668,0
2015-03-10,3309.7578125,-0.006686898644940098,0.04286721466147014,0.013760442595477596,3217.7942919921875,2733.639963378906,57.45821519276509,15.8100004196167,20.57999992370605,48.16999816894531,0
2015-03-11,3318.5615234375,0.002659926023665715,0.014440719880662645,0.0137939022579332,3223.6636865234377,2740.66366027832,59.09538671503992,15.529999732971191,19.56999969482422,49.7599983215332,0
2015-03-12,3344.654541015625,0.007862749385190382,-0.007072693773392702,-0.0007321800270070344,3229.798994140625,2747.6628454589845,58.97713827839319,15.130000114440918,15.850000381469728,49.59000015258789,1
2015-03-13,3313.34228515625,-0.009361880420052815,-0.015625725327267692,-0.020156908318145095,3235.3071533203124,2754.2230743408204,60.58355715328568,14.75,15.489999771118164,50.52000045776367,1
2015-03-16,3310.0302734375,-0.0009995984216867315,-0.008522552136561501,-0.011318018865042023,3241.0658203125,2760.8600457763673,60.31198169420726,14.970000267028809,15.199999809265137,51.52999877929688,1
2015-03-17,3323.190185546875,0.003975767900064708,-0.004675582559438007,0.003893281789701497,3246.88892578125,2767.6748706054686,57.918069424825056,15.18000030517578,14.4399995803833,50.7599983215332,1
2015-03-18,3326.230712890625,0.0009149423216805452,-0.0017431085846741912,-0.0012397778985397956,3252.430673828125,2774.072947998047,59.28959869046549,15.130000114440918,15.8100004196167,50.0,1
2015-03-19,3317.245361328125,-0.002701361492357668,0.0022622648702108616,0.013068665012744507,3256.1917333984375,2779.8791577148436,70.57366137979398,15.510000228881836,15.529999732971191,48.290000915527344,0
2015-03-20,3288.97412109375,-0.008522505016950621,-0.008915731148808725,0.018636436225233588,3260.3412353515623,2785.745301513672,53.15800783365536,15.199999809265137,15.130000114440918,48.16999816894531,0
2015-03-23,3262.245361328125,-0.008126777159540688,-0.0246390706953179,0.020353608467690076,3263.1847216796873,2791.655144042969,24.593146551321453,14.260000228881836,14.75,47.04999923706055,1
2015-03-24,3255.8017578125,-0.0019752050511006036,-0.017366309421616655,0.02418206064530759,3265.2141015625,2797.4970739746095,24.14250864369629,14.270000457763672,14.970000267028809,44.84000015258789,1
2015-03-25,3280.715087890625,0.007651980044037998,-0.00885647052298133,0.0596401020574564,3267.8742626953126,2803.4820947265625,36.27361347345754,13.670000076293944,15.18000030517578,43.880001068115234,0
2015-03-26,3232.340087890625,-0.014745260927581327,-0.027338217972408763,0.049383376554121394,3269.663125,2809.379090576172,29.406503189634492,13.140000343322754,15.130000114440918,43.459999084472656,1
2015-03-27,3276.448974609375,0.013646115668334513,-0.014966411706898053,0.044952631034723245,3272.23705078125,2815.259420166016,40.604383542651156,15.15999984741211,15.510000228881836,44.65999984741211,1
2015-03-30,3322.645751953125,0.014099648034121337,0.0016279744296145982,0.030702061971066286,3274.8681591796876,2821.3140283203124,52.01535039662572,14.5,15.199999809265137,43.959999084472656,1
2015-03-31,3355.68212890625,0.009942792406835821,0.02028231459307328,0.0222287900641871,3276.166923828125,2827.374772949219,55.39579681034544,14.260000228881836,14.260000228881836,45.720001220703125,1
2015-04-01,3307.89697265625,-0.0142400723353302,0.013993923286487409,0.0203239503047572,3276.6769873046874,2833.1552502441405,44.97393143590418,14.489999771118164,14.270000457763672,47.45000076293945,1
2015-04-06,3293.602783203125,-0.004321231758813382,0.011610358431657808,0.01795252250148982,3276.7260009765623,2838.8152319335936,47.169161283546025,13.670000076293944,13.670000076293944,47.5099983215332,1
2015-04-07,3267.237060546875,-0.008005131277733724,-0.004108259017522875,0.0013212175583214858,3276.623447265625,2844.1486486816407,44.243656662745494,14.56999969482422,13.140000343322754,49.209999084472656,1
2015-04-08,3293.375732421875,0.008000237323037895,0.018882804058864,0.022932451956817923,3276.5145361328123,2849.4810485839844,46.12480833477188,14.25,15.15999984741211,51.43000030517578,1
2015-04-09,3321.05712890625,0.00840517412327535,0.01361478681418915,0.03195240003343991,3277.639033203125,2855.023016357422,49.368033863913304,14.350000381469728,14.5,48.869998931884766,1
2015-04-10,3327.7734375,0.002022340578032189,0.0015432537591046902,0.02182094054640804,3278.7263330078126,2860.452625732422,51.29319936016276,14.420000076293944,14.260000228881836,48.68000030517578,1
2015-04-13,3326.5029296875,-0.00038178915613151787,-0.00869545984925002,0.023827468276454544,3278.314287109375,2866.2260510253905,54.937290583180875,14.260000228881836,14.489999771118164,47.59999847412109,1
2015-04-15,3340.161865234375,0.004106094549015893,0.009753898880416445,0.052447187452762556,3277.4874658203125,2872.168078613281,60.615765349228624,14.489999771118164,13.670000076293944,50.09000015258789,1
2015-04-16,3338.029296875,-0.0006384625791856502,0.013488728482512702,0.020391762813250613,3277.289609375,2877.948983154297,61.33629347995842,14.619999885559082,14.56999969482422,52.13999938964844,1
2015-04-17,3309.802978515625,-0.008455982811714668,0.013028108208843925,-0.017419074138405044,3277.2796240234375,2883.4959033203127,53.97389869266658,14.949999809265137,14.25,53.97999954223633,1
2015-04-20,3274.634033203125,-0.010625691480969257,-0.005690726094276455,-0.0271257166233404,3276.1651123046877,2889.115262451172,55.99436674302245,15.039999961853027,14.350000381469728,50.41999816894531,1
2015-04-21,3167.62890625,-0.03267697271455294,-0.04619860987058044,-0.051177069602560965,3274.0286376953127,2894.261270751953,36.910501681826695,16.299999237060547,14.420000076293944,50.790000915527344,1
2015-04-22,3142.942138671875,-0.007793453181784038,-0.05554203202216201,-0.05866144320350308,3272.31146484375,2899.2210412597656,27.204634476880884,17.030000686645508,14.260000228881836,51.63999938964844,1
2015-04-23,3171.531494140625,0.009096367100423608,-0.04658689284889139,-0.048170904652839686,3271.7986669921875,2904.1687780761717,26.373980215411578,17.209999084472656,14.489999771118164,51.90999984741211,1
2015-04-24,3214.143310546875,0.013435722295356278,-0.037728277781728825,-0.028888670219922585,3272.502958984375,2909.074743652344,37.809844816497716,18.5,14.619999885559082,56.38999938964844,1
2015-04-27,3311.25537109375,0.030213979640612676,-0.008020878009164067,-0.002201602197864916,3276.8067578125,2914.3944287109375,51.888524675799566,19.11000061035156,14.949999809265137,56.709999084472656,1
2015-04-28,3469.35791015625,0.047747008715391503,0.04820677625717229,0.03728437948116392,3284.58935546875,2920.6501147460935,66.8686700742771,18.739999771118164,15.039999961853027,55.7400016784668,0
2015-04-29,3418.16943359375,-0.014754452520637895,0.04383250126128568,0.031637886887547095,3290.242744140625,2926.7192126464843,59.99707415110288,17.40999984741211,16.299999237060547,56.380001068115234,0
2015-04-30,3381.54833984375,-0.010713656669587013,0.06753298442619604,0.02160646897406715,3293.400263671875,2931.952535400391,54.777451275287866,17.239999771118164,17.030000686645508,55.2599983215332,1
2015-05-04,3410.50048828125,0.008561802324800638,0.08512989988496522,0.026273038213131095,3295.956044921875,2937.067879638672,56.31189419041226,17.229999542236328,17.209999084472656,56.15999984741211,1
2015-05-05,3442.5380859375,0.009393811191739765,0.08544975583485681,0.03496671851297983,3299.9666748046875,2942.3978576660156,58.456217262582555,17.309999465942383,18.5,57.7400016784668,0
2015-05-06,3298.685302734375,-0.041786838551112204,0.026303118442194018,-0.005595021342141293,3301.2300390625,2946.9516418457033,47.45943938024486,17.360000610351562,19.11000061035156,57.150001525878906,1
2015-05-07,3216.1396484375,-0.025023803946514822,-0.02872497346069447,-0.022145042792866,3300.2943115234375,2951.1091882324217,43.203437296992064,19.670000076293945,18.739999771118164,56.9900016784668,1
2015-05-08,3276.903076171875,0.01889328026035675,-0.0554727528748129,0.004493136849088142,3301.4414990234377,2955.792854003906,48.229737178540674,19.649999618530277,17.40999984741211,57.060001373291016,1
2015-05-11,3314.25,0.01139701814792593,-0.03040207210690915,0.01795202734541501,3303.3619580078125,2960.993994140625,52.12665320954035,19.11000061035156,17.239999771118164,58.58000183105469,1
2015-05-12,3246.861572265625,-0.02033293436957828,-0.03982991045585593,-0.010318944107629457,3303.165009765625,2965.7892883300783,54.44229358830423,18.6299991607666,17.229999542236328,59.630001068115234,1
2015-05-13,3271.048828125,0.007449426260109249,-0.040888913705016905,0.011975454061715407,3303.60427734375,2970.8277392578125,57.18651142240677,20.549999237060547,17.309999465942383,58.93000030517578,1
2015-05-14,3309.531005859375,0.011764476703465698,-0.03863634236072755,0.010096916358645291,3306.320703125,2976.036009521484,57.656495680093975,20.690000534057617,17.360000610351562,60.400001525878906,1
2015-05-15,3331.94873046875,0.006773686232183884,0.010083843920122293,0.0027998707085028496,3307.533251953125,2981.3166076660154,56.68590513303196,20.700000762939453,19.670000076293945,60.93000030517578,1
2015-05-18,3355.90869140625,0.007190975274739442,0.04345863620587931,6.751607908528356e-05,3307.2818505859377,2986.4743725585936,52.763726609564756,19.81999969482422,19.649999618530277,58.93999862670898,1
2015-05-19,3364.213134765625,0.002474573691662263,0.02664407721687856,0.017024763036725732,3307.24736328125,2991.726975097656,42.01085938268101,17.899999618530273,19.11000061035156,59.38999938964844,1
2015-05-20,3368.886962890625,0.0013892782465834141,0.01648546817247487,0.022857698588135023,3307.85544921875,2997.164475097656,45.970582563923216,18.270000457763672,18.6299991607666,59.25,1
2015-05-21,3356.3623046875,-0.003717743676498575,0.03372510037299392,0.027278474897596494,3308.2066748046873,3002.4636682128908,47.856277809040364,17.719999313354492,20.549999237060547,60.75,1
2015-05-22,3360.401123046875,0.0012033320579647455,0.02731609939711377,0.020351577247978092,3308.7739208984376,3007.909344482422,45.54691056843527,17.40999984741211,20.690000534057617,60.5,1
2015-05-25,3351.507080078125,-0.0026467206274130017,0.012683390530088268,0.0091687525959252,3309.60890625,3013.4160534667967,41.56151651585728,16.950000762939453,20.700000762939453,59.880001068115234,1
2015-05-26,3382.093017578125,0.009126025029697171,0.01504953742260029,0.01632310044488272,3310.8795361328125,3019.0366076660157,59.78703533941421,16.93000030517578,19.81999969482422,59.68999862670898,1
2015-05-27,3377.963134765625,-0.0012211026695704286,0.0065718246196184715,0.015469760936888566,3311.5457080078127,3024.5886193847655,73.27072840372175,17.06999969482422,17.899999618530273,59.43000030517578,1
2015-05-28,3366.1640625,-0.0034929547170572395,0.0005799061047038201,0.007784711733962668,3312.6021435546877,3030.0988037109373,64.93991963132075,17.280000686645508,18.270000457763672,57.2599983215332,1
2015-05-29,3435.86767578125,0.0207071348832244,0.019882149098037205,0.029310221752051335,3315.1188916015626,3035.745372314453,68.36626493941645,17.1299991607666,17.719999313354492,58.97999954223633,1
2015-06-01,3524.039794921875,0.02566225694957147,0.04995810196062456,0.06472796652758173,3319.1358837890625,3041.961121826172,89.38605705785298,16.65999984741211,17.40999984741211,60.720001220703125,1
2015-06-02,3477.344482421875,-0.013250506582612287,0.034800416704112935,0.06190323778577067,3322.1581591796876,3047.663483886719,77.55152213904832,16.90999984741211,16.950000762939453,59.720001220703125,1
2015-06-03,3428.1533203125,-0.014146186079072254,0.022869186429583355,0.0822458759447684,3324.376318359375,3052.850146484375,65.4018718962602,16.81999969482422,16.93000030517578,59.720001220703125,1
2015-06-04,3423.47900390625,-0.0013635085626286791,0.012236797188316606,0.08925931590739444,3327.066416015625,3057.922393798828,62.45827944497539,17.510000228881836,17.06999969482422,58.02999877929688,1
2015-06-05,3412.043212890625,-0.003340400511461117,0.010088943178287346,0.07583456736732486,3330.062373046875,3063.0678173828123,57.91021464129549,18.1200008392334,17.280000686645508,57.5099983215332,1
2015-06-08,3379.41552734375,-0.009562506542592497,0.003936666364950936,0.05142030109688989,3332.5346484375,3067.9940747070314,52.00481911263677,18.09000015258789,17.1299991607666,57.68000030517578,1
2015-06-09,3351.098388671875,-0.008379300634311915,-0.024671871884617946,0.012032601872372206,3333.942314453125,3072.8998376464842,47.791827744259095,18.88999938964844,16.65999984741211,60.29999923706055,1
2015-06-10,3396.705078125,0.013609474913447661,-0.036133166538120154,-0.020941290553668446,3337.2296142578125,3077.844091796875,54.627827908565926,18.010000228881836,16.90999984741211,60.20000076293945,1
2015-06-11,3359.357666015625,-0.010995188351763274,-0.033930148998086995,-0.017205632640712065,3338.8877880859377,3082.6029638671876,49.888799965864656,17.079999923706055,16.81999969482422,61.2599983215332,1
2015-06-12,3391.486328125,0.009563930162721057,-0.010695843727362098,0.0029388869483701896,3340.264599609375,3087.5825732421877,54.059509224658655,17.809999465942383,17.510000228881836,59.63999938964844,1
2015-06-15,3419.258544921875,0.008188803996219907,-0.0012327982673646654,0.0025679681532719822,3341.5361279296876,3092.630556640625,53.79549078839896,17.479999542236328,18.1200008392334,58.0,1
2015-06-16,3439.4072265625,0.005892704917137337,0.008019832096057389,-0.00090946252353441,3344.1663330078127,3097.6121069335936,56.07611518774092,17.520000457763672,18.09000015258789,59.130001068115234,1
2015-06-17,3456.78759765625,0.0050533042320553,0.022895104104973862,0.047928880875911295,3347.430029296875,3102.4738439941407,58.86378397997975,17.170000076293945,18.88999938964844,58.13999938964844,1
2015-06-18,3504.300048828125,0.013744683417658887,0.04571684933934983,0.08959822392371009,3352.1712890625,3107.624879150391,56.99703192984471,16.729999542236328,18.010000228881836,60.13999938964844,1
2015-06-19,3573.50390625,0.01974826825831233,0.05205009680222039,0.09051254284414734,3357.7738525390623,3113.0645532226563,55.2616721316414,16.020000457763672,17.079999923706055,61.43000030517578,1
2015-06-22,3612.802490234375,0.010997213103822956,0.07544442998216061,0.09008146344855539,3363.608759765625,3118.681287841797,64.63951864755245,15.09000015258789,17.809999465942383,60.77000045776367,1
2015-06-23,3645.9296875,0.009169390619932827,0.07502414421221326,0.12290887872867007,3369.971884765625,3124.2332263183594,74.38262493467074,15.489999771118164,17.479999542236328,59.959999084472656,1
2015-06-24,3638.8046875,-0.0019542340666710567,0.0642086989602424,0.11242750527383638,3376.217919921875,3129.9006787109374,73.97666637306618,15.039999961853027,17.520000457763672,59.52000045776367,1
2015-06-25,3658.95361328125,0.005537237502871717,0.0638326235472193,0.10558070216089166,3382.5937548828124,3135.6287133789065,76.97030758063131,15.920000076293944,17.170000076293945,59.970001220703125,1
2015-06-26,3693.85107421875,0.009537552159947893,0.06857912725769788,0.10861582005767723,3389.7101904296874,3141.462032470703,84.17668849709695,15.93000030517578,16.729999542236328,59.91999816894531,1
2015-06-29,3624.283203125,-0.018833426062923708,0.03423883589448873,0.07997074306759266,3395.999794921875,3146.365290527344,77.24951940474863,15.760000228881836,16.020000457763672,60.45000076293945,1
2015-06-30,3651.556640625,0.007525194906536026,0.021842073332699385,0.0854118019128991,3403.5382470703125,3151.394705810547,76.38585706413762,17.299999237060547,15.09000015258789,59.61000061035156,1
2015-07-01,3659.13525390625,0.002075447275535769,0.012824604665523598,0.08615554460948194,3413.3683740234374,3156.4915124511717,83.07610832488847,16.93000030517578,15.489999771118164,59.68000030517578,1
2015-07-02,3624.374267578125,-0.009499781756090231,-0.0059121874993304235,0.07985191661708257,3422.9970166015623,3161.463524169922,75.5474067444089,15.850000381469728,15.039999961853027,61.0099983215332,1
2015-07-03,3629.365478515625,0.0013771234891906126,-0.0025940411192720836,0.08003936007046675,3432.1536962890623,3166.5376354980467,74.26094987223928,15.5600004196167,15.920000076293944,60.27000045776367,1
2015-07-06,3619.427978515625,-0.002738081920607316,-0.010802442157822112,0.07994042442281057,3440.2593896484377,3171.403685302734,71.28893990829211,16.309999465942383,15.93000030517578,59.70000076293945,1
2015-07-07,3605.087646484375,-0.003962043758398259,-0.024030050467897746,0.06593391362900292,3446.13603515625,3176.223673095703,67.66471767544847,16.020000457763672,15.760000228881836,59.630001068115234,1
2015-07-08,3584.076904296875,-0.00582808082571562,-0.011093586393430166,0.06101717553100272,3448.4304150390626,3180.9524475097655,60.142972436056624,16.309999465942383,17.299999237060547,58.33000183105469,1
2015-07-09,3571.960693359375,-0.003380566673380825,-0.021797812576721087,0.06113683915528845,3451.506240234375,3185.574578857422,49.77047413558331,17.790000915527344,16.93000030517578,59.470001220703125,1
2015-07-10,3570.826171875,-0.00031761869230084727,-0.02413386658418193,0.039279305499756445,3455.291796875,3189.9428137207033,42.957230129218146,17.440000534057617,15.850000381469728,56.959999084472656,1
2015-07-13,3662.356689453125,0.02563286846586066,0.010479718448166864,0.03924952684432337,3460.3289208984374,3194.8104504394532,52.304487594434846,17.06999969482422,15.5600004196167,56.93000030517578,1
2015-07-14,3676.333740234375,0.0038164089318502015,0.012941177182838937,0.05722448805932201,3465.004833984375,3199.803562011719,55.16551462261456,16.270000457763672,16.309999465942383,56.93000030517578,1
2015-07-15,3768.454345703125,0.025057737403045843,0.041174010940982386,0.0992665711227887,3474.40021484375,3205.1808142089844,62.579435708472,16.010000228881836,16.020000457763672,52.52999877929688,1
2015-07-16,3792.0517578125,0.006261827779944218,0.05186118332253287,0.1076602933699029,3485.91845703125,3210.333436279297,61.581989880480016,15.56999969482422,16.309999465942383,52.33000183105469,1
2015-07-17,3805.529541015625,0.0035542192100510572,0.06178791433109465,0.11532278566649357,3496.490986328125,3215.3732922363283,74.63610895592423,14.779999732971191,17.790000915527344,51.650001525878906,1
2015-07-20,3790.145751953125,-0.004042483154235166,0.06108271543955612,0.12153883453693326,3506.0089013671877,3220.4097448730467,69.46709913093338,14.800000190734863,17.440000534057617,52.77999877929688,1
2015-07-21,3769.08984375,-0.005555434957158156,0.05552319332612421,0.12473267167896718,3516.453466796875,3225.3608825683596,64.88147004633876,14.960000038146973,17.06999969482422,52.7400016784668,0
2015-07-22,3803.85009765625,0.009222452991904717,0.03863452421513136,0.11986469539357136,3527.1094921875,3230.4404418945314,74.29065933739139,15.100000381469728,16.270000457763672,52.20000076293945,0
2015-07-23,3842.785888671875,0.010235889957812772,0.04527666969291211,0.14390495764912736,3537.77458984375,3235.780705566406,76.45411859550501,15.130000114440918,16.010000228881836,53.040000915527344,0
2015-07-24,3842.922119140625,3.545096518431379e-05,0.019760826749144478,0.1331085392478062,3547.9940576171875,3241.209006347656,78.3926723784995,15.520000457763672,15.56999969482422,51.40999984741211,0
2015-07-27,3792.006591796875,-0.013249169711286313,-1.1910706527618053e-05,0.10901429124995188,3556.716015625,3246.5181884765625,71.72706344954095,15.460000038146973,14.779999732971191,50.90999984741211,0
2015-07-28,3809.114990234375,0.004511700605824398,0.0009421682791070918,0.10749170985529899,3565.614052734375,3251.6646875,76.39742943548387,16.3700008392334,14.800000190734863,50.88999938964844,0
2015-07-29,3878.7724609375,0.018287048535344574,0.023383456675433623,0.12207428178906965,3575.8117626953126,3257.576511230469,81.70910608500466,15.920000076293944,14.960000038146973,50.150001525878906,1
2015-07-30,3899.420166015625,0.00532325762494823,0.034578725280784095,0.1127529354455914,3586.672919921875,3263.7381481933594,82.64366115540119,15.880000114440918,15.100000381469728,50.36000061035156,1
2015-07-31,3931.185791015625,0.008146243197090008,0.03347547618604452,0.10009276445453019,3598.08861328125,3270.0021166992187,80.30497518079106,15.329999923706056,15.130000114440918,49.18999862670898,1
2015-08-03,4017.950439453125,0.022070859290291622,0.04558269855669472,0.11214229128602793,3611.41748046875,3276.449866943359,83.08141943073731,14.56999969482422,15.520000457763672,48.45000076293945,0
2015-08-04,4028.615478515625,0.0026543480869694047,0.04832087500553506,0.10496247152753813,3624.3479296875,3283.132462158203,79.91240903777943,15.390000343322754,15.460000038146973,48.13999938964844,0
2015-08-05,4058.429443359375,0.00740054865070805,0.07025906867853138,0.11531939521262768,3637.957255859375,3289.933946533203,80.19551701253724,14.829999923706056,16.3700008392334,47.38999938964844,0
2015-08-06,4040.685791015625,-0.004372048988749322,0.06079385930194814,0.10432823645229217,3651.4476904296876,3296.695496826172,76.4010481479248,14.670000076293944,15.920000076293944,47.97999954223633,0
2015-08-07,4041.45849609375,0.00019123117165986692,0.04194266015721082,0.09410434121210987,3663.5595068359376,3303.4609106445314,79.17201102065778,14.729999542236328,15.880000114440918,48.790000915527344,1
2015-08-10,4081.572998046875,0.009925748833471193,0.046712799410218775,0.12617385819286464,3674.7101708984374,3310.5414807128905,84.73567171283774,14.90999984741211,15.329999923706056,48.52000045776367,1
2015-08-11,4088.0615234375,0.001589711955104045,0.03990544857493128,0.11953939806279101,3686.92451171875,3317.6352075195314,83.71190314296537,15.470000267028809,14.56999969482422,47.119998931884766,1
2015-08-12,4088.0615234375,0.0,0.017449464606616116,0.1172206654764556,3700.12267578125,3324.4448559570315,82.05429757418935,15.890000343322754,15.390000343322754,45.16999816894531,1
2015-08-13,4077.6708984375,-0.002541699761715699,0.012176744140383944,0.12506893532335894,3713.206513671875,3330.875819091797,79.87778314307252,17.450000762939453,14.829999923706056,45.7400016784668,1
2015-08-14,4149.9609375,0.017728267156184696,0.02255342748175493,0.14343980017060542,3727.9648681640624,3337.2076318359377,93.20793772695365,17.020000457763672,14.670000076293944,45.150001525878906,1
2015-08-17,4129.357421875,-0.004964749291691328,0.021944698361979542,0.14088674961519843,3742.9637060546875,3343.4704626464845,88.33236994388574,16.020000457763672,14.729999542236328,44.65999984741211,1
2015-08-18,4205.77734375,0.018506492431527022,0.0406583038809063,0.1666227720847253,3760.05728515625,3350.1986645507814,88.51824841028095,16.459999084472656,14.90999984741211,43.869998931884766,0
2015-08-19,4240.13037109375,0.008168056588825356,0.03884712416579306,0.18304670472063433,3776.925791015625,3356.853355712891,88.87736800963222,16.360000610351562,15.470000267028809,44.959999084472656,0
2015-08-20,4205.9130859375,-0.008069866292206407,0.028828226244722144,0.1774802264080635,3793.8568994140624,3363.1788110351563,81.17384759185107,16.68000030517578,15.890000343322754,43.08000183105469,0
2015-08-21,4145.28564453125,-0.01441481080742213,0.013997862010068918,0.16087578756448062,3808.9328857421874,3368.760946044922,65.36008806727321,16.979999542236328,17.450000762939453,43.29999923706055,0
2015-08-24,3849.8193359375,-0.0712776715359893,-0.05587786954246576,0.05118634321562143,3817.5441015625,3373.094462890625,37.21609069317564,17.110000610351562,17.020000457763672,42.22999954223633,1
2015-08-25,3810.97412109375,-0.010090139680357324,-0.081684339084517,0.03662354681944402,3824.975439453125,3377.2242260742187,32.53255143932216,28.1299991607666,16.020000457763672,42.5,1
2015-08-26,3841.150634765625,0.007918320280593916,-0.06979458488689272,0.01929074426638344,3832.6627001953125,3381.5075927734374,36.15811094972794,26.850000381469727,16.459999084472656,41.869998931884766,1
2015-08-27,3838.137451171875,-0.0007844481719821994,-0.08741306601131815,0.01215323426544157,3839.3394482421877,3385.6876318359373,35.939188899428075,25.520000457763672,16.360000610351562,42.619998931884766,1
2015-08-28,3840.05517578125,0.0004996497998761562,-0.09435445618369032,0.009072491592434506,3844.6704736328124,3389.7810546875,32.366053364392386,22.040000915527344,16.68000030517578,40.79999923706055,1
2015-08-31,3804.766845703125,-0.009189537249538526,-0.09537673081633813,0.0038576600233555247,3848.5097607421876,3393.558492431641,30.1505708458906,23.32999992370605,16.979999542236328,41.13999938964844,1
2015-09-01,3708.2138671875,-0.025376845002911597,-0.10543827731639333,-0.016151373165976923,3849.7554443359377,3396.9947509765625,26.557305516112464,24.600000381469727,17.110000610351562,40.45000076293945,1
2015-09-02,3679.4990234375,-0.007743578115622207,-0.04424111825458532,-0.03269084507177855,3850.5693310546876,3400.282899169922,25.969918785435596,28.71999931335449,28.1299991607666,38.2400016784668,1
2015-09-03,3782.899658203125,0.028101824217641624,-0.0073667419401335366,-0.015584066404867425,3853.048251953125,3404.0351818847657,28.649220982422435,26.649999618530277,26.850000381469727,39.310001373291016,1
2015-09-04,3709.903564453125,-0.01929633359206606,-0.03416868610270174,-0.03461390852158264,3853.3693017578125,3407.3162939453123,27.003361523155206,24.1200008392334,25.520000457763672,38.59999847412109,1
2015-09-07,3715.655029296875,0.0015503003632919565,-0.0319119425589105,-0.020134870721261078,3855.19673828125,3410.7223681640626,20.87186173390934,26.420000076293945,22.040000915527344,42.560001373291016,1
2015-09-08,3779.292724609375,0.017126911624124164,-0.01582332763213823,-0.00782918491603879,3857.7514599609376,3414.482481689453,23.533504337211355,26.350000381469727,23.32999992370605,45.220001220703125,1
2015-09-09,3930.71875,0.04006729206356363,0.033103711581990325,0.013392455882793586,3863.1831298828124,3418.911007080078,36.070545178453855,24.56999969482422,24.600000381469727,49.20000076293945,1
2015-09-10,3927.34033203125,-0.0008594911474523181,0.059092186344135156,0.007160081454918865,3869.242451171875,3423.3314916992185,38.28962985583991,24.299999237060547,28.71999931335449,45.40999984741211,1
2015-09-11,3942.22314453125,0.003789539800922448,0.07140214453659643,0.0028076397561391797,3875.4996044921877,3428.1179528808593,57.10818284462534,24.75,26.649999618530277,46.25,1
2015-09-14,3943.820556640625,0.00040520590814119295,0.04253903433271011,-0.018449675756227024,3881.9874560546873,3432.9344116210937,60.84046316797748,24.979999542236328,24.1200008392334,46.75,1
2015-09-15,3948.842041015625,0.0012732537657031973,0.06440557615888376,-0.019801700590544646,3888.8625439453126,3437.869230957031,59.16399221514391,24.31999969482422,26.420000076293945,46.04999923706055,1
2015-09-16,3976.780517578125,0.007075106138029863,0.07027710759539052,-0.02011835536893425,3896.7166162109374,3442.5682263183594,61.317720137530905,23.739999771118164,26.350000381469727,46.04999923706055,1
2015-09-18,4018.094970703125,0.010388919615347714,0.06318702029582335,-0.005590838159881262,3905.6393017578125,3447.2788903808596,63.65542937629462,22.0,24.56999969482422,45.93999862670898,1
2015-09-21,4099.7197265625,0.020314292333685646,0.042994929759983425,0.014415892313396794,3916.2171728515623,3452.5442517089846,71.12124171454286,18.290000915527344,24.299999237060547,44.150001525878906,1
2015-09-22,4084.015380859375,-0.0038305900770179147,0.03989342292296105,0.0005983925348558294,3924.6503466796876,3457.573853759766,80.4347473629057,18.18000030517578,24.75,45.91999816894531,1
2015-09-23,4106.4755859375,0.00549953978709028,0.04166492747476891,0.004504350630348597,3933.25318359375,3462.6460961914063,84.93312176464902,20.350000381469727,24.979999542236328,44.630001068115234,1
2015-09-24,4169.47412109375,0.015341266211830629,0.05721699585777773,0.019914719284310767,3941.2735791015625,3468.018585205078,83.86653827940826,20.690000534057617,24.31999969482422,44.0,1
2015-09-28,4141.71875,-0.006656803780921261,0.04884386536129148,0.01570696928657056,3948.2669189453127,3473.3895715332033,91.08679421653744,20.8799991607666,23.739999771118164,44.59000015258789,1
2015-09-29,4275.0673828125,0.032196448108047004,0.07500712295181744,0.03014641515827532,3957.65767578125,3479.6237939453126,92.82821149951907,21.670000076293945,22.0,47.150001525878906,0
2015-09-30,4278.07958984375,0.0007045987259428621,0.06470345301348868,0.03601581378761365,3967.4163525390627,3485.932751464844,92.09433768665558,21.56999969482422,18.290000915527344,44.68000030517578,0
2015-10-01,4181.9833984375,-0.02246245993982543,0.020065681890887754,-0.00565744293331627,3975.6742236328123,3491.680905761719,73.38941265343635,19.6299991607666,18.18000030517578,46.68000030517578,0
2015-10-05,4030.147216796875,-0.03630721769420586,-0.013190000291126491,-0.049522806121338525,3980.200166015625,3496.4965295410157,57.49768266361748,19.239999771118164,20.350000381469727,45.83000183105469,1
2015-10-06,3975.320068359375,-0.013604254506880298,-0.03193870627826523,-0.054825911250785064,3982.850849609375,3501.0858923339842,52.280862092346275,19.1299991607666,20.690000534057617,44.47999954223633,1
2015-10-07,3984.90625,0.002411423854125294,-0.04426646280402713,-0.03868958819347801,3985.6905322265625,3505.9904711914064,52.800568477774284,19.309999465942383,20.8799991607666,44.90999984741211,1
2015-10-08,3975.091796875,-0.00246290690653006,-0.04023135398196698,0.03253982849743098,3989.352236328125,3511.063347167969,51.77767482863762,19.34000015258789,21.670000076293945,44.43000030517578,1
2015-10-09,3904.423583984375,-0.01777775621337363,-0.08669893726547162,0.024521148641073687,3991.258408203125,3515.223125,45.36795191749855,19.559999465942383,21.56999969482422,45.22999954223633,1
2015-10-12,3863.79345703125,-0.010406178038619207,-0.09683927662216096,0.0058948019535314256,3990.958828125,3519.29728515625,40.1134726478359,18.93000030517578,19.6299991607666,45.09000015258789,1
2015-10-13,3902.140625,0.009924745821743297,-0.06691628033292929,0.016675581487729962,3991.0132373046877,3523.408436279297,36.597264085323445,19.1200008392334,19.239999771118164,44.7400016784668,1
2015-10-14,3880.13671875,-0.005638932156628806,-0.037222088915675355,0.010437751837926612,3989.992255859375,3527.3859716796874,36.287132956287934,18.020000457763672,19.1299991607666,46.2599983215332,1
2015-10-15,3996.6845703125,0.030037047663631355,0.005374284733239643,0.050441389023907046,3989.5669384765624,3532.096904296875,43.44509466557599,17.719999313354492,19.309999465942383,48.52999877929688,1
2015-10-16,4060.231201171875,0.01589983641226067,0.01890256544225477,0.0949290808438088,3990.1992529296876,3537.272601318359,43.48208362866934,17.170000076293945,19.34000015258789,47.810001373291016,1
2015-10-19,4071.142333984375,0.0026873181037943006,0.02416309912261272,0.10643930275621871,3990.4535107421875,3542.4388671875,45.70272305611622,16.270000457763672,19.559999465942383,49.43000030517578,1
2015-10-20,4116.61083984375,0.011168488382196973,0.054345347346468786,0.08821571064328415,3991.97201171875,3547.8322497558593,39.19559325871126,16.8799991607666,18.93000030517578,49.630001068115234,1
2015-10-21,4085.522216796875,-0.007551994652002403,0.057386286878799764,0.10124755153820808,3992.8532861328126,3553.1493762207033,37.35458530658655,17.0,19.1200008392334,47.09999847412109,1
2015-10-23,3999.880126953125,-0.020962336097855028,0.025047662641098478,0.0764939412876644,3991.2194287109373,3557.9886022949217,37.87462679967656,16.6200008392334,18.020000457763672,46.65999984741211,1
2015-10-26,4003.76025390625,0.0009700608093174967,0.03186061319923694,0.0593940574740941,3989.5334033203126,3562.7616870117185,47.811888977472464,16.190000534057617,17.719999313354492,46.63999938964844,1
2015-10-27,4105.8828125,0.025506661767300987,0.027322206760730605,0.04456285825588524,3989.8898291015626,3567.6451391601563,60.03930984379312,17.229999542236328,17.170000076293945,46.380001068115234,0
2015-10-28,4104.2392578125,-0.0004002926441291077,0.010838805590165146,0.04504293257665215,3990.4211962890627,3572.7588403320315,59.2892909785999,16.540000915527344,16.270000457763672,47.2599983215332,1
2015-10-29,4053.428955078125,-0.012379956318983254,-0.004350960357830114,0.02820890813883592,3988.490556640625,3577.4256298828127,55.73217628296856,17.040000915527344,16.8799991607666,45.88999938964844,1
2015-10-30,4062.056640625,0.002128490629166313,-0.013252211914405954,0.029980087148054668,3987.144541015625,3581.964249267578,62.686351323896545,17.579999923706055,17.0,45.54999923706055,1
2015-11-02,4104.7412109375,0.010508117953257345,0.004704170757316994,0.0394797179280888,3985.123818359375,3586.7494201660156,69.32762741379432,17.8799991607666,16.6200008392334,45.20000076293945,1
2015-11-03,4092.689697265625,-0.002935998410755425,0.023203087934337008,0.02914648650463847,3982.1750048828126,3591.4983837890627,65.95810718028847,19.479999542236328,16.190000534057617,44.59999847412109,1
2015-11-04,4127.38427734375,0.008477207568730272,0.0308769795386441,0.02719928409793182,3980.6044287109376,3596.3965417480467,70.27550920713122,19.559999465942383,17.229999542236328,43.97999954223633,1
2015-11-05,4132.90869140625,0.0013384782446415056,0.006582233380838742,0.008095422872133273,3980.3568896484376,3601.105633544922,63.65802434081051,19.36000061035156,16.540000915527344,43.20000076293945,1
2015-11-06,4129.4384765625,-0.0008396543700482928,0.006139802571702546,0.011122165679397389,3985.9492724609377,3605.2991064453126,57.88920881649483,19.290000915527344,17.040000915527344,45.93999862670898,1
2015-11-09,4225.671875,0.02330423348929722,0.04249313897708484,0.029026420970499345,3994.2432275390624,3610.015496826172,64.74681358969687,19.46999931335449,17.579999923706055,46.060001373291016,0
2015-11-10,4302.82275390625,0.018257659654714598,0.059271973431715974,0.03198212267054901,4003.476669921875,3615.0738500976563,66.75699236940414,17.040000915527344,17.8799991607666,46.59000015258789,0
2015-11-13,4218.001953125,-0.019712827051555082,0.02759266330498633,0.018418248009959726,4011.0739599609374,3619.8020361328126,60.87045884792211,16.829999923706055,19.479999542236328,46.13999938964844,1
2015-11-16,4242.74609375,0.005866317962861078,0.036664493910845364,-0.007560416285470661,4019.1277783203127,3624.52166015625,72.14076912085403,17.649999618530273,19.559999465942383,47.900001525878906,0
2015-11-17,4229.3701171875,-0.003152669584023493,0.0247095576739913,-0.011385826662011489,4027.61984375,3629.3443493652344,70.21758288111134,17.8799991607666,19.36000061035156,46.31999969482422,0
2015-11-18,4138.97998046875,-0.02137200912055881,0.0014690111773154602,-0.010283019771149093,4036.235166015625,3633.67220703125,53.02964342254995,16.969999313354492,19.290000915527344,45.20000076293945,1
2015-11-19,4245.8955078125,0.02583137097745558,0.02820166274687863,0.05353360048894196,4047.563095703125,3638.166158447266,60.87164420727594,17.420000076293945,19.46999931335449,44.290000915527344,0
2015-11-20,4325.8310546875,0.018826545949592433,0.02370254545320094,0.08817176486440292,4058.4217236328127,3642.887799072266,70.01133862086357,15.84000015258789,17.040000915527344,43.869998931884766,0
2015-11-23,4324.32470703125,-0.0003482215641819053,0.004997173798404697,0.08517602064822727,4070.710146484375,3647.769812011719,69.47058849117394,15.899999618530272,16.829999923706055,44.209999084472656,0
2015-11-24,4236.35498046875,-0.020342997467203028,0.004351118740035798,0.06572506924221,4081.1241455078125,3652.400075683594,59.155317553265206,17.079999923706055,17.649999618530273,40.7400016784668,0
2015-11-26,4205.904296875,-0.007187944290348525,-0.008683479063069988,0.07721516541577977,4089.656376953125,3656.7777990722657,57.67887321704693,16.25,17.8799991607666,41.7400016784668,0
2015-11-27,4181.708984375,-0.0057527016289878885,-0.011269085346494623,0.08228067335359612,4094.676181640625,3661.314080810547,53.7378539986978,16.690000534057617,16.969999313354492,40.66999816894531,0
2015-11-30,4158.83837890625,-0.005469200643614003,0.004797896711559169,0.06578382958872742,4099.306142578125,3665.964268798828,51.742517909503526,16.729999542236328,17.420000076293945,40.75,0
2015-12-01,4159.93408203125,0.00026346374279828666,-0.02024577044420428,0.0721101815637537,4103.660361328125,3670.7780822753907,52.0559164505576,16.43000030517578,15.84000015258789,40.540000915527344,0
2015-12-02,4217.08935546875,0.013739466133461331,-0.025137759159807427,0.05514690521073984,4109.125737304687,3675.968885498047,49.389211169544026,15.640000343322754,15.899999618530272,40.38999938964844,0
2015-12-03,4224.62255859375,0.0017863513172255985,-0.023056119785682783,0.04048817647980929,4114.64134765625,3681.611671142578,43.82264907814549,15.489999771118164,17.079999923706055,41.75,0
2015-12-04,4200.2431640625,-0.005770786429584618,-0.008524265925008545,0.031711205231131245,4119.110600585937,3687.2117468261717,48.44906167591743,16.059999465942383,16.25,42.869998931884766,0
2015-12-07,4167.23828125,-0.00785785049182186,-0.009193270435023715,0.012298330684124448,4122.093466796875,3692.3704382324217,43.49942914024654,16.09000015258789,16.690000534057617,42.869998931884766,0
2015-12-08,4147.470703125,-0.004743567991766118,-0.00818762888042468,0.015162929740887288,4123.048486328125,3696.9894299316406,43.025918817420695,15.869999885559082,16.729999542236328,41.709999084472656,0
2015-12-09,4089.540283203125,-0.013967650182128089,-0.016662848947101905,0.02241571082238858,4123.158984375,3701.02357421875,45.54364632081521,15.970000267028809,16.43000030517578,41.650001525878906,0
2015-12-10,4106.88720703125,0.004241778446192113,-0.012751854705855825,0.025757524573152057,4123.167216796875,3705.3479772949217,35.057421190203755,16.729999542236328,15.640000343322754,41.84999847412109,0
2015-12-11,4091.046142578125,-0.003857194915410367,-0.029888674928638004,-0.0036135151925685838,4121.598657226563,3709.625622558594,20.728512822573236,16.290000915527344,15.489999771118164,39.93999862670898,0
2015-12-14,4178.7421875,0.021436092839229204,-0.010860229631738272,0.018152677026730846,4122.339125976562,3714.2047033691406,35.06039418315778,17.18000030517578,16.059999465942383,41.08000183105469,0
2015-12-15,4218.18505859375,0.009438933852329301,0.004271632338994413,0.04064610613421982,4121.201479492188,3719.19791015625,47.92916465400377,17.799999237060547,16.09000015258789,39.970001220703125,0
2015-12-16,4217.63671875,-0.00012999425964799194,0.012093965859058642,0.03830081456005052,4119.992622070313,3724.194958496094,51.434956368440034,17.34000015258789,15.869999885559082,37.650001525878906,0
2015-12-17,4260.86962890625,0.010250505920543773,0.027341706282772993,0.03803611724722855,4121.570346679688,3729.21576171875,59.251084479250245,16.729999542236328,15.970000267028809,37.5099983215332,0
2015-12-18,4218.59619140625,-0.009921316815987957,0.03155755886136968,0.030763752801670874,4125.339326171875,3734.0633154296875,56.680611901777795,14.220000267028809,16.729999542236328,37.15999984741211,0
2015-12-21,4235.6240234375,0.004036374011320953,0.031346567343228715,0.026224780350088794,4130.545405273438,3739.372886962891,58.170680154713345,14.489999771118164,16.290000915527344,36.7599983215332,0
2015-12-22,4215.62890625,-0.004720701619609913,0.03045254424663235,0.02001501146535234,4135.159858398438,3744.0944250488283,49.828593827543955,14.229999542236328,17.18000030517578,35.619998931884766,0
2015-12-23,4231.83447265625,0.003844163413488255,0.012705326812232354,0.024796590789503137,4140.294711914063,3748.411203613281,50.82954226340915,14.479999542236328,17.799999237060547,36.310001373291016,0
2015-12-24,4198.46337890625,-0.007885727564635459,-0.004675394610134664,-0.0064388568016180425,4146.1755078125,3752.5738330078125,49.79943103343917,13.649999618530272,17.34000015258789,37.34999847412109,0
2015-12-28,4236.44580078125,0.009046743640978239,0.004459625919802868,-0.01542637401569491,4153.6285546875,3757.0636486816406,57.71266320512723,13.75,16.729999542236328,35.52000045776367,0
2015-12-29,4233.615234375,-0.0006681464933949721,-0.006396439437234336,0.0037015822713009072,4160.258046875,3761.5377197265625,59.97679184593043,14.399999618530272,14.220000267028809,34.95000076293945,0
2015-12-30,4188.23828125,-0.010718251568201165,-0.007196211435949396,-0.012847295429791461,4166.420078125,3765.8187170410156,61.7729953259461,14.239999771118164,14.489999771118164,34.72999954223633,0
2015-12-31,4219.9658203125,0.007575390159757278,-0.003696787778697197,-0.0022235691401852886,4170.885703125,3770.369757080078,63.040958921697374,14.350000381469728,14.229999542236328,34.7400016784668,0
2016-01-01,4235.07568359375,0.0035805653231881784,0.004613019261472173,0.023217242793746706,4174.382592773438,3774.9523278808592,66.6384820228414,13.869999885559082,14.479999542236328,36.13999938964844,0
2016-01-04,4182.25732421875,-0.01247164474052087,-0.01171528535859323,-0.014988165270825693,4176.604892578125,3779.140341796875,50.44166348665684,14.260000228881836,13.649999618530272,37.5,0
2016-01-05,4169.7490234375,-0.002990801333245696,-0.006839253526186639,-0.03608139783472786,4177.66765625,3783.4223754882814,43.472378508209125,16.84000015258789,13.75,38.09999847412109,0
2016-01-06,4091.092041015625,-0.018863721048858473,-0.03431030788563849,-0.053935049242808786,4177.779052734375,3787.327684326172,35.91183436681031,16.700000762939453,14.399999618530272,36.810001373291016,0
2016-01-07,3896.708251953125,-0.04751391245019354,-0.07957902732547495,-0.08017428428012496,4175.715615234375,3790.1952746582033,19.666758449699174,16.549999237060547,14.239999771118164,37.869998931884766,0
2016-01-08,3848.18115234375,-0.012453357159867395,-0.08119335770092773,-0.08505261158629773,4172.604033203125,3792.805026855469,19.463980369615413,18.959999084472656,14.350000381469728,36.59999847412109,0
2016-01-11,3900.817138671875,0.013678146699530158,-0.07562826222535401,-0.06717154320223628,4168.502719726563,3795.7228857421874,23.92996175522201,17.799999237060547,13.869999885559082,37.040000915527344,0
2016-01-12,3897.712646484375,-0.0007958568877076688,-0.07965926994322314,-0.06278814145466971,4164.3721875,3798.7665783691405,24.57642175121312,18.690000534057617,14.260000228881836,37.040000915527344,0
2016-01-13,3918.027587890625,0.005212016187128077,-0.06317873718530298,-0.0581515210025888,4161.66416015625,3802.045489501953,25.068905361952446,18.709999084472656,16.84000015258789,36.7599983215332,0
2016-01-14,3878.767822265625,-0.010020288204794503,-0.06978386457705621,-0.08022631362183197,4157.998383789062,3805.1603198242187,24.836515649338892,18.350000381469727,16.700000762939453,35.970001220703125,0
2016-01-15,3901.6845703125,0.005908254656368905,-0.046297533471308605,-0.076441855763973,4153.937250976563,3808.265167236328,23.01058726363287,18.61000061035156,16.549999237060547,33.970001220703125,0
2016-01-18,3867.765380859375,-0.008693472996564755,-0.007427518105632691,-0.07915679407511977,4149.438764648437,3811.442293701172,21.91215121228717,19.420000076293945,18.959999084472656,33.27000045776367,0
2016-01-19,3833.024169921875,-0.008982243625589525,-0.003938739321729612,-0.0802003842285387,4143.5515625,3814.2251696777344,22.275940102065675,20.229999542236328,17.799999237060547,33.15999984741211,0
2016-01-20,3705.930908203125,-0.03315743811793925,-0.04996036049387942,-0.10646001539906902,4135.012006835937,3816.1415954589843,15.078675054691885,18.43000030517578,18.690000534057617,31.40999984741211,0
2016-01-21,3553.227294921875,-0.041205197037872066,-0.08838141310217307,-0.13114261045038145,4123.487783203125,3817.1293212890623,10.974068239357294,20.96999931335449,18.709999084472656,30.440000534057617,0
2016-01-22,3747.930419921875,0.05479613569282815,-0.04341397913952061,-0.08740361471209102,4113.932954101562,3819.329488525391,28.61445717957983,20.809999465942383,18.350000381469727,30.479999542236328,0
2016-01-25,3726.38330078125,-0.005749071281070939,-0.03928683759044016,-0.08913681955370689,4102.404165039063,3821.493391113281,28.36200326852989,18.81999969482422,18.61000061035156,31.200000762939453,0
2016-01-27,3754.32177734375,0.007497477931656338,-0.037769017539248995,-0.10156654589168768,4093.1305615234373,3823.928814697266,32.70824960594328,18.270000457763672,19.420000076293945,29.420000076293945,0
2016-01-28,3746.423828125,-0.0021036953375738188,-0.0313725215430245,-0.11183986096286269,4083.2041162109376,3826.194055175781,40.45574398108654,19.059999465942383,20.229999542236328,29.420000076293945,0
2016-01-29,3739.622314453125,-0.0018154682929397703,-0.02436766671123125,-0.11333702643753207,4073.40916015625,3828.2868811035155,42.71981426936509,17.899999618530273,18.43000030517578,28.459999084472656,0
2016-02-01,3604.859130859375,-0.03603657595926435,-0.027272979407151454,-0.1539616451994732,4062.7267431640626,3829.6723095703123,32.121761106316356,17.239999771118164,20.96999931335449,26.549999237060547,0
2016-02-02,3537.93408203125,-0.01856523275908717,-0.0043040345075817665,-0.16134801210923777,4048.5675146484373,3830.7294653320314,29.822298570496315,17.889999389648438,20.809999465942383,29.530000686645508,0
2016-02-03,3495.38720703125,-0.012025909475275598,-0.067382044113799,-0.17476452402531628,4031.9586376953125,3831.5055920410155,26.873482565889404,18.040000915527344,18.81999969482422,32.189998626708984,0
2016-02-04,3464.61767578125,-0.008802896339525579,-0.07024656452950506,-0.17814927432424543,4014.7644970703127,3832.138533935547,27.125521140526104,18.59000015258789,18.270000457763672,30.34000015258789,0
2016-02-05,3399.564697265625,-0.018776380138670223,-0.09449298731370914,-0.19666879240392965,3998.02869140625,3832.587342529297,23.500198295968914,18.209999084472656,19.059999465942383,32.29999923706055,0
2016-02-08,3407.919677734375,0.0024576618516689575,-0.09035393909504319,-0.18829358025216858,3982.0689990234373,3833.253770751953,25.05823851146708,18.11000061035156,17.899999618530273,33.220001220703125,0
2016-02-09,3339.03125,-0.020214216956009,-0.10712072791546245,-0.2118319442717186,3965.2154443359377,3834.1107824707033,24.163174119491202,20.26000022888184,17.239999771118164,33.619998931884766,1
2016-02-10,3358.6162109375,0.00586546200713145,-0.06830861095622687,-0.20667891978772945,3949.2110009765624,3835.189152832031,29.533070627113986,21.729999542236328,17.889999389648438,31.6200008392334,0
2016-02-11,3233.439453125,-0.037270336933661996,-0.08606565918023812,-0.22797146771697896,3930.6811083984376,3835.498692626953,30.523327826706307,22.46999931335449,18.040000915527344,29.8799991607666,1
2016-02-12,3240.926513671875,0.0023155097398341873,-0.07279900002137307,-0.23200171478358667,3911.1578515625,3835.632608642578,9.998736409662158,25.96999931335449,18.59000015258789,32.279998779296875,1
2016-02-15,3388.47119140625,0.045525462275048945,-0.021978322430000752,-0.19990303726263003,3894.43482421875,3836.0186877441406,27.761110382715955,24.670000076293945,18.209999084472656,31.71999931335449,1
2016-02-16,3382.94775390625,-0.0016300677172668143,-0.0048879620890111,-0.19111917520804678,3878.088916015625,3835.5866369628907,24.815864097704278,22.3799991607666,18.11000061035156,30.88999938964844,1
2016-02-17,3423.0751953125,0.011861679317960228,0.004447146356512777,-0.179069249474744,3863.205654296875,3835.6111657714846,28.990972264522554,23.040000915527344,20.26000022888184,29.690000534057617,0
2016-02-18,3335.516357421875,-0.025578999260818636,-0.0010526683684451976,-0.18468801875358842,3846.9665673828126,3835.381005859375,26.23756548523822,21.82999992370605,21.729999542236328,27.940000534057617,0
2016-02-19,3267.860595703125,-0.020283444741084455,-0.027021728454363125,-0.16137919895204011,3830.5329736328126,3834.6678063964846,28.485704684638975,21.489999771118164,22.46999931335449,27.450000762939453,0
2016-02-22,3214.586181640625,-0.01630253571175888,-0.005830717339133762,-0.16464790653559314,3812.686953125,3833.528046875,28.990999856919018,20.920000076293945,25.96999931335449,26.209999084472656,0
2016-02-23,3184.090576171875,-0.009486634902781121,-0.017536941137121453,-0.18373754447357316,3794.547841796875,3832.9550732421876,29.45222852748526,21.020000457763672,24.670000076293945,29.440000534057617,0
2016-02-24,3186.1904296875,0.000659482971790748,-0.059696763021556465,-0.18254865900354345,3774.696806640625,3832.8053271484373,30.898900869201697,23.84000015258789,22.3799991607666,29.440000534057617,0
2016-02-25,3117.211181640625,-0.021649442985000933,-0.07855178134477014,-0.204392743104992,3752.6773291015625,3832.0068676757815,30.733336665167343,22.959999084472656,23.040000915527344,29.040000915527344,1
2016-02-26,3112.69189453125,-0.0014497853517246861,-0.0906738190286569,-0.197504971382098,3730.5784326171874,3830.9990771484377,29.74884103536965,22.75,21.82999992370605,30.65999984741211,1
2016-02-29,2955.011962890625,-0.05065709584609257,-0.11407660876391379,-0.24263176337344272,3704.461279296875,3829.5398291015626,26.518535503678493,21.8700008392334,21.489999771118164,30.770000457763672,1
2016-03-01,3190.481689453125,0.07968486406131525,-0.023678765964418647,-0.175109817870019,3683.8989892578124,3829.136993408203,41.86649496066343,20.15999984741211,20.920000076293945,29.63999938964844,1
2016-03-02,3298.447265625,0.033839898385494616,0.02608767637443621,-0.13946609272431765,3665.1554541015626,3829.0815747070315,53.19800456198944,18.670000076293945,21.020000457763672,31.479999542236328,1
2016-03-03,3294.794677734375,-0.001107365859291054,0.03476788706670386,-0.11094006894696684,3646.73876953125,3828.8958044433593,52.66003438306983,18.989999771118164,23.84000015258789,31.8700008392334,1
2016-03-04,3245.902587890625,-0.014839191702643584,0.018740925729596736,-0.08649171064020189,3627.0201318359377,3828.345773925781,42.199935939031484,18.040000915527344,22.959999084472656,32.150001525878906,1
2016-03-08,3161.4931640625,-0.02600491590321541,0.014205640824940469,-0.15646962193913916,3606.2807275390624,3827.332174072266,38.8467415858545,17.8799991607666,22.75,33.06999969482422,1
2016-03-09,3265.35009765625,0.032850595653445724,0.04904378855909508,-0.12372135819424235,3586.8588134765623,3826.814489746094,42.53555548263624,18.46999931335449,21.8700008392334,32.779998779296875,1
2016-03-10,3311.731689453125,0.014204171194435178,0.12071684684942952,-0.11788816040264016,3568.421142578125,3826.591336669922,48.82872463210542,17.510000228881836,20.15999984741211,33.75,1
2016-03-11,3324.513916015625,0.003859680602509963,0.04201002845607116,-0.11261670634860643,3551.1466552734373,3826.4119006347655,52.94928518738254,17.899999618530273,18.670000076293945,34.400001525878906,1
2016-03-14,3330.859375,0.0019086877494500776,0.009826474933458895,-0.10930594190576748,3533.3645263671874,3826.308662109375,56.363953662084484,17.100000381469727,18.989999771118164,34.65999984741211,1
2016-03-15,3336.702880859375,0.0017543538172861695,0.012719518884805714,-0.0743874421345484,3515.3970703125,3826.081711425781,58.58455269412954,17.100000381469727,18.040000915527344,34.56999969482422,1
2016-03-16,3348.389892578125,0.003502562899978745,0.03157436241920686,-0.053574822214975004,3498.7197216796876,3825.9338452148436,59.026480451268995,17.600000381469727,17.8799991607666,35.91999816894531,1
2016-03-17,3319.26416015625,-0.008698429202176783,0.04990394978144286,-0.05038727798760445,3481.7100244140624,3825.699345703125,61.766268936222,17.110000610351562,18.46999931335449,36.5,1
2016-03-18,3306.436279296875,-0.003864676096997144,0.012582473674144445,-0.04565623433434285,3466.0169091796874,3825.0521887207033,61.17429848125956,16.84000015258789,17.510000228881836,38.290000915527344,1
2016-03-21,3350.398193359375,0.01329586005868788,0.011675614914514743,-0.014462588091291861,3455.0907080078123,3824.183980712891,76.24703657628211,16.3799991607666,17.899999618530273,37.84000015258789,1
2016-03-22,3377.789306640625,0.008175479958036025,0.016025016580123008,-0.008841279708147631,3445.68287109375,3823.6862048339844,67.18030619520391,16.329999923706055,17.100000381469727,38.5,1
2016-03-23,3411.0693359375,0.009852606623938165,0.024080860795121284,0.02157454679033033,3435.8879150390626,3823.6007849121092,61.96992908861432,16.43000030517578,17.100000381469727,37.18000030517578,1
2016-03-28,3322.459716796875,-0.025977079447513374,-0.0042686342089984786,-0.01076529495179579,3424.3828564453124,3823.0956884765624,52.49057539333667,16.350000381469727,17.600000381469727,36.34000015258789,1
2016-03-29,3405.544921875,0.0250071369287288,0.01706940682850644,0.05322674855830889,3414.133203125,3823.0631970214845,63.53847345142821,17.489999771118164,17.110000610351562,38.459999084472656,1
2016-03-30,3403.262451171875,-0.0006702218750556099,0.025306298915260372,0.05008936080938109,3404.623095703125,3823.182431640625,73.82147920747018,17.639999389648438,16.84000015258789,40.20000076293945,1
2016-03-31,3393.08251953125,-0.0029912273257443056,0.026205325890266584,0.0013608875107733454,3394.4510546875,3823.3923522949217,65.43468538367227,16.809999465942383,16.3799991607666,39.43999862670898,1
2016-04-01,3399.382568359375,0.0018567331598511316,0.014620463650287574,0.004858134280716575,3385.0833984375,3823.405739746094,61.72737155415488,16.579999923706055,16.329999923706055,39.90999984741211,1
2016-04-04,3362.90673828125,-0.010730133883027237,-0.004406008489077906,-0.017577310926047862,3375.6810498046875,3823.423485107422,54.83055267663678,17.280000686645508,16.43000030517578,41.45000076293945,1
2016-04-05,3245.674072265625,-0.03486051655287403,-0.048487804668566725,-0.02693504559086979,3366.4759130859375,3822.694423828125,41.62028735877867,17.450000762939453,16.350000381469727,39.790000915527344,1
2016-04-06,3262.291259765625,0.005119795497026125,-0.018109612202990788,-0.0017042758631818922,3360.6571923828124,3821.9095874023437,42.83203264636491,17.829999923706055,17.489999771118164,39.38999938964844,1
2016-04-07,3169.11669921875,-0.02856107966079302,-0.0694244909640126,-0.01414473896564461,3349.08091796875,3820.558134765625,35.0741047446794,17.350000381469727,17.639999389648438,38.27999877929688,1
2016-04-08,3132.2763671875,-0.01162479502264202,-0.07962538530963548,-0.01627284392351347,3337.198779296875,3818.9355786132815,34.62925679570111,16.93000030517578,16.809999465942383,38.31999969482422,1
2016-04-11,3176.101318359375,0.013991406259986405,-0.06394810616095792,-0.003166512344685679,3325.6343701171877,3817.2945849609373,39.80572809571676,16.43000030517578,16.579999923706055,38.34000015258789,1
2016-04-12,3262.885009765625,0.02732396819477989,-0.040153632563817876,0.046732101111073954,3315.96359375,3815.7414904785155,43.58480773429642,16.010000228881836,17.280000686645508,36.790000915527344,1
2016-04-13,3407.052001953125,0.044183902208020376,0.013127115054768712,0.09456769811976651,3309.3121875,3814.7127380371094,51.83154325168149,16.020000457763672,17.450000762939453,35.70000076293945,1
2016-04-18,3395.501708984375,-0.003390113494636582,0.0461622557850252,0.14906530045409982,3305.1250390625,3813.460598144531,48.99838176569438,16.040000915527344,17.829999923706055,35.88999938964844,1
2016-04-20,3350.85498046875,-0.013148786936991175,0.02714770498741048,0.05026616875620249,3301.38345703125,3812.020849609375,51.93649607545986,16.950000762939453,17.350000381469727,37.75,1
2016-04-21,3383.0390625,0.009604737363700488,0.06750220442623212,0.025645944913711194,3299.136494140625,3810.6412768554687,48.350638531763416,17.079999923706055,16.93000030517578,37.2599983215332,1
2016-04-22,3484.156982421875,0.02988966962951678,0.11234021969470454,0.05747317305299049,3299.5272802734376,3809.5928063964843,55.17827594592178,16.510000228881836,16.43000030517578,39.720001220703125,1
2016-04-25,3403.718994140625,-0.023086786470033482,0.07166574770946754,0.04862019175768251,3299.6103662109376,3808.4899853515626,50.624680433237174,16.3799991607666,16.010000228881836,40.36000061035156,1
2016-04-26,3534.830078125,0.0385199495640145,0.0833449746299546,0.1180887937087185,3302.14857421875,3807.9063525390625,56.93774136404119,16.56999969482422,16.020000457763672,42.16999816894531,1
2016-04-27,3523.73681640625,-0.0031382729787775565,0.034248028614249026,0.07912986694304558,3305.842685546875,3807.2293603515627,58.45778119464811,16.579999923706055,16.040000915527344,41.7599983215332,1
2016-04-28,3421.979736328125,-0.028877605048240773,0.007797972026840627,0.0332901506562584,3307.1099560546877,3806.2173876953125,59.42502428860871,16.350000381469727,16.950000762939453,39.77999877929688,1
2016-04-29,3464.61767578125,0.012460021022473011,0.03395034878429315,0.042142629961837264,3311.7335205078125,3805.3936486816406,60.5232889619171,16.600000381469727,17.079999923706055,42.630001068115234,1
2016-05-02,3497.66943359375,0.009539799454220343,0.03388384496188479,0.05008018646651813,3316.86837890625,3804.784855957031,68.22854189219501,16.540000915527344,16.510000228881836,43.18000030517578,1
2016-05-03,3487.7177734375,-0.0028452260412800134,0.0010219950001075784,0.04525871735371023,3318.853310546875,3804.198006591797,70.3268405303703,17.09000015258789,16.3799991607666,43.72999954223633,1
2016-05-04,3480.04833984375,-0.0021989834304141365,0.022425278301329454,0.03931992733506107,3320.795322265625,3803.677863769531,68.13180379382733,17.459999084472656,16.56999969482422,42.63999938964844,1
2016-05-05,3503.147705078125,0.0066376564284771344,-0.008962912600223305,0.05539888844315999,3322.3967724609374,3803.333798828125,65.51131499010796,17.450000762939453,16.579999923706055,44.040000915527344,1
2016-05-06,3486.8046875,-0.004665237938564326,-0.010480955539669323,0.054550698385598784,3325.4225390625,3802.91369140625,56.166588325905124,17.170000076293945,16.350000381469727,45.33000183105469,1
2016-05-09,3511.958740234375,0.0072140698974481055,0.02629442920161762,0.04822129715662449,3330.304501953125,3802.1617016601563,58.819090033079355,16.950000762939453,16.600000381469727,46.02999877929688,1
2016-05-10,3510.40673828125,-0.00044191918753044845,0.013216194912379464,0.03926160562469172,3336.2209130859374,3801.3320666503905,62.92627448188014,16.610000610351562,16.540000915527344,45.91999816894531,1
2016-05-11,3551.720703125,0.011768996564762269,0.015453509989282743,0.04123380480884986,3343.573515625,3800.2483984375,63.46672456794292,16.420000076293945,17.09000015258789,44.77999877929688,1
2016-05-12,3518.989013671875,-0.00921572730207243,0.008966103987122276,0.059151747087085926,3350.2294873046876,3798.883084716797,53.12168515685444,16.959999084472656,17.459999084472656,43.650001525878906,1
2016-05-13,3511.73046875,-0.0020626790517601634,0.009103933569978073,0.031180192688968322,3358.119873046875,3797.4140893554686,61.14152429218211,16.329999923706055,17.450000762939453,43.77999877929688,1
2016-05-16,3544.005859375,0.009190736849598924,0.011663269075879334,0.04135543767853145,3366.74615234375,3796.183389892578,51.18891409728698,17.0,17.170000076293945,44.31999969482422,1
2016-05-17,3607.095703125,0.017801845215099643,0.03449892563705581,0.06307338013792707,3379.7878271484374,3795.373419189453,59.518337626423126,17.030000686645508,16.950000762939453,44.65999984741211,1
2016-05-18,3574.409423828125,-0.00906166123304053,0.01778229421612809,0.05148783696717674,3387.4663818359377,3794.2262158203125,70.66479287943199,16.3700008392334,16.610000610351562,43.43999862670898,1
2016-05-19,3585.091796875,0.00298857007696518,0.02127532908916341,0.0660693488952675,3393.1992724609377,3792.9377453613283,67.88196055011828,16.450000762939453,16.420000076293945,44.65999984741211,1
2016-05-20,3601.845947265625,0.00467328351403129,0.014112946464659215,0.10973741265134995,3399.3402978515624,3791.7323645019533,66.24905466096887,17.059999465942383,16.959999084472656,46.22999954223633,1
2016-05-23,3573.451416015625,-0.007883327511982063,0.015476718492769992,0.09538086316436223,3405.8912744140625,3790.639588623047,62.644907000978705,16.43000030517578,16.329999923706055,46.70000076293945,1
2016-05-24,3582.90087890625,0.0026443518577792258,0.020266478532329657,0.13056766883640036,3414.3194287109377,3789.5085180664064,65.09054671906947,16.15999984741211,17.0,46.209999084472656,1
2016-05-25,3707.757080078125,0.03484779662952597,0.04620512132336119,0.18372603353878203,3423.167568359375,3788.653441162109,73.1175351005434,16.219999313354492,17.030000686645508,47.720001220703125,1
2016-05-26,3759.84521484375,0.014048421630827868,0.042346952864714904,0.18379259285906846,3432.1298388671876,3787.95556640625,78.54360913539234,15.520000457763672,16.3700008392334,48.310001373291016,1
2016-05-27,3785.958251953125,0.006945242587721889,0.05918427439082663,0.16031004482903088,3441.3587255859375,3787.2294287109376,78.58654399665816,15.329999923706056,16.450000762939453,48.18999862670898,1
2016-05-30,3717.617919921875,-0.01805099990101422,0.03696589391724747,0.09115385318178748,3449.093896484375,3785.727766113281,68.97420363013653,15.260000228881836,17.059999465942383,48.15999984741211,1
2016-05-31,3799.6533203125,0.02206665724065293,0.05491833241703259,0.11902559502731336,3458.3529052734375,3784.5829553222657,71.12742630078849,15.979999542236328,16.43000030517578,47.75,1
2016-06-01,3803.077392578125,0.0009011538624643656,0.06425887743523084,0.134957321264352,3467.4466552734375,3783.3061950683596,75.48116634388909,16.049999237060547,16.15999984741211,48.08000183105469,1
2016-06-02,3822.5244140625,0.005113496118255956,0.06687975561004067,0.12990844724025408,3477.5118603515625,3782.215388183594,77.28003668733902,15.84000015258789,16.219999313354492,48.619998931884766,1
2016-06-03,3851.102783203125,0.007476307812577909,0.03866102876458655,0.10531838910604474,3488.4051904296875,3781.2636096191404,77.13161757949551,15.09000015258789,15.520000457763672,49.560001373291016,1
2016-06-06,3781.75830078125,-0.01800639617418842,0.005828188312377192,0.11106654435674779,3497.032392578125,3779.7645361328123,65.26253719536496,15.0,15.329999923706056,49.47999954223633,1
2016-06-07,3775.960205078125,-0.0015331745822907417,-0.002640823329164377,0.06821547899723335,3504.995810546875,3778.2040295410156,68.48053252816564,15.359999656677246,15.260000228881836,49.33000183105469,1
2016-06-08,3798.283935546875,0.005912067197828996,0.021698307185558097,0.07791362790272949,3512.7401025390627,3776.7551416015626,69.13935531100206,14.869999885559082,15.979999542236328,49.33000183105469,1
2016-06-09,3806.546630859375,0.0021753758941431833,0.0018141946029719414,0.11238140613418723,3522.4218408203124,3775.399520263672,68.6615558426227,15.140000343322754,16.049999237060547,49.09999847412109,1
2016-06-10,3753.910888671875,-0.013827688792982684,-0.012928083978043792,0.08349931795155174,3529.38916015625,3773.4192700195313,65.75523730841013,15.670000076293944,15.84000015258789,49.0099983215332,1
2016-06-13,3775.138671875,0.0056548447293152115,-0.01239645246297838,0.07932974900837286,3536.8266845703124,3771.648176269531,66.44533648564543,15.970000267028809,15.09000015258789,49.16999816894531,1
2016-06-14,3747.51953125,-0.00731605989225359,-0.026897036455352796,0.07449047620514282,3543.9154248046875,3769.3568872070314,54.08039275912987,16.579999923706055,15.0,48.619998931884766,1
2016-06-15,3843.478515625,0.02560599980195244,0.01632050753507963,0.10443250791095848,3552.79734375,3767.3736279296877,57.8734608733386,17.190000534057617,15.359999656677246,49.68999862670898,1
2016-06-16,3728.893798828125,-0.02981276370637964,-0.012464751664146845,0.0644409293455599,3560.1170849609375,3764.9885314941407,45.394912605475135,17.059999465942383,14.869999885559082,50.36000061035156,1
2016-06-17,3756.64990234375,0.00744352213097299,-0.010961274593899062,0.07739040153614862,3570.3366015625,3763.0453527832033,53.370658833877485,17.700000762939453,15.140000343322754,51.22999954223633,1
2016-06-20,3773.723876953125,0.004545000213813655,-0.008622711630578372,0.0745353678902505,3580.56525390625,3762.6648754882813,47.47785191739488,17.350000381469727,15.670000076293944,50.560001373291016,1
2016-06-21,3795.81884765625,0.005854951613726511,0.011163812947941887,0.0813045697134065,3593.099296875,3762.5890991210936,49.318709803970094,17.520000457763672,15.970000267028809,49.06999969482422,1
2016-06-22,3790.294921875,-0.0014552659130877554,0.0040147531832182,0.06717144693840638,3606.25966796875,3762.334820556641,46.893738817299734,17.260000228881836,16.579999923706055,48.880001068115234,1
2016-06-23,3806.044921875,0.004155349471383296,0.015617100894862679,0.08157340278354486,3618.8585400390625,3762.1743579101562,45.54724040708574,18.18000030517578,17.190000534057617,48.4900016784668,1
2016-06-24,3716.06591796875,-0.023641077746902384,-0.03315033429698544,0.05818654109051913,3627.922158203125,3761.5544116210935,43.762459965839994,18.020000457763672,17.059999465942383,48.0099983215332,1
2016-06-27,3675.025146484375,-0.011044145176738018,-0.014446282262229992,0.03696926368301234,3633.28162109375,3760.905703125,41.01732006177481,18.6299991607666,17.700000762939453,46.209999084472656,1
2016-06-28,3723.9638671875,0.013316567575038407,-0.008700846766651726,0.03239951852712175,3639.8508642578126,3760.984453125,43.685061924417816,18.530000686645508,17.350000381469727,47.97999954223633,1
2016-06-29,3771.943115234375,0.0128839187913794,-0.000471884477193818,0.05526330869917384,3648.272626953125,3761.446673583984,47.24565830119131,17.729999542236328,17.520000457763672,49.369998931884766,1
2016-06-30,3823.02734375,0.013543212862702658,0.007168017543974781,0.06636804867378854,3657.072392578125,3761.647312011719,55.51509564595354,16.15999984741211,17.260000228881836,48.84999847412109,1
2016-07-01,3803.12255859375,-0.005206550559673895,0.0033843373624351525,0.0558815158324375,3663.4517041015624,3762.113406982422,52.237677759721876,16.290000915527344,18.18000030517578,49.130001068115234,1
2016-07-04,3810.79248046875,0.0020167432831394994,0.0012473732420927863,0.0664178791936001,3671.593173828125,3762.589094238281,55.22623786535026,15.739999771118164,18.020000457763672,50.11000061035156,1
2016-07-05,3810.381591796875,-0.00010782236870177098,0.025380516898817262,0.06349065201046478,3677.1042041015626,3762.744538574219,46.75387492487208,15.579999923706056,18.6299991607666,47.63999938964844,1
2016-07-07,3780.936279296875,-0.007727654511923698,0.02881915866992557,0.01973678362370168,3682.248193359375,3761.9956262207033,56.1276643206119,15.359999656677246,18.530000686645508,46.33000183105469,1
2016-07-08,3799.835693359375,0.004998606870469269,0.020373942626134234,0.010636203415434142,3689.8053125,3761.3581030273435,55.19315693703882,15.3100004196167,17.729999542236328,47.84999847412109,1
2016-07-11,3900.4970703125,0.02649098147297302,0.03408162614089072,0.030253587265598014,3698.522900390625,3761.14947265625,62.69299344747493,15.079999923706056,16.15999984741211,49.880001068115234,1
2016-07-12,3990.29345703125,0.02302178032697655,0.043752267049489424,0.07334684278558279,3708.375380859375,3761.3818371582033,67.14689664436003,14.850000381469728,16.290000915527344,48.33000183105469,1
2016-07-13,3945.55517578125,-0.011211777211815654,0.03745149281756688,0.03839872829680946,3717.53212890625,3761.365402832031,62.80394846093941,14.779999732971191,15.739999771118164,48.9900016784668,1
2016-07-14,4043.157958984375,0.024737401672199066,0.06097563163214881,0.06312797285555583,3728.7943212890623,3761.6972900390624,67.22826783014808,15.329999923706056,15.579999923706056,48.9900016784668,1
2016-07-15,4083.10205078125,0.00987942895184557,0.07157300454408477,0.06816899213517735,3740.393408203125,3762.022325439453,78.75934873001128,15.609999656677246,15.359999656677246,46.59999847412109,1
2016-07-18,4067.307373046875,-0.00386830344623712,0.0757407881529426,0.05614095546520925,3752.0034619140624,3761.860263671875,82.00369993259812,15.640000343322754,15.3100004196167,45.13999938964844,1
2016-07-19,4095.5654296875,0.006947607851790272,0.07782697995203969,0.08297916047184262,3763.675595703125,3761.9180139160158,81.3752263350055,15.989999771118164,15.079999923706056,45.40999984741211,1
2016-07-20,4080.454345703125,-0.0036896209433840976,0.04613701078263022,0.08064018794888228,3775.0765478515623,3761.7879077148436,77.57907096526377,15.800000190734863,14.850000381469728,44.7599983215332,1
2016-07-21,4029.827392578125,-0.012407185287665823,0.009907525843046106,0.06096001798715256,3784.638681640625,3761.0896740722656,68.50182188949665,15.989999771118164,14.779999732971191,46.79999923706055,1
2016-07-22,4030.74072265625,0.0002266424809675982,0.02159025614389809,0.05889697763830104,3794.8737158203126,3760.534783935547,71.08073103913594,15.710000038146973,15.329999923706056,44.75,1
2016-07-25,4154.77490234375,0.03077205611125544,0.02760637711701297,0.10678570311340008,3807.7346044921874,3759.933321533203,76.20871103809377,15.5,15.609999656677246,45.68000030517578,1
2016-07-26,4082.417724609375,-0.01741542669220364,-0.00016759957585288365,0.08139543456340337,3818.502841796875,3758.9550122070314,68.67910219074524,15.720000267028809,15.640000343322754,45.95000076293945,1
2016-07-27,4161.7138671875,0.019423818905183854,0.023211054754857186,0.11052493055302204,3829.595205078125,3758.853664550781,74.47049996752256,15.619999885559082,15.989999771118164,45.2400016784668,1
2016-07-28,4349.20458984375,0.045051324680078775,0.06193019364742591,0.13158030470648074,3845.0911083984374,3760.4489514160155,79.01723252600921,15.43000030517578,15.800000190734863,44.650001525878906,1
2016-07-29,4343.81787109375,-0.0012385526223758214,0.06454269624850895,0.16490790712754455,3860.2656298828124,3762.2914404296876,76.03632440641765,15.149999618530272,15.989999771118164,44.93999862670898,1
2016-08-01,4443.01806640625,0.022837098206311746,0.10253309473976802,0.18270751385011397,3877.089072265625,3764.5819995117185,76.29812942294329,14.920000076293944,15.710000038146973,44.75,1
2016-08-02,4552.39794921875,0.024618374532285436,0.12941969291905453,0.20634103014826843,3896.6680029296876,3767.4685302734374,82.78827528966431,15.18000030517578,15.5,44.18999862670898,1
2016-08-03,4449.95654296875,-0.022502735347989522,0.0710463617315309,0.17233111525235212,3914.0091162109375,3770.1961950683594,71.86537544475533,15.6899995803833,15.720000267028809,43.130001068115234,1
2016-08-04,4464.38232421875,0.003241780253515847,0.09356333069662126,0.17784563371398265,3929.14162109375,3773.199139404297,71.07181388330143,16.239999771118164,15.619999885559082,42.91999816894531,1
2016-08-05,4511.85986328125,0.010634738607609773,0.08413504802779248,0.18544577268377038,3944.1819140625,3776.247735595703,73.7373389743321,15.140000343322754,15.43000030517578,41.91999816894531,1
2016-08-08,4557.60205078125,0.010138211045130685,0.04791622390543537,0.22645888188993557,3959.6147900390624,3779.6350622558593,74.21871840692317,14.350000381469728,15.149999618530272,41.13999938964844,1
2016-08-09,4529.39013671875,-0.0061900784114453655,0.04272100514616506,0.23247867869739136,3975.850234375,3782.2985900878907,73.21319330321627,14.59000015258789,14.920000076293944,41.59999847412109,1
2016-08-10,4438.77197265625,-0.020006703182373076,-0.0009556778042620895,0.19194818504203282,3988.632607421875,3784.1912939453123,70.30559056929799,14.539999961853027,15.18000030517578,40.060001373291016,1
2016-08-11,4454.33984375,0.0035072473174226904,-0.02153987998469642,0.1809138440501703,4001.6578564453125,3786.107281494141,70.73153537402416,14.920000076293944,15.6899995803833,39.5099983215332,1
2016-08-12,4472.55517578125,0.004089344924323335,0.0050783940459391275,0.16989881934617013,4014.6584716796874,3787.887003173828,67.3496639174741,14.210000038146973,16.239999771118164,40.83000183105469,1
2016-08-16,4441.14697265625,-0.007022429436997157,-0.005204606119070698,0.16776330613400403,4026.45935546875,3789.665126953125,70.5020462210142,13.770000457763672,15.140000343322754,41.93000030517578,1
2016-08-17,4464.5654296875,0.005273065083284845,-0.010482247903718211,0.1715582657857906,4040.115498046875,3791.988553466797,68.48945912429647,14.18000030517578,14.350000381469728,41.79999923706055,1
2016-08-18,4488.3046875,0.00531726059039106,-0.015204785874047833,0.17791475194048334,4054.3623876953125,3794.411275634766,60.61455365719341,14.779999732971191,14.59000015258789,43.02000045776367,1
2016-08-19,4473.92333984375,-0.0032041825717185057,-0.012245974667835058,0.18328451191876383,4067.87517578125,3796.2514782714843,59.79374243754126,14.550000190734863,14.539999961853027,42.77000045776367,1
2016-08-22,4416.99658203125,-0.012724124552051075,-0.0049057240964710536,0.1624177828926736,4080.0841748046873,3797.815264892578,47.90808644000998,14.539999961853027,14.920000076293944,41.709999084472656,1
2016-08-23,4413.39013671875,-0.0008164926654394833,-0.009193215710450953,0.13149428320559098,4093.273759765625,3799.6150708007813,36.534965160650735,14.239999771118164,14.210000038146973,43.4900016784668,1
2016-08-24,4518.15966796875,0.023739014228162825,0.010196518633117657,0.1322875664714216,4108.1341796875,3801.8955859375,56.57685331846698,13.899999618530272,13.770000457763672,44.4900016784668,1
2016-08-25,4504.60205078125,-0.0030006945712025557,0.014287993285448053,0.14169029454500137,4123.275830078125,3803.894890136719,53.88490823749585,13.489999771118164,14.18000030517578,46.58000183105469,1
2016-08-26,4492.9150390625,-0.0025944604178127495,0.006349914638160925,0.1112390573508788,4136.264560546875,3805.8960168457033,48.03415789361682,13.289999961853027,14.779999732971191,46.790000915527344,1
2016-08-29,4498.84912109375,0.0013207643544685954,0.0023493132324809984,0.10182137628251353,4151.663666992187,3807.7533410644533,43.354372353093225,13.56999969482422,14.550000190734863,48.220001220703125,1
2016-08-30,4626.9013671875,0.028463334209931856,0.03419326075200302,0.1375834041579762,4169.068696289062,3810.223304443359,58.99745443896285,13.170000076293944,14.539999961853027,48.52000045776367,1
2016-08-31,4646.20849609375,0.004172798893698149,0.05189316084032192,0.1344486068797257,4186.518388671875,3812.8071545410157,72.04092432527783,13.020000457763672,14.239999771118164,47.04999923706055,1
2016-09-01,4652.736328125,0.0014049804344204997,0.05423182270131188,0.1402495736839966,4203.65673828125,3814.9424768066406,71.49328830658813,13.239999771118164,13.899999618530272,48.09999847412109,1
2016-09-02,4744.3984375,0.019700688564902702,0.05007321258147601,0.17732050912104214,4222.73880859375,3817.1503552246095,75.40695578363233,13.34000015258789,13.489999771118164,46.77000045776367,1
2016-09-06,4890.81005859375,0.030859891516805238,0.08573632109089835,0.213377489428473,4244.434111328125,3820.514395751953,84.59045555687437,12.9399995803833,13.289999961853027,47.33000183105469,1
2016-09-07,4905.8408203125,0.0030732662971320046,0.09190598479159351,0.18077174711560584,4268.229609375,3823.8298693847655,84.38900321465101,12.75,13.56999969482422,47.63999938964844,1
2016-09-08,5046.8271484375,0.0287384636576975,0.1218040464558916,0.2362348708253279,4295.6656494140625,3827.9171545410154,86.8010290160388,13.149999618530272,13.170000076293944,46.97999954223633,1
2016-09-09,4967.39208984375,-0.015739603568222682,0.07358936265010985,0.19359289186325768,4320.534213867188,3832.0592150878906,79.94732525116515,13.119999885559082,13.020000457763672,46.34999847412109,1
2016-09-12,4899.3583984375,-0.013696058248623189,0.05448526525587116,0.12649526993475257,4343.08251953125,3835.3265295410156,78.88389043104925,13.229999542236328,13.239999771118164,44.70000076293945,1
2016-09-14,4931.44580078125,0.006549307018238082,0.05990227105101553,0.13527913626349597,4365.250888671875,3838.3546032714844,79.99804344236524,15.239999771118164,13.34000015258789,43.15999984741211,1
2016-09-15,5012.810546875,0.016499166650246977,0.05657452950271957,0.12824446625075936,4389.4446484375,3841.797032470703,79.44078364222986,14.760000228881836,12.9399995803833,44.43999862670898,1
2016-09-16,5123.96337890625,0.02217375482114381,0.04767171849228147,0.12555260679387392,4415.70806640625,3846.2350744628907,83.02651490298143,14.68000030517578,12.75,44.83000183105469,1
2016-09-19,5049.125,-0.01460556474980601,0.029206854632183754,0.13464591198715836,4440.482934570313,3850.4511779785157,77.78759499006678,14.579999923706056,13.149999618530272,45.5,1
2016-09-20,5070.22509765625,0.004178961237095491,0.004636170118486049,0.1357058444907091,4466.2687109375,3854.893758544922,78.11916676118396,14.9399995803833,13.119999885559082,47.619998931884766,1
2016-09-21,5057.72216796875,-0.002465951599127103,0.01818460803802613,0.12098387831809165,4491.426440429687,3859.3881774902343,73.92276895596396,14.779999732971191,13.229999542236328,45.880001068115234,1
2016-09-22,5145.84375,0.017423175711259065,0.050309720481177544,0.1290682452448686,4516.3333740234375,3864.317725830078,75.77418030412562,14.8100004196167,15.239999771118164,46.290000915527344,1
2016-09-23,5150.1650390625,0.000839762976188263,0.0443519501413967,0.13705485365706682,4539.530805664062,3868.983104248047,75.7189035584666,13.34000015258789,14.760000228881836,43.58000183105469,0
2016-09-26,5119.91748046875,-0.005873124135698737,0.02136664304229896,0.15345359302268657,4563.018051757813,3873.459578857422,70.73237797878839,13.25,14.68000030517578,43.90999984741211,0
2016-09-27,5067.052734375,-0.010325312135481934,-0.011106762543528936,0.13755414093172824,4583.495947265625,3877.7936267089844,60.851213506858954,14.56999969482422,14.579999923706056,43.02999877929688,0
2016-09-28,5076.615234375,0.0018871917268845628,0.005444554130666246,0.135059274811123,4603.3662109375,3882.3405114746092,60.585814634288084,14.25,14.9399995803833,43.29999923706055,0
2016-09-29,5000.123046875,-0.015067556623565403,-0.013826220617631946,0.12586299837864323,4622.022524414063,3886.6037731933593,46.85335344028971,13.850000381469728,14.779999732971191,43.43999862670898,0
2016-09-30,5035.7021484375,0.007115645200918896,-0.004353742416043693,0.12792660959836732,4640.825258789063,3891.334582519531,54.89138529636972,18.450000762939453,14.8100004196167,45.34000015258789,0
2016-10-03,5222.9794921875,0.037189916764260866,0.014989911457669036,0.16368648205492398,4663.67576171875,3896.9150439453124,69.793031692694,17.18000030517578,13.34000015258789,46.31999969482422,0
2016-10-04,5222.06005859375,-0.0001760362251326253,0.013959750607203336,0.1672216222587597,4687.520415039063,3902.5701135253908,68.4788075760944,15.619999885559082,13.25,44.47999954223633,0
2016-10-05,5230.5185546875,0.0016197623157991892,0.021602120471797992,0.1841798963498711,4711.515971679688,3907.828995361328,65.25765815585558,14.989999771118164,14.56999969482422,45.93000030517578,0
2016-10-06,5250.0556640625,0.003735214619875693,0.03611624731000007,0.1895743411358124,4733.421586914063,3912.988348388672,60.13892498820174,14.93000030517578,14.25,44.66999816894531,0
2016-10-07,5225.552734375,-0.004667175217822228,0.02933795316838439,0.15656663739027965,4756.284287109375,3918.0279284667968,65.4358402127125,14.84000015258789,13.850000381469728,47.04999923706055,0
2016-10-10,5251.80224609375,0.0050232985969262955,0.05033460114067512,0.16587485129411372,4778.0860546875,3922.9825915527344,65.74450104661324,14.489999771118164,18.450000762939453,47.83000183105469,0
2016-10-13,5257.50244140625,0.001085378893833866,0.04404555440944247,0.17017624319539548,4796.25201171875,3928.177122802734,67.52969100786619,14.289999961853027,17.18000030517578,48.2400016784668,0
2016-10-14,5231.66748046875,-0.0049139227656905815,0.0016634161199073905,0.16289018361141183,4814.00900390625,3933.1573400878906,58.454750893976374,15.43000030517578,15.619999885559082,48.810001373291016,0
2016-10-17,5147.6826171875,-0.016053173026532863,-0.01424293106009955,0.11255507923579566,4828.102294921875,3937.8176086425783,49.788626052712104,14.890000343322754,14.989999771118164,48.68999862670898,0
2016-10-18,5173.0576171875,0.0049294025850148415,-0.010985705699964377,0.11339334460274286,4840.51548828125,3942.5237243652346,54.56265108428523,15.65999984741211,14.93000030517578,49.83000183105469,0
2016-10-19,5152.73876953125,-0.00392782164048211,-0.018536354804273847,0.10746416864068142,4854.5711328125,3947.2951013183592,57.792579764204355,14.539999961853027,14.84000015258789,50.43999862670898,0
2016-10-20,5189.421875,0.007119147138927584,-0.006914265573730094,0.0937997605729124,4869.071923828125,3952.0599816894533,59.77674483164878,14.609999656677246,14.489999771118164,49.810001373291016,0
2016-10-21,5194.6630859375,0.0010099797364229168,-0.010879914642397237,0.062127341627148835,4882.72798828125,3956.8652209472657,69.23616931699235,14.170000076293944,14.289999961853027,49.810001373291016,0
2016-10-24,5253.22705078125,0.011273871639970068,-0.0008131980294157071,0.07081074237680252,4896.64048828125,3962.1901647949217,70.5737395270392,13.829999923706056,15.43000030517578,50.43999862670898,0
2016-10-25,5315.33154296875,0.011822160281129257,0.015991853995373617,0.05320261356967193,4912.35931640625,3967.6669934082033,61.444606475738674,14.329999923706056,14.890000343322754,50.34999847412109,0
2016-10-26,5395.9150390625,0.015160577556135202,0.04822216914581756,0.08626718838943703,4931.502177734375,3973.4711901855467,67.99226250092221,14.479999542236328,15.65999984741211,49.93999862670898,0
2016-10-27,5387.68603515625,-0.001525043268227555,0.04148966314537961,0.09967175230015579,4950.1691015625,3979.4983337402346,66.27300183923712,14.449999809265137,14.539999961853027,50.290000915527344,0
2016-10-28,5402.39697265625,0.0027304741597797832,0.04845155446289229,0.09549961429169329,4968.7659375,3985.661573486328,65.93253281286225,14.09000015258789,14.609999656677246,51.59999847412109,0
2016-11-01,5404.18896484375,0.00033170316742170414,0.04138555219000195,0.0780756452510929,4988.02677734375,3992.2270581054686,69.61433667774321,14.649999618530272,14.170000076293944,50.43000030517578,0
2016-11-02,5327.4208984375,-0.01420528906477081,0.02555657803090039,0.03970705965011789,5005.28388671875,3999.3806213378907,57.47382157262638,15.739999771118164,13.829999923706056,50.84999847412109,0
2016-11-03,5337.48779296875,0.0018896375419112932,0.016039805889404457,0.05711143870843949,5022.267548828125,4006.8271545410157,57.83775404160359,16.799999237060547,14.329999923706056,50.52000045776367,0
2016-11-04,5244.90625,-0.01734552781379861,-0.01324946381978942,0.03445234658802376,5037.68720703125,4013.5476000976564,51.14720026944165,16.469999313354492,14.479999542236328,49.959999084472656,0
2016-11-07,5255.1123046875,0.0019458984014251168,-0.026094320120997216,0.039027477224599094,5054.449521484375,4020.334598388672,60.67412895738809,16.850000381469727,14.449999809265137,49.18000030517578,0
2016-11-08,5211.9482421875,-0.008213727889601508,-0.032618417595607574,0.012846191100827742,5070.42068359375,4026.804201660156,53.73220772307588,16.510000228881836,14.09000015258789,49.720001220703125,0
2016-11-09,4958.15283203125,-0.04869492143109422,-0.08223093246821778,-0.037282728917402363,5079.220546875,4032.2011267089842,37.10480741601713,16.770000457763672,14.649999618530272,48.70000076293945,0
2016-11-10,4898.89892578125,-0.01195080269958615,-0.0934996985393366,-0.04316838221136032,5087.106484375,4037.1871984863283,31.306297956354726,16.6200008392334,15.739999771118164,46.66999816894531,0
2016-11-11,4720.310546875,-0.03645479966251186,-0.11395952434330126,-0.06843074380254488,5091.65439453125,4041.4499243164064,25.044799829020832,15.460000038146973,16.799999237060547,45.34000015258789,1
2016-11-15,4455.85205078125,-0.05602565625027156,-0.1651780343833119,-0.12227895062647476,5090.794453125,4044.564063720703,15.520491464071739,17.360000610351562,16.469999313354492,44.65999984741211,1
2016-11-16,4588.42578125,0.029752722702161005,-0.1251653389896149,-0.0823374268523861,5090.02494140625,4048.9765380859376,20.373232437613154,20.149999618530277,16.850000381469727,44.06999969482422,1
2016-11-17,4528.43603515625,-0.013074145459405773,-0.13827987441544554,-0.10073393904733763,5087.6694921875,4053.8525817871096,14.04018130936386,19.5,16.510000228881836,44.88999938964844,1
2016-11-18,4551.7421875,0.005146622843474891,-0.1266716444617657,-0.12851616700611834,5085.649609375,4057.871640625,15.775223288984066,18.709999084472656,16.770000457763672,44.97999954223633,1
2016-11-21,4401.47119140625,-0.03301395156044307,-0.11227601477482885,-0.15713891797109603,5078.791064453125,4061.247080078125,13.114888018316094,17.809999465942383,16.6200008392334,45.27000045776367,1
2016-11-22,4536.7099609375,0.030725810450673796,-0.07393272862554312,-0.132646235071324,5071.7090625,4065.1590209960937,20.895088132364506,19.100000381469727,15.460000038146973,44.65999984741211,1
2016-11-23,4487.33984375,-0.010882361361557624,-0.04935495256328726,-0.14527766353667748,5063.33904296875,4068.863601074219,21.286431731413046,18.46999931335449,17.360000610351562,44.65999984741211,1
2016-11-24,4440.7275390625,-0.010387513830141915,-0.0033943029405786307,-0.15018989094679358,5051.21705078125,4072.3691271972657,20.09622276475345,18.040000915527344,20.149999618530277,45.810001373291016,1
2016-11-25,4480.67431640625,0.008995547912444835,-0.02348331867632303,-0.14683110550498335,5041.4826953125,4076.748203125,23.58842995010116,17.15999984741211,19.5,45.56999969482422,1
2016-11-28,4499.2001953125,0.004134618496688391,-0.006456056708492586,-0.1442324096935509,5033.47953125,4081.554533691406,24.02532991234328,17.610000610351562,18.709999084472656,45.41999816894531,1
2016-11-29,4677.92626953125,0.03972396569615988,0.02772215051585669,-0.10584411432966023,5028.409140625,4087.467229003906,33.21378963153056,18.059999465942383,17.809999465942383,45.68999862670898,1
2016-11-30,4841.4384765625,0.03495399405848998,0.09995914230116365,-0.0594916515642373,5024.98169921875,4094.3513330078126,46.11049006350957,17.709999084472656,19.100000381469727,47.4900016784668,1
2016-12-01,4828.65966796875,-0.0026394652448052947,0.06435273789707274,-0.06657531670911354,5019.075625,4101.496807861328,47.58445101800654,16.850000381469727,18.46999931335449,48.02999877929688,1
2016-12-02,4659.49365234375,-0.035033741712462096,0.03836433490401392,-0.09572484444663032,5011.282998046875,4107.754677734375,47.894845902375266,16.690000534057617,18.040000915527344,47.959999084472656,1
2016-12-05,4783.47216796875,0.02660772282898982,0.07718208917149827,-0.07822638374939406,5005.547939453125,4114.976882324218,62.56215868888603,17.93000030517578,17.15999984741211,47.959999084472656,1
2016-12-06,4721.18408203125,-0.01302152155386116,0.05367713621683223,-0.09114720167088552,4998.817177734375,4121.789721679687,55.38044809725489,17.290000915527344,17.610000610351562,46.060001373291016,1
2016-12-07,4704.1298828125,-0.0036122716086538498,0.04554802600549013,-0.10452568728912814,4989.982900390625,4129.143173828125,57.37729050681365,17.110000610351562,18.059999465942383,47.08000183105469,1
2016-12-08,4812.5703125,0.023052175936661312,0.02878284846978607,-0.0945869935684096,4983.231005859375,4137.001392822265,60.221265320149314,16.850000381469727,17.709999084472656,45.22999954223633,1
2016-12-09,4812.9375,7.629758656113594e-05,-0.0058868819051349774,-0.10804053341132447,4977.09140625,4144.123724365234,68.27106331624645,15.529999732971191,16.850000381469727,49.43999862670898,1
2016-12-12,4729.64111328125,-0.017306766754970337,-0.020506426523357324,-0.12213869137530686,4970.343173828125,4150.857191162109,58.98137048053786,15.06999969482422,16.690000534057617,51.060001373291016,1
2016-12-13,4746.88037109375,0.003644939943559411,0.01875455259093317,-0.12133810323090632,4963.7484765625,4157.476217041016,62.45477129187858,16.190000534057617,17.93000030517578,51.68000030517578,1
2016-12-14,4726.5615234375,-0.0042804633923327895,-0.011897350404239226,-0.12538929445555425,4958.27724609375,4164.431442871094,64.07163749718754,15.920000076293944,17.290000915527344,51.790000915527344,1
2016-12-15,4736.67529296875,0.002139773169374637,0.003281213074588507,-0.11088772911522948,4952.296708984375,4171.775516357422,62.98435309792811,16.59000015258789,17.110000610351562,50.93000030517578,1
2016-12-16,4770.32373046875,0.0071038091950166304,0.014071432827163832,-0.10626048892273698,4943.24359375,4179.554204101562,63.5436052765475,15.65999984741211,16.850000381469727,49.77000045776367,1
2016-12-19,4702.658203125,-0.014184682459087772,-0.022838546190071862,-0.10338565095896612,4932.855556640625,4187.147042236328,51.38964108186292,15.25,15.529999732971191,50.84000015258789,1
2016-12-20,4696.1767578125,-0.0013782514128271028,-0.024259766969236596,-0.1063603429324309,4922.168720703125,4194.696973876953,40.08908285304994,14.84000015258789,15.06999969482422,51.5,1
2016-12-21,4723.6201171875,0.005843766278461615,-0.0012730344543145922,-0.09369397052857997,4911.640009765625,4202.729018554687,42.973956860191144,14.539999961853027,16.190000534057617,52.83000183105469,1
2016-12-22,4674.478515625,-0.010403377143664017,-0.015252513189429218,-0.05721370962460526,4900.618525390625,4210.537951660156,51.19405668004852,14.710000038146973,15.920000076293944,52.97999954223633,1
2016-12-23,4778.138671875,0.022175769105260423,0.010912192337229731,-0.02465048896410771,4891.14525390625,4219.653585205078,49.56078236470625,15.550000190734863,16.59000015258789,51.040000915527344,1
2016-12-26,4750.7421875,-0.005733714790711386,0.0029697823180176997,0.006446957318337221,4881.010048828125,4227.454887695312,52.58254458393024,15.130000114440918,15.65999984741211,50.900001525878906,1
2016-12-27,4802.82470703125,0.010963027980825268,0.006813159525193457,0.07786898045440371,4872.433193359375,4234.976774902344,58.12576734223604,16.600000381469727,15.25,51.900001525878906,1
2016-12-28,4809.490234375,0.0013878348160389908,0.02271737103474969,0.048178713934602824,4865.669345703125,4242.550252685547,49.6953557692122,15.079999923706056,14.84000015258789,52.119998931884766,1
2016-12-29,4886.3037109375,0.01597123038393744,0.0404854763630238,0.07902677061196517,4859.934267578125,4250.752258300781,56.30329868743854,15.539999961853027,14.539999961853027,52.22999954223633,1
2016-12-30,4890.67041015625,0.00089366103236177,0.03536488727383391,0.0744612081912317,4854.692900390625,4259.39814453125,66.0057075187824,15.279999732971191,14.710000038146973,52.4900016784668,1
2017-01-02,5025.3134765625,0.027530595013444792,0.07505328343360484,0.14173494680012544,4851.410732421875,4268.197961425782,72.43832550408723,15.470000267028809,15.550000190734863,52.95000076293945,1
2017-01-03,5064.294921875,0.007757017645626529,0.059888644857539974,0.11629241575506755,4848.803369140625,4276.96077758789,76.42243315679617,15.829999923706056,15.130000114440918,53.02000045776367,1
2017-01-04,5058.54833984375,-0.001134724995265901,0.06479117160969916,0.1272933443829385,4844.909794921875,4285.6309497070315,75.35486253211687,15.960000038146973,16.600000381469727,53.02000045776367,1
2017-01-05,5180.64208984375,0.024136124001885362,0.07866566153442611,0.16662011894957574,4842.216005859375,4294.87986328125,78.36896958697595,15.890000343322754,15.079999923706056,53.900001525878906,1
2017-01-06,5162.8056640625,-0.0034428986739341028,0.0734621368315167,0.15223854703266126,4837.553818359375,4304.010377197265,84.16839131386935,15.050000190734863,15.539999961853027,54.060001373291016,1
2017-01-09,5202.29345703125,0.007648514303689291,0.0646684620496345,0.1562707217276682,4833.845966796875,4313.279895019531,85.82574727486013,14.90999984741211,15.279999732971191,53.77000045776367,1
2017-01-10,5217.32568359375,0.002889538371231737,0.06679151241906389,0.11530737830901083,4830.144541015625,4322.770202636719,85.5722432724343,15.479999542236328,15.470000267028809,53.720001220703125,1
2017-01-11,5297.77099609375,0.015418878823870719,0.05421701965498493,0.09425556510536381,4828.016181640625,4332.726876220703,92.97078397511639,15.199999809265137,15.829999923706056,53.720001220703125,1
2017-01-12,5311.5615234375,0.002603081060679635,0.048825474301356975,0.10000743242935783,4827.698994140625,4342.532692871094,91.97655814125056,14.8100004196167,15.960000038146973,52.33000183105469,1
2017-01-13,5239.98828125,-0.01347499071067515,0.035867986073620184,0.1245831998535416,4825.74900390625,4351.843687744141,85.9973443239235,14.609999656677246,15.890000343322754,53.2599983215332,1
2017-01-16,5219.21044921875,-0.003965243988349854,0.007444706410159041,0.09109246713460695,4825.235087890625,4360.884393310547,82.1159454785391,14.380000114440918,15.050000190734863,53.7599983215332,1
2017-01-17,5212.3154296875,-0.0013210847882714205,0.009589701578277543,0.10402715486682412,4824.379150390625,4370.333671875,81.05902142468831,15.06999969482422,14.90999984741211,53.9900016784668,1
2017-01-18,5226.15185546875,0.0026545641697819367,0.004586130835286362,0.11097099477707117,4824.66322265625,4379.436706542969,79.02173015644011,15.390000343322754,15.479999542236328,51.959999084472656,1
2017-01-19,5257.318359375,0.005963566457342084,0.007665359267681859,0.09241382836939072,4830.646533203125,4388.706986083985,79.93992039891452,15.18000030517578,15.199999809265137,50.81999969482422,1
2017-01-20,5211.90185546875,-0.008638720503821529,-0.016208541420215106,0.08289414842157217,4836.906591796875,4397.801082763672,67.83556293622411,15.020000457763672,14.8100004196167,52.25,1
2017-01-23,5240.44775390625,0.005477059858206568,-0.013388486458729143,0.10800114181826825,4847.3093359375,4407.006408691406,67.18081331942719,15.789999961853027,14.609999656677246,53.0099983215332,1
2017-01-24,5274.64892578125,0.006526383523145718,0.0066146416119430285,0.11118218986544504,4863.6852734375,4416.565119628906,69.96868711479286,15.90999984741211,14.380000114440918,52.369998931884766,1
2017-01-25,5334.7294921875,0.01139043891861502,0.02213343265091794,0.12867027451865165,4878.61134765625,4427.010396728516,66.0814112174584,15.289999961853027,15.06999969482422,52.369998931884766,1
2017-01-27,5438.94140625,0.019534620118061063,0.043478945129014734,0.14826140063341753,4896.821455078125,4437.893647460937,74.41687160640518,15.170000076293944,15.390000343322754,52.47999954223633,1
2017-01-30,5419.6806640625,-0.003541266718808056,0.037030842950198206,0.1361242905688378,4914.180224609375,4449.146467285156,69.93522526080497,16.010000228881836,15.18000030517578,51.08000183105469,1
2017-01-31,5419.037109375,-0.00011874402338263312,0.030760691848082278,0.15233488705897313,4934.53154296875,4460.5802709960935,68.99908110131709,16.670000076293945,15.020000457763672,51.369998931884766,1
2017-02-01,5681.01318359375,0.04834365754121306,0.09000770565792027,0.2097102550799197,4957.417607421875,4473.104830322266,76.89887082866673,16.829999923706055,15.789999961853027,52.41999816894531,1
2017-02-02,5648.97314453125,-0.005639845926608378,0.07795619950995292,0.19589912067160808,4980.6502734375,4485.0352709960935,73.09060021212025,13.970000267028809,15.90999984741211,52.75,1
2017-02-03,5622.4033203125,-0.004703478586098764,0.06592939159069111,0.2027872845107639,5004.2837890625,4496.11202758789,77.88818035628572,13.520000457763672,15.289999961853027,53.18000030517578,0
2017-02-06,5653.8916015625,0.005600502037311994,0.059827233947363334,0.1832832803372455,5027.748134765625,4507.403977050782,81.21218240937277,13.130000114440918,15.170000076293944,52.75,0
2017-02-07,5712.271484375,0.010325610557578857,0.050254278858549606,0.20239559608284896,5052.009560546875,4519.2110595703125,83.42768342768343,13.399999618530272,16.010000228881836,53.16999816894531,0
2017-02-08,5695.216796875,-0.002985622715350744,0.05083992026311801,0.18580567567608774,5072.35537109375,4530.771948242187,81.22787479008478,13.510000228881836,16.670000076293945,52.630001068115234,0
2017-02-09,5660.69482421875,-0.006061573051124647,0.044594216641491435,0.17698436806460527,5088.740498046875,4541.654637451172,76.73523439912026,13.350000381469728,16.829999923706055,52.810001373291016,0
2017-02-10,5619.46142578125,-0.007284158520803219,-0.010834644424036144,0.15004341895544693,5104.556533203125,4552.733349609375,77.16310450356866,13.239999771118164,13.970000267028809,53.880001068115234,0
2017-02-13,5536.48681640625,-0.014765580380056487,-0.019912703644891172,0.13205069082325815,5122.096396484375,4562.741633300781,68.39582109550602,13.18000030517578,13.520000457763672,53.540000915527344,0
2017-02-14,5460.9599609375,-0.013641657241003746,-0.028714297103471953,0.0866904097439507,5135.64615234375,4572.427749023437,61.0117798758002,13.6899995803833,13.130000114440918,53.83000183105469,1
2017-02-15,5390.0302734375,-0.01298850165673493,-0.04666897541015458,0.06431998068586031,5149.023076171875,4582.268001708984,53.227126371277954,13.800000190734863,13.399999618530272,53.0099983215332,1
2017-02-16,5538.83056640625,0.027606578334457454,-0.030362863257317074,0.09494467469640422,5165.71708984375,4592.639066162109,55.54077939749749,14.210000038146973,13.510000228881836,52.16999816894531,1
2017-02-17,5506.83740234375,-0.005776158645570906,-0.0330767732379591,0.06296426327915627,5179.602431640625,4602.684906005859,54.767183917040526,13.729999542236328,13.350000381469728,52.34000015258789,1
2017-02-20,5601.90087890625,0.01726280796343116,-0.010386347813868269,0.08504972749608308,5195.38169921875,4613.255821533203,59.06565674904323,13.43000030517578,13.239999771118164,53.0,1
2017-02-21,5574.3193359375,-0.004923604248801894,-0.008033170160514858,0.07151189796942958,5212.275263671875,4623.727176513672,43.10903672401015,13.609999656677246,13.18000030517578,53.86000061035156,1
2017-02-22,5589.48828125,0.0027212192912426936,0.009573122198483608,0.07133206171631978,5229.127421875,4634.158879394531,46.072500053194126,13.529999732971191,13.6899995803833,52.93000030517578,1
2017-02-23,5544.76171875,-0.008001906480426091,0.015345609272350957,0.046621630651526136,5245.49142578125,4644.448664550781,44.99372838623066,13.699999809265137,13.800000190734863,53.20000076293945,1
2017-02-27,5471.6708984375,-0.013181958760344559,0.015146598601186279,0.03014356028702858,5260.191337890625,4654.247225341797,38.84880864872617,13.399999618530272,14.210000038146973,53.11000061035156,1
2017-02-28,5445.009765625,-0.004872576093732817,-0.01693873817882885,0.03912632497836266,5273.68505859375,4663.920240478516,32.98405197873596,13.68000030517578,13.729999542236328,53.36000061035156,1
2017-03-01,5442.3427734375,-0.0004898048492653073,-0.011711736554778307,0.042752122450274044,5288.47875,4673.373350830078,33.59961846468772,13.789999961853027,13.43000030517578,53.400001525878906,1
2017-03-02,5441.56103515625,-0.00014364003036804185,-0.028622399291953537,0.0439815296217585,5303.386435546875,4682.9862109375,35.13741038453183,13.579999923706056,13.609999656677246,53.400001525878906,1
2017-03-03,5413.06005859375,-0.00523764713440944,-0.028928962914649525,0.03576402069706708,5317.175234375,4692.492858886719,35.75494639106887,13.359999656677246,13.529999732971191,54.060001373291016,1
2017-03-06,5456.36328125,0.00799976763374377,-0.02381702819676168,0.03786054187113419,5332.8129296875,4702.054645996093,44.1498194958719,13.350000381469728,13.699999809265137,53.59000015258789,1
2017-03-07,5413.75,-0.007809832126910332,-0.023628016025823873,0.03872830880716882,5345.52515625,4711.087917480469,46.378947967647754,13.640000343322754,13.399999618530272,54.45000076293945,1
2017-03-08,5391.36328125,-0.004135159316555059,-0.014676982347464063,0.0287982123724555,5358.337578125,4720.172686767578,50.11046924746569,13.880000114440918,13.68000030517578,54.04999923706055,1
2017-03-09,5483.53173828125,0.01709557531613415,0.007074729764387833,0.039601273077916055,5371.95171875,4729.664886474609,44.94255378437663,14.079999923706056,13.789999961853027,54.0099983215332,1
2017-03-10,5475.44140625,-0.0014753871076864655,0.00608168838134282,0.02637657903152668,5385.2707421875,4739.032863769531,46.99734660311963,14.390000343322754,13.579999923706056,53.83000183105469,1
2017-03-14,5637.986328125,0.029686176842192324,0.03609723233824025,0.036596261479535874,5400.30439453125,4749.355538330078,53.056609080117966,13.960000038146973,13.359999656677246,52.61000061035156,1
2017-03-15,5642.53759765625,0.0008072508988796745,0.0423933110991781,0.04111993813057979,5415.34173828125,4759.653721923828,56.01301152840699,12.399999618530272,13.350000381469728,53.33000183105469,1
2017-03-16,5659.177734375,0.0029490519878259125,0.037170262072164784,0.04431426103071967,5428.0190234375,4769.410825195312,56.12679780760196,12.420000076293944,13.640000343322754,53.20000076293945,1
2017-03-17,5693.3330078125,0.006035377406515163,0.05164313235973217,0.002168596308547377,5440.59978515625,4779.078264160156,63.309136017608225,11.90999984741211,13.880000114440918,53.13999938964844,1
2017-03-20,5662.34912109375,-0.005442134980727986,0.050262953117290454,0.0023678598251877236,5452.67580078125,4788.460218505859,68.47484120518476,11.850000381469728,14.079999923706056,50.27999877929688,1
2017-03-21,5586.40869140625,-0.013411470763009303,0.01876107553217987,-0.006402000506831151,5460.7911328125,4797.804172363281,62.50592723557188,12.020000457763672,14.390000343322754,49.27999877929688,1
2017-03-22,5521.5927734375,-0.011602430389394569,0.008428793911449795,-0.02339960463487456,5467.966875,4806.4138696289065,56.314976904017826,11.9399995803833,13.960000038146973,48.4900016784668,1
2017-03-23,5548.2548828125,0.004828698976726775,-0.015915513108798462,-0.02871302633481987,5474.886103515625,4815.139757080078,58.16505053902061,12.270000457763672,12.399999618530272,47.720001220703125,1
2017-03-24,5520.53564453125,-0.004996028276768483,-0.0216218236943031,-0.030671554494571374,5480.950302734375,4823.629813232422,58.234728097965245,11.84000015258789,12.420000076293944,48.86000061035156,1
2017-03-27,5503.20556640625,-0.003139202287764875,-0.027560924093502748,-0.027821541825342133,5485.058994140625,4831.890327148438,53.73780177529317,11.979999542236328,11.90999984741211,48.75,1
2017-03-28,5492.58740234375,-0.0019294507418217144,-0.03525976878452097,-0.022577612661494717,5488.67951171875,4840.44447265625,56.629371261050046,12.4399995803833,11.850000381469728,48.77999877929688,1
2017-03-29,5464.9130859375,-0.005038484484460093,-0.03486822005035839,-0.01292764398113544,5493.1780078125,4848.889237060547,56.130227969760305,12.119999885559082,12.020000457763672,48.220001220703125,1
2017-03-30,5476.36083984375,0.002094773279323947,-0.019699212435314695,0.0028201779570649066,5498.321015625,4857.279621582031,49.3093933044162,12.09000015258789,11.9399995803833,47.34000015258789,1
2017-03-31,5530.69580078125,0.009921727681306391,0.001648623452917608,0.02609735385661205,5504.688623046875,4865.900367431641,54.88615058848319,12.149999618530272,12.270000457763672,48.040000915527344,1
2017-04-03,5582.455078125,0.00935854713550488,0.0061641355768362605,0.00787612316277353,5511.8146875,4875.043088378906,43.89273623975392,12.420000076293944,11.84000015258789,47.70000076293945,1
2017-04-05,5831.0556640625,0.04453248301301116,0.05624816857017434,0.05887558284919758,5523.28943359375,4885.322673339844,63.4909752666327,11.489999771118164,11.979999542236328,47.970001220703125,1
2017-04-06,5784.39697265625,-0.008001757159310507,0.051095929973342,0.03257752996615526,5534.7393359375,4895.507060546875,58.59195284843863,11.550000190734863,12.4399995803833,47.72999954223633,1
2017-04-07,5754.701171875,-0.005133776419845804,0.047721365238430735,0.03235943710195843,5545.024404296875,4905.063173828125,54.23672135303247,11.289999961853027,12.119999885559082,48.369998931884766,1
2017-04-10,5763.435546875,0.0015177808089650302,0.05462528977920411,0.03112042764424583,5554.80013671875,4915.23588256836,57.19997301205624,11.6899995803833,12.09000015258789,49.5099983215332,1
2017-04-11,5744.0830078125,-0.003357813044858826,0.048886875024909626,0.03594767443089242,5562.98720703125,4925.173048095703,62.215167799350425,11.619999885559082,12.149999618530272,50.34999847412109,1
2017-04-12,5658.30419921875,-0.01493342078745774,0.023072756671859374,0.03410901427469715,5567.374462890625,4934.595949707032,60.25797252035034,11.399999618530272,12.420000076293944,50.59999847412109,1
2017-04-13,5587.92724609375,-0.012437817170507959,0.0009802439772768068,0.026247424085628968,5570.73939453125,4943.556491699219,52.79350756783408,11.630000114440918,11.489999771118164,50.2400016784668,1
2017-04-17,5622.49462890625,0.006186083191520586,-0.03576728592073586,0.03310189434374089,5574.808544921875,4952.717490234375,57.11080780672791,11.579999923706056,11.550000190734863,51.150001525878906,1
2017-04-18,5642.35302734375,0.0035319550747821005,-0.024556396454801455,0.036899704127224764,5574.035341796875,4961.899030761719,59.670297600868714,11.890000343322754,11.289999961853027,51.70000076293945,1
2017-04-19,5697.33251953125,0.009744071652564301,-0.00996900631854325,0.052516036744537864,5575.002529296875,4971.805363769531,63.40271891233279,12.380000114440918,11.6899995803833,52.2400016784668,1
2017-04-20,5767.7099609375,0.012352700349678836,0.0007416434221803048,0.05706120792165681,5577.908662109375,4982.268787841796,68.77175712180598,12.220000267028809,11.619999885559082,53.08000183105469,1
2017-04-21,5687.08056640625,-0.013979446795577832,-0.009923679955307296,0.05048821360540301,5578.57244140625,4992.084371337891,62.03144567819867,11.5600004196167,11.399999618530272,53.400001525878906,1
2017-04-24,5808.9443359375,0.021428177095134338,0.026622841652724993,0.07745370380433414,5580.5058984375,5002.2693774414065,64.74972576551411,11.420000076293944,11.630000114440918,53.11000061035156,1
2017-04-25,5826.27490234375,0.0029834278664082614,0.042654037132752176,0.06250409050608119,5583.127060546875,5012.285615234375,63.41432095210105,11.630000114440918,11.579999923706056,53.18000030517578,1
2017-04-26,5889.802734375,0.010903679125352284,0.047542616420560124,0.0756763331723398,5587.70921875,5022.719016113281,54.058623588417774,11.15999984741211,11.890000343322754,52.650001525878906,1
2017-04-27,5860.15380859375,-0.005033942072152686,0.03860105530343505,0.03940546633830433,5592.52306640625,5032.965822753907,55.359736238104254,11.739999771118164,12.380000114440918,52.40999984741211,1
2017-04-28,5998.79638671875,0.02365852205477692,0.052913160001463844,0.06313804434559378,5601.7692578125,5043.907896728516,64.9628940986741,11.06999969482422,12.220000267028809,50.43999862670898,1
2017-05-02,6164.88134765625,0.02768638077218455,0.06886119264121127,0.08935991004656074,5615.847685546875,5055.827622070313,70.6288768797582,10.859999656677246,11.5600004196167,50.27000045776367,1
2017-05-03,6108.33935546875,-0.009171626994734616,0.07407294202070713,0.0728933907584135,5630.2138671875,5067.370140380859,68.02877074706596,11.449999809265137,11.420000076293944,49.619998931884766,1
2017-05-04,6104.4775390625,-0.0006322203436179841,0.050875543994570505,0.07808215433444476,5641.526806640625,5078.390042724609,74.03196291069415,11.529999732971191,11.630000114440918,49.22999954223633,1
2017-05-05,6117.67041015625,0.002161179398126878,0.050014033442754346,0.09509897110951737,5653.743466796875,5089.026927490235,80.40630528220409,11.329999923706056,11.15999984741211,49.560001373291016,1
2017-05-08,6095.9736328125,-0.0035465750668309814,0.035004720486513596,0.10402448766923755,5663.624921875,5099.77901977539,77.58440297917298,11.989999771118164,11.739999771118164,49.619998931884766,1
2017-05-09,6094.82421875,-0.00018855299116016244,0.04004509400625511,0.09851193708325723,5674.03501953125,5110.037351074218,76.94795658599485,11.670000076293944,11.06999969482422,48.970001220703125,1
2017-05-10,6194.5302734375,0.016359135408822167,0.03262885987464115,0.12208862913038554,5686.135859375,5120.5944921875,78.11395436546393,11.109999656677246,10.859999656677246,49.33000183105469,1
2017-05-11,6217.28564453125,0.003673461923549892,0.008500455064706536,0.12975711510469967,5699.586337890625,5131.344383544922,76.8681755760253,10.949999809265137,11.449999809265137,47.65999984741211,1
2017-05-12,6187.58984375,-0.004776328848163924,0.012974146272717757,0.1265346166562018,5713.904716796875,5141.804505615234,81.85122095368187,10.84000015258789,11.529999732971191,47.81999969482422,1
2017-05-15,6273.7353515625,0.013922304158462406,0.027726830251552315,0.14800276837088022,5730.479228515625,5152.770910644531,80.98687465819422,10.630000114440918,11.329999923706056,45.52000045776367,1
2017-05-16,6393.30029296875,0.019058014835846127,0.045054712714649225,0.1674359086153938,5749.49837890625,5164.588275146484,83.26774901795413,10.68000030517578,11.989999771118164,46.220001220703125,1
2017-05-17,6397.20849609375,0.0006112966614908455,0.04941538159873393,0.15667336019278055,5768.611328125,5176.420614013672,82.00913607703136,10.5600004196167,11.670000076293944,46.43000030517578,1
2017-05-18,6280.30908203125,-0.018273503846854555,0.030433176843825516,0.12500844057676508,5785.95630859375,5187.048284912109,73.8766451859235,10.640000343322754,11.109999656677246,45.880001068115234,1
2017-05-19,6243.07373046875,-0.005928904306483074,0.007836503316386523,0.07065925797031358,5801.690517578125,5197.851564941407,65.69021516181358,11.789999961853027,10.949999809265137,47.33000183105469,1
2017-05-22,6161.38671875,-0.013084422072429436,-0.008990889107760247,0.06517356050697076,5816.643251953125,5207.849929199218,49.74824028507206,11.300000190734863,10.84000015258789,47.83000183105469,1
2017-05-23,6324.25537109375,0.02643376560801114,0.022087037246302677,0.09897198520095829,5835.30109375,5217.725183105469,63.488559938309564,11.199999809265137,10.630000114440918,47.84000015258789,1
2017-05-24,6315.796875,-0.0013374690927902,0.006704382808724096,0.09583890088343172,5851.946396484375,5227.585078125,63.126013759837335,12.199999809265137,10.68000030517578,48.84999847412109,1
2017-05-25,6422.4912109375,0.016893250059993425,0.004565860608933603,0.11810557093313245,5870.887392578125,5237.482443847656,66.96341472030485,11.829999923706056,10.5600004196167,48.65999984741211,1
2017-05-26,6495.21337890625,0.011323046708869633,0.015319945077973296,0.1479081276335501,5888.03193359375,5247.196520996094,71.02388873146943,10.449999809265137,10.640000343322754,49.06999969482422,1
2017-05-29,6559.24755859375,0.009858672217829989,0.044414768910112645,0.17382479580044685,5906.3661328125,5257.742976074219,72.9373066228727,10.859999656677246,11.789999961853027,49.34999847412109,1
2017-05-30,6571.24609375,0.0018292548114806628,0.052565831744006974,0.16874208469067264,5924.6075,5268.277294921875,70.37032929894599,11.789999961853027,11.300000190734863,50.33000183105469,1
2017-05-31,6629.6259765625,0.008884141908492182,0.07599575861511498,0.17497539491667147,5943.333359375,5278.866125488281,71.46951790302332,11.770000457763672,11.199999809265137,50.72999954223633,1
2017-06-01,6570.41796875,-0.008930821741952921,0.0389235701615378,0.1532446010875601,5961.494736328125,5288.930205078125,69.33856900430166,11.760000228881836,12.199999809265137,51.470001220703125,1
2017-06-02,6541.09033203125,-0.0044635876831941035,0.03567142222750008,0.13408794414621417,5980.588369140625,5298.988706054687,64.32790773499718,11.3100004196167,11.829999923706056,51.36000061035156,1
2017-06-05,6551.20361328125,0.00154611551540218,0.020040884154820304,0.1519449279441194,6001.1805859375,5309.5508642578125,59.58692043163762,10.8100004196167,10.449999809265137,48.900001525878906,1
2017-06-06,6538.70068359375,-0.001908493526617483,0.006695284996906858,0.12562632820245057,6020.989501953125,5319.972668457031,58.50180905784643,11.020000457763672,10.859999656677246,49.79999923706055,1
2017-06-07,6624.75341796875,0.013160525085804009,0.009986794794652365,0.13704786145669057,6043.073857421875,5330.733659667969,71.49329566588747,11.130000114440918,11.789999961853027,49.79999923706055,1
2017-06-08,6665.02197265625,0.006078498646949981,0.014270638714237505,0.1316205776734749,6066.310185546875,5341.853034667969,76.23023967363591,10.890000343322754,11.770000457763672,49.65999984741211,1
2017-06-09,6863.0087890625,0.029705350892841098,0.03520301346185595,0.1711311704819234,6093.71861328125,5353.845251464843,88.10611099265842,11.06999969482422,11.760000228881836,48.31999969482422,1
2017-06-12,6779.16259765625,-0.012217118465573718,0.03177037288937701,0.13008713092266633,6120.003603515625,5365.299541015625,77.02653308454941,10.859999656677246,11.3100004196167,48.36000061035156,1
2017-06-13,6756.45458984375,-0.0033496774100610915,0.03292482550774101,0.09595857711234013,6145.605478515625,5376.712197265625,75.74406638189788,11.420000076293944,10.8100004196167,47.65999984741211,1
2017-06-14,6758.384765625,0.0002856787913814163,0.03162489896112097,0.1064193346714224,6170.1592578125,5388.4191381835935,72.36073097951515,11.34000015258789,11.020000457763672,47.400001525878906,1
2017-06-15,6722.75830078125,-0.005271446666510582,0.028148958958974735,0.10128315777433472,6192.965322265625,5399.965979003906,65.9348888484638,11.18000030517578,11.130000114440918,48.18999862670898,1
2017-06-16,6678.26171875,-0.0066187984217845885,0.00807702527253551,0.09163476797688941,6209.909443359375,5410.766489257812,58.569002794916415,11.329999923706056,10.890000343322754,45.720001220703125,1
2017-06-19,6664.79248046875,-0.0020168778715924374,-3.443232272026808e-05,0.09331058201999043,6227.517353515625,5421.56744140625,56.72109270247686,10.920000076293944,11.06999969482422,45.63999938964844,1
2017-06-20,6626.1787109375,-0.005793694198942934,-0.03450819974213548,0.08718126612295918,6244.946904296875,5432.233759765625,49.745081443951136,10.630000114440918,10.859999656677246,45.83000183105469,1
2017-06-21,6682.2138671875,0.008456632200019909,-0.01430098910775024,0.07872809918150137,6263.322470703125,5443.1505834960935,58.306064611995716,10.65999984741211,11.420000076293944,46.08000183105469,1
2017-06-22,6726.25390625,0.0065906359685306,-0.004469901068993698,0.08186341931489682,6282.965888671875,5453.6473461914065,63.46272230186405,10.920000076293944,11.34000015258789,46.459999084472656,1
2017-06-23,6637.11865234375,-0.01325184198345919,-0.017943061469072097,0.07265006568717758,6302.542177734375,5463.6018969726565,55.60282405207913,11.210000038146973,11.18000030517578,44.72999954223633,1
2017-06-27,6604.20556640625,-0.004958941923673077,-0.017634537651193383,0.05267519210249194,6322.867744140625,5473.359243164063,54.16103710486059,11.5600004196167,11.329999923706056,44.459999084472656,1
2017-06-28,6642.54296875,0.0058049983390524584,-0.005348510062089251,0.0389849787058123,6343.2687109375,5482.849965820313,51.202961094363424,12.510000228881836,10.920000076293944,44.7400016784668,1
2017-06-29,6641.89990234375,-9.681027420904709e-05,-0.0034348523516803953,0.038249715700123366,6363.2596484375,5491.605415039063,48.34790727012906,11.989999771118164,10.630000114440918,44.20000076293945,1
2017-06-30,6635.69482421875,-0.0009342324058226881,0.0014361389416712722,0.05658730128494849,6382.02689453125,5500.254685058594,27.62655675842454,11.380000114440918,10.65999984741211,43.22999954223633,1
2017-07-03,6761.09716796875,0.018898148132477477,0.011804964993503253,0.08297570393439924,6401.894638671875,5508.82603515625,48.356360340829326,11.729999542236328,10.920000076293944,42.52999877929688,1
2017-07-04,6781.4609375,0.0030119031017221687,0.008207693616606004,0.10063874368784931,6423.78224609375,5517.896379394531,52.28488902808897,11.199999809265137,11.210000038146973,42.7400016784668,1
2017-07-05,6782.83984375,0.00020333468889788264,0.021955489880355117,0.07251201062378043,6443.26015625,5527.313786621094,52.23677158883848,11.279999732971191,11.5600004196167,43.0099983215332,1
2017-07-06,6871.4677734375,0.013066493051456352,0.040468486988160635,0.08798112248305956,6464.164013671875,5537.013896484375,62.39944890795346,11.149999618530272,12.510000228881836,44.2400016784668,1
2017-07-07,6833.5439453125,-0.0055190287396237325,0.028754195111882375,0.06400207036094918,6483.038837890625,5546.117563476562,63.09097465434374,10.979999542236328,11.989999771118164,44.7400016784668,1
2017-07-10,6831.38330078125,-0.00031618213748840773,0.028528493537012922,0.051756563220346274,6502.463427734375,5554.6546630859375,64.31733146675663,10.869999885559082,11.380000114440918,44.93000030517578,1
2017-07-11,6855.79296875,0.0035731662086591065,0.033168816583900584,0.04521027869541583,6519.603359375,5563.688002929687,70.22761606199609,10.90999984741211,11.729999542236328,46.040000915527344,1
2017-07-12,6873.8583984375,0.0026350605640872438,0.016677948514475682,0.04605097729870722,6533.782900390625,5572.7061694335935,68.0931079055239,10.890000343322754,11.199999809265137,47.06999969482422,1
2017-07-13,6957.43017578125,0.0121579137217529,0.02594857360427727,0.049445353384584,6550.764716796875,5582.204709472656,70.30932699608354,11.050000190734863,11.279999732971191,47.06999969482422,1
2017-07-14,6947.95947265625,-0.001361235813471362,0.024343731049229822,0.05746080473143422,6567.63435546875,5591.215288085938,81.7525602478747,11.25,11.149999618530272,45.130001068115234,1
2017-07-17,6915.828125,-0.0046245732697064446,0.006455731588232094,0.05728980551356799,6583.597509765625,5600.043603515625,81.88333611432785,11.170000076293944,10.979999542236328,45.52000045776367,1
2017-07-18,6940.697265625,0.0035959743613496187,0.015680490411714265,0.05945375465878211,6600.491982421875,5609.147502441407,81.36989369725191,11.460000038146973,10.869999885559082,44.22999954223633,1
2017-07-19,6951.8671875,0.0016093371382615018,0.017636821330896613,0.06318786008096766,6617.632841796875,5618.571574707032,81.90601889593765,11.489999771118164,10.90999984741211,44.400001525878906,1
2017-07-20,6887.00537109375,-0.009330128821056438,0.004552704914810191,0.039586673884899115,6631.48234375,5627.623525390625,73.08111782992181,11.260000228881836,10.890000343322754,45.040000915527344,1
2017-07-21,6934.85888671875,0.006948377857501242,0.008874271878384299,0.04048552505445979,6645.83380859375,5637.297204589844,68.60968115081067,11.31999969482422,11.050000190734863,45.4900016784668,1
2017-07-24,6945.47802734375,0.0015312698929370594,-0.001717897001554558,0.012016484433573948,6660.991572265625,5646.846083984375,67.94051074111619,11.09000015258789,11.25,46.08000183105469,1
2017-07-25,6899.78564453125,-0.006578723974449696,-0.006933521750463356,0.017793207514553933,6673.512578125,5655.230114746094,61.66129300833656,11.3100004196167,11.170000076293944,46.540000915527344,1
2017-07-26,6955.3154296875,0.008048044970826451,0.00570970012177674,0.029432720548832725,6684.752880859375,5663.896391601563,58.951787959605404,10.90999984741211,11.460000038146973,46.02000045776367,1
2017-07-27,6986.8955078125,0.004540423571619323,0.006656138485725993,0.03381144313501783,6696.54662109375,5672.678276367187,66.59701568256908,11.170000076293944,11.489999771118164,46.400001525878906,1
2017-07-28,7015.25830078125,0.004059427099923907,0.009118573697039611,0.04350892697808417,6711.24560546875,5681.504289550781,68.83241582383818,11.220000267028809,11.260000228881836,47.119998931884766,1
2017-07-31,7125.21484375,0.015673912243046706,0.03458825132561483,0.06692656619687831,6728.888427734375,5691.002600097656,73.47966992565156,11.140000343322754,11.31999969482422,46.790000915527344,1
2017-08-01,7222.71533203125,0.013683866440430847,0.04150862332091387,0.08371196150480298,6750.115,5700.857165527344,76.70493409913053,11.899999618530272,11.09000015258789,45.77000045776367,1
2017-08-02,7167.001953125,-0.0077136334944799545,0.03189469823518687,0.08161917536193064,6766.969931640625,5710.4046630859375,66.75740276128208,11.90999984741211,11.3100004196167,46.34000015258789,1
2017-08-03,7113.58642578125,-0.0074529807153825844,0.03098658310051383,0.06455533557702675,6782.92572265625,5719.8142578125,62.37396361980861,11.9399995803833,10.90999984741211,47.88999938964844,1
2017-08-04,7143.8330078125,0.004251945533638279,0.027104101895989885,0.06208197124026005,6797.35255859375,5729.795009765625,67.08231634152195,11.640000343322754,11.170000076293944,48.75,1
2017-08-07,7206.67333984375,0.008796444704478379,0.031455720467767456,0.08581354610842684,6811.5817578125,5739.963088378906,68.85439734836187,11.390000343322754,11.220000267028809,49.040000915527344,1
2017-08-08,7130.59423828125,-0.010556757324059474,0.016440725708867454,0.07970507074349586,6823.00869140625,5749.852365722656,61.60186373793563,11.899999618530272,11.140000343322754,49.709999084472656,1
2017-08-09,7043.89697265625,-0.012158490965529567,-0.011412690406813364,0.060421739956283194,6832.461708984375,5759.124741210938,59.90368599563308,12.770000457763672,11.899999618530272,50.16999816894531,1
2017-08-10,6967.72705078125,-0.010813605333905962,-0.03530365929267343,0.04905631720263126,6839.22373046875,5767.990061035156,52.00317107748785,13.449999809265137,11.90999984741211,49.15999984741211,1
2017-08-11,6856.16064453125,-0.016011879546500185,-0.04337117676634861,0.03322422536790737,6844.938583984375,5776.0047290039065,45.15291007702475,13.800000190734863,11.9399995803833,49.59000015258789,1
2017-08-14,6995.0322265625,0.020255007026712457,-0.016665883019159278,0.03460016218995299,6854.017421875,5784.403232421875,54.694124481351764,15.199999809265137,11.640000343322754,49.02999877929688,1
2017-08-16,7080.25830078125,0.012183800082452567,-0.008899243160040982,0.044060913427808046,6864.598515625,5792.824948730468,55.98255847936126,14.380000114440918,11.390000343322754,49.58000183105469,1
2017-08-17,6971.12841796875,-0.015413262931446736,-0.03268427896859649,0.027759548884564555,6873.2470703125,5800.742160644531,49.29722638272793,14.239999771118164,11.899999618530272,49.38999938964844,1
2017-08-18,6986.16064453125,0.002156354848341868,-0.020255477863905802,0.016691174997154112,6880.47521484375,5808.6609790039065,48.687456389509514,14.34000015258789,12.770000457763672,49.16999816894531,1
2017-08-21,6897.07275390625,-0.012752052974152273,-0.02084417465501809,0.009296612285244477,6885.11623046875,5816.1253979492185,39.51144787297232,14.56999969482422,13.449999809265137,49.560001373291016,1
2017-08-22,6891.73974609375,-0.0007732277159870904,-0.010905608691858859,0.008835171831977018,6885.690849609375,5823.9469921875,33.37489784646115,14.81999969482422,13.800000190734863,48.59000015258789,1
2017-08-23,6962.486328125,0.010265416953875839,0.015508050220287561,0.015562511858413508,6889.35732421875,5832.071984863282,39.879896742318735,14.109999656677246,15.199999809265137,48.81999969482422,1
2017-08-24,7069.08642578125,0.015310636550284862,0.010586684495539789,0.028401520081956733,6895.6099609375,5841.192885742187,47.90810115006693,13.18000030517578,14.380000114440918,47.59000015258789,1
2017-08-28,7037.65380859375,-0.004446489304878787,-0.006017364109837442,0.011530641456059199,6901.195341796875,5850.105593261719,45.014185571208266,12.56999969482422,14.239999771118164,46.77999877929688,1
2017-08-29,6984.26171875,-0.007586632036169827,0.0018839562254222564,0.005224878791624699,6906.42541015625,5858.967160644531,39.4628079099208,12.640000343322754,14.34000015258789,47.09000015258789,1
2017-08-30,7017.6435546875,0.00477957975828458,0.004506468110047734,0.01472208791879126,6913.213046875,5869.264614257812,44.42311095338686,13.539999961853027,14.56999969482422,48.5099983215332,1
2017-08-31,7150.2900390625,0.018901855493415276,0.036713732650251796,0.03019765384027684,6922.922998046875,5880.521569824219,55.025098625629425,12.890000343322754,14.81999969482422,47.369998931884766,1
2017-09-01,7254.29052734375,0.014544932822737167,0.05260656882110126,0.04350246224316989,6935.485234375,5893.191469726563,63.188098752204446,11.949999809265137,14.109999656677246,47.63999938964844,1
2017-09-04,7262.8330078125,0.0011775762821395475,0.04313784839680723,0.054570545029074546,6947.0976171875,5907.226374511719,70.67636321026627,11.68000030517578,13.18000030517578,48.40999984741211,1
2017-09-05,7258.8408203125,-0.0005496735909672479,0.026842845468575405,0.04671788408185518,6957.74935546875,5920.578449707031,65.5447808688827,13.170000076293944,12.56999969482422,47.43000030517578,0
2017-09-06,7286.1865234375,0.0037672272752529157,0.03531471163589561,0.04905472233191288,6970.730712890625,5934.367202148437,63.02249334426001,12.890000343322754,12.640000343322754,46.56999969482422,0
2017-09-07,7353.55517578125,0.009246078470136032,0.05287508857805867,0.06576574326039486,6985.717705078125,5948.376267089844,75.53248504321428,13.119999885559082,13.539999961853027,46.43999862670898,0
2017-09-08,7401.4228515625,0.006509460340883955,0.0546877728804922,0.0641390640560846,7000.895302734375,5963.376025390625,76.56019772654449,13.010000228881836,12.890000343322754,45.959999084472656,0
2017-09-11,7560.8125,0.021535000990228648,0.05741339983340388,0.08214191718564656,7019.2735546875,5978.496538085938,88.95005492909075,12.960000038146973,11.949999809265137,47.22999954223633,0
2017-09-12,7572.048828125,0.001486127069676657,0.04380280877689091,0.07936849984294136,7038.000634765625,5993.9200830078125,89.64769129464044,12.359999656677246,11.68000030517578,47.290000915527344,0
2017-09-13,7542.4267578125,-0.0039120284331070065,0.03849651364684359,0.05855429249666266,7053.6272265625,6009.428579101563,85.49996293736893,11.760000228881836,13.170000076293944,47.290000915527344,0
2017-09-14,7493.81640625,-0.006444921922794777,0.03237095174755256,0.03753450908088163,7067.8743359375,6024.494289550781,77.9858964880209,11.760000228881836,12.890000343322754,48.65999984741211,1
2017-09-15,7521.20849609375,0.0036552923582306995,0.03225582709147701,0.04942185662643861,7082.641708984375,6039.6043310546875,82.03248014304512,11.470000267028809,13.119999885559082,49.15999984741211,1
2017-09-18,7575.15869140625,0.007173075356243563,0.030135561687882007,0.06488601360801027,7096.71552734375,6054.0904931640625,89.114314692986,11.68000030517578,13.010000228881836,49.09000015258789,1
2017-09-19,7550.876953125,-0.0032054428521473,0.020192617630399035,0.05697836789680788,7111.0621875,6067.637685546875,85.72771790053339,11.4399995803833,12.960000038146973,47.47999954223633,1
2017-09-20,7540.1513671875,-0.0014204424206728516,-0.0027326603870284627,0.04627350396195151,7125.237548828125,6081.195144042968,81.22261691920495,11.470000267028809,12.359999656677246,48.06999969482422,1
2017-09-21,7563.1806640625,0.0030542220909803852,-0.0011711710085070548,0.06066625183338448,7139.385302734375,6095.713579101563,78.42439132665761,11.630000114440918,11.760000228881836,48.22999954223633,1
2017-09-22,7491.91259765625,-0.009423028428355518,-0.0066973351917440915,0.0636033756227774,7151.74638671875,6109.25578125,68.89847420062502,11.630000114440918,11.760000228881836,49.29999923706055,1
2017-09-25,7396.037109375,-0.012797197915955905,-0.013047997385344234,0.061470556391230335,7160.518525390625,6122.630046386719,59.82833692917726,12.8100004196167,11.470000267028809,49.88999938964844,1
2017-09-26,7326.34716796875,-0.009422605697571917,-0.025908247089042158,0.06857869116770754,7168.086279296875,6135.7411328125,52.71243129797928,13.34000015258789,11.68000030517578,49.88999938964844,1
2017-09-27,7187.10888671875,-0.019005143771886557,-0.05122662382343601,0.027459010042422793,7173.51189453125,6147.613825683594,39.75307484107259,12.93000030517578,11.4399995803833,49.90999984741211,1
2017-09-28,7333.26611328125,0.02033602507853849,-0.028819280355732668,0.03573426303840965,7181.363271484375,6160.21546875,46.257042262963,13.859999656677246,11.470000267028809,49.47999954223633,1
2017-09-29,7408.34130859375,0.010237620475347375,-0.017481089195019117,0.06271766411561752,7190.49275390625,6173.6089697265625,40.77220547306407,13.170000076293944,11.630000114440918,50.40999984741211,1
2017-10-03,7324.8623046875,-0.011268244864665378,-0.03151033539465775,0.04848180243627587,7199.249892578125,6186.498879394531,36.242874659222835,12.489999771118164,11.630000114440918,50.54999923706055,1
2017-10-04,7286.69775390625,-0.005210275523790608,-0.02739151599475398,0.05649135711658704,7206.286669921875,6199.299560546875,35.90150139414786,12.460000038146973,12.8100004196167,50.65999984741211,1
2017-10-05,7271.70166015625,-0.0020580095753197636,-0.01681109050428453,0.055132945825161705,7212.811142578125,6211.9746923828125,37.28335285550148,11.800000190734863,13.34000015258789,52.220001220703125,1
2017-10-06,7338.6982421875,0.00921332930892138,0.0016858434272333245,0.05403413325822837,7221.58939453125,6224.816564941406,40.00411836281707,11.710000038146973,12.93000030517578,51.880001068115234,1
2017-10-09,7332.66259765625,-0.0008224407561211455,0.020252053117836066,0.037285747549177906,7229.136337890625,6237.966586914063,35.98309047577652,11.119999885559082,13.859999656677246,52.13999938964844,1
2017-10-10,7329.87646484375,-0.0003799619545280519,-0.00046222902389436715,0.041522738145085114,7235.99595703125,6251.135085449218,36.900058638871954,11.390000343322754,13.170000076293944,51.560001373291016,1
2017-10-11,7266.22216796875,-0.008684225058949502,-0.019183665371915404,0.04037083095866767,7241.015234375,6263.848095703125,34.72137417677558,11.109999656677246,12.489999771118164,51.66999816894531,1
2017-10-12,7339.67333984375,0.010108577769448068,0.0020220223316378405,0.045888592466504896,7245.304404296875,6277.174069824218,38.19754175078706,11.729999542236328,12.460000038146973,50.41999816894531,1
2017-10-13,7311.72314453125,-0.003808097992695547,0.0034343939422469827,0.022577140869367573,7247.084560546875,6289.8419921875,40.028803493166606,11.039999961853027,11.800000190734863,49.97999954223633,1
2017-10-16,7281.86962890625,-0.00408296581187273,0.001398292892805797,0.0038017641364851418,7249.3819140625,6302.497629394531,43.18425751942711,11.260000228881836,11.710000038146973,50.790000915527344,1
2017-10-17,7278.99072265625,-0.0003953526218832826,-0.008135982371916262,0.0022247124264551665,7252.69,6314.878459472657,46.92776610653131,11.3100004196167,11.119999885559082,49.290000915527344,1
2017-10-18,7228.05859375,-0.006997141615762925,-0.014265487128738874,-0.004240653201315836,7254.37451171875,6326.971301269531,53.00037135699858,11.609999656677246,11.390000343322754,49.58000183105469,1
2017-10-19,7178.89111328125,-0.006802307954623443,-0.020598621584779764,-0.01472586651619645,7253.8188671875,6338.43423828125,36.81504192863374,11.539999961853027,11.109999656677246,50.91999816894531,1
2017-10-23,7260.04736328125,0.011304844817865645,-0.0008497957459544514,-0.012716000664272697,7256.4079296875,6350.281123046875,37.46462758668511,12.399999618530272,11.729999542236328,51.29999923706055,1
2017-10-24,7312.51220703125,0.0072265153551680505,-0.003700591505217843,-0.012012642206015833,7261.780234375,6361.717116699218,48.89827237888314,12.329999923706056,11.039999961853027,50.59999847412109,1
2017-10-25,7308.0546875,-0.000609574302927518,-0.0005017226389368856,-0.03342998024352539,7268.586787109375,6372.935915527344,52.02711783969367,11.59000015258789,11.260000228881836,51.45000076293945,1
2017-10-26,7491.77294921875,0.025139147088347524,0.028825470793828023,-0.01060160608157723,7281.299033203125,6385.102038574219,65.82101812003735,11.760000228881836,11.3100004196167,51.869998931884766,1
2017-10-27,7534.859375,0.005751165454866536,0.03515166622583332,-0.0010033087566494459,7292.095576171875,6396.873125,64.60417239218218,11.619999885559082,11.609999656677246,51.880001068115234,1
2017-10-30,7609.88720703125,0.009957429634345427,0.052825887937794525,0.01548887702725743,7302.688154296875,6409.108532714844,68.7165972843996,11.479999542236328,11.539999961853027,52.040000915527344,1
2017-10-31,7624.744140625,0.0019523198162547661,0.062106113647399264,0.013765825609677318,7315.76046875,6421.2207861328125,69.58848193149387,12.109999656677246,12.399999618530272,51.290000915527344,1
2017-11-01,7649.95556640625,0.0033065274475141404,0.053706013695863364,0.00987396806417462,7329.0363671875,6433.383935546875,76.86407676720165,12.4399995803833,12.329999923706056,51.900001525878906,1
2017-11-02,7638.25537109375,-0.0015294461792536573,0.044545999355636745,0.011571956278878082,7343.86001953125,6445.086357421875,72.88118469558658,12.140000343322754,11.59000015258789,52.470001220703125,1
2017-11-03,7632.3134765625,-0.0007779125261687669,0.04437005508690639,0.012222846052674985,7358.671494140625,6456.6901171875,75.42537034268946,12.010000228881836,11.760000228881836,52.18000030517578,1
2017-11-06,7716.6279296875,0.01104703749183189,0.030013587169936518,0.020288721430935297,7373.754326171875,6469.073315429688,81.73814166200306,11.90999984741211,11.619999885559082,52.63999938964844,1
2017-11-07,7633.1484375,-0.010818131047414692,0.013044578220811287,0.018851773562859497,7385.03556640625,6481.143005371094,73.1319864138668,13.020000457763672,11.479999542236328,53.900001525878906,1
2017-11-08,7644.01318359375,0.0014233636595317734,0.004484426067572933,0.03352823553365125,7397.16275390625,6493.301494140625,78.66881781658283,13.239999771118164,12.109999656677246,54.150001525878906,1
2017-11-09,7618.7548828125,-0.0033043245968572554,-0.0007855027922299973,0.039911801630446275,7409.8526171875,6505.264509277344,81.3499346790084,13.609999656677246,12.4399995803833,54.380001068115234,1
2017-11-10,7598.9765625,-0.002596004283733966,-0.006663960785617817,0.05730644717827382,7421.47927734375,6516.972800292969,76.47219897959573,13.270000457763672,12.140000343322754,54.29999923706055,1
2017-11-13,7529.98388671875,-0.00907920628703085,-0.014174897161038036,0.026825396814827762,7429.073154296875,6528.563210449219,66.55820738821828,13.479999542236328,12.010000228881836,54.540000915527344,1
2017-11-14,7542.7509765625,0.0016955002873602076,-0.01173464641815758,0.0181430177646964,7434.84236328125,6540.0747265625,67.6463893514725,14.050000190734863,11.90999984741211,55.63999938964844,1
2017-11-15,7546.744140625,0.0005294042021151135,-0.022015288363058327,0.030291605044303394,7440.5205859375,6551.435202636719,55.663945568648444,14.170000076293944,13.020000457763672,57.34999847412109,1
2017-11-16,7580.59130859375,0.004485002716144493,-0.006885380172622857,0.04033288666734536,7446.955595703125,6562.66451171875,54.80343454878722,14.270000457763672,13.239999771118164,57.20000076293945,1
2017-11-17,7752.05126953125,0.0226182831863162,0.014133686499832487,0.06605738681593243,7456.272890625,6574.230061035156,62.416816642642075,13.460000038146973,13.609999656677246,56.810001373291016,1
2017-11-20,7823.830078125,0.009259330994864534,0.026917153585704456,0.06610597955215725,7465.678388671875,6586.250808105468,65.81584284080665,13.710000038146973,13.270000457763672,57.16999816894531,1
2017-11-21,7823.04150390625,-0.00010079132737750296,0.029486199827484905,0.06687596759282788,7474.11076171875,6598.270830078125,64.30545421673523,13.43000030517578,13.479999542236328,56.7400016784668,1
2017-11-22,7905.08056640625,0.010486849962260347,0.0498137426760088,0.07847391484990895,7480.996123046875,6609.391166992187,69.75594025257733,13.720000267028809,14.050000190734863,56.7599983215332,1
2017-11-23,7858.88427734375,-0.005843873275475198,0.04191220176346366,0.0815639951098106,7486.73283203125,6620.44072265625,65.83175419645531,14.039999961853027,14.170000076293944,55.70000076293945,1
2017-11-24,7881.681640625,0.0029008396709659934,0.044381721939795504,0.07384637921676074,7493.5179296875,6631.737114257812,62.617993902093055,13.869999885559082,14.270000457763672,55.33000183105469,1
2017-11-27,7900.85546875,0.002432707764567832,0.04224791274437689,0.08057366404243393,7501.6587109375,6642.97193359375,72.69721753501058,13.510000228881836,13.460000038146973,55.13999938964844,1
2017-11-28,8008.15283203125,0.013580474127851128,0.03303661877296715,0.09973856167953521,7511.39759765625,6654.451340332032,76.53429371680359,13.029999732971191,13.710000038146973,56.54999923706055,1
2017-11-29,8051.98046875,0.00547287715881839,0.02916095931874807,0.10619463268276719,7520.934033203125,6666.2351586914065,80.73667188156048,13.149999618530272,13.43000030517578,56.09000015258789,1
2017-11-30,7984.89306640625,-0.008331789005713408,0.02068908396039859,0.10470784967220292,7529.61435546875,6677.8561499023435,75.65775932984936,13.0600004196167,13.720000267028809,56.83000183105469,1
2017-12-01,7994.08544921875,0.0011512217804361402,0.011259199961950905,0.11355435304337691,7538.693037109375,6689.729270019531,83.5214287729594,13.550000190734863,14.039999961853027,58.02000045776367,1
2017-12-04,7893.6123046875,-0.01256843514739625,0.004418951357238798,0.08726732894479405,7545.301669921875,6701.514897460937,72.49249065009246,14.800000190734863,13.869999885559082,58.02000045776367,1
2017-12-05,7893.2431640625,-4.676447369744707e-05,0.0014668853633859058,0.07941606667990997,7553.32828125,6713.676313476562,72.31653164939117,14.859999656677246,13.510000228881836,58.95000076293945,1
2017-12-06,7997.24267578125,0.013175764328692496,0.0121995912230628,0.09430525875238249,7565.352392578125,6726.712375488281,74.61080807940968,15.010000228881836,13.029999732971191,58.11000061035156,1
2017-12-07,8247.9560546875,0.03134997761984981,0.029944885878935512,0.1009351338587492,7583.7845703125,6740.258002929688,76.78441354858344,15.09000015258789,13.149999618530272,57.9900016784668,1
2017-12-08,8396.388671875,0.017996290984497065,0.04277310463700945,0.11433913414940133,7607.970166015625,6754.7057592773435,78.55973773558253,14.270000457763672,13.0600004196167,57.29999923706055,1
2017-12-11,8481.4013671875,0.01012491186803488,0.06218095804815982,0.11452392610379336,7630.93287109375,6769.10326171875,80.29416086503839,13.670000076293944,13.550000190734863,57.400001525878906,1
2017-12-12,8479.1240234375,-0.0002685103146763401,0.060674679711629986,0.11205358069136029,7652.348525390625,6783.62728515625,78.50689781763496,14.149999618530272,14.800000190734863,58.36000061035156,1
2017-12-13,8469.19140625,-0.0011714202033187293,0.07291707260827862,0.10709027428097939,7675.235107421875,6798.02580078125,81.44012283166839,15.260000228881836,14.859999656677246,57.470001220703125,1
2017-12-14,8461.8544921875,-0.0008663063225947676,0.07203773104493427,0.10782555453835463,7698.7382421875,6812.611264648437,80.37153557746083,15.949999809265137,15.010000228881836,57.619998931884766,1
2017-12-15,8511.20703125,0.005832354965222386,0.06426769529268306,0.11515427889412932,7723.528349609375,6827.8089453125,80.97273210222092,16.40999984741211,15.09000015258789,55.959999084472656,1
2017-12-18,8644.1787109375,0.015623128329422364,0.04803889031693109,0.12020156857395126,7749.637958984375,6843.804790039063,81.45593906741658,14.9399995803833,14.270000457763672,56.68999862670898,1
2017-12-19,9101.408203125,0.0528944978438457,0.08396699566940868,0.19235310011944207,7785.01287109375,6862.1001171875,86.8380313266592,13.119999885559082,13.670000076293944,57.36000061035156,0
2017-12-20,9038.63671875,-0.006896898037541788,0.06570085855367136,0.1824465109701161,7819.188076171875,6880.085495605469,87.10195293252778,12.1899995803833,14.149999618530272,57.9900016784668,0
2017-12-21,8943.1318359375,-0.010566292880693218,0.05472355531272055,0.173831153974086,7852.72626953125,6897.735854492187,81.50094925189485,12.1899995803833,15.260000228881836,57.13999938964844,0
2017-12-22,9007.1572265625,0.007159168823579032,0.06352032850686284,0.18531188410445898,7886.075947265625,6915.48982421875,87.87748935695267,12.09000015258789,15.949999809265137,56.59999847412109,0
2017-12-26,8987.6572265625,-0.002164944999793472,0.062138002356392885,0.19358253108811674,7919.59462890625,6933.359360351563,86.74847422412674,11.59000015258789,16.40999984741211,57.040000915527344,0
2017-12-27,8955.25,-0.003605747943604465,0.0521715624023289,0.18726576388727945,7953.062236328125,6951.1787939453125,83.79290210904331,12.050000190734863,14.9399995803833,57.29999923706055,0
2017-12-28,8941.416015625,-0.0015447904162363413,0.034385835210857474,0.18480444666095397,7986.3107421875,6968.468215332031,79.36924022456351,12.489999771118164,13.119999885559082,57.15999984741211,0
2017-12-29,9034.59765625,0.010421351658637334,-0.007340682384958885,0.19180645525737727,8022.4415234375,6986.263996582031,78.35632700595134,12.300000190734863,12.1899995803833,57.459999084472656,0
2018-01-01,8962.4931640625,-0.007980930079118598,-0.00842423000910586,0.15614472253154266,8058.113564453125,7002.886530761719,71.6234698822257,12.670000076293944,12.1899995803833,58.09000015258789,0
2018-01-02,8871.6328125,-0.010137843332124197,-0.007994852893724036,0.13392452595623205,8090.3452734375,7019.032006835938,66.34074271631118,13.350000381469728,12.09000015258789,58.36000061035156,0
2018-01-03,8743.9990234375,-0.014386730352801136,-0.02921656594923594,0.11772371641789081,8118.975009765625,7034.45611328125,60.419531637048706,13.6899995803833,11.59000015258789,58.470001220703125,0
2018-01-04,8715.818359375,-0.0032228576406475584,-0.030245798246966493,0.10255908034816175,8147.130283203125,7049.568540039062,59.47939319402759,13.619999885559082,12.050000190734863,59.970001220703125,0
2018-01-05,8760.017578125,0.005071149595775815,-0.021800890190112,0.11466427917498567,8172.49517578125,7065.056882324218,59.32290713757749,13.420000076293944,12.489999771118164,59.63999938964844,0
2018-01-08,8774.041015625,0.0016008458173666362,-0.018719070861652587,0.11321941378607092,8197.27880859375,7080.995043945312,55.342122579696564,13.109999656677246,12.300000190734863,59.84000015258789,0
2018-01-09,8713.3095703125,-0.006921718875527061,-0.03556196946028223,0.1028311560407571,8219.347255859375,7096.953627929687,26.30533988860178,13.739999771118164,12.670000076293944,60.41999816894531,0
2018-01-10,8706.1591796875,-0.0008206285530543145,-0.0286007453152477,0.08716196634813755,8240.975556640626,7112.743149414063,28.222097416130097,13.850000381469728,13.350000381469728,60.41999816894531,0
2018-01-11,8672.685546875,-0.00384482205317338,-0.022425101424924376,0.07708725580420572,8261.43015625,7128.503898925781,30.718372678193717,14.039999961853027,13.6899995803833,60.369998931884766,0
2018-01-12,8783.5107421875,0.012778647941690036,0.0045187240579616095,0.10001607650090705,8284.335263671876,7144.905424804688,35.05247630733885,14.010000228881836,13.619999885559082,61.630001068115234,0
2018-01-15,8690.0048828125,-0.010645613367999629,-0.002961681335950983,0.08705429007664178,8305.489091796875,7160.892512207031,31.89707807403289,13.729999542236328,13.420000076293944,62.0099983215332,0
2018-01-16,8656.2041015625,-0.003889615909980937,-0.011850829708576982,0.09660872201972048,8324.280615234375,7176.8489672851565,31.84310107450885,14.3100004196167,13.109999656677246,61.43999862670898,0
2018-01-17,8648.63671875,-0.0008742149241991459,-0.014292649949057323,0.09570129020308982,8344.590380859376,7192.710346679687,32.08727469134328,14.09000015258789,13.739999771118164,61.72999954223633,0
2018-01-18,8699.521484375,0.005883559141139916,-0.0015824166266831252,0.08781511791814478,8365.700546875,7208.554475097656,28.38054792449026,13.859999656677246,13.850000381469728,62.959999084472656,0
2018-01-19,8657.96875,-0.004776439077670225,-0.005535211187033373,0.04971082442655361,8386.48482421875,7223.932043457031,29.545362116352138,13.960000038146973,14.039999961853027,63.56999969482422,0
2018-01-22,8645.10546875,-0.0014857158325963793,-0.003180108165565576,0.02962187752314449,8407.40740234375,7238.002292480469,33.00346138402605,13.979999542236328,14.010000228881836,63.79999923706055,0
2018-01-23,8722.458984375,0.0089476659254899,-0.006950723873913711,0.028421908921807848,8431.256904296875,7252.692602539062,48.25193889988731,15.390000343322754,13.729999542236328,64.30000305175781,0
2018-01-24,8761.0390625,0.004423073607352057,0.00817423932959982,0.03324813250558045,8455.622666015624,7267.724291992187,53.60892715743795,16.229999542236328,14.3100004196167,64.30000305175781,0
2018-01-25,8615.486328125,-0.016613638329500358,-0.004703883244868257,0.01727377678192976,8476.997509765624,7281.984545898437,40.07156523115811,18.040000915527344,14.09000015258789,63.72999954223633,0
2018-01-29,8942.806640625,0.03799208773989604,0.03401344413475571,0.0568376765260552,8504.24181640625,7297.9781640625,58.1046757022933,17.510000228881836,13.859999656677246,63.970001220703125,0
2018-01-30,8887.8828125,-0.006141676805969887,0.021651918265080505,0.04425644680795404,8526.958447265624,7314.126057128906,58.4306024412306,17.889999389648438,13.960000038146973,63.95000076293945,0
2018-01-31,8830.4501953125,-0.006461900814750399,0.019921698760174023,0.021548777576672506,8547.090849609374,7330.338671875,55.72433731645096,16.420000076293945,13.979999542236328,63.369998931884766,0
2018-02-01,8730.3037109375,-0.011341039489488391,0.009855084185551144,-0.040774403686242744,8565.23609375,7345.877717285156,52.50011652888009,15.93000030517578,15.390000343322754,63.4900016784668,0
2018-02-02,8348.4267578125,-0.04374154276518205,-0.04288151165084564,-0.07636217522778732,8574.103017578125,7359.4080859375,34.716319890883284,14.109999656677246,16.229999542236328,64.47000122070312,0
2018-02-05,8432.0,0.010010657649873078,-0.03755708200279473,-0.05715356156145923,8585.56533203125,7373.081423339844,40.873084690583006,15.25,18.040000915527344,65.61000061035156,0
2018-02-06,8342.85546875,-0.010572169265891884,-0.03164427972974715,-0.07375265481693216,8594.78880859375,7385.957150878906,39.33297562603764,16.049999237060547,17.510000228881836,65.51000213623047,0
2018-02-07,8284.54296875,-0.006989513388841795,-0.07360817451700985,-0.07823109405357453,8602.46255859375,7398.944462890625,38.01942948072797,20.020000457763672,17.889999389648438,65.55999755859375,0
2018-02-08,8385.6630859375,0.012205877568495227,-0.0565061148034236,-0.06360368655956006,8610.012763671875,7411.828056640625,40.00293636973872,19.46999931335449,16.420000076293945,64.5,0
2018-02-09,8297.8203125,-0.010475352102424673,-0.06031740976187572,-0.07197916996595677,8614.929560546874,7424.185783691406,38.85708967941079,17.770000457763672,15.93000030517578,64.7300033569336,0
2018-02-12,8466.5888671875,0.020338902064830577,-0.030206835006165056,-0.06287040227735652,8624.5634765625,7437.069714355469,44.962702710150324,19.229999542236328,14.109999656677246,65.80000305175781,0
2018-02-14,8358.642578125,-0.01274967885600875,0.0012236820911124546,-0.06737529110301577,8631.854619140626,7449.562158203125,39.908235011122535,17.8799991607666,15.25,65.44999694824219,1
2018-02-15,8375.958984375,0.0020716768408446384,-0.006646230505811146,-0.05587177001133348,8641.501552734375,7461.447971191406,39.190900578280605,17.18000030517578,16.049999237060547,64.1500015258789,1
2018-02-16,8205.751953125,-0.020320900755067428,-0.016433643869122716,-0.06155616770653538,8647.751728515625,7471.65232421875,38.65587252078383,16.31999969482422,20.020000457763672,63.38999938964844,1
2018-02-19,8101.65966796875,-0.012685282927253017,-0.022075243193390603,-0.07046483371760981,8649.840068359375,7481.61892578125,23.4268954212978,16.3799991607666,19.46999931335449,61.790000915527344,1
2018-02-20,8099.6162109375,-0.0002522269652142084,-0.03411141994002742,-0.07538813264902744,8646.873271484375,7491.594619140625,24.236677159011037,16.670000076293945,17.770000457763672,61.150001525878906,1
2018-02-21,8155.42333984375,0.006890095462904755,-0.01716076840585956,-0.07050544608574338,8642.05396484375,7501.783383789062,27.91428322207308,16.8700008392334,19.229999542236328,59.20000076293945,1
2018-02-22,8017.34521484375,-0.01693083476432322,-0.053060761469687745,-0.07987370927804527,8632.772841796876,7511.390241699219,27.238199519678204,15.920000076293944,17.8799991607666,59.290000915527344,1
2018-02-23,8077.470703125,0.007499426140454846,-0.03363846131378334,-0.07221192073185434,8624.739775390624,7521.303474121094,39.11279088839413,14.829999923706056,17.18000030517578,60.59999847412109,1
2018-02-26,8362.123046875,0.03524028179265004,-0.0016518630912365495,-0.035809265575402316,8622.598408203125,7532.141437988281,47.58287684745039,14.199999809265137,16.31999969482422,61.34000015258789,1
2018-02-27,8256.1279296875,-0.012675622756724625,0.0061391054531345635,-0.06004237120892475,8618.483876953125,7542.335649414063,47.03456584499964,13.699999809265137,16.3799991607666,61.68000030517578,1
2018-02-28,8218.7529296875,-0.0045269405123443685,0.014452996857137412,-0.05422919313394914,8612.634794921874,7552.49146484375,47.71779509377945,13.920000076293944,16.670000076293945,61.68000030517578,1
2018-03-01,8239.646484375,0.0025421806527397006,0.017288507231787875,-0.048122434764715005,8604.544150390626,7562.321020507812,44.636252691362024,13.8100004196167,16.8700008392334,61.900001525878906,1
2018-03-05,8166.89208984375,-0.008829795631307147,0.0014062727981229983,-0.0557017995520428,8585.853828125,7571.188979492187,45.136595252112926,14.06999969482422,15.920000076293944,61.68000030517578,1
2018-03-06,8001.04931640625,-0.02030671785705851,-0.002032580361804648,-0.08028857325351269,8565.102080078124,7579.20818359375,32.66959413304619,15.399999618530272,14.829999923706056,62.77000045776367,1
2018-03-07,8059.177734375,0.007265099322604662,-0.002264690200971309,-0.06916068109220186,8547.422998046875,7588.102526855469,38.42255565178718,16.25,14.199999809265137,63.54999923706055,1
2018-03-08,8105.83740234375,0.005789631337913326,-0.030648394324576,-0.06237842538249827,8529.3966015625,7597.416345214844,39.78865895081838,15.699999809265137,13.699999809265137,63.90999984741211,1
2018-03-09,8041.99951171875,-0.007875545419470331,-0.025935695254767577,-0.07801234421109837,8510.483447265626,7606.819409179688,43.268339466862685,14.59000015258789,13.920000076293944,63.0099983215332,1
2018-03-12,8181.0068359375,0.017285169442772252,-0.004592678971240827,-0.06620587152101853,8494.998583984376,7616.103166503906,53.170840977358075,14.529999732971191,13.8100004196167,61.63999938964844,1
2018-03-13,8130.630859375,-0.006157674424767445,-0.013230619202744709,-0.0562772025030327,8478.782880859375,7625.1773364257815,51.193299577222,14.489999771118164,14.06999969482422,60.9900016784668,1
2018-03-14,8214.4345703125,0.010307159725603698,0.005821367534398325,-0.08144781605851592,8462.379619140625,7634.1370532226565,52.222595346958805,14.460000038146973,15.399999618530272,62.56999969482422,0
2018-03-15,8206.3095703125,-0.000989112510478063,0.0256541668210144,-0.07668566930573495,8447.255947265625,7642.692534179688,57.88944715422625,14.359999656677246,16.25,62.59999847412109,0
2018-03-16,8056.8095703125,-0.018217689537430748,-0.0002938468588922216,-0.0876105530169543,8430.959482421875,7650.180344238282,49.19728373290192,14.329999923706056,15.699999809265137,61.150001525878906,1
2018-03-19,8146.83544921875,0.011173886899098928,0.005057842248741062,-0.06683252737104317,8419.0162109375,7658.058291015625,40.14543952588217,15.220000267028809,14.59000015258789,60.119998931884766,0
2018-03-20,8173.671875,0.0032940920371509197,0.0163730876990702,-0.020932672452203427,8408.17328125,7665.778520507813,45.93077277485296,15.81999969482422,14.529999732971191,62.040000915527344,0
2018-03-21,8240.759765625,0.008207803255498414,0.007303860134307394,-0.022680293450545563,8397.788125,7674.130229492188,51.05510025208164,15.609999656677246,14.489999771118164,61.36000061035156,0
2018-03-22,8075.380859375,-0.020068405214268115,-0.0067952906675493585,-0.03206031920088814,8383.814921875,7681.801682128907,43.082761927555865,15.109999656677246,14.460000038146973,60.709999084472656,1
2018-03-23,7992.45947265625,-0.010268418067549523,-0.02702256567463357,-0.035256440481450046,8369.397919921876,7689.007961425781,42.7169910101511,15.25,14.359999656677246,60.959999084472656,1
2018-03-26,8139.2197265625,0.01836233945362431,-0.00817539762242303,-0.029388654999540575,8358.059130859376,7697.010556640625,55.86238529449177,15.550000190734863,14.329999923706056,61.18999862670898,0
2018-03-27,8220.0048828125,0.009925417787451485,0.020255575246725055,-0.009377815710262749,8349.005517578125,7704.986813964843,56.694963624005226,15.199999809265137,15.220000267028809,62.34000015258789,0
2018-03-28,8228.177734375,0.0009942635897441932,0.009984525361200314,-0.028159053965224334,8337.898857421875,7712.802592773438,55.26141275063071,15.550000190734863,15.81999969482422,62.060001373291016,0
2018-04-02,8364.7705078125,0.016600610468932242,0.02337977786911094,0.000733124981744826,8331.394169921876,7720.3114013671875,63.063700448015744,15.760000228881836,15.609999656677246,63.400001525878906,0
2018-04-03,8381.71875,0.002026145507718402,0.017105095693116468,0.0006876544686698072,8325.904462890625,7728.324182128907,59.01416098116372,15.350000381469728,15.109999656677246,65.16999816894531,0
2018-04-04,8369.693359375,-0.0014347165520198768,0.036445649452969464,0.019978840109536433,8320.325595703125,7736.390375976563,61.119559796250414,15.1899995803833,15.25,64.30000305175781,0
2018-04-05,8480.2841796875,0.0132132463596919,0.06103561847266081,0.046734191170199946,8315.940849609375,7744.999873046875,62.06486833369823,16.34000015258789,15.550000190734863,65.87999725341797,0
2018-04-06,8548.62890625,0.008059249562202497,0.05030078968766327,0.055436292735224324,8313.754052734375,7754.129226074218,64.73011905622351,14.800000190734863,15.199999809265137,65.55000305175781,0
2018-04-09,8628.904296875,0.009390440444351222,0.04974442471652085,0.058057189345160465,8313.430029296875,7763.8824389648435,76.17692846648531,14.75,15.550000190734863,65.25,0
2018-04-10,8611.0751953125,-0.0020662068959272917,0.04653490399676996,0.07405568359080839,8311.202353515626,7773.6138525390625,72.74460129611954,14.869999885559082,15.760000228881836,64.37999725341797,0
2018-04-11,8638.05078125,0.003132661755431476,0.03267038506104414,0.06940044708650239,8308.742587890625,7783.673212890625,72.74831728354312,14.5,15.350000381469728,63.0099983215332,0
2018-04-12,8547.00390625,-0.010540210668549044,0.019719721119251243,0.022109320604184468,8307.372939453126,7792.997163085937,64.65777461183731,14.720000267028809,15.1899995803833,63.5099983215332,0
2018-04-13,8472.2529296875,-0.008745869006546059,0.012253683128978787,0.02617752557138253,8297.961865234374,7801.727158203125,70.79999713383751,14.5600004196167,16.34000015258789,63.369998931884766,0
2018-04-16,8572.5869140625,0.011842656871517754,0.010884391657073111,0.043052028379742646,8291.655947265624,7811.404499511718,79.85939131225895,14.140000343322754,14.800000190734863,63.540000915527344,0
2018-04-17,8506.052734375,-0.007761272105431427,-0.0049804679021535625,0.03233224271274149,8285.167998046874,7820.9137353515625,70.58070666615531,14.260000228881836,14.75,62.060001373291016,0
2018-04-18,8469.978515625,-0.004241005772773532,-0.018417840293761922,0.037111599179590504,8279.961494140625,7830.050913085937,64.76521410088242,14.039999961853027,14.869999885559082,63.41999816894531,0
2018-04-19,8429.2607421875,-0.004807305397810158,-0.02111402455572242,0.05351940837349889,8281.578173828126,7838.987717285157,61.43764782472002,14.109999656677246,14.5,65.51000213623047,0
2018-04-20,8380.3701171875,-0.00580010827702937,-0.029830880899870293,0.039854237417114025,8280.545576171875,7847.71109375,50.98564782249207,13.75,14.720000267028809,66.81999969482422,0
2018-04-23,8417.3740234375,0.0044155455824210765,-0.015166704524109065,0.03843361341095641,8282.035947265626,7855.992478027344,52.19716272279439,12.9399995803833,14.5600004196167,67.06999969482422,0
2018-04-24,8417.189453125,-2.1927303216706662e-05,-0.006499272037730708,0.04665381300502758,8284.688876953125,7864.171120605469,52.97016642605363,13.149999618530272,14.140000343322754,67.38999938964844,0
2018-04-25,8296.4287109375,-0.014346919819259396,-0.03221410361812593,0.014108517119552522,8282.904189453126,7871.7390649414065,38.64700973037643,11.899999618530272,14.260000228881836,66.22000122070312,0
2018-04-26,8307.431640625,0.0013262248216505679,-0.023350559883942967,0.0217450262234129,8283.096416015625,7878.918884277344,33.97106580931886,12.399999618530272,14.039999961853027,66.5199966430664,0
2018-04-27,8155.98046875,-0.01823080567216151,-0.03707188233072278,-0.007116022540827882,8276.884248046876,7885.531066894531,21.28771691002963,12.039999961853027,14.109999656677246,68.47000122070312,1
2018-04-30,8185.32421875,0.0035978200429036544,-0.028939254686549787,-0.002557221535782306,8273.417880859375,7892.300771484375,24.508105946231666,12.020000457763672,13.75,68.29000091552734,1
2018-05-02,8119.90625,-0.007992104772117425,-0.031080234350665314,0.007831472140038764,8268.296826171874,7898.621337890625,20.341361106701342,12.359999656677246,12.9399995803833,68.37999725341797,1
2018-05-03,8130.537109375,0.001309234250703284,-0.03407676946085869,-0.0020005730992532778,8266.792529296876,7904.904731445313,23.74429279969266,12.84000015258789,13.149999618530272,68.63999938964844,1
2018-05-04,8058.341796875,-0.008879525611752537,-0.04263271704271465,-0.014109947143553514,8265.926171875,7910.409289550781,23.821053346756997,12.989999771118164,11.899999618530272,67.69999694824219,1
2018-05-07,8119.1630859375,0.007547618430144842,-0.021366497703560583,-0.014755518076709495,8266.317109375,7916.265307617187,19.813173067170837,13.25,12.399999618530272,68.05000305175781,1
2018-05-08,8148.4140625,0.0036027083398735282,-0.01914160537263676,0.00904393296078565,8266.176923828125,7922.428237304687,24.946365730985832,13.760000228881836,12.039999961853027,68.19000244140625,1
2018-05-09,8095.6240234375,-0.006478566093670479,-0.007400268495462714,0.012907735238970597,8267.7425,7928.20287109375,24.375495492604884,14.0600004196167,12.020000457763672,68.0999984741211,1
2018-05-10,8083.18017578125,-0.0015371079017780787,-0.012478924504269462,-0.0068851256832843655,8267.856689453125,7933.859436035156,25.356986150293338,14.270000457763672,12.359999656677246,68.56999969482422,1
2018-05-11,8125.2919921875,0.005209807958064028,0.0006632764002048042,-0.011522242623363654,8263.120068359374,7940.050869140625,31.65985347542967,14.43000030517578,12.84000015258789,67.93000030517578,1
2018-05-14,8085.0849609375,-0.004948379859906482,-0.00559030084065304,-0.017390578820350333,8259.699208984375,7945.801999511718,26.21792085034646,13.979999542236328,12.989999771118164,68.43000030517578,1
2018-05-15,8103.28466796875,0.0022510223602076884,0.005577186005088386,-0.03126037224805256,8257.38984375,7951.591032714844,28.098467417025688,14.25,13.25,69.72000122070312,1
2018-05-16,8074.498046875,-0.0035524632631431796,-0.00550118757188911,-0.03665366403817838,8254.086875,7957.464594726563,32.23569323609189,13.170000076293944,13.760000228881836,70.7300033569336,1
2018-05-17,8076.26318359375,0.00021860637138093608,-0.008854591623945196,-0.03505865306912048,8252.274296875,7963.069333496093,31.218506296955425,13.4399995803833,14.0600004196167,69.05999755859375,1
2018-05-18,7903.03857421875,-0.02144860877328658,-0.023788833159889777,-0.06806913462303588,8250.31408203125,7967.650048828125,30.151736102862685,13.40999984741211,14.270000457763672,71.13999938964844,1
2018-05-21,7826.4775390625,-0.009687544156244843,-0.03175762894508771,-0.0844756948871096,8245.660078125,7971.7061450195315,23.784088055339936,14.149999618530272,14.43000030517578,71.36000061035156,1
2018-05-22,7949.1884765625,0.01567894840144124,-0.02167349995474921,-0.07877197346581566,8242.527099609375,7975.826013183594,38.49144173798551,14.40999984741211,13.979999542236328,70.69999694824219,1
2018-05-23,7890.4560546875,-0.00738848022639893,-0.02407258639709231,-0.08368515246705477,8239.49623046875,7979.164716796875,34.801163762618145,13.600000381469728,14.25,70.95999908447266,1
2018-05-24,7809.9951171875,-0.01019724803513744,-0.036193909358829046,-0.0958614026511515,8232.07599609375,7982.379682617187,34.440725875529225,14.15999984741211,13.170000076293944,71.30999755859375,1
2018-05-25,7937.58154296875,0.016336300326292186,-0.0169566582481544,-0.07130245521891121,8228.215009765625,7986.499658203125,39.50191257216255,13.149999618530272,13.4399995803833,71.48999786376953,1
2018-05-28,8087.2197265625,0.01885186095836744,0.0013566352061193943,-0.045446377288360984,8225.670712890626,7991.216591796875,46.89437823135725,12.649999618530272,13.40999984741211,71.48999786376953,1
2018-05-29,8092.4208984375,0.0006431347299638013,0.023963229135253394,-0.05601179905651743,8223.392939453124,7995.645329589844,49.8291903309229,13.0600004196167,14.149999618530272,71.27999877929688,1
2018-05-30,7974.77099609375,-0.014538282649938061,0.018947662762859308,-0.06245925752778525,8221.75216796875,7999.866213378907,44.8021939123334,13.06999969482422,14.40999984741211,72.23999786376953,1
2018-05-31,7927.41357421875,-0.0059384052405011545,-0.002739261046325825,-0.06405741648639995,8217.36373046875,8004.283796386719,40.5599702954291,13.40999984741211,13.600000381469728,72.12999725341797,1
2018-06-01,8179.6591796875,0.031819407819101864,0.036652269906273904,-0.029611323001407786,8217.4834765625,8010.34345703125,53.75258745019812,13.220000267028809,14.15999984741211,71.83999633789062,1
2018-06-04,8124.8740234375,-0.006697730925763756,0.04031742677495975,-0.030487447472755003,8215.16576171875,8016.687023925781,50.832469452899154,13.56999969482422,13.149999618530272,70.70999908447266,1
2018-06-05,8181.099609375,0.006920179411435523,0.030679126266357937,-0.028069848554265642,8217.28013671875,8022.617360839844,54.02529935306109,13.880000114440918,12.649999618530272,67.87999725341797,1
2018-06-06,8210.7666015625,0.003626284192103313,0.015276804535705901,-0.024523964051428426,8221.646279296874,8028.26990234375,54.9740681714025,13.31999969482422,13.0600004196167,67.87999725341797,1
2018-06-07,8274.74609375,0.007792146006844858,0.022530364843937223,-0.002613488037197853,8224.356806640624,8034.787990722656,64.95442307004754,12.550000190734863,13.06999969482422,66.7300033569336,1
2018-06-08,8294.431640625,0.002378991047214063,0.040083990460394237,-0.0015648639149105081,8225.845341796876,8041.329345703125,69.72948513984,12.779999732971191,13.40999984741211,68.20999908447266,1
2018-06-11,8378.1884765625,0.010097959639244092,0.056862796184842024,0.027244794008997486,8228.845556640625,8048.734924316406,68.70142077600747,12.699999809265137,13.220000267028809,67.04000091552734,1
2018-06-12,8372.7099609375,-0.0006539021699411007,0.023601323357017367,0.0228928918610527,8229.004345703124,8056.139775390625,72.04654244276841,13.18000030517578,13.56999969482422,65.80999755859375,1
2018-06-13,8326.8369140625,-0.005478876861735205,0.024857356562379307,0.02548436616032368,8227.906708984376,8062.961528320313,74.39935862741103,12.729999542236328,13.880000114440918,64.75,1
2018-06-14,8318.1552734375,-0.001042609662540439,0.0167527191461454,0.023075740450918758,8226.875947265626,8069.206872558594,70.23843712624917,12.640000343322754,13.31999969482422,65.5199966430664,1
2018-06-15,8312.2119140625,-0.0007145045000517269,0.012355157249348103,0.03150401454626195,8223.514501953125,8075.579663085938,64.12326656016634,12.100000381469728,12.550000190734863,64.7300033569336,1
2018-06-18,8332.5048828125,0.0024413440080452986,0.0069801282611108295,0.0262763285595915,8219.192021484376,8082.32087890625,64.79038047120626,12.06999969482422,12.779999732971191,65.94999694824219,1
2018-06-19,8229.5703125,-0.012353376536847094,-0.00781986408897728,0.009959760191064815,8211.205341796875,8088.380512695312,65.9867713602093,12.380000114440918,12.699999809265137,65.73999786376953,1
2018-06-20,8309.1494140625,0.009669897520849347,-0.00824033294227422,0.02637540849313491,8205.166826171875,8094.174809570312,73.02030852946459,12.920000076293944,13.18000030517578,66.0999984741211,1
2018-06-21,8229.9892578125,-0.009526866386110333,-0.01704593898401552,0.018162292419401815,8197.005595703125,8099.053303222656,53.83588274872431,12.170000076293944,12.729999542236328,66.36000061035156,1
2018-06-22,8240.9931640625,0.0013370498922042895,-0.010309286813943164,0.014239632493976417,8190.885380859375,8103.944104003906,59.482802620917575,12.449999809265137,12.640000343322754,66.63999938964844,1
2018-06-25,8164.94189453125,-0.009228410704536949,-0.01841915351057566,0.00987706795656118,8184.73916015625,8108.474609375,48.72187653291001,12.020000457763672,12.100000381469728,66.88999938964844,1
2018-06-26,8293.41015625,0.015734130552085945,-0.002261943993594695,0.02346276800971725,8179.155625,8113.510727539063,55.653634942479584,12.579999923706056,12.06999969482422,65.05999755859375,1
2018-06-27,8262.7216796875,-0.0037003447296493075,-0.008374816949575647,0.023310877248319706,8174.28900390625,8118.056560058594,49.13815550018199,12.800000190734863,12.380000114440918,65.8499984741211,1
2018-06-28,8144.791015625,-0.014272617260292386,-0.010301788994527161,0.008485091492617336,8167.78525390625,8121.773400878907,40.5986062828934,13.510000228881836,12.920000076293944,65.06999969482422,1
2018-06-29,8195.2119140625,0.006190569941054713,-0.01371229404145402,0.036969747407899156,8163.10427734375,8124.945397949219,38.00164445247033,13.949999809265137,12.170000076293944,66.22000122070312,1
2018-07-02,8190.98876953125,-0.00051531852690756,-0.00473882614661103,0.04657411059438288,8159.316650390625,8128.04009765625,38.06431253018678,12.9399995803833,12.449999809265137,65.54000091552734,1
2018-07-03,8334.08203125,0.017469595642839453,0.011295831137616341,0.048419226166586116,8157.650810546875,8131.9983740234375,50.421977646958446,13.369999885559082,12.020000457763672,68.58000183105469,1
2018-07-04,8562.1865234375,0.027370080031872135,0.0486524746945618,0.08513202077222704,8160.550751953125,8137.340224609375,61.319811119043564,13.0,12.579999923706056,68.08000183105469,1
2018-07-05,8679.416015625,0.013691536836601736,0.046543683732330754,0.11132156747757249,8168.210498046875,8143.131262207031,65.43937404380807,12.65999984741211,12.800000190734863,70.52999877929688,0
2018-07-06,8651.978515625,-0.0031612149884976404,0.04711000213094696,0.09000184360802899,8175.101435546875,8148.515361328125,63.35229058387624,12.579999923706056,13.510000228881836,72.76000213623047,0
2018-07-09,8705.2783203125,0.006160418058279271,0.06881543106658716,0.07642411293957863,8186.087392578125,8154.287368164062,70.74265187432242,12.4399995803833,13.949999809265137,73.44999694824219,0
2018-07-10,8850.2275390625,0.016650727686877254,0.07992662445690168,0.09364399728285489,8199.385458984376,8160.837749023438,72.32058977561132,12.390000343322754,12.9399995803833,74.1500015258789,0
2018-07-11,8714.37890625,-0.015349733350120243,0.06389828523091756,0.09274346693071545,8211.274912109375,8166.593740234375,69.08926192215357,12.399999618530272,13.369999885559082,73.94000244140625,0
2018-07-12,8679.3720703125,-0.00401713493458411,0.04143108236369386,0.0948554644025692,8222.251611328125,8172.531037597656,66.95525986985733,12.779999732971191,13.0,74.13999938964844,0
2018-07-13,8757.41796875,0.008992113462269247,0.022801587512498944,0.07063360176390288,8236.233134765625,8179.3379418945315,72.88000147832983,12.510000228881836,12.65999984741211,74.13999938964844,1
2018-07-16,8714.9365234375,-0.004850909875957821,0.00409249974290371,0.07262420294737737,8248.148603515625,8186.280888671875,67.43631692479217,12.300000190734863,12.579999923706056,72.94000244140625,1
2018-07-17,8770.7421875,0.006403450433909441,0.01372676453836763,0.07207375613044831,8260.595166015624,8194.19905517578,70.58635208826345,12.949999809265137,12.4399995803833,73.80000305175781,0
2018-07-18,8697.7578125,-0.008321345382152123,-0.0008639020529592756,0.05931129632217602,8272.637841796875,8201.021513671874,73.2547958257527,12.829999923706056,12.390000343322754,73.8499984741211,0
2018-07-19,8718.46484375,0.002380732103191008,-0.014888057366992613,0.05362324655920814,8285.34353515625,8207.572131347657,72.56924378158071,13.68000030517578,12.399999618530272,74.11000061035156,0
2018-07-20,8727.611328125,0.0010490934515330341,0.0015184584027565506,0.052225361093862555,8297.389921875,8214.585876464844,73.04802238441312,13.59000015258789,12.779999732971191,70.37999725341797,0
2018-07-23,9008.0859375,0.03213646882637433,0.03787300101027524,0.07518301392951487,8315.84994140625,8223.192817382813,75.89292279618655,13.539999961853027,12.510000228881836,70.33000183105469,0
2018-07-24,9130.1474609375,0.013550217469547654,0.042561573915684825,0.09046503504048165,8336.387197265625,8232.485046386719,73.75454389504725,13.010000228881836,12.300000190734863,71.01000213623047,0
2018-07-25,9061.8974609375,-0.0074752352349183315,0.03981221625274056,0.08827608303864065,8356.135185546875,8241.101042480468,66.68040868302364,12.470000267028809,12.949999809265137,68.05999755859375,0
2018-07-26,8725.103515625,-0.03716594088206082,-0.005203513100640933,0.04892289561929841,8369.1119921875,8248.063247070313,52.51141001183261,12.210000038146973,12.829999923706056,68.08000183105469,0
2018-07-27,8645.384765625,-0.009136711083970406,-0.006021442307778679,0.04008233368050229,8383.958916015625,8254.64078857422,47.97967386742687,12.029999732971191,13.68000030517578,68.76000213623047,0
2018-07-30,8711.779296875,0.00767976591556585,-0.0007668261551565525,0.0455174547625925,8401.664951171875,8261.86857421875,45.06852259864798,12.3100004196167,13.59000015258789,69.45999908447266,0
2018-07-31,8840.5244140625,0.014778280394876608,0.012937455816075749,0.0742388822700153,8419.491669921876,8269.372829589844,54.516112115289815,12.59000015258789,13.539999961853027,70.45999908447266,0
2018-08-01,8674.35546875,-0.018796276954812452,-0.037047877991561395,0.04395227916703748,8435.169658203125,8276.185991210938,49.83582037080242,12.479999542236328,13.010000228881836,67.88999938964844,0
2018-08-02,8489.384765625,-0.021323855563836425,-0.07018097988602534,0.03151832884426464,8448.757451171876,8282.22356689453,41.801777367832464,12.529999732971191,12.470000267028809,68.5199966430664,0
2018-08-03,8530.7998046875,0.004878449994420775,-0.05860777596958766,0.03516647021244901,8460.62181640625,8288.482612304688,44.3642084976244,12.5600004196167,12.210000038146973,69.30000305175781,0
2018-08-06,8623.099609375,0.010819595676923921,-0.01169085341707754,0.056112795505699475,8471.3394140625,8295.457817382812,45.57990988262287,12.079999923706056,12.029999732971191,69.61000061035156,0
2018-08-07,8739.2646484375,0.013471378544230861,0.010858959474629337,0.05376009190278608,8484.2762890625,8303.259685058594,51.2113044058159,12.5600004196167,12.3100004196167,68.69000244140625,0
2018-08-08,8549.7421875,-0.021686316705305964,-0.018599772084805233,0.03473679968164611,8495.775712890625,8309.708159179687,45.51776632363028,12.579999923706056,12.59000015258789,70.12999725341797,0
2018-08-09,8492.775390625,-0.006662984172585595,-0.03933579131169418,0.04272477640401395,8507.08294921875,8315.609475097655,43.91600118607516,12.539999961853027,12.479999542236328,68.76000213623047,0
2018-08-10,8494.8173828125,0.0002404387368768468,-0.020697570739900972,0.036558599325039465,8513.38611328125,8321.54328857422,34.46067205116515,12.68000030517578,12.529999732971191,67.66000366210938,0
2018-08-13,8432.2314453125,-0.007367543606838445,-0.006732327711652775,0.029452204436980933,8519.53326171875,8326.245581054687,28.0810649668026,12.850000381469728,12.5600004196167,68.95999908447266,0
2018-08-14,8555.658203125,0.014637496445986775,0.0029139587150832647,0.02658675197150262,8527.02443359375,8331.349575195312,34.633487258625905,13.399999618530272,12.079999923706056,68.48999786376953,0
2018-08-16,8619.31640625,0.007440479927277588,-0.0004387289137756101,0.006672347379506061,8535.1954296875,8336.396721191406,46.15062065671778,13.279999732971191,12.5600004196167,69.01000213623047,0
2018-08-17,8573.92578125,-0.005266151381458362,-0.018919082307120805,-0.01215407052560824,8541.1790234375,8341.142629394531,47.3331263220658,13.649999618530272,12.579999923706056,69.16999816894531,0
2018-08-20,8501.0888671875,-0.008495164982858183,-0.005690618412287685,-0.017439900961959354,8545.31216796875,8345.398295898438,42.17459084238482,13.15999984741211,12.539999961853027,66.94000244140625,0
2018-08-21,8537.578125,0.004292304007471381,0.005275393768738645,-0.019264196863320926,8548.4999609375,8349.894909667968,37.92020921580676,13.029999732971191,12.68000030517578,66.80999755859375,0
2018-08-23,8640.6279296875,0.01207014485592195,0.017164647608554517,-0.023682962776932492,8553.8583203125,8354.936481933593,48.58385155310116,12.899999618530272,12.850000381469728,67.62999725341797,0
2018-08-24,8584.8876953125,-0.006450947179832522,0.01810389705145754,-0.01485948824701988,8559.0193359375,8359.277780761719,54.498112811813805,12.760000228881836,13.399999618530272,67.19999694824219,0
2018-08-27,8661.193359375,0.008888370677715862,0.012335130009220485,-0.0020944730552201474,8565.88009765625,8364.418005371093,55.94600973463544,12.40999984741211,13.279999732971191,67.04000091552734,0
2018-08-28,8832.3505859375,0.019761390776160903,0.024715902009702972,0.008556473775134465,8576.28287109375,8370.359692382812,58.90174442999639,12.239999771118164,13.649999618530272,65.45999908447266,0
2018-08-29,8776.279296875,-0.0063483993889208445,0.023601034203902138,0.007038808977268829,8585.158359375,8376.147314453125,51.65948779738163,12.43000030517578,13.15999984741211,65.91000366210938,0
2018-08-30,8624.234375,-0.017324530901055013,0.014485851134649064,-0.016704152210607837,8593.051640625,8381.273603515625,53.45586209896053,12.4399995803833,13.029999732971191,66.43000030517578,0
2018-08-31,8521.7451171875,-0.011883867408519988,-0.0018545081029639476,-0.02023655970962346,8597.3035546875,8386.23240966797,51.28950564530923,12.40999984741211,12.899999618530272,67.3499984741211,0
2018-09-03,8339.767578125,-0.021354492132775627,-0.034819269387679874,-0.04343623245742356,8599.49912109375,8390.217492675782,44.051297076585186,12.600000381469728,12.760000228881836,67.83000183105469,0
2018-09-04,8308.2431640625,-0.0037800111054878682,-0.03222459525021537,-0.04805073785894576,8600.84412109375,8394.02498779297,45.126867859988614,13.390000343322754,12.40999984741211,68.72000122070312,0
2018-09-05,8334.0986328125,0.003112026001097057,-0.0377655495023036,-0.07482025697398609,8604.227255859376,8397.792524414062,40.56864882301932,13.779999732971191,12.239999771118164,68.87000274658203,0
2018-09-06,8206.4560546875,-0.015315702843070933,-0.07086386858856386,-0.10116938529217945,8602.488173828126,8400.064548339844,33.33325448769652,13.649999618530272,12.43000030517578,68.52999877929688,0
2018-09-07,8168.375,-0.004640377580008903,-0.06926674463191462,-0.09860213766367876,8600.601240234375,8401.78727294922,33.531141736779986,13.720000267028809,12.4399995803833,69.51000213623047,0
2018-09-10,8093.61669921875,-0.009152163163572924,-0.06152635152395769,-0.07237585379650535,8599.57775390625,8403.14014892578,33.47889800587353,13.890000343322754,12.40999984741211,70.25,0
2018-09-11,7978.9951171875,-0.014161973106820547,-0.0636900062764525,-0.07708039219805907,8595.25341796875,8403.509721679688,28.70148816904492,15.199999809265137,12.600000381469728,69.80000305175781,0
2018-09-12,7957.35400390625,-0.0027122604993996546,-0.045854224429684454,-0.08659830182329908,8590.58072265625,8404.0020703125,22.222619227689393,15.329999923706056,13.390000343322754,69.80000305175781,0
2018-09-14,8081.71875,0.01562890705034614,-0.027265019762822584,-0.08583265296518816,8585.53345703125,8405.002255859376,30.625517033917433,14.25,13.779999732971191,69.87000274658203,0
2018-09-17,7998.435546875,-0.01030513504630437,-0.0402758715400785,-0.07792163052460221,8574.2584375,8405.49015625,24.616952601086894,13.84000015258789,13.649999618530272,68.72000122070312,0
2018-09-18,7868.54443359375,-0.016239564914916182,-0.041176315189153545,-0.07313136925365205,8558.041005859375,8404.792114257812,11.88219268130375,14.5,13.720000267028809,67.7699966430664,0
2018-09-19,7691.67041015625,-0.02247862040180637,-0.05835978267938846,-0.09836468018745037,8538.83484375,8402.990563964844,10.845838705117174,14.420000076293944,13.890000343322754,67.75,0
2018-09-21,7532.22314453125,-0.020729861931481408,-0.069362508202506,-0.12650630449145606,8515.373740234376,8400.72721435547,10.788181675685124,14.010000228881836,15.199999809265137,67.54000091552734,0
2018-09-24,7300.732421875,-0.030733386174880306,-0.08500602962539217,-0.16460563725114974,8484.383837890626,8397.26044921875,9.873469801690405,15.539999961853027,15.329999923706056,69.25,0
2018-09-25,7494.09423828125,0.026485262742527604,-0.058217815293574504,-0.1234713194933692,8459.97814453125,8395.26285888672,22.414773460293546,17.43000030517578,14.25,70.37000274658203,0
2018-09-26,7347.10595703125,-0.01961388215525184,-0.09089808934129884,-0.1348992974497396,8433.332822265626,8392.532172851563,20.844613639575073,16.68000030517578,13.84000015258789,68.98999786376953,0
2018-09-27,7075.89453125,-0.03691404852024738,-0.11534018249174216,-0.16703394406493022,8399.702353515626,8387.925432128906,16.778462228708605,17.09000015258789,14.5,68.91000366210938,0
2018-09-28,6883.75146484375,-0.027154597282035398,-0.12515567231793867,-0.1836382208566576,8363.07865234375,8381.104409179687,16.22579019511474,16.920000076293945,14.420000076293944,69.8499984741211,1
2018-10-01,6992.423828125,0.015786793558171697,-0.09090958722151554,-0.18271351401450564,8327.51228515625,8374.084584960938,21.01782531280101,17.0,14.010000228881836,71.12000274658203,1
2018-10-03,6788.2421875,-0.029200409706822805,-0.09877309032877168,-0.21243845015623974,8289.32197265625,8365.6187890625,19.75740830695098,16.84000015258789,15.539999961853027,70.77999877929688,1
2018-10-04,6743.9775390625,-0.006520782142836579,-0.07626014085166433,-0.21343178012916164,8249.8322265625,8356.943056640624,20.423209816256247,18.1200008392334,17.43000030517578,72.08000183105469,1
2018-10-05,6468.17578125,-0.0408960077661884,-0.1368969250200598,-0.2391356116490132,8204.643515625,8346.937978515625,18.206801105920377,18.920000076293945,16.68000030517578,72.27999877929688,1
2018-10-08,6454.49853515625,-0.0021145445881971536,-0.12149102341729079,-0.2439895201361627,8153.571767578125,8336.90119873047,13.53631185035097,19.729999542236328,17.09000015258789,71.56999969482422,1
2018-10-09,6276.2197265625,-0.027620861267951935,-0.11301395196830788,-0.2736384696072097,8096.493212890625,8325.726262207032,12.983546134422568,20.149999618530277,16.920000076293945,72.12000274658203,1
2018-10-10,6544.52685546875,0.04274979854046679,-0.04927903209572082,-0.2376689028742709,8046.14580078125,8315.228002929687,23.140392883420702,19.76000022888184,17.0,73.25,1
2018-10-11,6441.1484375,-0.01579616376428572,-0.07883895544312614,-0.2563209051870423,8000.46669921875,8301.926704101563,23.8516315590971,17.90999984741211,16.84000015258789,75.30000305175781,1
2018-10-12,6826.83935546875,0.059879215905548566,0.005685885521265588,-0.22706426912693445,7964.095791015625,8290.867717285157,36.52535363081365,20.549999237060547,18.1200008392334,76.41000366210938,1
2018-10-15,6728.28515625,-0.014436285092866763,-0.0023268735285084663,-0.2333556250146046,7924.425908203125,8279.793483886719,38.47968272186279,18.6299991607666,18.920000076293945,74.33000183105469,1
2018-10-16,6699.150390625,-0.0043301918614339074,0.0357093896620051,-0.2232179577534963,7881.598427734375,8268.253449707032,32.8696914083355,18.88999938964844,19.729999542236328,74.33999633789062,1
2018-10-17,6450.60986328125,-0.03710030568825051,-0.0006024746700025174,-0.24304121109289922,7837.123515625,8255.568212890625,31.491402485764894,17.3700008392334,20.149999618530277,74.29000091552734,1
2018-10-19,6329.61962890625,-0.018756402408353967,0.00850829076581694,-0.24103165110875724,7793.928212890625,8242.440061035157,33.57391844710614,17.979999542236328,19.76000022888184,74.95999908447266,1
2018-10-22,6381.84765625,0.008251369024646182,-0.024857289581264652,-0.2318655664948721,7750.949169921875,8229.642219238282,38.227620029946934,19.790000915527344,17.90999984741211,73.16999816894531,1
2018-10-23,6343.53076171875,-0.006004044062964176,-0.015155321559261914,-0.23884620986564864,7705.35779296875,8216.186884765624,34.26044648578099,21.36000061035156,20.549999237060547,70.97000122070312,1
2018-10-24,6340.72021484375,-0.00044305718385739823,-0.07120705722122878,-0.2273497630902499,7657.386904296875,8203.078020019531,37.96967206207454,19.040000915527344,18.6299991607666,71.33999633789062,1
2018-10-25,6298.47021484375,-0.006663280915800707,-0.06388179624149681,-0.22892004654000953,7612.36146484375,8190.21220703125,38.010843864591244,18.8799991607666,18.88999938964844,71.77999877929688,1
2018-10-26,6292.9423828125,-0.0008776467686109068,-0.060635749927477445,-0.22248079978633817,7568.3648046875,8177.956923828125,44.481482848338345,18.959999084472656,17.3700008392334,71.91999816894531,1
2018-10-29,6369.2001953125,0.012117989941919483,-0.012620460653210097,-0.2017540928690822,7525.8524609375,8166.223833007813,47.415618633950196,19.229999542236328,17.979999542236328,69.75,1
2018-10-30,6273.92529296875,-0.014958691738700347,-0.00879900202583328,-0.21155634273793877,7482.686337890625,8153.793371582031,49.92680122115315,19.82999992370605,19.790000915527344,69.12000274658203,1
2018-10-31,6198.41650390625,-0.012035334425662292,-0.028742640411371867,-0.2330323912959419,7435.54150390625,8140.915249023437,37.409259718455566,20.5,21.36000061035156,69.16999816894531,1
2018-11-01,6287.74267578125,0.014411127716039474,-0.008794484969500527,-0.2138784342348199,7388.910029296875,8128.787414550781,44.361788765248335,19.799999237060547,19.040000915527344,66.43000030517578,1
2018-11-02,6684.6767578125,0.06312823257862266,0.054245658429075805,-0.15045574003838336,7351.125048828125,8118.680002441406,44.817843410940476,19.190000534057617,18.8799991607666,66.81999969482422,1
2018-11-05,6723.83642578125,0.00585812439217559,0.06753484519701769,-0.1258288424705576,7315.58,8108.935756835937,49.830493590905185,18.229999542236328,18.959999084472656,67.33000183105469,1
2018-11-06,6628.04541015625,-0.014246482150831019,0.05325061107487561,-0.12004128356599153,7277.389345703125,8098.158430175781,47.42170826633372,19.479999542236328,19.229999542236328,67.58999633789062,1
2018-11-07,6677.603515625,0.0074770316740455645,0.04842104359342847,-0.08535156067121907,7238.128857421875,8088.096423339844,59.61891243759066,18.51000022888184,19.82999992370605,67.04000091552734,1
2018-11-09,6823.37353515625,0.0218296907251474,0.08757647191037998,-0.08949990242968009,7202.89857421875,8078.932270507812,70.49258001000302,17.719999313354492,20.5,66.18000030517578,1
2018-11-12,6640.03662109375,-0.02686895464800343,0.07124724789132686,-0.09623780303056984,7162.475439453125,8068.889270019531,59.66404278145236,17.770000457763672,19.799999237060547,65.30999755859375,1
2018-11-13,6698.72900390625,0.008839165529004545,0.06536309599755286,-0.05330287579584958,7119.8030078125,8058.885307617187,63.09536582257243,19.3700008392334,19.190000534057617,63.68999862670898,1
2018-11-14,6903.5185546875,0.03057140401736369,0.03273782784174806,0.002871557746485065,7082.34779296875,8050.113056640625,68.05950963713047,18.700000762939453,18.229999542236328,63.13999938964844,1
2018-11-15,7005.8671875,0.014825575103728061,0.041944917136496285,0.0019225607179198523,7049.98044921875,8041.916865234375,71.8565011651277,18.82999992370605,19.479999542236328,63.09999847412109,0
2018-11-16,6877.427734375,-0.01833312703303369,0.037625319198419716,0.013138238797553159,7017.0941015625,8032.691708984375,66.78410141246994,18.450000762939453,18.51000022888184,62.209999084472656,1
2018-11-19,6943.427734375,0.009596611196671212,0.039808326164917585,0.029574563995393488,6989.1673046875,8023.60365234375,66.58725779589184,18.350000381469727,17.719999313354492,61.66999816894531,0
2018-11-20,6870.63671875,-0.010483441091297285,0.006926659276417224,0.06222170687856954,6960.41517578125,8014.879404296875,67.46357494947694,19.26000022888184,17.770000457763672,60.18999862670898,0
2018-11-21,6955.4658203125,0.012346614300098313,0.04750413547670962,0.07761521401354265,6932.84251953125,8004.942700195313,72.03586712279899,19.32999992370605,19.3700008392334,59.93000030517578,0
2018-11-22,6942.9130859375,-0.0018047295032838084,0.03645230041234071,0.10622530574469691,6907.57166015625,7995.2178515625,69.96262444755685,19.559999465942383,18.700000762939453,55.68999862670898,0
2018-11-26,7077.4404296875,0.01937621025711489,0.025193221923319964,0.08142889256744912,6885.75296875,7986.452802734375,64.24516459914202,19.15999984741211,18.82999992370605,56.25,0
2018-11-27,7164.47216796875,0.0122970640510347,0.022638879131442247,0.11229732360421951,6867.170078125,7978.623645019531,65.4451003735898,20.399999618530277,18.450000762939453,56.459999084472656,0
2018-11-28,7095.708984375,-0.009597801761472291,0.031738792238990676,0.03938420327568837,6849.50435546875,7972.3600561523435,66.7090713889198,18.31999969482422,18.350000381469727,56.459999084472656,0
2018-11-29,7069.99267578125,-0.0036242056502567843,0.018228020258590938,0.0507867178033965,6831.75712890625,7965.55001953125,64.26259359897486,17.959999084472656,19.26000022888184,56.7599983215332,0
2018-11-30,7177.58740234375,0.015218506085737937,0.04467572601474923,0.07141756548536216,6813.674501953125,7959.723679199219,63.2425004253343,18.700000762939453,19.32999992370605,53.43000030517578,0
2018-12-03,7288.46044921875,0.015447119019239786,0.04787524480873495,0.12988703451231642,6799.475,7954.743266601563,75.63042921065878,19.15999984741211,19.559999465942383,54.630001068115234,0
2018-12-04,7233.84375,-0.007493585181573503,0.041903255947674856,0.1428559967433618,6786.780986328125,7948.984169921875,71.22000070480651,18.21999931335449,19.15999984741211,54.630001068115234,0
2018-12-05,7076.8310546875,-0.02170529261328047,-8.610104260908802e-05,0.10890002956383249,6774.48419921875,7942.879223632813,57.143391903629905,18.11000061035156,20.399999618530277,51.630001068115234,0
2018-12-06,6754.2353515625,-0.04558476818678914,-0.057259879972785144,0.06474384775151165,6758.924443359375,7934.317456054688,41.22220905007958,18.38999938964844,18.31999969482422,51.560001373291016,1
2018-12-07,6851.89990234375,0.014459749430948854,-0.03436007347089998,0.0806185528109753,6749.94779296875,7926.7837426757815,49.089961534725795,19.309999465942383,17.959999084472656,50.290000915527344,0
2018-12-10,6886.14111328125,0.0049973308754536205,-0.026004491225259163,0.09330375129067403,6737.78873046875,7919.334653320312,47.91048290262337,18.59000015258789,18.700000762939453,51.45000076293945,0
2018-12-11,6843.84326171875,-0.006142460758017387,-0.04649809496099211,0.08754265419796137,6727.7234765625,7912.525109863282,49.0004805154448,20.440000534057617,19.15999984741211,50.93000030517578,0
2018-12-12,6999.82470703125,0.022791498774524355,-0.03960174363276392,0.09901157011564288,6726.202080078125,7907.015935058594,51.5713727765249,17.950000762939453,18.21999931335449,52.95000076293945,0
2018-12-13,7185.9248046875,0.026586394009169068,-0.006624271544778626,0.14536346372196007,6732.245546875,7902.447478027344,57.665904524610035,15.8100004196167,18.11000061035156,53.25,0
2018-12-14,7178.1025390625,-0.0010885537822351576,0.014310287131684474,0.1580542441023205,6735.95912109375,7897.5608740234375,53.45132393721067,15.550000190734863,18.38999938964844,53.25,0
2018-12-17,7245.4599609375,0.00938373637161738,0.072728382090115,0.15231496175012516,6745.1034765625,7893.701447753906,52.8147399696368,15.15999984741211,19.309999465942383,51.4900016784668,0
2018-12-18,7281.34033203125,0.004952117779573939,0.0626746502149873,0.08925840333587098,6755.850732421875,7889.720795898437,56.60255263573794,14.539999961853027,18.59000015258789,52.61000061035156,0
2018-12-19,7434.65283203125,0.02105553277403671,0.07965444066954852,0.10571589807338433,6775.1802734375,7885.0834448242185,61.89095825815479,14.579999923706056,20.440000534057617,51.0,0
2018-12-20,7313.8486328125,-0.01624880165194542,0.0686756480416113,0.1034699040542757,6792.367275390625,7880.372048339844,54.40530032156169,14.65999984741211,17.950000762939453,51.650001525878906,0
2018-12-21,7060.20263671875,-0.03468023592336933,0.008625634528654835,0.05729587271818426,6808.04693359375,7874.579296875,43.2441439478067,14.329999923706056,15.8100004196167,51.150001525878906,0
2018-12-24,7053.50439453125,-0.0009487322860485259,-0.01842774782027634,0.0337268446743082,6818.226484375,7868.648586425781,44.5065871573115,15.989999771118164,15.550000190734863,52.58000183105469,0
2018-12-26,7090.9306640625,0.00530605319538302,-0.01214413900130562,0.06790535484945548,6831.22212890625,7863.268779296875,50.463245787857936,15.75,15.15999984741211,51.20000076293945,0
2018-12-27,7026.14990234375,-0.009135720653293822,-0.03026861783463275,0.0488780630245782,6835.20833984375,7858.394282226563,60.75600137366299,15.920000076293944,14.539999961853027,49.880001068115234,0
2018-12-28,7031.3955078125,0.000746583198716122,-0.0343267602970323,0.018523445995255683,6841.270546875,7853.25537109375,57.66031445033707,16.06999969482422,14.579999923706056,46.2400016784668,0
2018-12-31,6993.87548828125,-0.005336070128548753,-0.059286876429652136,-0.0017116652225646067,6847.165048828125,7847.695561523437,54.58493686984132,15.270000457763672,14.65999984741211,47.20000076293945,0
2019-01-01,7004.4609375,0.0015135312655318867,-0.042301626796660496,0.01847103423421781,6858.2420703125,7842.507868652344,57.02515768670076,16.0,14.329999923706056,45.880001068115234,0
2019-01-02,6808.71240234375,-0.027946266943722264,-0.03562082383684684,-0.019401848364362095,6867.82392578125,7835.646396484375,41.922063405315534,15.329999923706056,15.989999771118164,45.59000015258789,0
2019-01-03,6748.84912109375,-0.00879215888592877,-0.043192044180720535,-0.017725809505237167,6875.163955078125,7828.737487792969,29.318659971359963,16.389999389648438,15.75,42.52999877929688,0
2019-01-04,6777.46923828125,0.004240740409805044,-0.044205964016811206,-0.025590893065915887,6883.842724609375,7821.552661132812,31.40893380468637,16.790000915527344,15.920000076293944,46.220001220703125,0
2019-01-07,6896.9609375,0.017630725425328952,-0.01838687853793952,-0.006618568872851616,6894.9675390625,7815.00591796875,34.57454349919688,16.15999984741211,16.06999969482422,44.61000061035156,0
2019-01-08,6969.5185546875,0.010520230264462027,-0.00880009566468698,-0.015248715417978453,6908.388505859375,7809.569462890625,36.632011531523084,16.299999237060547,15.270000457763672,45.33000183105469,0
2019-01-09,7019.544921875,0.007177879905901685,0.003670273174974481,-0.020228600613691694,6922.920556640625,7803.933010253906,30.474958579327193,15.699999809265137,16.0,45.40999984741211,0
2019-01-10,6924.64453125,-0.013519450574247638,-0.011395081928815443,-0.024108155154289768,6934.029443359375,7797.6878735351565,31.236128779539754,15.270000457763672,15.329999923706056,45.40999984741211,0
2019-01-11,6858.0361328125,-0.00961903504748951,0.007244208237048078,-0.02997974010564708,6945.71166015625,7790.774255371094,38.108870506832766,15.350000381469728,16.389999389648438,46.540000915527344,0
2019-01-14,6940.66357421875,0.012048265685115966,0.02842180195219912,-0.03300883916058417,6960.5566015625,7785.1006689453125,43.907095987665386,15.350000381469728,16.790000915527344,47.09000015258789,0
2019-01-15,6890.4970703125,-0.007227911765179673,0.016676996686732837,-0.05460184378841049,6972.611689453125,7779.590856933593,39.32435356485989,16.15999984741211,16.15999984741211,47.959999084472656,0
2019-01-16,6848.43310546875,-0.006104634312229962,-0.00703611814986449,-0.05327881799095402,6975.88681640625,7773.136923828125,40.299570367053654,15.579999923706056,16.299999237060547,48.52000045776367,0
2019-01-17,6872.79052734375,0.0035566415703980336,-0.013878724417584531,-0.028832188555440896,6978.8658984375,7766.400852050781,41.51969468885383,16.079999923706055,15.699999809265137,49.77999877929688,0
2019-01-18,6893.12060546875,0.0029580529253896426,-0.018010329417833648,0.020562690915726156,6984.16740234375,7759.72556640625,44.51194602426866,16.239999771118164,15.270000457763672,52.36000061035156,0
2019-01-21,6753.017578125,-0.020325050925787846,-0.024784947783307976,-0.014431373141473691,6985.67568359375,7751.666801757812,37.997527512483636,16.6200008392334,15.350000381469728,52.59000015258789,0
2019-01-22,6622.28369140625,-0.019359328656604613,-0.03437608622070165,-0.038317167414141484,6981.65388671875,7742.869626464843,40.51205283346703,18.149999618530277,15.350000381469728,51.59000015258789,0
2019-01-23,6600.31494140625,-0.003317397898327523,-0.04903690103590852,-0.03558356189638112,6980.859453125,7734.022734375,42.13735170203417,17.989999771118164,16.15999984741211,50.5099983215332,0
2019-01-24,6595.818359375,-0.0006812677987593219,-0.042765958381596914,-0.05771663785386372,6978.801240234375,7724.600405273438,40.13230453384402,18.09000015258789,15.579999923706056,52.11000061035156,1
2019-01-25,6101.92333984375,-0.07488002134401561,-0.10900446191536595,-0.15085065517755458,6962.7693359375,7712.366877441406,19.29966668212772,17.43000030517578,16.079999923706055,52.310001373291016,1
2019-01-28,6099.7216796875,-0.0003608141291899791,-0.11248252723265106,-0.15023202211260733,6944.64642578125,7699.720964355469,14.482995405413817,17.690000534057617,16.239999771118164,52.06999969482422,1
2019-01-29,6114.61767578125,0.0024420779956821903,-0.11293911339225138,-0.15607598292626945,6929.390224609375,7687.238676757813,11.957038936491571,18.899999618530277,16.6200008392334,53.79999923706055,1
2019-01-30,6134.57177734375,0.0032633441076019842,-0.09158065910928126,-0.15749415662426403,6913.21310546875,7674.7212817382815,14.551743265666133,18.43000030517578,18.149999618530277,53.79999923706055,1
2019-01-31,6221.60302734375,0.014187013072603394,-0.060504907783166084,-0.16316159370094996,6900.232431640625,7663.09427734375,21.95899270391456,17.850000381469727,17.989999771118164,52.56999969482422,1
2019-02-01,6522.46533203125,0.0483576826366483,-0.01179483252937219,-0.10820340158953057,6891.572421875,7653.345339355469,34.5462110637487,17.1200008392334,18.09000015258789,52.619998931884766,0
2019-02-04,6546.72900390625,0.0037200154603878044,-0.007442496562837686,-0.07272788887701653,6883.648740234375,7643.216049804688,37.04871084418468,15.720000267028809,17.43000030517578,53.130001068115234,0
2019-02-05,6645.47021484375,0.015082526079601477,0.08907795865785473,-0.05784843346859736,6875.0093359375,7633.9131372070315,42.666651141422975,15.720000267028809,17.690000534057617,53.68999862670898,0
2019-02-06,6729.5966796875,0.012659219306383918,0.10326290822375195,-0.050957201740284175,6866.311826171875,7625.211228027344,45.04040418048227,15.779999732971191,18.899999618530277,51.9900016784668,0
2019-02-07,6841.2197265625,0.016586885096980808,0.11883033237861662,-0.026320271891660307,6861.222041015625,7617.271022949219,48.30930414774251,15.630000114440918,18.43000030517578,53.310001373291016,0
2019-02-08,6683.55224609375,-0.023046691492245475,0.08948961535954303,-0.04947001791212935,6853.493232421875,7608.78693359375,47.76273565070087,15.4399995803833,17.850000381469727,54.22999954223633,0
2019-02-11,6724.4443359375,0.006118316777975252,0.08082182459790155,-0.038523870319853604,6844.43037109375,7600.32228515625,53.49238593931786,15.56999969482422,17.1200008392334,53.790000915527344,0
2019-02-12,6710.01708984375,-0.0021454926790971385,0.02875473433204001,-0.0420366178473317,6832.86150390625,7591.786423339844,53.76963087248322,15.84000015258789,15.720000267028809,55.2599983215332,0
2019-02-14,6574.17822265625,-0.02024419094149632,0.004192814263981548,-0.03444618686005396,6819.668193359375,7583.1751708984375,49.317957062950974,15.75,15.720000267028809,54.560001373291016,0
2019-02-15,6492.25146484375,-0.012461900946062032,-0.02305611868634383,-0.03802095018660223,6807.9766015625,7574.099270019531,66.61745544589857,15.770000457763672,15.779999732971191,53.65999984741211,1
2019-02-18,6410.42041015625,-0.01260441853348171,-0.04742873677625381,-0.054157210489690466,6801.100302734375,7565.371469726562,62.38750112425872,16.459999084472656,15.630000114440918,54.0099983215332,1
2019-02-19,6374.68017578125,-0.005575333923244052,-0.06819537588740354,-0.07572621716313,6791.555908203125,7556.318249511719,60.19912311072029,18.0,15.4399995803833,52.63999938964844,1
2019-02-20,6417.16552734375,0.006664703230745639,-0.039857056388792556,-0.07925268051295353,6782.176396484375,7547.804545898438,60.89029321178146,18.46999931335449,15.56999969482422,52.720001220703125,1
2019-02-21,6371.8701171875,-0.007058476201563524,-0.05243172537926066,-0.09226734950711002,6772.73693359375,7539.0112109375,55.98329831781646,17.059999465942383,15.84000015258789,52.40999984741211,1
2019-02-22,6475.716796875,0.016297676785247628,-0.034917987515022286,-0.06483043748297102,6762.254775390625,7531.0980859375,47.79218431263487,16.049999237060547,15.75,53.09999847412109,1
2019-02-25,6487.42822265625,0.001808514199833633,-0.013195565599520509,-0.05403994714799831,6748.28484375,7522.939411621093,47.16577005977068,15.449999809265137,15.770000457763672,54.40999984741211,1
2019-02-26,6468.12841796875,-0.002974954639204941,-0.0037156673621823177,-0.06808212949626924,6734.085361328125,7514.537983398437,40.82757777703697,15.359999656677246,16.459999084472656,55.59000015258789,1
2019-02-27,6528.2734375,0.009298674306490895,0.018384601914256837,-0.05256857801640025,6719.741630859375,7506.70123046875,39.322332901023046,17.110000610351562,18.0,55.59000015258789,1
2019-02-28,6398.2421875,-0.019918168447581985,0.0036961872704244225,-0.06573633866836703,6702.07966796875,7498.276540527344,26.955586533713472,18.899999618530277,18.46999931335449,56.09000015258789,1
2019-03-01,6497.029296875,0.01543972648737757,0.01244533418858329,-0.05467374990897289,6683.327197265625,7490.135227050781,39.663550390323756,18.280000686645508,17.059999465942383,56.91999816894531,1
2019-03-05,6668.0947265625,0.02632979195118934,0.046489429936112936,-0.032644993724282534,6670.412119140625,7483.050275878906,47.271024678162334,16.270000457763672,16.049999237060547,56.959999084472656,1
2019-03-06,6611.08837890625,-0.00854912084994297,0.020904493861834128,-0.021017152343642653,6661.429833984375,7475.589294433594,45.39871058701266,15.65999984741211,15.449999809265137,57.2599983215332,0
2019-03-07,6584.998046875,-0.003946450347645514,0.015039831019324934,-0.005630330301257813,6652.05970703125,7468.1417944335935,50.56046036713834,15.609999656677246,15.359999656677246,55.47999954223633,0
2019-03-08,6527.52392578125,-0.00872803920132137,0.009182796625913703,-0.011028415503077649,6640.791572265625,7460.398098144531,51.874580257819005,15.289999961853027,17.110000610351562,55.5,0
2019-03-11,6634.50927734375,0.016389882714937132,0.016273190892021283,0.005865976875145007,6632.958759765625,7454.055451660156,61.599236513885195,14.9399995803833,18.899999618530277,56.93999862670898,0
2019-03-12,6705.0517578125,0.010632659857699789,0.04795216581702744,0.09884234599122221,6626.431884765625,7448.448322753906,66.5059336865458,14.899999618530272,18.280000686645508,57.220001220703125,0
2019-03-13,6643.0810546875,-0.009242389971530596,0.022479775161664994,0.08907937173747205,6619.41599609375,7441.917785644531,61.071561038059805,15.100000381469728,16.270000457763672,55.79999923706055,0
2019-03-14,6638.6318359375,-0.0006697522901456532,-0.004418487114112857,0.08569859767876631,6612.0994140625,7435.658664550781,63.61855638237092,15.279999732971191,15.65999984741211,56.560001373291016,0
2019-03-15,6636.4765625,-0.00032465626815347814,0.00384024265577132,0.08181578166709014,6608.654697265625,7429.791071777344,59.15786861953828,15.149999618530272,15.609999656677246,56.220001220703125,0
2019-03-18,6458.47998046875,-0.0268209463794441,-0.019213075767925414,0.03807329912949009,6602.847314453125,7422.395563964844,48.61358863669315,15.869999885559082,15.289999961853027,56.65999984741211,0
2019-03-19,6394.02587890625,-0.009979763312330081,-0.020451559947215703,-0.019691856772966698,6595.178447265625,7413.929594726563,46.59815851081285,16.899999618530273,14.9399995803833,56.06999969482422,0
2019-03-20,6251.95654296875,-0.022219074277785356,-0.057661044454543564,-0.04502591458446159,6582.278359375,7404.727272949219,38.20245191832609,16.489999771118164,14.899999618530272,56.790000915527344,0
2019-03-22,6138.74169921875,-0.01810870612613691,-0.08446020687818023,-0.07625171722132451,6565.662822265625,7395.547126464844,38.75902259249122,16.030000686645508,15.100000381469728,56.869998931884766,1
2019-03-25,6110.54248046875,-0.004593648035979281,-0.080164395080349,-0.09198979206098523,6547.4827734375,7386.462770996094,32.16774362733811,16.270000457763672,15.279999732971191,58.2599983215332,1
2019-03-26,6169.65625,0.009674062445387932,-0.0706434092938778,-0.09816428990798398,6532.3830078125,7376.412756347656,24.352816913439923,16.670000076293945,15.149999618530272,58.61000061035156,0
2019-03-27,6106.23291015625,-0.010279882261471252,-0.07989836886337232,-0.0863791161765689,6517.346943359375,7366.31955078125,24.19305241340477,16.489999771118164,15.869999885559082,58.52000045776367,0
2019-03-28,6179.53955078125,0.012005215278158232,-0.043189795513967844,-0.08103342937112457,6502.124462890625,7356.311750488281,30.228384129543542,17.049999237060547,16.899999618530273,59.09000015258789,0
2019-04-01,6408.546875,0.037058962457776845,0.002271025543023608,-0.04492838256702114,6492.485458984375,7347.3006518554685,45.02973408827498,16.649999618530273,16.489999771118164,59.02999877929688,0
2019-04-02,6454.45166015625,0.0071630567820806235,0.032389079449894,-0.018211639302292193,6484.605830078125,7338.1991796875,42.073586474381955,18.010000228881836,16.030000686645508,59.83000183105469,1
2019-04-03,6626.07763671875,0.026590326428805433,0.07938694302156768,0.020613214475699637,6479.671572265625,7329.857409667969,46.80755564310565,18.07999992370605,16.270000457763672,59.040000915527344,0
2019-04-04,6663.73779296875,0.005683627375765221,0.09053129313284192,0.03951650072921287,6475.083916015625,7321.28515625,50.85176766202309,18.780000686645508,16.670000076293945,58.81999969482422,0
2019-04-05,6658.68017578125,-0.0007589760198603024,0.07926275078635858,0.04455125467768184,6473.19716796875,7312.715007324219,50.82626616399911,18.649999618530277,16.489999771118164,59.93999862670898,0
2019-04-08,6679.05517578125,0.0030599156983253106,0.09380943603907532,0.04081079836908996,6474.33259765625,7304.476098632813,51.72885791607602,18.38999938964844,17.049999237060547,59.40999984741211,0
2019-04-09,6760.65234375,0.012216872869178719,0.09403820271613639,0.061015403549077085,6477.539345703125,7296.688583984375,63.311449047730285,20.149999618530277,16.649999618530273,59.29999923706055,0
2019-04-10,6732.361328125,-0.004184657661202462,0.05052853001484836,0.0396318337104935,6480.270205078125,7288.789331054688,65.39503216486398,20.280000686645508,18.010000228881836,61.59000015258789,0
2019-04-11,6733.76611328125,0.00020866158065246942,0.043274699049839604,0.03797157859330236,6492.907060546875,7280.795637207031,75.1418702824564,21.1299991607666,18.07999992370605,62.58000183105469,0
2019-04-12,6878.974609375,0.021564232206899847,0.03816691963505048,0.06351855820686869,6508.492119140625,7274.042658691406,87.3788820733387,20.959999084472656,18.780000686645508,62.459999084472656,0
2019-04-15,6888.01416015625,0.0013140840451613123,0.033656241310116686,0.05510503291571878,6523.960048828125,7266.936982421875,90.03394279507603,21.0,18.649999618530277,62.09999847412109,0
2019-04-16,6987.365234375,0.014423761610922181,0.04936189303538452,0.09207576543850537,6541.01591796875,7260.723862304688,90.43048778250217,21.38999938964844,18.38999938964844,63.08000183105469,0
2019-04-18,6976.96630859375,-0.0014882470620101174,0.044603783764618044,0.07387022434231505,6556.12318359375,7254.403728027344,95.43453801672601,21.690000534057617,20.149999618530277,64.4000015258789,0
2019-04-22,6858.73876953125,-0.016945407765102116,0.014508426227822113,0.02859048210717763,6562.84865234375,7247.8727124023435,83.85334274380004,22.739999771118164,20.280000686645508,63.97999954223633,0
2019-04-23,6603.59375,-0.037199990859061005,-0.01912665881242337,-0.001133645245185777,6563.985947265625,7239.423630371094,59.47485270258731,24.049999237060547,21.1299991607666,64.61000061035156,0
2019-04-24,6573.4287109375,-0.004567973168019268,-0.023810955065325268,-0.0017569232147289782,6562.5451171875,7230.9771655273435,55.869338478474,24.649999618530277,20.959999084472656,63.58000183105469,0
2019-04-25,6469.01904296875,-0.015883593260093254,-0.05959544695041363,-0.008962798677983774,6557.333564453125,7222.5983056640625,41.70170983124588,23.709999084472656,21.0,63.88999938964844,1
2019-04-26,6410.56103515625,-0.00903661087163421,-0.06931651327923072,-0.03375505750700558,6548.720390625,7213.675051269532,36.91090938465578,23.229999542236328,21.38999938964844,63.400001525878906,1
2019-04-30,6245.2578125,-0.02578607734170346,-0.10620704614439402,-0.06857425742862666,6539.954501953125,7203.946396484375,31.664373330076316,21.71999931335449,21.690000534057617,64.05000305175781,1
2019-05-02,6261.0439453125,0.0025276991417237937,-0.10261227181209487,-0.05750902423588922,6530.686494140625,7193.581206054688,31.385083051927296,21.82999992370605,22.739999771118164,64.0,1
2019-05-03,6286.103515625,0.004002458780258511,-0.08348987665926022,-0.05310255622312521,6522.20822265625,7182.200791015625,27.74679027474771,22.979999542236328,24.049999237060547,65.69999694824219,0
2019-05-06,6285.775390625,-5.219847226256569e-05,-0.04812809076497171,-0.05284448284752008,6516.440166015625,7170.232587890625,28.494061346646546,24.030000686645508,24.649999618530277,66.30000305175781,0
2019-05-07,6278.60888671875,-0.0011401145381265687,-0.04485023527040011,-0.027850375675693484,6512.167314453125,7158.365739746094,28.202260958709346,26.43000030517578,23.709999084472656,65.88999938964844,0
2019-05-08,6230.03515625,-0.007736384180817346,-0.03694283246522578,-0.025647491230407993,6508.559609375,7145.989523925781,15.751997113848375,26.479999542236328,23.229999542236328,65.20999908447266,0
2019-05-09,6206.4267578125,-0.003789448670095563,-0.03184343401837286,-0.007282485865557575,6505.194541015625,7132.770520019531,14.573758068601322,26.3700008392334,21.71999931335449,63.29999923706055,0
2019-05-10,6212.65673828125,0.001003795051783607,-0.00522013265064869,0.012040747547971797,6501.104365234375,7120.261909179688,5.4180985430686945,25.489999771118164,21.82999992370605,63.90999984741211,0
2019-05-13,6130.3564453125,-0.013247197847199632,-0.020873116550769844,0.00324258687458312,6496.274091796875,7107.516831054688,5.003999109348271,26.34000015258789,22.979999542236328,61.810001373291016,0
2019-05-14,6160.75634765625,0.004958912685574024,-0.01994036013838807,-0.001442528073383298,6489.9748828125,7094.533522949218,9.083425310623724,27.3799991607666,24.030000686645508,61.93999862670898,0
2019-05-15,6083.51513671875,-0.012537618204440881,-0.03217745486227741,-0.0037204236673832325,6481.89662109375,7081.376416015625,11.477358131621784,27.1299991607666,26.43000030517578,62.25,0
2019-05-16,6070.30517578125,-0.0021714355336716062,-0.03317672986099329,-0.01767678224281133,6473.94015625,7067.874230957032,11.773068484429828,28.65999984741211,26.479999542236328,61.400001525878906,1
2019-05-17,6283.15283203125,0.03506374887035335,0.00852606356931429,-0.019566688894469553,6469.037744140625,7055.801206054687,37.87585567244101,28.3700008392334,26.3700008392334,62.119998931884766,0
2019-05-20,6637.03857421875,0.056322956268611835,0.0693815996240037,0.028288524521706604,6473.813671875,7045.394074707031,60.66338246153535,28.07999992370605,25.489999771118164,61.70000076293945,0
2019-05-21,6441.0078125,-0.02953587801647284,0.03675578481774022,-0.027930524567532422,6472.6932421875,7033.961057128906,58.95743288896516,23.68000030517578,26.34000015258789,61.65999984741211,0
2019-05-22,6463.9130859375,0.003556162964598153,0.05441064375303162,-0.029986880222402368,6468.609609375,7021.240192871093,59.223109586194774,25.649999618530277,27.3799991607666,61.040000915527344,0
2019-05-23,6491.5029296875,0.0042682881689766194,0.053686035182527014,-0.025106664035585036,6466.217900390625,7008.046970214844,59.316709382665955,27.6299991607666,27.1299991607666,61.77999877929688,0
2019-05-24,6645.048828125,0.023653366577913726,0.09230414962181266,-0.005091490751500283,6467.418916015625,6995.962727050781,64.30758173960929,19.40999984741211,28.65999984741211,62.02000045776367,0
2019-05-27,6621.90869140625,-0.003482312518278241,0.09086915725847478,-0.020522228520153618,6469.306611328125,6985.446752929687,63.499702386666925,16.469999313354492,28.3700008392334,62.869998931884766,0
2019-05-28,6608.98046875,-0.0019523408217675398,0.05185734700860589,-0.018326535573717107,6468.79603515625,6975.2647314453125,65.33119877615911,16.190000534057617,28.07999992370605,62.7599983215332,0
2019-05-29,6456.09033203125,-0.023133694741825583,-0.027263400711634356,-0.041236326979389726,6463.816806640625,6963.986286621093,59.144214374545975,15.920000076293944,23.68000030517578,63.09999847412109,0
2019-05-30,6433.8408203125,-0.003446282591239691,-0.0011127128542820497,-0.06470932287725706,6459.632001953125,6951.952868652344,58.007158955322815,16.40999984741211,25.649999618530277,62.9900016784668,0
2019-05-31,6435.85546875,0.00031313308702629605,-0.004340655082219591,-0.06564427437181586,6455.576474609375,6940.7603686523435,61.742023872081674,15.609999656677246,27.6299991607666,61.41999816894531,0
2019-06-03,6579.23681640625,0.0222785220010695,0.013515188650307541,-0.058409486877961325,6454.4316796875,6931.20962890625,64.79921508116146,16.06999969482422,19.40999984741211,57.90999984741211,0
2019-06-04,6606.310546875,0.004115025986180854,-0.005829645838875019,-0.05312563445550844,6457.388291015625,6921.587182617188,69.16837072474178,15.970000267028809,16.469999313354492,58.630001068115234,0
2019-06-06,6547.197265625,-0.008948002191323301,-0.01128246088294882,-0.04542256446479909,6460.45171875,6911.207670898438,66.91591154797283,15.630000114440918,16.190000534057617,58.630001068115234,0
2019-06-07,6509.30224609375,-0.0057879758305453555,-0.015082238951615867,-0.014278816577147913,6465.5986328125,6900.057858886718,59.15849004370094,15.529999732971191,15.920000076293944,59.13999938964844,0
2019-06-10,6529.6318359375,0.003123159606845727,0.011391027715548008,-0.0066627139238806254,6473.416435546875,6889.957307128906,44.04015981125235,14.859999656677246,16.40999984741211,58.810001373291016,0
2019-06-11,6537.4541015625,0.0011979642683601632,0.016104421005082914,0.010578892740798596,6481.95466796875,6880.180700683593,56.76456325309457,14.979999542236328,15.609999656677246,56.59000015258789,0
2019-06-12,6419.1328125,-0.018098985816851876,-0.0025983579543075175,0.0013371337230456692,6486.94419921875,6869.802277832031,47.22995454842006,14.489999771118164,16.06999969482422,53.5,0
2019-06-13,6356.083984375,-0.009822016457148974,-0.0339177382207595,0.01774565201346512,6491.941220703125,6859.4215405273435,41.975210762913136,14.119999885559082,15.970000267028809,53.25,0
2019-06-14,6321.140625,-0.005497623923928718,-0.04316629075360301,0.009598507886610985,6494.7732421875,6848.248952636719,27.666166142575292,13.65999984741211,15.630000114440918,53.47999954223633,0
2019-06-17,6165.86181640625,-0.024564998282054495,-0.058244075097735326,-0.019128176766397886,6489.919541015625,6835.9816796875,23.401832855849136,13.899999618530272,15.529999732971191,52.59000015258789,0
2019-06-18,6032.22412109375,-0.021673806402361162,-0.07329174571457264,-0.040337309842380376,6481.474990234375,6823.273171386719,20.513464437080827,14.649999618530272,14.859999656677246,53.9900016784668,0
2019-06-19,6018.7802734375,-0.0022286717778338128,-0.07823589068045123,-0.04138314998898407,6469.32904296875,6810.861628417969,23.924728521792503,14.600000381469728,14.979999542236328,53.2599983215332,0
2019-06-20,6198.744140625,0.029900388286598467,-0.051810682824762866,-0.005022606588922507,6460.029169921875,6799.167458496094,38.20112764635191,14.729999542236328,14.489999771118164,53.27000045776367,0
2019-06-21,6011.84765625,-0.030150701518736334,-0.06344862587309175,-0.03135122819544567,6447.09251953125,6786.023557128906,32.051050974082614,14.0,14.119999885559082,51.13999938964844,0
2019-06-24,6051.802734375,0.006646056322379135,-0.04787244012948966,-0.025891339354884524,6434.547470703125,6773.358132324219,25.530168174097497,14.609999656677246,13.65999984741211,52.27999877929688,0
2019-06-25,6110.44921875,0.009690746203917078,-0.033331232248926645,-0.0032473195873825578,6421.543408203125,6760.604411621094,27.649726785096476,15.220000267028809,13.899999618530272,52.5099983215332,0
2019-06-26,6070.91455078125,-0.006470010068562071,-0.015398863687207887,-0.014582916740276342,6408.31447265625,6746.797231445313,28.146500870844775,15.010000228881836,14.649999618530272,51.93000030517578,0
2019-06-27,6076.91015625,0.0009875951009685746,0.007407887084299514,-0.0010857177668357476,6395.177353515625,6733.300385742187,29.562072939991538,14.75,14.600000381469728,53.900001525878906,0
2019-06-28,6121.83154296875,0.007392142645477273,0.017121620137229954,0.008488266354890195,6380.0344921875,6720.788371582032,31.16238680064508,14.649999618530272,14.729999542236328,53.7599983215332,0
2019-07-01,6096.72412109375,-0.004101292513322585,-0.01645817559441376,-0.029671204237957438,6364.20869140625,6708.663266601562,29.96125967120672,14.949999809265137,14.0,56.650001525878906,0
2019-07-02,6145.57958984375,0.008013396666739059,0.022244730944690705,-0.07404793250472408,6347.372978515625,6697.692326660156,36.72366912506653,14.600000381469728,14.609999656677246,57.43000030517578,0
2019-07-03,6121.03466796875,-0.0039939148970690175,0.011439886036024305,-0.04967749672811783,6330.254345703125,6686.756284179687,38.149472219582655,14.25,15.220000267028809,57.900001525878906,0
2019-07-04,6131.01220703125,0.0016300412599705716,0.0033652171133591313,-0.05150144726272532,6315.699814453125,6675.7408520507815,40.16671355401195,13.699999809265137,15.010000228881836,57.83000183105469,0
2019-07-05,5958.2138671875,-0.028184308562553384,-0.01856403720576938,-0.08215186348620696,6302.792216796875,6664.4996411132815,39.45177182492535,13.529999732971191,14.75,59.380001068115234,0
2019-07-08,5657.2119140625,-0.05051882323033907,-0.06906441454558077,-0.14865758546144991,6284.467880859375,6651.943825683594,33.71838384780577,13.06999969482422,14.649999618530272,59.43000030517578,1
2019-07-09,5569.8525390625,-0.015442125260120676,-0.09016566366322631,-0.1588750617641531,6266.48455078125,6639.325004882812,31.684770656237745,13.850000381469728,14.949999809265137,58.470001220703125,1
2019-07-10,5553.412109375,-0.0029516813187063784,-0.08911540048843147,-0.15971727626767318,6249.341572265625,6627.19708984375,19.618141760549648,13.6899995803833,14.600000381469728,59.09000015258789,1
2019-07-11,5650.18603515625,0.01742602995694864,-0.08060973703866636,-0.12482853482959899,6237.44013671875,6615.66125,31.39433412192153,13.640000343322754,14.25,56.25,1
2019-07-12,5594.21044921875,-0.009906857152881754,-0.08606783776390947,-0.13050219838248467,6224.103466796875,6603.223708496093,26.840927658804702,12.470000267028809,13.699999809265137,57.34000015258789,1
2019-07-15,5695.62158203125,0.01812787233034152,-0.07101447694080265,-0.11501717064856976,6212.293828125,6591.709638671875,29.87636845299258,12.0,13.529999732971191,57.34000015258789,1
2019-07-16,5769.02197265625,0.01288716070192697,-0.03175312245388662,-0.1231472382525608,6201.958759765625,6581.212026367188,35.82082774904987,12.020000457763672,13.06999969482422,57.5099983215332,1
2019-07-17,5691.875,-0.013372625901219903,0.006127238375379873,-0.13841849249844274,6190.22408203125,6571.213049316406,33.04877503499655,11.5600004196167,13.850000381469728,57.65999984741211,1
2019-07-18,5510.7392578125,-0.031823562918633974,-0.010613078323963965,-0.15830560249868364,6175.8381640625,6561.1056298828125,25.977739738516973,11.800000190734863,13.6899995803833,57.83000183105469,1
2019-07-19,5404.64404296875,-0.01925244688239247,-0.02678858753433888,-0.16970454917620525,6159.802509765625,6551.625187988281,24.422670344098805,11.75,13.640000343322754,60.43000030517578,1
2019-07-22,5538.984375,0.02485646250950091,-0.019681061732186866,-0.15171566878935172,6146.3290625,6541.849638671875,28.91426472590055,12.520000457763672,12.470000267028809,60.20000076293945,1
2019-07-23,5502.6826171875,-0.006553865357762478,-0.01636117068924936,-0.1582835563048438,6133.7755859375,6532.627521972656,28.679848817731084,13.010000228881836,12.0,60.209999084472656,1
2019-07-24,5403.61279296875,-0.01800391392905487,-0.05126899406093621,-0.15820205769130125,6118.63271484375,6524.26611328125,26.371643574105462,13.43000030517578,12.020000457763672,59.58000183105469,1
2019-07-25,5393.07421875,-0.0019502830092605894,-0.06516663581594073,-0.15150991836991812,6104.823896484375,6516.812727050781,29.47918461829778,12.760000228881836,11.5600004196167,57.619998931884766,1
2019-07-26,5438.88525390625,0.0084944195644443,-0.044447523196442296,-0.1395721790469976,6092.195498046875,6509.045034179688,40.268915887939954,12.640000343322754,11.800000190734863,56.77999877929688,1
2019-07-29,5209.92431640625,-0.042097034008128476,-0.054587039475654464,-0.1550371267575965,6070.730927734375,6501.153444824219,35.755592288460406,12.130000114440918,11.75,55.29999923706055,1
2019-07-30,5159.24267578125,-0.009727903429499252,-0.045405648408382904,-0.14471966355822552,6041.175009765625,6493.229770507813,34.81210111631928,13.0600004196167,12.520000457763672,55.630001068115234,1
2019-07-31,5124.158203125,-0.006800314476569369,-0.07489210002961955,-0.14863843331525295,6014.838017578125,6486.5096826171875,28.71975831541387,13.609999656677246,13.010000228881836,56.220001220703125,1
2019-08-01,5220.55712890625,0.018812636526807536,-0.051270536192663085,-0.15780406313400808,5989.9708984375,6480.339975585937,35.36273632183379,13.59000015258789,13.43000030517578,56.77000045776367,1
2019-08-02,5329.93212890625,0.020950829058912213,-0.013635444819135478,-0.11342861069255827,5966.739482421875,6475.608537597656,35.763535373888445,14.5600004196167,12.760000228881836,55.880001068115234,1
2019-08-05,5312.13232421875,-0.003339593123703133,-0.01500848889671147,-0.12222315277311158,5940.08115234375,6469.446564941406,31.408208356182897,15.1899995803833,12.640000343322754,56.02000045776367,1
2019-08-06,5464.78857421875,0.02873728301232603,0.004762615702159856,-0.10566500455482575,5916.93875,6464.564765625,41.29436416341863,16.59000015258789,12.130000114440918,56.20000076293945,1
2019-08-07,5410.1708984375,-0.009994471888431278,0.03843560287443437,-0.10883758070004801,5892.96255859375,6457.481423339844,45.730420556601715,16.1200008392334,13.0600004196167,56.869998931884766,1
2019-08-08,5529.38232421875,0.022034687631712124,0.07174301960538254,-0.09009970823217239,5874.4283984375,6451.486909179687,55.23737358827254,16.739999771118164,13.609999656677246,58.04999923706055,1
2019-08-09,5714.5458984375,0.03348720767738045,0.11521652375066171,-0.06653003135949387,5860.0425,6446.56388671875,57.06956745376025,16.09000015258789,13.59000015258789,58.58000183105469,1
2019-08-13,5448.06640625,-0.04663178788368161,0.04357950152178769,-0.10639446725160018,5840.28671875,6441.551169433594,48.144639002954534,15.850000381469728,14.5600004196167,53.95000076293945,1
2019-08-14,5524.57958984375,0.014044098931315308,0.03651968847442788,-0.10104823978299315,5819.19357421875,6437.5259692382815,54.17330660512441,17.780000686645508,15.1899995803833,55.65999984741211,1
2019-08-16,5675.66015625,0.02734697979263312,0.06843350463501752,-0.07276131175165301,5800.58056640625,6433.995031738281,58.88727817738438,16.360000610351562,16.59000015258789,54.68999862670898,1
2019-08-19,5682.7841796875,0.0012551885140013042,0.03989094957802908,-0.073108324075706,5783.2923046875,6430.691298828125,57.86188962363724,16.649999618530273,16.1200008392334,53.630001068115234,1
2019-08-20,5880.74169921875,0.034834601011037414,0.0869789161220682,-0.013002582602044122,5770.72109375,6428.39140625,72.06427744090267,16.75,16.739999771118164,51.09000015258789,1
2019-08-21,5916.791015625,0.006130062881530618,0.07006364702064394,0.045884634605475316,5758.46427734375,6426.483010253906,75.15917266216218,16.6299991607666,16.09000015258789,52.540000915527344,1
2019-08-22,5897.4599609375,-0.003267151845730343,0.03200850351906581,0.058817970417964105,5745.66439453125,6424.505598144531,75.95394202077729,17.020000457763672,15.850000381469728,54.5,1
2019-08-23,5940.9658203125,0.007377050401896179,0.09047235795383246,0.06978659305389034,5736.1010546875,6422.364426269532,75.06877189953849,17.850000381469727,17.780000686645508,57.09999847412109,1
2019-08-26,5942.10498046875,0.00019174662684551258,0.07557595719909038,0.051665368803104794,5727.821474609375,6420.705324707032,73.03776655327832,17.350000381469727,16.360000610351562,55.22999954223633,1
2019-08-27,5963.19287109375,0.003548892302359885,0.05066066447391515,0.0659579086672597,5720.66251953125,6419.5292065429685,74.4407328194574,16.65999984741211,16.649999618530273,54.869998931884766,1
2019-08-28,5797.57861328125,-0.02777274882643932,0.020200385931260723,0.01790094896256056,5713.29685546875,6417.078386230469,62.3725267799052,16.010000228881836,16.75,56.209999084472656,1
2019-08-29,5804.0380859375,0.0011141673252093032,-0.013043186931920525,0.0060696793056462806,5708.733134765625,6412.675192871094,65.18709360629836,16.84000015258789,16.6299991607666,56.34000015258789,1
2019-08-30,5816.9091796875,0.0022176101464919107,-0.01688108227478935,0.021967133798177274,5704.695712890625,6408.140556640625,62.07713962601281,16.43000030517578,17.020000457763672,55.68000030517578,1
2019-09-03,5746.56982421875,-0.012092221710177875,-0.025585614437094617,0.04279472415101404,5695.6522265625,6403.733178710938,51.48872013877319,16.280000686645508,17.850000381469727,55.34999847412109,1
2019-09-04,5538.59033203125,-0.03619193685091526,-0.06772896873190304,0.02478355429100998,5686.187080078125,6398.038112792969,54.45030853276862,18.059999465942383,17.350000381469727,54.16999816894531,1
2019-09-05,5669.58056640625,0.023650464562696705,-0.04586327824201475,0.02357764213881719,5678.54263671875,6392.269147949219,56.766076157944525,17.239999771118164,16.65999984741211,53.63999938964844,1
2019-09-06,5876.94287109375,0.036574540613493634,-0.014463728050469804,0.06801414508938919,5673.872509765625,6388.453679199219,58.92360105413687,17.270000457763672,16.010000228881836,54.93000030517578,1
2019-09-09,6018.048828125,0.024010095065802206,0.03802798194727197,0.11370837598796157,5672.8151953125,6385.050278320313,63.285247926592554,16.270000457763672,16.84000015258789,55.77999877929688,1
2019-09-11,6266.73095703125,0.041322717048098534,0.07971913075739456,0.161996053242476,5676.611611328125,6381.8663403320315,64.70415574791409,15.850000381469728,16.43000030517578,56.709999084472656,1
2019-09-12,6071.76513671875,-0.031111247897717575,0.04381295102925109,0.11636205826514923,5675.610283203125,6377.195830078125,55.266091189073684,15.369999885559082,16.280000686645508,55.09999847412109,1
2019-09-13,6127.09619140625,0.009112845019793037,0.06621800114283527,0.17604322429632813,5676.217724609375,6373.444172363281,57.61679177902485,14.899999618530272,18.059999465942383,53.93999862670898,1
2019-09-16,6091.42822265625,-0.005821349565235723,0.0998156313218872,0.1806826322109072,5675.134697265625,6369.184174804687,55.016763953056376,14.119999885559082,17.239999771118164,56.2599983215332,1
2019-09-17,5823.22607421875,-0.0440294358948462,0.02709997785777829,0.13642589541193684,5669.178525390625,6363.947121582031,46.6354883947953,14.949999809265137,17.270000457763672,56.29999923706055,1
2019-09-18,5789.64697265625,-0.005766408711343929,-0.014853964102130801,0.10900940832520467,5662.351220703125,6358.11802734375,45.122787276669314,16.020000457763672,16.270000457763672,56.52000045776367,1
2019-09-19,5672.525390625,-0.020229485940058134,-0.057414528756432825,0.06427722782073264,5656.637451171875,6351.766088867187,46.38711856239174,15.350000381469728,15.850000381469728,57.84999847412109,1
2019-09-20,6261.64990234375,0.10385577342543018,-0.0008107982810079406,0.1787450914571569,5668.7262109375,6347.687136230469,59.89079054432703,15.550000190734863,15.369999885559082,55.75,1
2019-09-23,6552.2216796875,0.046404986205790255,0.0791296323474715,0.19898905340984951,5688.37359375,6344.625883789063,64.18961498683858,15.399999618530272,14.899999618530272,55.09000015258789,1
2019-09-24,6657.89697265625,0.016128162039503735,0.08663170361100114,0.23062600011010792,5710.463291015625,6342.436823730469,67.34962772254843,16.790000915527344,14.119999885559082,54.84999847412109,1
2019-09-25,6305.8671875,-0.052874021121387726,0.03520339680703666,0.14042886126362397,5723.5769140625,6338.616196289063,63.847714732227914,16.729999542236328,14.949999809265137,62.900001525878906,1
2019-09-26,6513.8466796875,0.0329819017755042,0.11859759464368791,0.13987126806848282,5741.969638671875,6335.2974926757815,64.82521654477351,16.170000076293945,16.020000457763672,59.34000015258789,1
2019-09-27,6434.29248046875,-0.01221309053325259,0.11134452771595171,0.18102313750936583,5756.743056640625,6331.026652832032,60.24693871615136,16.34000015258789,15.350000381469728,58.11000061035156,1
2019-09-30,6379.29296875,-0.008547872495025755,0.12459487255765778,0.15471102642408008,5768.9484765625,6326.753898925781,56.85867256427143,16.110000610351562,15.550000190734863,58.130001068115234,1
2019-10-01,6442.1767578125,0.009857485676006084,0.02883055716691829,0.13505329432355406,5783.95451171875,6323.580627441406,53.58391146293504,15.869999885559082,15.399999618530272,58.09000015258789,1
2019-10-03,6415.626953125,-0.004121247473581446,-0.02084708565126181,0.1289584031814841,5802.052265625,6321.887585449219,57.543244404122156,16.760000228881836,16.790000915527344,58.63999938964844,1
2019-10-04,6316.41064453125,-0.015464787669024704,-0.0512904194113355,0.07408401313908719,5820.28759765625,6319.210139160156,54.07451140458807,17.700000762939453,16.729999542236328,57.290000915527344,1
2019-10-07,6297.650390625,-0.0029700814215574134,-0.0013030399516323898,0.06436924576079006,5835.46091796875,6316.267685546875,54.470946043938476,17.579999923706055,16.170000076293945,56.4900016784668,1
2019-10-09,6382.85546875,0.013529661515005786,-0.02010965522814301,0.08230585896768661,5853.064375,6313.962746582031,63.17860039642012,17.829999923706055,16.34000015258789,56.40999984741211,1
2019-10-10,6274.47265625,-0.016980301846193147,-0.02483875650724332,0.05613680435548396,5870.481572265625,6310.335986328125,61.02851976457338,17.15999984741211,16.110000610351562,55.90999984741211,1
2019-10-11,6363.240234375,0.014147416522180434,-0.00251638143186661,0.07087307533113085,5889.884892578125,6306.222563476563,65.91728767970446,17.229999542236328,15.869999885559082,54.06999969482422,1
2019-10-14,6479.3173828125,0.018241830288040495,0.00576522911374,0.08655170524848099,5910.69353515625,6302.7286376953125,56.414614597617955,17.139999389648438,16.760000228881836,53.619998931884766,1
2019-10-15,6635.71728515625,0.02413833018253242,0.03430535061332485,0.1445670214725454,5939.20939453125,6299.679924316406,52.671891938683004,17.43000030517578,17.700000762939453,52.45000076293945,1
2019-10-16,6625.505859375,-0.001538857872093513,0.04893526280014182,0.14153383580094347,5968.534658203125,6296.400751953125,48.89602126977608,16.850000381469727,17.579999923706055,52.810001373291016,1
2019-10-17,6766.94482421875,0.02134764768845776,0.07451897207446856,0.16332310084000468,6001.390390625,6293.062211914063,68.34877413422635,16.360000610351562,17.829999923706055,52.75,1
2019-10-18,6936.40576171875,0.025042458879449336,0.08672455387387235,0.20705150618469315,6035.70736328125,6291.1749975585935,67.34774633911658,15.880000114440918,17.15999984741211,52.59000015258789,0
2019-10-22,6892.66357421875,-0.006306174840781109,0.09852476085826445,0.24447976127725268,6066.9619921875,6290.337302246094,69.38807037950673,15.93000030517578,17.229999542236328,53.54999923706055,0
2019-10-23,7067.44384765625,0.02535743570761917,0.11066745672700784,0.2465549726081513,6102.06822265625,6290.406999511719,76.4291926879883,16.809999465942383,17.139999389648438,54.70000076293945,0
2019-10-24,7021.041015625,-0.006565716407727629,0.08360813351256957,0.1946757301587183,6133.193271484375,6290.057551269531,72.5169706247697,16.540000915527344,17.43000030517578,53.59000015258789,0
2019-10-25,7096.79541015625,0.010789624268347398,0.06948429313458049,0.17925188260184766,6166.92576171875,6290.410778808594,75.51957167646998,16.239999771118164,16.850000381469727,52.810001373291016,0
2019-10-27,7050.203125,-0.006565256917167361,0.06410035318647544,0.12502087186138056,6197.342177734375,6290.504816894531,78.61958562354337,15.31999969482422,16.360000610351562,53.36000061035156,0
2019-10-29,7334.4111328125,0.04031203112498982,0.08385856887184895,0.20795369512202466,6229.739482421875,6292.207495117187,83.49957275259662,15.31999969482422,15.880000114440918,53.93000030517578,0
2019-10-30,7178.29638671875,-0.02128524611816862,0.034872617506745085,0.17156580580322767,6264.34408203125,6293.076672363281,74.57592702272876,16.420000076293945,15.93000030517578,53.77999877929688,0
2019-10-31,7180.623046875,0.0003241242811531375,0.04177767702653168,0.17880779094919586,6297.464951171875,6294.936225585938,79.95979521778774,16.65999984741211,16.809999465942383,54.15999984741211,0
2019-11-01,7236.90478515625,0.007838002066651306,0.023977684315977577,0.24276555519565002,6328.68984375,6297.37650390625,79.5198529142454,16.280000686645508,16.540000915527344,55.970001220703125,0
2019-11-04,7052.0078125,-0.025549178570857478,0.004410570570102745,0.21803761884027062,6356.07431640625,6298.749196777344,68.49045074405119,15.729999542236328,16.239999771118164,56.22999954223633,0
2019-11-05,7018.76123046875,-0.004714484571659017,-0.010995692446738037,0.23732566134806166,6378.83470703125,6299.358198242187,63.4358200386526,15.93000030517578,15.31999969482422,56.65999984741211,0
2019-11-06,6944.8125,-0.010535866378775682,-0.014948594122953018,0.1091026499901473,6399.39513671875,6299.23466796875,60.72077779001873,15.920000076293944,15.31999969482422,56.65999984741211,0
2019-11-07,6922.01513671875,-0.003282646332244399,-0.05622755373622068,0.05643787330603356,6419.886240234375,6298.7470190429685,55.65721398813065,15.779999732971191,16.420000076293945,55.540000915527344,0
2019-11-08,6839.75390625,-0.011884000373299397,-0.0471619535096266,0.027314470971934623,6437.862001953125,6298.322565917969,46.23440394565479,15.210000038146973,16.65999984741211,55.060001373291016,1
2019-11-11,6779.6728515625,-0.00878409596470997,-0.05583780024311302,0.07513727295140571,6454.613359375,6297.930749511719,45.65317602453404,15.859999656677246,16.280000686645508,54.18000030517578,1
2019-11-13,6796.10693359375,0.0024240228682217424,-0.06090972102695458,0.04333234535385033,6471.271640625,6297.207966308593,38.11329988988132,16.25,15.729999542236328,56.20000076293945,1
2019-11-14,6884.01904296875,0.012935657168730241,-0.023821410015099853,0.06989526258949863,6493.00044921875,6297.175576171875,44.20800259567742,16.459999084472656,15.93000030517578,56.540000915527344,1
2019-11-15,6789.07763671875,-0.013791566475541917,-0.03272423526147794,0.06423669048845171,6512.701240234375,6296.878798828125,37.20021740331402,15.649999618530272,15.920000076293944,57.22999954223633,1
2019-11-18,6742.77001953125,-0.0068208996369469865,-0.029092575281010058,0.046660200894708126,6531.21845703125,6296.228696289062,37.209029250353794,15.029999732971191,15.779999732971191,56.34999847412109,1
2019-11-19,6692.42626953125,-0.0074663305813743586,-0.0331679233074218,0.04314454665594658,6550.1355859375,6295.225224609375,16.835994707016837,15.760000228881836,15.210000038146973,57.150001525878906,1
2019-11-20,6794.34912109375,0.015229581538541037,-0.006638365324044826,0.0756661502013487,6575.25076171875,6295.431882324218,28.989473414198542,15.40999984741211,15.859999656677246,57.2400016784668,1
2019-11-21,6667.34814453125,-0.01869214759191762,-0.016567865366152956,0.05870407707239522,6595.20611328125,6295.657204589844,25.28473921926836,15.15999984741211,16.25,56.86000061035156,1
2019-11-22,6706.67431640625,0.005898322844781534,-0.013159389347661143,0.05073259910734995,6611.8007421875,6296.189001464843,24.04446739042102,14.979999542236328,16.459999084472656,57.119998931884766,0
2019-11-25,6873.52294921875,0.02487799838503335,-0.0015247043455989262,0.09547420568835152,6628.910224609375,6297.577524414062,41.10575320440292,14.869999885559082,15.649999618530272,56.77000045776367,0
2019-11-26,6767.98974609375,-0.015353582712194891,-0.0031061495763350377,0.06360745419169378,6638.935400390625,6300.907856445312,38.3433577702626,15.0,15.029999732971191,57.720001220703125,0
2019-11-27,6928.90234375,0.023775538039064514,0.027604726793231116,0.06938770465699085,6656.07814453125,6305.053759765625,49.31576462840795,14.84000015258789,15.760000228881836,57.04999923706055,0
2019-11-28,6897.4130859375,-0.004544624278173592,0.0306296712359011,0.039437454842545794,6671.484482421875,6308.967736816407,48.94981059698114,14.619999885559082,15.40999984741211,55.209999084472656,1
2019-11-29,6882.78466796875,-0.0021208557159747565,0.013016043965189183,0.03883157211757715,6687.311611328125,6312.708801269531,51.94941825149391,13.989999771118164,15.15999984741211,57.11000061035156,1
2019-12-02,6781.62109375,-0.014698058867008701,0.017139190385982772,0.002168817673630752,6706.47951171875,6315.508891601563,50.08509356880295,13.899999618530272,14.979999542236328,58.58000183105469,1
2019-12-03,6781.09814453125,-7.711271560595367e-05,0.01109697960775291,-0.022390215123317292,6726.30853515625,6316.802055664062,49.33521981130607,14.199999809265137,14.869999885559082,57.77000045776367,1
2019-12-04,6721.54052734375,-0.008782886771153908,-0.022111284562201794,-0.024826838715161892,6747.288837890625,6317.67611328125,42.617961844369255,14.5600004196167,15.0,58.0099983215332,1
2019-12-05,6661.4599609375,-0.008938511366826885,-0.01574024033025989,-0.05744423238019569,6755.2850390625,6317.756062011718,44.01214794355092,13.31999969482422,14.84000015258789,58.40999984741211,1
2019-12-06,6541.63037109375,-0.017988487590772206,-0.055892254421160414,-0.06828198887662729,6755.073212890625,6316.81623046875,41.17158165452207,14.3100004196167,14.619999885559082,58.11000061035156,1
2019-12-09,6644.26611328125,0.015689627258829608,-0.03670172708263164,-0.06376530119881763,6754.800595703125,6315.831462402344,47.978930319897515,13.640000343322754,13.989999771118164,58.11000061035156,1
2019-12-10,6614.724609375,-0.0044461650696379085,-0.03894645430958399,-0.061768222546779494,6760.977744140625,6315.48732421875,41.97439019973759,14.600000381469728,13.899999618530272,55.16999816894531,1
2019-12-11,6642.7939453125,0.004243462516597907,-0.020471085971677794,-0.09429757549394258,6763.556689453125,6315.079072265625,48.796526975055585,14.289999961853027,14.199999809265137,55.959999084472656,1
2019-12-12,6649.06298828125,0.0009437358768555892,-0.01947105814365513,-0.07372688029665164,6767.852099609375,6314.774301757812,47.08173554471236,13.380000114440918,14.5600004196167,56.09999847412109,1
2019-12-13,6853.43359375,0.030736752806966416,0.019622446055290288,-0.04556560774588947,6777.334912109375,6316.170578613282,49.01965269547257,13.350000381469728,13.31999969482422,58.43000030517578,0
2019-12-16,6782.2861328125,-0.010381286980351456,0.01813809173717451,-0.06281948786672265,6784.137099609375,6317.620751953125,50.721880582869446,13.300000190734863,14.3100004196167,58.43000030517578,0
2019-12-17,6834.62451171875,0.007716922860720787,0.044789161723304716,-0.03082573170096725,6792.51705078125,6319.741772460938,44.6532938784575,13.420000076293944,13.640000343322754,59.20000076293945,0
2019-12-18,6877.84521484375,0.006323786047191415,0.035154988915269136,-0.02007704935356358,6803.7457421875,6322.25759765625,48.904835013360604,12.520000457763672,14.600000381469728,59.02000045776367,0
2019-12-19,6877.84521484375,0.0,0.03977801359951272,-0.00964277799526625,6815.349638671875,6324.56099609375,49.71894909855896,12.34000015258789,14.289999961853027,59.2400016784668,0
2019-12-20,6897.650390625,0.00287956113616894,0.038365851388833194,-0.0035198920563614955,6825.645537109375,6327.189897460938,57.27557971209735,12.119999885559082,13.380000114440918,58.7599983215332,0
2019-12-23,6992.06982421875,0.013688637180289787,0.051587244178922464,0.02226921027517781,6839.99748046875,6329.771662597656,61.83525150217602,12.329999923706056,13.350000381469728,59.18000030517578,0
2019-12-24,6960.6279296875,-0.004496793556372003,0.0156409680594638,0.026690827431783193,6851.945234375,6332.137661132812,63.849389994518525,11.960000038146973,13.300000190734863,60.06999969482422,0
2019-12-26,6878.08203125,-0.011858972964987391,0.014124425976964172,0.012062067071228588,6859.92052734375,6334.187429199219,62.22976325684482,11.630000114440918,13.420000076293944,60.209999084472656,0
2019-12-27,6976.8720703125,0.014363021350088045,0.020812783255298006,0.01348820024526054,6866.743623046875,6336.430422363282,75.17025839065087,11.119999885559082,12.520000457763672,60.93999862670898,0
2019-12-30,7044.646484375,0.009714154621078608,0.024251966178485684,0.03764411917666188,6875.126435546875,6339.6624438476565,74.1270350351175,10.529999732971191,12.34000015258789,60.93000030517578,0
2019-12-31,6999.3837890625,-0.006425119473758234,0.017671024924557077,0.038057618573366314,6879.77521484375,6342.174216308594,72.74864683174972,11.010000228881836,12.119999885559082,61.220001220703125,0
2020-01-01,6945.33544921875,-0.007721871163602678,0.006913232172300443,0.037790357263840946,6879.95380859375,6343.560419921875,67.35882897769201,11.670000076293944,12.329999923706056,60.43999862670898,0
2020-01-02,6962.5751953125,0.002482204958968337,-0.004218297249276359,0.024759704163048513,6881.352041015625,6345.317854003906,67.76464794304891,11.670000076293944,11.960000038146973,60.52000045776367,0
2020-01-03,6890.76318359375,-0.010314001602036105,-0.010037132683931138,0.03350883053043385,6877.818427734375,6346.8466796875,52.489149793089084,11.489999771118164,11.630000114440918,61.11000061035156,0
2020-01-06,6689.52880859375,-0.02920349598998262,-0.027413633887990008,-0.0025564843324146214,6871.18818359375,6347.656704101562,44.7292968270959,12.699999809265137,11.119999885559082,61.68000030517578,0
2020-01-07,6719.16552734375,0.004430314839503735,-0.03693726076264536,-0.022456813342355164,6863.6355859375,6348.079985351563,43.26558859883459,14.779999732971191,10.529999732971191,61.720001220703125,0
2020-01-08,6682.689453125,-0.005428661352412045,-0.051380439324076765,-0.012603490278332963,6856.2853125,6347.968173828125,38.52682028962043,14.609999656677246,11.010000228881836,61.68000030517578,0
2020-01-09,6865.73388671875,0.027390833417846983,-0.01909452408547685,-0.009116661470662701,6846.911767578125,6349.081437988281,49.414080216490795,15.640000343322754,11.670000076293944,61.060001373291016,0
2020-01-10,6963.193359375,0.014195055366881926,0.0025712091643117496,0.00953694850778386,6842.60970703125,6350.704245605469,52.949236017977704,14.0,11.670000076293944,61.060001373291016,0
2020-01-13,6984.28076171875,0.003028409704486812,0.003117462403977145,0.014746370640119633,6838.682861328125,6352.443266601563,49.624751355430476,14.079999923706056,11.489999771118164,61.18000030517578,0
2020-01-14,7016.67236328125,0.004637786290041523,0.01827216758620831,0.034660041645186546,6834.278212890625,6355.234228515625,52.697548119385054,14.279999732971191,12.699999809265137,63.04999923706055,0
2020-01-15,7108.00439453125,0.01301643094067595,0.06255681048864048,0.04820845282465647,6835.39814453125,6358.80412109375,60.973878365648815,13.90999984741211,14.779999732971191,63.27000045776367,0
2020-01-16,7088.72119140625,-0.002712885650413499,0.05500023218040795,0.05462745669222402,6836.79734375,6362.987944335938,55.77683817428642,14.119999885559082,14.609999656677246,62.70000076293945,0
2020-01-17,7143.3408203125,0.007705145601221597,0.06893203259237013,0.07233862579685657,6840.76791015625,6368.010939941406,55.16763375828095,14.18000030517578,15.640000343322754,59.61000061035156,0
2020-01-20,7076.32568359375,-0.009381483874910224,0.03067287493946913,0.0817373165660229,6843.85412109375,6372.839855957031,53.938950356482046,14.130000114440918,14.0,59.560001373291016,0
2020-01-21,6936.73828125,-0.019725972006542802,-0.0037992738043647334,0.04401873178801896,6845.79380859375,6376.675266113281,49.5953204546238,15.40999984741211,14.079999923706056,59.040000915527344,0
2020-01-22,6778.0595703125,-0.022875118608180478,-0.02952647501465866,0.024692632056972696,6845.76154296875,6380.034399414062,42.33521507513715,15.859999656677246,14.279999732971191,58.08000183105469,0
2020-01-23,6788.982421875,0.0016115012636273018,-0.03244984653947469,0.022007076806237258,6845.619052734375,6383.081613769531,45.54674838520572,16.360000610351562,13.90999984741211,58.22999954223633,0
2020-01-24,6771.26708984375,-0.002609423759025953,-0.047374380486677636,0.018379146321501283,6843.364013671875,6384.89521484375,54.26053068803753,15.859999656677246,14.119999885559082,57.810001373291016,0
2020-01-27,6790.5966796875,0.002854648854826891,-0.04205617680099627,-0.009168676285096655,6843.39439453125,6386.575939941406,53.76372248107089,15.5600004196167,14.18000030517578,58.52000045776367,0
2020-01-28,6646.45068359375,-0.021227294580007938,-0.06955990890226238,-0.020027973836370894,6841.4680078125,6386.677805175781,48.285144294466164,17.18000030517578,14.130000114440918,58.540000915527344,0
2020-01-29,6659.03759765625,0.0018937798024394326,-0.05896959871490515,-0.02569079160990284,6840.800234375,6386.654304199219,38.337467752084756,17.299999237060547,15.40999984741211,58.540000915527344,0
2020-01-30,6668.67822265625,0.0014477504982692846,-0.03864353068045201,-0.030411703906344956,6838.28681640625,6386.7042944335935,31.554447022097335,16.5,15.859999656677246,58.34000015258789,0
2020-01-31,6567.08740234375,-0.015234026432307646,-0.03112574709328253,-0.04518243763749197,6836.2816015625,6386.144455566407,26.264539987465724,16.799999237060547,16.360000610351562,56.7400016784668,0
2020-02-03,6659.9873046875,0.014146286877588121,-0.019000655646398634,-0.034455658445739945,6835.347861328125,6385.641130371094,31.014224562516077,17.3700008392334,15.859999656677246,55.59000015258789,0
2020-02-04,6838.85205078125,0.026856619676716154,0.009981139429409147,-0.021913078285744847,6834.654443359375,6386.173583984375,36.89466546714014,15.779999732971191,15.5600004196167,54.18999862670898,0
2020-02-05,6688.10400390625,-0.02204288757172035,-0.015093323991370755,-0.03915220415947229,6833.056728515625,6385.9452734375,32.70735642998416,14.380000114440918,17.18000030517578,53.13999938964844,0
2020-02-06,6669.77099609375,-0.002741136770868513,0.003508686607359479,-0.030286209761646643,6827.8741015625,6384.899255371094,28.897286613399515,14.170000076293944,17.299999237060547,53.47999954223633,0
2020-02-07,6622.41845703125,-0.0070995749464610736,-0.005499164119134647,-0.0508040866607683,6822.374208984375,6383.571276855469,29.412705274552778,13.779999732971191,16.5,53.33000183105469,0
2020-02-10,6547.52001953125,-0.011309831594902842,-0.018168248501385986,-0.07056797895343292,6815.668916015625,6381.37205078125,31.24624451528662,13.75,16.799999237060547,52.13999938964844,0
2020-02-11,6681.31201171875,0.02043399512920896,0.017393496138673914,-0.04544282567285152,6813.662734375,6379.893779296875,45.2238560602664,14.210000038146973,17.3700008392334,51.560001373291016,0
2020-02-12,6690.3837890625,0.001357783819680769,0.004564045392940308,-0.03670832921179179,6811.848447265625,6379.052004394532,45.123561555707745,13.880000114440918,15.779999732971191,50.11000061035156,0
2020-02-13,6654.0498046875,-0.005430777294779254,-0.027022407375027035,-0.04431196532465631,6810.4986328125,6379.304284667969,44.30756564673097,13.619999885559082,14.380000114440918,49.61000061035156,0
2020-02-14,6567.3720703125,-0.013026312834920395,-0.01805174284419553,-0.04693110250127497,6808.616875,6379.274001464843,39.82508993886562,13.369999885559082,14.170000076293944,50.75,0
2020-02-17,6560.67626953125,-0.001019555571020292,-0.01635659254663957,-0.019261825869853255,6808.99779296875,6379.732287597656,45.53019091839913,13.619999885559082,13.779999732971191,50.95000076293945,0
2020-02-18,6441.32177734375,-0.018192406892838187,-0.02734600370884499,-0.041350930985300294,6804.93890625,6379.886091308594,39.79062027176043,14.420000076293944,13.75,50.31999969482422,0
2020-02-19,6418.04931640625,-0.0036129946215941455,-0.01977400645416727,-0.03960084312985657,6801.005400390625,6380.750048828125,38.395582214915315,14.510000228881836,14.210000038146973,49.56999969482422,0
2020-02-20,6418.9990234375,0.0001479744053729526,-0.039260700266828374,-0.06506731409229616,6796.529501953125,6381.53982421875,42.43864226900817,14.020000457763672,13.880000114440918,49.93999862670898,0
2020-02-24,6146.189453125,-0.04250032899466083,-0.08133977856803276,-0.11733178501355479,6786.47203125,6380.84025390625,27.837383127178867,13.699999809265137,13.619999885559082,51.16999816894531,0
2020-02-25,6093.1376953125,-0.00863165026348578,-0.08429634971771038,-0.12759267515284567,6771.26611328125,6379.877065429688,13.917325801889433,17.0,13.369999885559082,51.41999816894531,0
2020-02-26,5922.44287109375,-0.028014273229056808,-0.09820201936389783,-0.15594706942762238,6754.069248046875,6378.096235351562,13.653764671086734,16.899999618530273,13.619999885559082,52.04999923706055,0
2020-02-27,5974.638671875,0.008813221489397005,-0.08932579105875038,-0.15944921524362565,6736.86953125,6376.8192529296875,18.02962966289914,18.26000022888184,14.420000076293944,52.04999923706055,0
2020-02-28,5968.275390625,-0.0010650487166620204,-0.07343933482450915,-0.15806035680167263,6718.678134765625,6375.62849609375,18.736041677654413,17.770000457763672,14.510000228881836,52.04999923706055,0
2020-03-02,5970.22216796875,0.0003261875862510255,-0.06977620868271206,-0.16422549082467408,6700.525673828125,6374.416323242188,20.34052903618121,23.239999771118164,14.020000457763672,53.290000915527344,0
2020-03-03,6066.06591796875,0.016053632059828127,-0.05498257659490147,-0.14276614881749394,6683.893984375,6374.094870605469,17.108346176496383,25.200000762939453,13.699999809265137,53.77999877929688,0
2020-03-04,6064.451171875,-0.00026619329819133064,-0.013299017525149726,-0.12574888571661869,6665.341611328125,6373.613344726563,16.268082840037394,24.540000915527344,17.0,51.43000030517578,0
2020-03-05,6046.9736328125,-0.002881965501438155,-0.007576402308372976,-0.10786065391076127,6647.068525390625,6373.430637207031,16.605569838938578,24.229999542236328,16.899999618530273,49.900001525878906,0
2020-03-06,6122.96533203125,0.012566897729865856,0.033858065886327005,-0.09810263872502523,6631.96619140625,6373.6939379882815,25.262972503874394,23.25,18.26000022888184,48.72999954223633,0
2020-03-09,5890.38330078125,-0.03798519485865559,-0.014102170143003523,-0.13009142563343,6610.236416015625,6371.730090332031,20.1866343273728,25.63999938964844,17.770000457763672,47.09000015258789,0
2020-03-11,5838.3291015625,-0.008837149733845973,-0.021772837303489778,-0.14023327007087438,6586.110068359375,6367.73654296875,21.472123081187846,30.799999237060547,23.239999771118164,44.7599983215332,0
2020-03-12,5360.39013671875,-0.08186228568647147,-0.10214561771618014,-0.19349583832007378,6553.3301953125,6362.333454589843,15.013267295132223,31.559999465942383,25.200000762939453,46.75,0
2020-03-13,5546.04736328125,0.034635021300174706,-0.08572583313793436,-0.16713980332033773,6525.34443359375,6357.744125976563,24.267767612021544,41.15999984741211,24.540000915527344,47.18000030517578,0
2020-03-16,5205.65234375,-0.06137614723323592,-0.14161196187180736,-0.21938768524409347,6490.2059765625,6351.314873046875,23.337877095838138,51.470001220703125,24.229999542236328,46.77999877929688,0
2020-03-17,5323.1552734375,0.022572181530442714,-0.11969927493107746,-0.18941915231131212,6458.853818359375,6344.7054052734375,28.942192798924438,58.880001068115234,23.25,45.900001525878906,0
2020-03-18,5084.4462890625,-0.04484351331364611,-0.16961047248396366,-0.23656817101078953,6426.75216796875,6337.018093261719,27.904114954113055,62.93000030517578,25.63999938964844,41.27999877929688,0
2020-03-19,4578.05810546875,-0.09959554193405018,-0.22279113740160927,-0.3305809116099,6383.93001953125,6326.863481445313,20.291402570925428,63.959999084472656,30.799999237060547,31.1299991607666,0
2020-03-20,4824.69873046875,0.053874507338684374,-0.17361651826418523,-0.27861487685436126,6346.770205078125,6318.7065234375,27.929559140577325,72.19999694824219,31.559999465942383,32.97999954223633,0
2020-03-23,4008.8828125,-0.16909157722465462,-0.2521285372422625,-0.3989474578890547,6289.63318359375,6306.581733398438,21.195844618505603,67.0999984741211,41.15999984741211,31.5,1
2020-03-24,4261.64892578125,0.06305150963582817,-0.2315880758616713,-0.35648147977473243,6235.602294921875,6295.710700683594,24.667981533370764,71.98999786376953,51.470001220703125,31.729999542236328,1
2020-03-25,4755.119140625,0.11579325829925957,-0.086546925029659,-0.2737526381835441,6191.0190625,6286.590112304688,33.848924667842866,83.61000061035156,58.880001068115234,28.700000762939453,1
2020-03-26,4633.57958984375,-0.025559727776931163,-0.12954265809880217,-0.3064865730388523,6143.35720703125,6276.726457519531,33.00167796881094,77.62999725341797,62.93000030517578,26.950000762939453,1
2020-03-27,4413.29931640625,-0.047539978361508695,-0.13200001229239067,-0.3403518459402656,6089.46310546875,6266.0569677734375,30.128204837159387,71.52999877929688,63.959999084472656,20.3700008392334,1
2020-03-30,4111.56591796875,-0.06836912178510512,-0.10189739333861858,-0.3820957103338295,6029.92,6254.068286132812,29.6515500158296,70.38999938964844,72.19999694824219,25.21999931335449,1
2020-03-31,4073.427001953125,-0.009276007432824307,-0.15571370783655836,-0.3797477958700006,5968.521723632813,6241.787261962891,29.746250947331845,71.88999938964844,67.0999984741211,22.43000030517578,1
2020-04-01,4033.579345703125,-0.009782342050291826,0.006160452764076618,-0.3851884805784941,5907.666796875,6229.267888183594,33.07157791426269,64.41000366210938,71.98999786376953,23.36000061035156,1
2020-04-03,3810.4970703125,-0.055306281659804,-0.10586321476165339,-0.4084293252178034,5845.14197265625,6216.224709472656,28.066048069224863,60.04999923706055,83.61000061035156,24.01000022888184,1
2020-04-07,4325.48193359375,0.13514899861581986,-0.0903525641157289,-0.32604414202043264,5796.090419921875,6206.07169921875,39.34650522932221,55.29999923706055,77.62999725341797,24.489999771118164,1
2020-04-08,4462.6943359375,0.03172187618634892,-0.036879749358532665,-0.30476787429893715,5749.564658203125,6196.779467773437,39.63452279221048,51.79999923706055,71.52999877929688,22.600000381469727,1
2020-04-09,5059.7490234375,0.1337879412201719,0.14647764873506341,-0.17676650516119463,5715.334296875,6191.248903808594,49.72613094168072,52.2400016784668,70.38999938964844,21.51000022888184,0
2020-04-13,5018.42919921875,-0.008166378219028325,0.22056396500582442,-0.17638014268420876,5679.890947265625,6186.179929199218,55.44489898428859,49.75,71.88999938964844,20.09000015258789,1
2020-04-15,4839.041015625,-0.0357458831185018,0.18795329173808173,-0.18293158398481413,5643.74275390625,6180.281232910156,50.1803319611004,51.459999084472656,64.41000366210938,20.479999542236328,1
2020-04-16,4873.71240234375,0.007164929292146516,0.20828474777261996,-0.18426658581275346,5608.03625,6173.65607421875,63.532035127024585,49.7400016784668,60.04999923706055,20.309999465942383,1
2020-04-17,5229.1630859375,0.07293222378546904,0.3723047123373473,-0.1238401810091575,5579.245947265625,6169.742651367187,64.66742002300337,46.09999847412109,55.29999923706055,28.34000015258789,1
2020-04-20,5064.21337890625,-0.03154418868190212,0.170785927823478,-0.15175461876835838,5549.188466796875,6164.804704589844,55.20421332255591,42.59000015258789,51.79999923706055,23.6299991607666,1
2020-04-21,4750.51171875,-0.06194479511129958,0.06449408387546152,-0.21687106882927998,5510.998955078125,6158.005017089844,51.84912929689738,43.459999084472656,52.2400016784668,25.09000015258789,1
2020-04-22,4921.2548828125,0.0359420572290321,-0.02737174116413177,-0.1885077901796426,5472.64701171875,6152.25671875,58.16050870834037,45.20000076293945,49.75,22.76000022888184,1
2020-04-23,4897.98291015625,-0.004728869609563868,-0.024000794727013552,-0.19001087030072672,5436.84458984375,6146.362082519531,63.87557640370952,42.81999969482422,51.459999084472656,22.40999984741211,1
2020-04-24,4792.82861328125,-0.021468898279934034,-0.009549909206087004,-0.217237342793959,5399.3057421875,6139.717067871094,62.399915299107185,39.22999954223633,49.7400016784668,19.8700008392334,1
2020-04-27,4802.9931640625,0.0021207832788101566,-0.01451034292611142,-0.18460430861511645,5362.917236328125,6133.2484130859375,63.3990545592267,39.119998931884766,46.09999847412109,19.8700008392334,1
2020-04-28,4799.5263671875,-0.0007217992523785854,-0.08216165984675416,-0.17792808803754956,5327.95736328125,6126.518146972656,68.65013290139001,38.040000915527344,42.59000015258789,18.270000457763672,1
2020-04-29,4814.48681640625,0.0031170678259064832,-0.04931201428837406,-0.10184022177286212,5290.620859375,6119.985407714844,61.3642264289339,35.349998474121094,43.459999084472656,-37.630001068115234,1
2020-04-30,5090.2880859375,0.05728570459293936,0.07152416145957963,-0.08217731430878106,5258.6189453125,6114.781787109375,63.70233013128443,33.84000015258789,45.20000076293945,10.010000228881836,1
2020-05-04,4641.46337890625,-0.0881727516112849,-0.0568536908916103,-0.10838006989097637,5218.367216796875,6108.198034667968,40.23549730573957,33.9900016784668,42.81999969482422,13.779999732971191,1
2020-05-05,4587.84228515625,-0.011552626698227986,-0.06332007087180835,-0.1381347998527218,5178.77662109375,6102.851186523438,40.00573469878098,43.66999816894531,39.22999954223633,16.5,1
2020-05-06,4600.57080078125,0.002774401305420282,-0.04011364227947578,-0.0951677844099067,5139.57451171875,6098.004777832031,44.000780263270066,43.61000061035156,39.119998931884766,16.940000534057617,1
2020-05-07,4511.32763671875,-0.019398280762757736,-0.06072578439754672,-0.01457615154999603,5100.97462890625,6092.79435546875,41.127076187943906,41.25,38.040000915527344,12.779999732971191,1
2020-05-08,4420.9453125,-0.02003452896728386,-0.07887883631095594,-0.08368469007587609,5061.032548828125,6086.648151855468,27.259100865985005,39.93000030517578,35.349998474121094,12.34000015258789,1
2020-05-11,4690.38330078125,0.060945786304894556,-0.025777101559836924,0.16999760785131457,5026.460234375,6082.129016113281,40.065647354123044,38.40999984741211,33.84000015258789,15.0600004196167,1
2020-05-12,4703.20703125,0.0027340474426928996,-0.07604305456833682,0.10361203214030668,4997.6005859375,6077.166943359375,48.503607220991015,38.040000915527344,33.9900016784668,18.84000015258789,1
2020-05-13,4783.75830078125,0.017126881507880665,0.030657340209055306,0.006022806013749271,4971.412998046875,6072.240625,45.387358492729504,38.209999084472656,43.66999816894531,20.38999938964844,1
2020-05-14,4857.8017578125,0.015478093242954571,0.058842361153017775,0.04839070175037419,4950.12017578125,6068.070258789063,48.69643595442254,38.84000015258789,43.61000061035156,24.559999465942383,1
2020-05-15,4844.83544921875,-0.0026691720329873325,0.05309442219561533,0.09778084418799393,4927.524111328125,6064.740739746094,51.79455745818821,38.18000030517578,41.25,23.989999771118164,1
2020-05-18,4484.39892578125,-0.0743960300025508,-0.005969132172604974,0.09067907830034061,4897.84658203125,6060.139514160156,41.146656079432475,38.02000045776367,39.93000030517578,23.549999237060547,1
2020-05-19,4564.52197265625,0.017867064951417433,0.032476461482184416,0.12056064106897102,4869.732578125,6055.267202148438,43.736369166250434,40.91999816894531,38.40999984741211,24.739999771118164,1
2020-05-20,4646.8310546875,0.018032355310002357,-0.009285434323991315,0.15203660481791625,4841.347880859375,6050.987944335938,45.686296236830266,39.45000076293945,38.040000915527344,24.13999938964844,1
2020-05-21,4797.05615234375,0.03232850428351819,0.01995428235886254,0.2589056135792651,4815.99998046875,6047.9551611328125,41.934056700503376,35.810001373291016,38.209999084472656,25.780000686645508,1
2020-05-22,4877.03759765625,0.016673026700640747,0.01949916592980183,0.12751311241849295,4792.601259765625,6045.374978027344,58.12956729570262,32.9900016784668,38.84000015258789,25.290000915527344,1
2020-05-26,4983.283203125,0.02178486495978804,0.025830911092799447,0.11665348957361155,4769.8076171875,6043.096967773437,63.16821714778897,32.380001068115234,38.18000030517578,27.559999465942383,1
2020-05-27,4981.62060546875,-0.00033363499293148635,0.02823318927623375,-0.015441164691538556,4751.63236328125,6041.95544921875,62.78320300982438,31.46999931335449,38.02000045776367,29.43000030517578,1
2020-05-28,5194.349609375,0.04270277099639408,0.1583156840735498,0.035054875374875616,4738.7527734375,6042.130983886719,71.1603747069482,31.270000457763672,40.91999816894531,31.81999969482422,1
2020-05-29,5329.66162109375,0.026049846832514545,0.1676275529006248,0.10138798242969282,4738.138203125,6043.158500976562,77.38999487537085,30.020000457763672,39.45000076293945,32.5,1
2020-06-01,5503.30224609375,0.03258004679185733,0.1843129610968497,0.1291807541715495,4737.28330078125,6044.5722265625,76.00425600241915,30.21999931335449,35.810001373291016,33.4900016784668,1
2020-06-02,5404.98779296875,-0.017864629040642566,0.12673014893268997,0.03362387138088807,4741.270009765625,6044.947504882813,71.28491080681864,30.739999771118164,32.9900016784668,33.91999816894531,1
2020-06-03,5342.2001953125,-0.011616603045418339,0.09537810368322619,0.05489239801074275,4741.650908203125,6045.097844238281,67.12195916499967,30.1200008392334,32.380001068115234,33.25,1
2020-06-04,5405.08349609375,0.011771049096293007,0.08464305073093992,0.13778974057893434,4748.06365234375,6044.799318847657,66.89540922075084,30.040000915527344,31.46999931335449,34.349998474121094,1
2020-06-05,5458.27734375,0.00984144790634467,0.09568306702400875,0.10912307403809796,4765.668037109375,6045.039851074219,68.47889941668448,29.690000534057617,31.270000457763672,32.810001373291016,1
2020-06-08,5447.44775390625,-0.001984067346110674,0.048725666072696905,0.11218186217241644,4778.123017578125,6044.6301782226565,86.75093147934348,28.68000030517578,30.020000457763672,33.709999084472656,1
2020-06-09,5378.58056640625,-0.012642101514533488,0.009178621231578532,0.12221424974426198,4805.51697265625,6042.9503515625,81.33449660453616,29.649999618530277,30.21999931335449,35.4900016784668,1
2020-06-10,5391.21533203125,0.0023490892195452417,-0.020367210276713288,0.1224699157121465,4828.10830078125,6042.666096191406,80.27657856365195,30.209999084472656,30.739999771118164,35.439998626708984,1
2020-06-11,5154.26318359375,-0.043951527409724744,-0.046387636564353185,0.07391079645513532,4836.091181640625,6040.814514160156,63.57134323573651,29.440000534057617,30.1200008392334,36.810001373291016,1
2020-06-12,5283.06884765625,0.024990121667146203,-0.011068725524014389,0.0973275136309899,4849.080966796875,6038.851557617188,64.87448260071622,29.65999984741211,30.040000915527344,37.290000915527344,1
2020-06-15,5201.3779296875,-0.015462777473549516,-0.037687774213565395,0.021823881453173266,4864.8425390625,6036.444526367188,58.13601890313165,30.81999969482422,29.690000534057617,37.40999984741211,1
2020-06-16,5226.50341796875,0.004830544640458401,-0.04246283418460639,0.1260464623552331,4887.1412890625,6033.173334960938,58.97817897209948,32.58000183105469,28.68000030517578,39.54999923706055,1
2020-06-17,5439.279296875,0.040710942266817485,-0.0014995016749619339,0.18558550159266263,4914.4583349609375,6030.785776367187,58.97958891407008,32.970001220703125,29.649999618530277,38.18999862670898,1
2020-06-18,5428.07080078125,-0.0020606583118814026,0.009201355964454372,0.17986898492236603,4942.3481640625,6028.438830566406,53.96904045253781,33.349998474121094,30.209999084472656,38.93999862670898,1
2020-06-19,5601.853515625,0.03201555786979382,0.039070630761540714,0.24173058725112417,4978.17529296875,6026.743269042969,53.97431570440809,31.459999084472656,29.440000534057617,39.59999847412109,1
2020-06-22,5600.5712890625,-0.00022889326879460548,0.08659008854832417,0.26682663846285704,5003.677080078125,6025.035600585938,58.55705737461519,29.96999931335449,29.65999984741211,36.34000015258789,1
2020-06-23,5591.5478515625,-0.001611163760672385,0.05839011619981105,0.19213025737814404,5026.254150390625,6023.1773754882815,61.44788390888394,30.459999084472656,30.81999969482422,36.2599983215332,1
2020-06-24,5466.96875,-0.022279895454652587,0.05106162711165596,0.16239168585929975,5034.398544921875,6021.524326171875,52.68890615379981,29.34000015258789,32.58000183105469,37.119998931884766,1
2020-06-25,5473.5703125,0.0012075361689236619,0.04727192824208859,0.1441987592905969,5043.5013671875,6019.8719873046875,50.69251648817195,29.57999992370605,32.970001220703125,38.380001068115234,1
2020-06-26,5466.541015625,-0.001284225190082422,0.00501200936044266,0.12531167144346766,5056.0513671875,6018.120146484375,50.86759247138385,29.729999542236328,33.349998474121094,37.959999084472656,1
2020-06-29,5394.15869140625,-0.013240973407472767,-0.006247543670601874,0.1133832609889942,5066.46029296875,6016.358090820312,50.70561154032274,28.739999771118164,31.459999084472656,38.84000015258789,1
2020-06-30,5545.76171875,0.02810503658064012,-0.010013078121115737,0.23667894193508765,5072.792265625,6016.393947753906,56.21745770016669,28.90999984741211,29.96999931335449,39.75,1
2020-07-01,5512.326171875,-0.006029026952592553,-0.01575644923221242,0.20764588381796978,5081.754521484375,6015.60767578125,67.22573558670994,29.1200008392334,30.459999084472656,40.459999084472656,1
2020-07-02,5650.39306640625,0.025046938484100334,0.010523958017690349,0.21596696757597944,5099.7521484375,6014.474926757813,67.51520135450146,28.1200008392334,29.34000015258789,40.369998931884766,1
2020-07-03,5634.8623046875,-0.0027486161646145257,0.03071053857542161,0.1746500615662825,5114.024296875,6012.558994140625,72.06191818132118,26.51000022888184,29.57999992370605,38.0099983215332,1
2020-07-06,5816.7666015625,0.0322819417829745,0.06270062673329369,0.19268438782548114,5132.399970703125,6010.3091723632815,75.9067898279237,25.770000457763672,29.729999542236328,38.720001220703125,1
2020-07-07,5914.74853515625,0.016844742157512416,0.08199106496231146,0.18691800045542895,5154.838369140625,6009.524089355469,73.2069428192155,25.200000762939453,28.739999771118164,38.4900016784668,1
2020-07-08,5741.53466796875,-0.029285077152130246,0.06439854598937278,0.15254354409602722,5173.60919921875,6007.5962817382815,63.210526705688,25.100000381469727,28.90999984741211,39.70000076293945,1
2020-07-09,5701.59228515625,-0.006956743296410495,0.028099037482875122,0.09765277925570426,5191.650517578125,6005.6471020507815,54.73783873929165,26.100000381469727,29.1200008392334,39.27000045776367,1
2020-07-10,5657.232421875,-0.007780258752759006,0.026287677013624666,0.06146183830597973,5208.5054296875,6004.817133789063,52.585721288827486,24.90999984741211,28.1200008392334,39.81999969482422,1
2020-07-13,5688.7685546875,0.00557448067549049,0.00679164932956744,0.03370091270661968,5220.4750390625,6004.312741699218,54.34732485417069,24.940000534057617,26.51000022888184,40.650001525878906,1
2020-07-14,5482.546875,-0.036250671424762904,-0.027030905362282365,0.014349538796765593,5237.296708984375,6003.362849121094,50.64919156278869,25.25,25.770000457763672,40.650001525878906,1
2020-07-15,5510.61572265625,0.005119673081910525,-0.052632484656340184,0.031525499080234054,5255.752177734375,5999.607678222656,51.516667166431766,26.63999938964844,25.200000762939453,40.630001068115234,1
2020-07-16,5580.95556640625,0.012764425481676334,-0.05643400843941071,0.03253827076669635,5275.359873046875,5994.75134765625,54.4533579642965,26.290000915527344,25.100000381469727,40.619998931884766,1
2020-07-17,5622.8935546875,0.007514481665772399,-0.020663658785016636,0.030159004493605313,5297.59119140625,5989.576330566406,59.11916947149779,25.36000061035156,26.100000381469727,40.900001525878906,1
2020-07-20,5573.4990234375,-0.008784539627079146,-0.02246622615444338,0.023139509587927876,5320.642265625,5985.914489746094,51.203944451462,24.15999984741211,24.90999984741211,39.619998931884766,1
2020-07-21,5823.65380859375,0.044882897458904614,0.02941745615316127,0.08274920059157531,5343.30767578125,5982.463525390625,61.37349835158935,24.709999084472656,24.940000534057617,40.54999923706055,1
2020-07-22,5702.58984375,-0.020788317579094495,0.002429574859590833,0.057755903361669914,5363.29533203125,5978.805012207031,51.930852787444174,24.43000030517578,25.25,40.09999847412109,1
2020-07-23,5762.00537109375,0.010419042745791973,0.05097238609451016,0.11791058505403273,5382.8602734375,5975.71857421875,54.55535001576246,24.88999938964844,26.63999938964844,40.290000915527344,1
2020-07-24,5700.02490234375,-0.010756753032709288,0.03437169079106095,0.07892307798950537,5399.704736328125,5972.007814941407,45.42408992621112,24.63999938964844,26.290000915527344,41.20000076293945,1
2020-07-27,5740.4892578125,0.007098978717112514,0.028585372076161963,0.10364779014575287,5417.6178125,5968.632126464844,42.847052721075485,24.540000915527344,25.36000061035156,40.75,1
2020-07-28,5967.98974609375,0.03963085341055805,0.06137341709386668,0.14187043781044228,5447.28962890625,5966.8900219726565,58.89887160972525,25.020000457763672,24.15999984741211,40.59000015258789,1
2020-07-29,5875.232421875,-0.015542473791859801,0.05413715821401599,0.08014906041880687,5473.503837890625,5964.777932128906,56.551489848382516,23.63999938964844,24.709999084472656,40.810001373291016,1
2020-07-30,5951.46142578125,0.012974636309268428,0.021946293750995105,0.09642295471250484,5499.5964453125,5962.620961914063,60.84063831172873,24.11000061035156,24.43000030517578,41.959999084472656,1
2020-07-31,5948.9443359375,-0.0004229364291677973,0.043200457851181984,0.0619599958021706,5522.634208984375,5960.9933203125,59.79543634584118,24.729999542236328,24.88999938964844,41.900001525878906,1
2020-08-03,5856.28271484375,-0.015576145255551066,0.016361897929314972,0.04565809675177879,5542.219111328125,5958.458532714843,65.38658696472876,24.190000534057617,24.63999938964844,41.06999969482422,1
2020-08-04,6040.32373046875,0.031426251871091715,0.05970128796894825,0.08025968673072237,5563.359921875,5956.263564453125,69.32594814262168,25.190000534057617,24.540000915527344,41.290000915527344,1
2020-08-05,6199.24072265625,0.026309350173714607,0.0799150463036602,0.13394478844537927,5587.71232421875,5954.081181640625,71.18815141641656,23.81999969482422,25.020000457763672,41.59999847412109,1
2020-08-06,6227.2626953125,0.004520226574496133,0.043443933426402515,0.13769666593873686,5608.3705859375,5952.0899658203125,70.9107029183634,23.56999969482422,23.63999938964844,41.040000915527344,1
2020-08-07,6344.337890625,0.018800426614510313,0.07984458061665789,0.16057628992282247,5628.664111328125,5949.976931152344,75.47722655697767,23.149999618530277,24.11000061035156,41.27000045776367,1
2020-08-10,6277.75,-0.01049564064413977,0.054824949852702476,0.1638052121086928,5644.15306640625,5946.68365234375,67.08113709556255,22.57999992370605,24.729999542236328,39.91999816894531,1
2020-08-11,6316.03125,0.006097925212058541,0.06170622774950707,0.1388933694438672,5662.373935546875,5943.800490722656,74.60753781245961,22.51000022888184,24.190000534057617,40.27000045776367,0
2020-08-12,6393.06689453125,0.012196843473700314,0.09165953998889576,0.15977659797237087,5683.39126953125,5940.428605957031,74.96148818610516,21.36000061035156,25.190000534057617,41.0099983215332,0
2020-08-13,6451.8671875,0.009197509417436134,0.06813268218644186,0.1418439587608198,5704.326943359375,5937.582736816406,79.81394902147424,20.850000381469727,23.81999969482422,41.70000076293945,0
2020-08-14,6314.37890625,-0.021309843686239116,0.018572949292476437,0.12059151844708382,5721.448974609375,5933.670654296875,71.13129483985662,20.56999969482422,23.56999969482422,42.18999862670898,0
2020-08-17,6487.08935546875,0.027351929902052596,0.04172405643844623,0.11523975428654598,5742.241806640625,5930.855085449219,69.91750593338274,21.670000076293945,23.149999618530277,41.95000076293945,0
2020-08-18,6606.6064453125,0.0184238389969138,0.04133899537019503,0.11697165247921615,5766.80232421875,5927.216062011718,77.49766669285748,21.309999465942383,22.57999992370605,41.220001220703125,0
2020-08-19,6699.7666015625,0.014101060358468809,0.06722418088686233,0.16689473964854673,5792.973349609375,5924.823413085937,77.78054923417771,20.43000030517578,22.51000022888184,41.93999862670898,0
2020-08-20,6684.8154296875,-0.0022315959292541487,0.05838859326218504,0.17244711571029225,5823.58439453125,5922.344375,77.06903154099768,19.959999084472656,21.36000061035156,41.61000061035156,0
2020-08-21,6683.18603515625,-0.00024374562744300388,0.045380276072689574,0.18135256549017909,5851.58673828125,5919.57578125,82.60102382928787,20.6200008392334,20.850000381469727,42.66999816894531,0
2020-08-24,6788.13525390625,0.015703471098653443,0.05211949605189381,0.19325214036223715,5883.321884765625,5918.256418457031,81.44377266635131,19.940000534057617,20.56999969482422,42.2400016784668,0
2020-08-25,6814.4443359375,0.003875745112195572,0.07919471370217157,0.24293407631603703,5915.080703125,5917.234833984375,79.11470241206572,19.229999542236328,21.670000076293945,42.0099983215332,0
2020-08-26,6717.3544921875,-0.01424765380178905,0.03549590950595305,0.21898438037874524,5940.64220703125,5916.097543945312,71.77053771519843,19.31999969482422,21.309999465942383,42.88999938964844,1
2020-08-27,6802.990234375,0.012748432777680119,0.02972536516108626,0.21896513122674,5968.140595703125,5915.502419433594,70.959385222308,19.299999237060547,20.43000030517578,42.88999938964844,0
2020-08-28,6808.83740234375,0.0008594996857711479,0.016279791113292363,0.2109134444964893,5992.2802734375,5915.347836914062,75.69600073331623,18.899999618530277,19.959999084472656,42.93000030517578,1
2020-08-31,6555.66650390625,-0.0371826911816624,-0.019319744447646947,0.17622098368342232,6011.382177734375,5914.227805175781,59.59850686894266,18.350000381469727,20.6200008392334,42.58000183105469,1
2020-09-01,6618.6357421875,0.009605314462492798,-0.009658610822621094,0.13650913322159108,6031.923935546875,5913.34044921875,59.13805401671639,22.84000015258789,19.940000534057617,42.34000015258789,1
2020-09-02,6633.1083984375,0.0021866524785085772,-0.022837914930987746,0.16317472940954048,6055.246728515625,5912.085895996093,57.615814414612565,21.799999237060547,19.229999542236328,42.619998931884766,0
2020-09-03,6778.64697265625,0.02194123259813341,-0.005253159541191765,0.17643885003347726,6081.34826171875,5912.0337426757815,69.37759511992118,21.11000061035156,19.31999969482422,43.34999847412109,0
2020-09-04,6891.2626953125,0.01661330396914318,0.025889388944302594,0.20898817345147624,6109.8426953125,5912.7762060546875,67.76030337347217,20.5,19.299999237060547,43.38999938964844,0
2020-09-07,6909.52099609375,0.0026494855280541074,0.015659402416963397,0.2036467077593187,6140.14994140625,5913.8616796875,64.61100609481801,22.149999618530277,18.899999618530277,43.040000915527344,0
2020-09-08,6923.75390625,0.0020598982424826495,0.016877551498981846,0.16014842531889895,6167.70978515625,5914.508703613281,61.69438966240896,22.01000022888184,18.350000381469727,42.970001220703125,0
2020-09-09,6915.36767578125,-0.001211225959544815,0.05486874166961808,0.177037294734683,6195.770615234375,5915.748801269531,62.12023124829621,22.71999931335449,22.84000015258789,42.61000061035156,0
2020-09-10,6931.08544921875,0.0022728760312407115,0.0472075695357701,0.16460226377236498,6221.384462890625,5916.870856933594,62.84195605236159,22.229999542236328,21.799999237060547,42.7599983215332,0
2020-09-11,6894.6171875,-0.005261551309089785,0.03942477242254938,0.1589648176483518,6246.579560546875,5916.976328125,55.93735144709924,21.26000022888184,21.11000061035156,41.5099983215332,0
2020-09-14,6832.55859375,-0.00900102095044708,0.00795315367671745,0.1667057289484526,6266.895400390625,5917.299172363281,50.97131354853845,20.709999084472656,20.5,41.369998931884766,1
2020-09-15,6759.6689453125,-0.010667987319446515,-0.01909573844710799,0.11909050689041889,6283.79380859375,5916.453005371094,52.329419607337165,21.190000534057617,22.149999618530277,39.77000045776367,1
2020-09-16,6764.60546875,0.0007302907106010448,-0.020973310223049713,0.09119903087930137,6304.255224609375,5915.788967285156,47.680853976285775,20.600000381469727,22.01000022888184,39.77000045776367,1
2020-09-17,6791.34619140625,0.003953035070527466,-0.01912368877296855,0.09058289712402168,6326.050302734375,5915.331774902344,48.96923294725368,19.65999984741211,22.71999931335449,36.7599983215332,0
2020-09-18,6675.279296875,-0.01709041054012539,-0.03471809311702667,0.05216326935219362,6346.411240234375,5914.800065917969,58.407425889711284,20.100000381469727,22.229999542236328,38.04999923706055,0
2020-09-21,6351.51953125,-0.048501306271419464,-0.08361834841237992,0.011750950778543379,6359.666259765625,5912.652172851563,36.26146941055216,20.049999237060547,21.26000022888184,37.29999923706055,1
2020-09-22,6172.86572265625,-0.028127727186346263,-0.10468332689337578,-0.022667007441381837,6373.47263671875,5909.908798828125,29.748611093803646,22.190000534057617,20.709999084472656,37.33000183105469,1
2020-09-23,6231.0908203125,0.009432425760137031,-0.08802965465787371,-0.02533620825355476,6387.882138671875,5907.756953125,23.901296469467837,21.40999984741211,21.190000534057617,37.2599983215332,1
2020-09-24,6035.953125,-0.03131677918678022,-0.10706379649174413,-0.06446413889390068,6396.98208984375,5905.2285668945315,12.205691087082045,20.989999771118164,20.600000381469727,38.27999877929688,1
2020-09-25,6227.640625,0.031757619058713216,-0.07937858996072733,-0.013736629134521228,6409.07703125,5903.145439453125,23.873543017353015,23.51000022888184,19.65999984741211,40.15999984741211,1
2020-09-28,6424.408203125,0.031595846641359504,-0.05403022875576158,-0.009662446269667724,6426.09521484375,5902.193857421875,33.215226405531524,20.68000030517578,20.100000381469727,40.970001220703125,1
2020-09-29,6462.50634765625,0.0059302185238974126,-0.03187476355009722,-0.02181151531411285,6438.872265625,5901.292419433594,35.07583252286112,19.56999969482422,20.049999237060547,41.11000061035156,1
2020-09-30,6463.17724609375,0.00010381396959768807,0.01757968534842491,-0.03531307425150798,6454.084013671875,5900.362990722656,34.42549893935366,19.770000457763672,22.190000534057617,39.310001373291016,1
2020-10-01,6513.82958984375,0.007837065551716593,0.055235911893573464,-0.025578243953362723,6469.120498046875,5898.664970703125,37.44390149655044,19.530000686645508,21.40999984741211,39.59999847412109,1
2020-10-05,6535.44287109375,0.0033180605896874216,0.04884410443659459,-0.022106696310010165,6485.828857421875,5897.4307543945315,39.93442163034139,18.350000381469727,20.989999771118164,39.93000030517578,1
2020-10-06,6605.93603515625,0.010786287242183779,0.09443130162748736,-0.026840835065145896,6503.13779296875,5896.287312011718,44.78342200358878,19.700000762939453,23.51000022888184,40.310001373291016,1
2020-10-07,6754.01416015625,0.022415918684640657,0.08452214359370647,-0.008867953541355944,6518.85828125,5895.668156738281,49.67242936866805,19.63999938964844,20.68000030517578,40.25,1
2020-10-08,6785.59521484375,0.004675894059240404,0.05622105574534619,0.010158868753408212,6537.065537109375,5895.206906738281,49.82266332048704,20.059999465942383,19.56999969482422,40.59999847412109,0
2020-10-09,6768.8701171875,-0.002464794484006827,0.04740633943707584,-0.0050154587926781735,6553.4137109375,5894.563005371094,53.0743099106613,20.3799991607666,19.770000457763672,39.290000915527344,0
2020-10-12,6840.0341796875,0.010513433005502781,0.05830830862970937,0.004581806775560748,6571.2355078125,5893.802827148437,69.2397099422546,20.3799991607666,19.530000686645508,40.220001220703125,0
2020-10-13,6740.5966796875,-0.01453757355413432,0.034813175063302504,0.028209210409202212,6588.921787109375,5892.702670898438,73.84759777159643,21.1299991607666,18.350000381469727,38.720001220703125,1
2020-10-14,6711.31640625,-0.0043438696644964025,0.026910729483098805,0.01400298606429562,6602.341640625,5891.868842773438,70.67466323596186,20.71999931335449,19.700000762939453,39.220001220703125,1
2020-10-15,6606.126953125,-0.01567344567856177,2.890097144958581e-05,-0.004067692504294951,6610.479365234375,5890.0151171875,76.60786599498886,20.209999084472656,19.63999938964844,40.66999816894531,1
2020-10-16,6608.33251953125,0.00033386679092006766,-0.02156963802125489,-0.025125139841625566,6618.10076171875,5887.8335473632815,71.58223653797072,22.059999465942383,20.059999465942383,39.95000076293945,1
2020-10-19,6567.16748046875,-0.006229262668129176,-0.032189915174601236,-0.047029873794276145,6622.557353515625,5885.672465820313,59.827114366824354,21.649999618530277,20.3799991607666,41.18999862670898,1
2020-10-20,6560.1220703125,-0.0010728232799306348,-0.03083942271915474,-0.05056774933874286,6628.204794921875,5883.746398925781,57.01967096378663,21.81999969482422,20.3799991607666,40.59999847412109,1
2020-10-21,6576.65625,0.0025204073202120814,-0.03850535286353396,-0.050131425950405095,6633.417294921875,5881.8168041992185,57.97839288963346,22.690000534057617,21.1299991607666,39.43000030517578,1
2020-10-22,6528.44580078125,-0.007330541142202773,-0.03147360522927556,-0.05595101998047969,6636.124873046875,5880.0052172851565,51.03116577469368,22.920000076293945,20.71999931335449,40.20000076293945,1
2020-10-23,6808.02294921875,0.0428244573010077,0.014409474552368184,-0.01775515550942619,6643.24798828125,5880.597687988281,64.09867995033777,22.63999938964844,20.209999084472656,41.040000915527344,1
2020-10-26,6761.58642578125,-0.006820852953033696,0.023532619605911576,-0.01929487281178366,6652.192138671875,5880.809792480469,58.25617739597804,21.82999992370605,22.059999465942383,40.959999084472656,1
2020-10-27,6860.88037109375,0.01468500719504262,0.0382165774521912,0.004145120302320837,6659.667958984375,5881.700747070313,55.97788916833643,22.82999992370605,21.649999618530277,40.880001068115234,1
2020-10-28,6887.38134765625,0.0038626204115370655,0.04875981435525145,0.01889329246402105,6665.28345703125,5881.808984375,55.72626404247463,22.200000762939453,21.81999969482422,40.83000183105469,1
2020-10-29,6821.8720703125,-0.009511492690330359,0.039900172160596936,0.008465623283878232,6667.72556640625,5881.1023779296875,52.82662066911029,23.280000686645508,22.690000534057617,41.459999084472656,1
2020-10-30,6675.66162109375,-0.02143259910355555,0.015054058982290508,-0.01703411474721861,6667.542490234375,5879.559282226563,41.883607701235945,24.020000457763672,22.920000076293945,40.02999877929688,1
2020-11-02,6582.88525390625,-0.013897703696416408,0.008338807548725402,-0.013841225042374505,6665.536474609375,5877.390346679687,42.160953908807834,24.75,22.63999938964844,40.63999938964844,1
2020-11-03,6626.01513671875,0.006551820539011599,-0.026734312421917705,0.04321731266324691,6662.294072265625,5874.980400390625,45.81768229065668,25.209999084472656,21.82999992370605,39.84999847412109,1
2020-11-04,6665.0234375,0.005887143324663002,-0.014281114253463456,0.07972921118912168,6659.305654296875,5872.861911621094,53.088101260637586,24.239999771118164,22.82999992370605,38.560001373291016,1
2020-11-05,6798.0068359375,0.0199524277273031,-0.00916406230039346,0.09098182516886633,6660.918701171875,5871.135241699219,58.745738610139625,23.200000762939453,22.200000762939453,39.56999969482422,1
2020-11-06,6620.50390625,-0.026111025477222993,-0.03874875339915185,0.0968448179010668,6657.268974609375,5868.8561328125,52.18463116286865,20.96999931335449,23.280000686645508,37.38999938964844,1
2020-11-09,6586.52783203125,-0.005131946857802716,-0.03449848309314152,0.05762811771612952,6652.822783203125,5867.105080566406,51.0582200050329,20.5,24.020000457763672,36.16999816894531,1
2020-11-10,6511.09912109375,-0.01145196875517307,-0.02465111465206915,0.013493992789340714,6651.931435546875,5865.770278320312,47.491201706553134,20.11000061035156,24.75,35.790000915527344,1
2020-11-11,6572.3427734375,0.009406039011960576,-0.001601498440595539,0.016995948610724954,6651.005576171875,5864.687080078125,51.663296324322516,21.57999992370605,25.209999084472656,36.810001373291016,1
2020-11-12,6552.69482421875,-0.002989489425012648,-0.011065521431378511,0.0138503981426632,6649.3973046875,5863.59421875,37.95222472075792,22.030000686645508,24.239999771118164,37.65999984741211,1
2020-11-13,6526.2421875,-0.004036909611749517,-0.02082231987650085,0.0019055760493955631,6644.349208984375,5862.272446289063,38.68172247940925,20.6200008392334,23.200000762939453,39.150001525878906,1
2020-11-14,6567.45458984375,0.006314874802330506,-0.033914682885421765,0.00489817130704151,6637.873046875,5861.877465820313,35.05344026360481,19.700000762939453,20.96999931335449,38.790000915527344,1
2020-11-17,6691.28466796875,0.018855109910694612,0.010691144166825373,0.01291999080195172,6633.5083203125,5862.038701171875,40.91229591439583,19.700000762939453,20.5,37.13999938964844,1
2020-11-18,6761.10693359375,0.010434807229057208,0.02650548301238409,0.0010501567318799143,6630.255380859375,5862.500844726563,47.19517499870405,19.799999237060547,20.11000061035156,40.290000915527344,1
2020-11-19,6673.8896484375,-0.012899852940188805,0.025002004164913494,-0.016462161810343434,6625.4258203125,5863.034855957031,49.913497490259225,19.1200008392334,21.57999992370605,41.36000061035156,1
2020-11-20,6676.3330078125,0.0003661072483529537,0.01582239970734367,-0.01367098315862647,6620.330771484375,5863.1165844726565,55.0030978367427,19.56999969482422,22.030000686645508,41.45000076293945,1
2020-11-23,6697.32275390625,0.0031439034076323757,0.022071519209616586,-0.020864139276533522,6616.3848828125,5862.408937988282,53.91044309322319,19.6200008392334,20.6200008392334,41.119998931884766,1
2020-11-24,6860.88037109375,0.024421343154188646,0.0512757838246789,0.017844665260676296,6616.951318359375,5863.2728198242185,59.44974436464331,20.799999237060547,19.700000762939453,40.130001068115234,1
2020-11-25,6762.44873046875,-0.014346794478404257,0.029690976611631115,0.007618821870942094,6617.0069140625,5863.736208496094,48.225211871532274,21.059999465942383,19.700000762939453,40.130001068115234,1
2020-11-26,6703.55322265625,-0.008709198422036324,0.0018335125908226502,0.01474786515950366,6615.785869140625,5864.141882324218,54.70188628337984,23.1299991607666,19.799999237060547,41.43000030517578,1
2020-11-27,6743.3759765625,0.005940544153756999,-0.002622493210860277,0.02043533018838306,6614.82646484375,5865.121162109375,58.82164903664215,20.020000457763672,19.1200008392334,41.81999969482422,1
2020-12-01,6806.537109375,0.0093663964506836,0.019875584992412376,0.036449447896395704,6617.45162109375,5865.747287597656,66.84889606964816,19.81999969482422,19.56999969482422,41.7400016784668,1
2020-12-02,6906.9814453125,0.014757039346652956,0.03454717390970474,0.05287392083292075,6628.560859375,5866.830275878906,68.26772476279733,20.18000030517578,19.6200008392334,42.150001525878906,1
2020-12-03,7417.4453125,0.07390549275819058,0.10752394427664913,0.12784445933296262,6653.452451171875,5870.647253417968,80.735873111298,19.90999984741211,20.799999237060547,43.060001373291016,1
2020-12-04,7478.83251953125,0.008276057920885371,0.0900689292063821,0.14557625930451445,6678.40728515625,5875.204555664062,83.03752778521954,19.0,21.059999465942383,44.90999984741211,1
2020-12-07,7421.56640625,-0.007657092618627015,0.0974673083747819,0.09012065053359675,6706.11955078125,5879.509006347656,79.29589537478098,18.030000686645508,23.1299991607666,45.709999084472656,1
2020-12-08,7440.06494140625,0.002492537847626375,0.1098688552603393,0.10034309596902125,6730.368037109375,5884.502722167968,77.68335982219128,18.020000457763672,20.020000457763672,45.709999084472656,1
2020-12-09,7388.83544921875,-0.0068856243313673016,0.09571755674007054,0.07695150615792401,6749.65658203125,5889.356652832032,73.53143166742323,18.6200008392334,19.81999969482422,45.52999877929688,1
2020-12-10,7414.4736328125,0.003469854454054788,0.08931656636384999,0.07653014383116985,6768.695927734375,5894.334025878907,79.10575446186297,18.920000076293945,20.18000030517578,44.54999923706055,1
2020-12-11,7412.12548828125,-0.00031669740126372137,0.0731352830419969,0.08652367149149875,6787.674892578125,5900.663706054687,78.91960752779589,18.709999084472656,19.90999984741211,45.27999877929688,1
2020-12-14,7376.9033203125,-0.004751965954224224,-0.005465762197016555,0.10504452427651012,6804.9363671875,5907.082534179687,76.41472943986268,18.790000915527344,19.0,45.63999938964844,1
2020-12-15,7442.5078125,0.00889322922354907,-0.004857002337782856,0.13058446645164512,6823.077666015625,5914.682858886718,74.47075050403247,19.399999618530277,18.030000686645508,46.2599983215332,0
2020-12-16,7472.31591796875,0.00400511577813667,0.006838113268920143,0.12772394324307168,6840.405263671875,5922.171245117188,81.69644141924624,19.350000381469727,18.020000457763672,45.7599983215332,0
2020-12-17,7374.21923828125,-0.013128015566312712,-0.008850151664476558,0.10640559743436762,6852.809365234375,5929.200964355468,78.933179531297,19.200000762939453,18.6200008392334,45.59999847412109,0
2020-12-18,7245.5498046875,-0.017448550068297042,-0.019392182369740052,0.0658344393512631,6862.00845703125,5935.577602539062,70.12175747738667,19.15999984741211,18.920000076293945,45.52000045776367,1
2020-12-21,7069.5322265625,-0.024293198289952467,-0.04652270994983021,0.06782388873581069,6868.02169921875,5940.594934082032,59.664004260233064,18.6200008392334,18.709999084472656,46.77999877929688,1
2020-12-22,7088.02978515625,0.0026165180383856956,-0.04372506963588285,0.07614056539564329,6872.981611328125,5945.712827148437,57.079127487948064,23.190000534057617,18.790000915527344,46.56999969482422,1
2020-12-23,7140.31298828125,0.007376267412771309,-0.03207176802490985,0.09663712001389446,6880.9759375,5951.179523925781,33.113361868134945,21.989999771118164,19.399999618530277,46.9900016784668,1
2020-12-24,7136.57421875,-0.0005236142361526586,-0.04110625093818132,0.0858493637296085,6889.48109375,5956.247568359375,27.569142702807184,20.5,19.350000381469727,47.619998931884766,1
2020-12-28,7171.98876953125,0.004962402084771389,-0.04019197685623821,0.09450981037963047,6900.798330078125,5962.655595703125,33.16092389495982,19.96999931335449,19.200000762939453,47.81999969482422,1
2020-12-29,7142.61328125,-0.004095863675365186,-0.0314075225522088,0.09444502303799918,6911.4839453125,5969.177016601562,30.221152079149036,20.43000030517578,19.15999984741211,48.36000061035156,1
2020-12-30,7296.490234375,0.021543508946360035,0.007030581675740333,0.1110073369458342,6926.070400390625,5978.857517089844,44.59711244924161,20.790000915527344,18.6200008392334,49.09999847412109,1
2020-12-31,7331.6650390625,0.004820784179465631,0.03707923015260928,0.09570365077415666,6941.501259765625,5987.78560546875,45.208545465024685,21.11000061035156,23.190000534057617,47.7400016784668,0
2021-01-01,7371.6318359375,0.005451257887814087,0.04001140787742874,0.09029954833434894,6957.400771484375,5998.615502929688,47.754709962274816,21.100000381469727,21.989999771118164,47.02000045776367,0
2021-01-04,7382.1748046875,0.0014302082611616918,0.033872719137549856,0.10612778957407909,6974.4753515625,6008.910600585938,50.300517638570476,21.100000381469727,20.5,48.119998931884766,0
2021-01-05,7337.27197265625,-0.0060826021083567605,0.028122422293171745,0.09899730347038305,6985.06033203125,6020.174729003907,43.85567187828744,20.030000686645508,19.96999931335449,48.22999954223633,0
2021-01-06,7311.53759765625,-0.0035073492022517083,0.01945748001138048,0.0917105037817918,6996.05935546875,6033.842126464844,40.56788508009767,20.459999084472656,20.43000030517578,47.619998931884766,0
2021-01-07,7251.58740234375,-0.008199396434987571,0.01525689783315265,0.05694706948923445,7003.87349609375,6045.976569824219,42.46867821779209,21.0,20.790000915527344,48.0,0
2021-01-08,7681.78173828125,0.059324160638049905,0.05280504619756443,0.13594676195774658,7019.76150390625,6064.341064453125,69.55021526172123,20.6200008392334,21.11000061035156,48.400001525878906,0
2021-01-11,7890.578125,0.0271807236696453,0.07623276335725349,0.17707398791612738,7041.135625,6082.4857104492185,85.74585123281055,20.63999938964844,21.100000381469727,48.52000045776367,0
2021-01-12,7847.73583984375,-0.005429549581482673,0.06458597153281476,0.16376958175246337,7064.577109375,6097.948793945313,82.38872684003627,22.3799991607666,21.100000381469727,48.52000045776367,0
2021-01-13,7801.5390625,-0.005886637660406979,0.05680768457910457,0.1461832848533995,7088.950185546875,6113.788591308594,78.3372680448829,22.850000381469727,20.030000686645508,47.619998931884766,0
2021-01-14,7810.740234375,0.0011794047048008238,0.06452919606676977,0.13084714302741407,7112.6446875,6130.7757958984375,78.75717944317347,23.290000915527344,20.459999084472656,49.93000030517578,0
2021-01-15,7691.22265625,-0.015301696707183288,0.05192957753721461,0.03690992413366723,7133.168671875,6148.674079589844,70.66564782126571,23.030000686645508,21.0,50.630001068115234,0
2021-01-18,7505.1904296875,-0.024187601227657507,0.034972070703000124,0.0035243348594069523,7147.31234375,6165.832896728516,62.83068618506539,24.01000022888184,20.6200008392334,50.83000183105469,0
2021-01-19,7593.31884765625,0.011742329364508697,-0.011515933886035223,0.02314234381324276,7166.768642578125,6183.631594238282,61.01665550935167,24.399999618530277,20.63999938964844,52.2400016784668,0
2021-01-20,7806.42724609375,0.02806525087554812,-0.010664729196411038,0.04924181543746764,7191.166630859375,6203.6112451171875,65.56480285326892,22.899999618530277,22.3799991607666,52.25,0
2021-01-21,7741.06103515625,-0.008373383735845175,-0.013593067715901075,0.047669972942047556,7215.765869140625,6220.689140625,61.913119167564446,21.549999237060547,22.850000381469727,53.209999084472656,0
2021-01-22,7714.32080078125,-0.003454337106187144,-0.01117962251038207,0.040440789571600355,7238.6054296875,6236.947272949219,60.60010128949316,22.18000030517578,23.290000915527344,52.90999984741211,0
2021-01-25,7649.7705078125,-0.008367592512125377,-0.02060876712479487,0.032061656255951476,7260.546943359375,6249.897380371094,59.84955352072402,22.18000030517578,23.030000686645508,53.56999969482422,0
2021-01-27,7543.76708984375,-0.013857071641625307,-0.019171927923114507,0.022619758221825492,7280.89744140625,6262.524069824219,56.96704669503061,23.25,24.01000022888184,52.36000061035156,0
2021-01-28,7273.1044921875,-0.03587897060351264,-0.030923390908505377,-0.022761591197523523,7295.010439453125,6274.6943872070315,50.573073764959524,24.38999938964844,24.399999618530277,52.36000061035156,0
2021-01-29,6907.125,-0.05031957021662781,-0.0903681066768387,-0.07563798481935569,7299.32724609375,6284.8614501953125,28.63753106753839,24.290000915527344,22.899999618530277,52.97999954223633,0
2021-02-01,7092.24658203125,0.026801539284615483,-0.09148623839668368,-0.03823762857309909,7305.9500390625,6294.176867675781,27.69339076264839,25.34000015258789,21.549999237060547,53.2400016784668,0
2021-02-02,7336.55322265625,0.03444700318852001,-0.052254827944504756,0.012559905103388447,7319.203310546875,6305.538566894531,37.16211874545359,23.31999969482422,22.18000030517578,53.130001068115234,0
2021-02-03,7273.77490234375,-0.008556922904700337,-0.057107541909961146,0.02889055021403597,7331.1521484375,6318.1548828125,36.855166656815896,23.350000381469727,22.18000030517578,52.27000045776367,0
2021-02-04,7322.4638671875,0.006693768434882674,-0.042786465331310364,0.033074646853516576,7343.654970703125,6330.160927734375,38.073275664659135,23.75,23.25,52.77000045776367,0
2021-02-05,7182.67578125,-0.019090307370979387,-0.047866179362813455,0.005932904207179179,7350.09087890625,6341.584392089844,37.699947422348764,23.1200008392334,24.38999938964844,52.84999847412109,0
2021-02-08,7259.7822265625,0.010735058585517931,-0.001831716516559112,0.017264306939987373,7360.037548828125,6353.91916015625,43.7342451039206,23.420000076293945,24.290000915527344,52.34000015258789,0
2021-02-09,7310.052734375,0.006924520081135199,0.05833508650487729,0.01925044353531158,7372.1675390625,6366.454458007813,42.625088193230575,23.959999084472656,25.34000015258789,52.20000076293945,0
2021-02-10,7304.9248046875,-0.0007014901087356584,0.029987426437637854,0.022724389106096865,7383.398515625,6378.981450195312,35.3575136270412,24.270000457763672,23.31999969482422,53.54999923706055,0
2021-02-11,7348.677734375,0.0059895113033092695,0.001652616882994673,0.007152411409274029,7394.241328125,6391.652404785156,38.39705081005407,23.950000762939453,23.350000381469727,54.7599983215332,0
2021-02-12,7253.93505859375,-0.01289247932836557,-0.002727585609448413,-0.010601954679409276,7401.180400390625,6402.470639648437,36.91253033574613,23.049999237060547,23.75,55.68999862670898,0
2021-02-15,7280.91552734375,0.003719425185373826,-0.005674092845979195,-0.012306136634699816,7398.4498046875,6415.667900390625,39.28563222450197,22.040000915527344,23.1200008392334,56.22999954223633,0
2021-02-16,7377.142578125,0.013216339404003019,0.02707442223448897,-0.0006816726365386216,7396.416005859375,6429.614401855469,45.132304068702084,22.040000915527344,23.420000076293945,56.84999847412109,0
2021-02-17,7191.349609375,-0.025184950240886073,-0.00942626308226091,-0.01988782258924815,7391.811669921875,6442.568295898437,47.48703851344537,21.780000686645508,23.959999084472656,57.970001220703125,0
2021-02-18,7185.93408203125,-0.000753061335898586,-0.016979173318420915,-0.017178810058401828,7386.729052734375,6455.941328125,61.01054658108666,21.780000686645508,24.270000457763672,58.36000061035156,0
2021-02-19,7018.63916015625,-0.023280887350933033,-0.03919077227838719,-0.032123758463175944,7379.325126953125,6468.929797363281,47.051630689890416,21.540000915527344,23.950000762939453,58.68000030517578,0
2021-02-22,6791.9208984375,-0.03230231053988286,-0.07576285912405056,-0.11584042220429591,7366.874072265625,6479.437485351563,27.872798551683175,22.25,23.049999237060547,58.2400016784668,0
2021-02-23,6680.7900390625,-0.016362213435166195,-0.07901160058666967,-0.15332058903320223,7352.24736328125,6489.325400390625,26.819099596139523,25.46999931335449,22.040000915527344,59.470001220703125,0
2021-02-24,6663.9697265625,-0.002517713085077089,-0.08473464613952564,-0.15084173797888933,7337.98869140625,6498.726457519531,23.60044350446833,25.229999542236328,22.040000915527344,59.470001220703125,0
2021-02-25,6642.30859375,-0.0032504848763281746,-0.09960956787712894,-0.1485899717303376,7321.98470703125,6507.648991699219,26.06965944406339,24.170000076293945,21.780000686645508,60.04999923706055,0
2021-02-26,6580.7763671875,-0.00926368079622164,-0.0849038463366496,-0.15747084530790556,7304.153916015625,6516.3286962890625,19.5094067572889,22.88999938964844,21.780000686645508,61.13999938964844,0
2021-03-01,6723.43994140625,0.021678836395366163,-0.06436103300494889,-0.12582950177073804,7291.138330078125,6527.523901367187,25.6765966027738,28.13999938964844,21.540000915527344,60.52000045776367,0
2021-03-02,6914.265625,0.028382150395744876,-0.01487090770369881,-0.0787354844921776,7284.512646484375,6539.272619628906,35.96325079511226,25.6299991607666,22.25,59.2400016784668,0
2021-03-03,6828.5810546875,-0.012392432538705034,0.005397612368900573,-0.10071192956750308,7279.693623046875,6550.181369628906,31.85907838031902,23.61000061035156,25.46999931335449,61.4900016784668,0
2021-03-04,6835.19384765625,0.0009683992788238616,0.02311160920953248,-0.12441458401133432,7274.636904296875,6560.372058105469,34.4375817062256,22.09000015258789,25.229999542236328,61.66999816894531,0
2021-03-05,6947.71484375,0.016462005116699485,0.04257899252700614,-0.10248545875084125,7270.78494140625,6570.725444335938,38.356961390350065,24.149999618530277,24.170000076293945,63.220001220703125,0
2021-03-08,6957.7783203125,0.001448458491579041,0.04749398828885143,-0.09806987549599089,7267.2090234375,6580.597919921875,34.407205171200516,25.559999465942383,22.88999938964844,63.52999877929688,0
2021-03-09,6998.08056640625,0.0057924015739465595,0.06341260908051471,-0.0851907832713017,7263.730859375,6590.680219726562,41.94206404818781,24.68000030517578,28.13999938964844,61.5,0
2021-03-10,6969.85498046875,-0.004033332521633848,0.03665014355894747,-0.07607765490899943,7260.275693359375,6599.5577465820315,41.15920267607277,22.5,25.6299991607666,60.63999938964844,0
2021-03-12,6801.265625,-0.024188359146808502,-0.016343022690858855,-0.06487447934981982,7250.371201171875,6606.915766601563,41.11565192783814,20.75,23.61000061035156,59.75,0
2021-03-15,6794.65234375,-0.0009723603832926253,-0.004968632672846418,-0.016283570407369163,7239.630947265625,6613.372517089843,50.13613037366984,21.709999084472656,22.09000015258789,61.27999877929688,0
2021-03-16,6853.11669921875,0.00860446605815346,0.0026221423944905453,-0.033717085277090275,7229.26064453125,6620.613161621094,59.06429414209156,21.229999542236328,24.149999618530277,63.83000183105469,0
2021-03-17,6771.02685546875,-0.011978468681170695,-0.02543109385673681,-0.07708338643834545,7217.037685546875,6627.757294921875,55.26934200577853,20.190000534057617,25.559999465942383,66.08999633789062,0
2021-03-18,6818.0859375,0.006950065778168035,-0.020077153421902305,-0.06264820824973816,7206.65396484375,6634.822307128907,58.44071252451378,20.15999984741211,24.68000030517578,65.05000305175781,0
2021-03-19,6817.89453125,-2.8073311447607274e-05,-0.025747922369059206,-0.06890704346094656,7196.781103515625,6641.620393066406,62.09902294543483,20.07999992370605,22.5,64.01000213623047,0
2021-03-22,6806.10546875,-0.001729135357838807,-0.023493962525420797,-0.05242758046841223,7187.87146484375,6648.413681640625,54.86822362560292,19.989999771118164,20.75,64.44000244140625,0
2021-03-23,6887.57275390625,0.011969735927588099,0.012689862985060252,-0.05127006031866754,7171.98728515625,6655.958642578125,48.19563112147664,20.489999771118164,21.709999084472656,65.61000061035156,0
2021-03-24,6772.5126953125,-0.016705458178789323,-0.0032583931182093018,-0.07353435858742252,7149.6259765625,6662.865129394531,46.35469444042331,20.670000076293945,21.229999542236328,65.38999938964844,0
2021-03-25,6504.7734375,-0.039533223466352796,-0.050829903678491384,-0.1095358800509556,7122.766728515625,6669.617680664062,33.96290357517469,22.459999084472656,20.190000534057617,64.80000305175781,1
2021-03-26,6502.47314453125,-0.00035363152780831797,-0.03966218369383623,-0.11515059177046894,7096.78541015625,6675.714702148438,25.800887123440944,22.700000762939453,20.15999984741211,64.5999984741211,0
2021-03-30,6567.02294921875,0.009926962134674477,-0.03682308943927859,-0.0946951004973795,7071.911064453125,6682.542927246093,29.949765866344634,20.649999618530277,20.07999992370605,60.0,0
2021-03-31,6574.1162109375,0.0010801335359416075,-0.03575566022547516,-0.09707561003171084,7049.568935546875,6689.280991210938,27.47822081163369,20.489999771118164,19.989999771118164,61.41999816894531,0
2021-04-01,6636.126953125,0.009432559479908731,-0.024974416926897502,-0.10044751299741572,7032.187666015625,6695.265229492187,32.88604216172092,20.649999618530277,20.489999771118164,61.54999923706055,0
2021-04-05,6487.23291015625,-0.022436888869136973,-0.05812495316625865,-0.0979116212485106,7010.065947265625,6700.561040039062,33.56403453311246,19.989999771118164,20.670000076293945,57.7599983215332,0
2021-04-06,6470.69970703125,-0.00254857554121668,-0.044564403473196235,-0.09953255440910258,6983.351396484375,6704.905270996093,33.219092327810145,21.21999931335449,22.459999084472656,61.18000030517578,1
2021-04-07,6579.67431640625,0.016841240408140834,0.011514755990492453,-0.06254272854514831,6960.123662109375,6709.800786132812,36.53990366588791,20.84000015258789,22.700000762939453,58.560001373291016,1
2021-04-08,6543.11083984375,-0.005557034406905248,0.006249575263017837,-0.03663323856598355,6936.699462890625,6714.558601074219,38.254483342408896,20.25,20.649999618530277,60.970001220703125,1
2021-04-09,6543.349609375,3.6491744843436535e-05,-0.003604881546297345,-0.020572481530460873,6914.571044921875,6719.940505371093,35.123740570472535,20.309999465942383,20.489999771118164,60.54999923706055,1
2021-04-12,6249.5888671875,-0.04489455091420047,-0.049364406307584985,-0.062182284190650416,6888.68748046875,6723.820598144532,26.650882455371686,19.790000915527344,20.649999618530277,59.15999984741211,1
2021-04-13,6532.51953125,0.0452718842911386,-0.015612634087147859,-0.016528750652040625,6873.87578125,6729.150490722656,40.8076420547948,23.0,19.989999771118164,61.45000076293945,1
2021-04-15,6368.099609375,-0.02516944971820667,-0.018364270626808787,-0.03231788256366386,6863.0952734375,6734.0201953125,33.46752450390032,20.459999084472656,21.21999931335449,58.650001525878906,1
2021-04-16,6371.7900390625,0.0005795182101213658,-0.015285776260219874,-0.05230208128700864,6848.686142578125,6738.150336914063,36.273793562993234,20.88999938964844,20.84000015258789,59.33000183105469,1
2021-04-19,6241.1064453125,-0.020509714373643684,-0.05145663064956574,-0.09735801547073197,6826.77720703125,6741.79423828125,40.03257562277251,20.399999618530277,20.25,59.77000045776367,1
2021-04-20,6370.39990234375,0.02071643196029105,-0.026395844687253422,-0.06709756370677189,6808.70970703125,6745.394272460938,45.444608967225086,22.489999771118164,20.309999465942383,59.59999847412109,1
2021-04-22,6373.70654296875,0.000519063273215048,-0.02592602818641898,-0.06751634481379654,6789.734560546875,6749.0884936523435,43.03812648807954,22.43000030517578,19.790000915527344,59.31999969482422,1
2021-04-23,6398.62548828125,0.00390964741544142,0.02384742808862894,-0.0790316482206661,6774.0535546875,6751.997788085938,43.760193365340974,23.030000686645508,23.0,59.70000076293945,1
2021-04-26,6362.9716796875,-0.005572104299438663,-0.025954434694213102,-0.08548801258708183,6756.11734375,6754.238903808594,40.1020821965507,22.690000534057617,20.459999084472656,60.18000030517578,1
2021-04-27,6295.73779296875,-0.010566428722821541,-0.011363172821562073,-0.10036220171700261,6735.831044921875,6757.0099194335935,42.62460328624548,23.5,20.88999938964844,63.459999084472656,1
2021-04-28,6300.5771484375,0.0007686716994717013,-0.011176277025518155,-0.09602464239309583,6715.744091796875,6760.00484375,43.38820594898453,23.07999992370605,20.399999618530277,63.130001068115234,1
2021-04-29,6292.76611328125,-0.0012397332771628689,0.008277325250164669,-0.07476542451887402,6694.625859375,6763.182512207031,37.89768930946216,22.57999992370605,22.489999771118164,63.380001068115234,1
2021-04-30,6187.33837890625,-0.016753798326063385,-0.028736268718412727,-0.08938116832458431,6673.29392578125,6765.675361328125,35.81685885806387,23.309999465942383,22.43000030517578,62.43999862670898,1
2021-05-03,6323.6279296875,0.022027169428115556,-0.007857062910512358,-0.07726247673436104,6654.148173828125,6769.880766601563,42.09781923061254,23.030000686645508,23.030000686645508,61.43000030517578,1
2021-05-04,6237.751953125,-0.013580175417870266,-0.025141889527818373,-0.07875834991158548,6631.360361328125,6773.5164477539065,49.4994433211756,23.690000534057617,22.690000534057617,62.13999938964844,1
2021-05-05,6316.2001953125,0.01257636449429489,-0.007350572457254234,-0.07361094400806678,6613.857373046875,6777.192670898437,38.93951438141251,23.01000022888184,23.5,61.90999984741211,1
2021-05-06,6389.5693359375,0.01161602519810101,0.014903978859085232,-0.06282367574758752,6597.930078125,6781.026049804687,51.21045978201263,23.01000022888184,23.07999992370605,62.93999862670898,1
2021-05-07,6424.4560546875,0.005459948380837298,0.019661517243816595,-0.05607456655128695,6586.046416015625,6785.280834960938,52.86840036550431,22.040000915527344,22.57999992370605,63.86000061035156,1
2021-05-10,6482.87255859375,0.009092832670810624,0.03021031481072667,-0.058758028375522686,6579.86544921875,6788.576928710938,64.29264625991333,20.81999969482422,23.309999465942383,65.01000213623047,1
2021-05-11,6456.6591796875,-0.004043482062824344,0.04352773103527241,-0.04663756715341616,6575.38283203125,6792.347275390625,55.80721234478456,20.229999542236328,23.030000686645508,63.58000183105469,1
2021-05-12,6534.1962890625,0.012008858949676293,0.033298663633646974,0.004523270771104482,6572.78736328125,6796.208229980469,59.8228390578911,20.229999542236328,23.690000534057617,64.48999786376953,1
2021-05-14,6456.41943359375,-0.011903048520127801,0.03505549468974989,-0.007082491524971868,6569.069580078125,6799.990202636719,53.32233392540762,20.07999992370605,23.01000022888184,65.69000244140625,1
2021-05-17,6438.64111328125,-0.0027535881916216365,0.01938521803973514,-0.01954947271088381,6566.226875,6803.480961914062,54.441195873901464,20.270000457763672,23.01000022888184,65.62999725341797,1
2021-05-18,6528.01513671875,0.013880882916916137,0.02166746982501233,-0.007012512821427008,6562.31837890625,6806.2810888671875,63.28750945508541,19.61000061035156,22.040000915527344,64.70999908447266,1
2021-05-19,6494.27734375,-0.00516815483147115,0.010868046799317188,-0.02137536101659443,6553.91861328125,6809.376313476562,60.726055117113866,19.239999771118164,20.81999969482422,64.9000015258789,1
2021-05-20,6457.81005859375,-0.00561529531709104,-0.003865955989953429,-0.004535501032564504,6546.503193359375,6811.908056640625,58.85810366714642,19.31999969482422,20.229999542236328,64.91999816894531,1
2021-05-21,6531.41748046875,0.011398201744420522,0.011578480248181311,0.00938349424120588,6540.427666015625,6814.820422363281,69.12021515716219,19.31999969482422,20.229999542236328,65.27999877929688,1
2021-05-24,6586.00048828125,0.008356992639916516,0.007928166973720119,0.0009614718861123972,6533.19337890625,6818.469011230469,66.0360353370009,19.07999992370605,20.07999992370605,66.08000183105469,1
2021-05-25,6624.52978515625,0.005850181296457091,0.02603770608331235,0.012443461115881682,6526.528408203125,6821.390041503906,75.09181504582041,19.1299991607666,20.270000457763672,65.37000274658203,1
2021-05-26,6741.9375,0.01772317713882554,0.04710565185767668,0.030349576666432787,6521.405546875,6824.103525390625,76.29031849545963,19.1299991607666,19.61000061035156,66.2699966430664,1
2021-05-27,6679.2568359375,-0.009297129209889565,0.023168098733111986,0.06875139755287019,6515.593583984375,6826.36349609375,68.12821753861046,20.8700008392334,19.239999771118164,65.48999786376953,1
2021-05-28,6680.310546875,0.00015775870929690683,0.028645712721837358,0.02262389188704339,6513.174482421875,6828.043359375,66.7189516123886,19.90999984741211,19.31999969482422,63.36000061035156,1
2021-05-31,6791.77685546875,0.01668579743585319,0.05171517803168779,0.066531190163863,6513.11697265625,6830.613493652344,68.87676791788506,17.399999618530273,19.31999969482422,62.04999923706055,1
2021-06-01,6796.42529296875,0.0006844214112036173,0.04057431840675729,0.06664300789935118,6511.98314453125,6833.0154638671875,71.32473406944993,17.399999618530273,19.07999992370605,63.58000183105469,1
2021-06-02,6886.08740234375,0.013192539535122894,0.045564362559106675,0.10334400841948055,6514.28435546875,6835.48056640625,71.7546292578879,17.389999389648438,19.1299991607666,66.05000305175781,1
2021-06-03,6909.8564453125,0.0034517486607359427,0.043071232134179294,0.08468173917469102,6516.119765625,6837.770512695312,80.03828539895288,17.209999084472656,19.1299991607666,66.06999969482422,1
2021-06-04,6914.8408203125,0.0007213427716550314,0.025645939362757275,0.08490103422485151,6518.05869140625,6840.772822265625,82.09017496546691,15.75,20.8700008392334,66.20999908447266,1
2021-06-07,6973.25732421875,0.008447989682517365,0.04401694612181872,0.08980551166651463,6521.401728515625,6843.203662109375,81.31038157999555,15.9399995803833,19.90999984741211,66.8499984741211,0
2021-06-08,7031.8173828125,0.008397805483294718,0.052618337646283875,0.10511530410549441,6524.28662109375,6845.329716796875,86.52580770169982,15.56999969482422,17.399999618530273,66.31999969482422,0
2021-06-09,6938.130859375,-0.0133232304448766,0.021548706181123256,0.10203618503993162,6527.598984375,6846.521538085937,80.28293714293454,15.229999542236328,17.399999618530273,66.31999969482422,1
2021-06-10,6900.6552734375,-0.005401395087102134,0.015336000320136156,0.09524177085091567,6535.51662109375,6847.600737304688,74.39069939665032,14.75,17.389999389648438,67.72000122070312,1
2021-06-11,6923.56201171875,0.003319501898526145,0.005442075766021404,0.10024143390712847,6543.9383984375,6848.8026171875,73.27217421864586,15.0,17.209999084472656,68.83000183105469,1
2021-06-14,6879.5224609375,-0.006360822753765927,-0.004389958693798657,0.11187105660667118,6550.188388671875,6849.259553222656,67.44715155977819,14.100000381469728,15.75,68.80999755859375,1
2021-06-15,6868.404296875,-0.0016161243931726021,-0.006715486971311302,0.0861493391522834,6556.074150390625,6849.529353027344,60.12596664346984,14.720000267028809,15.9399995803833,69.62000274658203,0
2021-06-16,6818.56494140625,-0.007256322329689646,-0.02218366189861365,0.09311254962459237,6559.72291015625,6850.035405273437,61.388332052009766,14.609999656677246,15.56999969482422,69.2300033569336,0
2021-06-17,6679.68798828125,-0.020367475314586936,-0.05007658409786653,0.05754849145511698,6563.57201171875,6849.4188940429685,49.958465618979545,14.869999885559082,15.229999542236328,70.05000305175781,1
2021-06-18,6670.10302734375,-0.0014349414155744311,-0.038631129545370735,0.043904945178138366,6567.560078125,6848.725222167969,40.60532943252251,15.289999961853027,14.75,69.95999908447266,1
2021-06-21,6613.12451171875,-0.008542374141961462,-0.04166716787397484,0.0293672266453735,6568.22908203125,6849.012512207031,36.90518713652651,14.800000190734863,15.0,70.29000091552734,1
2021-06-22,6963.43359375,0.052971795920443876,0.005758825004205104,0.07412779301348671,6576.635537109375,6850.736501464844,54.02616006429453,15.0600004196167,14.100000381469728,70.91000366210938,0
2021-06-23,7123.77978515625,0.023026885981962675,0.03550498244691602,0.10332287749793201,6588.244140625,6853.1898583984375,59.74929091413218,14.739999771118164,14.720000267028809,70.87999725341797,0
2021-06-24,7214.591796875,0.012747728657751978,0.05040290073744047,0.10412841575503395,6607.54419921875,6855.369582519531,62.66963637819574,15.369999885559082,14.609999656677246,72.12000274658203,0
2021-06-25,7331.09033203125,0.016147626703802098,0.07516616693237754,0.13547306017425886,6623.515615234375,6857.568720703125,64.4167492251048,15.100000381469728,14.869999885559082,72.1500015258789,0
2021-06-28,7280.53271484375,-0.006896329863322226,0.08995101681644613,0.13075610004506943,6641.76427734375,6859.423779296875,60.08553625489804,13.369999885559082,15.289999961853027,71.04000091552734,0
2021-06-29,7176.30224609375,-0.014316324482340659,0.0758907646066127,0.09930845682763789,6657.854521484375,6860.686520996093,59.57608627793119,13.399999618530272,14.800000190734863,71.63999938964844,0
2021-06-30,7203.52197265625,0.0037930016921063903,0.08927662860290764,0.10921070834598967,6677.10283203125,6862.127292480469,62.27853363343211,13.0,15.0600004196167,73.66000366210938,0
2021-07-01,7269.17431640625,0.009113922883724035,0.04390660419748471,0.12564077457384726,6695.0783203125,6863.817736816406,63.54212823403273,13.050000190734863,14.739999771118164,73.05999755859375,0
2021-07-02,7259.0634765625,-0.0013909199867350175,0.0189904370272842,0.11140705647275939,6712.785458984375,6865.639968261718,65.27777122613696,12.84000015258789,15.369999885559082,73.08000183105469,0
2021-07-05,7283.60009765625,0.0033801359049927537,0.009565101217665628,0.10592158482470038,6730.484951171875,6867.89517578125,66.53437677069799,12.09000015258789,15.100000381469728,73.30000305175781,0
2021-07-06,7202.61181640625,-0.01111926522106299,-0.017525157896861154,0.08726385871874598,6747.27775390625,6870.109890136719,64.9236898168844,12.09000015258789,13.369999885559082,74.05000305175781,0
2021-07-07,7139.78515625,-0.008722760820337738,-0.019332041226432506,0.059010878734785166,6764.158701171875,6871.9857885742185,69.00204282058469,12.279999732971191,13.399999618530272,72.91000366210938,0
2021-07-08,7093.58935546875,-0.006470194798622431,-0.011525837093890878,0.06203272754866207,6780.0189453125,6873.497004394531,66.97662929054798,12.210000038146973,13.0,72.9800033569336,0
2021-07-09,7117.07080078125,0.003310234654956057,-0.012001236645513003,0.06538023207776811,6796.5050390625,6875.705961914063,70.7596210785134,13.5600004196167,13.050000190734863,73.47000122070312,0
2021-07-12,7159.62548828125,0.0059792418385564705,-0.015070326196161332,0.05416088317393819,6815.95078125,6879.7464916992185,60.82723303715257,12.9399995803833,12.84000015258789,75.2300033569336,0
2021-07-13,7121.52783203125,-0.005321180041100937,-0.018946747741676928,0.04783434306249723,6831.908779296875,6884.489802246094,49.856337055943825,12.989999771118164,12.09000015258789,75.16000366210938,0
2021-07-14,7022.23291015625,-0.013942924077104735,-0.035884340710043094,0.019771097846675856,6847.5983984375,6888.445512695313,37.8598956314225,12.619999885559082,12.09000015258789,75.16000366210938,0
2021-07-15,7003.30419921875,-0.0026955401764192644,-0.027671575571171725,0.01352383434385862,6861.340478515625,6893.282268066407,26.407257769755446,12.59000015258789,12.279999732971191,73.37000274658203,0
2021-07-16,6999.9970703125,-0.00047222408340041877,-0.01957875242438256,0.012314997873826838,6873.549033203125,6897.144050292969,28.334516153604227,12.270000457763672,12.210000038146973,72.19999694824219,0
2021-07-19,6867.73291015625,-0.01889488793033811,-0.03183951508813765,-0.015132729104374798,6882.4145703125,6899.360673828125,27.15854381424667,11.710000038146973,13.5600004196167,72.94000244140625,0
2021-07-20,6932.0927734375,0.009371340458810273,-0.025990752729823208,-0.014181911154113824,6891.398974609375,6901.708605957031,30.95498638826973,12.68000030517578,12.9399995803833,74.55999755859375,0
2021-07-22,6996.16357421875,0.009242634637949054,-0.022831070470103687,0.008364315407129341,6902.1890625,6904.373537597657,30.801406984378133,13.210000038146973,12.989999771118164,74.0999984741211,0
2021-07-23,6990.70068359375,-0.0007808408947341805,-0.018370657466093898,0.013048820233472425,6911.319150390625,6906.757893066406,31.00408185836885,11.890000343322754,12.619999885559082,75.25,0
2021-07-26,6935.06396484375,-0.007958675570329032,-0.012413280281038164,0.0016612768262249666,6920.892041015625,6908.755998535156,26.3694616701692,11.760000228881836,12.59000015258789,73.12999725341797,0
2021-07-27,6939.3291015625,0.0006150104368713993,-0.00913498769100829,0.008693429080955495,6930.90580078125,6910.422963867188,30.076876520921743,12.449999809265137,12.270000457763672,71.6500015258789,0
2021-07-28,6867.25390625,-0.010386478902733032,-0.0189633170884419,-0.00016749023139528418,6937.690576171875,6910.989162597656,29.66169879386365,13.229999542236328,11.710000038146973,71.80999755859375,0
2021-07-29,6702.833984375,-0.023942601237644467,-0.02401067833278603,-0.016972919965675626,6941.861708984375,6910.5753564453125,25.212773799722854,13.6899995803833,12.68000030517578,66.41999816894531,0
2021-07-30,6687.69140625,-0.002259130714008295,-0.035256505528027726,0.0011981724270342387,6946.4593359375,6910.169462890625,22.471457774410766,12.949999809265137,13.210000038146973,67.41999816894531,0
2021-08-02,6782.81640625,0.01422389195636331,-0.030494879901743044,0.01689829653967667,6951.487314453125,6909.883374023438,27.367483176028045,12.800000190734863,11.890000343322754,71.91000366210938,0
2021-08-03,6900.17626953125,0.017302526893269388,-0.012949261906599507,0.043406374294606254,6957.770830078125,6910.681271972656,37.8606760540449,12.8100004196167,11.760000228881836,72.06999969482422,0
2021-08-04,6807.68701171875,-0.013403897842566681,-0.018367091316059625,-0.022366348430613248,6961.433974609375,6911.163125,38.14542020774316,13.75,12.449999809265137,71.91000366210938,0
2021-08-05,6778.4130859375,-0.004300128036271,-0.0231889874755713,-0.048480821928042594,6962.163486328125,6912.024555664062,37.71425766776904,13.210000038146973,13.229999542236328,71.6500015258789,0
2021-08-06,6849.06591796875,0.010423211323285386,-0.002648509656050013,-0.0506648039414479,6965.55966796875,6913.22822265625,42.31979252231582,12.869999885559082,13.6899995803833,72.38999938964844,0
2021-08-09,6830.69140625,-0.0026827762995452753,0.019075128844463274,-0.06825709452724782,6968.56728515625,6914.545842285156,47.86801302894978,12.609999656677246,12.949999809265137,73.62000274658203,0
2021-08-10,6753.720703125,-0.011268361948626904,0.009873257132243296,-0.07235899244634547,6967.806162109375,6915.513835449219,39.88039504870517,12.609999656677246,12.800000190734863,73.94999694824219,0
2021-08-11,6772.5771484375,0.0027920084559871494,-0.0015095879350449648,-0.05625809557784556,6967.32919921875,6916.493439941406,36.629285137381935,12.710000038146973,12.8100004196167,71.26000213623047,0
2021-08-12,6763.41455078125,-0.001352896756349864,-0.01982003262060006,-0.061096144850476986,6964.8757421875,6917.668283691406,36.467917112423834,12.710000038146973,13.75,70.55999755859375,1
2021-08-13,6753.96240234375,-0.001397540896914018,-0.00789175666897124,-0.07087626347048614,6961.757861328125,6917.397980957031,38.59016054546327,12.369999885559082,13.210000038146973,68.1500015258789,1
2021-08-16,6584.828125,-0.025042229622874057,-0.028559038595495356,-0.09288186468398008,6955.157607421875,6916.514189453125,31.507305706714163,12.989999771118164,12.869999885559082,69.08999633789062,1
2021-08-17,6641.30224609375,0.008576400176542265,-0.030334599544432073,-0.08818411814909788,6948.518505859375,6915.416298828125,38.01810945943497,13.460000038146973,12.609999656677246,68.27999877929688,1
2021-08-18,6597.6083984375,-0.006579108439455528,-0.03412290117501604,-0.0839977821087986,6939.834326171875,6913.967434082031,43.60067894533041,13.40999984741211,12.609999656677246,66.4800033569336,1
2021-08-20,6608.02587890625,0.0015789782963198107,-0.02157252729615189,-0.07447833032878592,6933.2322265625,6912.898203125,45.12711522712652,12.90999984741211,12.710000038146973,68.29000091552734,1
2021-08-23,6583.91162109375,-0.0036492377987616953,-0.027857272528416632,-0.07185047073271411,6926.897353515625,6912.439453125,36.67619339809941,14.020000457763672,12.710000038146973,69.25,1
2021-08-24,6562.0166015625,-0.0033255336327878693,-0.02977755506580415,-0.07798913552438191,6919.6664453125,6912.335109863281,24.026136221289278,13.6899995803833,12.369999885559082,69.08999633789062,1
2021-08-25,6473.51953125,-0.013486261264780697,-0.041522717241723295,-0.09582986682114258,6911.54638671875,6911.5726318359375,24.174391864711737,13.1899995803833,12.989999771118164,68.44000244140625,1
2021-08-26,6374.3154296875,-0.015324600641676622,-0.03196935308201376,-0.10492304740886271,6901.664609375,6910.119091796875,21.816293309540185,13.5,13.460000038146973,67.29000091552734,1
2021-08-27,6389.9892578125,0.0024589037517661616,-0.037840920194389005,-0.09003456029339851,6893.093095703125,6908.07900390625,15.322367076739454,13.539999961853027,13.40999984741211,66.58999633789062,1
2021-08-30,6555.93994140625,0.02597041667806499,-0.006315691158802039,-0.063879026968785,6890.618134765625,6907.756184082031,33.02948579756058,13.40999984741211,12.90999984741211,65.45999908447266,1
2021-08-31,6603.3955078125,0.007238560272117223,-0.0007007192735928314,-0.05665738978406376,6889.283984375,6907.840522460938,40.36354029855979,13.31999969482422,14.020000457763672,62.31999969482422,1
2021-09-01,6544.365234375,-0.00893938177225051,-0.006006518464198418,-0.04708506868446238,6887.908798828125,6908.006853027344,36.08727387034896,14.520000457763672,13.6899995803833,65.63999938964844,1
2021-09-02,6552.08203125,0.001179151315465532,-0.0015139508044119676,-0.05481905026482492,6879.681767578125,6907.905549316406,37.09355842399165,14.1899995803833,13.1899995803833,67.54000091552734,1
2021-09-03,6619.79296875,0.01033426278502847,0.022595658635752303,-0.05379671322375834,6869.60203125,6908.241040039063,42.35038259361893,14.239999771118164,13.5,68.36000061035156,1
2021-09-06,6604.1669921875,-0.0023604932414450497,0.03605901920534049,-0.05529255347942352,6857.39353515625,6908.6306640625,51.336554075669895,14.539999961853027,13.539999961853027,67.41999816894531,1
2021-09-07,6633.34423828125,0.004418005499901234,0.03808378553551095,-0.0435064086058935,6843.43861328125,6908.960112304688,49.428437964231954,15.109999656677246,13.40999984741211,68.73999786376953,1
2021-09-08,6540.8447265625,-0.013944627083414818,-0.0023025248825742084,-0.05742404909291232,6828.644853515625,6908.207912597656,46.190197785142,14.899999618530272,13.31999969482422,69.20999908447266,1
2021-09-09,6561.10009765625,0.003096751557408517,-0.0064051002406579904,-0.044581693464852745,6816.340810546875,6907.2078784179685,46.89153627403542,14.40999984741211,14.520000457763672,68.5,1
2021-09-13,6630.01708984375,0.010503877575670284,0.013087878258819297,-0.010863598099101646,6804.870712890625,6906.988515625,52.88299951148021,13.9399995803833,14.1899995803833,68.58999633789062,1
2021-09-14,6650.03125,0.0030187192408461794,0.014949327295176396,-0.005631264058446939,6792.4878515625,6906.857006835938,55.51657905625593,14.029999732971191,14.239999771118164,69.98999786376953,1
2021-09-15,6664.0654296875,0.002110393043265768,0.006687892075552204,-0.01750762064753475,6780.587890625,6906.690720214844,63.172608503100086,13.579999923706056,14.539999961853027,69.29000091552734,1
2021-09-16,6685.2373046875,0.0031770208776285003,0.012275630309757979,-0.031149778853164167,6768.620634765625,6905.812504882812,74.09375241214495,13.729999542236328,15.109999656677246,69.29000091552734,1
2021-09-17,6765.77734375,0.012047446544048324,0.019964756947856488,-0.006156227202661735,6759.8839453125,6905.829147949219,76.46023747768662,14.40999984741211,14.899999618530272,68.3499984741211,1
2021-09-20,6703.998046875,-0.009131145430328114,0.0249437690593588,-0.010978239024246217,6751.168203125,6905.831372070313,62.217462393457865,15.229999542236328,14.40999984741211,69.30000305175781,1
2021-09-21,6536.74560546875,-0.02494816380267484,-0.003711952542257313,-0.045600424384968696,6740.031328125,6904.798220214844,45.408047581722215,17.489999771118164,13.9399995803833,68.13999938964844,1
2021-09-22,6588.8310546875,0.007968101003529071,-0.006212055655081317,-0.035407887310089925,6729.466533203125,6903.709689941406,53.09314417463394,16.520000457763672,14.029999732971191,70.44999694824219,1
2021-09-23,6603.974609375,0.0022983674284267064,-0.00692577807435113,-0.02217238472427674,6718.353515625,6902.194655761718,53.572850157872935,16.489999771118164,13.579999923706056,70.45999908447266,1
2021-09-24,6705.783203125,0.015416260626664569,0.006260108619530191,-0.009862411877863964,6710.038623046875,6898.6363452148435,55.65498515192306,16.600000381469727,13.729999542236328,72.61000061035156,1
2021-09-27,7140.9873046875,0.06489981682671875,0.06817259870198478,0.05582575946976909,6712.4137109375,6896.947119140625,72.74888263532527,16.920000076293945,14.40999984741211,72.61000061035156,1
2021-09-28,7160.6630859375,0.002755330658140931,0.05836516960645799,0.06021660461903333,6715.560888671875,6895.642602539063,72.52765086833594,18.049999237060547,15.229999542236328,71.97000122070312,1
2021-09-29,7122.2744140625,-0.0053610498656737615,0.06239207772181188,0.08161887886215702,6718.006435546875,6894.053649902344,76.04340450772094,18.540000915527344,17.489999771118164,70.29000091552734,1
2021-09-30,7077.904296875,-0.006229767993759627,0.08278717332268637,0.06574042779607692,6722.20986328125,6892.498994140625,72.65919334928702,18.84000015258789,16.520000457763672,70.55999755859375,1
2021-10-01,6908.3857421875,-0.023950388077773943,0.04849945078993323,0.04710454531123753,6721.73572265625,6889.9685546875,61.215616824595784,18.399999618530277,16.489999771118164,72.2300033569336,1
2021-10-04,6916.10205078125,0.0011169481383515034,0.047263573812527104,0.04662151412851201,6720.1344921875,6887.4884375,60.827426972744306,17.209999084472656,16.600000381469727,73.30000305175781,1
2021-10-05,7000.93408203125,0.012265873266056992,0.044014378330737625,0.06333962011297811,6720.33916015625,6885.6085913085935,62.96160330719496,16.739999771118164,16.920000076293945,73.9800033569336,1
2021-10-06,6944.0263671875,-0.00812858886784984,-0.027581751527650855,0.058215300085348476,6720.518408203125,6883.116184082031,59.69085797371108,16.399999618530273,18.049999237060547,75.44999694824219,1
2021-10-07,7226.88037109375,0.04073342884220832,0.009247367787250216,0.11637577305621871,6726.26943359375,6881.8890063476565,64.99486324480966,17.329999923706055,18.540000915527344,75.29000091552734,1
2021-10-08,7166.595703125,-0.008341727671303145,0.006222912301018679,0.12429260556318922,6732.25626953125,6880.850888671875,65.05810578756405,16.15999984741211,18.84000015258789,74.83000183105469,1
2021-10-11,7427.794921875,0.03644676350810516,0.0494342124906213,0.1624111750725814,6746.75548828125,6881.762114257813,77.3329894371756,15.649999618530272,18.399999618530277,75.02999877929688,0
2021-10-12,7421.04345703125,-0.0009089460485597334,0.0742080326686303,0.13195720573355874,6761.422529296875,6883.519670410156,76.25847629841007,16.09000015258789,17.209999084472656,75.87999725341797,0
2021-10-13,7216.89697265625,-0.02750913474055683,0.043491972742221385,0.09290696947016341,6770.104140625,6884.164006347656,67.27848496786329,15.850000381469728,16.739999771118164,77.62000274658203,0
2021-10-14,7231.1240234375,0.001971352900721035,0.03287988984170842,0.10493894586677777,6776.723095703125,6884.618061523437,65.57879854645876,16.100000381469727,16.399999618530273,78.93000030517578,0
2021-10-18,7385.5478515625,0.02135543901950543,0.06358292164057944,0.12720625540664843,6788.2803125,6885.8629296875,58.701389762359604,15.770000457763672,17.329999923706055,77.43000030517578,0
2021-10-19,7384.24609375,-0.00017625744747218342,0.021775055705320012,0.11547991434305382,6800.39697265625,6886.924216308594,58.06040382817165,17.18000030517578,16.15999984741211,78.30000305175781,0
2021-10-20,7321.64697265625,-0.008477388253180451,0.021635275094929574,0.108640496419534,6809.84859375,6887.819384765625,57.06427580078747,17.3799991607666,15.649999618530272,79.3499984741211,0
2021-10-21,7306.6962890625,-0.002041983675201142,-0.016303443227257408,0.10151019253535987,6819.36869140625,6887.870415039062,58.27928847374395,18.309999465942383,16.09000015258789,80.5199966430664,0
2021-10-22,7146.2431640625,-0.021959736473539326,-0.03702987249163503,0.09255661352752576,6827.219140625,6886.943305664063,58.664184673920076,18.040000915527344,15.850000381469728,80.63999938964844,0
2021-10-25,7003.20068359375,-0.020016458604164455,-0.0296105500566467,0.067382082174821,6831.831611328125,6885.101149902343,52.887936198528,17.549999237060547,16.100000381469727,80.44000244140625,1
2021-10-26,7038.64892578125,0.005061720174682982,-0.02661759043717138,0.061633602206465854,6837.336298828125,6883.383520507812,51.292852953543,17.610000610351562,15.770000457763672,81.30999755859375,1
2021-10-27,7095.4599609375,0.008071298306719266,-0.03927777552258749,0.06698144628079761,6844.16625,6882.174460449219,55.19143995602268,16.75,17.18000030517578,82.44000244140625,1
2021-10-28,7108.43359375,0.0018284414095666168,-0.03735147725282972,0.0666812426665111,6854.638359375,6881.158940429687,45.01743637438437,16.829999923706055,17.3799991607666,82.95999908447266,1
2021-10-29,7217.13720703125,0.015292203528049608,-0.014274078771525978,0.07956335401449355,6866.15505859375,6880.986689453125,52.04285396818003,17.90999984741211,18.309999465942383,83.87000274658203,1
2021-11-01,7345.5673828125,0.01779516892877253,0.005319927394298096,0.08569451958067908,6881.11423828125,6879.305617675781,46.27681260031925,17.43000030517578,18.040000915527344,82.5,0
2021-11-02,7515.52099609375,0.023136893914950107,0.05167440059810713,0.12105059451755551,6899.264140625,6877.43033203125,53.727027993256726,17.239999771118164,17.549999237060547,83.76000213623047,0
2021-11-03,7460.0595703125,-0.007379584969568476,0.06523572682830925,0.1412497931801553,6916.787099609375,6875.491950683594,60.8673128028627,17.059999465942383,17.610000610351562,83.76000213623047,0
2021-11-04,7472.7431640625,0.0017002000628083547,0.061672949291623924,0.13415309969833844,6935.001630859375,6873.847971191406,60.81325116909226,16.1299991607666,16.75,84.6500015258789,0
2021-11-08,7412.169921875,-0.008105891084120964,0.044635578620847216,0.12238013625199073,6953.774638671875,6871.855119628906,51.3006860079756,15.75,16.829999923706055,82.66000366210938,0
2021-11-09,7308.91455078125,-0.013930518617634502,0.028203253837458586,0.08994196939966415,6972.46662109375,6869.943579101562,46.65294106161553,16.34000015258789,17.90999984741211,82.80999755859375,0
2021-11-10,7245.3505859375,-0.008696772195394664,0.003909220248544454,0.014614685168463204,6989.57384765625,6868.644379882812,46.612976016085526,16.0,17.43000030517578,83.56999969482422,0
2021-11-11,7189.2138671875,-0.0077479644475666465,-0.021285423913044887,0.003987170029835507,7002.239326171875,6866.623854980468,44.968590810616384,16.309999465942383,17.239999771118164,84.05000305175781,0
2021-11-12,7214.6787109375,0.0035420901673581806,-0.04002946506471272,0.012973987170805001,7014.464990234375,6863.665112304688,53.314063797548805,16.350000381469727,17.059999465942383,83.91000366210938,0
2021-11-15,7237.1044921875,0.0031083548067085687,-0.029886501042465596,0.022492561164296765,7028.319775390625,6861.145329589844,62.825287369862295,15.220000267028809,16.1299991607666,80.86000061035156,0
2021-11-16,7764.95361328125,0.07293650681202224,0.039103504938324596,0.12398958353800937,7052.57720703125,6861.398493652344,75.8602812677983,15.470000267028809,15.75,78.80999755859375,0
2021-11-17,7981.39794921875,0.027874517571784496,0.07679640825068357,0.15403125786976535,7079.809306640625,6863.056630859375,78.32428478254286,15.199999809265137,16.34000015258789,81.93000030517578,0
2021-11-18,7829.38525390625,-0.019045873452203876,0.07121039649716066,0.118334376837131,7104.313671875,6864.484721679688,71.16762275210965,14.979999542236328,16.0,84.1500015258789,0
2021-11-22,7585.595703125,-0.03113776406131219,0.04696047667422487,0.09239154663483107,7123.358701171875,6866.047177734375,60.02311177465223,14.859999656677246,16.309999465942383,81.33999633789062,0
2021-11-23,7575.564453125,-0.00132240767799785,0.053740310564532434,0.04824821556835568,7144.053095703125,6869.389375,56.68733960771575,17.520000457763672,16.350000381469727,81.58999633789062,0
2021-11-24,7397.55712890625,-0.023497565801228193,0.02534810284642397,0.0322274948035004,7160.782236328125,6870.915927734375,46.5860994232304,18.020000457763672,15.220000267028809,80.79000091552734,1
2021-11-25,7304.04345703125,-0.012641155755268363,0.009249412512422728,-0.016660592564194165,7174.262763671875,6870.75337890625,45.58216101225051,17.100000381469727,15.470000267028809,80.87999725341797,1
2021-11-26,6916.29541015625,-0.05308676613934071,-0.10929340281871702,-0.06801577834674499,7179.588046875,6868.9659814453125,37.00383930174111,16.65999984741211,15.199999809265137,80.76000213623047,1
2021-11-29,6896.03955078125,-0.0029287151825896363,-0.13598600211930778,-0.044459193901573046,7184.227529296875,6866.833859863281,37.71409828535404,20.799999237060547,14.979999542236328,78.36000061035156,1
2021-11-30,6817.2353515625,-0.011427457548415898,-0.1292757821361219,-0.05723711424856015,7186.867490234375,6865.006657714844,38.158285598030936,20.82999992370605,14.859999656677246,79.01000213623047,1
2021-12-01,7015.40234375,0.02906852733815035,-0.07516790792582051,-0.050117542429055084,7191.859990234375,6863.7847583007815,44.79908168286871,21.170000076293945,17.520000457763672,76.75,1
2021-12-02,7065.27001953125,0.007108313014388523,-0.06736058240297171,-0.04319683691050469,7199.0854296875,6862.560844726562,47.188693149939105,19.450000762939453,18.020000457763672,78.5,1
2021-12-03,6953.14111328125,-0.01587043466704463,-0.060076050496241096,-0.05033100622732001,7207.41333984375,6860.801926269532,44.29217778711743,18.09000015258789,17.100000381469727,78.38999938964844,1
2021-12-06,6793.17041015625,-0.023006969155197843,-0.06994386737707692,-0.0702815415600282,7211.500126953125,6858.024389648437,40.86025180582952,18.450000762939453,16.65999984741211,78.38999938964844,1
2021-12-07,6931.82470703125,0.020410837429854833,0.0022453200671845863,-0.030004360628187343,7218.05712890625,6856.413837890625,29.5741212761709,20.07999992370605,20.799999237060547,68.1500015258789,1
2021-12-08,7171.3212890625,0.034550294064464415,0.039918816627155795,0.02400625272135959,7227.367890625,6855.865866699219,30.361280458572224,18.459999084472656,20.82999992370605,69.94999694824219,1
2021-12-09,7158.63818359375,-0.0017685869810482036,0.05007936713714911,0.01704720026211315,7227.720908203125,6854.773344726563,32.560950157748564,17.270000457763672,21.170000076293945,66.18000030517578,1
2021-12-10,7162.3994140625,0.0005254114500954365,0.02095347680856241,0.009434124566063407,7227.755634765625,6854.62859375,37.427994689825965,16.600000381469727,19.450000762939453,65.56999969482422,1
2021-12-13,7249.9326171875,0.012221212203432641,0.026136665286077942,0.019905795217938227,7230.308798828125,6854.948586425781,40.75220512456416,16.059999465942383,18.09000015258789,66.5,1
2021-12-14,7227.50634765625,-0.003093307305792603,0.03945917821960099,0.0014367387410756383,7233.30083984375,6855.992922363282,44.70250332972119,16.56999969482422,18.450000762939453,66.26000213623047,1
2021-12-15,7299.6552734375,0.009982547549701737,0.07455795051512637,-0.006250314915417832,7241.12623046875,6858.531594238281,49.86145314026702,16.950000762939453,20.07999992370605,69.48999786376953,1
2021-12-16,7186.658203125,-0.015479781726636,0.03676283040384187,-0.043757817074781546,7246.537353515625,6861.060935058594,60.32790212104153,17.219999313354492,18.459999084472656,72.05000305175781,1
2021-12-17,7037.92529296875,-0.020695698327711787,-0.018601313581808387,-0.05658591239990152,7247.277177734375,6862.930712890625,54.93559549117482,15.899999618530272,17.270000457763672,72.36000061035156,1
2021-12-20,7028.279296875,-0.001370573811487752,-0.018210011929015724,-0.059478006594016364,7248.962236328125,6864.86056640625,57.7123887710012,16.34000015258789,16.600000381469727,70.94000244140625,1
2021-12-21,7055.8173828125,0.003918183210184001,-0.014880771804032467,-0.048076682377561575,7245.5409765625,6867.235771484375,51.687355819451085,18.96999931335449,16.059999465942383,71.66999816894531,1
2021-12-22,7160.56689453125,0.014845836567980442,-0.012326421137265453,-0.020296810862858283,7245.420400390625,6869.42140625,53.80436731886917,17.540000915527344,16.56999969482422,71.29000091552734,1
2021-12-23,7125.2646484375,-0.004930090957003919,-0.014146192933044643,-0.01657420659989517,7239.369794921875,6870.4764013671875,57.32041760825946,16.579999923706055,16.950000762939453,70.7300033569336,1
2021-12-24,7057.69775390625,-0.00948272069389966,-0.03314643095704839,-0.018293531909171157,7232.102880859375,6871.621984863281,62.21004765450753,15.829999923706056,17.219999313354492,70.87000274658203,1
2021-12-27,7031.076171875,-0.00377199236344683,-0.02164873114215282,-0.025448470599828243,7228.38646484375,6872.601396484375,55.10971455864054,16.149999618530273,15.899999618530272,72.37999725341797,1
2021-12-28,7038.74462890625,0.001090651963340239,0.00011641725414701654,-0.02740873280127165,7224.538876953125,6873.056545410156,41.03455130326018,17.1200008392334,16.34000015258789,70.86000061035156,1
2021-12-29,7089.4794921875,0.007207942034563208,0.008707706783893876,-0.08699010383505867,7218.617509765625,6873.715051269532,45.552079519096885,16.479999542236328,18.96999931335449,68.2300033569336,1
2021-12-30,7024.083984375,-0.009224303121909694,-0.004497480123961339,-0.11994314416279117,7211.414267578125,6873.845068359375,41.757730164955966,16.239999771118164,17.540000915527344,71.12000274658203,1
2021-12-31,7163.171875,0.019801569988969314,0.00036379528424479446,-0.08509140338621879,7208.244765625,6874.8116528320315,45.12917342386054,16.56999969482422,16.579999923706055,72.76000213623047,1
2022-01-03,7257.16650390625,0.013121928462207944,0.018511853520791544,-0.0432964281346353,7207.254169921875,6877.091157226562,51.54129244872255,16.219999313354492,15.829999923706056,73.79000091552734,1
2022-01-04,7359.6015625,0.01411502113650176,0.04277652842623558,-0.028507828289404014,7211.521337890625,6879.915903320312,53.020053331234195,16.450000762939453,16.149999618530273,73.79000091552734,1
2022-01-05,7499.7021484375,0.019036436245593258,0.06665067553058956,0.013807939263100089,7221.4513671875,6883.148830566406,65.35169973679271,16.1200008392334,17.1200008392334,75.56999969482422,1
2022-01-06,7602.66796875,0.013729321281639395,0.08011703358690792,0.04088482132883242,7232.731748046875,6887.307036132813,78.99663901698642,17.229999542236328,16.479999542236328,75.9800033569336,1
2022-01-07,7625.720703125,0.003032190077188135,0.07563901010341167,0.10257301790883488,7243.336962890625,6891.345209960938,80.25896546368756,17.979999542236328,16.239999771118164,76.55999755859375,1
2022-01-10,7837.53564453125,0.027776383328522503,0.11580893138034298,0.13652707279547704,7257.91900390625,6896.443415527344,83.36425319469342,17.600000381469727,16.56999969482422,76.98999786376953,1
2022-01-11,7855.138671875,0.0022459900844000735,0.09660061338050752,0.15224695448934655,7270.679033203125,6901.688581542969,82.02727292786133,17.68000030517578,16.219999313354492,75.20999908447266,1
2022-01-12,7881.0849609375,0.0033030975195129653,0.08597273559803531,0.12339742965116374,7281.389384765625,6906.656142578125,85.15481636791098,17.760000228881836,16.450000762939453,76.08000183105469,1
2022-01-13,7790.70654296875,-0.01146776343824607,0.05857721736804278,0.10267640464300754,7286.893095703125,6911.747111816407,83.38535796475017,17.18000030517578,16.1200008392334,76.98999786376953,1
2022-01-14,7797.60302734375,0.0008852193747721504,0.03972169467667652,0.12145042079607538,7293.64396484375,6918.211259765625,85.5507299480003,16.700000762939453,17.229999542236328,77.8499984741211,1
2022-01-17,7972.47607421875,0.0224265131556165,0.04864188558395677,0.17360166061775195,7303.638623046875,6925.561274414063,87.49084432928733,16.559999465942383,17.979999542236328,79.45999908447266,0
2022-01-18,7634.54638671875,-0.042387043166274396,0.0011573573092091838,0.10137614688592733,7308.08615234375,6930.898891601562,67.78388577753691,16.770000457763672,17.600000381469727,78.9000015258789,0
2022-01-19,7731.5322265625,0.012703549750181509,-0.01352509548619607,0.07811823162273024,7316.538505859375,6936.685971679687,72.61569978059468,17.780000686645508,17.68000030517578,78.2300033569336,0
2022-01-20,7751.44970703125,0.0025761362541205646,-0.013200144411836257,0.0828106559144326,7326.66048828125,6942.262585449219,70.35712704658071,17.81999969482422,17.760000228881836,81.22000122070312,0
2022-01-21,7899.26708984375,0.01906964353757168,0.0023070591163996124,0.10288000335955849,7340.861552734375,6949.322756347657,71.42167844106221,17.790000915527344,17.18000030517578,82.63999938964844,0
2022-01-24,7766.833984375,-0.016765239605459392,-0.003064235376096347,0.07129740295269449,7351.904658203125,6955.803427734375,63.31943702711887,18.88999938964844,16.700000762939453,82.12000274658203,0
2022-01-25,8297.6240234375,0.06834059285035865,0.06412496177868166,0.14806181057568635,7373.115048828125,6964.393176269531,70.7856644975502,22.82999992370605,16.559999465942383,83.81999969482422,0
2022-01-27,8507.51171875,0.025294915113007077,0.06711034809642613,0.16546760087530887,7387.9662109375,6974.215180664062,72.32719891197797,21.36000061035156,16.770000457763672,83.81999969482422,0
2022-01-28,8247.8056640625,-0.03052667610379245,0.0803268781509523,0.14765520092162965,7393.294365234375,6982.7374609375,63.74482100003841,21.06999969482422,17.780000686645508,85.43000030517578,0
2022-01-31,8292.5126953125,0.0054204758296863,0.07255747661798417,0.17826097182320866,7402.5569140625,6992.952080078125,60.85412519263945,20.700000762939453,17.81999969482422,86.95999908447266,0
2022-02-01,8255.9580078125,-0.004408155747613551,0.06508567040351387,0.17467699547503268,7415.96416015625,7001.569272460937,59.476426396820436,21.950000762939453,17.790000915527344,86.9000015258789,0
2022-02-02,8213.3720703125,-0.005158206650239916,0.03976381313560107,0.16405678104987897,7428.7203125,7010.795634765625,57.794813384660074,19.979999542236328,18.88999938964844,85.13999938964844,0
2022-02-03,8288.9931640625,0.00920707026330092,0.06722934734255404,0.15758895715268917,7446.549033203125,7020.381650390625,61.770333791386555,18.649999618530277,22.82999992370605,83.30999755859375,0
2022-02-04,8247.4208984375,-0.0050153576920825005,-0.006050301249875378,0.15748976429192396,7465.41658203125,7030.41322265625,60.454164055661,19.15999984741211,21.36000061035156,85.5999984741211,0
2022-02-07,8209.8984375,-0.0045495993716785366,-0.03498241214221076,0.16325446679209765,7491.288642578125,7039.610715332031,55.89420896130297,18.899999618530277,21.06999969482422,86.61000061035156,0
2022-02-08,8294.5869140625,0.010315410989211848,0.005671963174864292,0.17970374823155355,7519.25958984375,7049.2151171875,68.74274319298677,20.440000534057617,20.700000762939453,86.81999969482422,0
2022-02-09,8632.1787109375,0.04070025431919366,0.040960566248756214,0.22638043657493134,7555.55845703125,7060.382883300781,72.50046232389607,19.68000030517578,21.950000762939453,88.1500015258789,0
2022-02-10,8493.28515625,-0.01609020843272313,0.028746167096891817,0.1980125149680556,7585.11611328125,7071.034450683594,67.49305299847715,18.559999465942383,19.979999542236328,88.19999694824219,0
2022-02-11,8427.40625,-0.007756587120064107,0.02605923338857785,0.19978722759390055,7612.358837890625,7081.69279296875,62.954537451814026,17.709999084472656,18.649999618530277,88.26000213623047,0
2022-02-14,8069.798828125,-0.04243386532778104,-0.026444024213680417,0.1265678066848006,7634.6919921875,7090.5389013671875,56.69208010236702,18.68000030517578,19.15999984741211,90.2699966430664,0
2022-02-15,8317.01171875,0.030634331275199767,0.008437888786018366,0.1460411876003227,7665.168818359375,7100.660129394531,50.48958077996558,22.979999542236328,18.899999618530277,92.30999755859376,0
2022-02-16,8278.671875,-0.004609809995045011,0.008376892603916497,0.12488044423260858,7692.10576171875,7111.116796875,43.67315266706482,20.61000061035156,20.440000534057617,91.31999969482422,0
2022-02-17,8249.2529296875,-0.003553582719148407,-0.005465490306472254,0.09994407329978605,7713.66439453125,7120.744921875,50.04585191748883,20.59000015258789,19.68000030517578,89.36000061035156,0
2022-02-18,8265.3125,0.0019467908729897676,-0.042499839637548,0.08715947269744428,7735.797880859375,7130.882724609375,49.12231831740231,22.01000022888184,18.559999465942383,89.66000366210938,0
2022-02-21,8307.3681640625,0.00508821221974376,-0.02188987991892488,0.08938793951084034,7758.697255859375,7140.838564453125,51.653007780854956,22.170000076293945,17.709999084472656,89.87999725341797,0
2022-02-22,8317.109375,0.0011725989200335185,-0.013087879203639963,0.06118935239591283,7780.040791015625,7150.476264648438,53.40747027882189,22.899999618530277,18.68000030517578,93.0999984741211,0
2022-02-23,8390.4619140625,0.008819475103091223,0.039736193276580734,0.06814943243512728,7803.29990234375,7160.306293945312,53.33792936840712,26.65999984741211,22.979999542236328,95.45999908447266,0
2022-02-24,7919.087890625,-0.05617974651043611,-0.0478445674457707,0.004822042888239508,7815.6885546875,7167.487370605469,41.5800706325121,24.540000915527344,20.61000061035156,92.06999969482422,0
2022-02-25,8059.86328125,0.017776717794944163,-0.026430398142818,0.03454843752575543,7833.15265625,7175.503391113281,46.345935948992086,31.979999542236328,20.59000015258789,93.66000366210938,0
2022-02-28,8019.4013671875,-0.005020173748682355,-0.027863318588863706,0.028444425686454222,7852.782177734375,7182.929416503906,43.15037525996925,26.739999771118164,22.01000022888184,91.76000213623048,0
2022-03-02,7537.1748046875,-0.06013248875073107,-0.08809560380354642,-0.05460051124379284,7862.960087890625,7188.333193359375,24.574981406570288,28.56999969482422,22.170000076293945,91.06999969482422,0
2022-03-03,7326.2763671875,-0.027981099412586086,-0.11809899085960607,-0.04037830198628756,7868.369267578125,7192.7713696289065,23.77983625685829,29.229999542236328,22.899999618530277,91.06999969482422,0
2022-03-04,6990.37255859375,-0.04584918610198441,-0.1595189814858302,-0.09586193864942028,7864.965380859375,7195.083156738281,21.20667149711474,28.15999984741211,26.65999984741211,92.3499984741211,1
2022-03-07,6529.0771484375,-0.06599010371616709,-0.2218453268353796,-0.15769599298115167,7853.041630859375,7195.257155761718,20.360661958786324,27.959999084472656,24.540000915527344,92.0999984741211,1
2022-03-08,6565.00634765625,0.0055029521633618295,-0.17098958386000207,-0.1689094351427851,7843.187802734375,7195.793137207032,13.31389750404935,29.32999992370605,31.979999542236328,92.80999755859376,1
2022-03-09,6777.73779296875,0.03240384457334855,-0.15907533956114528,-0.12734869747390942,7838.12103515625,7197.024738769531,20.71032799834586,28.59000015258789,26.739999771118164,91.58999633789062,1
2022-03-10,6956.130859375,0.02632044376094278,-0.1325872666958683,-0.1616719629948662,7836.468759765625,7198.875390625,26.152203660526894,27.46999931335449,28.56999969482422,95.72000122070312,1
2022-03-11,6850.75390625,-0.015148788206446717,-0.09107137836455681,-0.19474058541096262,7831.694248046875,7200.006511230469,24.744675924634407,25.57999992370605,29.229999542236328,110.5999984741211,1
2022-03-14,7057.3603515625,0.030158205671935168,-0.03670568814867614,-0.1443347916994494,7832.359775390625,7201.5836254882815,28.92108234295975,25.350000381469727,28.15999984741211,107.66999816894533,1
2022-03-15,7157.04638671875,0.014125116217734268,0.023843339783098827,-0.13692668920912165,7832.237265625,7203.9725732421875,31.01376884131365,25.68000030517578,27.959999084472656,115.68000030517578,1
2022-03-16,7220.41748046875,0.008854363982829128,0.10588637816857438,-0.12542948091109862,7831.50228515625,7206.673107910156,30.787635653066175,26.729999542236328,29.32999992370605,119.4000015258789,1
2022-03-17,7420.271484375,0.027679009482049377,0.13027636097017403,-0.09656211591876962,7832.71568359375,7209.815581054688,41.0074878330635,24.1200008392334,28.59000015258789,123.6999969482422,0
2022-03-21,7432.376953125,0.0016314051009442831,0.0965866754000686,-0.10334381920489677,7831.3691796875,7212.995339355469,38.137536387925195,22.61000061035156,27.46999931335449,108.6999969482422,0
2022-03-22,7491.31005859375,0.007929240650794922,0.07693633286059764,-0.09167845913951078,7829.142021484375,7216.021452636719,40.08581232866089,24.6200008392334,25.57999992370605,106.0199966430664,0
2022-03-23,7373.8291015625,-0.01568229803764165,0.07635293902986273,-0.10183674527794673,7824.104189453125,7218.341315917969,46.44679022369166,24.06999969482422,25.350000381469727,109.33000183105467,0
2022-03-24,7289.04541015625,-0.011497919227377307,0.03282885484832221,-0.12122864156157942,7813.134384765625,7220.212338867187,49.14311157182033,24.75,25.68000030517578,103.01000213623048,0
2022-03-25,7152.5615234375,-0.018724521393237437,-0.0006266360505322588,-0.17140715421301855,7799.082841796875,7221.108859863281,54.110147900138756,23.93000030517578,26.729999542236328,96.44000244140624,0
2022-03-28,7212.26708984375,0.00834743835625984,-0.0011287976972310654,-0.15082715849515316,7785.706484375,7222.0111083984375,71.73769098138744,23.43000030517578,24.1200008392334,95.04000091552734,0
2022-03-29,7175.4208984375,-0.005108822364348731,-0.03299752393872468,-0.14856117225421528,7773.400771484375,7223.19755859375,69.41080166412593,22.61000061035156,22.61000061035156,102.9800033569336,0
2022-03-30,7329.21875,0.021433983279780966,-0.01387957093344494,-0.09177181413047342,7764.0330859375,7225.340375976562,68.21964108323522,21.299999237060547,24.6200008392334,112.12000274658205,0
2022-03-31,7293.240234375,-0.004908915513676004,-0.026439944771947,-0.12309366861501392,7750.448369140625,7227.188767089844,62.29420035700192,20.61000061035156,24.06999969482422,111.76000213623048,0
2022-04-01,7427.07177734375,0.018350080165735694,0.007220492236519105,-0.10286675332886652,7746.298876953125,7229.926513671875,70.59065916333083,20.559999465942383,24.75,114.93000030517578,0
2022-04-04,7499.17138671875,0.009707676394745457,0.028827639936186866,-0.09092720872569549,7741.65166015625,7233.080349121094,67.46347321291745,18.43000030517578,23.93000030517578,112.33999633789062,0
2022-04-05,7486.68115234375,-0.0016655485960916927,0.04671328276050568,-0.09420470764490152,7736.3562890625,7236.420930175781,63.99411953951318,17.90999984741211,23.43000030517578,113.9000015258789,0
2022-04-06,7469.65673828125,-0.002273960078715276,0.03568775881857644,-0.10083956907136626,7727.76408203125,7240.370773925782,61.01449287871503,18.489999771118164,22.61000061035156,105.95999908447266,1
2022-04-07,7369.63330078125,-0.013390633733862178,0.027066342879766392,-0.11391891479348859,7719.820068359375,7243.868425292969,47.54561139024512,19.020000457763672,21.299999237060547,104.23999786376952,1
2022-04-08,7290.00927734375,-0.010804339943082275,-0.005349747905429858,-0.13115519121472685,7699.6677734375,7247.252849121094,43.52346084764609,19.0,20.61000061035156,107.81999969482422,1
2022-04-11,7297.1953125,0.0009857374500994442,0.0005422936853716198,-0.07853083419635065,7675.4614453125,7248.921657714844,40.73310535971114,17.690000534057617,20.559999465942383,100.27999877929688,1
2022-04-12,7348.26806640625,0.00699895668391437,-0.010610333830068819,-0.08828874510801743,7657.470693359375,7250.0440991210935,48.69712555768323,18.270000457763672,18.43000030517578,99.2699966430664,1
2022-04-13,7204.69580078125,-0.019538245519561626,-0.039267749828871046,-0.10159181827957031,7635.71435546875,7249.994619140625,45.943701922625365,18.15999984741211,17.90999984741211,103.27999877929688,1
2022-04-18,7305.0078125,0.013923143251637793,-0.024266205030900267,-0.03080291995392115,7616.6953515625,7249.8642065429685,57.59524157057364,17.790000915527344,18.489999771118164,101.95999908447266,1
2022-04-19,7171.51513671875,-0.018274131829513318,-0.039913695101215785,-0.02112413219379572,7595.858212890625,7249.319118652344,48.10869754389019,19.34000015258789,19.020000457763672,96.2300033569336,1
2022-04-20,7394.90478515625,0.03114957497526949,0.003429137291311557,0.0578699093891899,7577.9764453125,7250.412131347656,58.682836917901284,19.770000457763672,19.0,96.02999877929688,1
2022-04-21,7599.87060546875,0.027717168275638526,0.04250492918959692,0.16400379911079876,7565.025439453125,7252.393874511718,60.29045216391058,18.670000076293945,17.690000534057617,98.26000213623048,0
2022-04-22,7624.27392578125,0.003211017868506749,0.04482251046795582,0.1613505794252834,7553.31294921875,7254.169372558594,62.69799737258399,17.850000381469727,18.270000457763672,94.29000091552734,0
2022-04-25,7631.845703125,0.0009931145467041436,0.038591084886405946,0.12601666459306005,7540.058125,7256.033283691406,58.697292326759055,18.350000381469727,18.15999984741211,100.5999984741211,0
2022-04-26,7626.44384765625,-0.0007078045965391855,0.058537939496247304,0.09636290659740077,7519.943427734375,7257.747502441406,55.73025625602915,21.26000022888184,17.790000915527344,104.25,0
2022-04-27,7512.2900390625,-0.014968156964642376,0.02837536001095131,0.0965639901630353,7500.323525390625,7259.295893554688,51.05630327889653,19.190000534057617,19.34000015258789,108.20999908447266,1
2022-04-28,7608.5029296875,0.012807398293291472,0.06093381728100056,0.0780947196500994,7483.945458984375,7261.639482421875,55.37587470427273,20.61000061035156,19.770000457763672,102.55999755859376,1
2022-04-29,7444.19287109375,-0.02159558327205624,0.006665141387139473,0.04012080806236695,7471.43333984375,7263.3925,52.749918059652565,19.3799991607666,18.670000076293945,102.75,1
2022-05-02,7364.0869140625,-0.010760865337370085,-0.031024698135858175,0.019897662978958897,7452.37484375,7264.627580566406,52.7311723891111,19.420000076293945,17.850000381469727,103.79000091552734,1
2022-05-04,7135.6337890625,-0.031022600312300086,-0.06409005519416455,-0.03835947187537092,7429.51408203125,7264.507622070312,44.8789247162714,20.280000686645508,18.350000381469727,102.06999969482422,1
2022-05-05,7145.0380859375,0.0013179343493516793,-0.06378635471995553,-0.038660427074636794,7407.42978515625,7264.625173339844,43.38336170977183,21.8799991607666,21.26000022888184,98.54000091552734,1
2022-05-06,7021.189453125,-0.017333516116065595,-0.07936259764336373,-0.0627554595647053,7382.54732421875,7264.6199560546875,43.9477831411215,20.290000915527344,19.190000534057617,101.6999969482422,1
2022-05-09,7099.3662109375,0.011134403698180417,-0.054966438459893574,-0.037221216662973955,7358.38728515625,7265.100266113282,43.1172470687906,21.25,20.61000061035156,102.0199966430664,1
2022-05-10,7249.4501953125,0.021140476475741687,-0.04719098325821991,-0.005432153679352791,7337.0341015625,7266.347531738281,52.57980770443,22.030000686645508,19.3799991607666,105.36000061035156,1
2022-05-11,7134.2353515625,-0.015892907826927094,-0.041637491787032244,-0.0025621830465839546,7311.9095703125,7267.680043945313,40.705693916101566,22.299999237060547,19.420000076293945,104.69000244140624,1
2022-05-12,6996.49755859375,-0.01930659505627097,-0.04991648791743608,-0.029917018957027364,7293.457763671875,7268.0020678710935,27.403097458088922,22.799999237060547,20.280000686645508,105.16999816894533,1
2022-05-13,6850.17578125,-0.02091357513074865,-0.04000457650307809,-0.04532767091869472,7269.264013671875,7267.27212890625,23.43515986127025,24.270000457763672,21.8799991607666,107.80999755859376,1
2022-05-16,6990.66162109375,0.02050835545392604,-0.02160610804126939,-0.04619279904918239,7248.68921875,7267.27193359375,29.83585774440219,23.489999771118164,20.290000915527344,108.26000213623048,1
2022-05-17,7265.75146484375,0.03935104553193347,0.03483199155235717,-0.0037690750130083828,7243.260751953125,7268.92537109375,40.30188055014363,24.530000686645508,21.25,109.7699966430664,1
2022-05-18,7298.3046875,0.004480365563529487,0.028022005155334817,-0.01733753135879923,7242.701318359375,7270.720249023438,43.98241088038421,22.739999771118164,22.030000686645508,103.08999633789062,1
2022-05-19,7142.0478515625,-0.021410018165605615,-0.014815239894943488,-0.04762173268752412,7245.73482421875,7272.09421875,37.31109429824095,22.299999237060547,22.299999237060547,99.76000213623048,1
2022-05-20,7317.64404296875,0.024586252438484335,0.025708247957656916,-0.022578376978440118,7261.506162109375,7275.168269042969,46.57852061003965,24.559999465942383,22.799999237060547,105.70999908447266,1
2022-05-23,7617.47412109375,0.04097358061753442,0.08875534612847225,0.019789046269683475,7282.555517578125,7279.817182617187,56.12326459891524,23.100000381469727,24.270000457763672,106.12999725341795,1
2022-05-24,7526.03466796875,-0.012003907288873128,0.09866299906765619,0.02122240833487865,7297.521455078125,7283.533273925781,60.103335585143306,23.399999618530277,23.489999771118164,110.48999786376952,1
2022-05-25,7511.1806640625,-0.0019736826312359845,0.07445919587898886,0.030338971914084745,7308.622451171875,7286.5882958984375,59.44889311382271,25.63999938964844,24.530000686645508,114.1999969482422,1
2022-05-26,7528.30126953125,0.0022793494437785,0.03613525812957952,0.031670518210656695,7322.1733984375,7290.1913671875,63.84975298707873,25.280000686645508,22.739999771118164,112.4000015258789,1
2022-05-27,7661.36083984375,0.017674580964370135,0.04974527207196022,0.04260769620924032,7334.253408203125,7294.606105957031,64.90192783208033,22.71999931335449,22.299999237060547,109.58999633789062,1
2022-05-30,7729.794921875,0.008932366385270729,0.08229391380847662,0.07288289965508477,7345.70837890625,7299.009750976563,63.313367148633944,21.479999542236328,24.559999465942383,112.20999908447266,1
2022-05-31,7683.93115234375,-0.005933374687788651,0.050055333003926616,0.05187172273729179,7354.97865234375,7303.275949707031,65.84463718867775,19.979999542236328,23.100000381469727,113.2300033569336,1
2022-06-01,7657.93603515625,-0.0033830492064691464,0.00531172320631268,0.06782679659239443,7359.731943359375,7307.797026367188,70.37828323855943,20.479999542236328,23.399999618530277,110.29000091552734,1
2022-06-02,7644.4326171875,-0.0017633234211879012,0.015731783660611898,0.033743210937905,7363.973056640625,7312.156303710937,76.65144667475836,20.850000381469727,25.63999938964844,109.7699966430664,1
2022-06-03,7431.89453125,-0.027802990304294894,-0.010555748338186954,-0.022102491336875807,7362.78474609375,7315.498703613282,64.12275873321599,20.31999969482422,25.280000686645508,110.33000183105467,1
2022-06-06,7437.19921875,0.0007137732482200843,-0.01210127590801402,-0.024536724264150878,7364.0521484375,7318.914887695312,56.63318259392436,19.979999542236328,22.71999931335449,114.08999633789062,1
2022-06-07,7532.54541015625,0.012820174450332233,-0.01681364869509616,-0.0130113077270535,7368.9221484375,7323.6534741210935,58.642662803103484,20.200000762939453,21.479999542236328,115.06999969482422,1
2022-06-08,7612.65087890625,0.010634581590705405,-0.015154870750482274,-0.0018085714686326693,7378.123935546875,7328.510217285157,68.39743709658762,20.43000030517578,19.979999542236328,115.06999969482422,1
2022-06-09,7648.72509765625,0.004738719708000438,-0.004581776435719553,0.01816158027503101,7386.853095703125,7333.76580078125,64.52786900419603,19.84000015258789,20.479999542236328,114.66999816894533,1
2022-06-10,7653.7890625,0.0006620665246945823,-0.0005415261549863715,0.005952042501790933,7396.420458984375,7338.994616699219,52.149569554282174,19.13999938964844,20.850000381469727,115.26000213623048,1
2022-06-13,7621.47705078125,-0.00422170136319322,-0.003002913042184141,0.02381509758779954,7402.265625,7344.182443847656,56.07468154430036,19.57999992370605,20.31999969482422,116.87000274658205,1
2022-06-14,7534.7158203125,-0.01138378163322773,0.013835138352697562,0.02317040907327783,7407.09513671875,7349.045939941407,51.37234044976323,22.3700008392334,19.979999542236328,118.87000274658205,1
2022-06-15,7575.0341796875,0.005351012611027439,0.018533181226341622,0.061578326973353414,7410.054384765625,7354.553513183594,52.653228234347004,21.88999938964844,20.200000762939453,118.5,1
2022-06-16,7555.88720703125,-0.002527641750791454,0.003098792719328003,0.057501319958302544,7411.188701171875,7360.461372070313,43.122190098959464,22.149999618530277,20.43000030517578,119.41000366210938,1
2022-06-17,7415.59375,-0.018567436647373148,-0.02588548089762943,0.0561734303721797,7409.766953125,7365.58939453125,31.266928596548027,22.8700008392334,19.84000015258789,122.11000061035156,1
2022-06-20,7389.3583984375,-0.0035378625700066557,-0.03390979488833057,0.04084761637640688,7408.160986328125,7369.756486816406,32.01628322509448,22.76000022888184,19.13999938964844,121.51000213623048,1
2022-06-21,7504.76611328125,0.015618096811781834,-0.019470480307445803,0.03521865949694192,7410.863642578125,7374.26333984375,41.569350245588915,22.40999984741211,19.57999992370605,120.66999816894533,1
2022-06-22,7506.84033203125,0.0002763868611879161,-0.015041273231708896,0.05222773879854481,7415.200263671875,7379.075715332031,42.33026441207194,21.13999938964844,22.3700008392334,120.93000030517578,1
2022-06-23,7977.78125,0.06273490538479587,0.05880320376424275,0.14025356018325863,7428.811982421875,7386.204211425781,73.62358994991185,21.299999237060547,21.88999938964844,118.93000030517578,1
2022-06-24,8066.712890625,0.011147415282287909,0.06490778777684447,0.17759210102386747,7443.18087890625,7393.4388110351565,75.40386270559638,20.8799991607666,22.149999618530277,115.30999755859376,1
2022-06-27,8149.22900390625,0.0102292116256113,0.0785270849891535,0.1657307198672895,7462.07154296875,7401.16412109375,75.14650249679438,20.549999237060547,22.8700008392334,117.58999633789062,1
2022-06-28,8188.72802734375,0.004846964469714443,0.10425790616479635,0.1270311222405469,7479.745947265625,7408.9410400390625,74.29525983316708,21.01000022888184,22.76000022888184,109.55999755859376,1
2022-06-29,8207.2470703125,0.0022615286411895585,0.11068466675644606,0.12454157804198962,7500.4605859375,7417.273051757813,73.90892122210354,21.450000762939453,22.40999984741211,109.55999755859376,1
2022-06-30,8170.4501953125,-0.004483461346387774,0.08870150941188992,0.14399264260390132,7515.971494140625,7425.319802246094,71.53198046147196,21.899999618530277,21.13999938964844,110.6500015258789,1
2022-07-01,8104.7158203125,-0.008045379805107,0.07964409283225993,0.10755808464064565,7526.0683984375,7432.693295898437,69.5932716251515,21.84000015258789,21.299999237060547,106.19000244140624,1
2022-07-04,8144.02001953125,0.0048495468675464615,0.02083771970198489,0.06912342465062382,7536.4633203125,7440.1632397460935,75.69346441268169,21.25,20.8799991607666,104.2699966430664,1
2022-07-05,8052.7265625,-0.011209876303386657,-0.0017338323942649447,0.06998265590947672,7544.8809375,7447.106545410156,69.31329133415562,20.96999931335449,20.549999237060547,107.62000274658205,1
2022-07-06,8324.1015625,0.03369976589839041,0.021458785672844316,0.10822811150408729,7558.834091796875,7455.300866699219,75.79768019726424,20.790000915527344,21.01000022888184,109.56999969482422,1
2022-07-07,8301.291015625,-0.002740301365106057,0.013746089490990654,0.1026778443660612,7574.614111328125,7462.978435058594,82.29081292239202,20.270000457763672,21.450000762939453,111.76000213623048,1
2022-07-08,8175.46533203125,-0.015157363277219948,-0.0038723993574181215,0.06710354765093984,7585.953359375,7470.335771484375,76.71963081216742,19.200000762939453,21.899999618530277,109.77999877929688,1
2022-07-11,8206.04296875,0.0037401708009141554,0.0043562805704293606,0.06161198992837935,7601.190361328125,7478.6822583007815,75.29496096247361,18.399999618530277,21.84000015258789,105.76000213623048,1
2022-07-12,8121.20947265625,-0.010337929793544864,0.002035068558778219,0.05690815178362474,7616.3328125,7486.344150390625,70.91173258042578,18.3700008392334,21.25,108.43000030517578,1
2022-07-13,8140.982421875,0.0024347296157456455,-0.0003729850428860759,0.06307788214750931,7636.43978515625,7494.029189453125,58.017428232316306,18.549999237060547,20.96999931335449,108.43000030517578,1
2022-07-14,8264.0107421875,0.015112220360766315,0.02623759518563684,0.08104958942367557,7658.81923828125,7501.820327148437,59.37828418429682,18.520000457763672,20.790000915527344,99.5,1
2022-07-15,8466.85546875,0.024545554560690963,0.017149467144070618,0.13925936827388297,7687.73255859375,7508.44966796875,63.54812789785633,18.34000015258789,20.270000457763672,98.52999877929688,1
2022-07-18,8396.2021484375,-0.008344694269705188,0.01143329786100189,0.1289467851378443,7713.66927734375,7514.62736328125,58.620548338182864,17.600000381469727,19.200000762939453,102.7300033569336,1
2022-07-19,8406.859375,0.0012692913264937822,0.02830347063697447,0.11607151596655485,7736.8174609375,7521.050288085938,58.34843162881882,17.15999984741211,18.399999618530277,104.79000091552734,1
2022-07-20,8438.8837890625,0.0038093195846398142,0.028374311613916348,0.10853419174201773,7762.9104296875,7527.855185546875,61.271757128809426,17.200000762939453,18.3700008392334,104.08999633789062,1
2022-07-21,8485.1328125,0.005480466918793558,0.044811470639818385,0.10935256584133812,7792.683134765625,7535.738920898438,66.23978621931697,16.81999969482422,18.549999237060547,95.83999633789062,1
2022-07-22,8517.8798828125,0.0038593468170891043,0.04629631184619298,0.11289713020001324,7826.037216796875,7543.747810058594,66.04971888126019,16.860000610351562,18.520000457763672,96.3000030517578,1
2022-07-25,8315.9521484375,-0.023706337392999988,0.006285253960869319,0.09112080152298851,7852.54302734375,7550.322900390625,60.31992403909842,16.649999618530273,18.34000015258789,95.77999877929688,1
2022-07-26,8223.595703125,-0.011105937560000667,-0.028730827699000927,0.09142745383381023,7871.699912109375,7556.720747070312,45.41616931820206,17.68000030517578,17.600000381469727,97.58999633789062,1
2022-07-27,8351.15625,0.015511529442835625,-0.005365032623217969,0.10245789680971695,7892.756943359375,7562.342126464844,52.075886831603626,18.170000076293945,17.15999984741211,102.5999984741211,1
2022-07-28,8411.8759765625,0.007270816728222496,0.0005967271889213421,0.11328765849425282,7918.153505859375,7568.568527832032,60.4058319374183,18.1299991607666,17.200000762939453,104.22000122070312,1
2022-07-29,8462.513671875,0.0060197862466813135,0.002800119471146889,0.1411781655211357,7941.0508984375,7573.742121582031,61.092901668163314,17.010000228881836,16.81999969482422,102.26000213623048,1
2022-08-01,8684.216796875,0.026198259003920477,0.023462683351487046,0.17523285901402508,7962.385751953125,7580.05798828125,71.7733398342714,16.549999237060547,16.860000610351562,96.3499984741211,1
2022-08-02,8847.8515625,0.018842777587483095,0.038738710128247034,0.1789643313256466,7988.82208984375,7588.2127612304685,74.59968760747839,17.489999771118164,16.649999618530273,94.6999969482422,1
2022-08-03,8698.72265625,-0.016854815566985315,0.04602846444762432,0.15877283537429965,8012.5729296875,7595.550754394531,64.85844348921495,18.530000686645508,17.68000030517578,96.6999969482422,1
2022-08-04,8705.7607421875,0.000809094187230297,0.05863189977582128,0.09125087156125011,8036.122119140625,7602.151818847657,59.42770687357557,18.450000762939453,18.170000076293945,94.9800033569336,1
2022-08-05,8583.9130859375,-0.013996210079555094,0.02787121076048593,0.0641153592950583,8054.5731640625,7608.150153808594,57.11979672116574,19.26000022888184,18.1299991607666,97.26000213623048,1
2022-08-08,8662.3134765625,0.009133409185309471,0.02977189638765232,0.0629611061868931,8073.22353515625,7614.853486328125,59.2156782613781,18.920000076293945,17.010000228881836,96.41999816894533,1
2022-08-10,8621.2919921875,-0.00473562686065232,0.018762548158734127,0.052824316963432594,8091.970751953125,7621.42646484375,56.53805658153022,19.299999237060547,16.549999237060547,98.62000274658205,1
2022-08-11,8557.359375,-0.0074156654530939115,-0.014607813789338953,0.04265892103503699,8109.95921875,7628.482045898438,52.55640968919367,19.59000015258789,17.489999771118164,93.88999938964844,1
2022-08-12,8446.044921875,-0.013008037672252115,-0.045412904792388686,0.03373066599446539,8125.99146484375,7635.696267089844,47.59140884851668,18.36000061035156,18.530000686645508,94.41999816894533,1
2022-08-16,8741.68359375,0.0350032085561498,0.004938763907955224,0.0785922403153354,8152.18724609375,7644.211440429687,63.430568469099605,17.610000610351562,18.450000762939453,90.66000366210938,0
2022-08-17,8684.060546875,-0.006591756182550257,-0.0024926248210960233,0.06631129663834412,8177.12447265625,7652.154443359375,64.85177705010564,17.68000030517578,19.26000022888184,88.54000091552734,0
2022-08-18,8687.314453125,0.00037469870603001887,0.01204594759433153,0.07880410264768622,8200.219853515626,7660.04884765625,61.78762509280085,17.68000030517578,18.920000076293945,89.01000213623047,0
2022-08-19,8523.4755859375,-0.018859552980560523,-0.016027807236560054,0.023951416491081456,8218.43634765625,7666.580539550781,53.64939867536134,17.350000381469727,19.299999237060547,90.76000213623048,0
2022-08-22,8376.9169921875,-0.017194698602973735,-0.028345519467551927,0.009110146412184994,8233.000185546874,7671.737287597656,47.366149959163025,18.290000915527344,19.59000015258789,91.93000030517578,1
2022-08-23,8466.7255859375,0.010720960209317676,-0.010591326727177441,0.03562613772761036,8249.258916015626,7676.493310546875,42.716497707788676,19.040000915527344,18.36000061035156,94.33999633789062,0
2022-08-24,8450.705078125,-0.0018921727945344635,0.0005517560341090633,0.029814870615071598,8265.8434765625,7681.446538085937,35.240862412863024,19.049999237060547,17.610000610351562,92.08999633789062,1
2022-08-25,8481.677734375,0.0036650972863996323,-0.02974322469883206,0.04438603177672373,8284.78271484375,7686.4912109375,41.15740608120797,18.43000030517578,17.68000030517578,86.52999877929688,1
2022-08-26,8466.8232421875,-0.001751362484252006,-0.025015636811246522,0.04002475419145468,8302.61849609375,7691.764477539063,40.32709009368022,19.56999969482422,17.68000030517578,88.11000061035156,0
2022-08-29,8577.1171875,0.013026603031339956,-0.012684848260023585,0.03788795236120657,8323.043095703126,7698.105490722656,49.72228363544649,18.21999931335449,17.350000381469727,90.5,0
2022-08-30,8817.947265625,0.028078207731145,0.03454831033637684,0.0414666103810124,8351.090166015625,7705.968474121094,55.61464884003593,19.81999969482422,18.290000915527344,90.7699966430664,0
2022-09-01,8761.8798828125,-0.006358325937269704,0.04595519938708059,0.04355275491348798,8378.540595703125,7713.831804199219,55.01738424906178,18.700000762939453,19.040000915527344,90.2300033569336,0
2022-09-02,8660.03125,-0.011624061750982073,0.022831218763433636,0.03011491732011984,8401.6458984375,7721.058566894531,53.56766192181928,19.8700008392334,19.049999237060547,93.73999786376952,0
2022-09-05,8689.5947265625,0.003413784051010227,0.028268605545811232,0.029709016472645677,8425.300986328126,7728.321018066406,58.97268923435593,19.549999237060547,18.43000030517578,94.88999938964844,0
2022-09-06,8630.078125,-0.006849180362873408,0.01749658443441615,0.017082267974223297,8438.346923828125,7732.646640625,45.02228308402065,19.65999984741211,19.56999969482422,92.5199966430664,0
2022-09-07,8529.251953125,-0.011683112298012999,0.007373333439446128,0.0013350822586084554,8447.597705078126,7735.385910644532,43.35159654956065,19.520000457763672,18.21999931335449,93.05999755859376,0
2022-09-08,8534.8349609375,0.0006545718010422252,-0.0049296547590745865,0.026320835978009605,8455.30982421875,7738.913159179688,43.46469598963988,19.3700008392334,19.81999969482422,97.01000213623048,0
2022-09-09,8685.6630859375,0.017672061110767245,-0.015001697753759924,0.056187998473333556,8465.248525390625,7744.41349609375,57.029793660656686,18.309999465942383,18.700000762939453,91.63999938964844,0
2022-09-12,8667.84765625,-0.0020511306403703244,-0.01073196937416998,0.03792186336472869,8474.460537109375,7749.874912109375,64.19410629630511,17.719999313354492,19.8700008392334,86.61000061035156,1
2022-09-13,8666.73046875,-0.0001288886865927763,0.0007735790503065054,0.030296986415109473,8484.386142578125,7756.220778808593,60.68245001851649,17.940000534057617,19.549999237060547,86.87000274658203,1
2022-09-14,8706.2470703125,0.004559574306018499,0.0019163544761295892,0.02880153674050101,8496.416767578125,7763.231796875,63.314557860511975,17.469999313354492,19.65999984741211,86.87000274658203,1
2022-09-15,8941.7373046875,0.027048420803264417,0.036113135382247696,0.02965385524520392,8512.37111328125,7773.359006347656,69.75943950587664,18.280000686645508,19.520000457763672,86.87999725341797,1
2022-09-16,8922.2236328125,-0.0021823132586069605,0.04607340501220869,0.0084056643341206,8529.7610546875,7783.489926757812,69.48136042417589,18.38999938964844,19.3700008392334,81.94000244140625,1
2022-09-19,9010.767578125,0.009923977357714886,0.05576354075571044,0.035872499239965716,8543.494375,7794.457587890625,68.90268093547536,19.81999969482422,18.309999465942383,83.54000091552734,0
2022-09-20,9030.1865234375,0.0021550822551057447,0.039665761161954416,0.03726564407839228,8558.07228515625,7804.531508789062,61.46434355103311,19.940000534057617,17.719999313354492,86.79000091552734,0
2022-09-21,8978.7783203125,-0.00569292815730571,0.03587172691461671,0.046000609561376304,8574.138544921874,7814.099050292969,61.775284330087985,18.799999237060547,17.940000534057617,87.77999877929688,0
2022-09-22,9128.2470703125,0.016646891666972197,0.05325152353896434,0.053788586041208175,8592.582626953124,7824.974580078125,74.16946192848364,19.32999992370605,17.469999313354492,87.30999755859375,0
2022-09-23,9071.5478515625,-0.0062114027275183,0.04195846709837148,0.05222603059761988,8611.58939453125,7836.366467285156,69.17924295146149,18.81999969482422,18.280000686645508,88.4800033569336,0
2022-09-26,8577.8447265625,-0.05442325092458877,-0.04069595937852455,0.002393887023413699,8620.326640625,7844.596567382812,48.17357133442286,20.59000015258789,18.38999938964844,85.0999984741211,1
2022-09-27,8518.716796875,-0.006893098624693228,-0.045224918422080096,0.00860424916895508,8625.42076171875,7851.333544921875,49.6205555618085,21.88999938964844,19.81999969482422,85.11000061035156,1
2022-09-28,8472.7939453125,-0.0053908179667795375,-0.05970341906482113,-0.03075948077436097,8625.53953125,7857.904323730469,47.82856869420176,21.56999969482422,19.940000534057617,85.7300033569336,1
2022-09-29,8373.859375,-0.011676735083028245,-0.07268146086839167,-0.035720751853420385,8625.09267578125,7863.961623535156,38.675525157105554,22.100000381469727,18.799999237060547,84.44999694824219,1
2022-09-30,8571.2431640625,0.023571423906614042,-0.04538870898817515,-0.013361009284146186,8628.3803515625,7870.568176269531,46.89623926721842,21.299999237060547,19.32999992370605,82.94000244140625,1
2022-10-03,8298.2744140625,-0.031847043045576284,-0.09092355299510824,-0.02642128432285873,8625.5681640625,7875.922016601562,39.92243486157668,19.96999931335449,18.81999969482422,83.48999786376953,1
2022-10-04,8437.5986328125,0.016789541029626154,-0.06988324695226156,0.007243910937829945,8624.61748046875,7881.6117333984375,43.03264447278817,21.3700008392334,20.59000015258789,78.73999786376953,1
2022-10-06,8449.7353515625,0.0014384091111898645,-0.014934914198585503,-0.0020067066308632198,8623.25458984375,7887.927119140625,35.56802088155355,19.56999969482422,21.88999938964844,76.70999908447266,1
2022-10-07,8523.619140625,0.008743917529776546,0.0005754791322325481,0.008628163191819471,8627.4079296875,7895.355588378906,38.66908661685744,19.31999969482422,21.56999969482422,78.5,1
2022-10-10,8604.49609375,0.009488569560731186,0.0155441226692834,0.014480432200015603,8635.0259375,7903.236672363281,38.40058038641869,18.809999465942383,22.100000381469727,82.1500015258789,1
2022-10-11,8431.4345703125,-0.020112917892217475,0.006875586600413763,-0.004179687099013618,8636.63150390625,7910.114758300781,34.283903870465664,19.6200008392334,21.299999237060547,81.2300033569336,1
2022-10-12,8433.8115234375,0.0002819156224456165,-0.01603403823627625,-0.016707905573605686,8637.07021484375,7916.480981445313,35.31774722296767,20.489999771118164,19.96999931335449,79.48999786376953,1
2022-10-13,8397.83984375,-0.004265174718160902,0.011998329377824968,-0.047642315067215724,8635.77673828125,7922.843857421875,29.039860687404754,20.18000030517578,21.3700008392334,83.62999725341797,1
2022-10-14,8366.529296875,-0.0037284048585782825,-0.00842293394486937,-0.04512166238583437,8629.42298828125,7929.388015136718,29.46926699090143,20.290000915527344,19.56999969482422,86.5199966430664,1
2022-10-17,8469.9287109375,0.012358698618448738,0.002389821519234392,-0.021951715135265837,8621.86453125,7936.582277832032,45.93285339928746,18.26000022888184,19.31999969482422,88.44999694824219,1
2022-10-18,8551.0478515625,0.009577310907026737,0.003217965336669071,-0.01594399731629459,8618.91103515625,7944.143793945313,51.198626541321424,18.420000076293945,18.809999465942383,92.63999938964844,1
2022-10-19,8465.6083984375,-0.009991693954722547,-0.016141293319126837,-0.01905773321866655,8614.10798828125,7951.024438476563,49.7411896132547,17.450000762939453,19.6200008392334,91.12999725341795,1
2022-10-20,8454.0068359375,-0.0013704345811863528,0.002677155997210523,-0.008822006619224276,8611.50986328125,7958.174052734375,53.080569787737176,17.489999771118164,20.489999771118164,89.3499984741211,1
2022-10-21,8450.0263671875,-0.000470838127676787,0.0019225997290712726,-0.009936758488963693,8607.26412109375,7964.608325195312,44.52721709302223,17.229999542236328,20.18000030517578,87.2699966430664,1
2022-10-24,8510.3671875,0.007140903198457504,0.0133995582011186,-0.020182212538420008,8605.045625,7970.874328613281,61.851098822545914,17.280000686645508,20.290000915527344,89.11000061035156,0
2022-10-25,8742.9462890625,0.027328915008991705,0.04499081743825317,0.008664046230479006,8608.75736328125,7977.791052246093,65.45159479418695,17.420000076293945,18.26000022888184,85.61000061035156,0
2022-10-27,8778.8212890625,0.004103307833982717,0.036469324437892414,0.012933460976624511,8615.412890625,7984.186647949219,66.26213685937651,16.8799991607666,18.420000076293945,85.45999908447266,0
2022-10-28,9216.306640625,0.04983417900391274,0.07779851085044975,0.0585854692835166,8624.9053515625,7992.254841308593,75.18098191742851,16.600000381469727,17.450000762939453,82.81999969482422,0
2022-10-31,9250.337890625,0.0036925040937756393,0.09269617200015268,0.0345123744326199,8636.2308984375,8000.377927246093,74.30585876226976,15.920000076293944,17.489999771118164,85.55000305175781,0
2022-11-01,9179.462890625,-0.007661882283438559,0.08581209700512993,0.028831294573975264,8646.0738671875,8007.0875634765625,80.49726911282598,15.800000190734863,17.229999542236328,85.9800033569336,0
2022-11-02,8960.81640625,-0.023819093445903494,0.0604483367112274,-0.005543497980822876,8654.82068359375,8012.615952148438,68.26510090511,16.1299991607666,17.280000686645508,85.05000305175781,0
2022-11-03,8970.234375,0.001051016818448769,0.054036115877050594,-0.006639081959370019,8666.68703125,8018.06169921875,70.21022172447465,16.65999984741211,17.420000076293945,84.58000183105469,0
2022-11-04,8960.9130859375,-0.0010391355089314214,0.02493058857603625,-0.0019897177252481413,8676.57078125,8023.912731933594,71.31764374591526,15.9399995803833,16.8799991607666,85.31999969482422,0
2022-11-07,9061.6923828125,0.01124654328286634,0.03222199022349703,-0.0072910699050262595,8688.79052734375,8030.233178710938,71.26363615947359,15.65999984741211,16.600000381469727,89.08000183105469,0
2022-11-09,8984.2138671875,-0.008550115403603287,-0.025182839773846832,-0.009627241767782513,8698.84125,8035.291867675781,65.60563201891412,15.59000015258789,15.920000076293944,87.9000015258789,0
2022-11-10,8832.51171875,-0.016885411531837202,-0.04516874700311835,0.029688925400909616,8706.15501953125,8041.281694335938,62.616041632947464,15.920000076293944,15.800000190734863,86.52999877929688,0
2022-11-11,8823.0947265625,-0.001066173755253419,-0.03882233288686854,0.03573049051227506,8711.0745703125,8046.739506835937,62.71025359569969,15.56999969482422,16.1299991607666,88.37000274658203,0
2022-11-14,8886.0078125,0.007130501018888014,-0.00834841272920428,0.04876949325742852,8712.43578125,8052.412297363281,64.42823227371062,14.40999984741211,16.65999984741211,90.0,0
2022-11-15,8895.572265625,0.001076349844251201,-0.008323317569391864,0.062302561729489225,8715.10962890625,8057.393823242188,63.19117828038803,14.90999984741211,15.9399995803833,88.16999816894531,0
2022-11-16,8869.115234375,-0.0029741797896732924,-0.01024425197322354,0.03475249326275298,8719.29130859375,8062.905229492188,55.03080465928746,14.640000343322754,15.65999984741211,92.61000061035156,0
2022-11-17,8724.9365234375,-0.016256267635207933,-0.03716257903586884,0.05141576285449978,8719.99814453125,8065.041791992187,48.02224003234497,15.100000381469728,15.59000015258789,91.79000091552734,0
2022-11-18,8590.5634765625,-0.015401034324322938,-0.04381578582659362,0.018128954742542946,8719.2078515625,8065.45705078125,20.46027245695319,14.880000114440918,15.920000076293944,85.83000183105469,0
2022-11-21,8607.21484375,0.001938332361192563,-0.025507679148812357,0.018637209999527338,8720.767109375,8067.254096679688,19.133315460198844,14.390000343322754,15.56999969482422,86.47000122070312,0
2022-11-22,8615.515625,0.0009643980545028796,-0.02352679054182316,0.01078139260551958,8722.38072265625,8068.869111328125,21.203707582113125,14.800000190734863,14.40999984741211,88.95999908447266,0
2022-11-23,8674.498046875,0.006846069863055915,-0.02380256354574295,0.008135508734305352,8722.157421875,8070.961811523437,32.53170258553919,13.84000015258789,14.90999984741211,85.87000274658203,0
2022-11-24,8706.1494140625,0.003648783712494108,-0.02129406022527447,0.03258221853695975,8722.92345703125,8073.4256982421875,34.31371980328851,14.039999961853027,14.640000343322754,86.91999816894531,0
2022-11-25,8757.0244140625,0.0058435707429767,-0.012638331710705164,0.038323466172654364,8724.7293359375,8075.765854492188,38.45901269618053,13.479999542236328,15.100000381469728,85.58999633789062,0
2022-11-28,8723.9169921875,-0.0037806702721799867,-0.00011685256932947308,0.03882869339073891,8725.082734375,8078.148334960937,29.29415680508795,13.329999923706056,14.880000114440918,81.63999938964844,0
2022-11-29,8650.9052734375,-0.008369144137362117,0.007024195448835258,0.03398971861231859,8719.26609375,8080.353369140625,29.455465211748816,13.56999969482422,14.390000343322754,80.08000183105469,0
2022-11-30,8712.994140625,0.007177152589815439,0.012289608055015666,0.028697458737004578,8715.08150390625,8082.445405273437,41.718253055258565,13.619999885559082,14.800000190734863,79.7300033569336,0
2022-12-01,8697.4599609375,-0.0017828750297295137,0.009511251503011353,0.017122124904054514,8708.8153515625,8082.7718115234375,41.36755623669738,13.8100004196167,13.84000015258789,80.94999694824219,0
2022-12-02,8559.2998046875,-0.015885115524591376,-0.013280104689054606,0.01106729745109547,8699.3976171875,8083.101884765625,29.65542740453438,13.359999656677246,14.039999961853027,77.94000244140625,0
2022-12-05,8536.193359375,-0.0026995719088898085,-0.019521380417958478,0.00972160598310956,8690.54591796875,8083.6458203125,27.99213945177101,13.449999809265137,13.479999542236328,77.94000244140625,0
2022-12-06,8463.6669921875,-0.00849633602873423,-0.033499669294504986,0.001614270110797289,8677.25431640625,8085.615161132812,26.497058021011057,13.729999542236328,13.329999923706056,76.27999877929688,0
2022-12-07,8407.1611328125,-0.006676285754999345,-0.03630890340413184,-0.012127097740164294,8663.96658203125,8086.065908203125,29.495054645910628,14.039999961853027,13.56999969482422,77.23999786376953,0
2022-12-08,8430.025390625,0.0027196169374299473,-0.0255325744336502,-0.03579124108642495,8661.0101953125,8086.82267578125,37.899738991030304,14.079999923706056,13.619999885559082,78.19999694824219,0
2022-12-09,8362.6943359375,-0.007987052418890528,-0.040204297057219396,-0.047401232970017415,8657.88974609375,8087.3898828125,32.877815813551464,13.399999618530272,13.8100004196167,80.55000305175781,0
2022-12-12,8407.744140625,0.005386996448489612,-0.033310394254608466,-0.08773172720142564,8656.58875,8088.102041015625,36.16323323976931,13.479999542236328,13.359999656677246,81.22000122070312,0
2022-12-13,8369.830078125,-0.004509421536367242,-0.022136124552938008,-0.09518655674106502,8656.5081640625,8088.414350585937,29.124511535785018,13.31999969482422,13.449999809265137,79.9800033569336,1
2022-12-14,8390.12109375,0.002424304368858321,-0.017112108345644916,-0.08598997635048522,8652.88572265625,8088.779409179688,28.00367587584131,12.880000114440918,13.729999542236328,76.93000030517578,1
2022-12-15,8334.34375,-0.006647978393488296,-0.015279812202780851,-0.06991245304535498,8653.607109375,8088.498818359375,20.77982574224272,12.890000343322754,14.039999961853027,74.25,1
2022-12-16,8238.8544921875,-0.011457321737239345,-0.020019437948930463,-0.08153408843484089,8649.6322265625,8090.097651367188,19.12987597357882,13.729999542236328,14.079999923706056,72.01000213623047,1
2022-12-19,8353.4697265625,0.0139115497771789,-0.009081308835396595,-0.06778810971041227,8647.7069140625,8091.56568359375,32.022717292246085,14.06999969482422,13.399999618530272,71.45999908447266,1
2022-12-20,8276.2822265625,-0.009240172350724829,-0.010333046492403297,-0.08667367231972078,8642.76017578125,8092.850087890625,24.077841888590953,13.550000190734863,13.479999542236328,71.0199966430664,1
2022-12-21,8107.396484375,-0.020405991188346073,-0.03572273980112739,-0.09759533730768,8632.81818359375,8095.701196289063,20.36953671092907,13.779999732971191,13.31999969482422,73.16999816894531,1
2022-12-22,8091.81201171875,-0.00192225367123533,-0.03321669183378828,-0.08386059714575456,8626.025732421875,8099.528874511719,23.2291502974834,15.5600004196167,12.880000114440918,75.38999938964844,1
2022-12-23,7904.671875,-0.023127098905378562,-0.05785962006098133,-0.1040930512507735,8615.442939453125,8104.10037109375,19.555314513198,15.1899995803833,12.890000343322754,77.27999877929688,1
2022-12-26,8016.51953125,0.014149563450412073,-0.03813428246825068,-0.09784914661304778,8607.816533203126,8111.537583007813,29.231102793293047,16.15999984741211,13.729999542236328,76.11000061035156,1
2022-12-27,8063.75390625,0.00589212997185018,-0.021253025660732283,-0.09350925769996621,8601.761025390624,8119.031320800781,33.91101045455585,16.15999984741211,14.06999969482422,74.29000091552734,1
2022-12-28,8175.98876953125,0.01391843855679431,-0.021246375798417372,-0.07815057607520126,8595.8822265625,8126.0225756835935,39.01779091401501,15.289999961853027,13.550000190734863,75.19000244140625,1
2022-12-29,8190.310546875,0.0017516875019596423,-0.010387717254442652,-0.06127562935573827,8588.66748046875,8132.1934741210935,42.18974407530934,15.399999618530272,13.779999732971191,76.08999633789062,1
2022-12-30,8150.3095703125,-0.004883938934130194,0.005293078489525538,-0.05124854818326385,8582.36150390625,8138.6912524414065,38.28271056077532,14.8100004196167,15.5600004196167,78.29000091552734,1
2023-01-02,8158.755859375,0.0010363151227121836,0.008273035453530087,-0.052102682751162144,8576.456484375,8144.198229980469,40.12801517108578,14.869999885559082,15.1899995803833,77.48999786376953,1
2023-01-03,8138.8037109375,-0.002445489089439201,0.029619425023571955,-0.055331791480849435,8570.23203125,8149.1070166015625,38.242107081079745,14.6899995803833,16.15999984741211,79.55999755859375,1
2023-01-04,8177.6884765625,0.0047777003852229605,0.020104603336177362,-0.057272428632510475,8563.57845703125,8153.893371582031,42.553169759783266,14.390000343322754,16.15999984741211,79.55999755859375,1
2023-01-05,8214.873046875,0.004547075915042775,0.018740544711796314,-0.056428662526049944,8553.0169921875,8157.866379394532,48.79310768504913,15.199999809265137,15.289999961853027,79.52999877929688,1
2023-01-06,8139.09521484375,-0.009224467815735271,-0.004512427270569108,-0.07056383195945493,8540.222470703126,8161.399970703125,38.772477982969434,14.979999542236328,15.399999618530272,78.95999908447266,1
2023-01-09,8133.2216796875,-0.0007216447284629224,-0.0069702933558828395,-0.06770987310275689,8518.560771484375,8164.6095288085935,41.902561438031334,15.029999732971191,14.8100004196167,78.4000015258789,1
2023-01-10,8051.8115234375,-0.010009582851199017,-0.012085190878366014,-0.06925214541875868,8494.590244140625,8167.999440917969,46.508015386597464,14.649999618530272,14.869999885559082,80.26000213623047,1
2023-01-11,8043.3642578125,-0.0010491136808669088,-0.01414328404371934,-0.07685416425225167,8471.868271484374,8171.77103515625,46.92885172650528,15.510000228881836,14.6899995803833,80.26000213623047,1
2023-01-12,8125.64892578125,0.010230130742720833,-0.0016163045115059615,-0.06574460103575053,8455.164921875,8176.636472167968,66.15563436141905,15.4399995803833,14.390000343322754,76.93000030517578,1
2023-01-13,8207.3994140625,0.010060795024243507,0.003633170618464243,-0.04111322171847298,8439.90822265625,8181.612133789063,64.59764449323744,15.279999732971191,15.199999809265137,72.83999633789062,1
2023-01-16,8136.23046875,-0.008671314958860088,-0.009573194579667432,-0.046854947373671574,8423.4145703125,8186.416181640625,55.346943245283896,14.460000038146973,14.979999542236328,73.66999816894531,1
2023-01-17,8232.5927734375,0.0118436055932305,0.011487463425078559,-0.02730190341412253,8406.832578125,8190.933051757813,54.276094226415175,15.020000457763672,15.029999732971191,73.7699966430664,1
2023-01-18,8246.8642578125,0.0017335345944775593,0.01397263994522846,-0.01906670664064869,8392.0855859375,8195.701171875,54.272619555289296,14.59000015258789,14.649999618530272,74.62999725341797,1
2023-01-19,8254.2451171875,0.0008949897978505206,0.025141372616677593,-0.020851689679723173,8380.52025390625,8199.837038574218,58.259402510647284,14.369999885559082,15.510000228881836,75.12000274658203,1
2023-01-20,8194.193359375,-0.0072752573930057185,0.01875199191880439,-0.02014912536482305,8367.9422265625,8203.3121484375,52.6026336173509,13.960000038146973,15.4399995803833,77.41000366210938,1
2023-01-23,8172.15380859375,-0.002689654712142553,0.005723220783628413,-0.02802063527277332,8353.665146484374,8206.73951171875,52.44184175810032,13.789999961853027,15.279999732971191,78.38999938964844,1
2023-01-24,8445.65625,0.03346760814984151,0.02902951640555873,0.009059463712790983,8344.666826171875,8211.619509277343,64.60305515760075,13.619999885559082,14.460000038146973,79.86000061035156,0
2023-01-25,8528.474609375,0.009806030096832341,0.04820956610454297,0.01649004991454328,8337.854013671875,8217.413715820312,66.28017094970369,13.65999984741211,15.020000457763672,79.86000061035156,0
2023-01-27,8483.23046875,-0.005305068338394836,0.03044456372495241,0.017864240210874405,8333.019892578124,8223.379821777344,68.45019599712457,14.65999984741211,14.59000015258789,80.18000030517578,0
2023-01-30,8560.416015625,0.009098603080433865,0.03802072497015607,0.03902988258166484,8332.416943359374,8229.695925292968,71.27635669622533,17.31999969482422,14.369999885559082,79.4800033569336,0
2023-01-31,8636.4384765625,0.008880697012708216,0.046302642331177424,0.033874397018548,8333.001416015624,8236.13677734375,79.27437297981898,17.709999084472656,13.960000038146973,80.33000183105469,0
2023-02-01,8513.6669921875,-0.014215522371655465,0.03898780743890917,0.028682536328101582,8330.964443359375,8242.681633300781,71.13046843395232,16.8799991607666,13.789999961853027,81.30999755859375,0
2023-02-02,8612.0205078125,0.011552426905498292,0.053825063688374364,0.0622424257170644,8329.714892578126,8249.216696777345,71.54139102565489,16.780000686645508,13.619999885559082,81.62000274658203,0
2023-02-03,8682.0703125,0.00813395702250741,0.027992385138810194,0.07294513267565095,8329.233310546875,8256.76947265625,71.24334374093124,15.729999542236328,13.65999984741211,80.12999725341797,0
2023-02-06,8648.76953125,-0.0038355806911694046,0.014105092338876801,0.09413390815162703,8327.068212890625,8263.038796386718,73.74285122310698,14.399999618530272,14.65999984741211,80.1500015258789,0
2023-02-07,8507.455078125,-0.016339255267977526,0.0028555877933809093,0.06124048534544624,8322.738974609376,8267.57671875,62.22363609516282,14.6899995803833,17.31999969482422,79.68000030517578,0
2023-02-08,8577.6015625,0.008245295888233972,0.00200755977789302,0.06372313220666737,8321.272900390624,8272.343356933594,64.01213564516848,14.130000114440918,17.709999084472656,77.9000015258789,0
2023-02-09,8545.0771484375,-0.003791784198124981,-0.01057858842773396,0.04514296549448549,8317.914560546875,8276.909514160156,62.06446328264951,13.600000381469728,16.8799991607666,78.87000274658203,0
2023-02-10,8554.9306640625,0.0011531219032705486,0.004846756622365556,0.04451847278570176,8315.063974609375,8281.551948242188,65.6146172380268,13.039999961853027,16.780000686645508,76.41000366210938,0
2023-02-13,8553.0869140625,-0.0002155189881017927,-0.0068431785196676476,0.04941865585291594,8314.939716796875,8286.755932617187,66.78221206114944,12.75,15.729999542236328,75.87999725341797,0
2023-02-14,8519.1064453125,-0.003972889448151329,-0.01877016210671234,0.044167345137976044,8314.597978515625,8291.308950195313,54.10148773201846,13.68000030517578,14.399999618530272,73.38999938964844,0
2023-02-15,8587.9423828125,0.00808018281516798,-0.007033040736918461,0.05518485121731298,8317.083486328125,8297.027697753907,53.37338144720529,13.449999809265137,14.6899995803833,74.11000061035156,0
2023-02-16,8548.86328125,-0.0045504615448644925,0.004867284369384661,0.04538871904344344,8319.917529296876,8302.951579589844,53.74932497868941,12.859999656677246,14.130000114440918,77.13999938964844,0
2023-02-17,8551.4365234375,0.00030100401689003853,-0.003050391053005974,0.040970015561047735,8322.345751953126,8310.03059326172,49.43923694754625,12.890000343322754,13.600000381469728,78.47000122070312,0
2023-02-20,8440.6572265625,-0.012954466371980833,-0.012219892232815388,0.03705104852057439,8323.905009765625,8316.508688964845,38.28227284629484,13.09000015258789,13.039999961853027,78.05999755859375,0
2023-02-21,8417.548828125,-0.002737748710465171,-0.016058790109733212,0.03495873586571463,8324.101103515624,8323.490485839844,43.46795398466421,13.380000114440918,12.75,79.72000122070312,0
2023-02-22,8406.9658203125,-0.0012572552923173497,-0.0170840183454416,0.04410862025783935,8324.843818359375,8330.02848388672,34.17721137441902,14.010000228881836,13.68000030517578,80.13999938964844,1
2023-02-23,8443.1806640625,0.004307718685200301,-0.008912411382273167,0.04970760908430316,8325.905009765625,8335.99713623047,30.550807232574883,15.59000015258789,13.449999809265137,79.05999755859375,0
2023-02-24,8408.470703125,-0.004111005356694508,-0.020898100113792784,0.0348060542520372,8327.387548828125,8342.368312988281,30.48086686127681,15.079999923706056,12.859999656677246,78.58999633789062,1
2023-02-27,8380.99609375,-0.0032674918359160143,-0.019636199805438292,0.021151240597607757,8330.230380859375,8349.290805664063,37.39712855329851,14.1899995803833,12.890000343322754,78.48999786376953,1
2023-02-28,8373.373046875,-0.0009095633490014965,-0.02082263910566018,0.029146492228290244,8330.628447265624,8356.906791992187,26.749072764628963,13.880000114440918,13.09000015258789,76.33999633789062,1
2023-03-01,8509.1064453125,0.0162101219756543,0.008109465520598658,0.03358767759862635,8335.284931640625,8364.499016113281,46.68407122666138,14.020000457763672,13.380000114440918,76.33999633789062,0
2023-03-02,8299.97265625,-0.024577644010753685,-0.013967982161523174,0.006439829343279024,8339.136455078125,8369.670122070313,32.811963032260536,13.0,14.010000228881836,76.16000366210938,1
2023-03-03,8350.9453125,0.006141304117624591,-0.006663582201933749,0.01171520762221423,8344.31912109375,8374.933325195312,37.219198771025745,12.970000267028809,15.59000015258789,73.94999694824219,0
2023-03-06,8380.267578125,0.0035112510653265705,-0.0074513490165244445,0.0227080580832415,8353.83103515625,8381.124423828125,41.16962376911619,12.18000030517578,15.079999923706056,75.38999938964844,0
2023-03-08,8440.900390625,0.007235188129108172,0.003856787832768216,0.03288564903766722,8362.31865234375,8386.740705566406,40.54927687415815,12.270000457763672,14.1899995803833,76.31999969482422,0
2023-03-09,8293.37109375,-0.01747790994416376,-0.010455201150295856,-0.018031180969507288,8366.91099609375,8390.120190429687,35.58805901743375,12.449999809265137,13.880000114440918,75.68000030517578,0
2023-03-10,8351.236328125,0.006977287489113859,-0.002643703872510672,-0.02078194394284405,8370.415947265625,8394.246198730469,39.37008118985816,12.729999542236328,14.020000457763672,77.05000305175781,0
2023-03-13,8270.5068359375,-0.009666771363615045,-0.028040501186401334,-0.025075781401450614,8372.019873046875,8398.042829589844,40.66782215975799,13.40999984741211,13.0,77.69000244140625,1
2023-03-14,8264.439453125,-0.0007336168064253634,-0.004281122914090885,-0.034575020882135266,8374.302470703125,8401.723520507812,41.442500616770474,16.219999313354492,12.970000267028809,78.16000366210938,1
2023-03-15,8228.3212890625,-0.0043703102028103125,-0.01468384941450307,-0.04725526484181475,8375.693779296875,8404.558322753906,40.292397660818715,16.219999313354492,12.18000030517578,79.68000030517578,1
2023-03-16,8191.91259765625,-0.004424801867501937,-0.022476010307882377,-0.03779269201232627,8376.75595703125,8406.868911132813,36.34888692111754,16.299999237060547,12.270000457763672,80.45999908447266,1
2023-03-17,8074.8212890625,-0.014293525132000329,-0.04336967439742456,-0.062377837844519,8374.69861328125,8408.823361816407,33.362486328446465,16.219999313354492,12.449999809265137,76.66000366210938,1
2023-03-20,7980.4013671875,-0.011693128367174288,-0.03773733540011959,-0.08081815973112694,8370.0091796875,8410.435688476562,31.274450639494063,14.770000457763672,12.729999542236328,75.72000122070312,1
2023-03-21,7988.9462890625,0.0010707383603703047,-0.043381605408817414,-0.07629099605480372,8367.006201171875,8412.158256835937,32.0456861172912,16.010000228881836,13.40999984741211,76.68000030517578,1
2023-03-22,8012.248046875,0.0029167498402637992,-0.03122647670639711,-0.05820859783595134,8364.586728515626,8415.060024414062,24.07166000939729,15.079999923706056,16.219999313354492,74.80000305175781,1
2023-03-23,8110.1142578125,0.012214575780098436,-0.018673401407054313,-0.054500934938652934,8365.752783203125,8418.424599609374,38.79058343279193,14.8100004196167,16.219999313354492,71.33000183105469,1
2023-03-24,8003.0244140625,-0.013204480275581854,-0.027380660900963583,-0.0634345044472906,8364.945986328124,8420.776994628906,30.735006094138484,14.489999771118164,16.299999237060547,67.61000061035156,1
2023-03-27,8037.4423828125,0.00430062023670974,-0.018856428581518925,-0.06049006141263791,8363.18185546875,8422.900952148437,31.123686250977272,15.239999771118164,16.219999313354492,68.3499984741211,1
2023-03-28,7969.916015625,-0.008401474495406736,-0.012991652654851471,-0.06818250583642305,8358.4321875,8424.506906738281,24.262489647105042,15.449999809265137,14.770000457763672,66.73999786376953,1
2023-03-29,8053.8994140625,0.010537551245565213,0.009209818340365272,-0.05460749131805631,8356.78556640625,8426.507458496093,35.937100353839185,15.100000381469728,16.010000228881836,67.63999938964844,1
2023-03-31,8050.84130859375,-0.00037970494930816834,0.007747582383422547,-0.06254129921664109,8353.150537109375,8428.654279785156,31.145735327018016,13.630000114440918,15.079999923706056,69.33000183105469,1
2023-04-03,8255.603515625,0.02543364093050493,0.030372932456193213,-0.03430394848730345,8353.325322265626,8432.258718261719,49.19061428668409,12.9399995803833,14.8100004196167,70.9000015258789,1
2023-04-05,8201.232421875,-0.006585962328144124,0.0112351270482689,-0.040952663403706735,8352.265068359375,8435.389709472656,46.73840851025231,12.59000015258789,14.489999771118164,69.95999908447266,1
2023-04-06,8268.80859375,0.008239758172778444,0.033210467185440296,-0.020359627005311576,8353.757373046876,8438.95431640625,52.023519466473,12.40999984741211,15.239999771118164,69.26000213623047,1
2023-04-10,8286.76953125,0.0021721312443458984,0.031020707404468384,-0.015536505881383889,8356.0496875,8443.3101953125,54.82992926668574,11.800000190734863,15.449999809265137,72.80999755859375,1
2023-04-11,8407.5498046875,0.01457507331198582,0.054910715270339194,6.946434510157751e-05,8355.28755859375,8448.40115234375,66.87847698686733,12.270000457763672,15.100000381469728,73.19999694824219,1
2023-04-12,8370.1689453125,-0.004446106207323219,0.03926911859586646,-0.008647418745966973,8352.1214453125,8452.728166503906,70.98638457809228,11.979999542236328,13.630000114440918,72.97000122070312,1
2023-04-13,8418.4716796875,0.005770819524742121,0.045663596759922376,0.0011893930437056888,8350.82626953125,8457.286323242188,72.17757021598013,12.270000457763672,12.9399995803833,75.66999816894531,1
2023-04-17,8422.2099609375,0.00044405699659466613,0.020181013416786797,0.00491753804995021,8348.0621484375,8459.508466796875,71.60390330861087,11.90999984741211,12.59000015258789,80.41999816894531,1
2023-04-18,8478.5224609375,0.006686190472712017,0.03381077681969957,0.012557593394425748,8344.903828125,8461.567514648437,70.3033254936574,12.270000457763672,12.40999984741211,80.61000061035156,1
2023-04-19,8427.35546875,-0.006034894926944867,0.01917408937483911,-0.009607469020150194,8343.17759765625,8462.958146972656,74.9214242288677,12.079999923706056,11.800000190734863,80.69999694824219,1
2023-04-20,8461.0458984375,0.003997746364494681,0.021030676252101754,0.019406478654626635,8340.15810546875,8464.319736328125,74.89997416836485,12.149999618530272,12.270000457763672,79.73999786376953,1
2023-04-21,8309.3916015625,-0.017923823921461746,-0.011675007035970575,-0.004975928997559276,8332.70453125,8464.830458984376,68.15885755120291,11.9399995803833,11.979999542236328,81.52999877929688,1
2023-04-24,8219.77734375,-0.010784695451788395,-0.01796757061238563,-0.019150967779826944,8324.1246875,8465.077094726563,58.81983056022299,11.630000114440918,12.270000457763672,83.26000213623047,1
2023-04-25,8222.4482421875,0.0003249356187891017,-0.023284919752474154,-0.02588019504176675,8318.42455078125,8465.665756835937,59.128203822900105,11.670000076293944,11.90999984741211,82.16000366210938,1
2023-04-26,8259.341796875,0.004486930607626949,-0.0193379368144333,-0.0041031923557171,8312.05935546875,8466.242365722655,50.24208113891967,11.520000457763672,12.270000457763672,80.83000183105469,1
2023-04-27,8294.3427734375,0.004237744050711534,-0.021723087760698645,-0.006812590669467267,8307.04466796875,8467.450446777344,56.18473577760509,11.649999618530272,12.079999923706056,80.86000061035156,1
2023-04-28,8339.5859375,0.005454701511419469,-0.01041483672730592,0.008352462906182856,8302.7377734375,8467.527868652343,54.84504104607321,11.43000030517578,12.149999618530272,79.16000366210938,1
2023-05-02,8521.435546875,0.021805592116664885,0.007137373932536217,0.031096615228129343,8302.10474609375,8468.628591308594,63.12011199416442,10.949999809265137,11.9399995803833,77.29000091552734,1
2023-05-03,8541.2900390625,0.002329946882574374,0.0279079923801393,0.038035552940308026,8302.54841796875,8470.45771484375,58.428584440937755,11.899999618530272,11.630000114440918,77.87000274658203,1
2023-05-04,8544.494140625,0.000375130869909146,0.03950433001958409,0.043040198337763735,8301.679453125,8472.149970703125,61.48090407078826,11.84000015258789,11.670000076293944,78.76000213623047,1
2023-05-05,8688.236328125,0.016822784957692738,0.05664834514222261,0.07596639196131583,8304.4669140625,8474.98510498047,65.78243426532914,11.729999542236328,11.520000457763672,77.06999969482422,1
2023-05-08,8812.1220703125,0.0142590207619544,0.06692788445280828,0.10422041008422611,8309.680625,8478.340803222656,69.99993989048046,12.300000190734863,11.649999618530272,74.30000305175781,1
2023-05-09,8846.3955078125,0.0038893511944717574,0.06655774296463135,0.10732945093446378,8317.795390625,8481.252727050782,69.30597267350683,12.640000343322754,11.43000030517578,74.76000213623047,1
2023-05-10,8901.3486328125,0.006211922692295424,0.06736098165095505,0.11096768107226462,8327.47138671875,8483.425192871095,74.77669433080786,12.68000030517578,10.949999809265137,76.77999877929688,1
2023-05-11,8991.400390625,0.010116642042369506,0.055150900475019915,0.10866506991113645,8339.160078125,8486.401184082031,76.18021964884338,13.079999923706056,11.899999618530272,71.66000366210938,1
2023-05-12,9024.8955078125,0.003725239198826502,0.056619722142474016,0.1276856149475718,8350.794375,8489.491364746094,89.9842393522854,13.220000267028809,11.84000015258789,68.5999984741211,1
2023-05-15,8939.3583984375,-0.009477905788599306,0.046212713276390316,0.11221430557980527,8361.41212890625,8491.99373779297,90.39615977965661,12.850000381469728,11.729999542236328,68.55999755859375,1
2023-05-16,8807.365234375,-0.014765395700609862,0.013711517706345377,0.10507629153283204,8369.93951171875,8493.604899902344,78.67303297311426,13.170000076293944,12.300000190734863,71.33999633789062,1
2023-05-17,8854.0185546875,0.005297080235802332,0.00475441488902506,0.09934555914964038,8379.552421875,8495.285593261719,78.87516821549792,13.289999961853027,12.640000343322754,73.16000366210938,1
2023-05-18,8789.8408203125,-0.007248430074841328,-0.006392963942213004,0.0917915884057876,8385.167109375,8497.655036621094,73.39651839664751,13.109999656677246,12.68000030517578,73.70999908447266,1
2023-05-19,8840.958984375,0.0058155961077668294,-0.006784325716093109,0.07090401902684951,8395.9868359375,8500.741853027344,73.54330376468343,12.800000190734863,13.079999923706056,72.55999755859375,1
2023-05-22,8890.18359375,0.0055677907184046305,-0.011257067028239032,0.08400580991185813,8406.7716015625,8503.436989746093,69.77913876480301,12.300000190734863,13.220000267028809,70.87000274658203,1
2023-05-23,8932.951171875,0.004810651846950176,-0.010187856009846064,0.08031901701376842,8417.8252734375,8506.042365722657,70.50416206969537,12.56999969482422,12.850000381469728,70.04000091552734,1
2023-05-24,9000.962890625,0.007613577802163762,0.006891377372034713,0.0861847740161863,8429.0265234375,8508.734611816406,72.37844731999058,12.609999656677246,13.170000076293944,71.11000061035156,1
2023-05-25,9011.7392578125,0.0011972460411679986,0.023204899308573168,0.0718627266160401,8443.39388671875,8510.372224121094,68.23745740223848,13.109999656677246,13.289999961853027,70.86000061035156,1
2023-05-26,9126.40234375,0.012723746510763245,0.030763860204279236,0.09034864210966842,8458.89720703125,8511.764978027344,67.9037029866672,12.520000457763672,13.109999656677246,72.83000183105469,1
2023-05-29,9061.88671875,-0.007069119086578701,0.030950036980058604,0.07642896045073866,8474.7248046875,8513.580798339844,61.86706018635538,11.899999618530272,12.800000190734863,71.86000061035156,1
2023-05-30,9110.2861328125,0.005340986437444295,0.03046356723444754,0.08169781744534044,8491.64173828125,8515.60342529297,61.58980648264714,12.300000190734863,12.300000190734863,71.55000305175781,1
2023-05-31,9095.091796875,-0.0016678220328091298,0.023048815692519042,0.0727213189300584,8508.9771484375,8518.159318847656,56.27271481301189,12.010000228881836,12.56999969482422,71.98999786376953,1
2023-06-01,9056.837890625,-0.004205994519279499,0.013868509562668496,0.07469513113683446,8526.275654296875,8520.131940917969,51.921262821047485,11.970000267028809,12.609999656677246,72.91000366210938,1
2023-06-02,9209.3173828125,0.016835842048728233,0.02314802257484172,0.08843723262548231,8548.965576171875,8523.072067871093,65.02729982843836,11.600000381469728,13.109999656677246,74.33999633789062,1
2023-06-05,9303.251953125,0.010199949291335386,0.03234810583981118,0.11960687366998246,8575.422587890625,8526.801530761719,78.82492785082889,11.130000114440918,12.520000457763672,71.83000183105469,1
2023-06-06,9452.8671875,0.016082036166369162,0.03577147176439932,0.15001499337297663,8604.701005859375,8531.835642089844,81.08861167638533,11.140000343322754,11.899999618530272,72.66999816894531,0
2023-06-07,9425.0029296875,-0.002947704358879255,0.040070707371145264,0.14625263085633877,8632.956103515626,8535.252238769532,84.26572763423253,11.380000114440918,12.300000190734863,72.66999816894531,1
2023-06-08,9377.525390625,-0.005037403109228955,0.029333794122007317,0.13538410459936112,8658.304326171876,8538.71956298828,79.06083987246835,11.4399995803833,12.010000228881836,69.45999908447266,1
2023-06-09,9347.62109375,-0.003188932647934628,0.02776544783877455,0.12698755634811798,8685.196259765626,8542.021096191405,75.30473772351574,11.260000228881836,11.970000267028809,68.08999633789062,1
2023-06-12,9272.5244140625,-0.008033774468855115,0.02381477134097354,0.11186868071799871,8709.897900390624,8545.766340332031,68.1359821833715,11.119999885559082,11.600000381469728,70.0999984741211,1
2023-06-13,9240.53125,-0.0034503186655383544,0.0033893790266970036,0.08438668569038321,8735.310205078125,8550.084411621094,63.3068698116237,11.25,11.130000114440918,71.73999786376953,1
2023-06-14,9255.095703125,0.0015761488956600456,-0.0051762813952194175,0.08357117728094954,8759.334130859375,8554.026262207031,63.46063473166453,11.109999656677246,11.140000343322754,72.1500015258789,1
2023-06-15,9315.630859375,0.006540738009825242,-0.014517957927778213,0.09024954620585568,8784.629921875,8558.350891113281,61.13334038132711,11.15999984741211,11.380000114440918,71.73999786376953,1
2023-06-16,9324.2236328125,0.0009224038143216262,-0.010692760270403556,0.07320096745397264,8806.00232421875,8562.56362060547,66.52192792010422,11.079999923706056,11.4399995803833,72.52999877929688,1
2023-06-19,9254.6103515625,-0.007465852814279028,-0.013107406692322243,0.05021358961205458,8827.0698828125,8566.502556152343,58.85295238186519,10.84000015258789,11.260000228881836,71.29000091552734,1
2023-06-20,9215.87109375,-0.004185941529775916,-0.014094495131824591,0.041765664400964964,8846.0111328125,8569.696325683593,57.20069586116312,11.229999542236328,11.119999885559082,70.16999816894531,1
2023-06-21,9166.1123046875,-0.005399249680938523,-0.011476066777847183,0.029744219982466236,8863.59798828125,8571.437150878906,56.426629357905654,11.130000114440918,11.25,67.12000274658203,1
2023-06-22,9129.4130859375,-0.004003793269173883,-0.01202508395418278,0.015349410471855007,8878.03525390625,8573.27481689453,44.559808726965194,11.289999961853027,11.109999656677246,69.41999816894531,1
2023-06-23,9055.8662109375,-0.008056035399831796,-0.021526464833878434,0.003431696588419131,8891.74919921875,8575.25399169922,32.67609216877274,11.550000190734863,11.15999984741211,68.2699966430664,1
2023-06-26,9194.6083984375,0.015320697575283315,-0.012991332821620571,0.02855350335261364,8907.27193359375,8577.779060058594,31.6350070763594,11.239999771118164,11.079999923706056,70.62000274658203,1
2023-06-27,9185.67578125,-0.0009715059957331462,-0.014858915553563334,0.042953884255697794,8922.54125,8580.557048339844,32.51034445353167,11.399999618530272,10.84000015258789,71.77999877929688,1
2023-06-28,9263.0087890625,0.008418869733063605,0.0009074868828575777,0.046192610942572765,8938.2309765625,8584.22583251953,41.98121142413247,10.779999732971191,11.229999542236328,71.77999877929688,0
2023-06-30,9504.1796875,0.026035913808293953,0.03128392214009201,0.08126869209471121,8959.7674609375,8589.072556152343,58.45971508961232,10.890000343322754,11.130000114440918,70.5,0
2023-07-03,9391.5068359375,-0.011855084317343945,0.024589981418265516,0.062272413268233295,8978.3766796875,8592.601774902343,56.178372501531435,10.800000190734863,11.289999961853027,72.52999877929688,0
2023-07-04,9366.6513671875,-0.002646590071668564,0.02598614818026257,0.0535948181961583,8999.521875,8596.09579345703,56.59791865698711,11.539999961853027,11.550000190734863,69.51000213623047,0
2023-07-05,9701.5146484375,0.03575058664220876,0.0712961546097266,0.08603690558415766,9029.15662109375,8601.269714355469,67.49214230558185,11.699999809265137,11.239999771118164,69.16000366210938,0
2023-07-06,9572.4833984375,-0.013300113917859346,0.041097454467361016,0.06349548540054206,9056.15732421875,8605.600895996095,59.55160474745809,11.880000114440918,11.399999618530272,69.37000274658203,0
2023-07-07,9563.5986328125,-0.0009281568068794099,0.041142629084941706,0.06123783203354227,9082.2424609375,8608.71020263672,58.899732775647735,11.84000015258789,10.779999732971191,67.69999694824219,0
2023-07-10,9452.96484375,-0.011568217499521305,0.020506949633017246,0.03578217217473845,9105.41490234375,8611.363908691406,57.1563463401744,11.529999732971191,10.890000343322754,69.55999755859375,0
2023-07-11,9612.046875,0.016828797512685068,0.011349447405952118,0.0607114360756309,9130.86412109375,8614.370305175782,63.151438448710934,11.460000038146973,10.800000190734863,70.63999938964844,0
2023-07-12,9549.568359375,-0.006500021945117673,0.016830262299619703,0.04821826890599379,9151.42677734375,8616.967214355469,62.622598578740515,11.010000228881836,11.539999961853027,69.79000091552734,0
2023-07-13,9366.7978515625,-0.01913913811958534,1.5638926790018104e-05,0.02987392109454645,9167.93693359375,8618.90731201172,57.12868000267456,10.9399995803833,11.699999809265137,69.79000091552734,0
2023-07-14,9324.17578125,-0.004550335236004899,-0.038894840739973846,0.02951779570900004,9183.53056640625,8619.886955566406,58.209839173222115,10.9399995803833,11.880000114440918,71.79000091552734,1
2023-07-17,9407.576171875,0.008944532211920597,-0.0172272146838528,0.02152806563410592,9197.91736328125,8621.567097167968,56.74490186630014,10.68000030517578,11.84000015258789,71.80000305175781,1
2023-07-18,9384.37109375,-0.0024666372826588345,-0.018740596081434635,0.00871943929216612,9209.36234375,8625.599729003907,56.23649796841168,11.31999969482422,11.529999732971191,73.86000061035156,1
2023-07-19,9327.9609375,-0.006011074763184632,-0.013223777758218258,-0.013213583510955251,9218.99365234375,8629.645949707032,52.06580151334535,11.710000038146973,11.460000038146973,72.98999786376953,1
2023-07-20,9488.1123046875,0.01716895774548788,-0.012893671028055609,0.006695952825777285,9230.72892578125,8634.722541503907,49.46120993131597,11.600000381469728,11.010000228881836,74.83000183105469,1
2023-07-21,9485.732421875,-0.00025082785026941945,-0.006684693495840666,0.011538975021936793,9240.61556640625,8640.28190673828,53.412070242243665,11.789999961853027,10.9399995803833,75.75,1
2023-07-24,9412.6728515625,-0.0077020484094636465,0.004897618239124046,0.00695917786569189,9248.37111328125,8644.489055175782,51.6102996853618,11.489999771118164,10.9399995803833,76.88999938964844,1
2023-07-25,9474.615234375,0.006580743194768202,0.016134343308662036,0.021794584871193567,9259.07625,8650.370759277344,40.186450886427316,11.649999618530272,10.68000030517578,75.41999816894531,1
2023-07-26,9472.4306640625,-0.00023057087369349194,0.006893857780433388,0.02509589630601594,9272.37755859375,8655.544919433594,45.139319825487284,10.239999771118164,11.31999969482422,74.1500015258789,1
2023-07-27,9469.7607421875,-0.0002818623824959454,0.009099133824148176,0.02319425384115892,9284.69240234375,8660.645046386719,45.413549051016574,10.460000038146973,11.710000038146973,75.75,1
2023-07-28,9388.884765625,-0.008540445610436542,0.006531312527272348,0.007863547553119243,9296.67328125,8664.971374511719,46.7741650033921,10.510000228881836,11.600000381469728,75.3499984741211,1
2023-07-31,9534.9560546875,0.015557895608358407,0.004937099024097558,0.02260053278145535,9310.55322265625,8669.623674316406,46.067684386603396,10.140000343322754,11.789999961853027,75.62999725341797,1
2023-08-01,9433.9833984375,-0.010589734831589537,-0.0054554589077551174,0.019382020426685465,9321.42921875,8674.636418457032,44.326928146554,10.40999984741211,11.489999771118164,77.06999969482422,1
2023-08-02,9372.865234375,-0.006478510877242272,-0.004229151253343777,0.017035192769945473,9330.2275,8679.33168701172,50.33818023869113,10.279999732971191,11.649999618530272,78.73999786376953,1
2023-08-03,9353.1669921875,-0.002101624390720591,-0.012818276962516806,0.020407200051906438,9337.27158203125,8684.108322753906,51.658271134899394,11.279999732971191,10.239999771118164,79.62999725341797,1
2023-08-04,9281.3310546875,-0.0076803865001023874,-0.02017429487238309,0.01664049674606205,9342.66341796875,8688.682331542968,42.68208047984947,11.1899995803833,10.460000038146973,78.77999877929688,1
2023-08-07,9333.6640625,0.005638523990163069,-0.014371712590498076,0.03067601100676387,9346.80865234375,8693.001008300782,47.156731325237864,10.56999969482422,10.510000228881836,80.08999633789062,1
2023-08-08,9352.0400390625,0.0019687848672773622,-0.003924292126515128,0.017122169189038416,9352.61171875,8697.005969238282,51.410330180962916,11.100000381469728,10.140000343322754,80.58000183105469,1
2023-08-09,9274.17578125,-0.008325911510993267,-0.027349918755975478,0.009634566046914816,9355.88951171875,8701.048806152343,36.13290374037055,11.329999923706056,10.40999984741211,81.80000305175781,1
2023-08-10,9209.9833984375,-0.006921626711268614,-0.023743946807994187,-0.005724424086438362,9358.18734375,8704.828688964844,33.45229848884951,11.140000343322754,10.279999732971191,81.37000274658203,1
2023-08-11,9170.046875,-0.0043362210016877345,-0.02163888568792849,-0.035156407337232354,9360.4515234375,8708.428791503906,34.83722763962683,11.399999618530272,11.279999732971191,79.48999786376953,1
2023-08-14,9135.55078125,-0.0037618230550211518,-0.023266580305822626,-0.02725399226757308,9358.97619140625,8711.554709472657,28.05763124898884,11.520000457763672,11.1899995803833,81.55000305175781,1
2023-08-16,9231.49609375,0.010502411381360766,-0.005369376509022472,-0.014429412192169866,9357.54107421875,8713.997458496095,36.09542155528929,12.0,10.56999969482422,82.81999969482422,1
2023-08-17,9188.12890625,-0.004697742062563459,-0.01559249993094558,-0.05291810204813585,9352.24630859375,8716.043996582031,34.47596121237699,12.130000114440918,11.100000381469728,81.94000244140625,1
2023-08-18,9267.2666015625,0.008613037117782385,-0.009064700016885086,-0.031884808170554835,9349.09158203125,8716.298796386718,43.2833228882731,12.239999771118164,11.329999923706056,82.91999816894531,1
2023-08-21,9250.3603515625,-0.00182429736046974,-0.0025679295119301893,-0.032753181441061985,9346.54828125,8716.298908691406,31.6668931364556,12.140000343322754,11.140000343322754,84.4000015258789,1
2023-08-22,9302.4013671875,0.0056258365779457975,0.010034542382093559,-0.01592764588160378,9345.64388671875,8716.913601074219,40.95342835120625,11.960000038146973,11.399999618530272,82.81999969482422,1
2023-08-23,9409.2744140625,0.011488758940457533,0.026087929791798414,-0.021095658768049863,9348.37888671875,8719.155891113282,52.35504797518808,11.75,11.520000457763672,83.19000244140625,1
2023-08-24,9382.5673828125,-0.002838373085398138,0.027039048600056237,-0.017487803665864332,9351.219609375,8721.217556152344,51.884612110194645,11.729999542236328,12.0,82.51000213623047,1
2023-08-25,9315.92578125,-0.00710270428588422,0.00914582930465202,-0.00543110581851769,9352.4362109375,8722.992619628907,52.232443884836776,11.699999809265137,12.130000114440918,79.37999725341797,1
2023-08-28,9406.0888671875,0.009678381736248909,0.023721909342090175,0.008785021631855017,9354.24537109375,8724.71460205078,54.456102317968735,12.079999923706056,12.239999771118164,80.38999938964844,1
2023-08-29,9429.1689453125,0.002453738046799936,0.017470344893574463,0.002295253638450845,9356.34427734375,8726.939377441406,54.718221007254755,12.399999618530272,12.140000343322754,81.25,1
2023-08-30,9600.822265625,0.018204501511009052,0.03788629855952608,0.023065069540904704,9363.268515625,8730.78093017578,67.92514104916572,12.229999542236328,11.960000038146973,80.72000122070312,1
2023-08-31,9804.0810546875,0.021170977176637518,0.05393012703897959,0.051042250324335736,9375.03271484375,8735.685861816406,78.28478759768349,11.800000190734863,11.75,80.3499984741211,1
2023-09-01,10124.994140625,0.032732602285460155,0.0760653473441939,0.06712418819314103,9394.2103515625,8741.88079345703,85.86835317489428,12.0600004196167,11.729999542236328,78.88999938964844,1
2023-09-04,10155.5712890625,0.003019967025443826,0.08238724804322017,0.0706154082148458,9414.733515625,8748.180788574218,88.42566397791511,11.369999885559082,11.699999809265137,79.05000305175781,1
2023-09-05,10057.2236328125,-0.009684108697648575,0.07957318134226621,0.06847691313769655,9434.7606640625,8754.121330566406,81.05016308271499,10.960000038146973,12.079999923706056,79.83000183105469,1
2023-09-06,9975.6357421875,-0.00811236715059338,0.060550871147605934,0.05288030124904064,9450.3812109375,8760.374826660156,78.7855077078382,10.81999969482422,12.399999618530272,80.0999984741211,1
2023-09-07,10075.501953125,0.010011012181926349,0.06854612655273407,0.06366594915817059,9468.177734375,8767.799519042968,79.1021862339067,10.68000030517578,12.229999542236328,81.16000366210938,1
2023-09-08,10125.7294921875,0.004985115311989086,0.054673153198751434,0.06926983351096494,9485.4321484375,8775.392092285156,80.78085853369083,10.869999885559082,11.800000190734863,81.62999725341797,1
2023-09-11,10323.548828125,0.01953630462774325,0.05298485095542271,0.09955006220994789,9501.81953125,8783.932258300782,82.56800268603368,10.779999732971191,12.0600004196167,83.62999725341797,0
2023-09-12,10293.9033203125,-0.0028716392304684035,0.01668239777144942,0.07959630451069488,9519.8674609375,8792.02928466797,79.67580883990932,11.350000381469728,11.369999885559082,85.55000305175781,1
2023-09-13,10264.306640625,-0.0028751658886380094,0.010706965513560762,0.08801406649973775,9537.82056640625,8799.82007080078,79.52163816954929,11.6899995803833,10.960000038146973,85.55000305175781,0
2023-09-14,10278.76171875,0.0014082858814630228,0.022027757761566846,0.09665096656384464,9549.3655078125,8807.428757324218,83.40416593259158,11.829999923706056,10.81999969482422,86.69000244140625,0
2023-09-15,10315.12109375,0.003537330273322148,0.034031450259034424,0.10284795538944191,9564.21826171875,8815.38477783203,82.76056972516778,11.31999969482422,10.68000030517578,87.54000091552734,0
2023-09-18,10312.0341796875,-0.0002992610590263345,0.023475974463896376,0.11105121872357393,9579.18697265625,8823.690422363281,82.28275432577352,10.899999618530272,10.869999885559082,86.87000274658203,0
2023-09-20,10140.1845703125,-0.016664957309151185,0.0014275591833805557,0.08640984959517328,9592.9313671875,8830.826374511718,69.71943276733364,10.84000015258789,10.779999732971191,87.51000213623047,0
2023-09-21,10078.9814453125,-0.006035701280939665,-0.02369024323750102,0.07773078421538426,9602.27005859375,8837.733981933594,61.21552446794608,11.130000114440918,11.350000381469728,87.29000091552734,1
2023-09-22,10324.82421875,0.02439162873465106,0.00300380695984237,0.11328752681441956,9617.77517578125,8846.561604003906,58.68475378498501,10.81999969482422,11.6899995803833,88.83999633789062,0
2023-09-25,10376.814453125,0.005035459517130025,0.0109610728166194,0.12669198240742285,9637.9755078125,8855.764709472656,59.4396847341215,10.65999984741211,11.829999923706056,88.5199966430664,0
2023-09-26,10345.89453125,-0.002979712320642758,0.006531215951580904,0.12822700606424098,9658.4098828125,8865.17584716797,63.06853399377696,10.899999618530272,11.31999969482422,90.16000366210938,0
2023-09-27,10467.5166015625,0.011755587682161117,0.014773991156035615,0.14580027545205643,9679.60869140625,8875.47762451172,71.48919068357748,11.1899995803833,10.899999618530272,90.7699966430664,0
2023-09-28,10354.419921875,-0.010804537885387044,0.004110318240700739,0.12164050298252871,9699.00966796875,8885.09959716797,62.046056516237876,11.59000015258789,10.84000015258789,91.4800033569336,0
2023-09-29,10398.7666015625,0.004282874368829903,0.025500722344547144,0.13176106992676107,9720.42578125,8895.279958496094,61.85227702424293,12.81999969482422,11.130000114440918,90.27999877929688,0
2023-10-03,10140.33203125,-0.024852425312985482,0.006086982724433199,0.09420959461124134,9733.47017578125,8903.942897949219,42.444351728648435,11.449999809265137,10.81999969482422,89.62999725341797,1
2023-10-04,9927.6142578125,-0.0209773972668702,-0.038471353363688454,0.07321378632948106,9742.3078125,8911.731818847657,36.87626573287595,11.789999961853027,10.65999984741211,90.02999877929688,1
2023-10-05,10006.3125,0.00792720588690976,-0.03570478732164495,0.07566983029730534,9754.18060546875,8919.812775878907,41.07053770244455,11.65999984741211,10.899999618530272,89.68000030517578,1
2023-10-06,10096.3759765625,0.009000665985846368,-0.024117639507518995,0.07302386265545646,9766.6158203125,8928.622937011718,44.001382396415025,10.9399995803833,11.1899995803833,90.38999938964844,1
2023-10-09,10040.26953125,-0.0055570875572328315,-0.040816469328429306,0.07009831335102534,9777.97259765625,8937.630012207032,41.076123474733954,10.300000190734863,11.59000015258789,93.68000030517578,1
2023-10-10,10167.87109375,0.012708977792164289,-0.01801634756292747,0.09145041861697689,9791.9348046875,8946.702019042968,45.66945995783954,11.399999618530272,12.81999969482422,91.70999908447266,1
2023-10-11,10204.2294921875,0.003575812291704672,-0.018707709945693818,0.08485361304465866,9808.24169921875,8956.341755371093,52.09433747759785,11.270000457763672,11.449999809265137,90.79000091552734,1
2023-10-12,10369.66015625,0.016211970162877565,0.02261544536147997,0.09974274683083761,9824.93578125,8967.65307373047,58.89889364378835,10.989999771118164,11.789999961853027,89.2300033569336,0
2023-10-13,10513.3818359375,0.013859825444797913,0.05900386164420435,0.09505014727538996,9846.52375,8979.760922851563,56.15755283492415,10.619999885559082,11.65999984741211,84.22000122070312,0
2023-10-16,10490.79296875,-0.0021485824009820353,0.048417483338642375,0.07004347579666037,9868.8823046875,8992.691528320312,53.79496510481561,10.619999885559082,10.9399995803833,82.30999755859375,0
2023-10-17,10536.16796875,0.004325221185392136,0.0435593913309511,0.04060978430350182,9892.54232421875,9005.289770507812,56.27483816946314,11.06999969482422,10.300000190734863,82.79000091552734,0
2023-10-18,10573.06640625,0.003502073771929126,0.05306599323272021,0.041109958790515266,9918.37703125,9017.836333007812,53.68684391315827,10.699999809265137,11.399999618530272,86.37999725341797,0
2023-10-19,10556.6513671875,-0.0015525334308689187,0.03823615286355042,0.049658608837689355,9942.83677734375,9029.739645996095,57.575591293767665,10.970000267028809,11.270000457763672,85.97000122070312,0
2023-10-20,10511.5205078125,-0.004275111283420507,0.03011408317112685,0.05371935979565845,9966.02638671875,9041.345695800781,54.22128204715727,10.899999618530272,10.989999771118164,83.48999786376953,0
2023-10-23,10342.9541015625,-0.016036348511589305,-0.002575403078316274,0.026544796446051677,9987.401953125,9052.30891845703,58.13303709952186,10.81999969482422,10.619999885559082,82.91000366210938,1
2023-10-25,10377.451171875,0.0033353208352040475,-0.012929299647222336,0.02485960936263565,10010.75130859375,9063.402395019531,71.07058919319971,10.90999984741211,10.619999885559082,87.69000244140625,1
2023-10-26,10216.0400390625,-0.01555402479271184,-0.026189910572626318,-0.010413937188886835,10031.671171875,9073.788576660156,59.11728021369216,11.3100004196167,11.06999969482422,86.66000366210938,1
2023-10-27,10349.86328125,0.013099326321726279,-0.01768239535024263,0.005436223674947227,10055.957421875,9084.649450683593,60.61571481270331,11.729999542236328,10.699999809265137,86.66000366210938,0
2023-10-30,10190.1181640625,-0.01543451472222801,-0.036219222264709305,-0.00722781179089782,10075.12986328125,9094.525676269532,55.774231300401524,10.90999984741211,10.970000267028809,88.31999969482422,0
2023-10-31,10184.8251953125,-0.0005194217245356736,-0.03522198081019534,-0.009138894937718578,10095.0637890625,9104.754326171875,50.72129466596758,11.489999771118164,10.899999618530272,89.37000274658203,0
2023-11-01,10023.560546875,-0.015833816029726333,-0.04642144403132087,-0.028265353768038515,10110.18966796875,9114.206020507812,43.05205559707518,11.829999923706056,10.81999969482422,88.75,1
2023-11-02,10097.8955078125,0.007416023536733762,-0.023693288333647256,-0.020765900126359926,10127.14037109375,9124.436440429687,38.761375448980395,12.050000190734863,10.90999984741211,85.48999786376953,1
2023-11-03,10071.140625,-0.0026495503733229286,-0.029516934534480233,-0.0068089436473021125,10142.51515625,9134.575322265626,29.752689104710782,11.079999923706056,11.3100004196167,85.38999938964844,0
2023-11-06,10079.51953125,0.000831971924729169,-0.013363348938580377,5.3386936013311015e-05,10155.92005859375,9144.344675292969,30.922267381074462,10.880000114440918,11.729999542236328,83.20999908447266,0
2023-11-07,10048.599609375,-0.003067598785749359,-0.029107985650474677,-0.026753444273983185,10169.240703125,9153.550676269531,27.075749617064417,11.109999656677246,10.90999984741211,85.54000091552734,0
2023-11-08,10116.2216796875,0.00672950191481525,-0.007251778947530818,-0.025112983817400902,10185.24662109375,9163.450632324219,29.123442432594302,11.1899995803833,11.489999771118164,82.30999755859375,0
2023-11-09,10192.71484375,0.007561436125514298,0.0007746474079035615,-0.014805842746348996,10200.979140625,9173.251242675782,34.23473501548729,11.039999961853027,11.829999923706056,81.0199966430664,0
2023-11-10,10181.39453125,-0.0011106278036357997,0.015746299295234634,-0.027334283880647514,10216.02365234375,9182.92389404297,35.26782095588395,10.979999542236328,12.050000190734863,80.44000244140625,0
2023-11-13,10190.8037109375,0.0009241543148750253,0.009200749111843987,-0.015801581563428813,10227.82328125,9192.60668701172,42.085950151269174,11.109999656677246,11.079999923706056,82.45999908447266,0
2023-11-15,10247.302734375,0.005544118505281581,0.01749177336852048,-0.014565560800714694,10236.68771484375,9202.87223388672,43.38185343063837,11.1899995803833,10.880000114440918,80.51000213623047,0
2023-11-16,10275.1845703125,0.002720895113595967,0.019412139483025115,0.013298631508999792,10239.6915234375,9213.387387695313,53.48015363150963,11.140000343322754,11.109999656677246,80.81999969482422,0
2023-11-17,10313.4052734375,0.003719709642533209,0.026352494313281793,0.03886039541890973,10242.848203125,9222.7261328125,47.582801652860454,11.649999618530272,11.1899995803833,77.37000274658203,0
2023-11-20,10355.302734375,0.004062427474406327,0.023633433732235698,0.03487700732662513,10248.80978515625,9231.8602734375,62.98028887548517,11.829999923706056,11.039999961853027,75.33000183105469,0
2023-11-21,10324.82421875,-0.002943276155879526,0.01296115676982823,0.022626756641968893,10255.7935546875,9241.0682421875,60.58232733102926,12.149999618530272,10.979999542236328,75.73999786376953,0
2023-11-22,10285.0341796875,-0.0038538224205542093,0.010179317589490866,0.024378294594151972,10259.98419921875,9249.691333007813,74.21047777329684,12.229999542236328,11.109999656677246,77.16999816894531,0
2023-11-23,10279.1044921875,-0.0005765355171799547,0.008664751451863406,0.010939694003976319,10263.05169921875,9257.904663085938,69.21232351930158,11.869999885559082,11.1899995803833,78.26000213623047,0
2023-11-24,10305.712890625,0.0025885911032155207,0.005700051785730853,0.009945228938176731,10262.69498046875,9266.864892578125,74.87778707608686,11.31999969482422,11.140000343322754,76.66000366210938,0
2023-11-28,10327.1748046875,0.0020825259048331546,0.005059785935642713,-0.004097082346222636,10263.36041015625,9275.4406640625,75.55611988850393,11.329999923706056,11.649999618530272,72.9000015258789,0
2023-11-29,10387.6435546875,0.00585530419922331,0.007198231746133654,-0.011959832070418397,10265.8271484375,9283.968530273438,82.97572845964906,12.18000030517578,11.829999923706056,75.88999938964844,0
2023-11-30,10396.9052734375,0.000891609218321765,0.004017510654169332,-0.008949532756215128,10268.19001953125,9292.709208984375,80.79557191776419,12.710000038146973,12.149999618530272,77.5999984741211,0
2023-12-01,10374.3642578125,-0.0021680504950438717,0.004798148424893789,-0.015356979066526444,10269.3748828125,9302.043754882812,72.60622589089742,12.6899995803833,12.229999542236328,77.7699966430664,0
2023-12-04,10387.83984375,0.001298931250399482,0.009995656044151646,-0.017518717407327355,10270.89099609375,9311.094946289062,75.55498068265888,12.380000114440918,11.869999885559082,77.0999984741211,0
2023-12-05,10507.845703125,0.011552532690153328,0.022253029056310547,-0.0046232145369694555,10278.24421875,9320.9087890625,80.80946117535858,12.989999771118164,11.31999969482422,77.0999984741211,0
2023-12-06,10413.6142578125,-0.00896772259269818,0.010470053681163272,-0.009314185319548529,10284.936875,9330.20220703125,65.05755012758462,13.460000038146973,11.329999923706056,75.54000091552734,0
2023-12-07,10483.099609375,0.006672549015378726,0.015098495729608974,0.0135498530145588,10288.1023828125,9339.852270507812,67.50549654749395,13.739999771118164,12.18000030517578,76.41000366210938,0
2023-12-08,10406.5576171875,-0.007301465696180953,0.001820823211773126,0.0028047778621580477,10288.69724609375,9349.289526367187,57.367575500115855,12.670000076293944,12.710000038146973,77.86000061035156,0
2023-12-11,10331.291015625,-0.007232612774678682,-0.006310941197101627,0.011281374791193288,10288.40517578125,9358.00626953125,48.19609109050357,12.470000267028809,12.6899995803833,75.95999908447266,0
2023-12-12,10132.001953125,-0.01928985082296064,-0.023361653655546877,-0.021049681740210158,10281.6948828125,9365.921962890625,38.444864241053764,12.760000228881836,12.380000114440918,74.06999969482422,0
2023-12-13,10172.8193359375,0.004028560495876299,-0.02069925134067896,-0.001697608197126499,10278.06287109375,9374.028876953125,43.283643156573156,12.710000038146973,12.989999771118164,73.04000091552734,0
2023-12-14,10146.5068359375,-0.0025865494246070098,-0.03438753074572065,-0.0037622991696152353,10273.01767578125,9382.558125,42.252706246448156,12.06999969482422,13.460000038146973,72.31999969482422,0
2023-12-15,10081.0400390625,-0.006452151260877836,-0.03193648338764765,0.0057344385678819165,10271.8318359375,9390.875581054688,37.443196517399365,12.31999969482422,13.739999771118164,69.37999725341797,0
2023-12-18,10113.576171875,0.003227457949420698,-0.035249444464835245,0.0015528645597855384,10275.55107421875,9399.4086328125,38.208093919047876,13.130000114440918,12.670000076293944,69.33999633789062,1
2023-12-19,10029.29296875,-0.008333669682479283,-0.03625258825400712,-0.004155205235256032,10276.01068359375,9407.339194335938,30.723779526235447,13.899999618530272,12.470000267028809,71.2300033569336,1
2023-12-20,9879.984375,-0.014887250199513202,-0.043683469949926446,-0.01979609798179094,10271.6828515625,9414.696762695312,25.834915191407106,13.869999885559082,12.760000228881836,71.31999969482422,1
2023-12-21,9812.9501953125,-0.006784846730843119,-0.03148950812372231,-0.023450970605162436,10267.13646484375,9421.856533203125,24.80311923646029,14.449999809265137,12.710000038146973,68.61000061035156,1
2023-12-22,10013.171875,0.020403821042844328,-0.015693531524099136,-0.010186590206343049,10264.04248046875,9430.05552734375,35.59856458611732,13.760000228881836,12.06999969482422,69.47000122070312,1
2023-12-26,10065.6044921875,0.005236364444957564,-0.007973418345657124,-0.012470706137770682,10261.26998046875,9437.838017578126,32.0697642191119,13.710000038146973,12.31999969482422,71.58000183105469,1
2023-12-27,10083.09765625,0.0017379149037772823,0.00020410762972145058,-0.009654559078159153,10255.53873046875,9446.753642578125,35.71034709878445,14.68000030517578,13.130000114440918,71.43000030517578,1
2023-12-28,10066.5341796875,-0.001642697227298262,-0.004651370730594739,-0.012194281704849708,10246.60177734375,9455.331586914062,31.126416194638665,15.5600004196167,13.899999618530272,72.47000122070312,1
2023-12-29,10096.6708984375,0.0029937531837731512,0.006718113619518462,-0.014699657055334159,10238.7193359375,9463.913603515624,35.34346265336701,15.140000343322754,13.869999885559082,73.44000244140625,1
2024-01-01,10078.0009765625,-0.0018491166110889967,0.020042197846340315,-0.019190272680814968,10229.55599609375,9472.099106445312,37.34265488556764,14.5,14.449999809265137,74.22000122070312,1
2024-01-02,9994.1591796875,-0.00831928842535179,0.01846631041310709,-0.030954479658840572,10217.9778515625,9480.603046875,42.21331235567285,14.5,13.760000228881836,73.88999938964844,1
2024-01-03,9876.45703125,-0.011777093632521107,-0.013653500155264231,-0.04624159383920712,10204.37396484375,9488.229150390625,34.59660072013652,14.579999923706056,13.710000038146973,73.55999755859375,1
2024-01-04,9815.3505859375,-0.006187081573802544,-0.024862282880699027,-0.04934453333232447,10190.45056640625,9495.953369140625,33.38898032761189,14.100000381469728,14.68000030517578,75.56999969482422,1
2024-01-05,9817.017578125,0.00016983521606328544,-0.026388723703381967,-0.045504622871046174,10179.9318359375,9503.716259765624,35.85084190837449,13.329999923706056,15.5600004196167,74.11000061035156,1
2024-01-08,9748.1220703125,-0.007017967245573464,-0.031630758281981475,-0.05165648644573717,10167.34525390625,9511.315263671875,31.149653291638998,12.630000114440918,15.140000343322754,71.7699966430664,1
2024-01-09,9823.9755859375,0.007781346507345077,-0.027008438250889277,-0.04674468518579933,10159.50396484375,9519.475578613281,39.31669967855332,13.460000038146973,14.5,71.6500015258789,1
2024-01-10,9810.353515625,-0.0013866148376833198,-0.026557594264968176,-0.05004478948375257,10148.71376953125,9528.153239746094,45.781176409331565,13.260000228881836,14.5,71.6500015258789,1
2024-01-11,9811.2353515625,8.988829363754114e-05,-0.018303073308736262,-0.05548979420504774,10141.13611328125,9537.307409667968,49.88704577090618,12.970000267028809,14.579999923706056,70.37999725341797,1
2024-01-12,9766.693359375,-0.004539896413799371,-0.01111366875061548,-0.060615336726457913,10132.7734765625,9546.19614501953,29.576138147566724,12.770000457763672,14.100000381469728,72.69999694824219,1
2024-01-15,9885.5224609375,0.012166768955476304,0.007149197003776475,-0.04712016897872795,10130.01271484375,9555.562517089844,36.55712369510701,13.100000381469728,13.329999923706056,72.19000244140625,1
2024-01-16,9980.2431640625,0.009581759942308254,0.016626799803354908,-0.039237867142583704,10127.65966796875,9564.913161621094,43.11579283126852,13.789999961853027,12.630000114440918,73.80999755859375,1
2024-01-17,9851.0244140625,-0.012947455074571623,0.010556119733398095,-0.06250770211320889,10123.25734375,9574.153161621094,37.46580788804071,13.56999969482422,13.460000038146973,70.7699966430664,1
2024-01-18,9726.3642578125,-0.012654537336446503,-0.009936031219858199,-0.06599533869659246,10116.19423828125,9582.597770996093,30.596185493576996,15.079999923706056,13.260000228881836,72.23999786376953,1
2024-01-19,9837.3046875,0.011406156169648796,0.002747217195799845,-0.06160343275737534,10111.96833984375,9591.93471435547,38.49973450840195,14.06999969482422,12.970000267028809,71.37000274658203,1
2024-01-23,9663.5927734375,-0.017658486707566423,-0.015048316836216435,-0.07139391055913791,10102.91576171875,9599.983181152344,35.45492358356307,13.880000114440918,12.770000457763672,72.0199966430664,1
2024-01-24,9788.79296875,0.012955864164375885,0.0022627524548815003,-0.05251018929333495,10094.83732421875,9608.672939453125,46.16802498416292,14.850000381469728,13.100000381469728,72.68000030517578,1
2024-01-25,9683.7333984375,-0.010732637889870111,-0.020412584493876396,-0.04424284132211809,10084.8841015625,9615.813588867188,44.459636112504214,14.380000114440918,13.789999961853027,72.68000030517578,1
2024-01-29,9791.9296875,0.011172993370507145,-0.01886862609125506,-0.03744189647524088,10076.90662109375,9623.767075195312,49.03085568388617,13.869999885559082,13.56999969482422,72.4000015258789,1
2024-01-30,9752.97265625,-0.003978483556691725,-0.009953458005091287,-0.03878518844472245,10067.02001953125,9631.187895507812,50.1918147209592,15.68000030517578,15.079999923706056,72.55999755859375,1
2024-01-31,9983.5263671875,0.02363932711220662,0.026439695507850303,-0.00967297734134076,10061.18685546875,9639.6716796875,55.621572966902285,16.100000381469727,14.06999969482422,74.08000183105469,1
2024-02-01,10425.5703125,0.044277335387759464,0.05979947187642698,0.030849042447777197,10063.43015625,9649.761782226562,66.64984015696754,16.049999237060547,13.880000114440918,73.41000366210938,1
2024-02-02,10442.72265625,0.0016452187492741466,0.08062528099839938,0.041222216639617004,10065.1785546875,9660.12455078125,66.940980876775,14.460000038146973,14.850000381469728,74.37000274658203,1
2024-02-05,10220.3505859375,-0.021294453336784702,0.044086908218941456,0.034450075831977234,10063.08908203125,9669.1339453125,61.1102474630671,14.699999809265137,14.380000114440918,75.08999633789062,1
2024-02-06,10628.33984375,0.039919301630793935,0.09754568888326842,0.08309322193717028,10069.9551953125,9680.164594726562,65.93497757377818,15.619999885559082,13.869999885559082,77.36000061035156,1
2024-02-07,10717.376953125,0.00837732992019058,0.09451122456551042,0.07032787281752317,10078.72064453125,9691.3588671875,65.85170702613934,15.789999961853027,15.68000030517578,76.77999877929688,1
2024-02-08,10529.40625,-0.017538872053034504,0.07960994264168653,0.046077884162097016,10083.19451171875,9701.86912109375,64.22873370019627,15.510000228881836,16.100000381469727,77.81999969482422,1
2024-02-09,10518.576171875,-0.0010285554444250389,0.05359326805065878,0.04318896141554962,10087.0225390625,9712.156772460938,67.4494890287998,15.829999923706056,16.049999237060547,75.8499984741211,1
2024-02-12,10495.888671875,-0.002156898389029327,0.0067447973844356746,0.04265166983229074,10089.18744140625,9723.0892578125,65.09294023071234,15.449999809265137,14.460000038146973,73.81999969482422,1
2024-02-13,10578.9951171875,0.007917999886488225,0.013049514520615979,0.04777061900914692,10092.82923828125,9734.885346679688,71.88746880463859,16.059999465942383,14.699999809265137,72.27999877929688,1
2024-02-14,10807.78515625,0.021626821501296467,0.057476949090256246,0.0724135849346208,10101.49765625,9747.81203125,73.21435245748458,15.8100004196167,15.619999885559082,72.77999877929688,1
2024-02-15,10868.8408203125,0.005649229992991778,0.022628273097978324,0.08751928250279772,10111.11767578125,9760.859526367187,77.55112697288364,15.4399995803833,15.789999961853027,73.30999755859375,1
2024-02-16,11153.19921875,0.026162716258211205,0.04066501230022723,0.1292712744519895,10124.02474609375,9775.15380859375,79.25065575490504,15.229999542236328,15.510000228881836,73.86000061035156,1
2024-02-19,11254.0927734375,0.009046153727612527,0.06882501313286293,0.14658082509669024,10140.83431640625,9789.726342773438,81.41942536361901,15.220000267028809,15.829999923706056,76.22000122070312,1
2024-02-20,11217.9306640625,-0.0032132407385473405,0.06648756264725852,0.1427025137511333,10155.5309375,9803.208818359375,78.12560633273938,15.220000267028809,15.449999809265137,76.83999633789062,1
2024-02-21,11236.9423828125,0.001694761656078514,0.07060418932636381,0.152728936072122,10172.1386328125,9816.687080078125,72.90178071823019,16.06999969482422,16.059999465942383,76.91999816894531,1
2024-02-22,11425.0595703125,0.016740958624806623,0.07997588086135088,0.1629771949623804,10194.01400390625,9831.089907226562,75.28691567969616,15.93000030517578,15.8100004196167,77.87000274658203,1
2024-02-23,11305.2998046875,-0.010482200542410336,0.046032988373181594,0.15238454829191328,10217.4799609375,9844.175224609375,79.48600898974694,15.199999809265137,15.4399995803833,76.63999938964844,1
2024-02-26,11238.0693359375,-0.005946809895490235,0.03397128743802735,0.14542857583655544,10238.7849609375,9856.3049609375,70.33772924461249,14.970000267028809,15.229999542236328,78.02999877929688,1
2024-02-27,11271.0478515625,0.0029345356964065594,0.010566352353357233,0.1540290492220151,10261.27578125,9868.42822265625,69.18535202421793,15.600000381469728,15.220000267028809,79.19000244140625,1
2024-02-28,10930.1416015625,-0.03024618957258174,-0.02878518761100024,0.10567161672565084,10278.2578125,9878.5721875,62.55524911745214,15.729999542236328,15.220000267028809,79.19000244140625,1
2024-02-29,11062.9853515625,0.0121538910329404,-0.013812290086297252,0.1084885578137822,10297.24599609375,9888.930112304688,65.84518151291746,16.329999923706055,16.06999969482422,78.18000030517578,1
2024-03-01,11388.9462890625,0.029464102784332313,0.013527158996783584,0.15611796401647227,10324.4390625,9900.750366210938,72.09253784275177,15.56999969482422,15.93000030517578,77.91000366210938,1
2024-03-04,11362.681640625,-0.0023061526300043322,-0.005459746560060541,0.16823525620050295,10354.0930078125,9912.866982421874,69.94790395316477,15.239999771118164,15.199999809265137,78.61000061035156,1
2024-03-05,11437.6044921875,0.006593764916780653,0.011702890660638898,0.16267665336430603,10386.58609375,9926.018178710938,67.3938477288897,14.920000076293944,14.970000267028809,76.48999786376953,1
2024-03-06,11336.1220703125,-0.008872698994297101,0.008725051558584385,0.17307530812684013,10413.04509765625,9938.428696289062,62.62313263132125,14.380000114440918,15.600000381469728,77.58000183105469,1
2024-03-07,11280.259765625,-0.004927814321424306,0.0008173076881421437,0.15236472991475014,10437.338203125,9950.880791015625,53.915829086745944,14.300000190734863,15.729999542236328,78.87000274658203,1
2024-03-11,11168.0458984375,-0.00994780878446222,0.021765893393457025,0.1532789513019326,10459.03716796875,9962.516225585938,47.36653025895945,13.609999656677246,16.329999923706055,78.54000091552734,1
2024-03-12,11280.11328125,0.01003464561586176,0.01962652238862761,0.15198062498853093,10483.30875,9974.465874023437,51.818607114031174,14.0,15.56999969482422,78.26000213623047,1
2024-03-13,11162.75390625,-0.010404095426512883,-0.01986069449021166,0.14454887752572243,10504.63041015625,9985.614887695312,47.948293174588855,13.640000343322754,15.239999771118164,79.97000122070312,1
2024-03-14,11176.9150390625,0.0012686056623152364,-0.016348834495048092,0.11953578605223791,10526.60869140625,9996.4946484375,42.40690162141486,14.43000030517578,14.920000076293944,78.73999786376953,1
2024-03-15,11247.52734375,0.0063176918175287256,-0.0166186152500144,0.07884048609451066,10551.6760546875,10007.673588867188,48.17737104435693,13.619999885559082,14.380000114440918,78.1500015258789,1
2024-03-18,11403.9892578125,0.013910783168661789,0.005986808105898245,0.0920513388323283,10582.22669921875,10019.0615234375,54.955503081184126,13.6899995803833,14.300000190734863,79.12999725341797,1
2024-03-19,11365.5224609375,-0.003373100062212697,0.0075585755190077375,0.11204819887251993,10613.23013671875,10030.579702148438,52.8124374962207,13.899999618530272,13.609999656677246,78.93000030517578,1
2024-03-20,11702.75390625,0.029671442423482075,0.047878385590025996,0.10108954721953212,10650.94486328125,10043.542041015626,73.0505153155379,14.109999656677246,14.0,77.93000030517578,1
2024-03-21,11670.412109375,-0.0027636056550525145,0.03460061245783419,0.08892429186902029,10689.3906640625,10056.418642578124,69.27838067863074,13.470000267028809,13.640000343322754,77.55999755859375,1
2024-03-22,12091.3876953125,0.03607204115776885,0.08319038445724036,0.1483446842325511,10734.73890625,10071.591391601563,71.0258436937669,12.510000228881836,14.43000030517578,79.72000122070312,1
2024-03-26,12005.9765625,-0.0070637990414955665,0.07417623919838268,0.1414070085457071,10778.6513671875,10085.5746875,68.59695778846805,12.220000267028809,13.619999885559082,81.26000213623047,1
2024-03-27,12260.58984375,0.02120721125220837,0.0900697965907089,0.16813261144849312,10827.63845703125,10100.361376953126,71.55246094411336,12.81999969482422,13.6899995803833,81.04000091552734,1
2024-03-28,12348.79296875,0.007194036023068007,0.08284852691265443,0.16729356918665572,10879.28044921875,10114.841005859374,76.70571753065309,12.699999809265137,13.899999618530272,82.72000122070312,1
2024-04-01,12318.65625,-0.00244045866071807,0.08386185433519255,0.1397947009407643,10927.943125,10129.309272460938,77.76081355847244,12.829999923706056,14.109999656677246,83.47000122070312,0
2024-04-02,12301.849609375,-0.0013643241830860742,0.05119271138437309,0.13184559538165153,10974.37525390625,10143.930893554687,81.94085653210963,12.079999923706056,13.470000267028809,81.68000030517578,1
2024-04-03,12179.736328125,-0.0099264163623769,0.04364235075647871,0.09203969993194927,11020.9494921875,10158.091469726562,75.20101415305965,11.649999618530272,12.510000228881836,81.06999969482422,1
2024-04-04,12316.3544921875,0.011216840856154375,0.01860553995487324,0.09438892500132989,11072.749296875,10173.310620117187,81.97069154127331,11.369999885559082,12.220000267028809,80.62999725341797,0
2024-04-05,12173.611328125,-0.011589725202619361,0.013962609767921519,0.08519224201697884,11119.4754296875,10187.976020507813,75.78460336684822,11.220000267028809,12.81999969482422,81.62000274658203,1
2024-04-08,12608.2568359375,0.03570390873317342,0.028356465440749323,0.1220362627490641,11178.3687109375,10204.741826171876,79.62269509939023,11.34000015258789,12.699999809265137,81.3499984741211,1
2024-04-09,12630.7001953125,0.0017800525216959961,0.022828727250987058,0.10552598151284931,11235.20685546875,10221.317172851563,78.35998006010865,11.609999656677246,12.829999923706056,83.16999816894531,1
2024-04-10,12429.5478515625,-0.015925668461725606,0.00900192353062046,0.0994443372840812,11290.12314453125,10236.843793945312,72.87798068742163,11.359999656677246,12.079999923706056,83.70999908447266,1
2024-04-12,12021.6572265625,-0.03281620778737537,-0.022776443519433975,0.06972620182358313,11334.7176953125,10250.679028320312,56.654647597551524,11.109999656677246,11.649999618530272,85.1500015258789,1
2024-04-15,12174.8359375,0.01274189640002743,-0.00040233963141589335,0.08018669584587101,11383.1549609375,10265.473852539062,60.02061041275921,11.529999732971191,11.369999885559082,85.43000030517578,1
2024-04-16,12253.0927734375,0.006427752812377507,-0.005136399637581723,0.12103696549419629,11428.5462890625,10280.908754882812,53.71870387721132,12.470000267028809,11.220000267028809,86.58999633789062,0
2024-04-18,12157.34375,-0.007814273931318505,-0.0013362984644841314,0.09892071295953908,11463.1817578125,10296.048408203125,53.46449230659193,12.619999885559082,11.34000015258789,86.91000366210938,1
2024-04-19,12457.185546875,0.02466343002557614,-0.011981933032320424,0.09379614502514566,11503.471015625,10313.055004882812,54.40841170694619,13.039999961853027,11.609999656677246,86.43000030517578,0
2024-04-22,12530.2470703125,0.005865010452206665,-0.007953092342202872,0.10275439078686355,11549.6689453125,10329.733198242187,54.09669947248179,13.460000038146973,11.359999656677246,85.2300033569336,0
2024-04-23,12736.7890625,0.01648347323308985,0.024718615238999098,0.11358887004703755,11591.8379296875,10347.488764648437,58.743732713398146,12.699999809265137,11.109999656677246,86.20999908447266,0
2024-04-24,12685.630859375,-0.00401656986497656,0.05523145605461233,0.1190450121030937,11631.2030078125,10364.601875,57.91172827874331,10.199999809265137,11.529999732971191,85.66000366210938,0
2024-04-25,12664.51171875,-0.0016648080697848622,0.040220318677292255,0.1227145457539296,11673.9051171875,10380.40353515625,60.42796655387436,10.279999732971191,12.470000267028809,85.41000366210938,0
2024-04-26,12449.736328125,-0.016958837055440656,0.0160484832950738,0.11476407254619359,11712.5283203125,10395.694682617188,52.775830119188576,10.729999542236328,12.619999885559082,85.36000061035156,1
2024-04-29,12436.505859375,-0.0010627107595934104,0.022962426259848012,0.10251604299463701,11751.3406640625,10411.043955078125,55.78287144085877,10.93000030517578,13.039999961853027,82.7300033569336,1
2024-04-30,12561.6083984375,0.010059299651935083,0.00838253963301483,0.12531446128220058,11790.9929296875,10425.344423828124,48.81211125291327,12.239999771118164,13.460000038146973,83.13999938964844,1
2024-05-02,12549.7001953125,-0.0009479839481766339,0.0015524933300070654,0.12282326128920329,11825.83123046875,10440.2305078125,47.92623202479401,12.869999885559082,12.699999809265137,82.8499984741211,1
2024-05-03,12242.75390625,-0.024458455922090394,-0.03878804570176575,0.08848403138606509,11853.3094921875,10453.626284179687,45.46343726386522,13.449999809265137,10.199999809265137,83.36000061035156,1
2024-05-06,12190.958984375,-0.004230659398336667,-0.03899466100532356,0.06900828374802037,11874.0646875,10467.316254882813,54.97166952772222,14.619999885559082,10.279999732971191,82.80999755859375,0
2024-05-07,12117.2109375,-0.006049404888452292,-0.0432153085254533,0.0661376086445653,11891.32705078125,10479.842075195313,48.22499446514001,16.600000381469727,10.729999542236328,83.56999969482422,0
2024-05-08,12293.126953125,0.014517863601811287,-0.012579332676002641,0.0504473606472835,11912.8309765625,10493.559868164062,51.16318001129274,17.010000228881836,10.93000030517578,83.8499984741211,0
2024-05-09,12255.00390625,-0.0031011675890412205,-0.014594288393968702,0.0500917869391595,11933.19220703125,10508.0008984375,52.935792097868344,17.079999923706055,12.239999771118164,82.62999725341797,0
2024-05-10,12422.443359375,0.01366294571637039,-0.011078600339094358,0.027379459860578326,11953.1398828125,10523.492236328126,48.86527609616192,18.200000762939453,12.869999885559082,81.93000030517578,0
2024-05-13,12420.8251953125,-0.00013026133552695995,-0.010269169621130558,0.03455351013329944,11975.450390625,10538.558481445312,46.25119107523313,18.46999931335449,13.449999809265137,78.94999694824219,0
2024-05-14,12558.3740234375,0.011074049103992678,0.02578015694870528,0.024287916281556354,12001.856484375,10554.42849609375,43.58417164220511,20.600000381469727,14.619999885559082,78.11000061035156,0
2024-05-15,12512.4091796875,-0.003660095141633457,0.026367917054310297,0.013249571140397931,12026.6837109375,10570.350737304687,43.747572226910336,20.200000762939453,16.600000381469727,78.4800033569336,0
2024-05-16,12248.1435546875,-0.021120283168888476,0.010805507790765168,-0.005724057387549886,12053.04375,10584.150893554688,37.21527853991363,20.270000457763672,17.010000228881836,78.37999725341797,0
2024-05-17,12389.1220703125,0.01151019458545166,0.0078088445318704736,0.007094255230611024,12079.566484375,10598.667841796874,48.05046815273621,20.0,17.079999923706055,78.98999786376953,0
2024-05-21,12224.279296875,-0.013305444284264945,-0.002507107269001385,0.0036571373591349765,12096.27314453125,10612.725874023437,43.78071437647455,19.799999237060547,18.200000762939453,79.26000213623047,0
2024-05-22,12281.169921875,0.004653904219493965,-0.011372435632268973,-0.0028567357601486654,12114.64291015625,10626.758647460938,41.439530387283824,21.809999465942383,18.46999931335449,78.26000213623047,0
2024-05-23,12676.6650390625,0.03220337473574486,0.02059765271042946,0.04132329325935369,12139.42412109375,10642.779819335938,53.140249940823836,21.46999931335449,20.600000381469727,79.12000274658203,0
2024-05-24,12740.9052734375,0.005067597367055754,0.01453462443938558,0.0105207594694543,12167.51978515625,10659.135541992187,64.00193460656504,21.3799991607666,20.200000762939453,78.0199966430664,0
2024-05-27,12648.4384765625,-0.007257474637047734,0.010871551187426665,0.0014043782985668773,12194.883359375,10675.433310546876,62.57130850195389,21.709999084472656,20.270000457763672,78.62999725341797,0
2024-05-28,12562.685546875,-0.006779724615524674,0.025680789156583783,0.010711386842262582,12222.77615234375,10690.571958007813,62.16118368435084,23.190000534057617,20.0,79.2300033569336,0
2024-05-29,12533.333984375,-0.0023364082775518824,0.011640204466793369,0.04256291359579967,12247.84056640625,10706.0687109375,57.1278959649198,24.200000762939453,19.799999237060547,80.05999755859375,0
2024-05-30,12346.490234375,-0.014907745236258263,0.009997394082057909,0.014099105544928436,12271.51529296875,10720.9368359375,52.494583822404756,24.18000030517578,21.809999465942383,79.26000213623047,0
2024-05-31,12151.7568359375,-0.015772368887096766,-0.010537520998467054,-0.008270233431977081,12291.01212890625,10734.92978515625,42.727363843545824,24.18000030517578,21.46999931335449,77.56999969482422,1
2024-06-03,12227.0732421875,0.006197984971791026,-0.03546609423611069,0.005735586129782755,12310.603046875,10749.65849609375,44.99269101782624,24.600000381469727,21.3799991607666,76.87000274658203,1
2024-06-04,11932.9638671875,-0.024053947267218767,-0.06341318681133379,-0.04208187135969932,12321.1825390625,10762.654995117187,35.04699169998533,20.940000534057617,21.709999084472656,77.72000122070312,1
2024-06-05,12252.994140625,0.026819009677679473,-0.031264281094481094,-0.02212669296397085,12338.93197265625,10777.159765625,44.51627420177244,26.75,23.190000534057617,77.72000122070312,1
2024-06-06,12420.4833984375,0.013669251440934449,-0.011319406818462774,-0.02483401919513417,12353.2865625,10792.891303710938,53.798473172029446,18.88999938964844,24.200000762939453,79.83000183105469,0
2024-06-07,12555.1396484375,0.010841466123366894,0.0017398135316337715,-0.010286536979046912,12370.98111328125,10809.617084960937,53.6693528891713,16.799999237060547,24.18000030517578,79.2300033569336,0
2024-06-10,12463.6533203125,-0.007286763085616932,0.009489586409852313,-0.015859940193361455,12378.42642578125,10826.0851171875,55.468000954762545,16.8799991607666,24.18000030517578,77.91000366210938,0
2024-06-11,12606.8369140625,0.011488091819486623,0.03744973539786045,0.0126187882053852,12390.4436328125,10843.441547851562,57.15702782991717,16.399999618530273,24.600000381469727,76.98999786376953,0
2024-06-12,12592.822265625,-0.0011116704795210985,0.02991304756199087,0.012569157930494068,12397.08828125,10860.248178710937,47.78624151227127,14.770000457763672,20.940000534057617,74.22000122070312,0
2024-06-13,12590.37109375,-0.00019464833405069548,0.05509169673849401,0.002289730295690351,12401.91984375,10877.259389648438,45.89127814522582,14.390000343322754,26.75,73.25,0
2024-06-14,12588.7548828125,-0.0001283688086288759,0.02740234250780227,0.0031120016328827216,12407.32181640625,10893.866831054687,48.28597390650767,13.489999771118164,18.88999938964844,74.06999969482422,1
2024-06-18,12310.1796875,-0.02212889184877531,-0.008880790497363122,0.005507403135464273,12407.48841796875,10909.165927734375,43.4714458129447,12.81999969482422,16.799999237060547,75.55000305175781,1
2024-06-19,11997.6953125,-0.025384225326727128,-0.04439969220150208,-0.015853032737022876,12403.84759765625,10922.642397460937,37.91968806245094,12.970000267028809,16.8799991607666,75.52999877929688,1
2024-06-20,11906.9443359375,-0.007564034108113238,-0.04466659735053047,-0.017352722722006386,12395.65939453125,10935.130747070312,39.63773811480712,13.710000038146973,16.399999618530273,77.73999786376953,1
2024-06-21,11957.90625,0.004280016150632893,-0.051474502961059154,-0.027268953164091836,12391.34529296875,10948.00744140625,45.0976673151972,13.350000381469728,14.770000457763672,77.9000015258789,1
2024-06-24,11940.1669921875,-0.0014834752373560356,-0.05182756173880676,-0.02569047847483219,12377.98349609375,10961.128647460937,42.52672696322479,13.18000030517578,14.390000343322754,78.5,1
2024-06-25,11874.7001953125,-0.0054829046292095285,-0.05684271679591457,-0.04409302970571627,12362.86349609375,10973.471704101563,48.277146592988224,14.0600004196167,13.489999771118164,78.62000274658203,1
2024-06-26,11954.720703125,0.00673873920994561,-0.05036512233256285,-0.037526048781638344,12353.366953125,10986.099462890625,39.72106415887807,14.3100004196167,12.81999969482422,78.44999694824219,1
2024-06-27,11935.609375,-0.0015986427955614335,-0.030427688466671654,-0.04958959235289884,12351.64599609375,10997.7733984375,31.387058875570844,14.050000190734863,12.970000267028809,81.56999969482422,1
2024-06-28,11793.6025390625,-0.011897744930807086,-0.017010998206035688,-0.057447501140859614,12344.021328125,11007.721005859376,20.930794315391125,14.149999618530272,13.710000038146973,81.56999969482422,1
2024-07-01,11866.91015625,0.006215879918344935,-0.003362254711031909,-0.03112581075942711,12336.29767578125,11016.4305859375,26.900689579047565,13.800000190734863,13.350000381469728,82.16999816894531,1
2024-07-02,11802.177734375,-0.005454867444235845,-0.013023058750356031,-0.047375781157566355,12329.19435546875,11024.663618164062,16.838396692738087,13.829999923706056,13.18000030517578,80.7300033569336,1
2024-07-03,11881.611328125,0.00673041836326882,-0.004904090880874068,-0.028031752255333275,12317.68287109375,11033.785556640625,22.18916924938098,13.640000343322754,14.0600004196167,81.62999725341797,1
2024-07-04,11848.2392578125,-0.0028087158711802562,-0.0022283457320838584,-0.03525158163404052,12304.04271484375,11043.14857421875,21.66525355161673,13.210000038146973,14.3100004196167,80.83000183105469,1
2024-07-05,11862.400390625,0.0011952098961169888,-0.007722498483454077,-0.06423334890749144,12286.55494140625,11052.08306640625,22.530773236424878,12.859999656677246,14.050000190734863,80.9000015258789,1
2024-07-08,11783.5576171875,-0.006646443455054052,-0.012739337643789095,-0.07513968871944277,12268.5134765625,11060.37220703125,26.540181270985073,12.699999809265137,14.149999618530272,81.73999786376953,1
2024-07-09,12571.6044921875,0.06687682112663107,0.06596813404115665,-0.006074582606965473,12266.65533203125,11071.612485351563,67.95762403708355,13.600000381469728,13.800000190734863,81.54000091552734,0
2024-07-10,12517.7998046875,-0.004279858432822636,0.05484912583539647,-0.003572941630992754,12268.0166015625,11082.731967773438,69.5660605878614,14.279999732971191,13.829999923706056,83.37999725341797,0
2024-07-11,12461.349609375,-0.0045095940335586615,0.05585171566092395,-0.00574343387719034,12268.5134765625,11093.717182617187,66.06909080027829,14.43000030517578,13.640000343322754,82.80999755859375,0
2024-07-12,12311.69921875,-0.012009163960251423,0.03619777475862529,-0.0028178871051252052,12263.51529296875,11103.881870117188,60.93766620725185,14.0,13.210000038146973,83.87999725341797,1
2024-07-15,12391.5234375,0.006483606960478117,0.04585357941090429,0.019731023653585256,12260.3517578125,11114.263881835937,65.08739810396546,13.729999542236328,12.859999656677246,83.87999725341797,0
2024-07-16,12387.2099609375,-0.0003480989713861016,0.04424143116322932,0.013096896990644868,12263.24087890625,11124.639760742188,63.20934746803615,14.1899995803833,12.699999809265137,83.16000366210938,0
2024-07-18,12391.62109375,0.0003561038221204793,0.05160270746040041,0.038436153135742446,12267.25412109375,11135.896943359376,64.05398442418982,14.220000267028809,13.600000381469728,82.33000183105469,0
2024-07-19,12274.26171875,-0.009470865362336878,-0.023651935090885257,0.0017357045862356202,12270.39513671875,11146.873344726562,65.0421287792892,14.510000228881836,14.279999732971191,81.41000366210938,1
2024-07-22,12388.8759765625,0.009337772033768621,-0.010299240292748757,-0.0025447819429456064,12272.3101171875,11157.193603515625,65.92314012606407,14.829999923706056,14.43000030517578,82.0999984741211,0
2024-07-23,12376.919921875,-0.0009650637160399933,-0.006775324515129633,-0.014194961709141918,12274.7484375,11167.194130859374,68.11649254144837,15.4399995803833,14.0,82.62000274658203,0
2024-07-24,12237.951171875,-0.011228056000781472,-0.0059900786694566666,-0.018108827535315397,12271.05859375,11176.6544140625,60.82589537368998,12.75,13.729999542236328,82.20999908447266,0
2024-07-25,12259.462890625,0.0017577875943350918,-0.010657329386582926,-0.02755441557667937,12267.83134765625,11185.614145507812,62.58399681076594,11.760000228881836,14.1899995803833,81.91000366210938,0
2024-07-26,12410.8779296875,0.01235087054085282,0.0019106779351150127,-0.014448257277017151,12264.88142578125,11195.896435546874,65.48349016941826,12.619999885559082,14.220000267028809,80.76000213623047,0
2024-07-29,12496.974609375,0.0069371949490819595,0.008501996214049568,-0.00741808828981716,12264.572734375,11206.387475585938,70.05757493390001,12.25,14.510000228881836,82.81999969482422,0
2024-07-30,12616.63671875,0.009575286268504568,0.027893734698274608,0.0022148207822814125,12271.94259765625,11218.768999023438,52.02840907591326,12.949999809265137,14.829999923706056,80.12999725341797,0
2024-07-31,12853.9521484375,0.01880972203430553,0.03753981981536003,0.044172585188960056,12281.23919921875,11233.400688476562,62.99341534085161,12.880000114440918,15.4399995803833,79.77999877929688,0
2024-08-01,13092.345703125,0.018546323491368977,0.05780321645174058,0.09123838888328173,12298.60052734375,11248.830854492187,71.382563021873,13.25,12.75,76.95999908447266,0
2024-08-02,12590.1328125,-0.038359275107219926,0.028777826915536098,0.05737731338010055,12304.77978515625,11261.299638671875,57.61557068434256,12.93000030517578,11.760000228881836,77.58999633789062,0
2024-08-05,12070.208984375,-0.04129613530437093,-0.015437373393798914,0.009391504835974063,12292.6506640625,11271.4493359375,42.916829918323934,14.31999969482422,12.619999885559082,78.27999877929688,1
2024-08-06,12001.2060546875,-0.005716796600359175,-0.0330090971260012,0.005112077790866643,12277.8566796875,11280.616010742187,41.72675181846191,20.3700008392334,12.25,77.16000366210938,1
2024-08-07,12239.0322265625,0.019816855971913627,-0.020640386243482967,0.030681366708847024,12269.6685546875,11290.790024414062,47.027017153573134,18.739999771118164,12.949999809265137,75.80999755859375,0
2024-08-08,12088.0166015625,-0.012338853448906617,-0.04189865563790862,0.011150063790503761,12260.17517578125,11299.381806640626,46.41824608902109,16.170000076293945,12.880000114440918,74.7300033569336,1
2024-08-09,12093.3095703125,0.0004378690834454524,-0.05917577483882741,0.013212580133764584,12251.3746875,11307.2814453125,44.06634650372025,16.600000381469727,13.25,77.91000366210938,1
2024-08-12,12141.833984375,0.0040125007782503275,-0.0726005667970655,0.029527147803997567,12247.2815625,11315.536650390624,45.34881564130961,15.34000015258789,12.93000030517578,76.30999755859375,1
2024-08-13,12045.873046875,-0.007903331376749922,-0.04322907261825204,0.015080833028026763,12245.16388671875,11323.08517578125,46.133933281808844,15.869999885559082,14.31999969482422,73.5199966430664,1
2024-08-14,12074.9580078125,0.0024145166418672037,0.0003934499761890642,0.02311270678825661,12242.12158203125,11330.594633789062,46.297651329849664,16.170000076293945,20.3700008392334,72.94000244140625,1
2024-08-16,12082.5263671875,0.000626781424010181,0.0067760116882784605,0.016909746793931424,12245.11283203125,11338.224008789062,43.00749096384289,15.4399995803833,18.739999771118164,73.19999694824219,1
2024-08-19,12019.7060546875,-0.005199269638723969,-0.01792022178019881,0.014471922210883559,12240.4470703125,11345.764936523437,39.734413826276736,14.399999618530272,16.170000076293945,75.2300033569336,1
2024-08-20,12084.158203125,0.005362206708238393,-0.0003191920200540377,0.01869417699602005,12233.72056640625,11354.47095703125,38.26826917284174,14.31999969482422,16.600000381469727,76.19000244140625,1
2024-08-21,12090.0947265625,0.0004912649551347403,-0.0002658365546096553,0.026013969578074114,12224.41966796875,11363.034174804687,31.259775133593493,13.81999969482422,15.34000015258789,76.83999633789062,1
2024-08-22,12144.900390625,0.004533104603563487,0.00025254885332359756,-0.033941896742589295,12218.044609375,11372.6784765625,24.454509740728213,13.329999923706056,15.869999885559082,80.05999755859375,1
2024-08-23,12170.5732421875,0.002113879137478847,0.010352109376152718,-0.02773862563051821,12209.3193359375,11381.782026367187,34.77526246370371,13.0,16.170000076293945,78.3499984741211,1
2024-08-26,12112.69921875,-0.004755242196553877,0.0031255769927382993,-0.0279785417754993,12199.716875,11391.394931640625,52.319746475328905,13.550000190734863,15.4399995803833,76.9800033569336,1
2024-08-27,12363.08984375,0.020671744627523303,0.023220597086750505,0.0041741293453412265,12195.17125,11402.286254882812,66.49085628792079,13.800000190734863,14.399999618530272,76.6500015258789,1
2024-08-28,12225.181640625,-0.011154833044808576,0.01709489275383458,-0.013423837489715429,12187.89978515625,11413.294360351563,49.305601115503364,13.630000114440918,14.31999969482422,74.37000274658203,1
2024-08-29,12320.451171875,0.007792892903399684,0.0195539453206508,-0.0053893321638223135,12188.10521484375,11424.407138671875,62.343036781277775,13.949999809265137,13.81999969482422,74.04000091552734,1
2024-08-30,12270.1953125,-0.004079059985215738,0.014896540516081469,-0.009799023092405879,12193.55521484375,11435.402412109375,58.965097045043514,13.789999961853027,13.329999923706056,71.93000030517578,1
2024-09-02,12294.333984375,0.001967260606716703,0.012304225555061166,0.0016353134783120282,12201.3030078125,11446.476484375,57.925053033301865,13.390000343322754,13.0,73.01000213623047,1
2024-09-03,12264.357421875,-0.002438242082742903,0.007705814493799812,-0.010050835517529277,12207.43203125,11457.5552734375,62.190109212324366,14.0600004196167,13.550000190734863,74.83000183105469,0
2024-09-04,12204.1591796875,-0.00490838941795102,0.0075507497780447075,-0.013958298452118267,12212.711875,11467.9949609375,56.96676854248769,13.84000015258789,13.800000190734863,77.41999816894531,0
2024-09-05,12166.912109375,-0.003051998074106832,-0.015868018177848553,-0.0058048166316646554,12218.55611328125,11477.865947265625,54.409115911310494,14.380000114440918,13.630000114440918,75.52999877929688,0
2024-09-06,12055.6669921875,-0.009143249839191459,-0.013866022887888407,-0.016623558491567048,12220.5750390625,11487.237309570313,51.78844099077222,14.210000038146973,13.949999809265137,74.5199966430664,0
2024-09-09,12015.69921875,-0.003315268534159088,-0.024735453992195122,-0.03184131800959955,12222.1768359375,11496.361787109376,46.51035216063272,15.220000267028809,13.789999961853027,75.91000366210938,0
2024-09-10,12132.08984375,0.009686546149422437,-0.011255360263850767,-0.029197848041658814,12228.94658203125,11505.78572265625,51.924014771823295,14.239999771118164,13.390000343322754,73.55000305175781,0
2024-09-11,12111.51171875,-0.0016961731461789809,-0.014870448928534952,-0.040036422642598324,12233.83861328125,11514.967358398437,48.42076187731181,13.359999656677246,14.0600004196167,73.55000305175781,0
2024-09-12,12268.0673828125,0.012926186895409142,0.00030249941435034344,-0.04558012655245636,12243.15640625,11524.740668945313,54.10330223886732,13.630000114440918,13.84000015258789,70.33999633789062,0
2024-09-13,12184.17578125,-0.006838208410888891,-0.0016374252534135936,-0.06936647889294811,12249.2076953125,11533.885034179688,52.943812090254596,13.18000030517578,14.380000114440918,69.19999694824219,0
2024-09-16,12157.416015625,-0.002196272124223575,-0.0007804851111469224,-0.03436951804395427,12255.39123046875,11543.047993164062,39.616448027514615,12.550000190734863,14.210000038146973,69.1500015258789,0
2024-09-17,12114.62890625,-0.0035194246310242816,0.004890804805798732,0.003680128648352543,12260.43580078125,11552.195966796875,43.82567510373625,12.460000038146973,15.220000267028809,67.66999816894531,0
2024-09-18,12073.423828125,-0.0034012662248154024,0.0048040990644075965,0.006017542995963465,12266.233125,11561.167563476563,35.31691947628589,12.59000015258789,14.239999771118164,68.70999908447266,0
2024-09-19,12219.24609375,0.012077954663142654,0.007183943666960291,-0.001616641940819341,12259.18595703125,11570.735229492188,47.28057244961147,13.369999885559082,13.359999656677246,65.75,0
2024-09-20,12479.4306640625,0.021293013359112267,0.030377623690271527,0.03238033793313999,12258.41857421875,11581.496508789063,57.89116512914284,12.470000267028809,13.630000114440918,67.30999755859375,0
2024-09-23,12547.294921875,0.00543808925578082,0.022760515601152997,0.03754020757700394,12260.13748046875,11592.294765625,61.684898778306014,12.789999961853027,13.18000030517578,68.97000122070312,0
2024-09-24,12602.201171875,0.0043759432086254435,0.0343088771969533,0.03791578670013385,12265.94751953125,11603.321245117188,66.5107122458652,13.789999961853027,12.550000190734863,68.6500015258789,0
2024-09-25,12648.4013671875,0.0036660417241718424,0.040385666734729986,0.05001948119225874,12271.085078125,11614.691430664063,69.82484159668292,13.390000343322754,12.460000038146973,70.08999633789062,0
2024-09-26,13240.4931640625,0.04681159141668334,0.0929342752902369,0.0965249862977493,12288.1507421875,11628.954697265624,84.94639637304208,12.739999771118164,12.59000015258789,71.19000244140625,0
2024-09-27,13351.095703125,0.008353354946226466,0.10582514895432293,0.10499206021867669,12307.340234375,11643.170947265626,87.81193660063488,12.0,13.369999885559082,70.91000366210938,0
2024-09-30,13096.25390625,-0.019087706547961547,0.07177266140409255,0.0895652395045603,12323.780078125,11656.584145507812,75.31556507353355,11.960000038146973,12.470000267028809,71.94999694824219,0
2024-10-01,13025.025390625,-0.005438846569018274,0.043719520645574717,0.07785955560038005,12336.50306640625,11669.293774414062,73.36422127421498,12.789999961853027,12.789999961853027,71.91999816894531,0
2024-10-03,12511.927734375,-0.03939321735367296,-0.0028187101459088426,0.034890794270264314,12339.20322265625,11679.820625,55.27497518968432,11.989999771118164,13.789999961853027,70.37000274658203,0
2024-10-04,12470.7744140625,-0.0032891270782707815,-0.010428873180172049,0.026832169302026587,12343.8596875,11690.518041992187,56.31623690650161,13.170000076293944,13.390000343322754,71.55999755859375,0
2024-10-07,12393.3623046875,-0.006207482134205522,-0.020163738886530225,0.018305552094106448,12346.53767578125,11701.82484375,55.086370340492024,14.130000114440918,12.739999771118164,69.69000244140625,0
2024-10-08,12397.7646484375,0.000355217869192348,-0.06364781924530905,0.023534426517107798,12346.27541015625,11712.9495703125,56.20636050753568,15.079999923706056,12.0,67.66999816894531,0
2024-10-09,12624.0654296875,0.018253353541319406,-0.054454727132794756,0.021109252560308267,12348.8172265625,11725.33736328125,61.164180818478634,14.59000015258789,11.960000038146973,68.18000030517578,0
2024-10-10,12805.5009765625,0.014372196332912424,-0.022201228822292585,0.04746917902708825,12352.59451171875,11738.95966796875,61.71702846828532,14.119999885559082,12.789999961853027,68.16999816894531,0
2024-10-11,12639.8447265625,-0.012936334962856622,-0.02957235418057158,0.02592385215702242,12348.31236328125,11751.591010742188,53.33197293593502,13.5,11.989999771118164,69.83000183105469,0
2024-10-14,12403.6005859375,-0.01869043059750053,-0.008657910334622931,0.010872302358675201,12334.5374609375,11763.462548828125,47.21043972689636,13.220000267028809,13.170000076293944,73.70999908447266,0
2024-10-15,12313.4765625,-0.007265956591643086,-0.012613318655265271,0.0015570244105396203,12329.0043359375,11775.630009765626,44.47055303072809,13.0,14.130000114440918,74.37999725341797,0
2024-10-16,12251.2998046875,-0.005049488460623364,-0.011462789234061854,-0.001064680091939385,12332.62615234375,11787.8217578125,42.44125049724702,13.0,15.079999923706056,77.13999938964844,0
2024-10-17,12013.720703125,-0.019392154738683276,-0.030976870121574795,-0.01560439140120884,12332.8764453125,11797.824501953124,23.00539498854431,13.050000190734863,14.59000015258789,73.56999969482422,0
2024-10-18,11975.484375,-0.0031827215789238528,-0.05137655997585833,-0.01573346898984329,12327.60548828125,11807.373901367188,18.734524030424126,13.390000343322754,14.119999885559082,73.23999786376953,0
2024-10-21,12045.52734375,0.005848863107050795,-0.05934743468478554,-0.0008410690544181643,12326.755703125,11817.186049804688,23.928543043404943,13.039999961853027,13.5,75.8499984741211,0
2024-10-22,11795.630859375,-0.020745997849954012,-0.06678989223763121,-0.01831506892512691,12320.80212890625,11825.831533203125,21.979711610713622,13.760000228881836,13.220000267028809,75.55999755859375,0
2024-10-23,11828.1796875,0.00275939697613814,-0.04639144048945587,-0.02505010762070503,12314.52904296875,11834.489077148437,30.04481493177437,14.399999618530272,13.0,73.83000183105469,0
2024-10-24,11637.740234375,-0.01610048698585942,-0.054877785708620785,-0.039117452501123195,12306.36638671875,11842.2877734375,27.636607688254216,14.619999885559082,13.0,70.58000183105469,0
2024-10-25,11379.6826171875,-0.022174203237950052,-0.07114487453539486,-0.07241440219586848,12292.46087890625,11849.215390625,25.193100389259797,13.970000267028809,13.050000190734863,70.38999938964844,0
2024-10-28,11360.29296875,-0.001703883059815281,-0.05439012197154136,-0.06761908456441168,12278.0162109375,11856.6345703125,24.795743628895153,14.630000114440918,13.390000343322754,70.66999816894531,0
2024-10-29,10927.724609375,-0.03807721865667668,-0.08749205734110443,-0.10114743171324991,12256.17658203125,11862.196440429687,12.543186151450286,14.289999961853027,13.039999961853027,69.22000122070312,1
2024-10-30,11135.921875,0.019052206480970835,-0.07551395989499476,-0.0807872068409029,12237.21185546875,11868.790961914063,13.564719998124588,14.520000457763672,13.760000228881836,70.55999755859375,1
2024-10-31,10957.849609375,-0.015990796956358855,-0.07102470906285974,-0.09239915989292724,12214.566953125,11874.839599609375,13.49160759502793,15.510000228881836,14.399999618530272,72.08999633789062,1
2024-11-01,10991.0400390625,0.00302891816101436,-0.0707750195342558,-0.10051406160939114,12191.48974609375,11880.674921875,16.3759244829683,15.550000190734863,14.619999885559082,70.7699966430664,0
2024-11-04,10934.1064453125,-0.005180000577530097,-0.060461376082629914,-0.12382970508423352,12166.76041015625,11886.293686523437,16.638835680662467,15.899999618530272,13.970000267028809,70.19000244140625,0
2024-11-05,11050.49609375,0.01064464197597026,-0.028927566304908003,-0.11929255169697772,12145.51634765625,11892.489990234375,21.69974208949398,16.690000534057617,14.630000114440918,71.77999877929688,0
2024-11-06,11232.6748046875,0.016486021024932684,-0.011233703603732215,-0.10867358396435889,12122.908046875,11899.819897460937,31.098926185726057,16.1200008392334,14.289999961853027,67.37999725341797,0
2024-11-07,11179.154296875,-0.00476471621791863,0.02300842091905353,-0.11616069317060274,12101.9875,11906.288056640626,30.87056273400333,14.869999885559082,14.520000457763672,67.20999908447266,0
2024-11-08,11181.9736328125,0.00025219581576818584,0.004135423930719639,-0.15547151497628942,12079.21794921875,11912.296708984375,28.563380254375303,14.9399995803833,15.510000228881836,68.61000061035156,0
2024-11-11,11277.6376953125,0.008555203727120375,0.02918347096714169,-0.15530246010648996,12059.366796875,11919.429775390625,36.07522593876224,14.470000267028809,15.550000190734863,69.26000213623047,0
2024-11-12,11023.78515625,-0.022509371724896976,0.002979255563724914,-0.15824897446520514,12033.9558203125,11925.916879882812,30.6754240755547,14.270000457763672,15.899999618530272,69.48999786376953,0
2024-11-13,10931.2861328125,-0.008390858686597058,-0.0002579371724709123,-0.16074742236736883,12007.29439453125,11931.386787109375,32.19022981063384,14.59000015258789,16.690000534057617,71.47000122070312,0
2024-11-14,10888.2021484375,-0.0039413463202353505,-0.01468657551078556,-0.12977421388684263,11980.97525390625,11937.509833984375,36.10349017009057,15.4399995803833,16.1200008392334,71.98999786376953,0
2024-11-18,10975.162109375,0.007986622561924062,-0.022925322756164657,-0.11992938489858285,11957.14025390625,11943.4416796875,39.511285154404916,14.779999732971191,14.869999885559082,71.69000244140625,1
2024-11-19,10841.953125,-0.012137313603888589,-0.03016338829577303,-0.12518065247723098,11932.8659765625,11949.232778320313,47.208995785052956,15.170000076293944,14.9399995803833,72.36000061035156,1
2024-11-21,10745.1513671875,-0.008928442753482257,-0.03906486278443588,-0.1332992945190551,11907.45501953125,11953.99888671875,36.290435863473434,15.65999984741211,14.470000267028809,70.37999725341797,1
2024-11-22,10945.1357421875,0.018611592165252544,-0.029483298019336357,-0.13299437466093367,11883.7159375,11959.959702148437,49.56070823860166,15.989999771118164,14.270000457763672,68.04000091552734,1
2024-11-25,10907.0986328125,-0.0034752524108392358,-0.010584978007426415,-0.14824897106521528,11859.62767578125,11964.577563476563,47.10932350448621,16.100000381469727,14.59000015258789,68.12000274658203,1
2024-11-26,10826.767578125,-0.007365025053118646,-0.009561414221311626,-0.14344140989543464,11830.8016796875,11966.583549804687,46.36221081205953,15.300000190734863,15.4399995803833,68.43000030517578,1
2024-11-27,10939.9423828125,0.010453240440495337,0.004751953873525894,-0.11800268744419362,11805.91701171875,11969.0696484375,46.245075282912104,15.3100004196167,14.779999732971191,68.69999694824219,1
2024-11-28,10832.6044921875,-0.009811559043824247,-0.0129891126679329,-0.1202643349988104,11779.42078125,11972.13091796875,35.683913307846595,14.630000114440918,15.170000076293944,69.16000366210938,1
2024-11-29,10955.623046875,0.011356322920883954,0.010484266124790143,-0.10575830960538224,11756.2406640625,11973.767333984375,42.38017118782191,15.210000038146973,15.65999984741211,69.38999938964844,1
2024-12-02,11118.955078125,0.014908511414746917,0.03478812891170491,-0.07447864380326852,11737.1512890625,11975.775224609375,48.063691645347504,14.43000030517578,15.989999771118164,70.0999984741211,1
2024-12-03,11158.4775390625,0.0035545121515290212,0.01949192791211196,-0.0682232810259501,11715.93591796875,11978.920581054688,46.207855041980245,14.699999809265137,16.100000381469727,71.23999786376953,1
2024-12-04,11010.6767578125,-0.013245604584728787,0.009496395740696828,-0.08591160489743499,11686.56083984375,11981.381083984375,49.55264271740471,14.369999885559082,15.300000190734863,68.94000244140625,1
2024-12-05,11062.515625,0.004708054584448451,0.021774555071387924,-0.06215142226092385,11656.86525390625,11984.21421875,54.60637767641858,14.449999809265137,15.3100004196167,68.7699966430664,1
2024-12-06,11196.763671875,0.01213539952627185,0.02347556139472773,-0.05338234895875649,11628.75650390625,11987.303061523438,60.179539437270414,14.529999732971191,14.630000114440918,68.72000122070312,1
2024-12-09,11159.021484375,-0.0033708121923483603,0.030132826544430058,-0.041135026247276385,11598.96890625,11989.059243164062,56.269163250247075,14.140000343322754,15.210000038146973,68.72000122070312,1
2024-12-10,11078.2958984375,-0.007234109733593841,0.011197250127868541,-0.026484633085882003,11555.7249609375,11990.106518554687,58.357858559263555,14.109999656677246,14.43000030517578,68.0,1
2024-12-11,11156.9931640625,0.007103733854599392,0.0034210126464433444,-0.017895648047699053,11511.84291015625,11990.12548828125,64.75298924640906,13.779999732971191,14.699999809265137,68.0999984741211,1
2024-12-12,11047.8251953125,-0.0097847123454049,-0.009916437378006071,0.010990447712643236,11470.8743359375,11989.094150390625,53.934538357577,13.270000457763672,14.369999885559082,69.94000244140625,1
2024-12-13,11151.8486328125,0.009415738904353432,0.012821362220068133,0.001430214578665101,11433.41080078125,11988.763740234375,58.92622077352222,13.1899995803833,14.449999809265137,68.54000091552734,1
2024-12-16,11156.251953125,0.00039485115495052625,0.008473328427502258,0.01810595607921628,11406.29728515625,11988.360288085938,62.72107827833806,13.050000190734863,14.529999732971191,68.30000305175781,1
2024-12-17,10989.60546875,-0.014937497384891918,-0.018501614323195748,-0.00013052179842865108,11376.67390625,11986.183017578125,51.841412907379336,14.020000457763672,14.140000343322754,67.19999694824219,1
2024-12-18,10884.6416015625,-0.009551195216786934,-0.024588166910216147,-0.004523903621882708,11346.4994921875,11984.0797265625,51.93283992461031,14.489999771118164,14.109999656677246,68.37000274658203,1
2024-12-19,10838.044921875,-0.00428095672721196,-0.02168663653372771,-0.0192254872607176,11315.30509765625,11982.079604492188,45.36987898617271,14.369999885559082,13.779999732971191,68.58999633789062,1
2024-12-20,10784.3271484375,-0.004956408081413177,-0.03340201164820866,-0.03991459416798038,11278.51033203125,11979.646000976563,35.57756008946602,14.510000228881836,13.270000457763672,70.29000091552734,1
2024-12-23,10706.123046875,-0.007251644028049564,-0.030929358710570565,-0.042313688266404026,11236.5227734375,11978.525908203124,31.132657242451828,15.06999969482422,13.1899995803833,70.0199966430664,1
2024-12-24,10621.6376953125,-0.007891311466587392,-0.047544667701096666,-0.0501106473597599,11196.1586328125,11976.319169921875,32.868672551758294,13.520000457763672,13.050000190734863,71.29000091552734,1
2024-12-26,10779.3310546875,0.014846426125473267,-0.03378562083585068,-0.04418537410827794,11163.6732421875,11973.27109375,38.593367828200144,13.18000030517578,14.020000457763672,70.70999908447266,1
2024-12-27,10823.8984375,0.004134522131883145,-0.0150785241309348,-0.018132312623733715,11133.8816796875,11970.577177734374,33.81148062282388,14.039999961853027,14.489999771118164,70.08000183105469,1
2024-12-30,10683.3203125,-0.012987753517065492,-0.018495904268781782,-0.02268404808910629,11102.52208984375,11966.805756835938,31.03976558838778,13.239999771118164,14.369999885559082,70.58000183105469,1
2024-12-31,10742.1337890625,0.005505168322406773,-0.008849486554435404,-0.013415287242436236,11077.0903515625,11963.835815429688,36.36324021107009,13.970000267028809,14.510000228881836,69.91000366210938,1
2025-01-01,11088.287109375,0.032223888392169275,0.028185343114478734,0.010307364836403599,11059.34640625,11962.875952148437,47.7098205421171,14.449999809265137,15.06999969482422,69.45999908447266,1
2025-01-02,11714.5087890625,0.05647596184247772,0.09418775945059177,0.08047956433702996,11052.72603515625,11965.608266601563,66.52605353337097,14.449999809265137,13.520000457763672,69.23999786376953,1
2025-01-03,11806.4638671875,0.007849674261276363,0.1115483511923856,0.0987712935567322,11052.9426953125,11968.24001953125,66.32456943578553,13.739999771118164,13.18000030517578,70.0999984741211,1
2025-01-06,11629.7763671875,-0.014965319166482138,0.07889592667535483,0.06255204513920143,11048.97462890625,11970.575131835938,60.8741986572112,13.539999961853027,14.039999961853027,69.62000274658203,1
2025-01-07,11595.7939453125,-0.002922018515410074,0.07131400135262034,0.06314193496225973,11048.135703125,11972.669526367188,64.82398787595686,15.649999618530272,13.239999771118164,70.5999984741211,1
2025-01-08,11695.416015625,0.008591224609744819,0.09473606271458501,0.08023155860989073,11054.45037109375,11974.908969726563,69.87895438270183,14.65999984741211,13.970000267028809,70.98999786376953,1
2025-01-09,11614.837890625,-0.006889718577975157,0.08124122438794013,0.061690956331983404,11059.54126953125,11975.963212890625,68.73361412856603,14.470000267028809,14.449999809265137,71.72000122070312,1
2025-01-10,11506.5595703125,-0.009322413393293871,0.03772200853131369,0.06221542368790978,11071.11796875,11976.6683984375,66.97117979446396,14.65999984741211,14.449999809265137,71.72000122070312,1
2025-01-13,11374.5888671875,-0.011469171329498984,-0.0290170017365452,0.03824208066669521,11075.89130859375,11975.027573242187,65.3206323342786,14.920000076293944,13.739999771118164,73.12999725341797,1
2025-01-14,11615.431640625,0.02117375636602259,-0.01618030840660223,0.04465136867732733,11089.04294921875,11974.752670898437,71.25358439969007,16.0,13.539999961853027,73.95999908447266,1
2025-01-15,11819.4736328125,0.017566458010381814,0.016311342508718907,0.05923712185968477,11105.61162109375,11973.393100585938,71.81239033452985,15.470000267028809,15.649999618530272,73.55999755859375,1
2025-01-16,11962.8212890625,0.012128091377271444,0.03165176489690613,0.08647466020418926,11126.18591796875,11973.17732421875,72.93373453936358,15.260000228881836,14.65999984741211,74.25,1
2025-01-17,12006.3994140625,0.003642796623555933,0.026590195510961534,0.08532270787753116,11145.303984375,11971.906372070312,77.72503119706272,15.470000267028809,14.470000267028809,73.31999969482422,0
2025-01-20,11891.3447265625,-0.009582780276761627,0.023806344827307813,0.06203409083574818,11158.4773828125,11969.619130859375,73.52708792329254,15.75,14.65999984741211,73.91999816894531,0
2025-01-21,11756.455078125,-0.011343515097681722,0.02171765646242707,0.05353817040199571,11170.0233984375,11966.808125,64.97428867073216,16.420000076293945,14.920000076293944,76.56999969482422,0
2025-01-22,11891.6416015625,0.011498918895121557,0.04545682841043619,0.0734179435701583,11184.2167578125,11964.757084960938,55.089977640286996,17.059999465942383,16.0,78.81999969482422,0
2025-01-23,11916.7705078125,0.002113157046937708,0.025942976250109107,0.0680987549761436,11196.9994140625,11963.442255859374,53.29629858767581,16.770000457763672,15.470000267028809,77.5,0
2025-01-24,11839.75390625,-0.00646287528252798,0.0017158355835067418,0.07168186470523707,11213.3187890625,11961.059252929688,56.67222952144347,16.700000762939453,15.260000228881836,80.04000091552734,0
2025-01-27,11865.42578125,0.0021682777533449382,-0.008141516575320584,0.06398734164467723,11232.00158203125,11959.518325195313,58.61329084031238,16.75,15.470000267028809,78.68000030517578,0
2025-01-28,11993.9345703125,0.0108305248738374,-0.0010381833320820544,0.07508638391344813,11254.11623046875,11956.446713867188,59.3632627256482,18.1299991607666,15.75,77.87999725341797,0
2025-01-29,11849.6474609375,-0.012030006377735325,-0.0035065223138185386,0.07825958762879259,11271.6059375,11952.541450195313,57.081947300615994,18.200000762939453,16.420000076293945,77.87999725341797,0
2025-01-30,11871.509765625,0.0018449751150462212,0.009786511897968309,0.09066611471349084,11292.1970703125,11949.751259765624,61.612353730437064,18.63999938964844,17.059999465942383,75.88999938964844,0
2025-01-31,12178.833984375,0.025887542934082797,0.02415077685950151,0.12371134020618557,11320.87072265625,11950.537143554688,73.02130138544824,17.389999389648438,16.770000457763672,75.44000244140625,0
2025-02-01,12778.1962890625,0.049213439107262724,0.07228684824342801,0.18488581746278765,11357.53193359375,11953.5539453125,77.61569208831855,16.25,16.700000762939453,74.62000274658203,0
2025-02-03,12999.25390625,0.01729959473049525,0.09793277877067363,0.21418872633304353,11399.3750390625,11957.284750976563,77.79516116934803,16.25,16.75,74.66000366210938,0
2025-02-04,12969.5751953125,-0.0022831087962079666,0.09305602971343019,0.22105230543084553,11442.23119140625,11961.345908203126,75.0609923892,14.350000381469728,18.1299991607666,73.16999816894531,0
2025-02-05,12946.6728515625,-0.001765851495142079,0.0794350073918384,0.20106459165965673,11482.36580078125,11963.793344726562,73.64954152056205,14.020000457763672,18.200000762939453,73.7699966430664,0
2025-02-06,12934.009765625,-0.0009780957689041747,0.09151008992141851,0.19494929117353887,11524.39390625,11965.812158203125,77.6489763532393,14.079999923706056,18.63999938964844,72.62000274658203,0
2025-02-07,12909.7724609375,-0.0018739203948890948,0.08745835330219598,0.20840451126719883,11563.47689453125,11966.677075195312,82.48986924238714,14.18000030517578,17.389999389648438,72.7300033569336,0
2025-02-10,12762.615234375,-0.011398901646622273,0.04793408389908027,0.1880893949924296,11596.35009765625,11967.061997070312,74.37164672852964,13.6899995803833,16.25,72.52999877929688,0
2025-02-11,12588.103515625,-0.01367366449158225,-0.014876338501718767,0.13526132498696986,11624.9426171875,11966.679956054688,67.33598593037513,14.449999809265137,16.25,72.52999877929688,0
2025-02-12,12520.041015625,-0.0054068907135628175,-0.03686464577744697,0.06876363670618457,11655.12990234375,11967.031479492187,67.6488263234327,14.869999885559082,14.350000381469728,73.16000366210938,0
2025-02-13,12535.6220703125,0.001244489108945812,-0.03345931678293057,0.06175923725574384,11684.59203125,11967.527060546876,67.47855169775607,14.899999618530272,14.020000457763672,72.69999694824219,0
2025-02-14,12544.4765625,0.0007063464531584795,-0.03106560995815688,0.07865157217410079,11711.5462890625,11967.441401367187,65.3137449522813,14.960000038146973,14.079999923706056,71.02999877929688,0
2025-02-17,12626.2412109375,0.006517980087102471,-0.02379529320485463,0.08886388206661344,11740.89068359375,11967.824106445312,72.37997140702217,15.020000457763672,14.18000030517578,70.61000061035156,0
2025-02-18,12649.2919921875,0.0018256249714310169,-0.020176999210339663,0.08155981585333327,11772.31060546875,11969.856796875,72.39887798762231,15.720000267028809,13.6899995803833,71.0,0
2025-02-19,12550.3134765625,-0.007824826534649665,-0.016634659426281506,0.08054142423223798,11800.17701171875,11971.653569335938,62.156838055621776,15.670000076293944,14.449999809265137,72.31999969482422,0
2025-02-20,12307.4423828125,-0.019351795013212825,-0.022295743950955682,0.06960228273326097,11825.36935546875,11972.6047265625,29.90585951959342,15.420000076293944,14.869999885559082,73.31999969482422,0
2025-02-21,12191.4970703125,-0.00942074794206793,-0.026241443211126647,0.07181870155162717,11846.16232421875,11972.096577148437,12.121914294009528,14.68000030517578,14.899999618530272,71.37000274658203,0
2025-02-24,12213.013671875,0.0017648859232304304,-0.025735332209920192,0.05144725135826689,11867.29755859375,11971.886625976562,14.248941615574097,14.529999732971191,14.960000038146973,71.29000091552734,0
2025-02-25,12342.7587890625,0.01062351362844094,-0.016080206490281745,0.04427313537865918,11894.360625,11971.488203125,24.079594399521156,14.4399995803833,15.020000457763672,70.73999786376953,0
2025-02-27,12248.0341796875,-0.00767450867296704,-0.029954047679873086,0.023841607571766232,11921.6284765625,11970.624248046875,22.49498601723353,13.720000267028809,15.720000267028809,70.73999786376953,0
2025-02-28,11817.939453125,-0.035115408746636434,-0.06572324676953956,-0.015696625977373868,11941.2263671875,11966.922075195313,16.971368846700827,13.3100004196167,15.670000076293944,71.8499984741211,0
2025-03-03,11649.5126953125,-0.014251787164805907,-0.0717751618660546,-0.02033681108494012,11958.530078125,11962.607592773438,16.755750282767323,13.90999984741211,15.420000076293944,72.25,0
2025-03-04,11491.869140625,-0.013532201630282126,-0.06626667156504085,-0.02250558826974214,11974.245,11958.826220703126,16.92629611427938,13.760000228881836,14.68000030517578,72.56999969482422,1
2025-03-05,11492.95703125,9.466611668540459e-05,-0.05729731427024776,-0.03352645359410389,11991.67138671875,11954.345395507813,17.707552939847176,13.829999923706056,14.529999732971191,70.4000015258789,1
2025-03-06,11541.482421875,0.0042221849862533745,-0.05498489300363674,-0.03149243208900143,12006.9144140625,11950.931411132813,19.377723445075674,13.670000076293944,14.4399995803833,70.69999694824219,1
2025-03-07,11539.2568359375,-0.00019283362883104616,-0.06509905660937176,-0.02538034765687769,12021.22158203125,11947.221845703125,18.90945929047922,13.729999542236328,13.720000267028809,68.93000030517578,1
2025-03-10,11461.9921875,-0.006695808017451288,-0.06417699205078109,-0.03400076838266641,12036.79501953125,11941.148481445312,13.890310766172092,13.470000267028809,13.3100004196167,70.3499984741211,1
2025-03-11,11522.240234375,0.005256332920964946,-0.025021216255411538,-0.03932773963141689,12052.3971484375,11935.05515625,15.832376585443257,13.989999771118164,13.90999984741211,69.76000213623047,1
2025-03-12,11515.462890625,-0.0005881967058611881,-0.01150690232231244,-0.028202068577495076,12060.9406640625,11929.390278320312,16.769867297347645,14.06999969482422,13.760000228881836,68.37000274658203,1
2025-03-13,11390.515625,-0.01085039019375611,-0.008819584906923805,-0.04051667817498339,12054.46080078125,11923.529428710937,18.143966973216635,13.6899995803833,13.829999923706056,68.26000213623047,1
2025-03-17,11429.9892578125,0.003465482521780139,-0.005478813961131812,-0.06148739095411271,12046.93130859375,11918.012705078125,22.058884654358664,13.279999732971191,13.670000076293944,66.30999755859375,1
2025-03-18,11429.9892578125,0.0,-0.00966021174638565,-0.10550839889695529,12042.93556640625,11913.430200195313,20.808476648368654,13.420000076293944,13.729999542236328,66.36000061035156,1
2025-03-19,11491.1767578125,0.0053532421264681496,-0.004166652914359359,-0.11601259266983166,12040.84322265625,11910.127299804688,16.54235441270133,13.210000038146973,13.470000267028809,67.04000091552734,1
2025-03-20,11604.5986328125,0.009870344647069151,0.012441680554277523,-0.10524450816194297,12039.026875,11907.014926757813,25.086212372836755,13.300000190734863,13.989999771118164,66.02999877929688,1
2025-03-21,11607.1708984375,0.00022165916343941383,0.007371020073780654,-0.10346302625259729,12038.87353515625,11905.385961914062,37.799946412400665,12.600000381469728,14.06999969482422,66.25,1
2025-03-24,11794.5927734375,0.01614707637545254,0.02423957121513065,-0.08809464449421966,12044.63419921875,11903.093955078126,58.2170702136321,12.579999923706056,13.6899995803833,67.68000030517578,1
2025-03-25,11741.814453125,-0.004474789535028445,0.030841345527323316,-0.09047084380042458,12051.9787109375,11899.700610351563,66.06473496175003,13.699999809265137,13.279999732971191,66.55000305175781,1
2025-03-26,11608.6552734375,-0.011340596482689369,0.0156313371425858,-0.09041720209737336,12051.84318359375,11894.968188476563,56.357025807995555,13.640000343322754,13.420000076293944,67.58000183105469,1
2025-03-27,11596.4375,-0.0010524710355950262,0.014562414577400595,-0.07877803152747298,12047.3824609375,11890.632109375,53.14497956774833,13.470000267028809,13.210000038146973,66.9000015258789,1
2025-03-28,11398.77734375,-0.017044903337770756,-0.008040900945995855,-0.08955750787682437,12036.10158203125,11884.591811523438,43.43019522483328,13.300000190734863,13.300000190734863,67.16000366210938,1
2025-04-01,11358.166015625,-0.0035627793139820785,-0.02123577255750153,-0.09392880928310787,12023.1369140625,11878.418530273437,44.971984079541755,12.720000267028809,12.600000381469728,68.26000213623047,1
2025-04-02,11590.6494140625,0.020468392354688447,-0.0014233859843679753,-0.07603562760751903,12017.1230078125,11873.419921875,52.839233964940725,13.779999732971191,12.579999923706056,68.27999877929688,1
2025-04-03,11562.94921875,-0.00238987431359039,-0.01963980945651489,-0.0842128686141701,12013.252890625,11868.290893554688,51.93721365682642,13.720000267028809,13.699999809265137,69.11000061035156,1
2025-04-04,11359.056640625,-0.017633267626426696,-0.03259784201394289,-0.1020005983227662,12002.60119140625,11863.535278320312,48.79428695476424,13.600000381469728,13.640000343322754,69.0,1
2025-04-07,11208.4365234375,-0.013259914265135064,-0.03447589239003124,-0.10691979571912147,11988.43451171875,11859.588984375,42.1752992334987,13.760000228881836,13.470000267028809,69.6500015258789,1
2025-04-08,11336.2041015625,0.011399232877647991,-0.02244080550061167,-0.07891471282500961,11978.363515625,11856.735283203125,46.96192056122662,22.790000915527344,13.300000190734863,69.91999816894531,1
2025-04-09,11334.720703125,-0.00013085495146436532,-0.005619606269449795,-0.07027655112790332,11967.7494140625,11853.61935546875,44.72782366208789,20.440000534057617,12.720000267028809,69.36000061035156,1
2025-04-11,11474.8525390625,0.012363060335387477,0.010273359561480122,-0.06044053930049964,11957.3677734375,11851.292783203126,45.70519385137372,21.43000030517578,13.779999732971191,71.19999694824219,1
2025-04-15,11728.0625,0.022066511101169084,0.011855512234783205,-0.049802179526283186,11954.93607421875,11850.559594726563,53.43220186258771,20.11000061035156,13.720000267028809,71.70999908447266,1
2025-04-16,11539.107421875,-0.016111363503136134,-0.002061913135131599,-0.05788086050479879,11948.28802734375,11848.481528320313,42.752891314284135,16.1299991607666,13.600000381469728,66.94999694824219,1
2025-04-17,11569.775390625,0.0026577418537470088,0.01855072623252685,-0.020998928238236902,11936.10685546875,11846.652358398438,45.05794087976776,15.869999885559082,13.760000228881836,61.9900016784668,1
2025-04-21,11619.240234375,0.004275350391856447,0.036651294770549514,-0.002598603197340732,11912.927734375,11845.780546875,50.319427147093265,15.470000267028809,22.790000915527344,60.70000076293945,1
2025-04-22,11608.3583984375,-0.0009365359281673369,0.024007533248055157,0.010136667620126216,11885.10982421875,11844.487788085937,50.360032632104875,15.520000457763672,20.440000534057617,59.58000183105469,1
2025-04-23,11779.505859375,0.01474346803080584,0.03924094540127232,0.024932558900712554,11861.3084375,11844.374428710937,61.685832023470816,15.229999542236328,21.43000030517578,62.34999847412109,1
2025-04-24,11766.6455078125,-0.001091756455324,0.025428907932078637,0.01950902645839836,11837.707890625,11843.799599609374,62.75488703095755,15.960000038146973,20.11000061035156,61.5,1
2025-04-25,11572.744140625,-0.016478899365053423,-0.013243309316862906,0.0029020330480216128,11810.482578125,11842.422124023438,49.42709892393961,16.25,16.1299991607666,61.33000183105469,1
2025-04-28,11719.1591796875,0.012651713135912512,0.015603612240507436,0.022436500390216274,11786.6703125,11841.70591796875,54.64523656993774,17.15999984741211,15.869999885559082,62.470001220703125,1
2025-04-29,11714.212890625,-0.00042206859610482983,0.012484036649236696,0.016661053089075173,11765.702265625,11841.359194335937,61.978667116371724,16.940000534057617,15.470000267028809,64.68000030517578,1
2025-04-30,12125.7578125,0.03513210197881622,0.043593003321033885,0.05299786275824436,11756.4553515625,11839.1299609375,76.30873299018216,17.3700008392334,15.520000457763672,63.08000183105469,1
2025-05-02,12272.173828125,0.012074793005849571,0.05718426386429032,0.07740283514382162,11751.4980078125,11837.901831054687,76.55946993734464,18.21999931335449,15.229999542236328,64.30999755859375,1
2025-05-05,12324.6064453125,0.004272479995951262,0.04627533552298102,0.07826929381307335,11747.2776953125,11837.218115234375,77.30002957198192,18.26000022888184,15.960000038146973,62.27000045776367,1
2025-05-06,12446.2890625,0.00987314424419461,0.0577601793337148,0.08891520208497572,11745.3139453125,11837.891064453124,77.06665505728955,18.34000015258789,16.25,62.790000915527344,1
2025-05-07,12497.732421875,0.004133228717144055,0.07992817174648481,0.08759378480347313,11742.74376953125,11838.422109375,74.1615194734964,19.0,17.15999984741211,63.02000045776367,1
2025-05-08,12259.3125,-0.019077054446908215,0.046091473972700525,0.0564184844218798,11734.9441796875,11837.782622070312,71.92772760843891,19.059999465942383,16.940000534057617,62.04999923706055,1
2025-05-09,12118.8330078125,-0.01145900246751197,0.03454095644030186,0.04408155215875009,11726.3145703125,11836.418681640625,65.66912938907578,21.01000022888184,17.3700008392334,60.41999816894531,1
2025-05-12,12480.9140625,0.029877551283533865,0.029289406525494277,0.05818948583016437,11729.78400390625,11837.451943359374,70.86728622214318,21.6299991607666,18.21999931335449,58.209999084472656,1
2025-05-13,12348.3486328125,-0.010621452004529464,0.006207115850406675,0.051655915881559045,11732.92103515625,11837.249306640624,66.92306798975169,18.38999938964844,18.26000022888184,58.290000915527344,1
2025-05-14,12534.3359375,0.01506171474566953,0.017017135039412823,0.07974055928601897,11739.34748046875,11838.03638671875,67.14606540183601,18.200000762939453,18.34000015258789,57.130001068115234,1
2025-05-15,12813.31640625,0.02225729948048949,0.029488897606904763,0.10493558097044886,11748.7586328125,11840.913212890626,71.21089122509262,17.229999542236328,19.0,59.09000015258789,0
2025-05-16,12855.8564453125,0.003319986622803528,0.028655120092879294,0.12782766586465732,11760.915078125,11843.895180664062,77.70182545602667,16.889999389648438,19.059999465942383,58.06999969482422,0
2025-05-19,12849.919921875,-0.00046177580332773527,0.048176227000902294,0.1313375684241498,11781.5546875,11846.090390625,75.9890504280936,16.549999237060547,21.01000022888184,59.90999984741211,0
2025-05-20,12502.6787109375,-0.027022830729581115,0.03167348728029751,0.07868664337034215,11798.6180078125,11846.118911132813,65.65813751344459,17.360000610351562,21.6299991607666,61.02000045776367,0
2025-05-21,12479.9248046875,-0.0018199224962962557,-7.926164762817045e-05,0.07930291559618463,11818.37912109375,11845.4353515625,58.317840604938866,17.389999389648438,18.38999938964844,61.95000076293945,1
2025-05-22,12311.7451171875,-0.013476017694980968,-0.002964243779750131,0.08387038701394145,11834.7548828125,11842.72431640625,50.91995290465918,17.549999237060547,18.200000762939453,63.66999816894531,1
2025-05-23,12319.6591796875,0.000642805908071642,-0.017127094636919193,0.09914162906899349,11850.31841796875,11838.860883789062,49.88255498772693,17.260000228881836,17.229999542236328,63.150001525878906,1
2025-05-26,12288.001953125,-0.002569651164919917,-0.04099754009576828,0.08396089581973132,11865.2933203125,11837.350229492187,46.07457831371987,17.280000686645508,16.889999389648438,61.619998931884766,1
2025-05-27,12281.0771484375,-0.0005635419585637846,-0.04470952980223852,0.08349181864283506,11881.67501953125,11838.4045703125,44.505768008713304,18.020000457763672,16.549999237060547,62.4900016784668,0
2025-05-28,12198.9658203125,-0.006686003770886462,-0.050658222426301025,0.06310436485218318,11895.20953125,11839.393369140626,48.337879877627934,18.540000915527344,17.360000610351562,62.68999862670898,1
2025-05-29,12259.3125,0.0049468684949520725,-0.019465125559421148,0.04529733704949135,11910.0865234375,11839.494770507812,54.047887712347304,18.020000457763672,17.389999389648438,62.560001373291016,1
2025-05-30,12187.0947265625,-0.0058908501955146075,-0.023464089945078204,0.056155756333379214,11926.01810546875,11839.990161132813,39.83574823738468,16.420000076293945,17.549999237060547,61.56999969482422,1
2025-06-02,12158.4052734375,-0.0023540846911175306,-0.012454761066807207,0.050876517731663684,11940.58642578125,11840.315639648437,42.92038297240397,16.079999923706055,17.260000228881836,61.20000076293945,1
2025-06-03,11998.1396484375,-0.01318146758523775,-0.02609808652662382,0.03260965488445122,11951.94943359375,11839.59716796875,29.62406584247296,17.15999984741211,17.280000686645508,61.52999877929688,1
2025-06-04,12032.7646484375,0.0028858640601427954,-0.020771261728404045,0.03656040203385902,11962.78119140625,11839.531625976562,13.57339281042951,16.559999465942383,18.020000457763672,61.52999877929688,1
2025-06-05,11996.1611328125,-0.0030419871654144837,-0.023199594968854154,0.018392560437080707,11970.61244140625,11839.137641601563,9.656400601995543,15.75,18.540000915527344,60.88999938964844,1
2025-06-06,12328.5634765625,0.027709059595806496,0.010623659264149099,0.04775515403917896,11985.04029296875,11840.367827148437,31.272209628726912,15.079999923706056,18.020000457763672,61.84000015258789,0
2025-06-09,12501.689453125,0.014042672278211876,0.01977084384829908,0.08027009853600986,11999.1822265625,11842.777744140625,49.95938398373755,14.630000114440918,16.420000076293945,60.93999862670898,0
2025-06-10,12385.9423828125,-0.009258514278929542,0.016316247695736585,0.0568968466851032,12012.06478515625,11844.286665039062,46.41510277365954,14.6899995803833,16.079999923706055,60.790000915527344,0
2025-06-11,12318.669921875,-0.005431355875742727,0.013181387265287947,0.05160031125384035,12026.265078125,11845.429541015625,50.2861718193199,14.020000457763672,17.15999984741211,62.52000045776367,1
2025-06-12,12257.333984375,-0.004979103903992255,0.021602877073634952,0.01085096485593362,12039.4830078125,11845.991708984375,47.53328772576712,13.670000076293944,16.559999465942383,63.40999984741211,1
2025-06-13,12275.1416015625,0.0014528132471709476,0.020143081013096475,0.0002418294818069544,12057.01029296875,11846.51455078125,49.48537003414714,14.020000457763672,15.75,62.84999847412109,0
2025-06-16,12395.8349609375,0.009832339478645036,0.033316810577993294,0.005779374452325126,12077.763671875,11847.930229492187,54.208997093044076,15.079999923706056,15.079999923706056,63.369998931884766,0
2025-06-17,12460.138671875,0.005187525579368968,0.010672386573069348,0.0011127500980776528,12095.15345703125,11848.415473632813,59.70587786985376,14.84000015258789,14.630000114440918,64.58000183105469,0
2025-06-18,12611.5009765625,0.012147722322637833,0.008783734698357248,0.00910313574071786,12116.1244921875,11850.3470703125,62.25897002366535,14.399999618530272,14.6899995803833,65.29000091552734,0
2025-06-19,12668.8798828125,0.004549728565746092,0.02284343744345385,0.03340867465549158,12142.32095703125,11852.089213867188,66.9450146043365,14.279999732971191,14.020000457763672,64.9800033569336,0
2025-06-20,12654.0400390625,-0.001171361942592264,0.027224539606501175,0.04416324830162899,12171.23302734375,11854.0084375,67.60362110228573,14.260000228881836,13.670000076293944,68.1500015258789,0
2025-06-23,12563.025390625,-0.00719253678323617,0.02493946943435499,0.006578951486551077,12195.769453125,11855.35189453125,71.10124708438485,13.670000076293944,14.020000457763672,68.04000091552734,0
2025-06-24,12475.9677734375,-0.00692966976350029,0.01636039553706148,0.010334915576151182,12218.59439453125,11856.409946289063,65.93172359175695,14.050000190734863,15.079999923706056,72.9800033569336,1
2025-06-25,12630.2978515625,0.012370188904590185,0.018914650877803085,0.007655923260793118,12241.70330078125,11858.540639648438,71.01638962249496,13.640000343322754,14.84000015258789,71.7699966430664,0
2025-06-26,12578.8544921875,-0.0040730123691133935,0.009527648402538613,-0.018298300504632437,12258.719140625,11860.6003515625,60.19338550308707,12.960000038146973,14.399999618530272,74.83999633789062,1
2025-06-27,12506.6357421875,-0.005741281930310427,-0.008315047873356574,-0.027164328149629657,12278.06970703125,11862.8551953125,50.21948279194245,12.59000015258789,14.279999732971191,75.13999938964844,1
2025-06-30,12267.2265625,-0.019142572361000587,-0.03170393310441055,-0.04534606930764251,12292.01873046875,11864.11283203125,45.253143550187076,12.390000343322754,14.260000228881836,75.13999938964844,1
2025-07-01,12308.77734375,0.003387137348308089,-0.02728477974201826,-0.015508785890648635,12305.80947265625,11864.99626953125,49.59613759229432,12.789999961853027,13.670000076293944,74.93000030517578,1
2025-07-02,12486.849609375,0.01446709617469999,-0.006063490192963039,0.0005548755137450012,12323.379296875,11866.872958984375,58.55455208571441,12.529999732971191,14.050000190734863,68.51000213623047,1
2025-07-03,12615.4580078125,0.010299507278516584,0.011180714547210258,0.024668549237671478,12340.09833984375,11868.609912109376,61.71659926651058,12.449999809265137,13.640000343322754,64.37000274658203,1
2025-07-04,12510.5927734375,-0.008312439731483323,-0.009477613238565996,0.015498285379907939,12354.97728515625,11870.241997070312,53.99447968292169,12.390000343322754,12.960000038146973,64.91999816894531,1
2025-07-07,12385.9423828125,-0.009963587887670489,-0.015336222347974049,0.007970411305362246,12371.24125,11871.38462890625,47.52150581480696,12.31999969482422,12.59000015258789,65.23999786376953,1
2025-07-08,12281.0771484375,-0.008466471999782343,-0.018035113390977187,0.0,12382.479609375,11872.216870117187,38.60846858688098,12.5600004196167,12.390000343322754,65.5199966430664,1
2025-07-09,12336.4775390625,0.004511036772702592,0.005645202378033343,0.011272407905351223,12394.92490234375,11873.532138671875,38.52460342825702,12.199999809265137,12.789999961853027,65.11000061035156,1
2025-07-10,12514.5498046875,0.014434611910989048,0.016717538646678465,0.02081987099093041,12402.7007421875,11875.008657226563,45.67219476487,11.9399995803833,12.529999732971191,65.44999694824219,1
2025-07-11,12439.3642578125,-0.006007850705651241,-0.0038028288197567983,0.02069972679379961,12406.04455078125,11874.808325195312,46.12524762442726,11.670000076293944,12.449999809265137,67.44999694824219,1
2025-07-14,12380.0068359375,-0.0047717407935635725,-0.01866370382503668,0.018226202986022733,12407.15255859375,11873.971884765626,46.94007829792322,11.81999969482422,12.390000343322754,67.0,1
2025-07-15,12401.7705078125,0.0017579692938314295,-0.008698410027065395,0.03364112030714406,12406.2621875,11872.969731445313,42.03994247282494,11.979999542236328,12.31999969482422,66.5,1
2025-07-16,12429.470703125,0.0022335678034881568,0.003514332536610487,0.03296882024024406,12404.896953125,11871.875078125,44.70915556920617,11.479999542236328,12.5600004196167,67.93000030517578,1
2025-07-17,12342.4130859375,-0.007004129078932664,0.004994345101708264,0.02886356304250648,12406.55896484375,11867.384677734375,44.24409705393498,11.239999771118164,12.199999809265137,68.33000183105469,1
2025-07-18,12286.0234375,-0.004568770146070378,-0.004089830456282306,-0.003450526830913625,12409.9027734375,11862.05931640625,50.75578144534563,11.239999771118164,11.9399995803833,68.37999725341797,1
2025-07-21,12272.173828125,-0.0011272654203741128,-0.019367534617323212,-0.01835876869766817,12405.72796875,11857.938916015624,48.494720558256994,11.390000343322754,11.670000076293944,66.56999969482422,1
2025-07-22,12358.2421875,0.007013293698444167,-0.006521400019422363,-0.002236422103088276,12405.92583984375,11854.605,44.27818415962378,11.199999809265137,11.81999969482422,68.44999694824219,1
2025-07-23,12491.796875,0.01080693236737873,0.009029885083583933,0.014054029714487992,12405.07505859375,11854.504345703124,44.52235586843168,10.75,11.979999542236328,66.9800033569336,1
2025-07-24,12422.5458984375,-0.005543716188748826,0.0016751955385654327,0.013478617313773311,12397.2596484375,11854.263203125,45.97284978944115,10.520000457763672,11.479999542236328,66.5199966430664,1
2025-07-25,12271.1845703125,-0.012184404820274275,-0.01273474443064615,-0.0003223613525970004,12385.5662109375,11853.652314453126,44.87632046629007,10.720000267028809,11.239999771118164,66.37999725341797,1
2025-07-28,12207.869140625,-0.005159683592460884,-0.010900943306280553,-0.015163627210658226,12372.7251953125,11852.702836914063,46.605482486526526,11.279999732971191,11.239999771118164,67.54000091552734,1
2025-07-29,12335.48828125,0.010453842448254314,0.004026106901197979,-0.010003932854002695,12369.38138671875,11851.259951171874,49.95700919824913,12.0600004196167,11.390000343322754,67.33999633789062,1
2025-07-30,12482.892578125,0.011949611844636499,0.017170450235725943,-0.01019770752716187,12369.4407421875,11849.646909179688,48.5865769061395,11.529999732971191,11.199999809265137,67.19999694824219,1
2025-07-31,12473.0,-0.0007924908480215764,0.009285933287185077,-0.015461499724079397,12372.66583984375,11848.812685546874,51.594738377342246,11.210000038146973,10.75,66.20999908447266,1
2025-08-01,12302.0,-0.013709612763569301,-0.015193720879327022,-0.027820367090333753,12372.31265625,11848.304682617187,46.65559106929477,11.539999961853027,10.520000457763672,65.25,1
2025-08-04,12365.0,0.005121118517314338,-0.004632375594179727,-0.015762555950318613,12373.8526171875,11848.562299804687,48.47736612201291,11.979999542236328,10.720000267028809,66.02999877929688,1
2025-08-05,12537.0,0.013910230489284192,0.021661757930899528,0.004891983345167272,12378.97107421875,11849.99080078125,53.97737042029871,11.970000267028809,11.279999732971191,65.16000366210938,1
2025-08-06,12524.0,-0.0010369306851718552,0.025895662521724594,-0.008416100143620153,12385.4717578125,11852.542197265626,57.1059737643222,11.710000038146973,12.0600004196167,66.70999908447266,1
2025-08-07,12632.0,0.008623442989460273,0.024037290781646625,0.004224987883078457,12392.9255078125,11855.824775390625,63.01332628083631,11.960000038146973,11.529999732971191,69.20999908447266,1
2025-08-08,12590.0,-0.0033248891703610006,0.00858033674524239,0.0066656021276205735,12400.98361328125,11858.547138671875,61.706591004901995,11.6899995803833,11.210000038146973,70.0,1
2025-08-11,12597.0,0.0005559968228752155,0.009941473582939064,0.026882477128782556,12409.7555078125,11862.553984375,59.33816115134292,12.029999732971191,11.539999961853027,69.26000213623047,1
2025-08-12,12840.0,0.019290307216003777,0.04373272638595349,0.043158036043257963,12426.59271484375,11867.6130859375,62.544752426200716,12.220000267028809,11.979999542236328,67.33000183105469,1
2025-08-13,12834.0,-0.00046728971962617383,0.03792964011322275,0.02780127906436558,12442.617421875,11873.594384765625,65.53134328578284,12.229999542236328,11.970000267028809,66.29000091552734,1
2025-08-14,12936.0,0.0079476390836839,0.031825795644891075,0.025408668634067322,12461.41419921875,11881.375971679687,76.06646158747225,12.140000343322754,11.710000038146973,65.16000366210938,1
2025-08-18,14068.0,0.08750773036487325,0.12328329607154265,0.12448708504597716,12496.2029296875,11894.914506835938,89.67998100134574,12.359999656677246,11.960000038146973,64.3499984741211,1
2025-08-19,14250.0,0.012937162354279108,0.12808739708676375,0.15049784340787675,12531.169140625,11911.525883789063,89.9139851847991,12.34000015258789,11.6899995803833,63.880001068115234,1
2025-08-20,14221.0,-0.0020350877192982786,0.1295472597299443,0.1579603179847553,12567.87029296875,11926.951274414063,88.11818676352796,11.789999961853027,12.029999732971191,63.880001068115234,1
2025-08-21,14280.0,0.004148794036987535,0.1336032388663968,0.15754273898553994,12607.09689453125,11943.562026367188,88.79347359381708,11.789999961853027,12.220000267028809,63.959999084472656,1
2025-08-22,14349.0,0.0048319327731092265,0.11752336448598122,0.14658539251850522,12648.93021484375,11960.351826171875,95.95868881903907,11.369999885559082,12.229999542236328,63.16999816894531,1
2025-08-25,14452.0,0.007178200571468452,0.1260713729156926,0.16179570760004647,12692.4673828125,11977.941293945312,96.02999558888399,11.729999542236328,12.140000343322754,62.650001525878906,1
2025-08-26,14714.0,0.01812897868807095,0.13744588744588748,0.18852923063719396,12738.83068359375,11996.258813476563,96.18158676283412,11.760000228881836,12.359999656677246,63.959999084472656,1
2025-08-28,14752.0,0.0025825744189207356,0.04862098379300539,0.18950757802742535,12784.66791015625,12013.855439453126,96.76742233417296,12.1899995803833,12.34000015258789,63.41999816894531,1
2025-08-29,14791.0,0.002643709327548871,0.03796491228070176,0.18999435722401814,12828.257890625,12031.91466796875,96.67099005620406,12.18000030517578,11.789999961853027,62.34999847412109,1
2025-09-01,14887.0,0.006490433371644899,0.04683214963785942,0.20616607922171326,12872.62029296875,12050.439799804688,98.52133502323616,11.75,11.789999961853027,63.209999084472656,1
2025-09-02,14842.0,-0.0030227715456438986,0.03935574229691885,0.20803936892213004,12916.3794921875,12068.261611328126,96.67359667359668,11.289999961853027,11.369999885559082,63.52000045776367,1
2025-09-03,14927.0,0.005726990971567147,0.04028155272144396,0.21632892501821877,12963.658984375,12087.777685546875,96.43969737427682,11.399999618530272,11.729999542236328,63.65999984741211,1
2025-09-04,14662.0,-0.01775306491592421,0.014530860780514798,0.18641468402603278,13007.37962890625,12106.431254882813,86.47246608140463,10.93000030517578,11.760000228881836,64.80000305175781,1
2025-09-05,14895.0,0.01589141999727195,0.012301209732227703,0.19238250101629184,13052.673671875,12126.465244140625,87.14448236632536,10.850000381469728,12.1899995803833,63.25,1
2025-09-08,15258.0,0.02437059415911369,0.03430043383947945,0.2282506440100287,13106.25658203125,12147.87943359375,81.85224839400428,10.779999732971191,12.18000030517578,64.5999984741211,1
2025-09-09,15365.0,0.007012714641499551,0.03880738286796026,0.252120356593146,13163.4238671875,12170.49466796875,81.09313998884551,10.84000015258789,11.75,64.01000213623047,1
2025-09-10,15108.0,-0.016726326065733765,0.014845166924162045,0.23756241371592246,13220.2393359375,12192.308911132812,71.94458189015339,10.6899995803833,11.289999961853027,64.01000213623047,1
2025-09-11,15095.0,-0.0008604712734975317,0.017046220185958694,0.22370510642407804,13275.9637890625,12213.058232421876,70.63291139240506,10.539999961853027,11.399999618530272,65.58999633789062,1
2025-09-12,15325.0,0.015236833388539317,0.026663093722784303,0.22768019544248141,13332.726796875,12235.147739257813,72.84644194756554,10.359999656677246,10.93000030517578,63.970001220703125,1
2025-09-15,15265.0,-0.003915171288743857,0.04112672213886226,0.22384350196424285,13385.71763671875,12257.338901367188,69.42188246536072,10.119999885559082,10.850000381469728,63.47999954223633,1
2025-09-16,15573.0,0.02017687520471667,0.04551863041289028,0.2658917249227768,13446.96578125,12280.504189453124,70.07947639083685,10.399999618530272,10.779999732971191,61.869998931884766,1
2025-09-17,15801.0,0.014640724330572175,0.03558788832088089,0.2778811160533765,13515.26693359375,12305.346166992187,72.5203950193216,10.270000457763672,10.84000015258789,62.2599983215332,1
2025-09-18,15817.0,0.0010125941396115223,0.029417507321835235,0.26162558825875415,13585.985390625,12329.653051757812,72.24631396357329,10.25,10.6899995803833,62.630001068115234,0
2025-09-19,15864.0,0.002971486375418886,0.05003971405877672,0.2666879591184925,13656.53583984375,12353.378276367188,71.64377492246345,9.890000343322754,10.539999961853027,63.66999816894531,0
2025-09-22,15816.0,-0.00302571860816947,0.04776416031798614,0.2520582647245091,13722.56484375,12376.665888671874,71.54867256637168,9.970000267028809,10.359999656677246,62.369998931884766,0
2025-09-23,16097.0,0.017766818411734997,0.05037520391517125,0.27855440826052424,13795.71755859375,12402.097504882813,73.81921824104234,10.5600004196167,10.119999885559082,62.68999862670898,0
2025-09-24,16249.0,0.009442753308069873,0.06446118571896498,0.2899102961022466,13873.097421875,12428.029926757812,83.86683738796415,10.630000114440918,10.399999618530272,63.29999923706055,0
2025-09-25,16269.0,0.001230844975075307,0.04469273743016755,0.26705607476635507,13950.44201171875,12453.391108398437,82.25352112676056,10.520000457763672,10.270000457763672,64.5199966430664,0
2025-09-26,16286.0,0.0010449320794148065,0.03069425985697105,0.2689730403615396,14027.57259765625,12479.026000976562,78.81165919282512,10.779999732971191,10.25,64.05000305175781,0
2025-09-29,15984.0,-0.018543534323959276,0.01055826009989258,0.23562152133580705,14100.4043359375,12503.554521484375,65.63921172309247,11.43000030517578,9.890000343322754,63.56999969482422,0
2025-09-30,16029.0,0.0028153153153154253,0.010400907715582441,0.1393943702018765,14175.2638671875,12527.914555664063,76.06112054329371,11.369999885559082,9.970000267028809,62.68000030517578,0
2025-10-01,15965.0,-0.003992763116850706,0.009420839656044455,0.12035087719298243,14249.120390625,12552.5004296875,73.92739273927393,11.06999969482422,10.5600004196167,62.63999938964844,0
2025-10-03,15806.0,-0.009959285937989337,-0.018077902714791594,0.11145489065466574,14318.075546875,12575.771186523438,63.76645678305667,10.289999961853027,10.630000114440918,63.40999984741211,1
2025-10-06,15998.0,0.012147285840820032,-0.015447104437196102,0.12030812324929974,14388.199609375,12599.979926757813,69.50505588078765,10.0600004196167,10.520000457763672,64.98999786376953,0
2025-10-07,16108.0,0.006875859482435409,-0.009896121457987572,0.1225869398564361,14461.90869140625,12625.571899414062,65.9131469363474,10.1899995803833,10.779999732971191,64.9800033569336,0
2025-10-08,16012.0,-0.00595977154209093,-0.01682426624094313,0.10794353722668149,14536.725,12651.20869140625,56.81084570690768,10.050000190734863,11.43000030517578,65.72000122070312,0
2025-10-09,15985.0,-0.0016862353235074234,6.256256256254034e-05,0.08638031806442847,14612.2676171875,12676.943466796874,55.38461538461538,10.3100004196167,11.369999885559082,63.45000076293945,0
2025-10-10,16265.0,0.017516421645292546,0.014723313993386888,0.10256236442516276,14690.8578515625,12704.346831054687,61.18237590630229,10.119999885559082,11.06999969482422,62.369998931884766,0
2025-10-13,16323.0,0.003565939133107987,0.022424052615095613,0.10357649922250012,14767.66,12732.431215820312,64.05990016638935,10.100000381469728,10.289999961853027,61.77999877929688,0
2025-10-14,16261.0,-0.003798321386999981,0.028786536758192982,0.09229529119365898,14843.42,12760.62802734375,55.17676767676767,11.010000228881836,10.0600004196167,60.880001068115234,0
2025-10-15,16212.0,-0.0030133448127421802,0.013376672084010499,0.09230561918878855,14921.62,12787.791372070313,48.7508440243079,11.15999984741211,10.1899995803833,61.68999862670898,0
2025-10-16,16298.0,0.0053047125585985455,0.011795381177054809,0.09184698867823404,15000.28,12815.161879882813,50.93729799612152,10.529999732971191,10.050000190734863,61.72999954223633,0
2025-10-17,16401.0,0.006319793839735022,0.024294279290532073,0.11860592006547543,15077.56,12843.750278320313,53.52112676056338,10.869999885559082,10.3100004196167,62.54999923706055,0
2025-10-20,16424.0,0.0014023535150295974,0.027463246793869356,0.10265189660960061,15155.56,12872.159609375,66.24815361890694,11.630000114440918,10.119999885559082,61.5099983215332,0
2025-10-21,16396.0,-0.001704822211398005,0.00805410390408845,0.07458382487875204,15230.84,12898.698173828125,63.7247569184742,11.359999656677246,10.100000381469728,58.900001525878906,0
2025-10-23,16393.0,-0.0001829714564527407,0.004288427372419301,0.06690530426293528,15306.9,12922.090629882812,66.77115987460814,11.300000190734863,11.010000228881836,59.4900016784668,0
2025-10-24,16274.0,-0.007259195998291945,0.0007994588278703585,0.07717765422292833,15380.44,12944.428310546875,68.93203883495146,11.729999542236328,11.15999984741211,58.70000076293945,0
2025-10-27,16388.0,0.007005038712055933,0.010856155933876233,0.08565750248426629,15451.4,12968.219428710938,66.83937823834196,11.59000015258789,10.529999732971191,58.27000045776367,0
2025-10-28,16311.0,-0.004698559921894052,0.0007976438826848842,0.06433931484502442,15520.94,12991.795458984376,59.022222222222226,11.859999656677246,10.869999885559082,57.459999084472656,0
2025-10-29,16138.0,-0.010606339280240351,-0.01603560758490341,0.05718964952505723,15584.98,13014.00837890625,55.24126455906822,11.949999809265137,11.630000114440918,57.540000915527344,1
2025-10-30,16206.0,0.004213657206593169,-0.013273258645884023,0.04064727412829905,15627.74,13036.964189453125,58.889782783588096,11.970000267028809,11.359999656677246,57.52000045776367,1
2025-10-31,16186.0,-0.001234110823151946,-0.012808001951695513,0.024365546484399703,15666.46,13060.361391601562,45.98168870803662,12.06999969482422,11.300000190734863,57.81999969482422,1
2025-11-03,15651.0,-0.033053255900160616,-0.04526322210699685,-0.0104950369855219,15695.06,13081.743447265624,26.986301369863014,12.149999618530272,11.729999542236328,61.790000915527344,1
2025-11-04,15374.0,-0.017698549613443193,-0.05530293720044244,-0.030887544125063005,15716.94,13100.5362890625,23.522388059701484,12.670000076293944,11.59000015258789,61.5,1
2025-11-06,15452.0,0.005073500715493617,-0.05711496216743961,-0.023014668689934292,15739.0,13118.698920898438,27.699530516431935,12.649999618530272,11.859999656677246,61.310001373291016,1
2025-11-07,15479.0,0.0017473466217965417,-0.05100852185641591,-0.038392247002547064,15759.54,13136.279814453124,25.106382978723403,12.40999984741211,11.949999809265137,60.150001525878906,1
2025-11-10,15583.0,0.006718780282964021,-0.034390878671458625,-0.0409871376700105,15776.92,13154.162817382812,25.151883353584452,12.5600004196167,11.970000267028809,60.47999954223633,1
2025-11-11,15645.0,0.003978694731438193,-0.034616808589411296,-0.03835515397381528,15794.78,13172.93109375,26.88427299703264,12.300000190734863,12.06999969482422,60.56999969482422,1
2025-11-12,15696.0,0.003259827420901251,-0.03027307549734337,-0.036227434606410425,15812.88,13192.628818359375,29.508196721311478,12.489999771118164,12.149999618530272,60.97999954223633,1
2025-11-13,15749.0,0.0033766564729866833,0.006261580729665761,-0.014702202202202197,15830.12,13211.915610351563,31.683731513083046,12.109999656677246,12.670000076293944,61.04999923706055,1
2025-11-14,15684.0,-0.004127246174360222,0.020163913100039066,-0.02152348867677334,15846.96,13230.7517578125,32.68779342723005,12.15999984741211,12.649999618530272,60.560001373291016,1
2025-11-17,15878.0,0.01236929354756433,0.027569246699456373,-0.005449420607579025,15865.98,13250.94298828125,35.70627802690582,11.9399995803833,12.40999984741211,59.43000030517578,1
2025-11-18,15930.0,0.0032749716588991173,0.029136249111699764,0.007845122105529567,15891.34,13271.265859375,39.16998294485503,11.789999961853027,12.5600004196167,59.75,1
2025-11-19,15768.0,-0.01016949152542368,0.011871911698645876,-0.014376797099637462,15908.8,13290.136186523438,39.41647597254004,12.100000381469728,12.300000190734863,60.130001068115234,1
2025-11-20,15801.0,0.002092846270928428,0.009971236816874507,-0.019058852743978116,15919.66,13309.89294921875,38.17863397548161,11.970000267028809,12.489999771118164,61.040000915527344,1
2025-11-21,15977.0,0.011138535535725635,0.017902650356778738,-0.002185860604546619,15931.9,13330.420400390625,44.4087747458534,12.140000343322754,12.109999656677246,58.4900016784668,1
2025-11-24,15958.0,-0.0011892094886398752,0.013270683852943055,-0.0016890835157961082,15948.9,13349.31623046875,61.345158906134515,13.630000114440918,12.15999984741211,58.68999862670898,1
2025-11-25,15889.0,-0.004323850106529692,0.013070645243560275,-0.023117122656009848,15964.78,13364.870249023437,72.48908296943232,13.239999771118164,11.9399995803833,60.09000015258789,1
2025-11-26,16156.0,0.016804078293158886,0.01750850233026835,-0.010230962445628822,15981.4,13380.653979492188,76.38680659670165,12.239999771118164,11.789999961853027,59.90999984741211,1
2025-11-27,15903.0,-0.015659816786333214,-0.0016949152542372614,-0.02201586618289153,15994.16,13395.321103515626,63.58974358974359,11.970000267028809,12.100000381469728,60.7400016784668,1
2025-11-28,15900.0,-0.00018864365214110723,0.008371385083713934,-0.01924500370096227,16000.7,13410.087739257813,60.86360520904729,11.789999961853027,11.970000267028809,59.43999862670898,1
2025-12-01,16097.0,0.01238993710691827,0.018732991582811165,-0.0123328015707449,16006.62,13425.902690429688,64.17816813048933,11.619999885559082,12.140000343322754,59.13999938964844,1
2025-12-02,16239.0,0.00882151953780208,0.016398572948613577,-0.009877446497164821,16015.06,13442.548828125,66.11275964391692,11.630000114440918,13.630000114440918,58.060001373291016,0
2025-12-03,16082.0,-0.00966808301003752,0.007770397292893749,-0.020823185582074966,16019.42,13459.145751953125,59.306875349357185,11.229999542236328,13.239999771118164,58.84000015258789,1
2025-12-04,15994.0,-0.005471956224350261,0.006608345396186044,-0.02451817516467436,16022.98,13476.175234375,58.554083885209714,11.210000038146973,12.239999771118164,57.95000076293945,0
2025-12-05,16282.0,0.018006752532199632,0.0077989601386481144,-0.006771182821936228,16026.68,13494.985029296875,60.59811122770199,10.81999969482422,11.970000267028809,58.650001525878906,0
2025-12-08,16187.0,-0.005834664046185933,0.01785826573602467,-0.005345950596042814,16025.44,13513.241918945312,56.59312467932273,10.31999969482422,11.789999961853027,58.650001525878906,0
2025-12-09,16020.0,-0.010316920985976363,0.007547169811320753,-0.022455455211130126,16020.46,13530.619536132812,56.448311156601854,11.130000114440918,11.619999885559082,58.54999923706055,0
2025-12-10,16019.0,-6.242197253436554e-05,-0.004845623408088473,-0.017902029305376765,16015.12,13547.583330078125,55.67117585848075,10.949999809265137,11.630000114440918,59.31999969482422,0
2025-12-11,16248.0,0.014295524065172538,0.0005542213190468104,0.006816210187135852,16020.4,13565.576870117187,56.860759493670884,10.90999984741211,11.229999542236328,58.63999938964844,0
2025-12-12,16522.0,0.016863613983259418,0.02735978112175097,0.019498951005800347,16030.26,13585.435302734375,62.64573991031391,10.399999618530272,11.210000038146973,58.95000076293945,0
2025-12-15,16415.0,-0.0064762135334704984,0.026322370889083402,0.01414802916100344,16039.26,13605.973090820313,61.596119929453266,10.109999656677246,10.81999969482422,59.66999816894531,0
2025-12-16,16354.0,-0.003716113310996083,0.004422061171846181,0.044917257683215084,16050.22,13626.78560546875,54.801163918525695,10.25,10.31999969482422,60.08000183105469,0
2025-12-17,16398.0,0.0026904732787085273,0.013035151664916311,0.06660595811109671,16058.22,13647.710537109375,63.35671883432272,10.0600004196167,11.130000114440918,58.880001068115234,0
2025-12-18,16329.0,-0.004207830223197928,0.019288389513108628,0.05675640693761319,16062.64,13667.641743164062,61.17769671704013,9.84000015258789,10.949999809265137,58.25,0
2025-12-19,16414.0,0.005205462673770533,0.02465821836569071,0.06040441889010917,16070.68,13688.471572265626,58.771444382955174,9.710000038146973,10.90999984741211,58.459999084472656,0
2025-12-22,16649.0,0.014317046423784507,0.02467996061053679,0.06840788038246814,16083.96,13712.626875,60.78947368421053,9.520000457763672,10.399999618530272,57.59999847412109,0
2025-12-23,16585.0,-0.0038440747192023395,0.003813097687931144,0.06008309364014064,16090.36,13737.304311523438,63.91809629219701,9.68000030517578,10.109999656677246,57.43999862670898,0
2025-12-24,16703.0,0.007114862827856561,0.017544928419128913,0.06415647298674831,16097.96,13763.359965820313,69.29776810016331,9.380000114440918,10.25,56.81999969482422,0
2025-12-26,16596.0,-0.0064060348440400094,0.014797603032897122,0.05378119245666402,16104.66,13788.875180664063,59.48067632850242,9.1899995803833,10.0600004196167,55.27000045776367,0
2025-12-29,16542.0,-0.0032537960954447387,0.008781558726673966,0.054705432287681655,16111.26,13813.877768554688,60.9907120743034,9.149999618530272,9.84000015258789,55.93999862670898,0
2025-12-30,16647.0,0.006347479143997026,0.019474554473635886,0.048431792417181097,16118.24,13839.416484375,70.18673535093367,9.720000267028809,9.710000038146973,56.150001525878906,0
2025-12-31,16697.0,0.0030035441821349984,0.01724137931034475,0.04814814814814805,16124.16,13865.5915234375,71.16104868913858,9.68000030517578,9.520000457763672,56.65999984741211,0
2026-01-01,16708.0,0.0006588009822123819,0.003543756381764629,0.05961440892947745,16129.84,13891.520322265626,66.61849710982659,9.479999542236328,9.68000030517578,58.0099983215332,0
2026-01-02,16960.0,0.01508259516399324,0.02261079288513712,0.07334978798810199,16141.12,13918.7430078125,66.07929515418502,9.479999542236328,9.380000114440918,58.380001068115234,0
2026-01-05,17155.0,0.011497641509433887,0.027061007004729687,0.07373098829567493,16156.36,13947.5654296875,75.51724137931035,9.449999809265137,9.1899995803833,58.34999847412109,0
2026-01-06,17292.0,0.007986009909647374,0.041937816341287126,0.08359443539290634,16176.72,13976.875483398437,80.73394495412845,10.020000457763672,9.149999618530272,56.7400016784668,0
2026-01-07,16809.0,-0.02793199167244964,0.016140732680449688,0.05790169299515391,16185.14,14003.770537109374,60.458015267175576,10.020000457763672,9.720000267028809,58.08000183105469,0
2026-01-08,16664.0,-0.008626331132131626,0.0010212050219258195,0.031443426590740176,16192.2,14029.634653320312,58.206761391474764,9.949999809265137,9.68000030517578,57.95000076293945,0
2026-01-09,16501.0,-0.009781565050408059,-0.011738635683056886,0.03760296799346041,16199.46,14054.11666015625,52.052855120339785,10.600000381469728,9.479999542236328,57.41999816894531,0
2026-01-12,16582.0,0.004908793406460221,-0.00754129758199662,0.04289308176100626,16206.98,14078.990805664063,48.29516539440204,10.93000030517578,9.479999542236328,57.41999816894531,0
2026-01-13,16426.0,-0.009407791581232616,-0.03148584905660379,0.020438591041809007,16211.78,14102.147841796876,46.13514827418571,11.369999885559082,9.449999809265137,57.31999969482422,0
2026-01-14,16152.0,-0.01668087178862776,-0.05846691926552028,-0.0053574727507851305,16221.8,14124.19876953125,37.550835969272484,11.199999809265137,10.020000457763672,58.31999969482422,0
2026-01-15,16152.0,0.0,-0.06592643997224146,0.004352692451187634,16237.36,14146.915493164062,39.45868945868946,11.31999969482422,10.020000457763672,57.130001068115234,0
2026-01-16,15859.0,-0.018140168400198164,-0.056517341900172546,-0.008440665249468515,16245.5,14168.228305664063,35.43710021321962,11.31999969482422,9.949999809265137,55.9900016784668,0
2026-01-19,16176.0,0.019988649977930484,-0.029284685549687994,-0.006510256725217989,16259.44,14192.114418945312,40.78998826750098,11.369999885559082,10.600000381469728,57.7599983215332,0
2026-01-20,15879.0,-0.018360534124629124,-0.03769468517059571,-0.01902761475257919,16265.36,14214.718588867188,35.41369472182596,11.829999923706056,10.93000030517578,59.119998931884766,0
2026-01-21,15770.0,-0.006864412116632024,-0.048968761307441766,-0.01560549313358306,16267.86,14235.615341796874,33.838731909028255,12.729999542236328,11.369999885559082,59.5,0
2026-01-22,15765.0,-0.0003170577045021883,-0.04024108121271153,-0.01585617079717838,16269.24,14256.625595703124,27.495291902071557,13.779999732971191,11.199999809265137,61.150001525878906,0
2026-01-23,15469.0,-0.018775769108785312,-0.04228578504210001,-0.047944362383062544,16263.64,14277.1753125,19.412191582002905,13.350000381469728,11.31999969482422,62.02000045776367,0
2026-01-27,15245.0,-0.01448057405132841,-0.05615403665180785,-0.07729088488076508,16254.86,14297.358129882812,13.999296517762929,14.1899995803833,11.31999969482422,59.18999862670898,0
2026-01-28,14877.0,-0.024139061987536903,-0.0619206759568699,-0.09369479134937553,16234.84,14315.062109375,14.58944281524927,14.449999809265137,11.369999885559082,59.43999862670898,0
2026-01-29,14502.0,-0.02520669489816496,-0.103486646884273,-0.11324446618564266,16206.28,14330.898505859375,13.45503718728871,13.529999732971191,11.829999923706056,59.43999862670898,0
2026-01-30,14599.0,0.00668873258860847,-0.08060961017696333,-0.10970850103671181,16182.9,14346.519243164063,17.116182572614107,13.369999885559082,12.729999542236328,60.34000015258789,0
2026-02-02,14384.0,-0.0147270360983629,-0.08788839568801521,-0.11911323412333885,16154.56,14359.798930664063,13.681427627230661,13.630000114440918,13.779999732971191,60.619998931884766,0
2026-02-03,14782.0,0.027669632925472643,-0.062353314303837615,-0.09942731814304862,16130.66,14376.013393554687,24.847001223990205,13.869999885559082,13.350000381469728,59.36000061035156,0
2026-02-04,15071.0,0.019550805033148322,-0.025728877109056802,-0.09478046729533307,16112.92,14393.519516601562,33.536399634480645,12.899999618530272,14.1899995803833,61.06999969482422,0
2026-02-05,15059.0,-0.0007962311724504234,-0.012200721548048521,-0.09201085318058488,16096.32,14410.718315429687,33.414264036418814,12.25,14.449999809265137,62.38999938964844,0
2026-02-06,14997.0,-0.0041171392522744155,0.008066142367412876,-0.10213734059749746,16073.14,14427.6615234375,35.93342036553524,12.170000076293944,13.529999732971191,63.209999084472656,0
2026-02-09,14978.0,-0.0012669200506768563,0.03282305888842929,-0.0974933718968426,16054.64,14443.653994140624,28.344179320318148,11.9399995803833,13.369999885559082,65.41999816894531,0
2026-02-10,15146.0,0.011216450794498511,0.03746831974792797,-0.08439124652399954,16039.56,14460.550766601562,36.10163064087979,12.1899995803833,13.630000114440918,65.20999908447266,0
2026-02-11,15412.0,0.017562392710946728,0.07146829810901001,-0.0741875412987325,16025.86,14479.747045898437,43.59341445955619,11.670000076293944,13.869999885559082,62.13999938964844,0
2026-02-12,15326.0,-0.00558006747988582,0.03680151535651466,-0.08211055878301488,16007.6,14497.78125,42.36521739130435,11.550000190734863,12.899999618530272,63.209999084472656,0
2026-02-13,15237.0,-0.0058071251468093665,0.011014531218897172,-0.08804165669140529,15990.7,14515.395185546875,45.65217391304348,11.729999542236328,12.25,65.13999938964844,0
2026-02-16,15051.0,-0.012207127387280914,-0.0005312437744869891,-0.11255896226415096,15971.84,14530.021396484375,46.31178707224335,13.289999961853027,12.170000076293944,63.290000915527344,0
2026-02-17,15179.0,0.008504418311075623,0.012135760485430414,-0.11518507723695715,15949.78,14544.55552734375,56.31799163179916,13.329999923706056,11.9399995803833,63.54999923706055,0
2026-02-18,15164.0,-0.0009882073917912848,0.012418213379623344,-0.12306268794818409,15929.32,14558.752495117187,66.30541871921181,12.670000076293944,12.1899995803833,64.36000061035156,0
2026-02-19,14903.0,-0.01721181746241096,-0.01604383995774461,-0.11339163543339881,15906.98,14571.036049804687,56.92798541476755,12.220000267028809,11.670000076293944,63.959999084472656,0
2026-02-20,14977.0,0.004965443199355768,-0.028224759927329313,-0.10123619779164661,15886.14,14583.432387695313,64.44227959084267,13.460000038146973,11.550000190734863,64.62999725341797,0
2026-02-23,15072.0,0.006343059357681868,-0.016573143677410918,-0.08660081207199566,15862.62,14597.495825195312,58.28571428571429,14.359999656677246,11.729999542236328,62.84000015258789,0
2026-02-24,14926.0,-0.009686836518046693,-0.020410842029270904,-0.0998673260161621,15830.7,14611.53166015625,45.48848786558805,14.170000076293944,13.289999961853027,62.88999938964844,0
2026-02-25,15070.0,0.0096475948010184,0.0012623745930502306,-0.08255205162547186,15803.8,14624.47708984375,50.31627372052904,14.149999618530272,13.329999923706056,62.88999938964844,0
2026-02-26,15213.0,0.009489051094890621,0.002239936754727001,-0.058135215453194666,15780.98,14638.800346679687,55.93406593406593,13.489999771118164,12.670000076293944,62.33000183105469,0
2026-02-27,14857.0,-0.02340103858542042,-0.02024531785808492,-0.08017582961862313,15750.16,14650.413666992188,47.19517848864163,13.0600004196167,12.220000267028809,65.19000244140625,0
2026-03-02,14388.0,-0.031567611227031,-0.03455680064416555,-0.09275490257897723,15711.34,14658.287084960937,34.58096013018715,13.699999809265137,13.460000038146973,66.43000030517578,0
2026-03-04,14158.0,-0.01598554350847925,-0.05468384856780395,-0.12475272007912952,15666.22,14664.797802734374,24.112303881090014,17.1299991607666,14.359999656677246,66.38999938964844,0
2026-03-05,14415.0,0.018152281395677372,-0.04359076433121023,-0.09219724163990173,15621.54,14672.623203125,32.43347473968376,21.13999938964844,14.170000076293944,66.30999755859375,0
2026-03-06,14159.0,-0.017759278529309697,-0.051386841752646406,-0.10215599239061512,15573.02,14680.904809570313,30.471014492753625,17.860000610351562,14.149999618530272,65.62999725341797,0
2026-03-09,13508.0,-0.04597782329260536,-0.10364963503649638,-0.14316523945448778,15509.12,14686.045185546875,26.077519379844958,19.8799991607666,13.489999771118164,65.41999816894531,0
2026-03-10,13867.0,0.026576843352087653,-0.08847696049431408,-0.10356196263494732,15454.54,14693.821459960938,31.01851851851852,23.36000061035156,13.0600004196167,65.20999908447266,0
2026-03-11,13497.0,-0.02668205091223763,-0.09153934172443967,-0.11466054444080032,15393.64,14699.7081640625,28.129099973760162,18.90999984741211,13.699999809265137,67.0199966430664,0
2026-03-12,13011.0,-0.03600800177817298,-0.09570475396163469,-0.1254285138132688,15320.92,14703.323154296875,26.560951437066393,21.059999465942383,17.1299991607666,71.2300033569336,1
2026-03-13,12591.0,-0.032280378141572474,-0.11067947450204829,-0.13177492759619358,15238.8,14704.872768554687,22.774988589685066,21.520000457763672,21.13999938964844,74.66000366210938,1
2026-03-16,12757.0,0.01318402033198307,-0.11501907734998262,-0.12617302554969523,15159.78,14707.662939453125,24.006287895800583,22.649999618530277,17.860000610351562,81.01000213623047,1
2026-03-17,12972.0,0.016853492200360476,-0.08383360406808393,-0.09816462736373743,15080.02,14711.226376953126,28.39451570101724,21.600000381469727,19.8799991607666,90.9000015258789,1
2026-03-18,13048.0,0.005858772741288876,-0.034053893988747364,-0.1173048301988906,14997.88,14715.530903320312,27.30130220026942,19.790000915527344,23.36000061035156,94.7699966430664,1
2026-03-19,12599.0,-0.03441140404659715,-0.09144010961274973,-0.16402362152478267,14904.02,14717.733876953125,22.542016806722685,18.71999931335449,18.90999984741211,83.44999694824219,1
2026-03-20,12601.0,0.0001587427573617184,-0.06638512261984142,-0.16322464971113615,14819.86,14720.748178710937,24.39854743531548,22.799999237060547,21.059999465942383,87.25,1
2026-03-23,12355.0,-0.019522260138084224,-0.050418876335408536,-0.17616856704674266,14733.68,14722.35935546875,25.699258905092037,22.809999465942383,21.520000457763672,95.7300033569336,1
2026-03-24,12464.0,0.008822339133953916,-0.010086569772059462,-0.16784617438910399,14652.94,14724.698549804687,29.148202855736088,26.729999542236328,22.649999618530277,98.70999908447266,1
2026-03-25,12711.0,0.01981707317073167,-0.0036058634475190088,-0.16076851974118578,14575.52,14726.610732421876,28.97334649555775,24.739999771118164,21.600000381469727,93.5,1
2026-03-27,12389.0,-0.025332389269136946,-0.04494295405488746,-0.19614586036854398,14494.78,14726.04728515625,28.50898494414764,24.63999938964844,19.790000915527344,96.20999908447266,1
2026-03-30,12306.0,-0.006699491484381315,-0.056866952789699554,-0.19705076340858674,14417.86,14725.647573242188,33.070422535211264,26.799999237060547,18.71999931335449,96.31999969482422,1
2026-04-01,12509.0,0.016496018202502905,-0.007143424081276328,-0.17903786834678748,14345.0,14726.599223632813,29.99410724808486,27.88999938964844,22.799999237060547,96.13999938964844,1
2026-04-02,12631.0,0.009752977855943756,0.0023807634314736426,-0.1607866586937745,14280.44,14728.467553710938,36.23649078194533,25.01000022888184,22.809999465942383,98.31999969482422,1
2026-04-06,12688.0,0.0045127068323964625,0.026952650748684803,-0.16410830753014027,14210.68,14730.531845703124,44.05594405594406,25.520000457763672,26.729999542236328,88.12999725341797,1
2026-04-07,12798.0,0.00866960907944514,0.02679717586649555,-0.15602743339488256,14149.06,14732.542670898438,54.29995845450769,25.46999931335449,24.739999771118164,92.3499984741211,1
2026-04-08,13602.0,0.06282231598687305,0.07009676658012753,-0.08729785949137758,14105.7,14738.251977539063,63.8752052545156,24.700000762939453,24.63999938964844,90.31999969482422,0
2026-04-09,13589.0,-0.0009557418026761022,0.09686011784647675,-0.09267543566802428,14062.18,14743.13947265625,60.851213506858954,19.700000762939453,26.799999237060547,99.63999938964844,0
2026-04-10,13709.0,0.0088306718669513,0.11400942629611577,-0.09043259023354566,14026.98,14748.340073242187,61.44786976099758,20.43000030517578,27.88999938964844,102.87999725341795,0
2026-04-13,13076.0,-0.04617404624699106,0.045327364297705675,-0.12394479431863858,13983.6,14750.449873046875,57.76619993487463,18.850000381469727,25.01000022888184,100.12000274658205,0
2026-04-15,13289.0,0.016289385133068324,0.05209405431082259,-0.11818181818181817,13951.84,14754.07974609375,60.48141377209019,20.5,25.520000457763672,111.54000091552734,0
2026-04-16,13335.0,0.0034615095191512513,0.050993064312736536,-0.12344705186353777,13928.5,14758.374907226562,65.89876703439325,18.670000076293945,25.46999931335449,112.41000366210938,0
2026-04-17,13453.0,0.008848893888264042,0.05117987185497741,-0.09450090866258332,13905.58,14762.48841796875,65.99805888062116,18.09000015258789,24.700000762939453,112.9499969482422,0
2026-04-20,13450.0,-0.00022299858767560465,-0.011174827231289486,-0.06519321656936339,13886.9,14766.844145507812,62.978573937478046,17.209999084472656,19.700000762939453,94.41000366210938,0
2026-04-21,13461.0,0.0008178438661710086,-0.00941938332474801,-0.049230117248198924,13860.48,14771.615966796875,71.13564668769716,18.790000915527344,20.43000030517578,97.87000274658205,0
2026-04-22,13337.0,-0.009211797043310321,-0.027135458457947292,-0.07478321193201531,13825.8,14776.964833984375,70.00388048117966,17.530000686645508,18.850000381469727,96.56999969482422,0
2026-04-23,13160.0,-0.013271350378645907,0.0064239828693790635,-0.07055583021399814,13787.82,14781.220947265625,62.75970207761662,18.299999237060547,20.5,99.08000183105467,0
2026-04-24,13048.0,-0.008510638297872353,-0.01813529987207463,-0.034053893988747364,13748.84,14784.02669921875,58.205430932703656,18.59000015258789,18.670000076293945,91.29000091552734,0
2026-04-27,13222.0,0.013335377069282561,-0.008473940757405374,-0.0465133049686306,13713.72,14787.059409179688,60.045146726862306,19.709999084472656,18.09000015258789,94.69000244140624,0
2026-04-28,12892.0,-0.024958402662229595,-0.04170073589533929,-0.04482477587612066,13668.64,14788.9664453125,51.63307852675469,18.3799991607666,17.209999084472656,83.8499984741211,0
2026-04-29,13257.0,0.028312131554452336,-0.01434944237918212,0.018907078625778118,13625.54,14793.321733398438,42.92742927429274,18.049999237060547,18.790000915527344,89.61000061035156,0
2026-04-30,13314.0,0.004299615297578718,-0.010920436817472678,0.057421968072432605,13585.3,14798.48634765625,44.46234393878373,17.440000534057617,17.530000686645508,92.12999725341795,0
2026-05-01,13314.0,0.0,-0.001724525755417261,0.043662303049306184,13546.84,14803.373959960938,41.64198053322049,18.459999084472656,18.299999237060547,92.95999908447266,0
2026-05-04,13580.0,0.019978969505783484,0.03191489361702127,0.04687018193031145,13517.42,14808.7012109375,62.62525050100201,18.459999084472656,18.59000015258789,95.8499984741211,0
2026-05-05,13426.0,-0.01134020618556697,0.02896995708154515,0.02896995708154515,13482.36,14813.634389648438,53.53639648941662,18.299999237060547,19.709999084472656,94.4000015258789,0
2026-05-06,13722.0,0.02204677491434537,0.03781576160943878,0.089134058258592,13453.52,14820.34435546875,58.8477366255144,17.90999984741211,18.3799991607666,96.37000274658205,0
2026-05-07,13770.0,0.003498032356799241,0.06810425069810733,0.0927704150464248,13430.86,14827.185502929688,57.487009919697684,16.68000030517578,18.049999237060547,99.93000030517578,0
2026-05-08,13726.0,-0.0031953522149600344,0.03537753639586638,0.11096721974908941,13405.84,14833.668149414063,56.39481000926784,16.6200008392334,17.440000534057617,106.87999725341795,0
2026-05-11,13483.0,-0.017703628150954387,0.012693405437884886,0.0817554557124518,13374.06,14839.371083984375,50.46025104602511,16.84000015258789,18.459999084472656,105.06999969482422,0
2026-05-12,13172.0,-0.023066083215901534,-0.01066546492414,0.036267799543702406,13338.98,14843.800966796874,46.79860302677532,18.549999237060547,18.459999084472656,101.94000244140624,0
2026-05-13,13103.0,-0.005238384451867639,-0.035125184094256245,0.057631770118653725,13299.64,14847.95509765625,48.845686512758206,19.280000686645508,18.299999237060547,106.41999816894533,0
2026-05-14,13075.0,-0.002136915210257162,-0.026143304036943205,0.062489842353323555,13256.88,14851.53888671875,50.56603773584906,19.43000030517578,17.90999984741211,102.2699966430664,0
2026-05-15,13221.0,0.011166347992351833,-0.036510712724092675,0.056919018306819114,13224.16,14855.18490234375,49.97878659312686,18.61000061035156,16.68000030517578,95.08000183105467,0
2026-05-18,13016.0,-0.015505634974661509,-0.054756717501815544,0.030480563692502516,13196.72,14858.152172851562,52.77777777777777,18.790000915527344,16.6200008392334,94.80999755859376,0
2026-05-19,12956.0,-0.004609711124769489,-0.05609791636310646,0.021122320302648268,13172.68,14861.57625,42.18993253762325,19.6299991607666,16.84000015258789,95.41999816894533,0
2026-05-20,13003.0,0.0036276628589071436,-0.03560038567084478,0.016018127832473805,13144.44,14865.551904296875,41.88836724047992,18.68000030517578,18.549999237060547,98.06999969482422,0
2026-05-21,13044.0,0.0031531185111128845,-0.009717582751290643,-0.041023378914865516,13122.14,14869.094462890625,43.10520939734423,18.440000534057617,19.280000686645508,102.18000030517578,0
